{"type":"FeatureCollection","features":[{"type":"Feature","geometry":{"type":"Polygon","coordinates":[[[-108.246356,36.790951],[-108.246362,36.790771],[-108.24625,36.790769],[-108.246244,36.790949],[-108.246356,36.790951]]]},"properties":{"class":"invasive_woody","min_prob":0.5}},{"type":"Feature","geometry":{"type":"Polygon","coordinates":[[[-108.208501,36.789978],[-108.20851,36.789708],[-108.208622,36.789711],[-108.208632,36.78944],[-108.20852,36.789438],[-108.208517,36.789528],[-108.208405,36.789525],[-108.208389,36.789976],[-108.208501,36.789978]]]},"properties":{"class":"invasive_woody","min_prob":0.5}},{"type":"Feature","geometry":{"type":"Polygon","coordinates":[[[-108.209308,36.789366],[-108.209311,36.789276],[-108.209199,36.789273],[-108.209196,36.789363],[-108.209308,36.789366]]]},"properties":{"class":"invasive_woody","min_prob":0.5}},{"type":"Feature","geometry":{"type":"Polygon","coordinates":[[[-108.209871,36.789289],[-108.209874,36.789199],[-108.209762,36.789196],[-108.209759,36.789287],[-108.209871,36.789289]]]},"properties":{"class":"invasive_woody","min_prob":0.5}},{"type":"Feature","geometry":{"type":"Polygon","coordinates":[[[-108.211785,36.789064],[-108.211788,36.788973],[-108.211676,36.788971],[-108.211673,36.789061],[-108.211785,36.789064]]]},"properties":{"class":"invasive_woody","min_prob":0.5}},{"type":"Feature","geometry":{"type":"Polygon","coordinates":[[[-108.211676,36.788971],[-108.211679,36.788881],[-108.211567,36.788878],[-108.211564,36.788968],[-108.211676,36.788971]]]},"properties":{"class":"invasive_woody","min_prob":0.5}},{"type":"Feature","geometry":{"type":"Polygon","coordinates":[[[-108.321673,36.79141],[-108.321676,36.79132],[-108.321564,36.791318],[-108.321561,36.791408],[-108.321673,36.79141]]]},"properties":{"class":"invasive_woody","min_prob":0.5}},{"type":"Feature","geometry":{"type":"Polygon","coordinates":[[[-108.211907,36.788796],[-108.21191,36.788706],[-108.211798,36.788703],[-108.211801,36.788613],[-108.211689,36.788611],[-108.211683,36.788791],[-108.211907,36.788796]]]},"properties":{"class":"invasive_woody","min_prob":0.5}},{"type":"Feature","geometry":{"type":"Polygon","coordinates":[[[-108.209044,36.790442],[-108.209048,36.790352],[-108.208824,36.790346],[-108.208833,36.790076],[-108.208945,36.790079],[-108.208959,36.789719],[-108.209071,36.789721],[-108.209074,36.789631],[-108.208962,36.789628],[-108.208965,36.789538],[-108.209189,36.789544],[-108.209192,36.789454],[-108.20908,36.789451],[-108.209087,36.789271],[-108.209199,36.789273],[-108.209202,36.789183],[-108.209762,36.789196],[-108.209765,36.789106],[-108.209877,36.789109],[-108.209881,36.789019],[-108.209993,36.789022],[-108.209996,36.788931],[-108.210108,36.788934],[-108.210111,36.788844],[-108.210223,36.788847],[-108.210227,36.788757],[-108.210563,36.788764],[-108.210576,36.788404],[-108.210464,36.788401],[-108.21046,36.788492],[-108.210348,36.788489],[-108.210345,36.788579],[-108.210233,36.788576],[-108.21023,36.788666],[-108.209894,36.788659],[-108.20989,36.788749],[-108.209554,36.788741],[-108.209548,36.788921],[-108.209436,36.788918],[-108.209433,36.789008],[-108.209321,36.789006],[-108.209317,36.789096],[-108.209093,36.789091],[-108.20909,36.789181],[-108.208978,36.789178],[-108.208975,36.789268],[-108.208639,36.78926],[-108.208636,36.78935],[-108.20886,36.789356],[-108.208837,36.789986],[-108.208725,36.789984],[-108.208708,36.790434],[-108.209044,36.790442]],[[-108.209765,36.789106],[-108.209653,36.789104],[-108.209657,36.789014],[-108.209769,36.789016],[-108.209765,36.789106]],[[-108.209772,36.788926],[-108.20966,36.788924],[-108.209663,36.788833],[-108.209775,36.788836],[-108.209772,36.788926]]]},"properties":{"class":"invasive_woody","min_prob":0.5}},{"type":"Feature","geometry":{"type":"Polygon","coordinates":[[[-108.211913,36.788616],[-108.211916,36.788526],[-108.212028,36.788528],[-108.212032,36.788438],[-108.211808,36.788433],[-108.211801,36.788613],[-108.211913,36.788616]]]},"properties":{"class":"invasive_woody","min_prob":0.5}},{"type":"Feature","geometry":{"type":"Polygon","coordinates":[[[-108.212035,36.788348],[-108.212041,36.788168],[-108.211929,36.788165],[-108.211923,36.788346],[-108.212035,36.788348]]]},"properties":{"class":"invasive_woody","min_prob":0.5}},{"type":"Feature","geometry":{"type":"Polygon","coordinates":[[[-108.210348,36.788489],[-108.210365,36.788038],[-108.210253,36.788036],[-108.21024,36.788396],[-108.210128,36.788394],[-108.210124,36.788484],[-108.210348,36.788489]]]},"properties":{"class":"invasive_woody","min_prob":0.5}},{"type":"Feature","geometry":{"type":"Polygon","coordinates":[[[-108.210688,36.788407],[-108.210697,36.788136],[-108.210809,36.788139],[-108.210813,36.788049],[-108.210701,36.788046],[-108.210704,36.787956],[-108.210592,36.787954],[-108.210595,36.787864],[-108.210371,36.787858],[-108.210368,36.787948],[-108.21048,36.787951],[-108.21047,36.788221],[-108.210582,36.788224],[-108.210576,36.788404],[-108.210688,36.788407]]]},"properties":{"class":"invasive_woody","min_prob":0.5}},{"type":"Feature","geometry":{"type":"Polygon","coordinates":[[[-108.213619,36.787934],[-108.213622,36.787844],[-108.21351,36.787842],[-108.213507,36.787932],[-108.213619,36.787934]]]},"properties":{"class":"invasive_woody","min_prob":0.5}},{"type":"Feature","geometry":{"type":"Polygon","coordinates":[[[-108.212051,36.787898],[-108.212054,36.787808],[-108.211942,36.787805],[-108.211939,36.787895],[-108.212051,36.787898]]]},"properties":{"class":"invasive_woody","min_prob":0.5}},{"type":"Feature","geometry":{"type":"Polygon","coordinates":[[[-108.212278,36.787813],[-108.212282,36.787723],[-108.212058,36.787718],[-108.212054,36.787808],[-108.212278,36.787813]]]},"properties":{"class":"invasive_woody","min_prob":0.5}},{"type":"Feature","geometry":{"type":"Polygon","coordinates":[[[-108.320593,36.790214],[-108.320597,36.790124],[-108.320485,36.790121],[-108.320481,36.790211],[-108.320593,36.790214]]]},"properties":{"class":"invasive_woody","min_prob":0.5}},{"type":"Feature","geometry":{"type":"Polygon","coordinates":[[[-108.320145,36.790204],[-108.320148,36.790114],[-108.320036,36.790111],[-108.320033,36.790201],[-108.320145,36.790204]]]},"properties":{"class":"invasive_woody","min_prob":0.5}},{"type":"Feature","geometry":{"type":"Polygon","coordinates":[[[-108.222698,36.787967],[-108.222701,36.787877],[-108.222589,36.787874],[-108.222586,36.787964],[-108.222698,36.787967]]]},"properties":{"class":"invasive_woody","min_prob":0.5}},{"type":"Feature","geometry":{"type":"Polygon","coordinates":[[[-108.320036,36.790111],[-108.32004,36.790021],[-108.319928,36.790018],[-108.319924,36.790109],[-108.320036,36.790111]]]},"properties":{"class":"invasive_woody","min_prob":0.5}},{"type":"Feature","geometry":{"type":"Polygon","coordinates":[[[-108.31948,36.790008],[-108.319483,36.789918],[-108.319371,36.789916],[-108.319368,36.790006],[-108.31948,36.790008]]]},"properties":{"class":"invasive_woody","min_prob":0.5}},{"type":"Feature","geometry":{"type":"Polygon","coordinates":[[[-108.214528,36.787595],[-108.214532,36.787505],[-108.21442,36.787502],[-108.214416,36.787593],[-108.214528,36.787595]]]},"properties":{"class":"invasive_woody","min_prob":0.5}},{"type":"Feature","geometry":{"type":"Polygon","coordinates":[[[-108.21016,36.787493],[-108.210164,36.787403],[-108.210052,36.7874],[-108.210048,36.78749],[-108.21016,36.787493]]]},"properties":{"class":"invasive_woody","min_prob":0.5}},{"type":"Feature","geometry":{"type":"Polygon","coordinates":[[[-108.210276,36.787405],[-108.210279,36.787315],[-108.210167,36.787313],[-108.210164,36.787403],[-108.210276,36.787405]]]},"properties":{"class":"invasive_woody","min_prob":0.5}},{"type":"Feature","geometry":{"type":"Polygon","coordinates":[[[-108.213754,36.787307],[-108.213757,36.787216],[-108.213645,36.787214],[-108.213642,36.787304],[-108.213754,36.787307]]]},"properties":{"class":"invasive_woody","min_prob":0.5}},{"type":"Feature","geometry":{"type":"Polygon","coordinates":[[[-108.210055,36.78731],[-108.210065,36.78704],[-108.209953,36.787037],[-108.209943,36.787307],[-108.210055,36.78731]]]},"properties":{"class":"invasive_woody","min_prob":0.5}},{"type":"Feature","geometry":{"type":"Polygon","coordinates":[[[-108.210394,36.787228],[-108.210397,36.787138],[-108.210509,36.78714],[-108.210513,36.78705],[-108.210289,36.787045],[-108.210282,36.787225],[-108.210394,36.787228]]]},"properties":{"class":"invasive_woody","min_prob":0.5}},{"type":"Feature","geometry":{"type":"Polygon","coordinates":[[[-108.213981,36.787222],[-108.213985,36.787132],[-108.214097,36.787134],[-108.2141,36.787044],[-108.213876,36.787039],[-108.213869,36.787219],[-108.213981,36.787222]]]},"properties":{"class":"invasive_woody","min_prob":0.5}},{"type":"Feature","geometry":{"type":"Polygon","coordinates":[[[-108.212308,36.787002],[-108.212311,36.786912],[-108.212199,36.786909],[-108.212196,36.787],[-108.212308,36.787002]]]},"properties":{"class":"invasive_woody","min_prob":0.5}},{"type":"Feature","geometry":{"type":"Polygon","coordinates":[[[-108.212423,36.786915],[-108.21243,36.786735],[-108.212318,36.786732],[-108.212311,36.786912],[-108.212423,36.786915]]]},"properties":{"class":"invasive_woody","min_prob":0.5}},{"type":"Feature","geometry":{"type":"Polygon","coordinates":[[[-108.191035,36.786321],[-108.191038,36.786231],[-108.190926,36.786228],[-108.190923,36.786318],[-108.191035,36.786321]]]},"properties":{"class":"invasive_woody","min_prob":0.5}},{"type":"Feature","geometry":{"type":"Polygon","coordinates":[[[-108.212545,36.786647],[-108.212548,36.786557],[-108.212436,36.786554],[-108.212433,36.786644],[-108.212545,36.786647]]]},"properties":{"class":"invasive_woody","min_prob":0.5}},{"type":"Feature","geometry":{"type":"Polygon","coordinates":[[[-108.210625,36.787053],[-108.210628,36.786963],[-108.21074,36.786965],[-108.210743,36.786875],[-108.210967,36.786881],[-108.21097,36.78679],[-108.210858,36.786788],[-108.210862,36.786698],[-108.210974,36.7867],[-108.210977,36.78661],[-108.211201,36.786616],[-108.211204,36.786525],[-108.211092,36.786523],[-108.211095,36.786433],[-108.210983,36.78643],[-108.21098,36.78652],[-108.210868,36.786518],[-108.210865,36.786608],[-108.210753,36.786605],[-108.21075,36.786695],[-108.210638,36.786692],[-108.210631,36.786873],[-108.210519,36.78687],[-108.210513,36.78705],[-108.210625,36.787053]]]},"properties":{"class":"invasive_woody","min_prob":0.5}},{"type":"Feature","geometry":{"type":"Polygon","coordinates":[[[-108.210641,36.786602],[-108.210647,36.786422],[-108.210535,36.78642],[-108.210532,36.78651],[-108.21042,36.786507],[-108.210417,36.786597],[-108.210641,36.786602]]]},"properties":{"class":"invasive_woody","min_prob":0.5}},{"type":"Feature","geometry":{"type":"Polygon","coordinates":[[[-108.210759,36.786425],[-108.210766,36.786245],[-108.210654,36.786242],[-108.210647,36.786422],[-108.210759,36.786425]]]},"properties":{"class":"invasive_woody","min_prob":0.5}},{"type":"Feature","geometry":{"type":"Polygon","coordinates":[[[-108.213233,36.786212],[-108.213237,36.786122],[-108.213125,36.78612],[-108.213121,36.78621],[-108.213233,36.786212]]]},"properties":{"class":"invasive_woody","min_prob":0.5}},{"type":"Feature","geometry":{"type":"Polygon","coordinates":[[[-108.213349,36.786125],[-108.213352,36.786035],[-108.21324,36.786032],[-108.213237,36.786122],[-108.213349,36.786125]]]},"properties":{"class":"invasive_woody","min_prob":0.5}},{"type":"Feature","geometry":{"type":"Polygon","coordinates":[[[-108.211557,36.786083],[-108.21156,36.785993],[-108.211448,36.78599],[-108.211445,36.78608],[-108.211557,36.786083]]]},"properties":{"class":"invasive_woody","min_prob":0.5}},{"type":"Feature","geometry":{"type":"Polygon","coordinates":[[[-108.213912,36.786048],[-108.213915,36.785958],[-108.213803,36.785955],[-108.2138,36.786045],[-108.213912,36.786048]]]},"properties":{"class":"invasive_woody","min_prob":0.5}},{"type":"Feature","geometry":{"type":"Polygon","coordinates":[[[-108.303963,36.788125],[-108.30397,36.787944],[-108.303858,36.787942],[-108.303851,36.788122],[-108.303963,36.788125]]]},"properties":{"class":"invasive_woody","min_prob":0.5}},{"type":"Feature","geometry":{"type":"Polygon","coordinates":[[[-108.304194,36.78795],[-108.304197,36.787859],[-108.304085,36.787857],[-108.304082,36.787947],[-108.304194,36.78795]]]},"properties":{"class":"invasive_woody","min_prob":0.5}},{"type":"Feature","geometry":{"type":"Polygon","coordinates":[[[-108.21403,36.78587],[-108.214034,36.78578],[-108.213922,36.785778],[-108.213918,36.785868],[-108.21403,36.78587]]]},"properties":{"class":"invasive_woody","min_prob":0.5}},{"type":"Feature","geometry":{"type":"Polygon","coordinates":[[[-108.214258,36.785786],[-108.214261,36.785696],[-108.214037,36.78569],[-108.214034,36.78578],[-108.214258,36.785786]]]},"properties":{"class":"invasive_woody","min_prob":0.5}},{"type":"Feature","geometry":{"type":"Polygon","coordinates":[[[-108.210898,36.785707],[-108.210901,36.785617],[-108.210789,36.785614],[-108.210786,36.785704],[-108.210898,36.785707]]]},"properties":{"class":"invasive_woody","min_prob":0.5}},{"type":"Feature","geometry":{"type":"Polygon","coordinates":[[[-108.216837,36.785756],[-108.21684,36.785666],[-108.216728,36.785663],[-108.216725,36.785753],[-108.216837,36.785756]]]},"properties":{"class":"invasive_woody","min_prob":0.5}},{"type":"Feature","geometry":{"type":"Polygon","coordinates":[[[-108.214373,36.785698],[-108.214376,36.785608],[-108.214264,36.785605],[-108.214261,36.785696],[-108.214373,36.785698]]]},"properties":{"class":"invasive_woody","min_prob":0.5}},{"type":"Feature","geometry":{"type":"Polygon","coordinates":[[[-108.304309,36.787862],[-108.304318,36.787592],[-108.304206,36.787589],[-108.304197,36.787859],[-108.304309,36.787862]]]},"properties":{"class":"invasive_woody","min_prob":0.5}},{"type":"Feature","geometry":{"type":"Polygon","coordinates":[[[-108.211207,36.786435],[-108.211211,36.786345],[-108.211323,36.786348],[-108.211336,36.785988],[-108.211448,36.78599],[-108.211458,36.78572],[-108.21157,36.785723],[-108.211566,36.785813],[-108.211678,36.785815],[-108.211688,36.785545],[-108.211464,36.78554],[-108.211477,36.785179],[-108.211365,36.785177],[-108.211355,36.785447],[-108.211243,36.785444],[-108.211237,36.785625],[-108.211125,36.785622],[-108.211115,36.785892],[-108.211003,36.78589],[-108.211,36.78598],[-108.210888,36.785977],[-108.210885,36.786067],[-108.210997,36.78607],[-108.210993,36.78616],[-108.211105,36.786162],[-108.211112,36.785982],[-108.211224,36.785985],[-108.211214,36.786255],[-108.211102,36.786253],[-108.211095,36.786433],[-108.211207,36.786435]]]},"properties":{"class":"invasive_woody","min_prob":0.5}},{"type":"Feature","geometry":{"type":"Polygon","coordinates":[[[-108.216735,36.785483],[-108.216738,36.785393],[-108.216962,36.785398],[-108.216965,36.785308],[-108.216741,36.785303],[-108.216744,36.785213],[-108.21652,36.785207],[-108.216517,36.785298],[-108.216629,36.7853],[-108.216623,36.78548],[-108.216735,36.785483]]]},"properties":{"class":"invasive_woody","min_prob":0.5}},{"type":"Feature","geometry":{"type":"Polygon","coordinates":[[[-108.216181,36.78529],[-108.216184,36.7852],[-108.21596,36.785194],[-108.215957,36.785284],[-108.216181,36.78529]]]},"properties":{"class":"invasive_woody","min_prob":0.5}},{"type":"Feature","geometry":{"type":"Polygon","coordinates":[[[-108.215305,36.784728],[-108.215308,36.784638],[-108.215196,36.784635],[-108.215193,36.784726],[-108.215305,36.784728]]]},"properties":{"class":"invasive_woody","min_prob":0.5}},{"type":"Feature","geometry":{"type":"Polygon","coordinates":[[[-108.216655,36.78458],[-108.216658,36.784489],[-108.216546,36.784487],[-108.216543,36.784577],[-108.216655,36.78458]]]},"properties":{"class":"invasive_woody","min_prob":0.5}},{"type":"Feature","geometry":{"type":"Polygon","coordinates":[[[-108.299991,36.786321],[-108.299994,36.786231],[-108.299882,36.786229],[-108.299879,36.786319],[-108.299991,36.786321]]]},"properties":{"class":"invasive_woody","min_prob":0.5}},{"type":"Feature","geometry":{"type":"Polygon","coordinates":[[[-108.216553,36.784307],[-108.216556,36.784217],[-108.216444,36.784214],[-108.216441,36.784304],[-108.216553,36.784307]]]},"properties":{"class":"invasive_woody","min_prob":0.5}},{"type":"Feature","geometry":{"type":"Polygon","coordinates":[[[-108.217116,36.78423],[-108.217119,36.78414],[-108.217007,36.784137],[-108.217004,36.784227],[-108.217116,36.78423]]]},"properties":{"class":"invasive_woody","min_prob":0.5}},{"type":"Feature","geometry":{"type":"Polygon","coordinates":[[[-108.211592,36.785092],[-108.211622,36.784281],[-108.21151,36.784279],[-108.211513,36.784189],[-108.211401,36.784186],[-108.211404,36.784096],[-108.211516,36.784098],[-108.21152,36.784008],[-108.211296,36.784003],[-108.211299,36.783913],[-108.211187,36.78391],[-108.211177,36.784181],[-108.211289,36.784183],[-108.211286,36.784273],[-108.211398,36.784276],[-108.211391,36.784456],[-108.211503,36.784459],[-108.21148,36.785089],[-108.211592,36.785092]]]},"properties":{"class":"invasive_woody","min_prob":0.5}},{"type":"Feature","geometry":{"type":"Polygon","coordinates":[[[-108.211411,36.783916],[-108.211414,36.783826],[-108.211302,36.783823],[-108.211299,36.783913],[-108.211411,36.783916]]]},"properties":{"class":"invasive_woody","min_prob":0.5}},{"type":"Feature","geometry":{"type":"Polygon","coordinates":[[[-108.21735,36.783965],[-108.217353,36.783875],[-108.217241,36.783872],[-108.217238,36.783962],[-108.21735,36.783965]]]},"properties":{"class":"invasive_woody","min_prob":0.5}},{"type":"Feature","geometry":{"type":"Polygon","coordinates":[[[-108.21623,36.783938],[-108.216233,36.783848],[-108.216121,36.783846],[-108.216118,36.783936],[-108.21623,36.783938]]]},"properties":{"class":"invasive_woody","min_prob":0.5}},{"type":"Feature","geometry":{"type":"Polygon","coordinates":[[[-108.216147,36.783125],[-108.216154,36.782945],[-108.216042,36.782942],[-108.216039,36.783032],[-108.215927,36.78303],[-108.215923,36.78312],[-108.216147,36.783125]]]},"properties":{"class":"invasive_woody","min_prob":0.5}},{"type":"Feature","geometry":{"type":"Polygon","coordinates":[[[-108.210432,36.783081],[-108.210436,36.782991],[-108.210548,36.782994],[-108.210551,36.782904],[-108.210663,36.782906],[-108.210666,36.782816],[-108.210554,36.782814],[-108.210557,36.782724],[-108.210445,36.782721],[-108.210442,36.782811],[-108.21033,36.782808],[-108.210337,36.782628],[-108.210225,36.782626],[-108.210208,36.783076],[-108.210432,36.783081]]]},"properties":{"class":"invasive_woody","min_prob":0.5}},{"type":"Feature","geometry":{"type":"Polygon","coordinates":[[[-108.226125,36.783088],[-108.226128,36.782998],[-108.226016,36.782995],[-108.226013,36.783085],[-108.226125,36.783088]]]},"properties":{"class":"invasive_woody","min_prob":0.5}},{"type":"Feature","geometry":{"type":"Polygon","coordinates":[[[-108.210785,36.782639],[-108.210788,36.782549],[-108.210676,36.782546],[-108.210673,36.782636],[-108.210785,36.782639]]]},"properties":{"class":"invasive_woody","min_prob":0.5}},{"type":"Feature","geometry":{"type":"Polygon","coordinates":[[[-108.210452,36.782541],[-108.210455,36.782451],[-108.210343,36.782448],[-108.21034,36.782538],[-108.210452,36.782541]]]},"properties":{"class":"invasive_woody","min_prob":0.5}},{"type":"Feature","geometry":{"type":"Polygon","coordinates":[[[-108.210343,36.782448],[-108.210347,36.782358],[-108.210235,36.782355],[-108.210231,36.782445],[-108.210343,36.782448]]]},"properties":{"class":"invasive_woody","min_prob":0.5}},{"type":"Feature","geometry":{"type":"Polygon","coordinates":[[[-108.238905,36.783025],[-108.238908,36.782935],[-108.238796,36.782932],[-108.238793,36.783022],[-108.238905,36.783025]]]},"properties":{"class":"invasive_woody","min_prob":0.5}},{"type":"Feature","geometry":{"type":"Polygon","coordinates":[[[-108.218423,36.782187],[-108.21843,36.782006],[-108.218318,36.782004],[-108.218311,36.782184],[-108.218423,36.782187]]]},"properties":{"class":"invasive_woody","min_prob":0.5}},{"type":"Feature","geometry":{"type":"Polygon","coordinates":[[[-108.216522,36.782052],[-108.216526,36.781962],[-108.216414,36.781959],[-108.21641,36.782049],[-108.216522,36.782052]]]},"properties":{"class":"invasive_woody","min_prob":0.5}},{"type":"Feature","geometry":{"type":"Polygon","coordinates":[[[-108.222017,36.782],[-108.22202,36.78191],[-108.221908,36.781907],[-108.221905,36.781997],[-108.222017,36.782]]]},"properties":{"class":"invasive_woody","min_prob":0.5}},{"type":"Feature","geometry":{"type":"Polygon","coordinates":[[[-108.217649,36.781898],[-108.217652,36.781808],[-108.21754,36.781805],[-108.217537,36.781895],[-108.217649,36.781898]]]},"properties":{"class":"invasive_woody","min_prob":0.5}},{"type":"Feature","geometry":{"type":"Polygon","coordinates":[[[-108.22258,36.781923],[-108.222583,36.781833],[-108.222471,36.78183],[-108.222468,36.78192],[-108.22258,36.781923]]]},"properties":{"class":"invasive_woody","min_prob":0.5}},{"type":"Feature","geometry":{"type":"Polygon","coordinates":[[[-108.222356,36.781918],[-108.222359,36.781828],[-108.222247,36.781825],[-108.222244,36.781915],[-108.222356,36.781918]]]},"properties":{"class":"invasive_woody","min_prob":0.5}},{"type":"Feature","geometry":{"type":"Polygon","coordinates":[[[-108.217092,36.781795],[-108.217099,36.781615],[-108.216987,36.781612],[-108.216983,36.781702],[-108.216871,36.781699],[-108.216868,36.78179],[-108.217092,36.781795]]]},"properties":{"class":"invasive_woody","min_prob":0.5}},{"type":"Feature","geometry":{"type":"Polygon","coordinates":[[[-108.211829,36.781671],[-108.211835,36.781491],[-108.211723,36.781489],[-108.21172,36.781579],[-108.211608,36.781576],[-108.211605,36.781666],[-108.211829,36.781671]]]},"properties":{"class":"invasive_woody","min_prob":0.5}},{"type":"Feature","geometry":{"type":"Polygon","coordinates":[[[-108.218894,36.781566],[-108.218897,36.781476],[-108.218785,36.781474],[-108.218782,36.781564],[-108.218894,36.781566]]]},"properties":{"class":"invasive_woody","min_prob":0.5}},{"type":"Feature","geometry":{"type":"Polygon","coordinates":[[[-108.21923,36.781574],[-108.219233,36.781484],[-108.219121,36.781482],[-108.219124,36.781392],[-108.219012,36.781389],[-108.219006,36.781569],[-108.21923,36.781574]]]},"properties":{"class":"invasive_woody","min_prob":0.5}},{"type":"Feature","geometry":{"type":"Polygon","coordinates":[[[-108.218225,36.781461],[-108.218228,36.781371],[-108.218116,36.781368],[-108.218113,36.781458],[-108.218225,36.781461]]]},"properties":{"class":"invasive_woody","min_prob":0.5}},{"type":"Feature","geometry":{"type":"Polygon","coordinates":[[[-108.219569,36.781492],[-108.219572,36.781402],[-108.219684,36.781405],[-108.219688,36.781315],[-108.219464,36.781309],[-108.21946,36.781399],[-108.219348,36.781397],[-108.219352,36.781307],[-108.21924,36.781304],[-108.219233,36.781484],[-108.219569,36.781492]]]},"properties":{"class":"invasive_woody","min_prob":0.5}},{"type":"Feature","geometry":{"type":"Polygon","coordinates":[[[-108.218004,36.781365],[-108.218008,36.781275],[-108.217896,36.781273],[-108.217892,36.781363],[-108.218004,36.781365]]]},"properties":{"class":"invasive_woody","min_prob":0.5}},{"type":"Feature","geometry":{"type":"Polygon","coordinates":[[[-108.219467,36.781219],[-108.21947,36.781129],[-108.219358,36.781127],[-108.219355,36.781217],[-108.219467,36.781219]]]},"properties":{"class":"invasive_woody","min_prob":0.5}},{"type":"Feature","geometry":{"type":"Polygon","coordinates":[[[-108.219582,36.781132],[-108.219585,36.781042],[-108.219473,36.781039],[-108.21947,36.781129],[-108.219582,36.781132]]]},"properties":{"class":"invasive_woody","min_prob":0.5}},{"type":"Feature","geometry":{"type":"Polygon","coordinates":[[[-108.308736,36.783094],[-108.308739,36.783003],[-108.308851,36.783006],[-108.308854,36.782916],[-108.30863,36.782911],[-108.308624,36.783091],[-108.308736,36.783094]]]},"properties":{"class":"invasive_woody","min_prob":0.5}},{"type":"Feature","geometry":{"type":"Polygon","coordinates":[[[-108.211983,36.780503],[-108.211986,36.780413],[-108.211874,36.78041],[-108.211871,36.7805],[-108.211983,36.780503]]]},"properties":{"class":"invasive_woody","min_prob":0.5}},{"type":"Feature","geometry":{"type":"Polygon","coordinates":[[[-108.225988,36.78065],[-108.225992,36.78056],[-108.22588,36.780558],[-108.225876,36.780648],[-108.225988,36.78065]]]},"properties":{"class":"invasive_woody","min_prob":0.5}},{"type":"Feature","geometry":{"type":"Polygon","coordinates":[[[-108.199111,36.78002],[-108.199114,36.77993],[-108.199002,36.779927],[-108.198999,36.780017],[-108.199111,36.78002]]]},"properties":{"class":"invasive_woody","min_prob":0.5}},{"type":"Feature","geometry":{"type":"Polygon","coordinates":[[[-108.212217,36.780238],[-108.21222,36.780148],[-108.212108,36.780145],[-108.212105,36.780235],[-108.212217,36.780238]]]},"properties":{"class":"invasive_woody","min_prob":0.5}},{"type":"Feature","geometry":{"type":"Polygon","coordinates":[[[-108.285804,36.781761],[-108.285807,36.781671],[-108.285695,36.781668],[-108.285692,36.781758],[-108.285804,36.781761]]]},"properties":{"class":"invasive_woody","min_prob":0.5}},{"type":"Feature","geometry":{"type":"Polygon","coordinates":[[[-108.212668,36.780158],[-108.212671,36.780068],[-108.212783,36.780071],[-108.21279,36.779891],[-108.212678,36.779888],[-108.212675,36.779978],[-108.212451,36.779973],[-108.212447,36.780063],[-108.212559,36.780066],[-108.212556,36.780156],[-108.212668,36.780158]]]},"properties":{"class":"invasive_woody","min_prob":0.5}},{"type":"Feature","geometry":{"type":"Polygon","coordinates":[[[-108.219842,36.780146],[-108.219845,36.780056],[-108.219733,36.780053],[-108.21973,36.780143],[-108.219842,36.780146]]]},"properties":{"class":"invasive_woody","min_prob":0.5}},{"type":"Feature","geometry":{"type":"Polygon","coordinates":[[[-108.2222,36.780021],[-108.222203,36.779931],[-108.222091,36.779928],[-108.222088,36.780018],[-108.2222,36.780021]]]},"properties":{"class":"invasive_woody","min_prob":0.5}},{"type":"Feature","geometry":{"type":"Polygon","coordinates":[[[-108.222651,36.779941],[-108.222655,36.779851],[-108.222431,36.779846],[-108.222427,36.779936],[-108.222651,36.779941]]]},"properties":{"class":"invasive_woody","min_prob":0.5}},{"type":"Feature","geometry":{"type":"Polygon","coordinates":[[[-108.199585,36.77931],[-108.199588,36.77922],[-108.199476,36.779217],[-108.199473,36.779307],[-108.199585,36.77931]]]},"properties":{"class":"invasive_woody","min_prob":0.5}},{"type":"Feature","geometry":{"type":"Polygon","coordinates":[[[-108.214483,36.77957],[-108.214486,36.77948],[-108.214374,36.779477],[-108.214371,36.779567],[-108.214483,36.77957]]]},"properties":{"class":"invasive_woody","min_prob":0.5}},{"type":"Feature","geometry":{"type":"Polygon","coordinates":[[[-108.308002,36.781634],[-108.308005,36.781544],[-108.307893,36.781542],[-108.30789,36.781632],[-108.308002,36.781634]]]},"properties":{"class":"invasive_woody","min_prob":0.5}},{"type":"Feature","geometry":{"type":"Polygon","coordinates":[[[-108.223893,36.7797],[-108.223896,36.77961],[-108.223784,36.779607],[-108.223781,36.779697],[-108.223893,36.7797]]]},"properties":{"class":"invasive_woody","min_prob":0.5}},{"type":"Feature","geometry":{"type":"Polygon","coordinates":[[[-108.225247,36.779461],[-108.22525,36.779371],[-108.225138,36.779368],[-108.225135,36.779458],[-108.225247,36.779461]]]},"properties":{"class":"invasive_woody","min_prob":0.5}},{"type":"Feature","geometry":{"type":"Polygon","coordinates":[[[-108.214934,36.77949],[-108.214937,36.7794],[-108.215049,36.779403],[-108.215056,36.779223],[-108.215168,36.779225],[-108.215171,36.779135],[-108.214947,36.77913],[-108.21494,36.77931],[-108.214828,36.779307],[-108.214825,36.779397],[-108.214713,36.779395],[-108.214716,36.779305],[-108.214604,36.779302],[-108.214598,36.779482],[-108.214934,36.77949]]]},"properties":{"class":"invasive_woody","min_prob":0.5}},{"type":"Feature","geometry":{"type":"Polygon","coordinates":[[[-108.215283,36.779138],[-108.215286,36.779048],[-108.215174,36.779045],[-108.215171,36.779135],[-108.215283,36.779138]]]},"properties":{"class":"invasive_woody","min_prob":0.5}},{"type":"Feature","geometry":{"type":"Polygon","coordinates":[[[-108.215398,36.77905],[-108.215401,36.77896],[-108.215289,36.778958],[-108.215286,36.779048],[-108.215398,36.77905]]]},"properties":{"class":"invasive_woody","min_prob":0.5}},{"type":"Feature","geometry":{"type":"Polygon","coordinates":[[[-108.299179,36.780713],[-108.299182,36.780623],[-108.298958,36.780618],[-108.298955,36.780708],[-108.299179,36.780713]]]},"properties":{"class":"invasive_woody","min_prob":0.5}},{"type":"Feature","geometry":{"type":"Polygon","coordinates":[[[-108.326178,36.781143],[-108.326181,36.781053],[-108.326069,36.78105],[-108.326066,36.78114],[-108.326178,36.781143]]]},"properties":{"class":"invasive_woody","min_prob":0.5}},{"type":"Feature","geometry":{"type":"Polygon","coordinates":[[[-108.326296,36.780965],[-108.326302,36.780785],[-108.32619,36.780783],[-108.326184,36.780963],[-108.326296,36.780965]]]},"properties":{"class":"invasive_woody","min_prob":0.5}},{"type":"Feature","geometry":{"type":"Polygon","coordinates":[[[-108.225062,36.778375],[-108.225065,36.778285],[-108.224953,36.778282],[-108.22495,36.778372],[-108.225062,36.778375]]]},"properties":{"class":"invasive_woody","min_prob":0.5}},{"type":"Feature","geometry":{"type":"Polygon","coordinates":[[[-108.224281,36.778266],[-108.224284,36.778176],[-108.224172,36.778174],[-108.224169,36.778264],[-108.224281,36.778266]]]},"properties":{"class":"invasive_woody","min_prob":0.5}},{"type":"Feature","geometry":{"type":"Polygon","coordinates":[[[-108.225628,36.778208],[-108.225631,36.778117],[-108.225519,36.778115],[-108.225516,36.778205],[-108.225628,36.778208]]]},"properties":{"class":"invasive_woody","min_prob":0.5}},{"type":"Feature","geometry":{"type":"Polygon","coordinates":[[[-108.22463,36.777914],[-108.224633,36.777824],[-108.224409,36.777818],[-108.224406,36.777909],[-108.22463,36.777914]]]},"properties":{"class":"invasive_woody","min_prob":0.5}},{"type":"Feature","geometry":{"type":"Polygon","coordinates":[[[-108.216234,36.777627],[-108.216238,36.777537],[-108.216126,36.777535],[-108.216122,36.777625],[-108.216234,36.777627]]]},"properties":{"class":"invasive_woody","min_prob":0.5}},{"type":"Feature","geometry":{"type":"Polygon","coordinates":[[[-108.227551,36.777711],[-108.227555,36.777621],[-108.227443,36.777619],[-108.227439,36.777709],[-108.227551,36.777711]]]},"properties":{"class":"invasive_woody","min_prob":0.5}},{"type":"Feature","geometry":{"type":"Polygon","coordinates":[[[-108.21635,36.77754],[-108.216359,36.77727],[-108.216247,36.777267],[-108.216238,36.777537],[-108.21635,36.77754]]]},"properties":{"class":"invasive_woody","min_prob":0.5}},{"type":"Feature","geometry":{"type":"Polygon","coordinates":[[[-108.216471,36.777272],[-108.216475,36.777182],[-108.216363,36.777179],[-108.216359,36.77727],[-108.216471,36.777272]]]},"properties":{"class":"invasive_woody","min_prob":0.5}},{"type":"Feature","geometry":{"type":"Polygon","coordinates":[[[-108.216587,36.777185],[-108.21659,36.777095],[-108.216478,36.777092],[-108.216475,36.777182],[-108.216587,36.777185]]]},"properties":{"class":"invasive_woody","min_prob":0.5}},{"type":"Feature","geometry":{"type":"Polygon","coordinates":[[[-108.225098,36.777384],[-108.225104,36.777204],[-108.224992,36.777201],[-108.224989,36.777291],[-108.224765,36.777286],[-108.224762,36.777376],[-108.225098,36.777384]]]},"properties":{"class":"invasive_woody","min_prob":0.5}},{"type":"Feature","geometry":{"type":"Polygon","coordinates":[[[-108.227331,36.777616],[-108.227334,36.777526],[-108.227446,36.777529],[-108.227456,36.777258],[-108.227344,36.777256],[-108.227347,36.777166],[-108.227011,36.777158],[-108.227008,36.777248],[-108.226896,36.777245],[-108.226893,36.777335],[-108.226781,36.777333],[-108.226777,36.777423],[-108.227001,36.777428],[-108.226998,36.777518],[-108.227222,36.777523],[-108.227219,36.777614],[-108.227331,36.777616]]]},"properties":{"class":"invasive_woody","min_prob":0.5}},{"type":"Feature","geometry":{"type":"Polygon","coordinates":[[[-108.216702,36.777097],[-108.216708,36.776917],[-108.216596,36.776914],[-108.21659,36.777095],[-108.216702,36.777097]]]},"properties":{"class":"invasive_woody","min_prob":0.5}},{"type":"Feature","geometry":{"type":"Polygon","coordinates":[[[-108.21682,36.77692],[-108.216824,36.77683],[-108.216712,36.776827],[-108.216708,36.776917],[-108.21682,36.77692]]]},"properties":{"class":"invasive_woody","min_prob":0.5}},{"type":"Feature","geometry":{"type":"Polygon","coordinates":[[[-108.242136,36.777329],[-108.242139,36.777239],[-108.242027,36.777237],[-108.242024,36.777327],[-108.242136,36.777329]]]},"properties":{"class":"invasive_woody","min_prob":0.5}},{"type":"Feature","geometry":{"type":"Polygon","coordinates":[[[-108.217051,36.776745],[-108.217054,36.776655],[-108.216942,36.776652],[-108.216939,36.776742],[-108.217051,36.776745]]]},"properties":{"class":"invasive_woody","min_prob":0.5}},{"type":"Feature","geometry":{"type":"Polygon","coordinates":[[[-108.242254,36.777152],[-108.242258,36.777062],[-108.242146,36.777059],[-108.242142,36.777149],[-108.242254,36.777152]]]},"properties":{"class":"invasive_woody","min_prob":0.5}},{"type":"Feature","geometry":{"type":"Polygon","coordinates":[[[-108.24237,36.777064],[-108.242373,36.776974],[-108.242261,36.776972],[-108.242258,36.777062],[-108.24237,36.777064]]]},"properties":{"class":"invasive_woody","min_prob":0.5}},{"type":"Feature","geometry":{"type":"Polygon","coordinates":[[[-108.300609,36.778311],[-108.300612,36.778221],[-108.3005,36.778218],[-108.300497,36.778308],[-108.300609,36.778311]]]},"properties":{"class":"invasive_woody","min_prob":0.5}},{"type":"Feature","geometry":{"type":"Polygon","coordinates":[[[-108.242485,36.776977],[-108.242488,36.776887],[-108.242376,36.776884],[-108.242373,36.776974],[-108.242485,36.776977]]]},"properties":{"class":"invasive_woody","min_prob":0.5}},{"type":"Feature","geometry":{"type":"Polygon","coordinates":[[[-108.216955,36.776292],[-108.216958,36.776202],[-108.216846,36.776199],[-108.216843,36.776289],[-108.216955,36.776292]]]},"properties":{"class":"invasive_woody","min_prob":0.5}},{"type":"Feature","geometry":{"type":"Polygon","coordinates":[[[-108.22569,36.776496],[-108.225696,36.776316],[-108.225584,36.776313],[-108.225578,36.776493],[-108.22569,36.776496]]]},"properties":{"class":"invasive_woody","min_prob":0.5}},{"type":"Feature","geometry":{"type":"Polygon","coordinates":[[[-108.217166,36.776657],[-108.217169,36.776567],[-108.217393,36.776572],[-108.2174,36.776392],[-108.217512,36.776395],[-108.217515,36.776305],[-108.217627,36.776307],[-108.21763,36.776217],[-108.217518,36.776215],[-108.217528,36.775945],[-108.217416,36.775942],[-108.217413,36.776032],[-108.217301,36.776029],[-108.217298,36.776119],[-108.217186,36.776117],[-108.217182,36.776207],[-108.21707,36.776204],[-108.217067,36.776294],[-108.217179,36.776297],[-108.217176,36.776387],[-108.217064,36.776384],[-108.217054,36.776655],[-108.217166,36.776657]]]},"properties":{"class":"invasive_woody","min_prob":0.5}},{"type":"Feature","geometry":{"type":"Polygon","coordinates":[[[-108.227603,36.77627],[-108.227607,36.77618],[-108.227495,36.776177],[-108.227491,36.776267],[-108.227603,36.77627]]]},"properties":{"class":"invasive_woody","min_prob":0.5}},{"type":"Feature","geometry":{"type":"Polygon","coordinates":[[[-108.217854,36.776223],[-108.217861,36.776042],[-108.217973,36.776045],[-108.217976,36.775955],[-108.217752,36.77595],[-108.217745,36.77613],[-108.217633,36.776127],[-108.21763,36.776217],[-108.217854,36.776223]]]},"properties":{"class":"invasive_woody","min_prob":0.5}},{"type":"Feature","geometry":{"type":"Polygon","coordinates":[[[-108.2182,36.77596],[-108.218203,36.77587],[-108.217979,36.775865],[-108.217976,36.775955],[-108.2182,36.77596]]]},"properties":{"class":"invasive_woody","min_prob":0.5}},{"type":"Feature","geometry":{"type":"Polygon","coordinates":[[[-108.217752,36.77595],[-108.217759,36.77577],[-108.217647,36.775767],[-108.217643,36.775857],[-108.217531,36.775854],[-108.217528,36.775945],[-108.217752,36.77595]]]},"properties":{"class":"invasive_woody","min_prob":0.5}},{"type":"Feature","geometry":{"type":"Polygon","coordinates":[[[-108.242392,36.776434],[-108.242395,36.776344],[-108.242283,36.776341],[-108.24228,36.776431],[-108.242392,36.776434]]]},"properties":{"class":"invasive_woody","min_prob":0.5}},{"type":"Feature","geometry":{"type":"Polygon","coordinates":[[[-108.227722,36.776093],[-108.227725,36.776002],[-108.227613,36.776],[-108.22761,36.77609],[-108.227722,36.776093]]]},"properties":{"class":"invasive_woody","min_prob":0.5}},{"type":"Feature","geometry":{"type":"Polygon","coordinates":[[[-108.21787,36.775772],[-108.217874,36.775682],[-108.217762,36.775679],[-108.217759,36.77577],[-108.21787,36.775772]]]},"properties":{"class":"invasive_woody","min_prob":0.5}},{"type":"Feature","geometry":{"type":"Polygon","coordinates":[[[-108.218658,36.7757],[-108.218661,36.77561],[-108.218549,36.775608],[-108.218546,36.775698],[-108.218658,36.7757]]]},"properties":{"class":"invasive_woody","min_prob":0.5}},{"type":"Feature","geometry":{"type":"Polygon","coordinates":[[[-108.242623,36.776259],[-108.242629,36.776079],[-108.242517,36.776076],[-108.242511,36.776256],[-108.242623,36.776259]]]},"properties":{"class":"invasive_woody","min_prob":0.5}},{"type":"Feature","geometry":{"type":"Polygon","coordinates":[[[-108.242399,36.776254],[-108.242405,36.776073],[-108.242293,36.776071],[-108.242287,36.776251],[-108.242399,36.776254]]]},"properties":{"class":"invasive_woody","min_prob":0.5}},{"type":"Feature","geometry":{"type":"Polygon","coordinates":[[[-108.218773,36.775613],[-108.218776,36.775523],[-108.218664,36.77552],[-108.218661,36.77561],[-108.218773,36.775613]]]},"properties":{"class":"invasive_woody","min_prob":0.5}},{"type":"Feature","geometry":{"type":"Polygon","coordinates":[[[-108.21821,36.77569],[-108.218213,36.7756],[-108.218325,36.775603],[-108.218331,36.775422],[-108.218107,36.775417],[-108.218101,36.775597],[-108.217877,36.775592],[-108.217874,36.775682],[-108.21821,36.77569]]]},"properties":{"class":"invasive_woody","min_prob":0.5}},{"type":"Feature","geometry":{"type":"Polygon","coordinates":[[[-108.306016,36.777532],[-108.306019,36.777442],[-108.305907,36.777439],[-108.305904,36.777529],[-108.306016,36.777532]]]},"properties":{"class":"invasive_woody","min_prob":0.5}},{"type":"Feature","geometry":{"type":"Polygon","coordinates":[[[-108.218888,36.775526],[-108.218891,36.775435],[-108.218779,36.775433],[-108.218776,36.775523],[-108.218888,36.775526]]]},"properties":{"class":"invasive_woody","min_prob":0.5}},{"type":"Feature","geometry":{"type":"Polygon","coordinates":[[[-108.297616,36.777341],[-108.297623,36.777161],[-108.297511,36.777159],[-108.297504,36.777339],[-108.297616,36.777341]]]},"properties":{"class":"invasive_woody","min_prob":0.5}},{"type":"Feature","geometry":{"type":"Polygon","coordinates":[[[-108.24252,36.775986],[-108.242524,36.775896],[-108.242412,36.775893],[-108.242408,36.775983],[-108.24252,36.775986]]]},"properties":{"class":"invasive_woody","min_prob":0.5}},{"type":"Feature","geometry":{"type":"Polygon","coordinates":[[[-108.219003,36.775438],[-108.219007,36.775348],[-108.218895,36.775345],[-108.218891,36.775435],[-108.219003,36.775438]]]},"properties":{"class":"invasive_woody","min_prob":0.5}},{"type":"Feature","geometry":{"type":"Polygon","coordinates":[[[-108.297284,36.777244],[-108.29729,36.777063],[-108.297178,36.777061],[-108.297172,36.777241],[-108.297284,36.777244]]]},"properties":{"class":"invasive_woody","min_prob":0.5}},{"type":"Feature","geometry":{"type":"Polygon","coordinates":[[[-108.218555,36.775428],[-108.218562,36.775247],[-108.21845,36.775245],[-108.218447,36.775335],[-108.218335,36.775332],[-108.218331,36.775422],[-108.218555,36.775428]]]},"properties":{"class":"invasive_woody","min_prob":0.5}},{"type":"Feature","geometry":{"type":"Polygon","coordinates":[[[-108.297511,36.777159],[-108.297514,36.777069],[-108.297402,36.777066],[-108.297399,36.777156],[-108.297511,36.777159]]]},"properties":{"class":"invasive_woody","min_prob":0.5}},{"type":"Feature","geometry":{"type":"Polygon","coordinates":[[[-108.297063,36.777148],[-108.297066,36.777058],[-108.296954,36.777056],[-108.296951,36.777146],[-108.297063,36.777148]]]},"properties":{"class":"invasive_woody","min_prob":0.5}},{"type":"Feature","geometry":{"type":"Polygon","coordinates":[[[-108.219119,36.775351],[-108.219122,36.775261],[-108.21901,36.775258],[-108.219007,36.775348],[-108.219119,36.775351]]]},"properties":{"class":"invasive_woody","min_prob":0.5}},{"type":"Feature","geometry":{"type":"Polygon","coordinates":[[[-108.297402,36.777066],[-108.297405,36.776976],[-108.297293,36.776973],[-108.29729,36.777063],[-108.297402,36.777066]]]},"properties":{"class":"invasive_woody","min_prob":0.5}},{"type":"Feature","geometry":{"type":"Polygon","coordinates":[[[-108.29673,36.777051],[-108.296733,36.776961],[-108.296621,36.776958],[-108.296618,36.777048],[-108.29673,36.777051]]]},"properties":{"class":"invasive_woody","min_prob":0.5}},{"type":"Feature","geometry":{"type":"Polygon","coordinates":[[[-108.228084,36.77538],[-108.228087,36.77529],[-108.227975,36.775287],[-108.227972,36.775377],[-108.228084,36.77538]]]},"properties":{"class":"invasive_woody","min_prob":0.5}},{"type":"Feature","geometry":{"type":"Polygon","coordinates":[[[-108.218789,36.775163],[-108.218792,36.775072],[-108.21868,36.77507],[-108.218677,36.77516],[-108.218789,36.775163]]]},"properties":{"class":"invasive_woody","min_prob":0.5}},{"type":"Feature","geometry":{"type":"Polygon","coordinates":[[[-108.296845,36.776963],[-108.296848,36.776873],[-108.29696,36.776876],[-108.296963,36.776786],[-108.296739,36.77678],[-108.296733,36.776961],[-108.296845,36.776963]]]},"properties":{"class":"invasive_woody","min_prob":0.5}},{"type":"Feature","geometry":{"type":"Polygon","coordinates":[[[-108.227303,36.775271],[-108.22731,36.775091],[-108.227198,36.775089],[-108.227191,36.775269],[-108.227303,36.775271]]]},"properties":{"class":"invasive_woody","min_prob":0.5}},{"type":"Feature","geometry":{"type":"Polygon","coordinates":[[[-108.219356,36.774996],[-108.219359,36.774905],[-108.219471,36.774908],[-108.219474,36.774818],[-108.21925,36.774813],[-108.219244,36.774993],[-108.219356,36.774996]]]},"properties":{"class":"invasive_woody","min_prob":0.5}},{"type":"Feature","geometry":{"type":"Polygon","coordinates":[[[-108.296967,36.776695],[-108.296973,36.776515],[-108.296861,36.776513],[-108.296855,36.776693],[-108.296967,36.776695]]]},"properties":{"class":"invasive_woody","min_prob":0.5}},{"type":"Feature","geometry":{"type":"Polygon","coordinates":[[[-108.252958,36.775596],[-108.252961,36.775506],[-108.252849,36.775504],[-108.252846,36.775594],[-108.252958,36.775596]]]},"properties":{"class":"invasive_woody","min_prob":0.5}},{"type":"Feature","geometry":{"type":"Polygon","coordinates":[[[-108.227537,36.775006],[-108.22754,36.774916],[-108.227428,36.774914],[-108.227425,36.775004],[-108.227537,36.775006]]]},"properties":{"class":"invasive_woody","min_prob":0.5}},{"type":"Feature","geometry":{"type":"Polygon","coordinates":[[[-108.26304,36.775739],[-108.263043,36.775649],[-108.262931,36.775646],[-108.262928,36.775736],[-108.26304,36.775739]]]},"properties":{"class":"invasive_woody","min_prob":0.5}},{"type":"Feature","geometry":{"type":"Polygon","coordinates":[[[-108.254535,36.775362],[-108.254542,36.775182],[-108.25443,36.77518],[-108.254423,36.77536],[-108.254535,36.775362]]]},"properties":{"class":"invasive_woody","min_prob":0.5}},{"type":"Feature","geometry":{"type":"Polygon","coordinates":[[[-108.228446,36.774667],[-108.228449,36.774577],[-108.228337,36.774574],[-108.228334,36.774664],[-108.228446,36.774667]]]},"properties":{"class":"invasive_woody","min_prob":0.5}},{"type":"Feature","geometry":{"type":"Polygon","coordinates":[[[-108.227214,36.774638],[-108.227217,36.774548],[-108.227105,36.774545],[-108.227102,36.774635],[-108.227214,36.774638]]]},"properties":{"class":"invasive_woody","min_prob":0.5}},{"type":"Feature","geometry":{"type":"Polygon","coordinates":[[[-108.219698,36.774823],[-108.219701,36.774733],[-108.219589,36.77473],[-108.219596,36.77455],[-108.219484,36.774548],[-108.219487,36.774458],[-108.219599,36.77446],[-108.219602,36.77437],[-108.219714,36.774373],[-108.219718,36.774283],[-108.219494,36.774277],[-108.21949,36.774368],[-108.219378,36.774365],[-108.219372,36.774545],[-108.21926,36.774542],[-108.219257,36.774633],[-108.219481,36.774638],[-108.219474,36.774818],[-108.219698,36.774823]]]},"properties":{"class":"invasive_woody","min_prob":0.5}},{"type":"Feature","geometry":{"type":"Polygon","coordinates":[[[-108.255329,36.77511],[-108.255332,36.77502],[-108.255556,36.775025],[-108.255559,36.774935],[-108.255223,36.774927],[-108.255217,36.775108],[-108.255329,36.77511]]]},"properties":{"class":"invasive_woody","min_prob":0.5}},{"type":"Feature","geometry":{"type":"Polygon","coordinates":[[[-108.260378,36.774956],[-108.260381,36.774866],[-108.260269,36.774864],[-108.260266,36.774954],[-108.260378,36.774956]]]},"properties":{"class":"invasive_woody","min_prob":0.5}},{"type":"Feature","geometry":{"type":"Polygon","coordinates":[[[-108.261053,36.774882],[-108.261056,36.774792],[-108.260944,36.774789],[-108.260941,36.774879],[-108.261053,36.774882]]]},"properties":{"class":"invasive_woody","min_prob":0.5}},{"type":"Feature","geometry":{"type":"Polygon","coordinates":[[[-108.296781,36.775609],[-108.296784,36.775519],[-108.296672,36.775517],[-108.296669,36.775607],[-108.296781,36.775609]]]},"properties":{"class":"invasive_woody","min_prob":0.5}},{"type":"Feature","geometry":{"type":"Polygon","coordinates":[[[-108.255793,36.77467],[-108.255796,36.77458],[-108.255684,36.774577],[-108.255681,36.774668],[-108.255793,36.77467]]]},"properties":{"class":"invasive_woody","min_prob":0.5}},{"type":"Feature","geometry":{"type":"Polygon","coordinates":[[[-108.255569,36.774665],[-108.255572,36.774575],[-108.25546,36.774572],[-108.255457,36.774662],[-108.255569,36.774665]]]},"properties":{"class":"invasive_woody","min_prob":0.5}},{"type":"Feature","geometry":{"type":"Polygon","coordinates":[[[-108.255009,36.774652],[-108.255012,36.774562],[-108.2549,36.774559],[-108.254897,36.774649],[-108.255009,36.774652]]]},"properties":{"class":"invasive_woody","min_prob":0.5}},{"type":"Feature","geometry":{"type":"Polygon","coordinates":[[[-108.261507,36.774712],[-108.26151,36.774622],[-108.261398,36.774619],[-108.261395,36.774709],[-108.261507,36.774712]]]},"properties":{"class":"invasive_woody","min_prob":0.5}},{"type":"Feature","geometry":{"type":"Polygon","coordinates":[[[-108.243369,36.774202],[-108.243372,36.774112],[-108.243148,36.774107],[-108.243145,36.774197],[-108.243369,36.774202]]]},"properties":{"class":"invasive_woody","min_prob":0.5}},{"type":"Feature","geometry":{"type":"Polygon","coordinates":[[[-108.227237,36.774007],[-108.22725,36.773647],[-108.227138,36.773645],[-108.227125,36.774005],[-108.227237,36.774007]]]},"properties":{"class":"invasive_woody","min_prob":0.5}},{"type":"Feature","geometry":{"type":"Polygon","coordinates":[[[-108.243039,36.774014],[-108.243046,36.773834],[-108.242934,36.773832],[-108.242927,36.774012],[-108.243039,36.774014]]]},"properties":{"class":"invasive_woody","min_prob":0.5}},{"type":"Feature","geometry":{"type":"Polygon","coordinates":[[[-108.219085,36.773186],[-108.219091,36.773006],[-108.219203,36.773008],[-108.219213,36.772738],[-108.218989,36.772733],[-108.218973,36.773183],[-108.219085,36.773186]]]},"properties":{"class":"invasive_woody","min_prob":0.5}},{"type":"Feature","geometry":{"type":"Polygon","coordinates":[[[-108.260211,36.773329],[-108.260215,36.773239],[-108.260103,36.773237],[-108.260099,36.773327],[-108.260211,36.773329]]]},"properties":{"class":"invasive_woody","min_prob":0.5}},{"type":"Feature","geometry":{"type":"Polygon","coordinates":[[[-108.21944,36.772653],[-108.219447,36.772473],[-108.219559,36.772476],[-108.219562,36.772386],[-108.219674,36.772388],[-108.219677,36.772298],[-108.219565,36.772296],[-108.219569,36.772205],[-108.219457,36.772203],[-108.219453,36.772293],[-108.219341,36.77229],[-108.219328,36.772651],[-108.21944,36.772653]]]},"properties":{"class":"invasive_woody","min_prob":0.5}},{"type":"Feature","geometry":{"type":"Polygon","coordinates":[[[-108.22002,36.772126],[-108.220023,36.772036],[-108.219911,36.772033],[-108.219908,36.772123],[-108.22002,36.772126]]]},"properties":{"class":"invasive_woody","min_prob":0.5}},{"type":"Feature","geometry":{"type":"Polygon","coordinates":[[[-108.220033,36.771766],[-108.220036,36.771675],[-108.219924,36.771673],[-108.219921,36.771763],[-108.220033,36.771766]]]},"properties":{"class":"invasive_woody","min_prob":0.5}},{"type":"Feature","geometry":{"type":"Polygon","coordinates":[[[-108.22877,36.771879],[-108.228774,36.771789],[-108.228662,36.771787],[-108.228658,36.771877],[-108.22877,36.771879]]]},"properties":{"class":"invasive_woody","min_prob":0.5}},{"type":"Feature","geometry":{"type":"Polygon","coordinates":[[[-108.220148,36.771678],[-108.220151,36.771588],[-108.220039,36.771585],[-108.220036,36.771675],[-108.220148,36.771678]]]},"properties":{"class":"invasive_woody","min_prob":0.5}},{"type":"Feature","geometry":{"type":"Polygon","coordinates":[[[-108.220599,36.771598],[-108.220602,36.771508],[-108.22049,36.771506],[-108.220487,36.771596],[-108.220599,36.771598]]]},"properties":{"class":"invasive_woody","min_prob":0.5}},{"type":"Feature","geometry":{"type":"Polygon","coordinates":[[[-108.196972,36.771044],[-108.196979,36.770864],[-108.196867,36.770861],[-108.19686,36.771041],[-108.196972,36.771044]]]},"properties":{"class":"invasive_woody","min_prob":0.5}},{"type":"Feature","geometry":{"type":"Polygon","coordinates":[[[-108.252405,36.772248],[-108.252411,36.772067],[-108.252299,36.772065],[-108.252293,36.772245],[-108.252405,36.772248]]]},"properties":{"class":"invasive_woody","min_prob":0.5}},{"type":"Feature","geometry":{"type":"Polygon","coordinates":[[[-108.228668,36.771607],[-108.228671,36.771516],[-108.228559,36.771514],[-108.228556,36.771604],[-108.228668,36.771607]]]},"properties":{"class":"invasive_woody","min_prob":0.5}},{"type":"Feature","geometry":{"type":"Polygon","coordinates":[[[-108.220942,36.771426],[-108.220945,36.771336],[-108.220833,36.771333],[-108.22083,36.771424],[-108.220942,36.771426]]]},"properties":{"class":"invasive_woody","min_prob":0.5}},{"type":"Feature","geometry":{"type":"Polygon","coordinates":[[[-108.196867,36.770861],[-108.19687,36.770771],[-108.196758,36.770768],[-108.196755,36.770858],[-108.196867,36.770861]]]},"properties":{"class":"invasive_woody","min_prob":0.5}},{"type":"Feature","geometry":{"type":"Polygon","coordinates":[[[-108.252414,36.771977],[-108.252418,36.771887],[-108.252306,36.771885],[-108.252302,36.771975],[-108.252414,36.771977]]]},"properties":{"class":"invasive_woody","min_prob":0.5}},{"type":"Feature","geometry":{"type":"Polygon","coordinates":[[[-108.221284,36.771254],[-108.221287,36.771164],[-108.221175,36.771161],[-108.221172,36.771251],[-108.221284,36.771254]]]},"properties":{"class":"invasive_woody","min_prob":0.5}},{"type":"Feature","geometry":{"type":"Polygon","coordinates":[[[-108.19441,36.770623],[-108.194413,36.770533],[-108.194077,36.770525],[-108.194074,36.770615],[-108.19441,36.770623]]]},"properties":{"class":"invasive_woody","min_prob":0.5}},{"type":"Feature","geometry":{"type":"Polygon","coordinates":[[[-108.252987,36.77163],[-108.25299,36.77154],[-108.252878,36.771537],[-108.252875,36.771627],[-108.252987,36.77163]]]},"properties":{"class":"invasive_woody","min_prob":0.5}},{"type":"Feature","geometry":{"type":"Polygon","coordinates":[[[-108.306183,36.772757],[-108.306186,36.772667],[-108.30585,36.772659],[-108.305847,36.77275],[-108.306183,36.772757]]]},"properties":{"class":"invasive_woody","min_prob":0.5}},{"type":"Feature","geometry":{"type":"Polygon","coordinates":[[[-108.307082,36.772687],[-108.307088,36.772507],[-108.306976,36.772505],[-108.30697,36.772685],[-108.307082,36.772687]]]},"properties":{"class":"invasive_woody","min_prob":0.5}},{"type":"Feature","geometry":{"type":"Polygon","coordinates":[[[-108.222311,36.770737],[-108.222321,36.770467],[-108.222209,36.770464],[-108.222199,36.770734],[-108.222311,36.770737]]]},"properties":{"class":"invasive_woody","min_prob":0.5}},{"type":"Feature","geometry":{"type":"Polygon","coordinates":[[[-108.303393,36.772423],[-108.303396,36.772333],[-108.303284,36.772331],[-108.303281,36.772421],[-108.303393,36.772423]]]},"properties":{"class":"invasive_woody","min_prob":0.5}},{"type":"Feature","geometry":{"type":"Polygon","coordinates":[[[-108.299025,36.772324],[-108.299029,36.772234],[-108.298917,36.772232],[-108.298913,36.772322],[-108.299025,36.772324]]]},"properties":{"class":"invasive_woody","min_prob":0.5}},{"type":"Feature","geometry":{"type":"Polygon","coordinates":[[[-108.298923,36.772051],[-108.298926,36.771961],[-108.298814,36.771959],[-108.298811,36.772049],[-108.298923,36.772051]]]},"properties":{"class":"invasive_woody","min_prob":0.5}},{"type":"Feature","geometry":{"type":"Polygon","coordinates":[[[-108.222552,36.770292],[-108.222555,36.770202],[-108.222443,36.770199],[-108.22244,36.770289],[-108.222552,36.770292]]]},"properties":{"class":"invasive_woody","min_prob":0.5}},{"type":"Feature","geometry":{"type":"Polygon","coordinates":[[[-108.253563,36.771192],[-108.253579,36.770742],[-108.253467,36.770739],[-108.253451,36.77119],[-108.253563,36.771192]]]},"properties":{"class":"invasive_woody","min_prob":0.5}},{"type":"Feature","geometry":{"type":"Polygon","coordinates":[[[-108.221886,36.770096],[-108.221889,36.770006],[-108.221777,36.770003],[-108.221774,36.770093],[-108.221886,36.770096]]]},"properties":{"class":"invasive_woody","min_prob":0.5}},{"type":"Feature","geometry":{"type":"Polygon","coordinates":[[[-108.253243,36.770734],[-108.253247,36.770644],[-108.253135,36.770642],[-108.253131,36.770732],[-108.253243,36.770734]]]},"properties":{"class":"invasive_woody","min_prob":0.5}},{"type":"Feature","geometry":{"type":"Polygon","coordinates":[[[-108.221777,36.770003],[-108.221781,36.769913],[-108.221669,36.76991],[-108.221665,36.77],[-108.221777,36.770003]]]},"properties":{"class":"invasive_woody","min_prob":0.5}},{"type":"Feature","geometry":{"type":"Polygon","coordinates":[[[-108.201958,36.769538],[-108.201961,36.769448],[-108.201849,36.769446],[-108.201846,36.769536],[-108.201958,36.769538]]]},"properties":{"class":"invasive_woody","min_prob":0.5}},{"type":"Feature","geometry":{"type":"Polygon","coordinates":[[[-108.221669,36.76991],[-108.221672,36.76982],[-108.22156,36.769818],[-108.221557,36.769908],[-108.221669,36.76991]]]},"properties":{"class":"invasive_woody","min_prob":0.5}},{"type":"Feature","geometry":{"type":"Polygon","coordinates":[[[-108.221445,36.769905],[-108.221448,36.769815],[-108.221336,36.769812],[-108.221333,36.769903],[-108.221445,36.769905]]]},"properties":{"class":"invasive_woody","min_prob":0.5}},{"type":"Feature","geometry":{"type":"Polygon","coordinates":[[[-108.22156,36.769818],[-108.221563,36.769728],[-108.221451,36.769725],[-108.221448,36.769815],[-108.22156,36.769818]]]},"properties":{"class":"invasive_woody","min_prob":0.5}},{"type":"Feature","geometry":{"type":"Polygon","coordinates":[[[-108.308688,36.771642],[-108.308691,36.771552],[-108.308579,36.771549],[-108.308576,36.771639],[-108.308688,36.771642]]]},"properties":{"class":"invasive_woody","min_prob":0.5}},{"type":"Feature","geometry":{"type":"Polygon","coordinates":[[[-108.201859,36.769175],[-108.201862,36.769085],[-108.20175,36.769083],[-108.201747,36.769173],[-108.201859,36.769175]]]},"properties":{"class":"invasive_woody","min_prob":0.5}},{"type":"Feature","geometry":{"type":"Polygon","coordinates":[[[-108.201754,36.768992],[-108.20176,36.768812],[-108.201648,36.76881],[-108.201642,36.76899],[-108.201754,36.768992]]]},"properties":{"class":"invasive_woody","min_prob":0.5}},{"type":"Feature","geometry":{"type":"Polygon","coordinates":[[[-108.197163,36.768884],[-108.197173,36.768614],[-108.197061,36.768611],[-108.197051,36.768882],[-108.197163,36.768884]]]},"properties":{"class":"invasive_woody","min_prob":0.5}},{"type":"Feature","geometry":{"type":"Polygon","coordinates":[[[-108.218431,36.769564],[-108.218441,36.769294],[-108.218553,36.769297],[-108.218559,36.769116],[-108.218447,36.769114],[-108.218444,36.769204],[-108.218332,36.769201],[-108.218319,36.769562],[-108.218431,36.769564]]]},"properties":{"class":"invasive_woody","min_prob":0.5}},{"type":"Feature","geometry":{"type":"Polygon","coordinates":[[[-108.308812,36.771284],[-108.308816,36.771194],[-108.308928,36.771196],[-108.308931,36.771106],[-108.308707,36.771101],[-108.3087,36.771281],[-108.308812,36.771284]]]},"properties":{"class":"invasive_woody","min_prob":0.5}},{"type":"Feature","geometry":{"type":"Polygon","coordinates":[[[-108.218464,36.768663],[-108.218467,36.768573],[-108.218355,36.768571],[-108.218352,36.768661],[-108.218464,36.768663]]]},"properties":{"class":"invasive_woody","min_prob":0.5}},{"type":"Feature","geometry":{"type":"Polygon","coordinates":[[[-108.197301,36.768166],[-108.197304,36.768076],[-108.197192,36.768074],[-108.197189,36.768164],[-108.197301,36.768166]]]},"properties":{"class":"invasive_woody","min_prob":0.5}},{"type":"Feature","geometry":{"type":"Polygon","coordinates":[[[-108.218671,36.769119],[-108.218697,36.768398],[-108.218585,36.768396],[-108.218559,36.769116],[-108.218671,36.769119]]]},"properties":{"class":"invasive_woody","min_prob":0.5}},{"type":"Feature","geometry":{"type":"Polygon","coordinates":[[[-108.218355,36.768571],[-108.218362,36.76839],[-108.21825,36.768388],[-108.218246,36.768478],[-108.218134,36.768475],[-108.218131,36.768565],[-108.218355,36.768571]]]},"properties":{"class":"invasive_woody","min_prob":0.5}},{"type":"Feature","geometry":{"type":"Polygon","coordinates":[[[-108.218809,36.768401],[-108.218813,36.768311],[-108.218701,36.768308],[-108.218697,36.768398],[-108.218809,36.768401]]]},"properties":{"class":"invasive_woody","min_prob":0.5}},{"type":"Feature","geometry":{"type":"Polygon","coordinates":[[[-108.300781,36.7702],[-108.300787,36.77002],[-108.300675,36.770017],[-108.300669,36.770198],[-108.300781,36.7702]]]},"properties":{"class":"invasive_woody","min_prob":0.5}},{"type":"Feature","geometry":{"type":"Polygon","coordinates":[[[-108.219037,36.768316],[-108.219046,36.768046],[-108.218822,36.768041],[-108.218819,36.768131],[-108.218707,36.768128],[-108.218704,36.768218],[-108.218816,36.768221],[-108.218813,36.768311],[-108.219037,36.768316]]]},"properties":{"class":"invasive_woody","min_prob":0.5}},{"type":"Feature","geometry":{"type":"Polygon","coordinates":[[[-108.308626,36.770198],[-108.308629,36.770108],[-108.308517,36.770105],[-108.308514,36.770195],[-108.308626,36.770198]]]},"properties":{"class":"invasive_woody","min_prob":0.5}},{"type":"Feature","geometry":{"type":"Polygon","coordinates":[[[-108.323076,36.770434],[-108.323079,36.770344],[-108.322967,36.770341],[-108.322964,36.770431],[-108.323076,36.770434]]]},"properties":{"class":"invasive_woody","min_prob":0.5}},{"type":"Feature","geometry":{"type":"Polygon","coordinates":[[[-108.308517,36.770105],[-108.308521,36.770015],[-108.308409,36.770012],[-108.308405,36.770103],[-108.308517,36.770105]]]},"properties":{"class":"invasive_woody","min_prob":0.5}},{"type":"Feature","geometry":{"type":"Polygon","coordinates":[[[-108.308633,36.770018],[-108.308636,36.769927],[-108.308524,36.769925],[-108.308521,36.770015],[-108.308633,36.770018]]]},"properties":{"class":"invasive_woody","min_prob":0.5}},{"type":"Feature","geometry":{"type":"Polygon","coordinates":[[[-108.308639,36.769837],[-108.308645,36.769657],[-108.308533,36.769655],[-108.308527,36.769835],[-108.308639,36.769837]]]},"properties":{"class":"invasive_woody","min_prob":0.5}},{"type":"Feature","geometry":{"type":"Polygon","coordinates":[[[-108.305401,36.769494],[-108.305404,36.769403],[-108.305292,36.769401],[-108.305289,36.769491],[-108.305401,36.769494]]]},"properties":{"class":"invasive_woody","min_prob":0.5}},{"type":"Feature","geometry":{"type":"Polygon","coordinates":[[[-108.305516,36.769406],[-108.305519,36.769316],[-108.305407,36.769313],[-108.305404,36.769403],[-108.305516,36.769406]]]},"properties":{"class":"invasive_woody","min_prob":0.5}},{"type":"Feature","geometry":{"type":"Polygon","coordinates":[[[-108.218509,36.767402],[-108.218513,36.767312],[-108.218401,36.767309],[-108.218397,36.7674],[-108.218509,36.767402]]]},"properties":{"class":"invasive_woody","min_prob":0.5}},{"type":"Feature","geometry":{"type":"Polygon","coordinates":[[[-108.309336,36.769132],[-108.309339,36.769042],[-108.308779,36.769029],[-108.308776,36.769119],[-108.309336,36.769132]]]},"properties":{"class":"invasive_woody","min_prob":0.5}},{"type":"Feature","geometry":{"type":"Polygon","coordinates":[[[-108.218625,36.767315],[-108.218641,36.766864],[-108.218529,36.766862],[-108.218513,36.767312],[-108.218625,36.767315]]]},"properties":{"class":"invasive_woody","min_prob":0.5}},{"type":"Feature","geometry":{"type":"Polygon","coordinates":[[[-108.309563,36.769047],[-108.309566,36.768957],[-108.309454,36.768954],[-108.309451,36.769044],[-108.309563,36.769047]]]},"properties":{"class":"invasive_woody","min_prob":0.5}},{"type":"Feature","geometry":{"type":"Polygon","coordinates":[[[-108.305756,36.768961],[-108.305759,36.768871],[-108.305647,36.768868],[-108.305644,36.768958],[-108.305756,36.768961]]]},"properties":{"class":"invasive_woody","min_prob":0.5}},{"type":"Feature","geometry":{"type":"Polygon","coordinates":[[[-108.234765,36.76724],[-108.234768,36.76715],[-108.234656,36.767148],[-108.234653,36.767238],[-108.234765,36.76724]]]},"properties":{"class":"invasive_woody","min_prob":0.5}},{"type":"Feature","geometry":{"type":"Polygon","coordinates":[[[-108.309233,36.768859],[-108.309237,36.768769],[-108.309125,36.768766],[-108.309121,36.768857],[-108.309233,36.768859]]]},"properties":{"class":"invasive_woody","min_prob":0.5}},{"type":"Feature","geometry":{"type":"Polygon","coordinates":[[[-108.193451,36.766182],[-108.193454,36.766092],[-108.193342,36.766089],[-108.193339,36.766179],[-108.193451,36.766182]]]},"properties":{"class":"invasive_woody","min_prob":0.5}},{"type":"Feature","geometry":{"type":"Polygon","coordinates":[[[-108.237472,36.766762],[-108.237475,36.766672],[-108.237363,36.76667],[-108.23736,36.76676],[-108.237472,36.766762]]]},"properties":{"class":"invasive_woody","min_prob":0.5}},{"type":"Feature","geometry":{"type":"Polygon","coordinates":[[[-108.20422,36.765895],[-108.204223,36.765805],[-108.204111,36.765802],[-108.204108,36.765892],[-108.20422,36.765895]]]},"properties":{"class":"invasive_woody","min_prob":0.5}},{"type":"Feature","geometry":{"type":"Polygon","coordinates":[[[-108.306456,36.768165],[-108.306459,36.768075],[-108.306347,36.768072],[-108.306344,36.768162],[-108.306456,36.768165]]]},"properties":{"class":"invasive_woody","min_prob":0.5}},{"type":"Feature","geometry":{"type":"Polygon","coordinates":[[[-108.319129,36.76791],[-108.319132,36.76782],[-108.31902,36.767818],[-108.319017,36.767908],[-108.319129,36.76791]]]},"properties":{"class":"invasive_woody","min_prob":0.5}},{"type":"Feature","geometry":{"type":"Polygon","coordinates":[[[-108.21891,36.765608],[-108.218914,36.765518],[-108.218802,36.765516],[-108.218798,36.765606],[-108.21891,36.765608]]]},"properties":{"class":"invasive_woody","min_prob":0.5}},{"type":"Feature","geometry":{"type":"Polygon","coordinates":[[[-108.31902,36.767818],[-108.319023,36.767728],[-108.318911,36.767725],[-108.318908,36.767815],[-108.31902,36.767818]]]},"properties":{"class":"invasive_woody","min_prob":0.5}},{"type":"Feature","geometry":{"type":"Polygon","coordinates":[[[-108.221489,36.765578],[-108.221492,36.765488],[-108.22138,36.765486],[-108.221377,36.765576],[-108.221489,36.765578]]]},"properties":{"class":"invasive_woody","min_prob":0.5}},{"type":"Feature","geometry":{"type":"Polygon","coordinates":[[[-108.319135,36.76773],[-108.319138,36.76764],[-108.319026,36.767638],[-108.319023,36.767728],[-108.319135,36.76773]]]},"properties":{"class":"invasive_woody","min_prob":0.5}},{"type":"Feature","geometry":{"type":"Polygon","coordinates":[[[-108.221268,36.765483],[-108.221271,36.765393],[-108.22116,36.76539],[-108.221156,36.765481],[-108.221268,36.765483]]]},"properties":{"class":"invasive_woody","min_prob":0.5}},{"type":"Feature","geometry":{"type":"Polygon","coordinates":[[[-108.319922,36.767658],[-108.319925,36.767568],[-108.319813,36.767565],[-108.31981,36.767655],[-108.319922,36.767658]]]},"properties":{"class":"invasive_woody","min_prob":0.5}},{"type":"Feature","geometry":{"type":"Polygon","coordinates":[[[-108.31074,36.767451],[-108.310743,36.76736],[-108.310631,36.767358],[-108.310628,36.767448],[-108.31074,36.767451]]]},"properties":{"class":"invasive_woody","min_prob":0.5}},{"type":"Feature","geometry":{"type":"Polygon","coordinates":[[[-108.201341,36.764926],[-108.201344,36.764835],[-108.201232,36.764833],[-108.201229,36.764923],[-108.201341,36.764926]]]},"properties":{"class":"invasive_woody","min_prob":0.5}},{"type":"Feature","geometry":{"type":"Polygon","coordinates":[[[-108.222859,36.764889],[-108.222862,36.764799],[-108.222638,36.764794],[-108.222635,36.764884],[-108.222859,36.764889]]]},"properties":{"class":"invasive_woody","min_prob":0.5}},{"type":"Feature","geometry":{"type":"Polygon","coordinates":[[[-108.30808,36.766579],[-108.308084,36.766489],[-108.307972,36.766486],[-108.307968,36.766576],[-108.30808,36.766579]]]},"properties":{"class":"invasive_woody","min_prob":0.5}},{"type":"Feature","geometry":{"type":"Polygon","coordinates":[[[-108.308308,36.766494],[-108.308311,36.766404],[-108.308199,36.766401],[-108.308196,36.766491],[-108.308308,36.766494]]]},"properties":{"class":"invasive_woody","min_prob":0.5}},{"type":"Feature","geometry":{"type":"Polygon","coordinates":[[[-108.308202,36.766311],[-108.308205,36.766221],[-108.308093,36.766219],[-108.30809,36.766309],[-108.308202,36.766311]]]},"properties":{"class":"invasive_woody","min_prob":0.5}},{"type":"Feature","geometry":{"type":"Polygon","coordinates":[[[-108.200709,36.763829],[-108.200712,36.763739],[-108.2006,36.763736],[-108.200597,36.763826],[-108.200709,36.763829]]]},"properties":{"class":"invasive_woody","min_prob":0.5}},{"type":"Feature","geometry":{"type":"Polygon","coordinates":[[[-108.239901,36.764655],[-108.239904,36.764565],[-108.239792,36.764562],[-108.239789,36.764652],[-108.239901,36.764655]]]},"properties":{"class":"invasive_woody","min_prob":0.5}},{"type":"Feature","geometry":{"type":"Polygon","coordinates":[[[-108.308442,36.765866],[-108.308445,36.765776],[-108.308333,36.765773],[-108.30833,36.765863],[-108.308442,36.765866]]]},"properties":{"class":"invasive_woody","min_prob":0.5}},{"type":"Feature","geometry":{"type":"Polygon","coordinates":[[[-108.306538,36.765823],[-108.306541,36.765733],[-108.306429,36.76573],[-108.306426,36.76582],[-108.306538,36.765823]]]},"properties":{"class":"invasive_woody","min_prob":0.5}},{"type":"Feature","geometry":{"type":"Polygon","coordinates":[[[-108.306093,36.765722],[-108.306096,36.765632],[-108.305984,36.76563],[-108.305981,36.76572],[-108.306093,36.765722]]]},"properties":{"class":"invasive_woody","min_prob":0.5}},{"type":"Feature","geometry":{"type":"Polygon","coordinates":[[[-108.205095,36.763391],[-108.205098,36.763301],[-108.204986,36.763298],[-108.204983,36.763388],[-108.205095,36.763391]]]},"properties":{"class":"invasive_woody","min_prob":0.5}},{"type":"Feature","geometry":{"type":"Polygon","coordinates":[[[-108.307328,36.76566],[-108.307331,36.76557],[-108.307219,36.765568],[-108.307216,36.765658],[-108.307328,36.76566]]]},"properties":{"class":"invasive_woody","min_prob":0.5}},{"type":"Feature","geometry":{"type":"Polygon","coordinates":[[[-108.307555,36.765575],[-108.307558,36.765485],[-108.307446,36.765483],[-108.307443,36.765573],[-108.307555,36.765575]]]},"properties":{"class":"invasive_woody","min_prob":0.5}},{"type":"Feature","geometry":{"type":"Polygon","coordinates":[[[-108.316853,36.765695],[-108.316856,36.765605],[-108.316744,36.765603],[-108.316741,36.765693],[-108.316853,36.765695]]]},"properties":{"class":"invasive_woody","min_prob":0.5}},{"type":"Feature","geometry":{"type":"Polygon","coordinates":[[[-108.237239,36.763872],[-108.237242,36.763782],[-108.23713,36.763779],[-108.237127,36.763869],[-108.237239,36.763872]]]},"properties":{"class":"invasive_woody","min_prob":0.5}},{"type":"Feature","geometry":{"type":"Polygon","coordinates":[[[-108.200636,36.762745],[-108.200639,36.762655],[-108.200527,36.762652],[-108.200524,36.762742],[-108.200636,36.762745]]]},"properties":{"class":"invasive_woody","min_prob":0.5}},{"type":"Feature","geometry":{"type":"Polygon","coordinates":[[[-108.198407,36.762422],[-108.198413,36.762242],[-108.198301,36.762239],[-108.198305,36.762149],[-108.198193,36.762147],[-108.198183,36.762417],[-108.198407,36.762422]]]},"properties":{"class":"invasive_woody","min_prob":0.5}},{"type":"Feature","geometry":{"type":"Polygon","coordinates":[[[-108.310399,36.764377],[-108.310402,36.764287],[-108.31029,36.764285],[-108.310287,36.764375],[-108.310399,36.764377]]]},"properties":{"class":"invasive_woody","min_prob":0.5}},{"type":"Feature","geometry":{"type":"Polygon","coordinates":[[[-108.31085,36.764297],[-108.310853,36.764207],[-108.310741,36.764205],[-108.310738,36.764295],[-108.31085,36.764297]]]},"properties":{"class":"invasive_woody","min_prob":0.5}},{"type":"Feature","geometry":{"type":"Polygon","coordinates":[[[-108.205934,36.761878],[-108.205938,36.761788],[-108.205826,36.761785],[-108.205822,36.761875],[-108.205934,36.761878]]]},"properties":{"class":"invasive_woody","min_prob":0.5}},{"type":"Feature","geometry":{"type":"Polygon","coordinates":[[[-108.191597,36.76172],[-108.1916,36.76163],[-108.191824,36.761636],[-108.19183,36.761456],[-108.191718,36.761453],[-108.191715,36.761543],[-108.191155,36.76153],[-108.191162,36.76135],[-108.19105,36.761347],[-108.191037,36.761707],[-108.191597,36.76172]]]},"properties":{"class":"invasive_woody","min_prob":0.5}},{"type":"Feature","geometry":{"type":"Polygon","coordinates":[[[-108.310965,36.76421],[-108.310968,36.76412],[-108.310856,36.764117],[-108.310853,36.764207],[-108.310965,36.76421]]]},"properties":{"class":"invasive_woody","min_prob":0.5}},{"type":"Feature","geometry":{"type":"Polygon","coordinates":[[[-108.20605,36.761791],[-108.206053,36.7617],[-108.205941,36.761698],[-108.205938,36.761788],[-108.20605,36.761791]]]},"properties":{"class":"invasive_woody","min_prob":0.5}},{"type":"Feature","geometry":{"type":"Polygon","coordinates":[[[-108.31108,36.764122],[-108.311083,36.764032],[-108.310971,36.76403],[-108.310968,36.76412],[-108.31108,36.764122]]]},"properties":{"class":"invasive_woody","min_prob":0.5}},{"type":"Feature","geometry":{"type":"Polygon","coordinates":[[[-108.196319,36.761291],[-108.196322,36.761201],[-108.19621,36.761198],[-108.196207,36.761288],[-108.196319,36.761291]]]},"properties":{"class":"invasive_woody","min_prob":0.5}},{"type":"Feature","geometry":{"type":"Polygon","coordinates":[[[-108.227784,36.761939],[-108.227787,36.761849],[-108.227563,36.761843],[-108.22756,36.761933],[-108.227784,36.761939]]]},"properties":{"class":"invasive_woody","min_prob":0.5}},{"type":"Feature","geometry":{"type":"Polygon","coordinates":[[[-108.311205,36.763764],[-108.311208,36.763674],[-108.310984,36.763669],[-108.310981,36.763759],[-108.311205,36.763764]]]},"properties":{"class":"invasive_woody","min_prob":0.5}},{"type":"Feature","geometry":{"type":"Polygon","coordinates":[[[-108.228011,36.761854],[-108.228014,36.761764],[-108.227902,36.761761],[-108.227899,36.761851],[-108.228011,36.761854]]]},"properties":{"class":"invasive_woody","min_prob":0.5}},{"type":"Feature","geometry":{"type":"Polygon","coordinates":[[[-108.228238,36.761769],[-108.228241,36.761679],[-108.228129,36.761676],[-108.228126,36.761766],[-108.228238,36.761769]]]},"properties":{"class":"invasive_woody","min_prob":0.5}},{"type":"Feature","geometry":{"type":"Polygon","coordinates":[[[-108.22779,36.761758],[-108.227793,36.761668],[-108.227681,36.761666],[-108.227678,36.761756],[-108.22779,36.761758]]]},"properties":{"class":"invasive_woody","min_prob":0.5}},{"type":"Feature","geometry":{"type":"Polygon","coordinates":[[[-108.227454,36.761751],[-108.227457,36.761661],[-108.227345,36.761658],[-108.227342,36.761748],[-108.227454,36.761751]]]},"properties":{"class":"invasive_woody","min_prob":0.5}},{"type":"Feature","geometry":{"type":"Polygon","coordinates":[[[-108.311323,36.763587],[-108.311326,36.763497],[-108.311214,36.763494],[-108.311211,36.763584],[-108.311323,36.763587]]]},"properties":{"class":"invasive_woody","min_prob":0.5}},{"type":"Feature","geometry":{"type":"Polygon","coordinates":[[[-108.228129,36.761676],[-108.228132,36.761586],[-108.22802,36.761584],[-108.228017,36.761674],[-108.228129,36.761676]]]},"properties":{"class":"invasive_woody","min_prob":0.5}},{"type":"Feature","geometry":{"type":"Polygon","coordinates":[[[-108.20003,36.760928],[-108.200033,36.760838],[-108.199921,36.760835],[-108.199918,36.760925],[-108.20003,36.760928]]]},"properties":{"class":"invasive_woody","min_prob":0.5}},{"type":"Feature","geometry":{"type":"Polygon","coordinates":[[[-108.227797,36.761578],[-108.227803,36.761398],[-108.227691,36.761396],[-108.227685,36.761576],[-108.227797,36.761578]]]},"properties":{"class":"invasive_woody","min_prob":0.5}},{"type":"Feature","geometry":{"type":"Polygon","coordinates":[[[-108.228024,36.761493],[-108.228027,36.761403],[-108.227915,36.761401],[-108.227912,36.761491],[-108.228024,36.761493]]]},"properties":{"class":"invasive_woody","min_prob":0.5}},{"type":"Feature","geometry":{"type":"Polygon","coordinates":[[[-108.310872,36.763667],[-108.310878,36.763486],[-108.31099,36.763489],[-108.310993,36.763399],[-108.311105,36.763401],[-108.311102,36.763492],[-108.311214,36.763494],[-108.31122,36.763314],[-108.311108,36.763311],[-108.311111,36.763221],[-108.310888,36.763216],[-108.310891,36.763126],[-108.310779,36.763124],[-108.31076,36.763664],[-108.310872,36.763667]],[[-108.310993,36.763399],[-108.310881,36.763396],[-108.310884,36.763306],[-108.310996,36.763309],[-108.310993,36.763399]]]},"properties":{"class":"invasive_woody","min_prob":0.5}},{"type":"Feature","geometry":{"type":"Polygon","coordinates":[[[-108.225238,36.761068],[-108.225241,36.760978],[-108.225129,36.760975],[-108.225126,36.761065],[-108.225238,36.761068]]]},"properties":{"class":"invasive_woody","min_prob":0.5}},{"type":"Feature","geometry":{"type":"Polygon","coordinates":[[[-108.229387,36.760984],[-108.22939,36.760894],[-108.229278,36.760892],[-108.229275,36.760982],[-108.229387,36.760984]]]},"properties":{"class":"invasive_woody","min_prob":0.5}},{"type":"Feature","geometry":{"type":"Polygon","coordinates":[[[-108.310343,36.762753],[-108.310347,36.762663],[-108.310235,36.76266],[-108.310231,36.762751],[-108.310343,36.762753]]]},"properties":{"class":"invasive_woody","min_prob":0.5}},{"type":"Feature","geometry":{"type":"Polygon","coordinates":[[[-108.310906,36.762676],[-108.310913,36.762495],[-108.310801,36.762493],[-108.310798,36.762583],[-108.310686,36.76258],[-108.310682,36.762671],[-108.310906,36.762676]]]},"properties":{"class":"invasive_woody","min_prob":0.5}},{"type":"Feature","geometry":{"type":"Polygon","coordinates":[[[-108.225244,36.760888],[-108.225247,36.760798],[-108.225359,36.7608],[-108.225363,36.76071],[-108.225475,36.760713],[-108.225481,36.760533],[-108.225369,36.76053],[-108.225366,36.76062],[-108.225254,36.760617],[-108.225251,36.760707],[-108.225139,36.760705],[-108.225132,36.760885],[-108.225244,36.760888]]]},"properties":{"class":"invasive_woody","min_prob":0.5}},{"type":"Feature","geometry":{"type":"Polygon","coordinates":[[[-108.225926,36.760633],[-108.225932,36.760453],[-108.22582,36.76045],[-108.225814,36.76063],[-108.225926,36.760633]]]},"properties":{"class":"invasive_woody","min_prob":0.5}},{"type":"Feature","geometry":{"type":"Polygon","coordinates":[[[-108.226383,36.760373],[-108.226386,36.760283],[-108.226275,36.760281],[-108.226271,36.760371],[-108.226383,36.760373]]]},"properties":{"class":"invasive_woody","min_prob":0.5}},{"type":"Feature","geometry":{"type":"Polygon","coordinates":[[[-108.216531,36.760143],[-108.216534,36.760053],[-108.216422,36.76005],[-108.216419,36.76014],[-108.216531,36.760143]]]},"properties":{"class":"invasive_woody","min_prob":0.5}},{"type":"Feature","geometry":{"type":"Polygon","coordinates":[[[-108.226498,36.760286],[-108.226502,36.760196],[-108.22639,36.760193],[-108.226386,36.760283],[-108.226498,36.760286]]]},"properties":{"class":"invasive_woody","min_prob":0.5}},{"type":"Feature","geometry":{"type":"Polygon","coordinates":[[[-108.197056,36.759505],[-108.197059,36.759415],[-108.196947,36.759412],[-108.196944,36.759502],[-108.197056,36.759505]]]},"properties":{"class":"invasive_woody","min_prob":0.5}},{"type":"Feature","geometry":{"type":"Polygon","coordinates":[[[-108.310145,36.762027],[-108.310148,36.761937],[-108.310036,36.761935],[-108.310033,36.762025],[-108.310145,36.762027]]]},"properties":{"class":"invasive_woody","min_prob":0.5}},{"type":"Feature","geometry":{"type":"Polygon","coordinates":[[[-108.226729,36.760111],[-108.226732,36.760021],[-108.22662,36.760018],[-108.226617,36.760108],[-108.226729,36.760111]]]},"properties":{"class":"invasive_woody","min_prob":0.5}},{"type":"Feature","geometry":{"type":"Polygon","coordinates":[[[-108.19919,36.759375],[-108.199193,36.759285],[-108.198969,36.75928],[-108.198966,36.75937],[-108.19919,36.759375]]]},"properties":{"class":"invasive_woody","min_prob":0.5}},{"type":"Feature","geometry":{"type":"Polygon","coordinates":[[[-108.226735,36.759931],[-108.226739,36.759841],[-108.226627,36.759838],[-108.226623,36.759928],[-108.226735,36.759931]]]},"properties":{"class":"invasive_woody","min_prob":0.5}},{"type":"Feature","geometry":{"type":"Polygon","coordinates":[[[-108.200649,36.759319],[-108.200652,36.759229],[-108.20054,36.759227],[-108.200537,36.759317],[-108.200649,36.759319]]]},"properties":{"class":"invasive_woody","min_prob":0.5}},{"type":"Feature","geometry":{"type":"Polygon","coordinates":[[[-108.226854,36.759753],[-108.226857,36.759663],[-108.226745,36.75966],[-108.226742,36.75975],[-108.226854,36.759753]]]},"properties":{"class":"invasive_woody","min_prob":0.5}},{"type":"Feature","geometry":{"type":"Polygon","coordinates":[[[-108.226745,36.75966],[-108.226748,36.75957],[-108.226524,36.759565],[-108.226521,36.759655],[-108.226745,36.75966]]]},"properties":{"class":"invasive_woody","min_prob":0.5}},{"type":"Feature","geometry":{"type":"Polygon","coordinates":[[[-108.191478,36.758833],[-108.191481,36.758742],[-108.191369,36.75874],[-108.191366,36.75883],[-108.191478,36.758833]]]},"properties":{"class":"invasive_woody","min_prob":0.5}},{"type":"Feature","geometry":{"type":"Polygon","coordinates":[[[-108.228658,36.759435],[-108.228661,36.759344],[-108.228549,36.759342],[-108.228546,36.759432],[-108.228658,36.759435]]]},"properties":{"class":"invasive_woody","min_prob":0.5}},{"type":"Feature","geometry":{"type":"Polygon","coordinates":[[[-108.228214,36.759334],[-108.228217,36.759244],[-108.228105,36.759241],[-108.228102,36.759331],[-108.228214,36.759334]]]},"properties":{"class":"invasive_woody","min_prob":0.5}},{"type":"Feature","geometry":{"type":"Polygon","coordinates":[[[-108.191491,36.758472],[-108.191494,36.758382],[-108.191382,36.758379],[-108.191379,36.75847],[-108.191491,36.758472]]]},"properties":{"class":"invasive_woody","min_prob":0.5}},{"type":"Feature","geometry":{"type":"Polygon","coordinates":[[[-108.3123,36.761265],[-108.312307,36.761084],[-108.312195,36.761082],[-108.312192,36.761172],[-108.31208,36.761169],[-108.312076,36.76126],[-108.3123,36.761265]]]},"properties":{"class":"invasive_woody","min_prob":0.5}},{"type":"Feature","geometry":{"type":"Polygon","coordinates":[[[-108.238069,36.759473],[-108.238073,36.759383],[-108.237961,36.759381],[-108.237957,36.759471],[-108.238069,36.759473]]]},"properties":{"class":"invasive_woody","min_prob":0.5}},{"type":"Feature","geometry":{"type":"Polygon","coordinates":[[[-108.323728,36.761342],[-108.323731,36.761252],[-108.323507,36.761247],[-108.323504,36.761337],[-108.323728,36.761342]]]},"properties":{"class":"invasive_woody","min_prob":0.5}},{"type":"Feature","geometry":{"type":"Polygon","coordinates":[[[-108.228332,36.759156],[-108.228335,36.759066],[-108.228223,36.759064],[-108.22822,36.759154],[-108.228332,36.759156]]]},"properties":{"class":"invasive_woody","min_prob":0.5}},{"type":"Feature","geometry":{"type":"Polygon","coordinates":[[[-108.228447,36.759069],[-108.22845,36.758979],[-108.228338,36.758976],[-108.228335,36.759066],[-108.228447,36.759069]]]},"properties":{"class":"invasive_woody","min_prob":0.5}},{"type":"Feature","geometry":{"type":"Polygon","coordinates":[[[-108.214004,36.758731],[-108.214008,36.758641],[-108.213896,36.758639],[-108.213892,36.758729],[-108.214004,36.758731]]]},"properties":{"class":"invasive_woody","min_prob":0.5}},{"type":"Feature","geometry":{"type":"Polygon","coordinates":[[[-108.326089,36.761125],[-108.326092,36.761035],[-108.325868,36.76103],[-108.325865,36.76112],[-108.326089,36.761125]]]},"properties":{"class":"invasive_woody","min_prob":0.5}},{"type":"Feature","geometry":{"type":"Polygon","coordinates":[[[-108.312319,36.760724],[-108.312322,36.760634],[-108.31221,36.760631],[-108.312207,36.760721],[-108.312319,36.760724]]]},"properties":{"class":"invasive_woody","min_prob":0.5}},{"type":"Feature","geometry":{"type":"Polygon","coordinates":[[[-108.229017,36.758812],[-108.22902,36.758722],[-108.228908,36.758719],[-108.228905,36.758809],[-108.229017,36.758812]]]},"properties":{"class":"invasive_woody","min_prob":0.5}},{"type":"Feature","geometry":{"type":"Polygon","coordinates":[[[-108.326095,36.760944],[-108.326098,36.760854],[-108.325986,36.760852],[-108.325983,36.760942],[-108.326095,36.760944]]]},"properties":{"class":"invasive_woody","min_prob":0.5}},{"type":"Feature","geometry":{"type":"Polygon","coordinates":[[[-108.228562,36.758981],[-108.228579,36.758531],[-108.228467,36.758528],[-108.22845,36.758979],[-108.228562,36.758981]]]},"properties":{"class":"invasive_woody","min_prob":0.5}},{"type":"Feature","geometry":{"type":"Polygon","coordinates":[[[-108.325868,36.76103],[-108.325877,36.760759],[-108.325765,36.760757],[-108.325756,36.761027],[-108.325868,36.76103]]]},"properties":{"class":"invasive_woody","min_prob":0.5}},{"type":"Feature","geometry":{"type":"Polygon","coordinates":[[[-108.32621,36.760857],[-108.326213,36.760767],[-108.326101,36.760764],[-108.326098,36.760854],[-108.32621,36.760857]]]},"properties":{"class":"invasive_woody","min_prob":0.5}},{"type":"Feature","geometry":{"type":"Polygon","coordinates":[[[-108.228786,36.758987],[-108.228796,36.758716],[-108.228908,36.758719],[-108.228911,36.758629],[-108.228799,36.758626],[-108.228806,36.758446],[-108.228694,36.758444],[-108.228674,36.758984],[-108.228786,36.758987]]]},"properties":{"class":"invasive_woody","min_prob":0.5}},{"type":"Feature","geometry":{"type":"Polygon","coordinates":[[[-108.326101,36.760764],[-108.326104,36.760674],[-108.32588,36.760669],[-108.325877,36.760759],[-108.326101,36.760764]]]},"properties":{"class":"invasive_woody","min_prob":0.5}},{"type":"Feature","geometry":{"type":"Polygon","coordinates":[[[-108.325094,36.760742],[-108.325097,36.760652],[-108.324985,36.760649],[-108.324982,36.760739],[-108.325094,36.760742]]]},"properties":{"class":"invasive_woody","min_prob":0.5}},{"type":"Feature","geometry":{"type":"Polygon","coordinates":[[[-108.206299,36.75801],[-108.206302,36.75792],[-108.206078,36.757914],[-108.206075,36.758004],[-108.206299,36.75801]]]},"properties":{"class":"invasive_woody","min_prob":0.5}},{"type":"Feature","geometry":{"type":"Polygon","coordinates":[[[-108.32588,36.760669],[-108.325884,36.760579],[-108.325772,36.760577],[-108.325768,36.760667],[-108.32588,36.760669]]]},"properties":{"class":"invasive_woody","min_prob":0.5}},{"type":"Feature","geometry":{"type":"Polygon","coordinates":[[[-108.242241,36.758759],[-108.242244,36.758668],[-108.242132,36.758666],[-108.242129,36.758756],[-108.242241,36.758759]]]},"properties":{"class":"invasive_woody","min_prob":0.5}},{"type":"Feature","geometry":{"type":"Polygon","coordinates":[[[-108.228694,36.758444],[-108.228697,36.758353],[-108.228585,36.758351],[-108.228582,36.758441],[-108.228694,36.758444]]]},"properties":{"class":"invasive_woody","min_prob":0.5}},{"type":"Feature","geometry":{"type":"Polygon","coordinates":[[[-108.205851,36.757999],[-108.205858,36.757819],[-108.205634,36.757814],[-108.205637,36.757724],[-108.205525,36.757721],[-108.205528,36.757631],[-108.204745,36.757612],[-108.204741,36.757703],[-108.204629,36.7577],[-108.204626,36.75779],[-108.20485,36.757795],[-108.204847,36.757885],[-108.204959,36.757888],[-108.204962,36.757798],[-108.205074,36.757801],[-108.205077,36.75771],[-108.205301,36.757716],[-108.205298,36.757806],[-108.20541,36.757808],[-108.205406,36.757898],[-108.205742,36.757906],[-108.205739,36.757996],[-108.205851,36.757999]]]},"properties":{"class":"invasive_woody","min_prob":0.5}},{"type":"Feature","geometry":{"type":"Polygon","coordinates":[[[-108.214702,36.758026],[-108.214705,36.757936],[-108.214594,36.757934],[-108.214597,36.757844],[-108.214485,36.757841],[-108.214482,36.757931],[-108.21437,36.757929],[-108.214366,36.758019],[-108.214702,36.758026]]]},"properties":{"class":"invasive_woody","min_prob":0.5}},{"type":"Feature","geometry":{"type":"Polygon","coordinates":[[[-108.31245,36.760186],[-108.312453,36.760096],[-108.312341,36.760093],[-108.312338,36.760183],[-108.31245,36.760186]]]},"properties":{"class":"invasive_woody","min_prob":0.5}},{"type":"Feature","geometry":{"type":"Polygon","coordinates":[[[-108.206197,36.757737],[-108.2062,36.757647],[-108.206088,36.757644],[-108.206085,36.757734],[-108.206197,36.757737]]]},"properties":{"class":"invasive_woody","min_prob":0.5}},{"type":"Feature","geometry":{"type":"Polygon","coordinates":[[[-108.19321,36.757431],[-108.193213,36.757341],[-108.193101,36.757338],[-108.193098,36.757428],[-108.19321,36.757431]]]},"properties":{"class":"invasive_woody","min_prob":0.5}},{"type":"Feature","geometry":{"type":"Polygon","coordinates":[[[-108.324546,36.760369],[-108.324549,36.760279],[-108.324437,36.760276],[-108.324434,36.760366],[-108.324546,36.760369]]]},"properties":{"class":"invasive_woody","min_prob":0.5}},{"type":"Feature","geometry":{"type":"Polygon","coordinates":[[[-108.278751,36.759329],[-108.278754,36.759239],[-108.278642,36.759237],[-108.278639,36.759327],[-108.278751,36.759329]]]},"properties":{"class":"invasive_woody","min_prob":0.5}},{"type":"Feature","geometry":{"type":"Polygon","coordinates":[[[-108.272481,36.759186],[-108.272484,36.759096],[-108.272372,36.759093],[-108.272369,36.759183],[-108.272481,36.759186]]]},"properties":{"class":"invasive_woody","min_prob":0.5}},{"type":"Feature","geometry":{"type":"Polygon","coordinates":[[[-108.242139,36.758486],[-108.242145,36.758306],[-108.242033,36.758303],[-108.242027,36.758483],[-108.242139,36.758486]]]},"properties":{"class":"invasive_woody","min_prob":0.5}},{"type":"Feature","geometry":{"type":"Polygon","coordinates":[[[-108.314363,36.759959],[-108.314366,36.759869],[-108.314254,36.759866],[-108.314251,36.759956],[-108.314363,36.759959]]]},"properties":{"class":"invasive_woody","min_prob":0.5}},{"type":"Feature","geometry":{"type":"Polygon","coordinates":[[[-108.242257,36.758308],[-108.24226,36.758218],[-108.242148,36.758215],[-108.242145,36.758306],[-108.242257,36.758308]]]},"properties":{"class":"invasive_woody","min_prob":0.5}},{"type":"Feature","geometry":{"type":"Polygon","coordinates":[[[-108.313135,36.759841],[-108.313138,36.759751],[-108.313026,36.759748],[-108.313023,36.759838],[-108.313135,36.759841]]]},"properties":{"class":"invasive_woody","min_prob":0.5}},{"type":"Feature","geometry":{"type":"Polygon","coordinates":[[[-108.242148,36.758215],[-108.242152,36.758125],[-108.24204,36.758123],[-108.242037,36.758213],[-108.242148,36.758215]]]},"properties":{"class":"invasive_woody","min_prob":0.5}},{"type":"Feature","geometry":{"type":"Polygon","coordinates":[[[-108.214267,36.757656],[-108.214271,36.757566],[-108.214383,36.757568],[-108.214386,36.757478],[-108.214162,36.757473],[-108.214155,36.757653],[-108.214267,36.757656]]]},"properties":{"class":"invasive_woody","min_prob":0.5}},{"type":"Feature","geometry":{"type":"Polygon","coordinates":[[[-108.197589,36.757174],[-108.197592,36.757083],[-108.197481,36.757081],[-108.197477,36.757171],[-108.197589,36.757174]]]},"properties":{"class":"invasive_woody","min_prob":0.5}},{"type":"Feature","geometry":{"type":"Polygon","coordinates":[[[-108.324447,36.760006],[-108.32445,36.759916],[-108.324226,36.759911],[-108.324223,36.760001],[-108.324447,36.760006]]]},"properties":{"class":"invasive_woody","min_prob":0.5}},{"type":"Feature","geometry":{"type":"Polygon","coordinates":[[[-108.31157,36.759715],[-108.311573,36.759625],[-108.311461,36.759623],[-108.311458,36.759713],[-108.31157,36.759715]]]},"properties":{"class":"invasive_woody","min_prob":0.5}},{"type":"Feature","geometry":{"type":"Polygon","coordinates":[[[-108.197704,36.757086],[-108.197708,36.756996],[-108.197596,36.756993],[-108.197592,36.757083],[-108.197704,36.757086]]]},"properties":{"class":"invasive_woody","min_prob":0.5}},{"type":"Feature","geometry":{"type":"Polygon","coordinates":[[[-108.324562,36.759918],[-108.324565,36.759828],[-108.324453,36.759826],[-108.32445,36.759916],[-108.324562,36.759918]]]},"properties":{"class":"invasive_woody","min_prob":0.5}},{"type":"Feature","geometry":{"type":"Polygon","coordinates":[[[-108.311125,36.759615],[-108.311129,36.759525],[-108.311017,36.759522],[-108.311013,36.759613],[-108.311125,36.759615]]]},"properties":{"class":"invasive_woody","min_prob":0.5}},{"type":"Feature","geometry":{"type":"Polygon","coordinates":[[[-108.324453,36.759826],[-108.324456,36.759735],[-108.324344,36.759733],[-108.324341,36.759823],[-108.324453,36.759826]]]},"properties":{"class":"invasive_woody","min_prob":0.5}},{"type":"Feature","geometry":{"type":"Polygon","coordinates":[[[-108.197823,36.756909],[-108.197826,36.756818],[-108.197714,36.756816],[-108.197711,36.756906],[-108.197823,36.756909]]]},"properties":{"class":"invasive_woody","min_prob":0.5}},{"type":"Feature","geometry":{"type":"Polygon","coordinates":[[[-108.311576,36.759535],[-108.311583,36.759355],[-108.311471,36.759352],[-108.311464,36.759533],[-108.311576,36.759535]]]},"properties":{"class":"invasive_woody","min_prob":0.5}},{"type":"Feature","geometry":{"type":"Polygon","coordinates":[[[-108.324792,36.759743],[-108.324795,36.759653],[-108.324683,36.75965],[-108.32468,36.75974],[-108.324792,36.759743]]]},"properties":{"class":"invasive_woody","min_prob":0.5}},{"type":"Feature","geometry":{"type":"Polygon","coordinates":[[[-108.321657,36.759672],[-108.32166,36.759582],[-108.321548,36.75958],[-108.321545,36.75967],[-108.321657,36.759672]]]},"properties":{"class":"invasive_woody","min_prob":0.5}},{"type":"Feature","geometry":{"type":"Polygon","coordinates":[[[-108.311132,36.759435],[-108.311135,36.759345],[-108.311023,36.759342],[-108.31102,36.759432],[-108.311132,36.759435]]]},"properties":{"class":"invasive_woody","min_prob":0.5}},{"type":"Feature","geometry":{"type":"Polygon","coordinates":[[[-108.202416,36.756927],[-108.20242,36.756836],[-108.202308,36.756834],[-108.202304,36.756924],[-108.202416,36.756927]]]},"properties":{"class":"invasive_woody","min_prob":0.5}},{"type":"Feature","geometry":{"type":"Polygon","coordinates":[[[-108.199841,36.756866],[-108.199845,36.756776],[-108.199733,36.756773],[-108.199729,36.756863],[-108.199841,36.756866]]]},"properties":{"class":"invasive_woody","min_prob":0.5}},{"type":"Feature","geometry":{"type":"Polygon","coordinates":[[[-108.197385,36.756628],[-108.197388,36.756538],[-108.197276,36.756535],[-108.197273,36.756625],[-108.197385,36.756628]]]},"properties":{"class":"invasive_woody","min_prob":0.5}},{"type":"Feature","geometry":{"type":"Polygon","coordinates":[[[-108.325137,36.75948],[-108.32514,36.75939],[-108.325028,36.759388],[-108.325025,36.759478],[-108.325137,36.75948]]]},"properties":{"class":"invasive_woody","min_prob":0.5}},{"type":"Feature","geometry":{"type":"Polygon","coordinates":[[[-108.208696,36.756804],[-108.208702,36.756623],[-108.20859,36.756621],[-108.208584,36.756801],[-108.208696,36.756804]]]},"properties":{"class":"invasive_woody","min_prob":0.5}},{"type":"Feature","geometry":{"type":"Polygon","coordinates":[[[-108.20131,36.75654],[-108.201313,36.75645],[-108.201201,36.756447],[-108.201198,36.756537],[-108.20131,36.75654]]]},"properties":{"class":"invasive_woody","min_prob":0.5}},{"type":"Feature","geometry":{"type":"Polygon","coordinates":[[[-108.200414,36.756519],[-108.200418,36.756429],[-108.200306,36.756426],[-108.200302,36.756516],[-108.200414,36.756519]]]},"properties":{"class":"invasive_woody","min_prob":0.5}},{"type":"Feature","geometry":{"type":"Polygon","coordinates":[[[-108.325032,36.759298],[-108.325035,36.759207],[-108.324923,36.759205],[-108.32492,36.759295],[-108.325032,36.759298]]]},"properties":{"class":"invasive_woody","min_prob":0.5}},{"type":"Feature","geometry":{"type":"Polygon","coordinates":[[[-108.210046,36.756655],[-108.210049,36.756565],[-108.209937,36.756562],[-108.209934,36.756652],[-108.210046,36.756655]]]},"properties":{"class":"invasive_woody","min_prob":0.5}},{"type":"Feature","geometry":{"type":"Polygon","coordinates":[[[-108.20053,36.756431],[-108.200533,36.756341],[-108.200421,36.756339],[-108.200418,36.756429],[-108.20053,36.756431]]]},"properties":{"class":"invasive_woody","min_prob":0.5}},{"type":"Feature","geometry":{"type":"Polygon","coordinates":[[[-108.197724,36.756546],[-108.197734,36.756275],[-108.197622,36.756273],[-108.197625,36.756183],[-108.197513,36.75618],[-108.197503,36.75645],[-108.197615,36.756453],[-108.197612,36.756543],[-108.197724,36.756546]]]},"properties":{"class":"invasive_woody","min_prob":0.5}},{"type":"Feature","geometry":{"type":"Polygon","coordinates":[[[-108.216207,36.756709],[-108.21621,36.756619],[-108.216098,36.756617],[-108.216095,36.756707],[-108.216207,36.756709]]]},"properties":{"class":"invasive_woody","min_prob":0.5}},{"type":"Feature","geometry":{"type":"Polygon","coordinates":[[[-108.273197,36.75794],[-108.273201,36.75785],[-108.273089,36.757847],[-108.273085,36.757937],[-108.273197,36.75794]]]},"properties":{"class":"invasive_woody","min_prob":0.5}},{"type":"Feature","geometry":{"type":"Polygon","coordinates":[[[-108.21049,36.756756],[-108.210497,36.756575],[-108.210385,36.756573],[-108.210391,36.756393],[-108.210279,36.75639],[-108.210283,36.7563],[-108.210171,36.756297],[-108.210164,36.756477],[-108.210052,36.756475],[-108.210049,36.756565],[-108.210161,36.756568],[-108.210158,36.756658],[-108.21027,36.75666],[-108.210266,36.75675],[-108.21049,36.756756]]]},"properties":{"class":"invasive_woody","min_prob":0.5}},{"type":"Feature","geometry":{"type":"Polygon","coordinates":[[[-108.312049,36.758824],[-108.312056,36.758644],[-108.311944,36.758642],[-108.311941,36.758732],[-108.311829,36.758729],[-108.311826,36.758819],[-108.312049,36.758824]]]},"properties":{"class":"invasive_woody","min_prob":0.5}},{"type":"Feature","geometry":{"type":"Polygon","coordinates":[[[-108.215989,36.756524],[-108.215992,36.756434],[-108.21588,36.756431],[-108.215877,36.756521],[-108.215989,36.756524]]]},"properties":{"class":"invasive_woody","min_prob":0.5}},{"type":"Feature","geometry":{"type":"Polygon","coordinates":[[[-108.206997,36.757305],[-108.20701,36.756944],[-108.207122,36.756947],[-108.207128,36.756767],[-108.20724,36.756769],[-108.207244,36.756679],[-108.207691,36.75669],[-108.207695,36.7566],[-108.207807,36.756602],[-108.207816,36.756332],[-108.207704,36.75633],[-108.207711,36.756149],[-108.207487,36.756144],[-108.207484,36.756234],[-108.207372,36.756232],[-108.207362,36.756502],[-108.20725,36.756499],[-108.207247,36.756589],[-108.207135,36.756587],[-108.207138,36.756497],[-108.207026,36.756494],[-108.207029,36.756404],[-108.206917,36.756401],[-108.206901,36.756852],[-108.206789,36.756849],[-108.206786,36.756939],[-108.206674,36.756936],[-108.206664,36.757207],[-108.206776,36.757209],[-108.206773,36.757299],[-108.206997,36.757305]]]},"properties":{"class":"invasive_woody","min_prob":0.5}},{"type":"Feature","geometry":{"type":"Polygon","coordinates":[[[-108.197405,36.756087],[-108.197411,36.755907],[-108.197299,36.755904],[-108.197293,36.756085],[-108.197405,36.756087]]]},"properties":{"class":"invasive_woody","min_prob":0.5}},{"type":"Feature","geometry":{"type":"Polygon","coordinates":[[[-108.207375,36.756142],[-108.207378,36.756051],[-108.207266,36.756049],[-108.207263,36.756139],[-108.207375,36.756142]]]},"properties":{"class":"invasive_woody","min_prob":0.5}},{"type":"Feature","geometry":{"type":"Polygon","coordinates":[[[-108.322808,36.758797],[-108.322814,36.758617],[-108.322702,36.758614],[-108.322699,36.758704],[-108.322587,36.758702],[-108.322584,36.758792],[-108.322808,36.758797]]]},"properties":{"class":"invasive_woody","min_prob":0.5}},{"type":"Feature","geometry":{"type":"Polygon","coordinates":[[[-108.313175,36.75867],[-108.313179,36.75858],[-108.313403,36.758585],[-108.313406,36.758494],[-108.313182,36.758489],[-108.313185,36.758399],[-108.313073,36.758397],[-108.313067,36.758577],[-108.312843,36.758572],[-108.31284,36.758662],[-108.313175,36.75867]]]},"properties":{"class":"invasive_woody","min_prob":0.5}},{"type":"Feature","geometry":{"type":"Polygon","coordinates":[[[-108.194277,36.755833],[-108.194283,36.755653],[-108.194059,36.755648],[-108.194056,36.755738],[-108.193944,36.755735],[-108.193941,36.755825],[-108.194277,36.755833]]]},"properties":{"class":"invasive_woody","min_prob":0.5}},{"type":"Feature","geometry":{"type":"Polygon","coordinates":[[[-108.323259,36.758717],[-108.323262,36.758627],[-108.32315,36.758624],[-108.323147,36.758714],[-108.323259,36.758717]]]},"properties":{"class":"invasive_woody","min_prob":0.5}},{"type":"Feature","geometry":{"type":"Polygon","coordinates":[[[-108.313521,36.758407],[-108.313524,36.758317],[-108.3133,36.758312],[-108.313297,36.758402],[-108.313521,36.758407]]]},"properties":{"class":"invasive_woody","min_prob":0.5}},{"type":"Feature","geometry":{"type":"Polygon","coordinates":[[[-108.323038,36.758622],[-108.323044,36.758441],[-108.322932,36.758439],[-108.322929,36.758529],[-108.322817,36.758526],[-108.322814,36.758617],[-108.323038,36.758622]]]},"properties":{"class":"invasive_woody","min_prob":0.5}},{"type":"Feature","geometry":{"type":"Polygon","coordinates":[[[-108.323937,36.758552],[-108.32394,36.758462],[-108.323828,36.758459],[-108.323825,36.758549],[-108.323937,36.758552]]]},"properties":{"class":"invasive_woody","min_prob":0.5}},{"type":"Feature","geometry":{"type":"Polygon","coordinates":[[[-108.313636,36.758319],[-108.313639,36.758229],[-108.313527,36.758227],[-108.313524,36.758317],[-108.313636,36.758319]]]},"properties":{"class":"invasive_woody","min_prob":0.5}},{"type":"Feature","geometry":{"type":"Polygon","coordinates":[[[-108.209176,36.755913],[-108.209183,36.755733],[-108.208847,36.755725],[-108.20884,36.755905],[-108.209176,36.755913]]]},"properties":{"class":"invasive_woody","min_prob":0.5}},{"type":"Feature","geometry":{"type":"Polygon","coordinates":[[[-108.323598,36.758634],[-108.323604,36.758454],[-108.323716,36.758457],[-108.323719,36.758366],[-108.323495,36.758361],[-108.323489,36.758542],[-108.323377,36.758539],[-108.323374,36.758629],[-108.323598,36.758634]]]},"properties":{"class":"invasive_woody","min_prob":0.5}},{"type":"Feature","geometry":{"type":"Polygon","coordinates":[[[-108.238848,36.756516],[-108.238851,36.756426],[-108.238739,36.756423],[-108.238736,36.756513],[-108.238848,36.756516]]]},"properties":{"class":"invasive_woody","min_prob":0.5}},{"type":"Feature","geometry":{"type":"Polygon","coordinates":[[[-108.197414,36.755817],[-108.197424,36.755547],[-108.197536,36.755549],[-108.197543,36.755369],[-108.197431,36.755367],[-108.197428,36.755457],[-108.197316,36.755454],[-108.197319,36.755364],[-108.197207,36.755361],[-108.1972,36.755541],[-108.197088,36.755539],[-108.197085,36.755629],[-108.197197,36.755632],[-108.197194,36.755722],[-108.197306,36.755724],[-108.197303,36.755814],[-108.197414,36.755817]]]},"properties":{"class":"invasive_woody","min_prob":0.5}},{"type":"Feature","geometry":{"type":"Polygon","coordinates":[[[-108.324391,36.758382],[-108.324394,36.758291],[-108.324282,36.758289],[-108.324279,36.758379],[-108.324391,36.758382]]]},"properties":{"class":"invasive_woody","min_prob":0.5}},{"type":"Feature","geometry":{"type":"Polygon","coordinates":[[[-108.323159,36.758354],[-108.323163,36.758264],[-108.322939,36.758259],[-108.322936,36.758349],[-108.323159,36.758354]]]},"properties":{"class":"invasive_woody","min_prob":0.5}},{"type":"Feature","geometry":{"type":"Polygon","coordinates":[[[-108.313866,36.758144],[-108.313869,36.758054],[-108.313645,36.758049],[-108.313642,36.758139],[-108.313866,36.758144]]]},"properties":{"class":"invasive_woody","min_prob":0.5}},{"type":"Feature","geometry":{"type":"Polygon","coordinates":[[[-108.313418,36.758134],[-108.313421,36.758044],[-108.313309,36.758041],[-108.313306,36.758132],[-108.313418,36.758134]]]},"properties":{"class":"invasive_woody","min_prob":0.5}},{"type":"Feature","geometry":{"type":"Polygon","coordinates":[[[-108.313082,36.758127],[-108.313085,36.758036],[-108.312974,36.758034],[-108.31297,36.758124],[-108.313082,36.758127]]]},"properties":{"class":"invasive_woody","min_prob":0.5}},{"type":"Feature","geometry":{"type":"Polygon","coordinates":[[[-108.200226,36.755523],[-108.20023,36.755433],[-108.200118,36.75543],[-108.200114,36.75552],[-108.200226,36.755523]]]},"properties":{"class":"invasive_woody","min_prob":0.5}},{"type":"Feature","geometry":{"type":"Polygon","coordinates":[[[-108.19642,36.755433],[-108.196423,36.755343],[-108.196311,36.75534],[-108.196308,36.75543],[-108.19642,36.755433]]]},"properties":{"class":"invasive_woody","min_prob":0.5}},{"type":"Feature","geometry":{"type":"Polygon","coordinates":[[[-108.259672,36.756998],[-108.259682,36.756727],[-108.25957,36.756725],[-108.25956,36.756995],[-108.259672,36.756998]]]},"properties":{"class":"invasive_woody","min_prob":0.5}},{"type":"Feature","geometry":{"type":"Polygon","coordinates":[[[-108.324282,36.758289],[-108.324285,36.758199],[-108.324173,36.758196],[-108.32417,36.758286],[-108.324282,36.758289]]]},"properties":{"class":"invasive_woody","min_prob":0.5}},{"type":"Feature","geometry":{"type":"Polygon","coordinates":[[[-108.323275,36.758266],[-108.323278,36.758176],[-108.323166,36.758174],[-108.323163,36.758264],[-108.323275,36.758266]]]},"properties":{"class":"invasive_woody","min_prob":0.5}},{"type":"Feature","geometry":{"type":"Polygon","coordinates":[[[-108.313197,36.758039],[-108.313201,36.757949],[-108.313089,36.757946],[-108.313085,36.758036],[-108.313197,36.758039]]]},"properties":{"class":"invasive_woody","min_prob":0.5}},{"type":"Feature","geometry":{"type":"Polygon","coordinates":[[[-108.2037,36.755514],[-108.203704,36.755424],[-108.203592,36.755421],[-108.203588,36.755512],[-108.2037,36.755514]]]},"properties":{"class":"invasive_woody","min_prob":0.5}},{"type":"Feature","geometry":{"type":"Polygon","coordinates":[[[-108.203476,36.755509],[-108.20348,36.755419],[-108.203368,36.755416],[-108.203364,36.755506],[-108.203476,36.755509]]]},"properties":{"class":"invasive_woody","min_prob":0.5}},{"type":"Feature","geometry":{"type":"Polygon","coordinates":[[[-108.200566,36.75544],[-108.200569,36.75535],[-108.200457,36.755348],[-108.200454,36.755438],[-108.200566,36.75544]]]},"properties":{"class":"invasive_woody","min_prob":0.5}},{"type":"Feature","geometry":{"type":"Polygon","coordinates":[[[-108.198998,36.755404],[-108.199001,36.755313],[-108.19889,36.755311],[-108.198886,36.755401],[-108.198998,36.755404]]]},"properties":{"class":"invasive_woody","min_prob":0.5}},{"type":"Feature","geometry":{"type":"Polygon","coordinates":[[[-108.324173,36.758196],[-108.324177,36.758106],[-108.324065,36.758104],[-108.324061,36.758194],[-108.324173,36.758196]]]},"properties":{"class":"invasive_woody","min_prob":0.5}},{"type":"Feature","geometry":{"type":"Polygon","coordinates":[[[-108.313984,36.757967],[-108.313988,36.757876],[-108.313764,36.757871],[-108.31376,36.757962],[-108.313984,36.757967]]]},"properties":{"class":"invasive_woody","min_prob":0.5}},{"type":"Feature","geometry":{"type":"Polygon","coordinates":[[[-108.200121,36.75534],[-108.200124,36.75525],[-108.200012,36.755247],[-108.200009,36.755337],[-108.200121,36.75534]]]},"properties":{"class":"invasive_woody","min_prob":0.5}},{"type":"Feature","geometry":{"type":"Polygon","coordinates":[[[-108.19889,36.755311],[-108.198893,36.755221],[-108.198781,36.755218],[-108.198778,36.755308],[-108.19889,36.755311]]]},"properties":{"class":"invasive_woody","min_prob":0.5}},{"type":"Feature","geometry":{"type":"Polygon","coordinates":[[[-108.196641,36.755528],[-108.196644,36.755438],[-108.196868,36.755443],[-108.196871,36.755353],[-108.196983,36.755356],[-108.19699,36.755176],[-108.196878,36.755173],[-108.196881,36.755083],[-108.196769,36.75508],[-108.196759,36.755351],[-108.196535,36.755345],[-108.196532,36.755436],[-108.19642,36.755433],[-108.196417,36.755523],[-108.196641,36.755528]]]},"properties":{"class":"invasive_woody","min_prob":0.5}},{"type":"Feature","geometry":{"type":"Polygon","coordinates":[[[-108.314211,36.757882],[-108.314215,36.757791],[-108.314103,36.757789],[-108.314099,36.757879],[-108.314211,36.757882]]]},"properties":{"class":"invasive_woody","min_prob":0.5}},{"type":"Feature","geometry":{"type":"Polygon","coordinates":[[[-108.21512,36.755782],[-108.215126,36.755602],[-108.215238,36.755605],[-108.215241,36.755515],[-108.214905,36.755507],[-108.214902,36.755597],[-108.21479,36.755594],[-108.214787,36.755684],[-108.215011,36.755689],[-108.215008,36.75578],[-108.21512,36.755782]]]},"properties":{"class":"invasive_woody","min_prob":0.5}},{"type":"Feature","geometry":{"type":"Polygon","coordinates":[[[-108.198669,36.755215],[-108.198672,36.755125],[-108.19856,36.755123],[-108.198557,36.755213],[-108.198669,36.755215]]]},"properties":{"class":"invasive_woody","min_prob":0.5}},{"type":"Feature","geometry":{"type":"Polygon","coordinates":[[[-108.314547,36.757889],[-108.314554,36.757709],[-108.314442,36.757706],[-108.314435,36.757887],[-108.314547,36.757889]]]},"properties":{"class":"invasive_woody","min_prob":0.5}},{"type":"Feature","geometry":{"type":"Polygon","coordinates":[[[-108.214118,36.755578],[-108.214125,36.755398],[-108.214013,36.755396],[-108.214007,36.755576],[-108.214118,36.755578]]]},"properties":{"class":"invasive_woody","min_prob":0.5}},{"type":"Feature","geometry":{"type":"Polygon","coordinates":[[[-108.20427,36.755257],[-108.204273,36.755167],[-108.204161,36.755164],[-108.204158,36.755254],[-108.20427,36.755257]]]},"properties":{"class":"invasive_woody","min_prob":0.5}},{"type":"Feature","geometry":{"type":"Polygon","coordinates":[[[-108.198224,36.755115],[-108.198228,36.755025],[-108.198116,36.755022],[-108.198112,36.755112],[-108.198224,36.755115]]]},"properties":{"class":"invasive_woody","min_prob":0.5}},{"type":"Feature","geometry":{"type":"Polygon","coordinates":[[[-108.314442,36.757706],[-108.314445,36.757616],[-108.314221,36.757611],[-108.314218,36.757701],[-108.314442,36.757706]]]},"properties":{"class":"invasive_woody","min_prob":0.5}},{"type":"Feature","geometry":{"type":"Polygon","coordinates":[[[-108.206064,36.755209],[-108.206068,36.755119],[-108.205956,36.755116],[-108.205952,36.755206],[-108.206064,36.755209]]]},"properties":{"class":"invasive_woody","min_prob":0.5}},{"type":"Feature","geometry":{"type":"Polygon","coordinates":[[[-108.20584,36.755204],[-108.205844,36.755114],[-108.205732,36.755111],[-108.205728,36.755201],[-108.20584,36.755204]]]},"properties":{"class":"invasive_woody","min_prob":0.5}},{"type":"Feature","geometry":{"type":"Polygon","coordinates":[[[-108.275817,36.756738],[-108.27582,36.756647],[-108.275708,36.756645],[-108.275705,36.756735],[-108.275817,36.756738]]]},"properties":{"class":"invasive_woody","min_prob":0.5}},{"type":"Feature","geometry":{"type":"Polygon","coordinates":[[[-108.20103,36.755001],[-108.201033,36.75491],[-108.200809,36.754905],[-108.200806,36.754995],[-108.20103,36.755001]]]},"properties":{"class":"invasive_woody","min_prob":0.5}},{"type":"Feature","geometry":{"type":"Polygon","coordinates":[[[-108.206631,36.755042],[-108.206634,36.754952],[-108.206522,36.754949],[-108.206519,36.755039],[-108.206631,36.755042]]]},"properties":{"class":"invasive_woody","min_prob":0.5}},{"type":"Feature","geometry":{"type":"Polygon","coordinates":[[[-108.320385,36.75757],[-108.320388,36.75748],[-108.320277,36.757477],[-108.320273,36.757568],[-108.320385,36.75757]]]},"properties":{"class":"invasive_woody","min_prob":0.5}},{"type":"Feature","geometry":{"type":"Polygon","coordinates":[[[-108.320612,36.757485],[-108.320616,36.757395],[-108.320504,36.757392],[-108.3205,36.757482],[-108.320612,36.757485]]]},"properties":{"class":"invasive_woody","min_prob":0.5}},{"type":"Feature","geometry":{"type":"Polygon","coordinates":[[[-108.322967,36.757448],[-108.32297,36.757358],[-108.322858,36.757355],[-108.322855,36.757445],[-108.322967,36.757448]]]},"properties":{"class":"invasive_woody","min_prob":0.5}},{"type":"Feature","geometry":{"type":"Polygon","coordinates":[[[-108.311882,36.757198],[-108.311885,36.757108],[-108.311773,36.757105],[-108.31177,36.757195],[-108.311882,36.757198]]]},"properties":{"class":"invasive_woody","min_prob":0.5}},{"type":"Feature","geometry":{"type":"Polygon","coordinates":[[[-108.274598,36.756349],[-108.274601,36.756259],[-108.27449,36.756256],[-108.274486,36.756346],[-108.274598,36.756349]]]},"properties":{"class":"invasive_woody","min_prob":0.5}},{"type":"Feature","geometry":{"type":"Polygon","coordinates":[[[-108.203954,36.754709],[-108.203957,36.754619],[-108.203845,36.754616],[-108.203842,36.754706],[-108.203954,36.754709]]]},"properties":{"class":"invasive_woody","min_prob":0.5}},{"type":"Feature","geometry":{"type":"Polygon","coordinates":[[[-108.200931,36.754638],[-108.200934,36.754547],[-108.200822,36.754545],[-108.200819,36.754635],[-108.200931,36.754638]]]},"properties":{"class":"invasive_woody","min_prob":0.5}},{"type":"Feature","geometry":{"type":"Polygon","coordinates":[[[-108.259029,36.756171],[-108.259042,36.755811],[-108.25893,36.755809],[-108.258917,36.756169],[-108.259029,36.756171]]]},"properties":{"class":"invasive_woody","min_prob":0.5}},{"type":"Feature","geometry":{"type":"Polygon","coordinates":[[[-108.320171,36.757295],[-108.320174,36.757205],[-108.320062,36.757202],[-108.320059,36.757292],[-108.320171,36.757295]]]},"properties":{"class":"invasive_woody","min_prob":0.5}},{"type":"Feature","geometry":{"type":"Polygon","coordinates":[[[-108.320846,36.75722],[-108.320849,36.75713],[-108.320737,36.757127],[-108.320734,36.757217],[-108.320846,36.75722]]]},"properties":{"class":"invasive_woody","min_prob":0.5}},{"type":"Feature","geometry":{"type":"Polygon","coordinates":[[[-108.312336,36.757028],[-108.312339,36.756938],[-108.312227,36.756935],[-108.312224,36.757025],[-108.312336,36.757028]]]},"properties":{"class":"invasive_woody","min_prob":0.5}},{"type":"Feature","geometry":{"type":"Polygon","coordinates":[[[-108.202943,36.754775],[-108.202953,36.754505],[-108.203065,36.754507],[-108.203068,36.754417],[-108.202844,36.754412],[-108.202841,36.754502],[-108.202729,36.7545],[-108.202725,36.75459],[-108.202613,36.754587],[-108.20261,36.754677],[-108.202722,36.75468],[-108.202719,36.75477],[-108.202943,36.754775]]]},"properties":{"class":"invasive_woody","min_prob":0.5}},{"type":"Feature","geometry":{"type":"Polygon","coordinates":[[[-108.312451,36.75694],[-108.312455,36.75685],[-108.312343,36.756848],[-108.312339,36.756938],[-108.312451,36.75694]]]},"properties":{"class":"invasive_woody","min_prob":0.5}},{"type":"Feature","geometry":{"type":"Polygon","coordinates":[[[-108.31178,36.756925],[-108.311783,36.756835],[-108.311671,36.756832],[-108.311668,36.756922],[-108.31178,36.756925]]]},"properties":{"class":"invasive_woody","min_prob":0.5}},{"type":"Feature","geometry":{"type":"Polygon","coordinates":[[[-108.199815,36.754521],[-108.199828,36.754161],[-108.199716,36.754158],[-108.199703,36.754518],[-108.199815,36.754521]]]},"properties":{"class":"invasive_woody","min_prob":0.5}},{"type":"Feature","geometry":{"type":"Polygon","coordinates":[[[-108.202393,36.754492],[-108.202399,36.754311],[-108.202287,36.754309],[-108.202291,36.754219],[-108.202179,36.754216],[-108.202169,36.754486],[-108.202393,36.754492]]]},"properties":{"class":"invasive_woody","min_prob":0.5}},{"type":"Feature","geometry":{"type":"Polygon","coordinates":[[[-108.312,36.75702],[-108.312004,36.75693],[-108.312116,36.756933],[-108.312122,36.756752],[-108.31201,36.75675],[-108.312007,36.75684],[-108.311895,36.756837],[-108.311888,36.757018],[-108.312,36.75702]]]},"properties":{"class":"invasive_woody","min_prob":0.5}},{"type":"Feature","geometry":{"type":"Polygon","coordinates":[[[-108.311559,36.75683],[-108.311562,36.75674],[-108.31145,36.756737],[-108.311447,36.756827],[-108.311559,36.75683]]]},"properties":{"class":"invasive_woody","min_prob":0.5}},{"type":"Feature","geometry":{"type":"Polygon","coordinates":[[[-108.312234,36.756755],[-108.312237,36.756665],[-108.312125,36.756662],[-108.312122,36.756752],[-108.312234,36.756755]]]},"properties":{"class":"invasive_woody","min_prob":0.5}},{"type":"Feature","geometry":{"type":"Polygon","coordinates":[[[-108.20341,36.754245],[-108.203413,36.754155],[-108.203525,36.754158],[-108.203529,36.754068],[-108.203193,36.75406],[-108.203186,36.75424],[-108.20341,36.754245]]]},"properties":{"class":"invasive_woody","min_prob":0.5}},{"type":"Feature","geometry":{"type":"Polygon","coordinates":[[[-108.212258,36.754363],[-108.212261,36.754273],[-108.212149,36.75427],[-108.212152,36.75418],[-108.211928,36.754175],[-108.211925,36.754265],[-108.211813,36.754262],[-108.21181,36.754352],[-108.212258,36.754363]]]},"properties":{"class":"invasive_woody","min_prob":0.5}},{"type":"Feature","geometry":{"type":"Polygon","coordinates":[[[-108.31224,36.756575],[-108.312243,36.756485],[-108.312131,36.756482],[-108.312128,36.756572],[-108.31224,36.756575]]]},"properties":{"class":"invasive_woody","min_prob":0.5}},{"type":"Feature","geometry":{"type":"Polygon","coordinates":[[[-108.203193,36.75406],[-108.203196,36.75397],[-108.203084,36.753967],[-108.203081,36.754057],[-108.203193,36.75406]]]},"properties":{"class":"invasive_woody","min_prob":0.5}},{"type":"Feature","geometry":{"type":"Polygon","coordinates":[[[-108.321658,36.756427],[-108.321661,36.756336],[-108.321549,36.756334],[-108.321546,36.756424],[-108.321658,36.756427]]]},"properties":{"class":"invasive_woody","min_prob":0.5}},{"type":"Feature","geometry":{"type":"Polygon","coordinates":[[[-108.312141,36.756212],[-108.312144,36.756122],[-108.312032,36.756119],[-108.312029,36.756209],[-108.312141,36.756212]]]},"properties":{"class":"invasive_woody","min_prob":0.5}},{"type":"Feature","geometry":{"type":"Polygon","coordinates":[[[-108.317515,36.756333],[-108.317518,36.756243],[-108.317294,36.756238],[-108.317297,36.756148],[-108.317185,36.756145],[-108.317179,36.756326],[-108.317515,36.756333]]]},"properties":{"class":"invasive_woody","min_prob":0.5}},{"type":"Feature","geometry":{"type":"Polygon","coordinates":[[[-108.31763,36.756246],[-108.317633,36.756156],[-108.317521,36.756153],[-108.317518,36.756243],[-108.31763,36.756246]]]},"properties":{"class":"invasive_woody","min_prob":0.5}},{"type":"Feature","geometry":{"type":"Polygon","coordinates":[[[-108.316958,36.75623],[-108.316961,36.75614],[-108.316849,36.756138],[-108.316846,36.756228],[-108.316958,36.75623]]]},"properties":{"class":"invasive_woody","min_prob":0.5}},{"type":"Feature","geometry":{"type":"Polygon","coordinates":[[[-108.203084,36.753967],[-108.203091,36.753787],[-108.202979,36.753784],[-108.202992,36.753424],[-108.202656,36.753416],[-108.202653,36.753506],[-108.202429,36.753501],[-108.202426,36.753591],[-108.202314,36.753588],[-108.20231,36.753678],[-108.202534,36.753684],[-108.202537,36.753593],[-108.202649,36.753596],[-108.202646,36.753686],[-108.202758,36.753689],[-108.202752,36.753869],[-108.202975,36.753874],[-108.202972,36.753964],[-108.203084,36.753967]],[[-108.202873,36.753601],[-108.202761,36.753599],[-108.202765,36.753509],[-108.202877,36.753511],[-108.202873,36.753601]]]},"properties":{"class":"invasive_woody","min_prob":0.5}},{"type":"Feature","geometry":{"type":"Polygon","coordinates":[[[-108.317073,36.756143],[-108.317077,36.756053],[-108.316965,36.75605],[-108.316961,36.75614],[-108.317073,36.756143]]]},"properties":{"class":"invasive_woody","min_prob":0.5}},{"type":"Feature","geometry":{"type":"Polygon","coordinates":[[[-108.269266,36.755055],[-108.269269,36.754964],[-108.269157,36.754962],[-108.269154,36.755052],[-108.269266,36.755055]]]},"properties":{"class":"invasive_woody","min_prob":0.5}},{"type":"Feature","geometry":{"type":"Polygon","coordinates":[[[-108.205563,36.753574],[-108.205567,36.753484],[-108.205455,36.753482],[-108.205451,36.753572],[-108.205563,36.753574]]]},"properties":{"class":"invasive_woody","min_prob":0.5}},{"type":"Feature","geometry":{"type":"Polygon","coordinates":[[[-108.316178,36.756123],[-108.316184,36.755942],[-108.316072,36.75594],[-108.316066,36.75612],[-108.316178,36.756123]]]},"properties":{"class":"invasive_woody","min_prob":0.5}},{"type":"Feature","geometry":{"type":"Polygon","coordinates":[[[-108.317972,36.756073],[-108.317975,36.755983],[-108.317863,36.75598],[-108.31786,36.75607],[-108.317972,36.756073]]]},"properties":{"class":"invasive_woody","min_prob":0.5}},{"type":"Feature","geometry":{"type":"Polygon","coordinates":[[[-108.317189,36.756055],[-108.317192,36.755965],[-108.31708,36.755963],[-108.317077,36.756053],[-108.317189,36.756055]]]},"properties":{"class":"invasive_woody","min_prob":0.5}},{"type":"Feature","geometry":{"type":"Polygon","coordinates":[[[-108.205455,36.753482],[-108.205458,36.753392],[-108.205346,36.753389],[-108.205343,36.753479],[-108.205455,36.753482]]]},"properties":{"class":"invasive_woody","min_prob":0.5}},{"type":"Feature","geometry":{"type":"Polygon","coordinates":[[[-108.205679,36.753487],[-108.205685,36.753307],[-108.205461,36.753302],[-108.205458,36.753392],[-108.20557,36.753394],[-108.205567,36.753484],[-108.205679,36.753487]]]},"properties":{"class":"invasive_woody","min_prob":0.5}},{"type":"Feature","geometry":{"type":"Polygon","coordinates":[[[-108.316296,36.755945],[-108.316302,36.755765],[-108.31619,36.755762],[-108.316184,36.755942],[-108.316296,36.755945]]]},"properties":{"class":"invasive_woody","min_prob":0.5}},{"type":"Feature","geometry":{"type":"Polygon","coordinates":[[[-108.202547,36.753323],[-108.202551,36.753233],[-108.202439,36.75323],[-108.202442,36.75314],[-108.20233,36.753138],[-108.202323,36.753318],[-108.202547,36.753323]]]},"properties":{"class":"invasive_woody","min_prob":0.5}},{"type":"Feature","geometry":{"type":"Polygon","coordinates":[[[-108.318091,36.755895],[-108.318094,36.755805],[-108.317982,36.755803],[-108.317979,36.755893],[-108.318091,36.755895]]]},"properties":{"class":"invasive_woody","min_prob":0.5}},{"type":"Feature","geometry":{"type":"Polygon","coordinates":[[[-108.317307,36.755878],[-108.31731,36.755788],[-108.317198,36.755785],[-108.317195,36.755875],[-108.317307,36.755878]]]},"properties":{"class":"invasive_woody","min_prob":0.5}},{"type":"Feature","geometry":{"type":"Polygon","coordinates":[[[-108.316414,36.755767],[-108.316417,36.755677],[-108.316305,36.755675],[-108.316302,36.755765],[-108.316414,36.755767]]]},"properties":{"class":"invasive_woody","min_prob":0.5}},{"type":"Feature","geometry":{"type":"Polygon","coordinates":[[[-108.325934,36.755892],[-108.325937,36.755802],[-108.325826,36.755799],[-108.325822,36.755889],[-108.325934,36.755892]]]},"properties":{"class":"invasive_woody","min_prob":0.5}},{"type":"Feature","geometry":{"type":"Polygon","coordinates":[[[-108.19696,36.752921],[-108.196963,36.752831],[-108.196851,36.752828],[-108.196848,36.752918],[-108.19696,36.752921]]]},"properties":{"class":"invasive_woody","min_prob":0.5}},{"type":"Feature","geometry":{"type":"Polygon","coordinates":[[[-108.31619,36.755762],[-108.316193,36.755672],[-108.316305,36.755675],[-108.316312,36.755495],[-108.3162,36.755492],[-108.316197,36.755582],[-108.316085,36.75558],[-108.316078,36.75576],[-108.31619,36.755762]]]},"properties":{"class":"invasive_woody","min_prob":0.5}},{"type":"Feature","geometry":{"type":"Polygon","coordinates":[[[-108.206363,36.753142],[-108.20637,36.752962],[-108.206258,36.75296],[-108.206255,36.75305],[-108.206143,36.753047],[-108.20614,36.753137],[-108.206363,36.753142]]]},"properties":{"class":"invasive_woody","min_prob":0.5}},{"type":"Feature","geometry":{"type":"Polygon","coordinates":[[[-108.210957,36.75316],[-108.21096,36.75307],[-108.210848,36.753067],[-108.210845,36.753157],[-108.210957,36.75316]]]},"properties":{"class":"invasive_woody","min_prob":0.5}},{"type":"Feature","geometry":{"type":"Polygon","coordinates":[[[-108.201885,36.753037],[-108.201889,36.752947],[-108.202001,36.75295],[-108.202007,36.75277],[-108.201895,36.752767],[-108.201892,36.752857],[-108.20178,36.752854],[-108.201777,36.752944],[-108.201553,36.752939],[-108.20155,36.753029],[-108.201885,36.753037]]]},"properties":{"class":"invasive_woody","min_prob":0.5}},{"type":"Feature","geometry":{"type":"Polygon","coordinates":[[[-108.210848,36.753067],[-108.210851,36.752977],[-108.210739,36.752975],[-108.210736,36.753065],[-108.210848,36.753067]]]},"properties":{"class":"invasive_woody","min_prob":0.5}},{"type":"Feature","geometry":{"type":"Polygon","coordinates":[[[-108.269176,36.754421],[-108.269183,36.754241],[-108.269071,36.754239],[-108.269064,36.754419],[-108.269176,36.754421]]]},"properties":{"class":"invasive_woody","min_prob":0.5}},{"type":"Feature","geometry":{"type":"Polygon","coordinates":[[[-108.318769,36.75573],[-108.318772,36.75564],[-108.31866,36.755638],[-108.318672,36.755277],[-108.31856,36.755275],[-108.318548,36.755635],[-108.318324,36.75563],[-108.318321,36.75572],[-108.318769,36.75573]]]},"properties":{"class":"invasive_woody","min_prob":0.5}},{"type":"Feature","geometry":{"type":"Polygon","coordinates":[[[-108.20201,36.752679],[-108.202017,36.752499],[-108.201905,36.752497],[-108.201899,36.752677],[-108.20201,36.752679]]]},"properties":{"class":"invasive_woody","min_prob":0.5}},{"type":"Feature","geometry":{"type":"Polygon","coordinates":[[[-108.317889,36.75526],[-108.317892,36.75517],[-108.31778,36.755167],[-108.317777,36.755257],[-108.317889,36.75526]]]},"properties":{"class":"invasive_woody","min_prob":0.5}},{"type":"Feature","geometry":{"type":"Polygon","coordinates":[[[-108.21444,36.752881],[-108.214443,36.752791],[-108.214331,36.752788],[-108.214328,36.752879],[-108.21444,36.752881]]]},"properties":{"class":"invasive_woody","min_prob":0.5}},{"type":"Feature","geometry":{"type":"Polygon","coordinates":[[[-108.196976,36.752471],[-108.196979,36.752381],[-108.196644,36.752373],[-108.19664,36.752463],[-108.196976,36.752471]]]},"properties":{"class":"invasive_woody","min_prob":0.5}},{"type":"Feature","geometry":{"type":"Polygon","coordinates":[[[-108.325953,36.755351],[-108.325956,36.755261],[-108.325844,36.755259],[-108.325841,36.755349],[-108.325953,36.755351]]]},"properties":{"class":"invasive_woody","min_prob":0.5}},{"type":"Feature","geometry":{"type":"Polygon","coordinates":[[[-108.197203,36.752386],[-108.197207,36.752296],[-108.197095,36.752293],[-108.197091,36.752383],[-108.197203,36.752386]]]},"properties":{"class":"invasive_woody","min_prob":0.5}},{"type":"Feature","geometry":{"type":"Polygon","coordinates":[[[-108.203357,36.752621],[-108.20336,36.752531],[-108.203472,36.752534],[-108.203476,36.752443],[-108.203364,36.752441],[-108.203367,36.752351],[-108.203255,36.752348],[-108.203245,36.752618],[-108.203357,36.752621]]]},"properties":{"class":"invasive_woody","min_prob":0.5}},{"type":"Feature","geometry":{"type":"Polygon","coordinates":[[[-108.318119,36.755085],[-108.318122,36.754994],[-108.31801,36.754992],[-108.318007,36.755082],[-108.318119,36.755085]]]},"properties":{"class":"invasive_woody","min_prob":0.5}},{"type":"Feature","geometry":{"type":"Polygon","coordinates":[[[-108.317895,36.755079],[-108.317898,36.754989],[-108.317786,36.754987],[-108.317783,36.755077],[-108.317895,36.755079]]]},"properties":{"class":"invasive_woody","min_prob":0.5}},{"type":"Feature","geometry":{"type":"Polygon","coordinates":[[[-108.196759,36.752285],[-108.196762,36.752195],[-108.19665,36.752193],[-108.196647,36.752283],[-108.196759,36.752285]]]},"properties":{"class":"invasive_woody","min_prob":0.5}},{"type":"Feature","geometry":{"type":"Polygon","coordinates":[[[-108.206719,36.75261],[-108.206729,36.75234],[-108.206617,36.752337],[-108.206607,36.752607],[-108.206719,36.75261]]]},"properties":{"class":"invasive_woody","min_prob":0.5}},{"type":"Feature","geometry":{"type":"Polygon","coordinates":[[[-108.320585,36.75505],[-108.320588,36.75496],[-108.320476,36.754957],[-108.320473,36.755047],[-108.320585,36.75505]]]},"properties":{"class":"invasive_woody","min_prob":0.5}},{"type":"Feature","geometry":{"type":"Polygon","coordinates":[[[-108.31801,36.754992],[-108.318013,36.754902],[-108.317901,36.754899],[-108.317898,36.754989],[-108.31801,36.754992]]]},"properties":{"class":"invasive_woody","min_prob":0.5}},{"type":"Feature","geometry":{"type":"Polygon","coordinates":[[[-108.317786,36.754987],[-108.317789,36.754897],[-108.317677,36.754894],[-108.317674,36.754984],[-108.317786,36.754987]]]},"properties":{"class":"invasive_woody","min_prob":0.5}},{"type":"Feature","geometry":{"type":"Polygon","coordinates":[[[-108.203255,36.752348],[-108.203258,36.752258],[-108.203146,36.752255],[-108.203143,36.752345],[-108.203255,36.752348]]]},"properties":{"class":"invasive_woody","min_prob":0.5}},{"type":"Feature","geometry":{"type":"Polygon","coordinates":[[[-108.213893,36.752508],[-108.213897,36.752418],[-108.213785,36.752415],[-108.213782,36.752505],[-108.213893,36.752508]]]},"properties":{"class":"invasive_woody","min_prob":0.5}},{"type":"Feature","geometry":{"type":"Polygon","coordinates":[[[-108.210199,36.752421],[-108.210202,36.752331],[-108.21009,36.752328],[-108.210087,36.752418],[-108.210199,36.752421]]]},"properties":{"class":"invasive_woody","min_prob":0.5}},{"type":"Feature","geometry":{"type":"Polygon","coordinates":[[[-108.196653,36.752102],[-108.196663,36.751832],[-108.196551,36.75183],[-108.196548,36.75192],[-108.196436,36.751917],[-108.196433,36.752007],[-108.196545,36.75201],[-108.196541,36.7521],[-108.196653,36.752102]]]},"properties":{"class":"invasive_woody","min_prob":0.5}},{"type":"Feature","geometry":{"type":"Polygon","coordinates":[[[-108.214009,36.75242],[-108.214015,36.75224],[-108.213903,36.752237],[-108.213897,36.752418],[-108.214009,36.75242]]]},"properties":{"class":"invasive_woody","min_prob":0.5}},{"type":"Feature","geometry":{"type":"Polygon","coordinates":[[[-108.319923,36.754765],[-108.319926,36.754674],[-108.319814,36.754672],[-108.319811,36.754762],[-108.319923,36.754765]]]},"properties":{"class":"invasive_woody","min_prob":0.5}},{"type":"Feature","geometry":{"type":"Polygon","coordinates":[[[-108.326743,36.755189],[-108.326746,36.755098],[-108.32697,36.755104],[-108.326976,36.754923],[-108.326864,36.754921],[-108.326861,36.755011],[-108.326749,36.755008],[-108.326759,36.754738],[-108.326535,36.754733],[-108.326532,36.754823],[-108.326644,36.754826],[-108.326631,36.755186],[-108.326743,36.755189]]]},"properties":{"class":"invasive_woody","min_prob":0.5}},{"type":"Feature","geometry":{"type":"Polygon","coordinates":[[[-108.319587,36.754757],[-108.319593,36.754577],[-108.319257,36.754569],[-108.319254,36.754659],[-108.319478,36.754664],[-108.319475,36.754754],[-108.319587,36.754757]]]},"properties":{"class":"invasive_woody","min_prob":0.5}},{"type":"Feature","geometry":{"type":"Polygon","coordinates":[[[-108.310969,36.754472],[-108.310975,36.754292],[-108.310751,36.754287],[-108.310748,36.754377],[-108.31086,36.75438],[-108.310857,36.75447],[-108.310969,36.754472]]]},"properties":{"class":"invasive_woody","min_prob":0.5}},{"type":"Feature","geometry":{"type":"Polygon","coordinates":[[[-108.319257,36.754569],[-108.31926,36.754479],[-108.319148,36.754477],[-108.319145,36.754567],[-108.319257,36.754569]]]},"properties":{"class":"invasive_woody","min_prob":0.5}},{"type":"Feature","geometry":{"type":"Polygon","coordinates":[[[-108.269435,36.753436],[-108.269438,36.753345],[-108.269326,36.753343],[-108.269323,36.753433],[-108.269435,36.753436]]]},"properties":{"class":"invasive_woody","min_prob":0.5}},{"type":"Feature","geometry":{"type":"Polygon","coordinates":[[[-108.19745,36.751761],[-108.197453,36.751671],[-108.197341,36.751668],[-108.197338,36.751758],[-108.19745,36.751761]]]},"properties":{"class":"invasive_woody","min_prob":0.5}},{"type":"Feature","geometry":{"type":"Polygon","coordinates":[[[-108.310636,36.754375],[-108.310642,36.754194],[-108.31053,36.754192],[-108.310524,36.754372],[-108.310636,36.754375]]]},"properties":{"class":"invasive_woody","min_prob":0.5}},{"type":"Feature","geometry":{"type":"Polygon","coordinates":[[[-108.319148,36.754477],[-108.319152,36.754386],[-108.31904,36.754384],[-108.319036,36.754474],[-108.319148,36.754477]]]},"properties":{"class":"invasive_woody","min_prob":0.5}},{"type":"Feature","geometry":{"type":"Polygon","coordinates":[[[-108.311087,36.754295],[-108.31109,36.754204],[-108.310978,36.754202],[-108.310975,36.754292],[-108.311087,36.754295]]]},"properties":{"class":"invasive_woody","min_prob":0.5}},{"type":"Feature","geometry":{"type":"Polygon","coordinates":[[[-108.214022,36.75206],[-108.214025,36.75197],[-108.213913,36.751967],[-108.21391,36.752057],[-108.214022,36.75206]]]},"properties":{"class":"invasive_woody","min_prob":0.5}},{"type":"Feature","geometry":{"type":"Polygon","coordinates":[[[-108.206745,36.751889],[-108.206748,36.751799],[-108.206524,36.751794],[-108.206521,36.751884],[-108.206745,36.751889]]]},"properties":{"class":"invasive_woody","min_prob":0.5}},{"type":"Feature","geometry":{"type":"Polygon","coordinates":[[[-108.205066,36.75185],[-108.205069,36.75176],[-108.204957,36.751757],[-108.204954,36.751847],[-108.205066,36.75185]]]},"properties":{"class":"invasive_woody","min_prob":0.5}},{"type":"Feature","geometry":{"type":"Polygon","coordinates":[[[-108.204957,36.751757],[-108.20496,36.751667],[-108.204848,36.751664],[-108.204845,36.751754],[-108.204957,36.751757]]]},"properties":{"class":"invasive_woody","min_prob":0.5}},{"type":"Feature","geometry":{"type":"Polygon","coordinates":[[[-108.197457,36.75158],[-108.19746,36.75149],[-108.197348,36.751488],[-108.197345,36.751578],[-108.197457,36.75158]]]},"properties":{"class":"invasive_woody","min_prob":0.5}},{"type":"Feature","geometry":{"type":"Polygon","coordinates":[[[-108.196785,36.751565],[-108.196788,36.751475],[-108.196676,36.751472],[-108.196673,36.751562],[-108.196785,36.751565]]]},"properties":{"class":"invasive_woody","min_prob":0.5}},{"type":"Feature","geometry":{"type":"Polygon","coordinates":[[[-108.318819,36.754289],[-108.318822,36.754199],[-108.318598,36.754194],[-108.318595,36.754284],[-108.318819,36.754289]]]},"properties":{"class":"invasive_woody","min_prob":0.5}},{"type":"Feature","geometry":{"type":"Polygon","coordinates":[[[-108.310981,36.754112],[-108.310985,36.754022],[-108.310873,36.754019],[-108.310869,36.754109],[-108.310981,36.754112]]]},"properties":{"class":"invasive_woody","min_prob":0.5}},{"type":"Feature","geometry":{"type":"Polygon","coordinates":[[[-108.205072,36.75167],[-108.205076,36.751579],[-108.204964,36.751577],[-108.20496,36.751667],[-108.205072,36.75167]]]},"properties":{"class":"invasive_woody","min_prob":0.5}},{"type":"Feature","geometry":{"type":"Polygon","coordinates":[[[-108.197236,36.751485],[-108.197239,36.751395],[-108.197127,36.751392],[-108.197124,36.751482],[-108.197236,36.751485]]]},"properties":{"class":"invasive_woody","min_prob":0.5}},{"type":"Feature","geometry":{"type":"Polygon","coordinates":[[[-108.318934,36.754201],[-108.318937,36.754111],[-108.318825,36.754109],[-108.318822,36.754199],[-108.318934,36.754201]]]},"properties":{"class":"invasive_woody","min_prob":0.5}},{"type":"Feature","geometry":{"type":"Polygon","coordinates":[[[-108.2128,36.751761],[-108.212803,36.751671],[-108.212691,36.751668],[-108.212688,36.751758],[-108.2128,36.751761]]]},"properties":{"class":"invasive_woody","min_prob":0.5}},{"type":"Feature","geometry":{"type":"Polygon","coordinates":[[[-108.206755,36.751619],[-108.206761,36.751439],[-108.206649,36.751436],[-108.206643,36.751616],[-108.206755,36.751619]]]},"properties":{"class":"invasive_woody","min_prob":0.5}},{"type":"Feature","geometry":{"type":"Polygon","coordinates":[[[-108.241127,36.752331],[-108.24113,36.752241],[-108.241018,36.752239],[-108.241015,36.752329],[-108.241127,36.752331]]]},"properties":{"class":"invasive_woody","min_prob":0.5}},{"type":"Feature","geometry":{"type":"Polygon","coordinates":[[[-108.204183,36.751468],[-108.204187,36.751378],[-108.204075,36.751376],[-108.204071,36.751466],[-108.204183,36.751468]]]},"properties":{"class":"invasive_woody","min_prob":0.5}},{"type":"Feature","geometry":{"type":"Polygon","coordinates":[[[-108.319049,36.754114],[-108.319055,36.753934],[-108.318943,36.753931],[-108.318937,36.754111],[-108.319049,36.754114]]]},"properties":{"class":"invasive_woody","min_prob":0.5}},{"type":"Feature","geometry":{"type":"Polygon","coordinates":[[[-108.205642,36.751412],[-108.205645,36.751322],[-108.205421,36.751317],[-108.205418,36.751407],[-108.205642,36.751412]]]},"properties":{"class":"invasive_woody","min_prob":0.5}},{"type":"Feature","geometry":{"type":"Polygon","coordinates":[[[-108.204075,36.751376],[-108.204081,36.751195],[-108.203969,36.751193],[-108.203963,36.751373],[-108.204075,36.751376]]]},"properties":{"class":"invasive_woody","min_prob":0.5}},{"type":"Feature","geometry":{"type":"Polygon","coordinates":[[[-108.2155,36.751463],[-108.215503,36.751373],[-108.215391,36.751371],[-108.215388,36.751461],[-108.2155,36.751463]]]},"properties":{"class":"invasive_woody","min_prob":0.5}},{"type":"Feature","geometry":{"type":"Polygon","coordinates":[[[-108.205425,36.751227],[-108.205428,36.751137],[-108.205316,36.751134],[-108.205313,36.751224],[-108.205425,36.751227]]]},"properties":{"class":"invasive_woody","min_prob":0.5}},{"type":"Feature","geometry":{"type":"Polygon","coordinates":[[[-108.219981,36.751478],[-108.219984,36.751388],[-108.219872,36.751385],[-108.219869,36.751475],[-108.219981,36.751478]]]},"properties":{"class":"invasive_woody","min_prob":0.5}},{"type":"Feature","geometry":{"type":"Polygon","coordinates":[[[-108.268012,36.752501],[-108.268015,36.752411],[-108.267903,36.752409],[-108.2679,36.752499],[-108.268012,36.752501]]]},"properties":{"class":"invasive_woody","min_prob":0.5}},{"type":"Feature","geometry":{"type":"Polygon","coordinates":[[[-108.20576,36.751235],[-108.205773,36.750875],[-108.205662,36.750872],[-108.205658,36.750962],[-108.205546,36.750959],[-108.205543,36.751049],[-108.205655,36.751052],[-108.205648,36.751232],[-108.20576,36.751235]]]},"properties":{"class":"invasive_woody","min_prob":0.5}},{"type":"Feature","geometry":{"type":"Polygon","coordinates":[[[-108.204983,36.751036],[-108.20499,36.750856],[-108.204878,36.750854],[-108.204871,36.751034],[-108.204983,36.751036]]]},"properties":{"class":"invasive_woody","min_prob":0.5}},{"type":"Feature","geometry":{"type":"Polygon","coordinates":[[[-108.319292,36.753578],[-108.319295,36.753488],[-108.318959,36.753481],[-108.318956,36.753571],[-108.319292,36.753578]]]},"properties":{"class":"invasive_woody","min_prob":0.5}},{"type":"Feature","geometry":{"type":"Polygon","coordinates":[[[-108.205434,36.750957],[-108.205438,36.750867],[-108.205326,36.750864],[-108.205329,36.750774],[-108.204993,36.750766],[-108.20499,36.750856],[-108.205214,36.750861],[-108.20521,36.750951],[-108.205434,36.750957]]]},"properties":{"class":"invasive_woody","min_prob":0.5}},{"type":"Feature","geometry":{"type":"Polygon","coordinates":[[[-108.320079,36.753506],[-108.320082,36.753416],[-108.319858,36.753411],[-108.319855,36.753501],[-108.320079,36.753506]]]},"properties":{"class":"invasive_woody","min_prob":0.5}},{"type":"Feature","geometry":{"type":"Polygon","coordinates":[[[-108.321201,36.753441],[-108.321204,36.753351],[-108.321093,36.753348],[-108.321089,36.753438],[-108.321201,36.753441]]]},"properties":{"class":"invasive_woody","min_prob":0.5}},{"type":"Feature","geometry":{"type":"Polygon","coordinates":[[[-108.320642,36.753428],[-108.320645,36.753338],[-108.320533,36.753336],[-108.32053,36.753426],[-108.320642,36.753428]]]},"properties":{"class":"invasive_woody","min_prob":0.5}},{"type":"Feature","geometry":{"type":"Polygon","coordinates":[[[-108.266118,36.752187],[-108.266121,36.752097],[-108.266009,36.752095],[-108.266006,36.752185],[-108.266118,36.752187]]]},"properties":{"class":"invasive_woody","min_prob":0.5}},{"type":"Feature","geometry":{"type":"Polygon","coordinates":[[[-108.205777,36.750784],[-108.20578,36.750694],[-108.205668,36.750692],[-108.205665,36.750782],[-108.205777,36.750784]]]},"properties":{"class":"invasive_woody","min_prob":0.5}},{"type":"Feature","geometry":{"type":"Polygon","coordinates":[[[-108.319301,36.753308],[-108.319304,36.753218],[-108.319192,36.753215],[-108.319189,36.753305],[-108.319301,36.753308]]]},"properties":{"class":"invasive_woody","min_prob":0.5}},{"type":"Feature","geometry":{"type":"Polygon","coordinates":[[[-108.210146,36.750797],[-108.210149,36.750707],[-108.210037,36.750704],[-108.210034,36.750794],[-108.210146,36.750797]]]},"properties":{"class":"invasive_woody","min_prob":0.5}},{"type":"Feature","geometry":{"type":"Polygon","coordinates":[[[-108.211483,36.751009],[-108.211486,36.750919],[-108.211598,36.750921],[-108.211605,36.750741],[-108.211493,36.750738],[-108.211496,36.750648],[-108.211384,36.750646],[-108.211371,36.751006],[-108.211483,36.751009]]]},"properties":{"class":"invasive_woody","min_prob":0.5}},{"type":"Feature","geometry":{"type":"Polygon","coordinates":[[[-108.318297,36.753195],[-108.3183,36.753105],[-108.318188,36.753102],[-108.318185,36.753193],[-108.318297,36.753195]]]},"properties":{"class":"invasive_woody","min_prob":0.5}},{"type":"Feature","geometry":{"type":"Polygon","coordinates":[[[-108.206679,36.750625],[-108.206682,36.750535],[-108.20657,36.750533],[-108.206567,36.750623],[-108.206679,36.750625]]]},"properties":{"class":"invasive_woody","min_prob":0.5}},{"type":"Feature","geometry":{"type":"Polygon","coordinates":[[[-108.266233,36.7521],[-108.266243,36.751829],[-108.266131,36.751827],[-108.266121,36.752097],[-108.266233,36.7521]]]},"properties":{"class":"invasive_woody","min_prob":0.5}},{"type":"Feature","geometry":{"type":"Polygon","coordinates":[[[-108.322106,36.753191],[-108.32211,36.753101],[-108.321886,36.753096],[-108.321883,36.753186],[-108.322106,36.753191]]]},"properties":{"class":"invasive_woody","min_prob":0.5}},{"type":"Feature","geometry":{"type":"Polygon","coordinates":[[[-108.204891,36.750493],[-108.204901,36.750223],[-108.204677,36.750218],[-108.204667,36.750488],[-108.204891,36.750493]]]},"properties":{"class":"invasive_woody","min_prob":0.5}},{"type":"Feature","geometry":{"type":"Polygon","coordinates":[[[-108.318079,36.75301],[-108.318085,36.75283],[-108.317973,36.752827],[-108.317967,36.753007],[-108.318079,36.75301]]]},"properties":{"class":"invasive_woody","min_prob":0.5}},{"type":"Feature","geometry":{"type":"Polygon","coordinates":[[[-108.322225,36.753013],[-108.322228,36.752923],[-108.322116,36.752921],[-108.322113,36.753011],[-108.322225,36.753013]]]},"properties":{"class":"invasive_woody","min_prob":0.5}},{"type":"Feature","geometry":{"type":"Polygon","coordinates":[[[-108.32178,36.752913],[-108.321783,36.752823],[-108.321671,36.75282],[-108.321668,36.75291],[-108.32178,36.752913]]]},"properties":{"class":"invasive_woody","min_prob":0.5}},{"type":"Feature","geometry":{"type":"Polygon","coordinates":[[[-108.318309,36.752835],[-108.318312,36.752745],[-108.318088,36.75274],[-108.318085,36.75283],[-108.318309,36.752835]]]},"properties":{"class":"invasive_woody","min_prob":0.5}},{"type":"Feature","geometry":{"type":"Polygon","coordinates":[[[-108.322679,36.752843],[-108.322682,36.752753],[-108.32257,36.75275],[-108.322567,36.752841],[-108.322679,36.752843]]]},"properties":{"class":"invasive_woody","min_prob":0.5}},{"type":"Feature","geometry":{"type":"Polygon","coordinates":[[[-108.322116,36.752921],[-108.322119,36.75283],[-108.322231,36.752833],[-108.322234,36.752743],[-108.32201,36.752738],[-108.322004,36.752918],[-108.322116,36.752921]]]},"properties":{"class":"invasive_woody","min_prob":0.5}},{"type":"Feature","geometry":{"type":"Polygon","coordinates":[[[-108.321895,36.752825],[-108.321898,36.752735],[-108.321786,36.752733],[-108.321783,36.752823],[-108.321895,36.752825]]]},"properties":{"class":"invasive_woody","min_prob":0.5}},{"type":"Feature","geometry":{"type":"Polygon","coordinates":[[[-108.322455,36.752838],[-108.322461,36.752658],[-108.322349,36.752655],[-108.322343,36.752835],[-108.322455,36.752838]]]},"properties":{"class":"invasive_woody","min_prob":0.5}},{"type":"Feature","geometry":{"type":"Polygon","coordinates":[[[-108.32201,36.752738],[-108.322013,36.752648],[-108.321901,36.752645],[-108.321898,36.752735],[-108.32201,36.752738]]]},"properties":{"class":"invasive_woody","min_prob":0.5}},{"type":"Feature","geometry":{"type":"Polygon","coordinates":[[[-108.317868,36.752644],[-108.317871,36.752554],[-108.317759,36.752552],[-108.317756,36.752642],[-108.317868,36.752644]]]},"properties":{"class":"invasive_woody","min_prob":0.5}},{"type":"Feature","geometry":{"type":"Polygon","coordinates":[[[-108.206225,36.750795],[-108.206228,36.750705],[-108.206452,36.75071],[-108.206455,36.75062],[-108.206343,36.750617],[-108.206359,36.750167],[-108.206471,36.75017],[-108.206478,36.749989],[-108.206366,36.749987],[-108.206363,36.750077],[-108.206251,36.750074],[-108.206247,36.750164],[-108.206135,36.750162],[-108.206132,36.750252],[-108.205684,36.750241],[-108.205688,36.750151],[-108.205576,36.750149],[-108.205579,36.750059],[-108.205467,36.750056],[-108.205474,36.749876],[-108.205362,36.749873],[-108.205358,36.749963],[-108.205246,36.749961],[-108.205237,36.750231],[-108.205572,36.750239],[-108.205569,36.750329],[-108.205793,36.750334],[-108.20578,36.750694],[-108.205892,36.750697],[-108.205895,36.750607],[-108.206007,36.75061],[-108.206004,36.7507],[-108.206116,36.750702],[-108.206113,36.750792],[-108.206225,36.750795]]]},"properties":{"class":"invasive_woody","min_prob":0.5}},{"type":"Feature","geometry":{"type":"Polygon","coordinates":[[[-108.280253,36.7517],[-108.280256,36.75161],[-108.280144,36.751607],[-108.280141,36.751697],[-108.280253,36.7517]]]},"properties":{"class":"invasive_woody","min_prob":0.5}},{"type":"Feature","geometry":{"type":"Polygon","coordinates":[[[-108.194948,36.749718],[-108.194951,36.749628],[-108.194839,36.749625],[-108.194836,36.749715],[-108.194948,36.749718]]]},"properties":{"class":"invasive_woody","min_prob":0.5}},{"type":"Feature","geometry":{"type":"Polygon","coordinates":[[[-108.269061,36.751353],[-108.269064,36.751263],[-108.268952,36.751261],[-108.268949,36.751351],[-108.269061,36.751353]]]},"properties":{"class":"invasive_woody","min_prob":0.5}},{"type":"Feature","geometry":{"type":"Polygon","coordinates":[[[-108.192709,36.749665],[-108.192712,36.749575],[-108.192936,36.74958],[-108.192939,36.74949],[-108.192715,36.749485],[-108.192718,36.749395],[-108.192607,36.749392],[-108.192603,36.749482],[-108.192491,36.74948],[-108.192488,36.74957],[-108.1926,36.749572],[-108.192597,36.749663],[-108.192709,36.749665]]]},"properties":{"class":"invasive_woody","min_prob":0.5}},{"type":"Feature","geometry":{"type":"Polygon","coordinates":[[[-108.199435,36.749553],[-108.199438,36.749463],[-108.199326,36.749461],[-108.199323,36.749551],[-108.199435,36.749553]]]},"properties":{"class":"invasive_woody","min_prob":0.5}},{"type":"Feature","geometry":{"type":"Polygon","coordinates":[[[-108.22026,36.749952],[-108.220264,36.749862],[-108.220152,36.749859],[-108.220148,36.749949],[-108.22026,36.749952]]]},"properties":{"class":"invasive_woody","min_prob":0.5}},{"type":"Feature","geometry":{"type":"Polygon","coordinates":[[[-108.206491,36.749629],[-108.206494,36.749539],[-108.206382,36.749536],[-108.206379,36.749627],[-108.206491,36.749629]]]},"properties":{"class":"invasive_woody","min_prob":0.5}},{"type":"Feature","geometry":{"type":"Polygon","coordinates":[[[-108.206267,36.749624],[-108.20627,36.749534],[-108.206158,36.749531],[-108.206162,36.749441],[-108.205938,36.749436],[-108.205934,36.749526],[-108.206046,36.749529],[-108.206043,36.749619],[-108.206267,36.749624]]]},"properties":{"class":"invasive_woody","min_prob":0.5}},{"type":"Feature","geometry":{"type":"Polygon","coordinates":[[[-108.19933,36.749371],[-108.199333,36.74928],[-108.199221,36.749278],[-108.199218,36.749368],[-108.19933,36.749371]]]},"properties":{"class":"invasive_woody","min_prob":0.5}},{"type":"Feature","geometry":{"type":"Polygon","coordinates":[[[-108.197874,36.749336],[-108.197878,36.749246],[-108.197766,36.749244],[-108.197763,36.749334],[-108.197874,36.749336]]]},"properties":{"class":"invasive_woody","min_prob":0.5}},{"type":"Feature","geometry":{"type":"Polygon","coordinates":[[[-108.316873,36.752261],[-108.316885,36.751901],[-108.316773,36.751898],[-108.316761,36.752259],[-108.316873,36.752261]]]},"properties":{"class":"invasive_woody","min_prob":0.5}},{"type":"Feature","geometry":{"type":"Polygon","coordinates":[[[-108.199889,36.749384],[-108.199896,36.749204],[-108.199784,36.749201],[-108.199778,36.749381],[-108.199889,36.749384]]]},"properties":{"class":"invasive_woody","min_prob":0.5}},{"type":"Feature","geometry":{"type":"Polygon","coordinates":[[[-108.215229,36.749654],[-108.215232,36.749564],[-108.21512,36.749561],[-108.215117,36.749651],[-108.215229,36.749654]]]},"properties":{"class":"invasive_woody","min_prob":0.5}},{"type":"Feature","geometry":{"type":"Polygon","coordinates":[[[-108.205938,36.749436],[-108.205941,36.749346],[-108.205829,36.749343],[-108.205826,36.749433],[-108.205938,36.749436]]]},"properties":{"class":"invasive_woody","min_prob":0.5}},{"type":"Feature","geometry":{"type":"Polygon","coordinates":[[[-108.19799,36.749249],[-108.197993,36.749159],[-108.197881,36.749156],[-108.197878,36.749246],[-108.19799,36.749249]]]},"properties":{"class":"invasive_woody","min_prob":0.5}},{"type":"Feature","geometry":{"type":"Polygon","coordinates":[[[-108.197654,36.749241],[-108.197657,36.749151],[-108.197545,36.749148],[-108.197542,36.749238],[-108.197654,36.749241]]]},"properties":{"class":"invasive_woody","min_prob":0.5}},{"type":"Feature","geometry":{"type":"Polygon","coordinates":[[[-108.316437,36.751891],[-108.31644,36.751801],[-108.316328,36.751798],[-108.316325,36.751888],[-108.316437,36.751891]]]},"properties":{"class":"invasive_woody","min_prob":0.5}},{"type":"Feature","geometry":{"type":"Polygon","coordinates":[[[-108.205829,36.749343],[-108.205832,36.749253],[-108.20572,36.74925],[-108.205717,36.74934],[-108.205829,36.749343]]]},"properties":{"class":"invasive_woody","min_prob":0.5}},{"type":"Feature","geometry":{"type":"Polygon","coordinates":[[[-108.200008,36.749206],[-108.200011,36.749116],[-108.199899,36.749113],[-108.199896,36.749204],[-108.200008,36.749206]]]},"properties":{"class":"invasive_woody","min_prob":0.5}},{"type":"Feature","geometry":{"type":"Polygon","coordinates":[[[-108.198105,36.749161],[-108.198108,36.749071],[-108.197996,36.749069],[-108.197993,36.749159],[-108.198105,36.749161]]]},"properties":{"class":"invasive_woody","min_prob":0.5}},{"type":"Feature","geometry":{"type":"Polygon","coordinates":[[[-108.316776,36.751808],[-108.316779,36.751718],[-108.316667,36.751716],[-108.316664,36.751806],[-108.316776,36.751808]]]},"properties":{"class":"invasive_woody","min_prob":0.5}},{"type":"Feature","geometry":{"type":"Polygon","coordinates":[[[-108.316552,36.751803],[-108.316556,36.751713],[-108.316444,36.751711],[-108.31644,36.751801],[-108.316552,36.751803]]]},"properties":{"class":"invasive_woody","min_prob":0.5}},{"type":"Feature","geometry":{"type":"Polygon","coordinates":[[[-108.200123,36.749119],[-108.200126,36.749029],[-108.200014,36.749026],[-108.200011,36.749116],[-108.200123,36.749119]]]},"properties":{"class":"invasive_woody","min_prob":0.5}},{"type":"Feature","geometry":{"type":"Polygon","coordinates":[[[-108.199899,36.749113],[-108.199903,36.749023],[-108.199791,36.749021],[-108.199787,36.749111],[-108.199899,36.749113]]]},"properties":{"class":"invasive_woody","min_prob":0.5}},{"type":"Feature","geometry":{"type":"Polygon","coordinates":[[[-108.199336,36.74919],[-108.199343,36.74901],[-108.199231,36.749008],[-108.199234,36.748917],[-108.198898,36.74891],[-108.198895,36.749],[-108.198447,36.748989],[-108.198444,36.749079],[-108.198892,36.74909],[-108.198889,36.74918],[-108.199112,36.749185],[-108.199116,36.749095],[-108.199228,36.749098],[-108.199224,36.749188],[-108.199336,36.74919]],[[-108.199116,36.749095],[-108.199004,36.749092],[-108.199007,36.749002],[-108.199119,36.749005],[-108.199116,36.749095]]]},"properties":{"class":"invasive_woody","min_prob":0.5}},{"type":"Feature","geometry":{"type":"Polygon","coordinates":[[[-108.195626,36.749554],[-108.195629,36.749464],[-108.195965,36.749472],[-108.195971,36.749291],[-108.196083,36.749294],[-108.19609,36.749114],[-108.196202,36.749117],[-108.196199,36.749207],[-108.196422,36.749212],[-108.196426,36.749122],[-108.196314,36.749119],[-108.196317,36.749029],[-108.196541,36.749034],[-108.196538,36.749124],[-108.19665,36.749127],[-108.196656,36.748947],[-108.196544,36.748944],[-108.196548,36.748854],[-108.196324,36.748849],[-108.19632,36.748939],[-108.196096,36.748934],[-108.196093,36.749024],[-108.195981,36.749021],[-108.195978,36.749111],[-108.19553,36.749101],[-108.195527,36.749191],[-108.195415,36.749188],[-108.195405,36.749458],[-108.195517,36.749461],[-108.195514,36.749551],[-108.195626,36.749554]]]},"properties":{"class":"invasive_woody","min_prob":0.5}},{"type":"Feature","geometry":{"type":"Polygon","coordinates":[[[-108.206165,36.749351],[-108.206168,36.749261],[-108.20628,36.749264],[-108.206283,36.749173],[-108.206171,36.749171],[-108.206175,36.749081],[-108.206063,36.749078],[-108.206053,36.749348],[-108.206165,36.749351]]]},"properties":{"class":"invasive_woody","min_prob":0.5}},{"type":"Feature","geometry":{"type":"Polygon","coordinates":[[[-108.26931,36.750638],[-108.269314,36.750548],[-108.269202,36.750545],[-108.269198,36.750635],[-108.26931,36.750638]]]},"properties":{"class":"invasive_woody","min_prob":0.5}},{"type":"Feature","geometry":{"type":"Polygon","coordinates":[[[-108.20147,36.74906],[-108.201473,36.74897],[-108.201361,36.748968],[-108.201358,36.749058],[-108.20147,36.74906]]]},"properties":{"class":"invasive_woody","min_prob":0.5}},{"type":"Feature","geometry":{"type":"Polygon","coordinates":[[[-108.20035,36.749034],[-108.200354,36.748944],[-108.20013,36.748939],[-108.200126,36.749029],[-108.20035,36.749034]]]},"properties":{"class":"invasive_woody","min_prob":0.5}},{"type":"Feature","geometry":{"type":"Polygon","coordinates":[[[-108.200014,36.749026],[-108.200018,36.748936],[-108.199906,36.748933],[-108.199903,36.749023],[-108.200014,36.749026]]]},"properties":{"class":"invasive_woody","min_prob":0.5}},{"type":"Feature","geometry":{"type":"Polygon","coordinates":[[[-108.198329,36.749167],[-108.198335,36.748986],[-108.198447,36.748989],[-108.198451,36.748899],[-108.198003,36.748888],[-108.198006,36.748798],[-108.197894,36.748796],[-108.197891,36.748886],[-108.197779,36.748883],[-108.197776,36.748973],[-108.198223,36.748984],[-108.198217,36.749164],[-108.198329,36.749167]]]},"properties":{"class":"invasive_woody","min_prob":0.5}},{"type":"Feature","geometry":{"type":"Polygon","coordinates":[[[-108.232594,36.749699],[-108.232597,36.749608],[-108.232485,36.749606],[-108.232482,36.749696],[-108.232594,36.749699]]]},"properties":{"class":"invasive_woody","min_prob":0.5}},{"type":"Feature","geometry":{"type":"Polygon","coordinates":[[[-108.21569,36.749304],[-108.215693,36.749214],[-108.215581,36.749211],[-108.215578,36.749301],[-108.21569,36.749304]]]},"properties":{"class":"invasive_woody","min_prob":0.5}},{"type":"Feature","geometry":{"type":"Polygon","coordinates":[[[-108.200466,36.748946],[-108.200469,36.748856],[-108.200357,36.748854],[-108.200354,36.748944],[-108.200466,36.748946]]]},"properties":{"class":"invasive_woody","min_prob":0.5}},{"type":"Feature","geometry":{"type":"Polygon","coordinates":[[[-108.195652,36.748833],[-108.195655,36.748743],[-108.195543,36.74874],[-108.19554,36.74883],[-108.195652,36.748833]]]},"properties":{"class":"invasive_woody","min_prob":0.5}},{"type":"Feature","geometry":{"type":"Polygon","coordinates":[[[-108.197894,36.748796],[-108.197897,36.748706],[-108.197785,36.748703],[-108.197782,36.748793],[-108.197894,36.748796]]]},"properties":{"class":"invasive_woody","min_prob":0.5}},{"type":"Feature","geometry":{"type":"Polygon","coordinates":[[[-108.232821,36.749614],[-108.232824,36.749524],[-108.232712,36.749521],[-108.232716,36.749431],[-108.232604,36.749428],[-108.232597,36.749608],[-108.232821,36.749614]]]},"properties":{"class":"invasive_woody","min_prob":0.5}},{"type":"Feature","geometry":{"type":"Polygon","coordinates":[[[-108.202932,36.748914],[-108.202935,36.748824],[-108.202823,36.748822],[-108.202826,36.748732],[-108.202714,36.748729],[-108.202711,36.748819],[-108.202599,36.748816],[-108.202596,36.748906],[-108.202932,36.748914]]]},"properties":{"class":"invasive_woody","min_prob":0.5}},{"type":"Feature","geometry":{"type":"Polygon","coordinates":[[[-108.19767,36.74879],[-108.197677,36.74861],[-108.197565,36.748608],[-108.197558,36.748788],[-108.19767,36.74879]]]},"properties":{"class":"invasive_woody","min_prob":0.5}},{"type":"Feature","geometry":{"type":"Polygon","coordinates":[[[-108.233048,36.749529],[-108.233051,36.749439],[-108.232828,36.749434],[-108.232824,36.749524],[-108.233048,36.749529]]]},"properties":{"class":"invasive_woody","min_prob":0.5}},{"type":"Feature","geometry":{"type":"Polygon","coordinates":[[[-108.191964,36.748566],[-108.191968,36.748476],[-108.191856,36.748473],[-108.191853,36.748563],[-108.191964,36.748566]]]},"properties":{"class":"invasive_woody","min_prob":0.5}},{"type":"Feature","geometry":{"type":"Polygon","coordinates":[[[-108.192527,36.748489],[-108.192531,36.748399],[-108.192419,36.748396],[-108.192416,36.748486],[-108.192527,36.748489]]]},"properties":{"class":"invasive_woody","min_prob":0.5}},{"type":"Feature","geometry":{"type":"Polygon","coordinates":[[[-108.192192,36.748481],[-108.192195,36.748391],[-108.192083,36.748388],[-108.19208,36.748478],[-108.192192,36.748481]]]},"properties":{"class":"invasive_woody","min_prob":0.5}},{"type":"Feature","geometry":{"type":"Polygon","coordinates":[[[-108.206837,36.749367],[-108.206856,36.748826],[-108.206632,36.748821],[-108.206639,36.748641],[-108.206415,36.748636],[-108.206408,36.748816],[-108.206296,36.748813],[-108.206283,36.749173],[-108.206395,36.749176],[-108.206402,36.748996],[-108.206514,36.748999],[-108.206507,36.749179],[-108.206731,36.749184],[-108.206725,36.749364],[-108.206837,36.749367]]]},"properties":{"class":"invasive_woody","min_prob":0.5}},{"type":"Feature","geometry":{"type":"Polygon","coordinates":[[[-108.200811,36.748684],[-108.200818,36.748504],[-108.200706,36.748501],[-108.200699,36.748682],[-108.200811,36.748684]]]},"properties":{"class":"invasive_woody","min_prob":0.5}},{"type":"Feature","geometry":{"type":"Polygon","coordinates":[[[-108.267311,36.750141],[-108.267314,36.750051],[-108.267202,36.750048],[-108.267199,36.750138],[-108.267311,36.750141]]]},"properties":{"class":"invasive_woody","min_prob":0.5}},{"type":"Feature","geometry":{"type":"Polygon","coordinates":[[[-108.197792,36.748523],[-108.197795,36.748433],[-108.197683,36.74843],[-108.19768,36.74852],[-108.197792,36.748523]]]},"properties":{"class":"invasive_woody","min_prob":0.5}},{"type":"Feature","geometry":{"type":"Polygon","coordinates":[[[-108.197568,36.748518],[-108.197571,36.748428],[-108.197459,36.748425],[-108.197456,36.748515],[-108.197568,36.748518]]]},"properties":{"class":"invasive_woody","min_prob":0.5}},{"type":"Feature","geometry":{"type":"Polygon","coordinates":[[[-108.192307,36.748393],[-108.19231,36.748303],[-108.192198,36.748301],[-108.192195,36.748391],[-108.192307,36.748393]]]},"properties":{"class":"invasive_woody","min_prob":0.5}},{"type":"Feature","geometry":{"type":"Polygon","coordinates":[[[-108.320717,36.751266],[-108.32072,36.751176],[-108.320608,36.751173],[-108.320605,36.751264],[-108.320717,36.751266]]]},"properties":{"class":"invasive_woody","min_prob":0.5}},{"type":"Feature","geometry":{"type":"Polygon","coordinates":[[[-108.232946,36.749256],[-108.232949,36.749166],[-108.232837,36.749163],[-108.232834,36.749253],[-108.232946,36.749256]]]},"properties":{"class":"invasive_woody","min_prob":0.5}},{"type":"Feature","geometry":{"type":"Polygon","coordinates":[[[-108.232722,36.749251],[-108.232725,36.749161],[-108.232613,36.749158],[-108.23261,36.749248],[-108.232722,36.749251]]]},"properties":{"class":"invasive_woody","min_prob":0.5}},{"type":"Feature","geometry":{"type":"Polygon","coordinates":[[[-108.215594,36.748851],[-108.215598,36.748761],[-108.215486,36.748758],[-108.215482,36.748848],[-108.215594,36.748851]]]},"properties":{"class":"invasive_woody","min_prob":0.5}},{"type":"Feature","geometry":{"type":"Polygon","coordinates":[[[-108.206415,36.748636],[-108.206418,36.748546],[-108.206306,36.748543],[-108.206303,36.748633],[-108.206415,36.748636]]]},"properties":{"class":"invasive_woody","min_prob":0.5}},{"type":"Feature","geometry":{"type":"Polygon","coordinates":[[[-108.201937,36.74853],[-108.20194,36.74844],[-108.201829,36.748438],[-108.201825,36.748528],[-108.201937,36.74853]]]},"properties":{"class":"invasive_woody","min_prob":0.5}},{"type":"Feature","geometry":{"type":"Polygon","coordinates":[[[-108.197459,36.748425],[-108.197463,36.748335],[-108.197127,36.748327],[-108.197124,36.748417],[-108.197459,36.748425]]]},"properties":{"class":"invasive_woody","min_prob":0.5}},{"type":"Feature","geometry":{"type":"Polygon","coordinates":[[[-108.197012,36.748414],[-108.197015,36.748324],[-108.196903,36.748322],[-108.1969,36.748412],[-108.197012,36.748414]]]},"properties":{"class":"invasive_woody","min_prob":0.5}},{"type":"Feature","geometry":{"type":"Polygon","coordinates":[[[-108.19175,36.74829],[-108.191754,36.7482],[-108.19153,36.748195],[-108.191527,36.748285],[-108.19175,36.74829]]]},"properties":{"class":"invasive_woody","min_prob":0.5}},{"type":"Feature","geometry":{"type":"Polygon","coordinates":[[[-108.195556,36.74838],[-108.195563,36.7482],[-108.195339,36.748195],[-108.195333,36.748375],[-108.195556,36.74838]]]},"properties":{"class":"invasive_woody","min_prob":0.5}},{"type":"Feature","geometry":{"type":"Polygon","coordinates":[[[-108.192982,36.748319],[-108.192988,36.748139],[-108.192653,36.748131],[-108.192649,36.748221],[-108.192873,36.748227],[-108.19287,36.748317],[-108.192982,36.748319]]]},"properties":{"class":"invasive_woody","min_prob":0.5}},{"type":"Feature","geometry":{"type":"Polygon","coordinates":[[[-108.320608,36.751173],[-108.320611,36.751083],[-108.320499,36.751081],[-108.320496,36.751171],[-108.320608,36.751173]]]},"properties":{"class":"invasive_woody","min_prob":0.5}},{"type":"Feature","geometry":{"type":"Polygon","coordinates":[[[-108.20709,36.748561],[-108.207093,36.748471],[-108.206981,36.748469],[-108.206978,36.748559],[-108.20709,36.748561]]]},"properties":{"class":"invasive_woody","min_prob":0.5}},{"type":"Feature","geometry":{"type":"Polygon","coordinates":[[[-108.200034,36.748486],[-108.200037,36.748395],[-108.200261,36.748401],[-108.200265,36.748311],[-108.199481,36.748292],[-108.199478,36.748382],[-108.199702,36.748388],[-108.199698,36.748478],[-108.200034,36.748486]]]},"properties":{"class":"invasive_woody","min_prob":0.5}},{"type":"Feature","geometry":{"type":"Polygon","coordinates":[[[-108.197911,36.748345],[-108.197917,36.748165],[-108.197805,36.748163],[-108.197799,36.748343],[-108.197911,36.748345]]]},"properties":{"class":"invasive_woody","min_prob":0.5}},{"type":"Feature","geometry":{"type":"Polygon","coordinates":[[[-108.320835,36.751088],[-108.320838,36.750998],[-108.320614,36.750993],[-108.320611,36.751083],[-108.320835,36.751088]]]},"properties":{"class":"invasive_woody","min_prob":0.5}},{"type":"Feature","geometry":{"type":"Polygon","coordinates":[[[-108.320499,36.751081],[-108.320502,36.750991],[-108.32039,36.750988],[-108.320387,36.751078],[-108.320499,36.751081]]]},"properties":{"class":"invasive_woody","min_prob":0.5}},{"type":"Feature","geometry":{"type":"Polygon","coordinates":[[[-108.267657,36.749878],[-108.26766,36.749788],[-108.267548,36.749786],[-108.267545,36.749876],[-108.267657,36.749878]]]},"properties":{"class":"invasive_woody","min_prob":0.5}},{"type":"Feature","geometry":{"type":"Polygon","coordinates":[[[-108.232729,36.749071],[-108.232732,36.74898],[-108.23262,36.748978],[-108.232617,36.749068],[-108.232729,36.749071]]]},"properties":{"class":"invasive_woody","min_prob":0.5}},{"type":"Feature","geometry":{"type":"Polygon","coordinates":[[[-108.206421,36.748455],[-108.206425,36.748365],[-108.206313,36.748363],[-108.20631,36.748453],[-108.206421,36.748455]]]},"properties":{"class":"invasive_woody","min_prob":0.5}},{"type":"Feature","geometry":{"type":"Polygon","coordinates":[[[-108.199254,36.748377],[-108.199257,36.748287],[-108.199369,36.74829],[-108.199372,36.748199],[-108.198813,36.748186],[-108.198809,36.748276],[-108.199033,36.748282],[-108.19903,36.748372],[-108.199254,36.748377]]]},"properties":{"class":"invasive_woody","min_prob":0.5}},{"type":"Feature","geometry":{"type":"Polygon","coordinates":[[[-108.19713,36.748237],[-108.197137,36.748057],[-108.197025,36.748054],[-108.197018,36.748234],[-108.19713,36.748237]]]},"properties":{"class":"invasive_woody","min_prob":0.5}},{"type":"Feature","geometry":{"type":"Polygon","coordinates":[[[-108.208999,36.748426],[-108.209003,36.748336],[-108.208779,36.74833],[-108.208776,36.748421],[-108.208999,36.748426]]]},"properties":{"class":"invasive_woody","min_prob":0.5}},{"type":"Feature","geometry":{"type":"Polygon","coordinates":[[[-108.207538,36.748572],[-108.207544,36.748392],[-108.208104,36.748405],[-108.208107,36.748315],[-108.207324,36.748296],[-108.20732,36.748386],[-108.207096,36.748381],[-108.207093,36.748471],[-108.207205,36.748474],[-108.207202,36.748564],[-108.207538,36.748572]]]},"properties":{"class":"invasive_woody","min_prob":0.5}},{"type":"Feature","geometry":{"type":"Polygon","coordinates":[[[-108.200706,36.748501],[-108.200709,36.748411],[-108.201157,36.748422],[-108.20116,36.748332],[-108.201272,36.748334],[-108.201275,36.748244],[-108.201387,36.748247],[-108.201391,36.748157],[-108.201167,36.748152],[-108.201163,36.748242],[-108.20094,36.748236],[-108.200936,36.748326],[-108.2006,36.748319],[-108.200594,36.748499],[-108.200706,36.748501]]]},"properties":{"class":"invasive_woody","min_prob":0.5}},{"type":"Feature","geometry":{"type":"Polygon","coordinates":[[[-108.308302,36.750625],[-108.308305,36.750535],[-108.308081,36.75053],[-108.308078,36.75062],[-108.308302,36.750625]]]},"properties":{"class":"invasive_woody","min_prob":0.5}},{"type":"Feature","geometry":{"type":"Polygon","coordinates":[[[-108.267663,36.749698],[-108.267666,36.749608],[-108.267554,36.749605],[-108.267551,36.749696],[-108.267663,36.749698]]]},"properties":{"class":"invasive_woody","min_prob":0.5}},{"type":"Feature","geometry":{"type":"Polygon","coordinates":[[[-108.216279,36.748506],[-108.216282,36.748416],[-108.21617,36.748414],[-108.216167,36.748504],[-108.216279,36.748506]]]},"properties":{"class":"invasive_woody","min_prob":0.5}},{"type":"Feature","geometry":{"type":"Polygon","coordinates":[[[-108.209227,36.748341],[-108.20923,36.748251],[-108.209006,36.748246],[-108.209003,36.748336],[-108.209227,36.748341]]]},"properties":{"class":"invasive_woody","min_prob":0.5}},{"type":"Feature","geometry":{"type":"Polygon","coordinates":[[[-108.199823,36.74812],[-108.199827,36.74803],[-108.199715,36.748027],[-108.199711,36.748117],[-108.199823,36.74812]]]},"properties":{"class":"invasive_woody","min_prob":0.5}},{"type":"Feature","geometry":{"type":"Polygon","coordinates":[[[-108.197361,36.748062],[-108.197364,36.747972],[-108.197252,36.747969],[-108.197249,36.748059],[-108.197361,36.748062]]]},"properties":{"class":"invasive_woody","min_prob":0.5}},{"type":"Feature","geometry":{"type":"Polygon","coordinates":[[[-108.234184,36.749104],[-108.234187,36.749014],[-108.234411,36.74902],[-108.234414,36.748929],[-108.234526,36.748932],[-108.234529,36.748842],[-108.234417,36.748839],[-108.234421,36.748749],[-108.234309,36.748747],[-108.234305,36.748837],[-108.23397,36.748829],[-108.233966,36.748919],[-108.233854,36.748916],[-108.233851,36.749007],[-108.233963,36.749009],[-108.23396,36.749099],[-108.234184,36.749104]]]},"properties":{"class":"invasive_woody","min_prob":0.5}},{"type":"Feature","geometry":{"type":"Polygon","coordinates":[[[-108.221428,36.748627],[-108.221435,36.748447],[-108.221323,36.748444],[-108.221317,36.748624],[-108.221428,36.748627]]]},"properties":{"class":"invasive_woody","min_prob":0.5}},{"type":"Feature","geometry":{"type":"Polygon","coordinates":[[[-108.221205,36.748622],[-108.221211,36.748441],[-108.221099,36.748439],[-108.221093,36.748619],[-108.221205,36.748622]]]},"properties":{"class":"invasive_woody","min_prob":0.5}},{"type":"Feature","geometry":{"type":"Polygon","coordinates":[[[-108.212025,36.748407],[-108.212028,36.748317],[-108.211916,36.748314],[-108.21192,36.748224],[-108.211808,36.748221],[-108.211801,36.748401],[-108.212025,36.748407]]]},"properties":{"class":"invasive_woody","min_prob":0.5}},{"type":"Feature","geometry":{"type":"Polygon","coordinates":[[[-108.208552,36.748415],[-108.208555,36.748325],[-108.208779,36.74833],[-108.208782,36.74824],[-108.208558,36.748235],[-108.208561,36.748145],[-108.208449,36.748142],[-108.208443,36.748323],[-108.208219,36.748317],[-108.208216,36.748407],[-108.208552,36.748415]]]},"properties":{"class":"invasive_woody","min_prob":0.5}},{"type":"Feature","geometry":{"type":"Polygon","coordinates":[[[-108.322748,36.750861],[-108.322751,36.750771],[-108.322527,36.750766],[-108.322524,36.750856],[-108.322748,36.750861]]]},"properties":{"class":"invasive_woody","min_prob":0.5}},{"type":"Feature","geometry":{"type":"Polygon","coordinates":[[[-108.308417,36.750537],[-108.30842,36.750447],[-108.308308,36.750445],[-108.308305,36.750535],[-108.308417,36.750537]]]},"properties":{"class":"invasive_woody","min_prob":0.5}},{"type":"Feature","geometry":{"type":"Polygon","coordinates":[[[-108.267778,36.749611],[-108.267781,36.749521],[-108.267669,36.749518],[-108.267666,36.749608],[-108.267778,36.749611]]]},"properties":{"class":"invasive_woody","min_prob":0.5}},{"type":"Feature","geometry":{"type":"Polygon","coordinates":[[[-108.235089,36.748855],[-108.235092,36.748765],[-108.23498,36.748762],[-108.234977,36.748852],[-108.235089,36.748855]]]},"properties":{"class":"invasive_woody","min_prob":0.5}},{"type":"Feature","geometry":{"type":"Polygon","coordinates":[[[-108.211469,36.748303],[-108.211472,36.748213],[-108.21136,36.748211],[-108.211357,36.748301],[-108.211469,36.748303]]]},"properties":{"class":"invasive_woody","min_prob":0.5}},{"type":"Feature","geometry":{"type":"Polygon","coordinates":[[[-108.208222,36.748227],[-108.208226,36.748137],[-108.208114,36.748135],[-108.20811,36.748225],[-108.208222,36.748227]]]},"properties":{"class":"invasive_woody","min_prob":0.5}},{"type":"Feature","geometry":{"type":"Polygon","coordinates":[[[-108.285128,36.750098],[-108.285137,36.749828],[-108.285025,36.749825],[-108.285016,36.750096],[-108.285128,36.750098]]]},"properties":{"class":"invasive_woody","min_prob":0.5}},{"type":"Feature","geometry":{"type":"Polygon","coordinates":[[[-108.285918,36.749936],[-108.285921,36.749846],[-108.285697,36.749841],[-108.285694,36.749931],[-108.285918,36.749936]]]},"properties":{"class":"invasive_woody","min_prob":0.5}},{"type":"Feature","geometry":{"type":"Polygon","coordinates":[[[-108.202286,36.748178],[-108.202296,36.747908],[-108.202072,36.747902],[-108.202075,36.747812],[-108.201963,36.74781],[-108.20196,36.7479],[-108.201848,36.747897],[-108.201845,36.747987],[-108.201509,36.747979],[-108.201506,36.748069],[-108.201394,36.748067],[-108.201391,36.748157],[-108.201726,36.748165],[-108.20173,36.748075],[-108.202177,36.748085],[-108.202174,36.748175],[-108.202286,36.748178]]]},"properties":{"class":"invasive_woody","min_prob":0.5}},{"type":"Feature","geometry":{"type":"Polygon","coordinates":[[[-108.287031,36.750142],[-108.287034,36.750052],[-108.287146,36.750054],[-108.287149,36.749964],[-108.287261,36.749967],[-108.287267,36.749786],[-108.287043,36.749781],[-108.287037,36.749961],[-108.286701,36.749954],[-108.286698,36.750044],[-108.286586,36.750041],[-108.286583,36.750131],[-108.287031,36.750142]]]},"properties":{"class":"invasive_woody","min_prob":0.5}},{"type":"Feature","geometry":{"type":"Polygon","coordinates":[[[-108.211587,36.748126],[-108.21159,36.748036],[-108.211478,36.748033],[-108.211475,36.748123],[-108.211587,36.748126]]]},"properties":{"class":"invasive_woody","min_prob":0.5}},{"type":"Feature","geometry":{"type":"Polygon","coordinates":[[[-108.322869,36.750593],[-108.322872,36.750503],[-108.32276,36.750501],[-108.322757,36.750591],[-108.322869,36.750593]]]},"properties":{"class":"invasive_woody","min_prob":0.5}},{"type":"Feature","geometry":{"type":"Polygon","coordinates":[[[-108.267116,36.749325],[-108.267119,36.749235],[-108.267007,36.749232],[-108.267004,36.749322],[-108.267116,36.749325]]]},"properties":{"class":"invasive_woody","min_prob":0.5}},{"type":"Feature","geometry":{"type":"Polygon","coordinates":[[[-108.208456,36.747962],[-108.208459,36.747872],[-108.208347,36.74787],[-108.208344,36.74796],[-108.208456,36.747962]]]},"properties":{"class":"invasive_woody","min_prob":0.5}},{"type":"Feature","geometry":{"type":"Polygon","coordinates":[[[-108.202187,36.747815],[-108.202191,36.747725],[-108.202079,36.747722],[-108.202075,36.747812],[-108.202187,36.747815]]]},"properties":{"class":"invasive_woody","min_prob":0.5}},{"type":"Feature","geometry":{"type":"Polygon","coordinates":[[[-108.198934,36.747919],[-108.198938,36.747829],[-108.19905,36.747831],[-108.199053,36.747741],[-108.198941,36.747738],[-108.198944,36.747648],[-108.19872,36.747643],[-108.198724,36.747553],[-108.198612,36.74755],[-108.198615,36.74746],[-108.198503,36.747458],[-108.198493,36.747728],[-108.198717,36.747733],[-108.198714,36.747823],[-108.198826,36.747826],[-108.198822,36.747916],[-108.198934,36.747919]]]},"properties":{"class":"invasive_woody","min_prob":0.5}},{"type":"Feature","geometry":{"type":"Polygon","coordinates":[[[-108.199491,36.748022],[-108.199501,36.747752],[-108.199725,36.747757],[-108.199728,36.747667],[-108.199616,36.747664],[-108.199622,36.747484],[-108.19951,36.747481],[-108.199507,36.747572],[-108.199395,36.747569],[-108.199392,36.747659],[-108.19928,36.747656],[-108.199273,36.747836],[-108.19905,36.747831],[-108.199046,36.747921],[-108.199382,36.747929],[-108.199379,36.748019],[-108.199491,36.748022]]]},"properties":{"class":"invasive_woody","min_prob":0.5}},{"type":"Feature","geometry":{"type":"Polygon","coordinates":[[[-108.287162,36.749604],[-108.287165,36.749514],[-108.287053,36.749511],[-108.28705,36.749601],[-108.287162,36.749604]]]},"properties":{"class":"invasive_woody","min_prob":0.5}},{"type":"Feature","geometry":{"type":"Polygon","coordinates":[[[-108.202082,36.747632],[-108.202085,36.747542],[-108.201973,36.747539],[-108.20197,36.747629],[-108.202082,36.747632]]]},"properties":{"class":"invasive_woody","min_prob":0.5}},{"type":"Feature","geometry":{"type":"Polygon","coordinates":[[[-108.198052,36.747537],[-108.198055,36.747447],[-108.197943,36.747444],[-108.19794,36.747535],[-108.198052,36.747537]]]},"properties":{"class":"invasive_woody","min_prob":0.5}},{"type":"Feature","geometry":{"type":"Polygon","coordinates":[[[-108.30899,36.75019],[-108.308999,36.749919],[-108.308887,36.749917],[-108.308884,36.750007],[-108.308772,36.750005],[-108.308766,36.750185],[-108.30899,36.75019]]]},"properties":{"class":"invasive_woody","min_prob":0.5}},{"type":"Feature","geometry":{"type":"Polygon","coordinates":[[[-108.200064,36.747675],[-108.20007,36.747495],[-108.200182,36.747497],[-108.200185,36.747407],[-108.199962,36.747402],[-108.199952,36.747672],[-108.200064,36.747675]]]},"properties":{"class":"invasive_woody","min_prob":0.5}},{"type":"Feature","geometry":{"type":"Polygon","coordinates":[[[-108.323102,36.750328],[-108.323105,36.750238],[-108.323217,36.75024],[-108.323221,36.75015],[-108.322997,36.750145],[-108.32299,36.750325],[-108.323102,36.750328]]]},"properties":{"class":"invasive_woody","min_prob":0.5}},{"type":"Feature","geometry":{"type":"Polygon","coordinates":[[[-108.287501,36.749521],[-108.28751,36.749251],[-108.287398,36.749248],[-108.287389,36.749519],[-108.287501,36.749521]]]},"properties":{"class":"invasive_woody","min_prob":0.5}},{"type":"Feature","geometry":{"type":"Polygon","coordinates":[[[-108.235435,36.748593],[-108.235438,36.748502],[-108.23555,36.748505],[-108.235556,36.748325],[-108.235668,36.748328],[-108.235678,36.748057],[-108.235342,36.748049],[-108.235339,36.74814],[-108.235227,36.748137],[-108.235224,36.748227],[-108.235336,36.74823],[-108.235332,36.74832],[-108.23522,36.748317],[-108.235217,36.748407],[-108.235329,36.74841],[-108.235323,36.74859],[-108.235435,36.748593]]]},"properties":{"class":"invasive_woody","min_prob":0.5}},{"type":"Feature","geometry":{"type":"Polygon","coordinates":[[[-108.211936,36.747773],[-108.211946,36.747503],[-108.21161,36.747495],[-108.211607,36.747585],[-108.211719,36.747588],[-108.211712,36.747768],[-108.211936,36.747773]]]},"properties":{"class":"invasive_woody","min_prob":0.5}},{"type":"Feature","geometry":{"type":"Polygon","coordinates":[[[-108.322997,36.750145],[-108.323003,36.749965],[-108.322891,36.749963],[-108.322885,36.750143],[-108.322997,36.750145]]]},"properties":{"class":"invasive_woody","min_prob":0.5}},{"type":"Feature","geometry":{"type":"Polygon","coordinates":[[[-108.235342,36.748049],[-108.235345,36.747959],[-108.235233,36.747957],[-108.23523,36.748047],[-108.235342,36.748049]]]},"properties":{"class":"invasive_woody","min_prob":0.5}},{"type":"Feature","geometry":{"type":"Polygon","coordinates":[[[-108.202095,36.747272],[-108.202098,36.747182],[-108.201874,36.747176],[-108.201871,36.747267],[-108.202095,36.747272]]]},"properties":{"class":"invasive_woody","min_prob":0.5}},{"type":"Feature","geometry":{"type":"Polygon","coordinates":[[[-108.235793,36.74797],[-108.235796,36.74788],[-108.235684,36.747877],[-108.235681,36.747967],[-108.235793,36.74797]]]},"properties":{"class":"invasive_woody","min_prob":0.5}},{"type":"Feature","geometry":{"type":"Polygon","coordinates":[[[-108.201759,36.747264],[-108.201762,36.747174],[-108.201874,36.747176],[-108.201878,36.747086],[-108.201654,36.747081],[-108.201647,36.747261],[-108.201759,36.747264]]]},"properties":{"class":"invasive_woody","min_prob":0.5}},{"type":"Feature","geometry":{"type":"Polygon","coordinates":[[[-108.201423,36.747256],[-108.201427,36.747166],[-108.201539,36.747169],[-108.201542,36.747078],[-108.200758,36.74706],[-108.200755,36.74715],[-108.200979,36.747155],[-108.200976,36.747245],[-108.201087,36.747248],[-108.201091,36.747158],[-108.201315,36.747163],[-108.201311,36.747253],[-108.201423,36.747256]]]},"properties":{"class":"invasive_woody","min_prob":0.5}},{"type":"Feature","geometry":{"type":"Polygon","coordinates":[[[-108.311587,36.749617],[-108.31159,36.749527],[-108.311478,36.749525],[-108.311475,36.749615],[-108.311587,36.749617]]]},"properties":{"class":"invasive_woody","min_prob":0.5}},{"type":"Feature","geometry":{"type":"Polygon","coordinates":[[[-108.208703,36.747337],[-108.208706,36.747247],[-108.208594,36.747244],[-108.208601,36.747064],[-108.208489,36.747061],[-108.208479,36.747332],[-108.208703,36.747337]]]},"properties":{"class":"invasive_woody","min_prob":0.5}},{"type":"Feature","geometry":{"type":"Polygon","coordinates":[[[-108.235461,36.747872],[-108.235467,36.747692],[-108.235355,36.747689],[-108.235352,36.747779],[-108.235128,36.747774],[-108.235125,36.747864],[-108.235461,36.747872]]]},"properties":{"class":"invasive_woody","min_prob":0.5}},{"type":"Feature","geometry":{"type":"Polygon","coordinates":[[[-108.201654,36.747081],[-108.20166,36.746901],[-108.201548,36.746898],[-108.201542,36.747078],[-108.201654,36.747081]]]},"properties":{"class":"invasive_woody","min_prob":0.5}},{"type":"Feature","geometry":{"type":"Polygon","coordinates":[[[-108.311702,36.74953],[-108.311705,36.74944],[-108.311593,36.749437],[-108.31159,36.749527],[-108.311702,36.74953]]]},"properties":{"class":"invasive_woody","min_prob":0.5}},{"type":"Feature","geometry":{"type":"Polygon","coordinates":[[[-108.212627,36.747249],[-108.212631,36.747159],[-108.212519,36.747156],[-108.212515,36.747246],[-108.212627,36.747249]]]},"properties":{"class":"invasive_woody","min_prob":0.5}},{"type":"Feature","geometry":{"type":"Polygon","coordinates":[[[-108.201548,36.746898],[-108.201552,36.746808],[-108.20144,36.746806],[-108.201436,36.746896],[-108.201548,36.746898]]]},"properties":{"class":"invasive_woody","min_prob":0.5}},{"type":"Feature","geometry":{"type":"Polygon","coordinates":[[[-108.198862,36.746835],[-108.198865,36.746745],[-108.198753,36.746742],[-108.19875,36.746832],[-108.198862,36.746835]]]},"properties":{"class":"invasive_woody","min_prob":0.5}},{"type":"Feature","geometry":{"type":"Polygon","coordinates":[[[-108.20221,36.747184],[-108.202217,36.747004],[-108.202441,36.747009],[-108.202444,36.746919],[-108.202556,36.746922],[-108.202559,36.746832],[-108.202335,36.746827],[-108.202338,36.746737],[-108.202227,36.746734],[-108.20222,36.746914],[-108.202108,36.746911],[-108.202105,36.747002],[-108.201881,36.746996],[-108.201878,36.747086],[-108.202101,36.747092],[-108.202098,36.747182],[-108.20221,36.747184]]]},"properties":{"class":"invasive_woody","min_prob":0.5}},{"type":"Feature","geometry":{"type":"Polygon","coordinates":[[[-108.198078,36.746817],[-108.198085,36.746636],[-108.197973,36.746634],[-108.19797,36.746724],[-108.197858,36.746721],[-108.197854,36.746811],[-108.198078,36.746817]]]},"properties":{"class":"invasive_woody","min_prob":0.5}},{"type":"Feature","geometry":{"type":"Polygon","coordinates":[[[-108.326822,36.74969],[-108.326825,36.7496],[-108.326713,36.749598],[-108.32671,36.749688],[-108.326822,36.74969]]]},"properties":{"class":"invasive_woody","min_prob":0.5}},{"type":"Feature","geometry":{"type":"Polygon","coordinates":[[[-108.212634,36.747068],[-108.212637,36.746978],[-108.212413,36.746973],[-108.21241,36.747063],[-108.212634,36.747068]]]},"properties":{"class":"invasive_woody","min_prob":0.5}},{"type":"Feature","geometry":{"type":"Polygon","coordinates":[[[-108.197858,36.746721],[-108.197861,36.746631],[-108.197749,36.746628],[-108.197746,36.746719],[-108.197858,36.746721]]]},"properties":{"class":"invasive_woody","min_prob":0.5}},{"type":"Feature","geometry":{"type":"Polygon","coordinates":[[[-108.197186,36.746705],[-108.197192,36.746525],[-108.197081,36.746523],[-108.197074,36.746703],[-108.197186,36.746705]]]},"properties":{"class":"invasive_woody","min_prob":0.5}},{"type":"Feature","geometry":{"type":"Polygon","coordinates":[[[-108.215324,36.747041],[-108.215327,36.746951],[-108.215215,36.746949],[-108.215212,36.747039],[-108.215324,36.747041]]]},"properties":{"class":"invasive_woody","min_prob":0.5}},{"type":"Feature","geometry":{"type":"Polygon","coordinates":[[[-108.3275,36.749525],[-108.327503,36.749435],[-108.327391,36.749433],[-108.327388,36.749523],[-108.3275,36.749525]]]},"properties":{"class":"invasive_woody","min_prob":0.5}},{"type":"Feature","geometry":{"type":"Polygon","coordinates":[[[-108.202566,36.746652],[-108.202569,36.746562],[-108.202457,36.746559],[-108.202454,36.746649],[-108.202566,36.746652]]]},"properties":{"class":"invasive_woody","min_prob":0.5}},{"type":"Feature","geometry":{"type":"Polygon","coordinates":[[[-108.198312,36.746552],[-108.198315,36.746461],[-108.198203,36.746459],[-108.1982,36.746549],[-108.198312,36.746552]]]},"properties":{"class":"invasive_woody","min_prob":0.5}},{"type":"Feature","geometry":{"type":"Polygon","coordinates":[[[-108.195174,36.746568],[-108.195178,36.746478],[-108.19529,36.74648],[-108.195296,36.7463],[-108.195072,36.746295],[-108.195062,36.746565],[-108.195174,36.746568]]]},"properties":{"class":"invasive_woody","min_prob":0.5}},{"type":"Feature","geometry":{"type":"Polygon","coordinates":[[[-108.198091,36.746456],[-108.198095,36.746366],[-108.197983,36.746363],[-108.197979,36.746454],[-108.198091,36.746456]]]},"properties":{"class":"invasive_woody","min_prob":0.5}},{"type":"Feature","geometry":{"type":"Polygon","coordinates":[[[-108.198766,36.746382],[-108.198769,36.746292],[-108.198434,36.746284],[-108.19843,36.746374],[-108.198766,36.746382]]]},"properties":{"class":"invasive_woody","min_prob":0.5}},{"type":"Feature","geometry":{"type":"Polygon","coordinates":[[[-108.200001,36.746321],[-108.200004,36.746231],[-108.199892,36.746228],[-108.199889,36.746318],[-108.200001,36.746321]]]},"properties":{"class":"invasive_woody","min_prob":0.5}},{"type":"Feature","geometry":{"type":"Polygon","coordinates":[[[-108.203237,36.746668],[-108.203241,36.746577],[-108.203464,36.746583],[-108.203481,36.746132],[-108.203257,36.746127],[-108.203244,36.746487],[-108.203132,36.746485],[-108.203135,36.746395],[-108.203023,36.746392],[-108.203026,36.746302],[-108.202915,36.746299],[-108.202918,36.746209],[-108.202806,36.746207],[-108.202793,36.746567],[-108.203129,36.746575],[-108.203125,36.746665],[-108.203237,36.746668]]]},"properties":{"class":"invasive_woody","min_prob":0.5}},{"type":"Feature","geometry":{"type":"Polygon","coordinates":[[[-108.312402,36.748734],[-108.312405,36.748644],[-108.312293,36.748642],[-108.31229,36.748732],[-108.312402,36.748734]]]},"properties":{"class":"invasive_woody","min_prob":0.5}},{"type":"Feature","geometry":{"type":"Polygon","coordinates":[[[-108.289228,36.748208],[-108.289231,36.748118],[-108.289119,36.748115],[-108.289116,36.748206],[-108.289228,36.748208]]]},"properties":{"class":"invasive_woody","min_prob":0.5}},{"type":"Feature","geometry":{"type":"Polygon","coordinates":[[[-108.210306,36.746383],[-108.210309,36.746293],[-108.210197,36.74629],[-108.210194,36.74638],[-108.210306,36.746383]]]},"properties":{"class":"invasive_woody","min_prob":0.5}},{"type":"Feature","geometry":{"type":"Polygon","coordinates":[[[-108.327522,36.748895],[-108.327525,36.748805],[-108.327413,36.748802],[-108.32741,36.748892],[-108.327522,36.748895]]]},"properties":{"class":"invasive_woody","min_prob":0.5}},{"type":"Feature","geometry":{"type":"Polygon","coordinates":[[[-108.25453,36.747232],[-108.254533,36.747142],[-108.254421,36.747139],[-108.254418,36.747229],[-108.25453,36.747232]]]},"properties":{"class":"invasive_woody","min_prob":0.5}},{"type":"Feature","geometry":{"type":"Polygon","coordinates":[[[-108.311785,36.750343],[-108.311788,36.750253],[-108.3119,36.750256],[-108.311904,36.750166],[-108.312016,36.750168],[-108.312025,36.749898],[-108.312137,36.7499],[-108.31215,36.74954],[-108.312373,36.749545],[-108.31237,36.749635],[-108.312482,36.749638],[-108.312479,36.749728],[-108.312815,36.749735],[-108.312818,36.749645],[-108.31293,36.749648],[-108.312949,36.749107],[-108.312837,36.749105],[-108.31284,36.749015],[-108.312728,36.749012],[-108.312744,36.748562],[-108.312968,36.748567],[-108.312971,36.748477],[-108.312747,36.748471],[-108.31275,36.748381],[-108.312638,36.748379],[-108.312622,36.748829],[-108.312399,36.748824],[-108.312395,36.748914],[-108.312283,36.748912],[-108.31228,36.749002],[-108.312056,36.748997],[-108.312053,36.749087],[-108.312165,36.749089],[-108.312156,36.74936],[-108.312044,36.749357],[-108.312041,36.749447],[-108.311929,36.749445],[-108.311926,36.749535],[-108.311702,36.74953],[-108.311699,36.74962],[-108.311587,36.749617],[-108.311583,36.749707],[-108.311471,36.749705],[-108.311459,36.750065],[-108.311571,36.750068],[-108.311565,36.750248],[-108.311677,36.750251],[-108.311673,36.750341],[-108.311785,36.750343]]]},"properties":{"class":"invasive_woody","min_prob":0.5}},{"type":"Feature","geometry":{"type":"Polygon","coordinates":[[[-108.198667,36.746019],[-108.198677,36.745749],[-108.198565,36.745746],[-108.198572,36.745566],[-108.19846,36.745563],[-108.198443,36.746014],[-108.198667,36.746019]]]},"properties":{"class":"invasive_woody","min_prob":0.5}},{"type":"Feature","geometry":{"type":"Polygon","coordinates":[[[-108.203718,36.745777],[-108.203721,36.745687],[-108.203609,36.745684],[-108.203606,36.745775],[-108.203718,36.745777]]]},"properties":{"class":"invasive_woody","min_prob":0.5}},{"type":"Feature","geometry":{"type":"Polygon","coordinates":[[[-108.215024,36.746043],[-108.21503,36.745862],[-108.214918,36.74586],[-108.214912,36.74604],[-108.215024,36.746043]]]},"properties":{"class":"invasive_woody","min_prob":0.5}},{"type":"Feature","geometry":{"type":"Polygon","coordinates":[[[-108.237975,36.746488],[-108.237978,36.746398],[-108.237866,36.746395],[-108.237863,36.746485],[-108.237975,36.746488]]]},"properties":{"class":"invasive_woody","min_prob":0.5}},{"type":"Feature","geometry":{"type":"Polygon","coordinates":[[[-108.237748,36.746573],[-108.237754,36.746392],[-108.237866,36.746395],[-108.237873,36.746215],[-108.237761,36.746212],[-108.237758,36.746302],[-108.237646,36.7463],[-108.237636,36.74657],[-108.237748,36.746573]]]},"properties":{"class":"invasive_woody","min_prob":0.5}},{"type":"Feature","geometry":{"type":"Polygon","coordinates":[[[-108.237646,36.7463],[-108.237649,36.74621],[-108.237537,36.746207],[-108.237534,36.746297],[-108.237646,36.7463]]]},"properties":{"class":"invasive_woody","min_prob":0.5}},{"type":"Feature","geometry":{"type":"Polygon","coordinates":[[[-108.207981,36.745607],[-108.207984,36.745517],[-108.207873,36.745514],[-108.207869,36.745604],[-108.207981,36.745607]]]},"properties":{"class":"invasive_woody","min_prob":0.5}},{"type":"Feature","geometry":{"type":"Polygon","coordinates":[[[-108.254725,36.748048],[-108.254728,36.747958],[-108.254616,36.747955],[-108.254619,36.747865],[-108.254507,36.747862],[-108.254527,36.747322],[-108.254415,36.747319],[-108.254418,36.747229],[-108.254306,36.747227],[-108.254309,36.747136],[-108.254421,36.747139],[-108.254428,36.746959],[-108.254316,36.746956],[-108.254329,36.746596],[-108.254105,36.746591],[-108.254108,36.746501],[-108.253996,36.746498],[-108.253999,36.746408],[-108.253887,36.746405],[-108.253871,36.746856],[-108.253983,36.746858],[-108.25398,36.746949],[-108.254092,36.746951],[-108.254076,36.747402],[-108.254188,36.747404],[-108.254172,36.747855],[-108.254396,36.74786],[-108.254389,36.74804],[-108.254725,36.748048]],[[-108.254408,36.747499],[-108.254296,36.747497],[-108.2543,36.747407],[-108.254412,36.747409],[-108.254408,36.747499]]]},"properties":{"class":"invasive_woody","min_prob":0.5}},{"type":"Feature","geometry":{"type":"Polygon","coordinates":[[[-108.203372,36.74604],[-108.203379,36.745859],[-108.203491,36.745862],[-108.203497,36.745682],[-108.203609,36.745684],[-108.203616,36.745504],[-108.203504,36.745502],[-108.203507,36.745412],[-108.203395,36.745409],[-108.203392,36.745499],[-108.203168,36.745494],[-108.203171,36.745404],[-108.202947,36.745398],[-108.202951,36.745308],[-108.202839,36.745306],[-108.202842,36.745216],[-108.202618,36.74521],[-108.202608,36.745481],[-108.202496,36.745478],[-108.202493,36.745568],[-108.202605,36.745571],[-108.202598,36.745751],[-108.20271,36.745754],[-108.202704,36.745934],[-108.202816,36.745936],[-108.202812,36.746026],[-108.203372,36.74604]],[[-108.203382,36.745769],[-108.202822,36.745756],[-108.202829,36.745576],[-108.202941,36.745579],[-108.202937,36.745669],[-108.203385,36.745679],[-108.203382,36.745769]]]},"properties":{"class":"invasive_woody","min_prob":0.5}},{"type":"Feature","geometry":{"type":"Polygon","coordinates":[[[-108.193995,36.745097],[-108.193999,36.745007],[-108.193887,36.745005],[-108.193884,36.745095],[-108.193995,36.745097]]]},"properties":{"class":"invasive_woody","min_prob":0.5}},{"type":"Feature","geometry":{"type":"Polygon","coordinates":[[[-108.237037,36.747638],[-108.237041,36.747548],[-108.237153,36.747551],[-108.237166,36.74719],[-108.236942,36.747185],[-108.236945,36.747095],[-108.236833,36.747092],[-108.236836,36.747002],[-108.236948,36.747005],[-108.236951,36.746915],[-108.236839,36.746912],[-108.236843,36.746822],[-108.236955,36.746825],[-108.236958,36.746735],[-108.23707,36.746737],[-108.237073,36.746647],[-108.237297,36.746652],[-108.2373,36.746562],[-108.237076,36.746557],[-108.237089,36.746197],[-108.237537,36.746207],[-108.237543,36.746027],[-108.237431,36.746024],[-108.237435,36.745934],[-108.237099,36.745926],[-108.237092,36.746107],[-108.236869,36.746101],[-108.236865,36.746191],[-108.236977,36.746194],[-108.236974,36.746284],[-108.236862,36.746282],[-108.236859,36.746372],[-108.236747,36.746369],[-108.236744,36.746459],[-108.236632,36.746457],[-108.236628,36.746547],[-108.236517,36.746544],[-108.236513,36.746634],[-108.236401,36.746631],[-108.236392,36.746902],[-108.236504,36.746904],[-108.2365,36.746994],[-108.236612,36.746997],[-108.236609,36.747087],[-108.236721,36.74709],[-108.236708,36.74745],[-108.23682,36.747453],[-108.236817,36.747543],[-108.236929,36.747545],[-108.236926,36.747635],[-108.237037,36.747638]]]},"properties":{"class":"invasive_woody","min_prob":0.5}},{"type":"Feature","geometry":{"type":"Polygon","coordinates":[[[-108.270452,36.746877],[-108.270458,36.746697],[-108.270346,36.746694],[-108.27034,36.746874],[-108.270452,36.746877]]]},"properties":{"class":"invasive_woody","min_prob":0.5}},{"type":"Feature","geometry":{"type":"Polygon","coordinates":[[[-108.197021,36.745079],[-108.197024,36.744988],[-108.196912,36.744986],[-108.196909,36.745076],[-108.197021,36.745079]]]},"properties":{"class":"invasive_woody","min_prob":0.5}},{"type":"Feature","geometry":{"type":"Polygon","coordinates":[[[-108.289918,36.747683],[-108.289925,36.747503],[-108.290149,36.747508],[-108.290164,36.747057],[-108.289829,36.74705],[-108.289825,36.74714],[-108.289713,36.747137],[-108.289704,36.747408],[-108.289592,36.747405],[-108.289589,36.747495],[-108.289477,36.747493],[-108.289471,36.747673],[-108.289918,36.747683]]]},"properties":{"class":"invasive_woody","min_prob":0.5}},{"type":"Feature","geometry":{"type":"Polygon","coordinates":[[[-108.202954,36.745218],[-108.202957,36.745128],[-108.203629,36.745144],[-108.203632,36.745054],[-108.203072,36.745041],[-108.203076,36.744951],[-108.202516,36.744937],[-108.202513,36.745028],[-108.202625,36.74503],[-108.202621,36.74512],[-108.202845,36.745126],[-108.202842,36.745216],[-108.202954,36.745218]]]},"properties":{"class":"invasive_woody","min_prob":0.5}},{"type":"Feature","geometry":{"type":"Polygon","coordinates":[[[-108.237329,36.745751],[-108.237332,36.745661],[-108.237221,36.745659],[-108.237217,36.745749],[-108.237329,36.745751]]]},"properties":{"class":"invasive_woody","min_prob":0.5}},{"type":"Feature","geometry":{"type":"Polygon","coordinates":[[[-108.260508,36.746107],[-108.260511,36.746017],[-108.260063,36.746007],[-108.26006,36.746097],[-108.260508,36.746107]]]},"properties":{"class":"invasive_woody","min_prob":0.5}},{"type":"Feature","geometry":{"type":"Polygon","coordinates":[[[-108.235884,36.745447],[-108.23589,36.745267],[-108.235778,36.745265],[-108.235772,36.745445],[-108.235884,36.745447]]]},"properties":{"class":"invasive_woody","min_prob":0.5}},{"type":"Feature","geometry":{"type":"Polygon","coordinates":[[[-108.260179,36.745919],[-108.260182,36.745829],[-108.26007,36.745827],[-108.260067,36.745917],[-108.260179,36.745919]]]},"properties":{"class":"invasive_woody","min_prob":0.5}},{"type":"Feature","geometry":{"type":"Polygon","coordinates":[[[-108.211935,36.744708],[-108.211938,36.744618],[-108.211826,36.744615],[-108.211823,36.744705],[-108.211935,36.744708]]]},"properties":{"class":"invasive_woody","min_prob":0.5}},{"type":"Feature","geometry":{"type":"Polygon","coordinates":[[[-108.261867,36.745688],[-108.261871,36.745598],[-108.261759,36.745595],[-108.261755,36.745685],[-108.261867,36.745688]]]},"properties":{"class":"invasive_woody","min_prob":0.5}},{"type":"Feature","geometry":{"type":"Polygon","coordinates":[[[-108.236338,36.745278],[-108.236341,36.745187],[-108.236565,36.745193],[-108.236571,36.745013],[-108.23646,36.74501],[-108.236463,36.74492],[-108.236239,36.744915],[-108.236236,36.745005],[-108.236012,36.745],[-108.236009,36.74509],[-108.235897,36.745087],[-108.23589,36.745267],[-108.236338,36.745278]]]},"properties":{"class":"invasive_woody","min_prob":0.5}},{"type":"Feature","geometry":{"type":"Polygon","coordinates":[[[-108.260975,36.745577],[-108.260978,36.745487],[-108.260866,36.745484],[-108.260863,36.745575],[-108.260975,36.745577]]]},"properties":{"class":"invasive_woody","min_prob":0.5}},{"type":"Feature","geometry":{"type":"Polygon","coordinates":[[[-108.245981,36.74505],[-108.245984,36.74496],[-108.245872,36.744958],[-108.245879,36.744778],[-108.245767,36.744775],[-108.245764,36.744865],[-108.245652,36.744863],[-108.245648,36.744953],[-108.24576,36.744955],[-108.245757,36.745045],[-108.245981,36.74505]]]},"properties":{"class":"invasive_woody","min_prob":0.5}},{"type":"Feature","geometry":{"type":"Polygon","coordinates":[[[-108.246099,36.744873],[-108.246106,36.744693],[-108.245882,36.744688],[-108.245879,36.744778],[-108.245991,36.74478],[-108.245987,36.74487],[-108.246099,36.744873]]]},"properties":{"class":"invasive_woody","min_prob":0.5}},{"type":"Feature","geometry":{"type":"Polygon","coordinates":[[[-108.245428,36.744857],[-108.245434,36.744677],[-108.245322,36.744675],[-108.245316,36.744855],[-108.245428,36.744857]]]},"properties":{"class":"invasive_woody","min_prob":0.5}},{"type":"Feature","geometry":{"type":"Polygon","coordinates":[[[-108.264353,36.745114],[-108.264356,36.745024],[-108.264132,36.745019],[-108.264129,36.745109],[-108.264353,36.745114]]]},"properties":{"class":"invasive_woody","min_prob":0.5}},{"type":"Feature","geometry":{"type":"Polygon","coordinates":[[[-108.263793,36.745101],[-108.263796,36.745011],[-108.263684,36.745008],[-108.263681,36.745098],[-108.263793,36.745101]]]},"properties":{"class":"invasive_woody","min_prob":0.5}},{"type":"Feature","geometry":{"type":"Polygon","coordinates":[[[-108.264125,36.745199],[-108.264129,36.745109],[-108.264017,36.745106],[-108.264023,36.744926],[-108.263911,36.744923],[-108.263902,36.745194],[-108.264125,36.745199]]]},"properties":{"class":"invasive_woody","min_prob":0.5}},{"type":"Feature","geometry":{"type":"Polygon","coordinates":[[[-108.238049,36.744416],[-108.238053,36.744326],[-108.237941,36.744323],[-108.237937,36.744413],[-108.238049,36.744416]]]},"properties":{"class":"invasive_woody","min_prob":0.5}},{"type":"Feature","geometry":{"type":"Polygon","coordinates":[[[-108.201669,36.743565],[-108.201673,36.743475],[-108.201561,36.743472],[-108.201558,36.743563],[-108.201669,36.743565]]]},"properties":{"class":"invasive_woody","min_prob":0.5}},{"type":"Feature","geometry":{"type":"Polygon","coordinates":[[[-108.199309,36.74378],[-108.199322,36.74342],[-108.199098,36.743414],[-108.199101,36.743324],[-108.198766,36.743316],[-108.198762,36.743407],[-108.19865,36.743404],[-108.198647,36.743494],[-108.198871,36.743499],[-108.198868,36.743589],[-108.19898,36.743592],[-108.198976,36.743682],[-108.1992,36.743687],[-108.199197,36.743777],[-108.199309,36.74378]]]},"properties":{"class":"invasive_woody","min_prob":0.5}},{"type":"Feature","geometry":{"type":"Polygon","coordinates":[[[-108.23447,36.744242],[-108.234474,36.744152],[-108.234362,36.74415],[-108.234359,36.74424],[-108.23447,36.744242]]]},"properties":{"class":"invasive_woody","min_prob":0.5}},{"type":"Feature","geometry":{"type":"Polygon","coordinates":[[[-108.264474,36.744846],[-108.264477,36.744756],[-108.264365,36.744754],[-108.264362,36.744844],[-108.264474,36.744846]]]},"properties":{"class":"invasive_woody","min_prob":0.5}},{"type":"Feature","geometry":{"type":"Polygon","coordinates":[[[-108.202124,36.743396],[-108.202127,36.743305],[-108.202015,36.743303],[-108.202012,36.743393],[-108.202124,36.743396]]]},"properties":{"class":"invasive_woody","min_prob":0.5}},{"type":"Feature","geometry":{"type":"Polygon","coordinates":[[[-108.238392,36.744243],[-108.238395,36.744153],[-108.238283,36.744151],[-108.238286,36.744061],[-108.238062,36.744055],[-108.238059,36.744145],[-108.238171,36.744148],[-108.238168,36.744238],[-108.238392,36.744243]]]},"properties":{"class":"invasive_woody","min_prob":0.5}},{"type":"Feature","geometry":{"type":"Polygon","coordinates":[[[-108.234141,36.744054],[-108.234148,36.743874],[-108.234036,36.743872],[-108.234029,36.744052],[-108.234141,36.744054]]]},"properties":{"class":"invasive_woody","min_prob":0.5}},{"type":"Feature","geometry":{"type":"Polygon","coordinates":[[[-108.244782,36.744121],[-108.244785,36.744031],[-108.244449,36.744023],[-108.244446,36.744113],[-108.244782,36.744121]]]},"properties":{"class":"invasive_woody","min_prob":0.5}},{"type":"Feature","geometry":{"type":"Polygon","coordinates":[[[-108.243554,36.744002],[-108.243557,36.743912],[-108.243445,36.74391],[-108.243442,36.744],[-108.243554,36.744002]]]},"properties":{"class":"invasive_woody","min_prob":0.5}},{"type":"Feature","geometry":{"type":"Polygon","coordinates":[[[-108.237288,36.743767],[-108.237292,36.743677],[-108.23718,36.743674],[-108.237176,36.743764],[-108.237288,36.743767]]]},"properties":{"class":"invasive_woody","min_prob":0.5}},{"type":"Feature","geometry":{"type":"Polygon","coordinates":[[[-108.234477,36.744062],[-108.234487,36.743792],[-108.234599,36.743795],[-108.234602,36.743704],[-108.23449,36.743702],[-108.234493,36.743612],[-108.234269,36.743607],[-108.234272,36.743516],[-108.234161,36.743514],[-108.234148,36.743874],[-108.23426,36.743877],[-108.234253,36.744057],[-108.234477,36.744062]]]},"properties":{"class":"invasive_woody","min_prob":0.5}},{"type":"Feature","geometry":{"type":"Polygon","coordinates":[[[-108.24468,36.743848],[-108.244683,36.743758],[-108.244571,36.743756],[-108.244568,36.743846],[-108.24468,36.743848]]]},"properties":{"class":"invasive_woody","min_prob":0.5}},{"type":"Feature","geometry":{"type":"Polygon","coordinates":[[[-108.236844,36.743666],[-108.236847,36.743576],[-108.236735,36.743574],[-108.236732,36.743664],[-108.236844,36.743666]]]},"properties":{"class":"invasive_woody","min_prob":0.5}},{"type":"Feature","geometry":{"type":"Polygon","coordinates":[[[-108.234944,36.743532],[-108.234947,36.743442],[-108.234835,36.743439],[-108.234832,36.74353],[-108.234944,36.743532]]]},"properties":{"class":"invasive_woody","min_prob":0.5}},{"type":"Feature","geometry":{"type":"Polygon","coordinates":[[[-108.20002,36.742715],[-108.200023,36.742625],[-108.199911,36.742622],[-108.199908,36.742712],[-108.20002,36.742715]]]},"properties":{"class":"invasive_woody","min_prob":0.5}},{"type":"Feature","geometry":{"type":"Polygon","coordinates":[[[-108.247705,36.743828],[-108.247712,36.743648],[-108.2476,36.743645],[-108.247593,36.743826],[-108.247705,36.743828]]]},"properties":{"class":"invasive_woody","min_prob":0.5}},{"type":"Feature","geometry":{"type":"Polygon","coordinates":[[[-108.23662,36.743661],[-108.236623,36.743571],[-108.236735,36.743574],[-108.236742,36.743394],[-108.23663,36.743391],[-108.236626,36.743481],[-108.236291,36.743473],[-108.236287,36.743563],[-108.236399,36.743566],[-108.236396,36.743656],[-108.23662,36.743661]]]},"properties":{"class":"invasive_woody","min_prob":0.5}},{"type":"Feature","geometry":{"type":"Polygon","coordinates":[[[-108.239287,36.744264],[-108.239297,36.743994],[-108.239521,36.743999],[-108.239524,36.743909],[-108.239412,36.743906],[-108.239415,36.743816],[-108.239527,36.743819],[-108.23953,36.743729],[-108.239642,36.743731],[-108.239646,36.743641],[-108.239758,36.743644],[-108.239761,36.743554],[-108.239649,36.743551],[-108.239655,36.743371],[-108.239431,36.743366],[-108.239435,36.743276],[-108.239323,36.743273],[-108.239319,36.743363],[-108.239096,36.743358],[-108.239089,36.743538],[-108.238977,36.743536],[-108.238974,36.743626],[-108.238862,36.743623],[-108.238856,36.743803],[-108.238744,36.743801],[-108.238737,36.743981],[-108.238625,36.743978],[-108.238622,36.744068],[-108.23851,36.744066],[-108.238507,36.744156],[-108.239178,36.744171],[-108.239175,36.744262],[-108.239287,36.744264]],[[-108.239073,36.743989],[-108.238961,36.743986],[-108.238967,36.743806],[-108.239079,36.743809],[-108.239083,36.743718],[-108.239195,36.743721],[-108.239188,36.743901],[-108.239076,36.743899],[-108.239073,36.743989]],[[-108.239534,36.743639],[-108.239422,36.743636],[-108.239425,36.743546],[-108.239537,36.743549],[-108.239534,36.743639]]]},"properties":{"class":"invasive_woody","min_prob":0.5}},{"type":"Feature","geometry":{"type":"Polygon","coordinates":[[[-108.23529,36.74327],[-108.235296,36.743089],[-108.235184,36.743087],[-108.235178,36.743267],[-108.23529,36.74327]]]},"properties":{"class":"invasive_woody","min_prob":0.5}},{"type":"Feature","geometry":{"type":"Polygon","coordinates":[[[-108.2016,36.742391],[-108.201603,36.742301],[-108.201491,36.742299],[-108.201488,36.742389],[-108.2016,36.742391]]]},"properties":{"class":"invasive_woody","min_prob":0.5}},{"type":"Feature","geometry":{"type":"Polygon","coordinates":[[[-108.198021,36.742217],[-108.198028,36.742037],[-108.197916,36.742034],[-108.19791,36.742214],[-108.198021,36.742217]]]},"properties":{"class":"invasive_woody","min_prob":0.5}},{"type":"Feature","geometry":{"type":"Polygon","coordinates":[[[-108.244254,36.743207],[-108.244258,36.743117],[-108.244146,36.743115],[-108.244142,36.743205],[-108.244254,36.743207]]]},"properties":{"class":"invasive_woody","min_prob":0.5}},{"type":"Feature","geometry":{"type":"Polygon","coordinates":[[[-108.240337,36.743116],[-108.24034,36.743026],[-108.240228,36.743024],[-108.240225,36.743114],[-108.240337,36.743116]]]},"properties":{"class":"invasive_woody","min_prob":0.5}},{"type":"Feature","geometry":{"type":"Polygon","coordinates":[[[-108.238322,36.74307],[-108.238325,36.74298],[-108.238213,36.742977],[-108.23821,36.743067],[-108.238322,36.74307]]]},"properties":{"class":"invasive_woody","min_prob":0.5}},{"type":"Feature","geometry":{"type":"Polygon","coordinates":[[[-108.227352,36.742814],[-108.227355,36.742724],[-108.227019,36.742716],[-108.227016,36.742807],[-108.227352,36.742814]]]},"properties":{"class":"invasive_woody","min_prob":0.5}},{"type":"Feature","geometry":{"type":"Polygon","coordinates":[[[-108.200487,36.742185],[-108.200494,36.742005],[-108.200382,36.742002],[-108.200375,36.742182],[-108.200487,36.742185]]]},"properties":{"class":"invasive_woody","min_prob":0.5}},{"type":"Feature","geometry":{"type":"Polygon","coordinates":[[[-108.24437,36.74312],[-108.244373,36.74303],[-108.244261,36.743027],[-108.244258,36.743117],[-108.24437,36.74312]]]},"properties":{"class":"invasive_woody","min_prob":0.5}},{"type":"Feature","geometry":{"type":"Polygon","coordinates":[[[-108.238773,36.74299],[-108.238776,36.7429],[-108.238664,36.742897],[-108.238661,36.742987],[-108.238773,36.74299]]]},"properties":{"class":"invasive_woody","min_prob":0.5}},{"type":"Feature","geometry":{"type":"Polygon","coordinates":[[[-108.200932,36.742286],[-108.200945,36.741925],[-108.200721,36.74192],[-108.200708,36.74228],[-108.200932,36.742286]]]},"properties":{"class":"invasive_woody","min_prob":0.5}},{"type":"Feature","geometry":{"type":"Polygon","coordinates":[[[-108.201386,36.742116],[-108.201393,36.741936],[-108.201281,36.741933],[-108.201274,36.742113],[-108.201386,36.742116]]]},"properties":{"class":"invasive_woody","min_prob":0.5}},{"type":"Feature","geometry":{"type":"Polygon","coordinates":[[[-108.227921,36.742557],[-108.227924,36.742467],[-108.227812,36.742464],[-108.227809,36.742555],[-108.227921,36.742557]]]},"properties":{"class":"invasive_woody","min_prob":0.5}},{"type":"Feature","geometry":{"type":"Polygon","coordinates":[[[-108.207101,36.74207],[-108.207104,36.74198],[-108.206993,36.741977],[-108.206989,36.742067],[-108.207101,36.74207]]]},"properties":{"class":"invasive_woody","min_prob":0.5}},{"type":"Feature","geometry":{"type":"Polygon","coordinates":[[[-108.200721,36.74192],[-108.200724,36.74183],[-108.200612,36.741827],[-108.200609,36.741917],[-108.200721,36.74192]]]},"properties":{"class":"invasive_woody","min_prob":0.5}},{"type":"Feature","geometry":{"type":"Polygon","coordinates":[[[-108.244603,36.742855],[-108.244606,36.742765],[-108.244494,36.742762],[-108.244491,36.742852],[-108.244603,36.742855]]]},"properties":{"class":"invasive_woody","min_prob":0.5}},{"type":"Feature","geometry":{"type":"Polygon","coordinates":[[[-108.200385,36.741912],[-108.200388,36.741822],[-108.2005,36.741825],[-108.200504,36.741735],[-108.20028,36.741729],[-108.200273,36.741909],[-108.200385,36.741912]]]},"properties":{"class":"invasive_woody","min_prob":0.5}},{"type":"Feature","geometry":{"type":"Polygon","coordinates":[[[-108.228497,36.74212],[-108.2285,36.74203],[-108.228388,36.742027],[-108.228385,36.742117],[-108.228497,36.74212]]]},"properties":{"class":"invasive_woody","min_prob":0.5}},{"type":"Feature","geometry":{"type":"Polygon","coordinates":[[[-108.228945,36.74213],[-108.228948,36.74204],[-108.22906,36.742043],[-108.229063,36.741953],[-108.228839,36.741947],[-108.228833,36.742128],[-108.228945,36.74213]]]},"properties":{"class":"invasive_woody","min_prob":0.5}},{"type":"Feature","geometry":{"type":"Polygon","coordinates":[[[-108.229287,36.741958],[-108.22929,36.741868],[-108.229178,36.741865],[-108.229175,36.741955],[-108.229287,36.741958]]]},"properties":{"class":"invasive_woody","min_prob":0.5}},{"type":"Feature","geometry":{"type":"Polygon","coordinates":[[[-108.228727,36.741945],[-108.228731,36.741855],[-108.228619,36.741852],[-108.228615,36.741942],[-108.228727,36.741945]]]},"properties":{"class":"invasive_woody","min_prob":0.5}},{"type":"Feature","geometry":{"type":"Polygon","coordinates":[[[-108.240484,36.742128],[-108.240487,36.742038],[-108.240375,36.742035],[-108.240372,36.742125],[-108.240484,36.742128]]]},"properties":{"class":"invasive_woody","min_prob":0.5}},{"type":"Feature","geometry":{"type":"Polygon","coordinates":[[[-108.239326,36.743183],[-108.239329,36.743093],[-108.239441,36.743096],[-108.239451,36.742825],[-108.239563,36.742828],[-108.239576,36.742468],[-108.239688,36.74247],[-108.239691,36.74238],[-108.239915,36.742385],[-108.239918,36.742295],[-108.240142,36.7423],[-108.240145,36.74221],[-108.240369,36.742216],[-108.240372,36.742125],[-108.239924,36.742115],[-108.239928,36.742025],[-108.239816,36.742022],[-108.239819,36.741932],[-108.239595,36.741927],[-108.239592,36.742017],[-108.23948,36.742015],[-108.239477,36.742105],[-108.239365,36.742102],[-108.239361,36.742192],[-108.239249,36.74219],[-108.239224,36.74291],[-108.239112,36.742908],[-108.239108,36.742998],[-108.238997,36.742995],[-108.238993,36.743085],[-108.239217,36.74309],[-108.239214,36.743181],[-108.239326,36.743183]],[[-108.239691,36.74238],[-108.239579,36.742378],[-108.239585,36.742197],[-108.239809,36.742203],[-108.239806,36.742293],[-108.239694,36.74229],[-108.239691,36.74238]]]},"properties":{"class":"invasive_woody","min_prob":0.5}},{"type":"Feature","geometry":{"type":"Polygon","coordinates":[[[-108.226607,36.741715],[-108.22661,36.741625],[-108.226498,36.741622],[-108.226495,36.741712],[-108.226607,36.741715]]]},"properties":{"class":"invasive_woody","min_prob":0.5}},{"type":"Feature","geometry":{"type":"Polygon","coordinates":[[[-108.208698,36.741296],[-108.208701,36.741206],[-108.208589,36.741203],[-108.208586,36.741293],[-108.208698,36.741296]]]},"properties":{"class":"invasive_woody","min_prob":0.5}},{"type":"Feature","geometry":{"type":"Polygon","coordinates":[[[-108.204892,36.741207],[-108.204895,36.741117],[-108.204783,36.741114],[-108.20478,36.741204],[-108.204892,36.741207]]]},"properties":{"class":"invasive_woody","min_prob":0.5}},{"type":"Feature","geometry":{"type":"Polygon","coordinates":[[[-108.197169,36.741025],[-108.197172,36.740935],[-108.19706,36.740932],[-108.197063,36.740842],[-108.196951,36.740839],[-108.196948,36.740929],[-108.196612,36.740922],[-108.196609,36.741012],[-108.197169,36.741025]]]},"properties":{"class":"invasive_woody","min_prob":0.5}},{"type":"Feature","geometry":{"type":"Polygon","coordinates":[[[-108.196612,36.740922],[-108.196616,36.740831],[-108.196504,36.740829],[-108.1965,36.740919],[-108.196612,36.740922]]]},"properties":{"class":"invasive_woody","min_prob":0.5}},{"type":"Feature","geometry":{"type":"Polygon","coordinates":[[[-108.193699,36.740943],[-108.193709,36.740673],[-108.193597,36.74067],[-108.193593,36.74076],[-108.193481,36.740758],[-108.193478,36.740848],[-108.19359,36.74085],[-108.193587,36.74094],[-108.193699,36.740943]]]},"properties":{"class":"invasive_woody","min_prob":0.5}},{"type":"Feature","geometry":{"type":"Polygon","coordinates":[[[-108.242732,36.74191],[-108.242736,36.74182],[-108.242624,36.741817],[-108.242621,36.741907],[-108.242732,36.74191]]]},"properties":{"class":"invasive_woody","min_prob":0.5}},{"type":"Feature","geometry":{"type":"Polygon","coordinates":[[[-108.227733,36.741561],[-108.227736,36.741471],[-108.227624,36.741468],[-108.227621,36.741558],[-108.227733,36.741561]]]},"properties":{"class":"invasive_woody","min_prob":0.5}},{"type":"Feature","geometry":{"type":"Polygon","coordinates":[[[-108.227173,36.741548],[-108.227177,36.741458],[-108.226953,36.741453],[-108.226949,36.741543],[-108.227173,36.741548]]]},"properties":{"class":"invasive_woody","min_prob":0.5}},{"type":"Feature","geometry":{"type":"Polygon","coordinates":[[[-108.21251,36.741205],[-108.212513,36.741115],[-108.212401,36.741112],[-108.212398,36.741202],[-108.21251,36.741205]]]},"properties":{"class":"invasive_woody","min_prob":0.5}},{"type":"Feature","geometry":{"type":"Polygon","coordinates":[[[-108.211279,36.741176],[-108.211282,36.741086],[-108.21117,36.741084],[-108.211167,36.741174],[-108.211279,36.741176]]]},"properties":{"class":"invasive_woody","min_prob":0.5}},{"type":"Feature","geometry":{"type":"Polygon","coordinates":[[[-108.239931,36.741935],[-108.239934,36.741845],[-108.24027,36.741853],[-108.240273,36.741762],[-108.240161,36.74176],[-108.240164,36.74167],[-108.240052,36.741667],[-108.240049,36.741757],[-108.239825,36.741752],[-108.239819,36.741932],[-108.239931,36.741935]]]},"properties":{"class":"invasive_woody","min_prob":0.5}},{"type":"Feature","geometry":{"type":"Polygon","coordinates":[[[-108.230758,36.741541],[-108.230762,36.741451],[-108.23065,36.741449],[-108.230647,36.741539],[-108.230758,36.741541]]]},"properties":{"class":"invasive_woody","min_prob":0.5}},{"type":"Feature","geometry":{"type":"Polygon","coordinates":[[[-108.228072,36.741479],[-108.228075,36.741389],[-108.227963,36.741386],[-108.22796,36.741476],[-108.228072,36.741479]]]},"properties":{"class":"invasive_woody","min_prob":0.5}},{"type":"Feature","geometry":{"type":"Polygon","coordinates":[[[-108.204566,36.740928],[-108.204569,36.740838],[-108.204457,36.740836],[-108.204454,36.740926],[-108.204566,36.740928]]]},"properties":{"class":"invasive_woody","min_prob":0.5}},{"type":"Feature","geometry":{"type":"Polygon","coordinates":[[[-108.204451,36.741016],[-108.204454,36.740926],[-108.204342,36.740923],[-108.204349,36.740743],[-108.204237,36.74074],[-108.204233,36.74083],[-108.204121,36.740828],[-108.204125,36.740738],[-108.204013,36.740735],[-108.204006,36.740915],[-108.204118,36.740918],[-108.204115,36.741008],[-108.204451,36.741016]]]},"properties":{"class":"invasive_woody","min_prob":0.5}},{"type":"Feature","geometry":{"type":"Polygon","coordinates":[[[-108.226614,36.741535],[-108.226617,36.741445],[-108.226953,36.741453],[-108.226956,36.741363],[-108.226732,36.741357],[-108.226735,36.741267],[-108.226064,36.741252],[-108.22606,36.741342],[-108.226508,36.741352],[-108.226505,36.741442],[-108.226169,36.741434],[-108.226166,36.741524],[-108.226614,36.741535]]]},"properties":{"class":"invasive_woody","min_prob":0.5}},{"type":"Feature","geometry":{"type":"Polygon","coordinates":[[[-108.225609,36.741421],[-108.225616,36.741241],[-108.225504,36.741239],[-108.225498,36.741419],[-108.225609,36.741421]]]},"properties":{"class":"invasive_woody","min_prob":0.5}},{"type":"Feature","geometry":{"type":"Polygon","coordinates":[[[-108.230986,36.741456],[-108.230989,36.741366],[-108.230765,36.741361],[-108.230762,36.741451],[-108.230986,36.741456]]]},"properties":{"class":"invasive_woody","min_prob":0.5}},{"type":"Feature","geometry":{"type":"Polygon","coordinates":[[[-108.240602,36.74195],[-108.240606,36.74186],[-108.240718,36.741863],[-108.240721,36.741773],[-108.240833,36.741775],[-108.240842,36.741505],[-108.240283,36.741492],[-108.24028,36.741582],[-108.240168,36.74158],[-108.240164,36.74167],[-108.240612,36.74168],[-108.240609,36.74177],[-108.240497,36.741768],[-108.24049,36.741948],[-108.240602,36.74195]]]},"properties":{"class":"invasive_woody","min_prob":0.5}},{"type":"Feature","geometry":{"type":"Polygon","coordinates":[[[-108.232332,36.741398],[-108.232335,36.741308],[-108.232223,36.741305],[-108.23222,36.741395],[-108.232332,36.741398]]]},"properties":{"class":"invasive_woody","min_prob":0.5}},{"type":"Feature","geometry":{"type":"Polygon","coordinates":[[[-108.231213,36.741372],[-108.231216,36.741281],[-108.231104,36.741279],[-108.231101,36.741369],[-108.231213,36.741372]]]},"properties":{"class":"invasive_woody","min_prob":0.5}},{"type":"Feature","geometry":{"type":"Polygon","coordinates":[[[-108.233231,36.741328],[-108.233234,36.741238],[-108.233122,36.741236],[-108.233119,36.741326],[-108.233231,36.741328]]]},"properties":{"class":"invasive_woody","min_prob":0.5}},{"type":"Feature","geometry":{"type":"Polygon","coordinates":[[[-108.206591,36.740706],[-108.206594,36.740615],[-108.206482,36.740613],[-108.206479,36.740703],[-108.206591,36.740706]]]},"properties":{"class":"invasive_woody","min_prob":0.5}},{"type":"Feature","geometry":{"type":"Polygon","coordinates":[[[-108.198084,36.740505],[-108.198087,36.740415],[-108.197975,36.740413],[-108.197972,36.740503],[-108.198084,36.740505]]]},"properties":{"class":"invasive_woody","min_prob":0.5}},{"type":"Feature","geometry":{"type":"Polygon","coordinates":[[[-108.197853,36.74068],[-108.197866,36.74032],[-108.197754,36.740317],[-108.197741,36.740678],[-108.197853,36.74068]]]},"properties":{"class":"invasive_woody","min_prob":0.5}},{"type":"Feature","geometry":{"type":"Polygon","coordinates":[[[-108.268597,36.742326],[-108.268603,36.742146],[-108.268827,36.742151],[-108.26883,36.742061],[-108.268718,36.742059],[-108.268721,36.741968],[-108.268498,36.741963],[-108.268485,36.742324],[-108.268597,36.742326]]]},"properties":{"class":"invasive_woody","min_prob":0.5}},{"type":"Feature","geometry":{"type":"Polygon","coordinates":[[[-108.234574,36.74136],[-108.234577,36.74127],[-108.234465,36.741267],[-108.234469,36.741177],[-108.234357,36.741174],[-108.23435,36.741354],[-108.234574,36.74136]]]},"properties":{"class":"invasive_woody","min_prob":0.5}},{"type":"Feature","geometry":{"type":"Polygon","coordinates":[[[-108.19439,36.740418],[-108.194397,36.740238],[-108.194285,36.740236],[-108.194278,36.740416],[-108.19439,36.740418]]]},"properties":{"class":"invasive_woody","min_prob":0.5}},{"type":"Feature","geometry":{"type":"Polygon","coordinates":[[[-108.234241,36.741262],[-108.234245,36.741172],[-108.234133,36.741169],[-108.234129,36.741259],[-108.234241,36.741262]]]},"properties":{"class":"invasive_woody","min_prob":0.5}},{"type":"Feature","geometry":{"type":"Polygon","coordinates":[[[-108.231107,36.741189],[-108.23111,36.741099],[-108.230887,36.741093],[-108.230883,36.741184],[-108.231107,36.741189]]]},"properties":{"class":"invasive_woody","min_prob":0.5}},{"type":"Feature","geometry":{"type":"Polygon","coordinates":[[[-108.230419,36.741624],[-108.230423,36.741533],[-108.229751,36.741518],[-108.229754,36.741428],[-108.229978,36.741433],[-108.229985,36.741253],[-108.229873,36.74125],[-108.229869,36.74134],[-108.229534,36.741332],[-108.229537,36.741242],[-108.229425,36.74124],[-108.229428,36.74115],[-108.229316,36.741147],[-108.22932,36.741057],[-108.229096,36.741052],[-108.229092,36.741142],[-108.22898,36.741139],[-108.228977,36.741229],[-108.228865,36.741227],[-108.228859,36.741407],[-108.228747,36.741404],[-108.22875,36.741314],[-108.228638,36.741312],[-108.228635,36.741402],[-108.228299,36.741394],[-108.228296,36.741484],[-108.228856,36.741497],[-108.228852,36.741587],[-108.230419,36.741624]],[[-108.229415,36.74151],[-108.228968,36.7415],[-108.228971,36.74141],[-108.229083,36.741412],[-108.229086,36.741322],[-108.229198,36.741325],[-108.229204,36.741144],[-108.229316,36.741147],[-108.229307,36.741417],[-108.229418,36.74142],[-108.229415,36.74151]]]},"properties":{"class":"invasive_woody","min_prob":0.5}},{"type":"Feature","geometry":{"type":"Polygon","coordinates":[[[-108.215772,36.740831],[-108.215776,36.740741],[-108.215664,36.740738],[-108.21566,36.740828],[-108.215772,36.740831]]]},"properties":{"class":"invasive_woody","min_prob":0.5}},{"type":"Feature","geometry":{"type":"Polygon","coordinates":[[[-108.204243,36.74056],[-108.204246,36.74047],[-108.204135,36.740468],[-108.204131,36.740558],[-108.204243,36.74056]]]},"properties":{"class":"invasive_woody","min_prob":0.5}},{"type":"Feature","geometry":{"type":"Polygon","coordinates":[[[-108.237939,36.741257],[-108.237942,36.741167],[-108.237606,36.74116],[-108.237603,36.74125],[-108.237939,36.741257]]]},"properties":{"class":"invasive_woody","min_prob":0.5}},{"type":"Feature","geometry":{"type":"Polygon","coordinates":[[[-108.237043,36.741237],[-108.237046,36.741147],[-108.236934,36.741144],[-108.236931,36.741234],[-108.237043,36.741237]]]},"properties":{"class":"invasive_woody","min_prob":0.5}},{"type":"Feature","geometry":{"type":"Polygon","coordinates":[[[-108.205814,36.740507],[-108.205817,36.740417],[-108.205705,36.740414],[-108.205702,36.740504],[-108.205814,36.740507]]]},"properties":{"class":"invasive_woody","min_prob":0.5}},{"type":"Feature","geometry":{"type":"Polygon","coordinates":[[[-108.240516,36.741227],[-108.24052,36.741137],[-108.240408,36.741134],[-108.240404,36.741225],[-108.240516,36.741227]]]},"properties":{"class":"invasive_woody","min_prob":0.5}},{"type":"Feature","geometry":{"type":"Polygon","coordinates":[[[-108.236375,36.741131],[-108.236378,36.741041],[-108.236154,36.741036],[-108.236151,36.741126],[-108.236375,36.741131]]]},"properties":{"class":"invasive_woody","min_prob":0.5}},{"type":"Feature","geometry":{"type":"Polygon","coordinates":[[[-108.195071,36.740164],[-108.195075,36.740074],[-108.194963,36.740071],[-108.19496,36.740161],[-108.195071,36.740164]]]},"properties":{"class":"invasive_woody","min_prob":0.5}},{"type":"Feature","geometry":{"type":"Polygon","coordinates":[[[-108.192497,36.740103],[-108.1925,36.740013],[-108.192388,36.74001],[-108.192385,36.740101],[-108.192497,36.740103]]]},"properties":{"class":"invasive_woody","min_prob":0.5}},{"type":"Feature","geometry":{"type":"Polygon","coordinates":[[[-108.243427,36.741295],[-108.243433,36.741114],[-108.243321,36.741112],[-108.243315,36.741292],[-108.243427,36.741295]]]},"properties":{"class":"invasive_woody","min_prob":0.5}},{"type":"Feature","geometry":{"type":"Polygon","coordinates":[[[-108.242761,36.741099],[-108.242765,36.741009],[-108.242653,36.741006],[-108.24265,36.741096],[-108.242761,36.741099]]]},"properties":{"class":"invasive_woody","min_prob":0.5}},{"type":"Feature","geometry":{"type":"Polygon","coordinates":[[[-108.204592,36.740208],[-108.204595,36.740118],[-108.204483,36.740115],[-108.20448,36.740205],[-108.204592,36.740208]]]},"properties":{"class":"invasive_woody","min_prob":0.5}},{"type":"Feature","geometry":{"type":"Polygon","coordinates":[[[-108.196619,36.740741],[-108.196629,36.740471],[-108.196741,36.740474],[-108.19675,36.740204],[-108.196862,36.740206],[-108.196872,36.739936],[-108.19676,36.739933],[-108.196764,36.739843],[-108.196652,36.739841],[-108.196648,36.739931],[-108.196536,36.739928],[-108.196507,36.740739],[-108.196619,36.740741]]]},"properties":{"class":"invasive_woody","min_prob":0.5}},{"type":"Feature","geometry":{"type":"Polygon","coordinates":[[[-108.233007,36.741323],[-108.23301,36.741233],[-108.232786,36.741228],[-108.232789,36.741138],[-108.232678,36.741135],[-108.232681,36.741045],[-108.232569,36.741042],[-108.232575,36.740862],[-108.232687,36.740865],[-108.232694,36.740685],[-108.232246,36.740674],[-108.23224,36.740854],[-108.232016,36.740849],[-108.232012,36.740939],[-108.231565,36.740929],[-108.231561,36.741019],[-108.231338,36.741014],[-108.231334,36.741104],[-108.231894,36.741117],[-108.231897,36.741027],[-108.232009,36.741029],[-108.232006,36.74112],[-108.232342,36.741127],[-108.232339,36.741217],[-108.23245,36.74122],[-108.232454,36.74113],[-108.232566,36.741133],[-108.232562,36.741223],[-108.232674,36.741225],[-108.232671,36.741315],[-108.233007,36.741323]]]},"properties":{"class":"invasive_woody","min_prob":0.5}},{"type":"Feature","geometry":{"type":"Polygon","coordinates":[[[-108.197208,36.739944],[-108.197211,36.739854],[-108.197099,36.739851],[-108.197096,36.739941],[-108.197208,36.739944]]]},"properties":{"class":"invasive_woody","min_prob":0.5}},{"type":"Feature","geometry":{"type":"Polygon","coordinates":[[[-108.227657,36.740567],[-108.22766,36.740477],[-108.227548,36.740475],[-108.227545,36.740565],[-108.227657,36.740567]]]},"properties":{"class":"invasive_woody","min_prob":0.5}},{"type":"Feature","geometry":{"type":"Polygon","coordinates":[[[-108.230234,36.740537],[-108.230238,36.740447],[-108.230126,36.740445],[-108.230122,36.740535],[-108.230234,36.740537]]]},"properties":{"class":"invasive_woody","min_prob":0.5}},{"type":"Feature","geometry":{"type":"Polygon","coordinates":[[[-108.22419,36.740396],[-108.224193,36.740306],[-108.224081,36.740304],[-108.224078,36.740394],[-108.22419,36.740396]]]},"properties":{"class":"invasive_woody","min_prob":0.5}},{"type":"Feature","geometry":{"type":"Polygon","coordinates":[[[-108.231581,36.740479],[-108.231584,36.740388],[-108.231472,36.740386],[-108.231469,36.740476],[-108.231581,36.740479]]]},"properties":{"class":"invasive_woody","min_prob":0.5}},{"type":"Feature","geometry":{"type":"Polygon","coordinates":[[[-108.22576,36.740343],[-108.225764,36.740253],[-108.225652,36.74025],[-108.225648,36.74034],[-108.22576,36.740343]]]},"properties":{"class":"invasive_woody","min_prob":0.5}},{"type":"Feature","geometry":{"type":"Polygon","coordinates":[[[-108.224753,36.740319],[-108.224756,36.740229],[-108.224644,36.740227],[-108.224641,36.740317],[-108.224753,36.740319]]]},"properties":{"class":"invasive_woody","min_prob":0.5}},{"type":"Feature","geometry":{"type":"Polygon","coordinates":[[[-108.193748,36.739592],[-108.193751,36.739502],[-108.193639,36.739499],[-108.193636,36.739589],[-108.193748,36.739592]]]},"properties":{"class":"invasive_woody","min_prob":0.5}},{"type":"Feature","geometry":{"type":"Polygon","coordinates":[[[-108.230353,36.74036],[-108.230356,36.74027],[-108.230244,36.740267],[-108.230241,36.740357],[-108.230353,36.74036]]]},"properties":{"class":"invasive_woody","min_prob":0.5}},{"type":"Feature","geometry":{"type":"Polygon","coordinates":[[[-108.223525,36.740201],[-108.223528,36.74011],[-108.223416,36.740108],[-108.223413,36.740198],[-108.223525,36.740201]]]},"properties":{"class":"invasive_woody","min_prob":0.5}},{"type":"Feature","geometry":{"type":"Polygon","coordinates":[[[-108.230244,36.740267],[-108.230247,36.740177],[-108.230135,36.740174],[-108.230132,36.740264],[-108.230244,36.740267]]]},"properties":{"class":"invasive_woody","min_prob":0.5}},{"type":"Feature","geometry":{"type":"Polygon","coordinates":[[[-108.228901,36.740236],[-108.228904,36.740146],[-108.228568,36.740138],[-108.228572,36.740048],[-108.228124,36.740037],[-108.228121,36.740127],[-108.228456,36.740135],[-108.228453,36.740225],[-108.228901,36.740236]]]},"properties":{"class":"invasive_woody","min_prob":0.5}},{"type":"Feature","geometry":{"type":"Polygon","coordinates":[[[-108.249164,36.740616],[-108.249168,36.740526],[-108.249056,36.740523],[-108.249052,36.740613],[-108.249164,36.740616]]]},"properties":{"class":"invasive_woody","min_prob":0.5}},{"type":"Feature","geometry":{"type":"Polygon","coordinates":[[[-108.240993,36.740427],[-108.240996,36.740337],[-108.24066,36.740329],[-108.240657,36.740419],[-108.240993,36.740427]]]},"properties":{"class":"invasive_woody","min_prob":0.5}},{"type":"Feature","geometry":{"type":"Polygon","coordinates":[[[-108.265613,36.741176],[-108.265626,36.740815],[-108.265514,36.740813],[-108.265501,36.741173],[-108.265613,36.741176]]]},"properties":{"class":"invasive_woody","min_prob":0.5}},{"type":"Feature","geometry":{"type":"Polygon","coordinates":[[[-108.242435,36.740821],[-108.242439,36.740731],[-108.242662,36.740736],[-108.242666,36.740646],[-108.242554,36.740643],[-108.242557,36.740553],[-108.242669,36.740556],[-108.242672,36.740466],[-108.242448,36.740461],[-108.242455,36.74028],[-108.242343,36.740278],[-108.24234,36.740368],[-108.242228,36.740365],[-108.242215,36.740726],[-108.242327,36.740728],[-108.242323,36.740818],[-108.242435,36.740821]]]},"properties":{"class":"invasive_woody","min_prob":0.5}},{"type":"Feature","geometry":{"type":"Polygon","coordinates":[[[-108.248944,36.740521],[-108.248947,36.740431],[-108.248835,36.740428],[-108.248832,36.740518],[-108.248944,36.740521]]]},"properties":{"class":"invasive_woody","min_prob":0.5}},{"type":"Feature","geometry":{"type":"Polygon","coordinates":[[[-108.243347,36.740391],[-108.24335,36.740301],[-108.243238,36.740299],[-108.243235,36.740389],[-108.243347,36.740391]]]},"properties":{"class":"invasive_woody","min_prob":0.5}},{"type":"Feature","geometry":{"type":"Polygon","coordinates":[[[-108.19197,36.739189],[-108.191977,36.739009],[-108.191865,36.739006],[-108.191858,36.739186],[-108.19197,36.739189]]]},"properties":{"class":"invasive_woody","min_prob":0.5}},{"type":"Feature","geometry":{"type":"Polygon","coordinates":[[[-108.262603,36.740746],[-108.262606,36.740656],[-108.262494,36.740653],[-108.262491,36.740743],[-108.262603,36.740746]]]},"properties":{"class":"invasive_woody","min_prob":0.5}},{"type":"Feature","geometry":{"type":"Polygon","coordinates":[[[-108.235073,36.739929],[-108.235077,36.739839],[-108.234965,36.739836],[-108.234962,36.739926],[-108.235073,36.739929]]]},"properties":{"class":"invasive_woody","min_prob":0.5}},{"type":"Feature","geometry":{"type":"Polygon","coordinates":[[[-108.220302,36.739494],[-108.220305,36.739404],[-108.220193,36.739401],[-108.22019,36.739491],[-108.220302,36.739494]]]},"properties":{"class":"invasive_woody","min_prob":0.5}},{"type":"Feature","geometry":{"type":"Polygon","coordinates":[[[-108.216272,36.7394],[-108.216275,36.73931],[-108.216163,36.739307],[-108.21616,36.739397],[-108.216272,36.7394]]]},"properties":{"class":"invasive_woody","min_prob":0.5}},{"type":"Feature","geometry":{"type":"Polygon","coordinates":[[[-108.212802,36.739319],[-108.212805,36.739228],[-108.212694,36.739226],[-108.21269,36.739316],[-108.212802,36.739319]]]},"properties":{"class":"invasive_woody","min_prob":0.5}},{"type":"Feature","geometry":{"type":"Polygon","coordinates":[[[-108.24202,36.73991],[-108.242023,36.73982],[-108.241911,36.739817],[-108.241908,36.739907],[-108.24202,36.73991]]]},"properties":{"class":"invasive_woody","min_prob":0.5}},{"type":"Feature","geometry":{"type":"Polygon","coordinates":[[[-108.228476,36.739595],[-108.228479,36.739505],[-108.228367,36.739502],[-108.228364,36.739592],[-108.228476,36.739595]]]},"properties":{"class":"invasive_woody","min_prob":0.5}},{"type":"Feature","geometry":{"type":"Polygon","coordinates":[[[-108.228028,36.739584],[-108.228031,36.739494],[-108.227919,36.739492],[-108.227916,36.739582],[-108.228028,36.739584]]]},"properties":{"class":"invasive_woody","min_prob":0.5}},{"type":"Feature","geometry":{"type":"Polygon","coordinates":[[[-108.229339,36.740516],[-108.229342,36.740426],[-108.229454,36.740429],[-108.22949,36.739438],[-108.229378,36.739435],[-108.229349,36.740246],[-108.228901,36.740236],[-108.228898,36.740326],[-108.229122,36.740331],[-108.229118,36.740421],[-108.22923,36.740424],[-108.229227,36.740514],[-108.229339,36.740516]]]},"properties":{"class":"invasive_woody","min_prob":0.5}},{"type":"Feature","geometry":{"type":"Polygon","coordinates":[[[-108.228117,36.740218],[-108.228121,36.740127],[-108.228009,36.740125],[-108.228012,36.740035],[-108.22734,36.740019],[-108.227347,36.739839],[-108.227235,36.739836],[-108.227241,36.739656],[-108.227353,36.739659],[-108.227357,36.739569],[-108.227245,36.739566],[-108.227251,36.739386],[-108.227139,36.739383],[-108.227133,36.739563],[-108.227021,36.739561],[-108.227018,36.739651],[-108.227129,36.739654],[-108.227126,36.739744],[-108.227014,36.739741],[-108.227008,36.739921],[-108.226896,36.739919],[-108.226893,36.740009],[-108.227116,36.740014],[-108.227113,36.740104],[-108.227225,36.740107],[-108.227222,36.740197],[-108.228117,36.740218]]]},"properties":{"class":"invasive_woody","min_prob":0.5}},{"type":"Feature","geometry":{"type":"Polygon","coordinates":[[[-108.228367,36.739502],[-108.22837,36.739412],[-108.228259,36.739409],[-108.228255,36.739499],[-108.228367,36.739502]]]},"properties":{"class":"invasive_woody","min_prob":0.5}},{"type":"Feature","geometry":{"type":"Polygon","coordinates":[[[-108.195015,36.73863],[-108.195019,36.73854],[-108.194907,36.738537],[-108.194903,36.738627],[-108.195015,36.73863]]]},"properties":{"class":"invasive_woody","min_prob":0.5}},{"type":"Feature","geometry":{"type":"Polygon","coordinates":[[[-108.195684,36.738736],[-108.195687,36.738646],[-108.195575,36.738643],[-108.195581,36.738463],[-108.19547,36.73846],[-108.195473,36.73837],[-108.195361,36.738368],[-108.195358,36.738458],[-108.195246,36.738455],[-108.195242,36.738545],[-108.195354,36.738548],[-108.195348,36.738728],[-108.195684,36.738736]]]},"properties":{"class":"invasive_woody","min_prob":0.5}},{"type":"Feature","geometry":{"type":"Polygon","coordinates":[[[-108.261618,36.740092],[-108.261625,36.739912],[-108.261513,36.739909],[-108.261506,36.740089],[-108.261618,36.740092]]]},"properties":{"class":"invasive_woody","min_prob":0.5}},{"type":"Feature","geometry":{"type":"Polygon","coordinates":[[[-108.244271,36.739601],[-108.244275,36.739511],[-108.244163,36.739508],[-108.244159,36.739599],[-108.244271,36.739601]]]},"properties":{"class":"invasive_woody","min_prob":0.5}},{"type":"Feature","geometry":{"type":"Polygon","coordinates":[[[-108.264647,36.739981],[-108.26465,36.739891],[-108.264538,36.739889],[-108.264535,36.739979],[-108.264647,36.739981]]]},"properties":{"class":"invasive_woody","min_prob":0.5}},{"type":"Feature","geometry":{"type":"Polygon","coordinates":[[[-108.242685,36.740105],[-108.242688,36.740015],[-108.242912,36.74002],[-108.242915,36.73993],[-108.24258,36.739923],[-108.242583,36.739833],[-108.242695,36.739835],[-108.242698,36.739745],[-108.24281,36.739748],[-108.242807,36.739838],[-108.243142,36.739845],[-108.243146,36.739755],[-108.24337,36.739761],[-108.243373,36.739671],[-108.243485,36.739673],[-108.243488,36.739583],[-108.2436,36.739586],[-108.243603,36.739496],[-108.243491,36.739493],[-108.243498,36.739313],[-108.24305,36.739302],[-108.243047,36.739392],[-108.242935,36.73939],[-108.242931,36.73948],[-108.242596,36.739472],[-108.242592,36.739562],[-108.24248,36.73956],[-108.242477,36.73965],[-108.242365,36.739647],[-108.242362,36.739737],[-108.242138,36.739732],[-108.242132,36.739912],[-108.24202,36.73991],[-108.242013,36.74009],[-108.242349,36.740098],[-108.242352,36.740008],[-108.242464,36.74001],[-108.242461,36.7401],[-108.242685,36.740105]],[[-108.242468,36.73992],[-108.242356,36.739917],[-108.242359,36.739827],[-108.242471,36.73983],[-108.242468,36.73992]]]},"properties":{"class":"invasive_woody","min_prob":0.5}},{"type":"Feature","geometry":{"type":"Polygon","coordinates":[[[-108.290508,36.740483],[-108.290511,36.740393],[-108.290287,36.740388],[-108.290284,36.740478],[-108.290508,36.740483]]]},"properties":{"class":"invasive_woody","min_prob":0.5}},{"type":"Feature","geometry":{"type":"Polygon","coordinates":[[[-108.264762,36.739894],[-108.264765,36.739804],[-108.264653,36.739801],[-108.26465,36.739891],[-108.264762,36.739894]]]},"properties":{"class":"invasive_woody","min_prob":0.5}},{"type":"Feature","geometry":{"type":"Polygon","coordinates":[[[-108.263307,36.73986],[-108.26331,36.73977],[-108.263198,36.739768],[-108.263195,36.739858],[-108.263307,36.73986]]]},"properties":{"class":"invasive_woody","min_prob":0.5}},{"type":"Feature","geometry":{"type":"Polygon","coordinates":[[[-108.264426,36.739886],[-108.264433,36.739706],[-108.264209,36.739701],[-108.264206,36.739791],[-108.264317,36.739794],[-108.264314,36.739884],[-108.264426,36.739886]]]},"properties":{"class":"invasive_woody","min_prob":0.5}},{"type":"Feature","geometry":{"type":"Polygon","coordinates":[[[-108.231073,36.739024],[-108.231076,36.738934],[-108.230964,36.738931],[-108.230961,36.739022],[-108.231073,36.739024]]]},"properties":{"class":"invasive_woody","min_prob":0.5}},{"type":"Feature","geometry":{"type":"Polygon","coordinates":[[[-108.264209,36.739701],[-108.264212,36.739611],[-108.2641,36.739608],[-108.264097,36.739698],[-108.264209,36.739701]]]},"properties":{"class":"invasive_woody","min_prob":0.5}},{"type":"Feature","geometry":{"type":"Polygon","coordinates":[[[-108.290402,36.740301],[-108.290408,36.74012],[-108.290297,36.740118],[-108.29029,36.740298],[-108.290402,36.740301]]]},"properties":{"class":"invasive_woody","min_prob":0.5}},{"type":"Feature","geometry":{"type":"Polygon","coordinates":[[[-108.290629,36.740216],[-108.290632,36.740125],[-108.29052,36.740123],[-108.290517,36.740213],[-108.290629,36.740216]]]},"properties":{"class":"invasive_woody","min_prob":0.5}},{"type":"Feature","geometry":{"type":"Polygon","coordinates":[[[-108.2228,36.738561],[-108.222803,36.738471],[-108.222691,36.738468],[-108.222688,36.738558],[-108.2228,36.738561]]]},"properties":{"class":"invasive_woody","min_prob":0.5}},{"type":"Feature","geometry":{"type":"Polygon","coordinates":[[[-108.215636,36.738393],[-108.21564,36.738303],[-108.215528,36.7383],[-108.215524,36.738391],[-108.215636,36.738393]]]},"properties":{"class":"invasive_woody","min_prob":0.5}},{"type":"Feature","geometry":{"type":"Polygon","coordinates":[[[-108.198735,36.737996],[-108.198738,36.737906],[-108.198626,36.737904],[-108.198623,36.737994],[-108.198735,36.737996]]]},"properties":{"class":"invasive_woody","min_prob":0.5}},{"type":"Feature","geometry":{"type":"Polygon","coordinates":[[[-108.269927,36.739562],[-108.26993,36.739472],[-108.269818,36.739469],[-108.269815,36.739559],[-108.269927,36.739562]]]},"properties":{"class":"invasive_woody","min_prob":0.5}},{"type":"Feature","geometry":{"type":"Polygon","coordinates":[[[-108.269591,36.739554],[-108.269594,36.739464],[-108.269482,36.739461],[-108.269479,36.739552],[-108.269591,36.739554]]]},"properties":{"class":"invasive_woody","min_prob":0.5}},{"type":"Feature","geometry":{"type":"Polygon","coordinates":[[[-108.243846,36.73896],[-108.243849,36.73887],[-108.243738,36.738868],[-108.243734,36.738958],[-108.243846,36.73896]]]},"properties":{"class":"invasive_woody","min_prob":0.5}},{"type":"Feature","geometry":{"type":"Polygon","coordinates":[[[-108.215528,36.7383],[-108.215531,36.73821],[-108.215195,36.738203],[-108.215192,36.738293],[-108.215528,36.7383]]]},"properties":{"class":"invasive_woody","min_prob":0.5}},{"type":"Feature","geometry":{"type":"Polygon","coordinates":[[[-108.270378,36.739482],[-108.270381,36.739392],[-108.270157,36.739387],[-108.270154,36.739477],[-108.270378,36.739482]]]},"properties":{"class":"invasive_woody","min_prob":0.5}},{"type":"Feature","geometry":{"type":"Polygon","coordinates":[[[-108.218329,36.738276],[-108.218332,36.738186],[-108.21822,36.738183],[-108.218217,36.738273],[-108.218329,36.738276]]]},"properties":{"class":"invasive_woody","min_prob":0.5}},{"type":"Feature","geometry":{"type":"Polygon","coordinates":[[[-108.199403,36.738102],[-108.199417,36.737742],[-108.199305,36.737739],[-108.199308,36.737649],[-108.199196,36.737646],[-108.199193,36.737737],[-108.199081,36.737734],[-108.199068,36.738094],[-108.19918,36.738097],[-108.199189,36.737827],[-108.199301,36.737829],[-108.199291,36.7381],[-108.199403,36.738102]]]},"properties":{"class":"invasive_woody","min_prob":0.5}},{"type":"Feature","geometry":{"type":"Polygon","coordinates":[[[-108.290751,36.739948],[-108.290757,36.739768],[-108.290645,36.739765],[-108.290639,36.739945],[-108.290751,36.739948]]]},"properties":{"class":"invasive_woody","min_prob":0.5}},{"type":"Feature","geometry":{"type":"Polygon","coordinates":[[[-108.227139,36.739383],[-108.227146,36.739203],[-108.227258,36.739206],[-108.227261,36.739116],[-108.227373,36.739118],[-108.227376,36.739028],[-108.227488,36.739031],[-108.227491,36.738941],[-108.227379,36.738938],[-108.227383,36.738848],[-108.22783,36.738858],[-108.227833,36.738768],[-108.227722,36.738766],[-108.227725,36.738676],[-108.228061,36.738683],[-108.228057,36.738774],[-108.228169,36.738776],[-108.228163,36.738956],[-108.228275,36.738959],[-108.228271,36.739049],[-108.228383,36.739052],[-108.22838,36.739142],[-108.228604,36.739147],[-108.228611,36.738967],[-108.228834,36.738972],[-108.228828,36.739152],[-108.229052,36.739157],[-108.229045,36.739338],[-108.229269,36.739343],[-108.229272,36.739253],[-108.22916,36.73925],[-108.229167,36.73907],[-108.229055,36.739067],[-108.229065,36.738797],[-108.228841,36.738792],[-108.228844,36.738702],[-108.228732,36.738699],[-108.228729,36.738789],[-108.228617,36.738787],[-108.228623,36.738606],[-108.228512,36.738604],[-108.228515,36.738514],[-108.228627,36.738516],[-108.22863,36.738426],[-108.228406,36.738421],[-108.228409,36.738331],[-108.228297,36.738328],[-108.228294,36.738418],[-108.228182,36.738416],[-108.228179,36.738506],[-108.227843,36.738498],[-108.22784,36.738588],[-108.227504,36.73858],[-108.227501,36.73867],[-108.227389,36.738668],[-108.227392,36.738578],[-108.22728,36.738575],[-108.227277,36.738665],[-108.227165,36.738663],[-108.227162,36.738753],[-108.227274,36.738755],[-108.227267,36.738935],[-108.227155,36.738933],[-108.227152,36.739023],[-108.22704,36.73902],[-108.227034,36.7392],[-108.22681,36.739195],[-108.226807,36.739285],[-108.227031,36.739291],[-108.227027,36.739381],[-108.227139,36.739383]]]},"properties":{"class":"invasive_woody","min_prob":0.5}},{"type":"Feature","geometry":{"type":"Polygon","coordinates":[[[-108.263889,36.739243],[-108.263892,36.739153],[-108.26378,36.73915],[-108.263777,36.73924],[-108.263889,36.739243]]]},"properties":{"class":"invasive_woody","min_prob":0.5}},{"type":"Feature","geometry":{"type":"Polygon","coordinates":[[[-108.250904,36.738943],[-108.250908,36.738853],[-108.250796,36.738851],[-108.250793,36.738941],[-108.250904,36.738943]]]},"properties":{"class":"invasive_woody","min_prob":0.5}},{"type":"Feature","geometry":{"type":"Polygon","coordinates":[[[-108.243853,36.73878],[-108.243856,36.73869],[-108.243744,36.738687],[-108.243741,36.738777],[-108.243853,36.73878]]]},"properties":{"class":"invasive_woody","min_prob":0.5}},{"type":"Feature","geometry":{"type":"Polygon","coordinates":[[[-108.290533,36.739763],[-108.290536,36.739672],[-108.290424,36.73967],[-108.290421,36.73976],[-108.290533,36.739763]]]},"properties":{"class":"invasive_woody","min_prob":0.5}},{"type":"Feature","geometry":{"type":"Polygon","coordinates":[[[-108.214866,36.738015],[-108.214869,36.737924],[-108.214757,36.737922],[-108.214754,36.738012],[-108.214866,36.738015]]]},"properties":{"class":"invasive_woody","min_prob":0.5}},{"type":"Feature","geometry":{"type":"Polygon","coordinates":[[[-108.279221,36.739685],[-108.279224,36.739595],[-108.278888,36.739587],[-108.278892,36.739497],[-108.278108,36.739479],[-108.278114,36.739299],[-108.278002,36.739296],[-108.277996,36.739476],[-108.277213,36.739458],[-108.277216,36.739368],[-108.276656,36.739355],[-108.276653,36.739446],[-108.276541,36.739443],[-108.276535,36.739623],[-108.277094,36.739636],[-108.277097,36.739546],[-108.277545,36.739556],[-108.277542,36.739646],[-108.279221,36.739685]]]},"properties":{"class":"invasive_woody","min_prob":0.5}},{"type":"Feature","geometry":{"type":"Polygon","coordinates":[[[-108.263556,36.739145],[-108.263559,36.739055],[-108.263448,36.739052],[-108.263451,36.738962],[-108.263339,36.73896],[-108.263332,36.73914],[-108.263556,36.739145]]]},"properties":{"class":"invasive_woody","min_prob":0.5}},{"type":"Feature","geometry":{"type":"Polygon","coordinates":[[[-108.275201,36.739322],[-108.275204,36.739232],[-108.274756,36.739222],[-108.274753,36.739312],[-108.275201,36.739322]]]},"properties":{"class":"invasive_woody","min_prob":0.5}},{"type":"Feature","geometry":{"type":"Polygon","coordinates":[[[-108.274529,36.739307],[-108.274532,36.739217],[-108.274309,36.739211],[-108.274305,36.739302],[-108.274529,36.739307]]]},"properties":{"class":"invasive_woody","min_prob":0.5}},{"type":"Feature","geometry":{"type":"Polygon","coordinates":[[[-108.26938,36.739189],[-108.269383,36.739098],[-108.269271,36.739096],[-108.269268,36.739186],[-108.26938,36.739189]]]},"properties":{"class":"invasive_woody","min_prob":0.5}},{"type":"Feature","geometry":{"type":"Polygon","coordinates":[[[-108.277107,36.739276],[-108.27711,36.739186],[-108.276998,36.739183],[-108.276995,36.739273],[-108.277107,36.739276]]]},"properties":{"class":"invasive_woody","min_prob":0.5}},{"type":"Feature","geometry":{"type":"Polygon","coordinates":[[[-108.211067,36.737745],[-108.21107,36.737655],[-108.210958,36.737652],[-108.210955,36.737743],[-108.211067,36.737745]]]},"properties":{"class":"invasive_woody","min_prob":0.5}},{"type":"Feature","geometry":{"type":"Polygon","coordinates":[[[-108.222487,36.737922],[-108.22249,36.737832],[-108.222378,36.73783],[-108.222375,36.73792],[-108.222487,36.737922]]]},"properties":{"class":"invasive_woody","min_prob":0.5}},{"type":"Feature","geometry":{"type":"Polygon","coordinates":[[[-108.275546,36.73906],[-108.275549,36.738969],[-108.275437,36.738967],[-108.275434,36.739057],[-108.275546,36.73906]]]},"properties":{"class":"invasive_woody","min_prob":0.5}},{"type":"Feature","geometry":{"type":"Polygon","coordinates":[[[-108.266144,36.738844],[-108.266147,36.738754],[-108.266035,36.738751],[-108.266032,36.738841],[-108.266144,36.738844]]]},"properties":{"class":"invasive_woody","min_prob":0.5}},{"type":"Feature","geometry":{"type":"Polygon","coordinates":[[[-108.232004,36.738054],[-108.232007,36.737964],[-108.231895,36.737961],[-108.231892,36.738051],[-108.232004,36.738054]]]},"properties":{"class":"invasive_woody","min_prob":0.5}},{"type":"Feature","geometry":{"type":"Polygon","coordinates":[[[-108.273634,36.739286],[-108.273637,36.739196],[-108.273861,36.739201],[-108.273864,36.739111],[-108.27364,36.739106],[-108.273646,36.738926],[-108.273535,36.738923],[-108.273531,36.739013],[-108.272972,36.739001],[-108.272975,36.73891],[-108.272751,36.738905],[-108.272754,36.738815],[-108.272642,36.738813],[-108.272639,36.738903],[-108.271967,36.738887],[-108.271964,36.738977],[-108.272524,36.73899],[-108.272521,36.73908],[-108.272745,36.739085],[-108.272741,36.739176],[-108.272853,36.739178],[-108.272857,36.739088],[-108.272968,36.739091],[-108.272965,36.739181],[-108.273189,36.739186],[-108.273186,36.739276],[-108.273634,36.739286]]]},"properties":{"class":"invasive_woody","min_prob":0.5}},{"type":"Feature","geometry":{"type":"Polygon","coordinates":[[[-108.215768,36.737855],[-108.215781,36.737495],[-108.215669,36.737492],[-108.215656,36.737853],[-108.215768,36.737855]]]},"properties":{"class":"invasive_woody","min_prob":0.5}},{"type":"Feature","geometry":{"type":"Polygon","coordinates":[[[-108.270506,36.739034],[-108.270509,36.738944],[-108.271405,36.738965],[-108.271408,36.738874],[-108.270736,36.738859],[-108.270739,36.738769],[-108.269732,36.738746],[-108.269729,36.738836],[-108.269617,36.738833],[-108.269614,36.738923],[-108.270061,36.738934],[-108.270065,36.738844],[-108.2704,36.738851],[-108.270397,36.738941],[-108.270173,36.738936],[-108.27017,36.739026],[-108.270506,36.739034]]]},"properties":{"class":"invasive_woody","min_prob":0.5}},{"type":"Feature","geometry":{"type":"Polygon","coordinates":[[[-108.273423,36.738921],[-108.273426,36.738831],[-108.273202,36.738825],[-108.273199,36.738916],[-108.273423,36.738921]]]},"properties":{"class":"invasive_woody","min_prob":0.5}},{"type":"Feature","geometry":{"type":"Polygon","coordinates":[[[-108.266259,36.738756],[-108.266262,36.738666],[-108.26615,36.738664],[-108.266147,36.738754],[-108.266259,36.738756]]]},"properties":{"class":"invasive_woody","min_prob":0.5}},{"type":"Feature","geometry":{"type":"Polygon","coordinates":[[[-108.223165,36.737758],[-108.223168,36.737668],[-108.223056,36.737665],[-108.223053,36.737755],[-108.223165,36.737758]]]},"properties":{"class":"invasive_woody","min_prob":0.5}},{"type":"Feature","geometry":{"type":"Polygon","coordinates":[[[-108.215554,36.73758],[-108.215557,36.73749],[-108.215221,36.737482],[-108.215218,36.737572],[-108.215554,36.73758]]]},"properties":{"class":"invasive_woody","min_prob":0.5}},{"type":"Feature","geometry":{"type":"Polygon","coordinates":[[[-108.266374,36.738669],[-108.266377,36.738579],[-108.266265,36.738576],[-108.266262,36.738666],[-108.266374,36.738669]]]},"properties":{"class":"invasive_woody","min_prob":0.5}},{"type":"Feature","geometry":{"type":"Polygon","coordinates":[[[-108.22328,36.73767],[-108.223283,36.73758],[-108.223171,36.737578],[-108.223168,36.737668],[-108.22328,36.73767]]]},"properties":{"class":"invasive_woody","min_prob":0.5}},{"type":"Feature","geometry":{"type":"Polygon","coordinates":[[[-108.217572,36.737537],[-108.217575,36.737447],[-108.217463,36.737444],[-108.21746,36.737534],[-108.217572,36.737537]]]},"properties":{"class":"invasive_woody","min_prob":0.5}},{"type":"Feature","geometry":{"type":"Polygon","coordinates":[[[-108.193172,36.736963],[-108.193175,36.736873],[-108.193063,36.736871],[-108.19306,36.736961],[-108.193172,36.736963]]]},"properties":{"class":"invasive_woody","min_prob":0.5}},{"type":"Feature","geometry":{"type":"Polygon","coordinates":[[[-108.291899,36.739163],[-108.291902,36.739072],[-108.29179,36.73907],[-108.291787,36.73916],[-108.291899,36.739163]]]},"properties":{"class":"invasive_woody","min_prob":0.5}},{"type":"Feature","geometry":{"type":"Polygon","coordinates":[[[-108.267832,36.738612],[-108.267835,36.738522],[-108.267276,36.738509],[-108.267279,36.738419],[-108.266495,36.738401],[-108.266492,36.738491],[-108.266604,36.738494],[-108.266601,36.738584],[-108.267832,36.738612]]]},"properties":{"class":"invasive_woody","min_prob":0.5}},{"type":"Feature","geometry":{"type":"Polygon","coordinates":[[[-108.28493,36.739815],[-108.284933,36.739725],[-108.285157,36.73973],[-108.28516,36.73964],[-108.285384,36.739645],[-108.285387,36.739555],[-108.285611,36.73956],[-108.285614,36.73947],[-108.285726,36.739473],[-108.285729,36.739383],[-108.285953,36.739388],[-108.285956,36.739298],[-108.28618,36.739303],[-108.286183,36.739213],[-108.286295,36.739215],[-108.286298,36.739125],[-108.286522,36.73913],[-108.286526,36.73904],[-108.286637,36.739043],[-108.286641,36.738953],[-108.286753,36.738955],[-108.286756,36.738865],[-108.286308,36.738855],[-108.286305,36.738945],[-108.286193,36.738942],[-108.286196,36.738852],[-108.286084,36.73885],[-108.286075,36.73912],[-108.285627,36.73911],[-108.285624,36.7392],[-108.285064,36.739187],[-108.285061,36.739277],[-108.284949,36.739275],[-108.284946,36.739365],[-108.284722,36.73936],[-108.284706,36.73981],[-108.28493,36.739815]],[[-108.285387,36.739555],[-108.285051,36.739547],[-108.285054,36.739457],[-108.28539,36.739465],[-108.285387,36.739555]]]},"properties":{"class":"invasive_woody","min_prob":0.5}},{"type":"Feature","geometry":{"type":"Polygon","coordinates":[[[-108.250933,36.738132],[-108.250937,36.738042],[-108.250825,36.73804],[-108.250821,36.73813],[-108.250933,36.738132]]]},"properties":{"class":"invasive_woody","min_prob":0.5}},{"type":"Feature","geometry":{"type":"Polygon","coordinates":[[[-108.223622,36.737498],[-108.223626,36.737408],[-108.223514,36.737405],[-108.22351,36.737495],[-108.223622,36.737498]]]},"properties":{"class":"invasive_woody","min_prob":0.5}},{"type":"Feature","geometry":{"type":"Polygon","coordinates":[[[-108.265597,36.738471],[-108.2656,36.73838],[-108.266495,36.738401],[-108.266499,36.738311],[-108.266051,36.738301],[-108.266054,36.738211],[-108.265271,36.738193],[-108.265267,36.738283],[-108.265491,36.738288],[-108.265485,36.738468],[-108.265597,36.738471]]]},"properties":{"class":"invasive_woody","min_prob":0.5}},{"type":"Feature","geometry":{"type":"Polygon","coordinates":[[[-108.287207,36.738785],[-108.28721,36.738695],[-108.287098,36.738692],[-108.287095,36.738783],[-108.287207,36.738785]]]},"properties":{"class":"invasive_woody","min_prob":0.5}},{"type":"Feature","geometry":{"type":"Polygon","coordinates":[[[-108.26504,36.738368],[-108.265043,36.738277],[-108.265155,36.73828],[-108.265159,36.73819],[-108.264487,36.738175],[-108.264484,36.738265],[-108.26482,36.738272],[-108.264816,36.738362],[-108.26504,36.738368]]]},"properties":{"class":"invasive_woody","min_prob":0.5}},{"type":"Feature","geometry":{"type":"Polygon","coordinates":[[[-108.25732,36.7381],[-108.257323,36.73801],[-108.256987,36.738002],[-108.256984,36.738092],[-108.25732,36.7381]]]},"properties":{"class":"invasive_woody","min_prob":0.5}},{"type":"Feature","geometry":{"type":"Polygon","coordinates":[[[-108.216465,36.73715],[-108.216469,36.73706],[-108.216357,36.737058],[-108.216353,36.737148],[-108.216465,36.73715]]]},"properties":{"class":"invasive_woody","min_prob":0.5}},{"type":"Feature","geometry":{"type":"Polygon","coordinates":[[[-108.217687,36.737449],[-108.2177,36.737089],[-108.217476,36.737084],[-108.217479,36.736994],[-108.217032,36.736983],[-108.217035,36.736893],[-108.216811,36.736888],[-108.216804,36.737068],[-108.216581,36.737063],[-108.216577,36.737153],[-108.216913,36.737161],[-108.216916,36.737071],[-108.217028,36.737073],[-108.217025,36.737163],[-108.217361,36.737171],[-108.217358,36.737261],[-108.217469,36.737264],[-108.217466,36.737354],[-108.217578,36.737357],[-108.217575,36.737447],[-108.217687,36.737449]]]},"properties":{"class":"invasive_woody","min_prob":0.5}},{"type":"Feature","geometry":{"type":"Polygon","coordinates":[[[-108.223411,36.737132],[-108.223415,36.737042],[-108.223303,36.73704],[-108.2233,36.73713],[-108.223411,36.737132]]]},"properties":{"class":"invasive_woody","min_prob":0.5}},{"type":"Feature","geometry":{"type":"Polygon","coordinates":[[[-108.223398,36.737493],[-108.223402,36.737403],[-108.223514,36.737405],[-108.223517,36.737315],[-108.223629,36.737318],[-108.223632,36.737228],[-108.223744,36.73723],[-108.223741,36.73732],[-108.223853,36.737323],[-108.223859,36.737143],[-108.223747,36.73714],[-108.223754,36.73696],[-108.223642,36.736957],[-108.223639,36.737048],[-108.223527,36.737045],[-108.223523,36.737135],[-108.223411,36.737132],[-108.223408,36.737222],[-108.223296,36.73722],[-108.22329,36.7374],[-108.223178,36.737397],[-108.223175,36.737488],[-108.223398,36.737493]]]},"properties":{"class":"invasive_woody","min_prob":0.5}},{"type":"Feature","geometry":{"type":"Polygon","coordinates":[[[-108.252517,36.737718],[-108.25252,36.737628],[-108.252408,36.737626],[-108.252405,36.737716],[-108.252517,36.737718]]]},"properties":{"class":"invasive_woody","min_prob":0.5}},{"type":"Feature","geometry":{"type":"Polygon","coordinates":[[[-108.243898,36.737519],[-108.243901,36.737429],[-108.243789,36.737426],[-108.243786,36.737516],[-108.243898,36.737519]]]},"properties":{"class":"invasive_woody","min_prob":0.5}},{"type":"Feature","geometry":{"type":"Polygon","coordinates":[[[-108.244448,36.737802],[-108.244451,36.737712],[-108.244563,36.737715],[-108.244576,36.737354],[-108.244128,36.737344],[-108.244125,36.737434],[-108.244013,36.737431],[-108.244007,36.737611],[-108.244118,36.737614],[-108.244115,36.737704],[-108.244339,36.737709],[-108.244336,36.737799],[-108.244448,36.737802]],[[-108.244234,36.737527],[-108.244122,36.737524],[-108.244125,36.737434],[-108.244237,36.737436],[-108.244234,36.737527]]]},"properties":{"class":"invasive_woody","min_prob":0.5}},{"type":"Feature","geometry":{"type":"Polygon","coordinates":[[[-108.215906,36.737137],[-108.215909,36.737047],[-108.216021,36.73705],[-108.216024,36.73696],[-108.216136,36.736962],[-108.216139,36.736872],[-108.216363,36.736877],[-108.216366,36.736787],[-108.216143,36.736782],[-108.216146,36.736692],[-108.215922,36.736687],[-108.215919,36.736777],[-108.215807,36.736774],[-108.215794,36.737135],[-108.215906,36.737137]]]},"properties":{"class":"invasive_woody","min_prob":0.5}},{"type":"Feature","geometry":{"type":"Polygon","coordinates":[[[-108.325055,36.739282],[-108.325058,36.739192],[-108.324946,36.739189],[-108.324943,36.739279],[-108.325055,36.739282]]]},"properties":{"class":"invasive_woody","min_prob":0.5}},{"type":"Feature","geometry":{"type":"Polygon","coordinates":[[[-108.305353,36.738837],[-108.305356,36.738747],[-108.305244,36.738744],[-108.305241,36.738834],[-108.305353,36.738837]]]},"properties":{"class":"invasive_woody","min_prob":0.5}},{"type":"Feature","geometry":{"type":"Polygon","coordinates":[[[-108.25196,36.737615],[-108.251963,36.737525],[-108.251851,36.737523],[-108.251848,36.737613],[-108.25196,36.737615]]]},"properties":{"class":"invasive_woody","min_prob":0.5}},{"type":"Feature","geometry":{"type":"Polygon","coordinates":[[[-108.217262,36.736808],[-108.217265,36.736718],[-108.217153,36.736716],[-108.21715,36.736806],[-108.217262,36.736808]]]},"properties":{"class":"invasive_woody","min_prob":0.5}},{"type":"Feature","geometry":{"type":"Polygon","coordinates":[[[-108.216702,36.736795],[-108.216706,36.736705],[-108.216594,36.736703],[-108.21659,36.736793],[-108.216702,36.736795]]]},"properties":{"class":"invasive_woody","min_prob":0.5}},{"type":"Feature","geometry":{"type":"Polygon","coordinates":[[[-108.25227,36.738344],[-108.252273,36.738254],[-108.252385,36.738256],[-108.252392,36.738076],[-108.252504,36.738079],[-108.252507,36.737988],[-108.252619,36.737991],[-108.252625,36.737811],[-108.252737,36.737813],[-108.25274,36.737723],[-108.252517,36.737718],[-108.252513,36.737808],[-108.252178,36.737801],[-108.252181,36.73771],[-108.251845,36.737703],[-108.251848,36.737613],[-108.251736,36.73761],[-108.251739,36.73752],[-108.251628,36.737517],[-108.251631,36.737427],[-108.251519,36.737425],[-108.251516,36.737515],[-108.251404,36.737512],[-108.251407,36.737422],[-108.251295,36.73742],[-108.251292,36.73751],[-108.25118,36.737507],[-108.251173,36.737687],[-108.251509,36.737695],[-108.251506,36.737785],[-108.251618,36.737788],[-108.251615,36.737878],[-108.251727,36.73788],[-108.251723,36.73797],[-108.251835,36.737973],[-108.251832,36.738063],[-108.251944,36.738066],[-108.251941,36.738156],[-108.252053,36.738158],[-108.252046,36.738338],[-108.25227,36.738344]]]},"properties":{"class":"invasive_woody","min_prob":0.5}},{"type":"Feature","geometry":{"type":"Polygon","coordinates":[[[-108.32517,36.739194],[-108.325173,36.739104],[-108.325061,36.739102],[-108.325058,36.739192],[-108.32517,36.739194]]]},"properties":{"class":"invasive_woody","min_prob":0.5}},{"type":"Feature","geometry":{"type":"Polygon","coordinates":[[[-108.305468,36.738749],[-108.305471,36.738659],[-108.30536,36.738657],[-108.305356,36.738747],[-108.305468,36.738749]]]},"properties":{"class":"invasive_woody","min_prob":0.5}},{"type":"Feature","geometry":{"type":"Polygon","coordinates":[[[-108.305583,36.738662],[-108.305587,36.738572],[-108.305475,36.738569],[-108.305471,36.738659],[-108.305583,36.738662]]]},"properties":{"class":"invasive_woody","min_prob":0.5}},{"type":"Feature","geometry":{"type":"Polygon","coordinates":[[[-108.305244,36.738744],[-108.305248,36.738654],[-108.30536,36.738657],[-108.305363,36.738567],[-108.305027,36.738559],[-108.305024,36.738649],[-108.305136,36.738652],[-108.305133,36.738742],[-108.305244,36.738744]]]},"properties":{"class":"invasive_woody","min_prob":0.5}},{"type":"Feature","geometry":{"type":"Polygon","coordinates":[[[-108.192309,36.736041],[-108.192312,36.735951],[-108.1922,36.735949],[-108.192197,36.736039],[-108.192309,36.736041]]]},"properties":{"class":"invasive_woody","min_prob":0.5}},{"type":"Feature","geometry":{"type":"Polygon","coordinates":[[[-108.214026,36.736462],[-108.214029,36.736372],[-108.213917,36.736369],[-108.213914,36.736459],[-108.214026,36.736462]]]},"properties":{"class":"invasive_woody","min_prob":0.5}},{"type":"Feature","geometry":{"type":"Polygon","coordinates":[[[-108.192648,36.735959],[-108.192651,36.735869],[-108.192539,36.735867],[-108.192536,36.735957],[-108.192648,36.735959]]]},"properties":{"class":"invasive_woody","min_prob":0.5}},{"type":"Feature","geometry":{"type":"Polygon","coordinates":[[[-108.2541,36.737304],[-108.254103,36.737214],[-108.253879,36.737209],[-108.253876,36.737299],[-108.2541,36.737304]]]},"properties":{"class":"invasive_woody","min_prob":0.5}},{"type":"Feature","geometry":{"type":"Polygon","coordinates":[[[-108.245929,36.737115],[-108.245932,36.737025],[-108.24582,36.737022],[-108.245817,36.737112],[-108.245929,36.737115]]]},"properties":{"class":"invasive_woody","min_prob":0.5}},{"type":"Feature","geometry":{"type":"Polygon","coordinates":[[[-108.255782,36.737253],[-108.255785,36.737163],[-108.255561,36.737157],[-108.255564,36.737067],[-108.255452,36.737065],[-108.255446,36.737245],[-108.255782,36.737253]]]},"properties":{"class":"invasive_woody","min_prob":0.5}},{"type":"Feature","geometry":{"type":"Polygon","coordinates":[[[-108.255897,36.737165],[-108.2559,36.737075],[-108.255788,36.737072],[-108.255785,36.737163],[-108.255897,36.737165]]]},"properties":{"class":"invasive_woody","min_prob":0.5}},{"type":"Feature","geometry":{"type":"Polygon","coordinates":[[[-108.254442,36.737132],[-108.254445,36.737041],[-108.254333,36.737039],[-108.25433,36.737129],[-108.254442,36.737132]]]},"properties":{"class":"invasive_woody","min_prob":0.5}},{"type":"Feature","geometry":{"type":"Polygon","coordinates":[[[-108.245935,36.736935],[-108.245938,36.736845],[-108.245826,36.736842],[-108.245823,36.736932],[-108.245935,36.736935]]]},"properties":{"class":"invasive_woody","min_prob":0.5}},{"type":"Feature","geometry":{"type":"Polygon","coordinates":[[[-108.232504,36.736623],[-108.232507,36.736533],[-108.232395,36.73653],[-108.232392,36.73662],[-108.232504,36.736623]]]},"properties":{"class":"invasive_woody","min_prob":0.5}},{"type":"Feature","geometry":{"type":"Polygon","coordinates":[[[-108.255443,36.737335],[-108.255446,36.737245],[-108.255334,36.737242],[-108.255337,36.737152],[-108.25489,36.737142],[-108.254893,36.737052],[-108.254781,36.737049],[-108.254784,36.736959],[-108.254672,36.736957],[-108.254663,36.737227],[-108.254551,36.737224],[-108.254547,36.737314],[-108.254771,36.737319],[-108.254774,36.737229],[-108.254998,36.737235],[-108.254995,36.737325],[-108.255443,36.737335]]]},"properties":{"class":"invasive_woody","min_prob":0.5}},{"type":"Feature","geometry":{"type":"Polygon","coordinates":[[[-108.254327,36.737219],[-108.25433,36.737129],[-108.254218,36.737126],[-108.254224,36.736946],[-108.254113,36.736944],[-108.254103,36.737214],[-108.254327,36.737219]]]},"properties":{"class":"invasive_woody","min_prob":0.5}},{"type":"Feature","geometry":{"type":"Polygon","coordinates":[[[-108.256348,36.737085],[-108.256351,36.736995],[-108.256015,36.736988],[-108.256012,36.737078],[-108.256348,36.737085]]]},"properties":{"class":"invasive_woody","min_prob":0.5}},{"type":"Feature","geometry":{"type":"Polygon","coordinates":[[[-108.250639,36.736954],[-108.250643,36.736863],[-108.250531,36.736861],[-108.250528,36.736951],[-108.250639,36.736954]]]},"properties":{"class":"invasive_woody","min_prob":0.5}},{"type":"Feature","geometry":{"type":"Polygon","coordinates":[[[-108.193557,36.73562],[-108.19356,36.73553],[-108.193448,36.735527],[-108.193445,36.735617],[-108.193557,36.73562]]]},"properties":{"class":"invasive_woody","min_prob":0.5}},{"type":"Feature","geometry":{"type":"Polygon","coordinates":[[[-108.250956,36.737502],[-108.250959,36.737412],[-108.251295,36.73742],[-108.251298,36.737329],[-108.250962,36.737322],[-108.250966,36.737232],[-108.250742,36.737226],[-108.250745,36.737136],[-108.250633,36.737134],[-108.250636,36.737044],[-108.250524,36.737041],[-108.250528,36.736951],[-108.249856,36.736935],[-108.249859,36.736845],[-108.249747,36.736843],[-108.24975,36.736753],[-108.249638,36.73675],[-108.249632,36.73693],[-108.249744,36.736933],[-108.249741,36.737023],[-108.249965,36.737028],[-108.249961,36.737118],[-108.250185,36.737123],[-108.250182,36.737213],[-108.250406,36.737219],[-108.250396,36.737489],[-108.25062,36.737494],[-108.250623,36.737404],[-108.250847,36.737409],[-108.250844,36.737499],[-108.250956,36.737502]]]},"properties":{"class":"invasive_woody","min_prob":0.5}},{"type":"Feature","geometry":{"type":"Polygon","coordinates":[[[-108.290939,36.737788],[-108.290942,36.737698],[-108.290718,36.737693],[-108.290715,36.737783],[-108.290939,36.737788]]]},"properties":{"class":"invasive_woody","min_prob":0.5}},{"type":"Feature","geometry":{"type":"Polygon","coordinates":[[[-108.256463,36.736998],[-108.256466,36.736908],[-108.256354,36.736905],[-108.256351,36.736995],[-108.256463,36.736998]]]},"properties":{"class":"invasive_woody","min_prob":0.5}},{"type":"Feature","geometry":{"type":"Polygon","coordinates":[[[-108.227473,36.736326],[-108.227477,36.736235],[-108.227365,36.736233],[-108.227361,36.736323],[-108.227473,36.736326]]]},"properties":{"class":"invasive_woody","min_prob":0.5}},{"type":"Feature","geometry":{"type":"Polygon","coordinates":[[[-108.291166,36.737703],[-108.291169,36.737613],[-108.290945,36.737608],[-108.290942,36.737698],[-108.291166,36.737703]]]},"properties":{"class":"invasive_woody","min_prob":0.5}},{"type":"Feature","geometry":{"type":"Polygon","coordinates":[[[-108.256578,36.73691],[-108.256581,36.73682],[-108.256469,36.736818],[-108.256466,36.736908],[-108.256578,36.73691]]]},"properties":{"class":"invasive_woody","min_prob":0.5}},{"type":"Feature","geometry":{"type":"Polygon","coordinates":[[[-108.252875,36.737095],[-108.252881,36.736915],[-108.252993,36.736918],[-108.25299,36.737008],[-108.253102,36.73701],[-108.253108,36.73683],[-108.25322,36.736833],[-108.253223,36.736743],[-108.253,36.736738],[-108.252996,36.736828],[-108.252549,36.736817],[-108.252545,36.736907],[-108.252769,36.736913],[-108.252763,36.737093],[-108.252875,36.737095]]]},"properties":{"class":"invasive_woody","min_prob":0.5}},{"type":"Feature","geometry":{"type":"Polygon","coordinates":[[[-108.249638,36.73675],[-108.249642,36.73666],[-108.24953,36.736657],[-108.249527,36.736747],[-108.249638,36.73675]]]},"properties":{"class":"invasive_woody","min_prob":0.5}},{"type":"Feature","geometry":{"type":"Polygon","coordinates":[[[-108.227588,36.736238],[-108.227592,36.736148],[-108.22748,36.736145],[-108.227477,36.736235],[-108.227588,36.736238]]]},"properties":{"class":"invasive_woody","min_prob":0.5}},{"type":"Feature","geometry":{"type":"Polygon","coordinates":[[[-108.194123,36.735453],[-108.194129,36.735273],[-108.194017,36.73527],[-108.194011,36.735451],[-108.194123,36.735453]]]},"properties":{"class":"invasive_woody","min_prob":0.5}},{"type":"Feature","geometry":{"type":"Polygon","coordinates":[[[-108.256693,36.736823],[-108.256697,36.736733],[-108.256585,36.73673],[-108.256581,36.73682],[-108.256693,36.736823]]]},"properties":{"class":"invasive_woody","min_prob":0.5}},{"type":"Feature","geometry":{"type":"Polygon","coordinates":[[[-108.249418,36.736655],[-108.249421,36.736565],[-108.249309,36.736562],[-108.249306,36.736652],[-108.249418,36.736655]]]},"properties":{"class":"invasive_woody","min_prob":0.5}},{"type":"Feature","geometry":{"type":"Polygon","coordinates":[[[-108.245612,36.736567],[-108.245615,36.736477],[-108.245504,36.736474],[-108.2455,36.736564],[-108.245612,36.736567]]]},"properties":{"class":"invasive_woody","min_prob":0.5}},{"type":"Feature","geometry":{"type":"Polygon","coordinates":[[[-108.291172,36.737523],[-108.291175,36.737433],[-108.291063,36.73743],[-108.29106,36.737521],[-108.291172,36.737523]]]},"properties":{"class":"invasive_woody","min_prob":0.5}},{"type":"Feature","geometry":{"type":"Polygon","coordinates":[[[-108.264756,36.736918],[-108.264759,36.736828],[-108.264647,36.736826],[-108.264644,36.736916],[-108.264756,36.736918]]]},"properties":{"class":"invasive_woody","min_prob":0.5}},{"type":"Feature","geometry":{"type":"Polygon","coordinates":[[[-108.210023,36.735647],[-108.210026,36.735557],[-108.209914,36.735554],[-108.209911,36.735644],[-108.210023,36.735647]]]},"properties":{"class":"invasive_woody","min_prob":0.5}},{"type":"Feature","geometry":{"type":"Polygon","coordinates":[[[-108.193458,36.735257],[-108.193461,36.735167],[-108.193349,36.735164],[-108.193346,36.735255],[-108.193458,36.735257]]]},"properties":{"class":"invasive_woody","min_prob":0.5}},{"type":"Feature","geometry":{"type":"Polygon","coordinates":[[[-108.249309,36.736562],[-108.249316,36.736382],[-108.249092,36.736377],[-108.249088,36.736467],[-108.2492,36.736469],[-108.249197,36.73656],[-108.249309,36.736562]]]},"properties":{"class":"invasive_woody","min_prob":0.5}},{"type":"Feature","geometry":{"type":"Polygon","coordinates":[[[-108.256917,36.736828],[-108.25692,36.736738],[-108.257144,36.736743],[-108.257147,36.736653],[-108.257371,36.736658],[-108.257378,36.736478],[-108.257266,36.736475],[-108.257263,36.736566],[-108.257039,36.73656],[-108.257036,36.73665],[-108.256812,36.736645],[-108.256805,36.736825],[-108.256917,36.736828]]]},"properties":{"class":"invasive_woody","min_prob":0.5}},{"type":"Feature","geometry":{"type":"Polygon","coordinates":[[[-108.255136,36.736516],[-108.255139,36.736426],[-108.254803,36.736419],[-108.2548,36.736509],[-108.255136,36.736516]]]},"properties":{"class":"invasive_woody","min_prob":0.5}},{"type":"Feature","geometry":{"type":"Polygon","coordinates":[[[-108.249092,36.736377],[-108.249095,36.736287],[-108.248983,36.736284],[-108.24898,36.736374],[-108.249092,36.736377]]]},"properties":{"class":"invasive_woody","min_prob":0.5}},{"type":"Feature","geometry":{"type":"Polygon","coordinates":[[[-108.257822,36.736578],[-108.257825,36.736488],[-108.257714,36.736486],[-108.257717,36.736396],[-108.257493,36.73639],[-108.257486,36.736571],[-108.257822,36.736578]]]},"properties":{"class":"invasive_woody","min_prob":0.5}},{"type":"Feature","geometry":{"type":"Polygon","coordinates":[[[-108.254803,36.736419],[-108.254807,36.736329],[-108.254695,36.736326],[-108.254691,36.736416],[-108.254803,36.736419]]]},"properties":{"class":"invasive_woody","min_prob":0.5}},{"type":"Feature","geometry":{"type":"Polygon","coordinates":[[[-108.248871,36.736282],[-108.248874,36.736191],[-108.248762,36.736189],[-108.248759,36.736279],[-108.248871,36.736282]]]},"properties":{"class":"invasive_woody","min_prob":0.5}},{"type":"Feature","geometry":{"type":"Polygon","coordinates":[[[-108.247192,36.736243],[-108.247195,36.736153],[-108.247083,36.73615],[-108.24708,36.73624],[-108.247192,36.736243]]]},"properties":{"class":"invasive_woody","min_prob":0.5}},{"type":"Feature","geometry":{"type":"Polygon","coordinates":[[[-108.327113,36.738066],[-108.32712,36.737886],[-108.327008,36.737883],[-108.327001,36.738063],[-108.327113,36.738066]]]},"properties":{"class":"invasive_woody","min_prob":0.5}},{"type":"Feature","geometry":{"type":"Polygon","coordinates":[[[-108.257829,36.736398],[-108.257832,36.736308],[-108.25772,36.736306],[-108.257717,36.736396],[-108.257829,36.736398]]]},"properties":{"class":"invasive_woody","min_prob":0.5}},{"type":"Feature","geometry":{"type":"Polygon","coordinates":[[[-108.248654,36.736096],[-108.248657,36.736006],[-108.248545,36.736003],[-108.248542,36.736094],[-108.248654,36.736096]]]},"properties":{"class":"invasive_woody","min_prob":0.5}},{"type":"Feature","geometry":{"type":"Polygon","coordinates":[[[-108.24496,36.736011],[-108.244963,36.735921],[-108.244851,36.735918],[-108.244848,36.736008],[-108.24496,36.736011]]]},"properties":{"class":"invasive_woody","min_prob":0.5}},{"type":"Feature","geometry":{"type":"Polygon","coordinates":[[[-108.201756,36.735002],[-108.20176,36.734912],[-108.201648,36.734909],[-108.201645,36.734999],[-108.201756,36.735002]]]},"properties":{"class":"invasive_woody","min_prob":0.5}},{"type":"Feature","geometry":{"type":"Polygon","coordinates":[[[-108.209594,36.735096],[-108.209598,36.735006],[-108.209486,36.735003],[-108.209482,36.735093],[-108.209594,36.735096]]]},"properties":{"class":"invasive_woody","min_prob":0.5}},{"type":"Feature","geometry":{"type":"Polygon","coordinates":[[[-108.254586,36.736233],[-108.254589,36.736143],[-108.254365,36.736138],[-108.254368,36.736048],[-108.254145,36.736043],[-108.254148,36.735953],[-108.2537,36.735942],[-108.253694,36.736122],[-108.253806,36.736125],[-108.253809,36.736035],[-108.253921,36.736038],[-108.253918,36.736128],[-108.254253,36.736135],[-108.25425,36.736226],[-108.254586,36.736233]]]},"properties":{"class":"invasive_woody","min_prob":0.5}},{"type":"Feature","geometry":{"type":"Polygon","coordinates":[[[-108.292288,36.737639],[-108.292291,36.737549],[-108.292403,36.737551],[-108.292406,36.737461],[-108.292854,36.737471],[-108.292857,36.737381],[-108.292969,36.737384],[-108.292972,36.737294],[-108.293084,36.737296],[-108.293088,36.737206],[-108.293199,36.737209],[-108.293203,36.737118],[-108.293538,36.737126],[-108.293542,36.737036],[-108.293765,36.737041],[-108.293769,36.736951],[-108.293545,36.736946],[-108.293548,36.736856],[-108.293324,36.736851],[-108.293321,36.736941],[-108.292985,36.736933],[-108.292982,36.737023],[-108.292422,36.737011],[-108.292416,36.737191],[-108.292304,36.737188],[-108.292307,36.737098],[-108.292195,36.737096],[-108.292192,36.737186],[-108.29208,36.737183],[-108.292077,36.737273],[-108.291965,36.737271],[-108.291962,36.737361],[-108.291738,36.737356],[-108.291735,36.737446],[-108.291399,36.737438],[-108.291396,36.737528],[-108.291956,36.737541],[-108.291952,36.737631],[-108.292288,36.737639]],[[-108.292637,36.737286],[-108.292525,36.737283],[-108.292528,36.737193],[-108.29264,36.737196],[-108.292637,36.737286]]]},"properties":{"class":"invasive_woody","min_prob":0.5}},{"type":"Feature","geometry":{"type":"Polygon","coordinates":[[[-108.293324,36.736851],[-108.293327,36.736761],[-108.293215,36.736758],[-108.293212,36.736848],[-108.293324,36.736851]]]},"properties":{"class":"invasive_woody","min_prob":0.5}},{"type":"Feature","geometry":{"type":"Polygon","coordinates":[[[-108.253585,36.73603],[-108.253588,36.73594],[-108.2537,36.735942],[-108.253703,36.735852],[-108.253368,36.735844],[-108.253361,36.736025],[-108.253585,36.73603]]]},"properties":{"class":"invasive_woody","min_prob":0.5}},{"type":"Feature","geometry":{"type":"Polygon","coordinates":[[[-108.253252,36.735932],[-108.253256,36.735842],[-108.253032,36.735837],[-108.253029,36.735927],[-108.253252,36.735932]]]},"properties":{"class":"invasive_woody","min_prob":0.5}},{"type":"Feature","geometry":{"type":"Polygon","coordinates":[[[-108.201654,36.734729],[-108.201658,36.734639],[-108.201546,36.734636],[-108.201542,36.734726],[-108.201654,36.734729]]]},"properties":{"class":"invasive_woody","min_prob":0.5}},{"type":"Feature","geometry":{"type":"Polygon","coordinates":[[[-108.316722,36.737291],[-108.316725,36.737201],[-108.316613,36.737198],[-108.31661,36.737288],[-108.316722,36.737291]]]},"properties":{"class":"invasive_woody","min_prob":0.5}},{"type":"Feature","geometry":{"type":"Polygon","coordinates":[[[-108.294447,36.736786],[-108.29445,36.736696],[-108.294114,36.736688],[-108.294111,36.736778],[-108.294447,36.736786]]]},"properties":{"class":"invasive_woody","min_prob":0.5}},{"type":"Feature","geometry":{"type":"Polygon","coordinates":[[[-108.253368,36.735844],[-108.253371,36.735754],[-108.253259,36.735752],[-108.253256,36.735842],[-108.253368,36.735844]]]},"properties":{"class":"invasive_woody","min_prob":0.5}},{"type":"Feature","geometry":{"type":"Polygon","coordinates":[[[-108.25292,36.735834],[-108.252923,36.735744],[-108.252811,36.735741],[-108.252808,36.735832],[-108.25292,36.735834]]]},"properties":{"class":"invasive_woody","min_prob":0.5}},{"type":"Feature","geometry":{"type":"Polygon","coordinates":[[[-108.211731,36.734876],[-108.211734,36.734785],[-108.211622,36.734783],[-108.211619,36.734873],[-108.211731,36.734876]]]},"properties":{"class":"invasive_woody","min_prob":0.5}},{"type":"Feature","geometry":{"type":"Polygon","coordinates":[[[-108.209045,36.734813],[-108.209048,36.734722],[-108.208936,36.73472],[-108.208933,36.73481],[-108.209045,36.734813]]]},"properties":{"class":"invasive_woody","min_prob":0.5}},{"type":"Feature","geometry":{"type":"Polygon","coordinates":[[[-108.200874,36.734621],[-108.200877,36.73453],[-108.200766,36.734528],[-108.200762,36.734618],[-108.200874,36.734621]]]},"properties":{"class":"invasive_woody","min_prob":0.5}},{"type":"Feature","geometry":{"type":"Polygon","coordinates":[[[-108.305752,36.737043],[-108.305758,36.736863],[-108.305646,36.73686],[-108.30564,36.73704],[-108.305752,36.737043]]]},"properties":{"class":"invasive_woody","min_prob":0.5}},{"type":"Feature","geometry":{"type":"Polygon","coordinates":[[[-108.316837,36.737203],[-108.31684,36.737113],[-108.316728,36.737111],[-108.316725,36.737201],[-108.316837,36.737203]]]},"properties":{"class":"invasive_woody","min_prob":0.5}},{"type":"Feature","geometry":{"type":"Polygon","coordinates":[[[-108.210391,36.734754],[-108.210394,36.734664],[-108.210282,36.734661],[-108.210279,36.734751],[-108.210391,36.734754]]]},"properties":{"class":"invasive_woody","min_prob":0.5}},{"type":"Feature","geometry":{"type":"Polygon","coordinates":[[[-108.207593,36.734688],[-108.207596,36.734598],[-108.207484,36.734596],[-108.207481,36.734686],[-108.207593,36.734688]]]},"properties":{"class":"invasive_woody","min_prob":0.5}},{"type":"Feature","geometry":{"type":"Polygon","coordinates":[[[-108.316952,36.737116],[-108.316955,36.737026],[-108.316843,36.737023],[-108.31684,36.737113],[-108.316952,36.737116]]]},"properties":{"class":"invasive_woody","min_prob":0.5}},{"type":"Feature","geometry":{"type":"Polygon","coordinates":[[[-108.210282,36.734661],[-108.210286,36.734571],[-108.210062,36.734566],[-108.210058,36.734656],[-108.210282,36.734661]]]},"properties":{"class":"invasive_woody","min_prob":0.5}},{"type":"Feature","geometry":{"type":"Polygon","coordinates":[[[-108.282582,36.736516],[-108.282585,36.736426],[-108.282697,36.736428],[-108.2827,36.736338],[-108.282588,36.736335],[-108.282594,36.736155],[-108.28237,36.73615],[-108.282364,36.73633],[-108.282252,36.736328],[-108.282249,36.736418],[-108.282361,36.73642],[-108.282358,36.73651],[-108.282582,36.736516]]]},"properties":{"class":"invasive_woody","min_prob":0.5}},{"type":"Feature","geometry":{"type":"Polygon","coordinates":[[[-108.192934,36.734253],[-108.192941,36.734073],[-108.192493,36.734062],[-108.19249,36.734152],[-108.192602,36.734155],[-108.192599,36.734245],[-108.192934,36.734253]]]},"properties":{"class":"invasive_woody","min_prob":0.5}},{"type":"Feature","geometry":{"type":"Polygon","coordinates":[[[-108.266361,36.735873],[-108.266364,36.735783],[-108.266252,36.735781],[-108.266249,36.735871],[-108.266361,36.735873]]]},"properties":{"class":"invasive_woody","min_prob":0.5}},{"type":"Feature","geometry":{"type":"Polygon","coordinates":[[[-108.20357,36.734413],[-108.203573,36.734323],[-108.203461,36.734321],[-108.203458,36.734411],[-108.20357,36.734413]]]},"properties":{"class":"invasive_woody","min_prob":0.5}},{"type":"Feature","geometry":{"type":"Polygon","coordinates":[[[-108.203011,36.7344],[-108.203014,36.73431],[-108.20279,36.734305],[-108.202787,36.734395],[-108.203011,36.7344]]]},"properties":{"class":"invasive_woody","min_prob":0.5}},{"type":"Feature","geometry":{"type":"Polygon","coordinates":[[[-108.248104,36.735813],[-108.248107,36.735723],[-108.247995,36.73572],[-108.248005,36.73545],[-108.247893,36.735447],[-108.247896,36.735357],[-108.247784,36.735355],[-108.247787,36.735265],[-108.247563,36.735259],[-108.24756,36.73535],[-108.247672,36.735352],[-108.247666,36.735532],[-108.247778,36.735535],[-108.247774,36.735625],[-108.247886,36.735628],[-108.24788,36.735808],[-108.248104,36.735813]]]},"properties":{"class":"invasive_woody","min_prob":0.5}},{"type":"Feature","geometry":{"type":"Polygon","coordinates":[[[-108.317067,36.737028],[-108.317073,36.736848],[-108.316961,36.736845],[-108.316955,36.737026],[-108.317067,36.737028]]]},"properties":{"class":"invasive_woody","min_prob":0.5}},{"type":"Feature","geometry":{"type":"Polygon","coordinates":[[[-108.201437,36.734544],[-108.20144,36.734454],[-108.201776,36.734461],[-108.201779,36.734371],[-108.201891,36.734374],[-108.201895,36.734284],[-108.201783,36.734281],[-108.201786,36.734191],[-108.201002,36.734173],[-108.200999,36.734263],[-108.201223,36.734268],[-108.20122,36.734358],[-108.201108,36.734356],[-108.201105,36.734446],[-108.200881,36.73444],[-108.200877,36.73453],[-108.201437,36.734544]]]},"properties":{"class":"invasive_woody","min_prob":0.5}},{"type":"Feature","geometry":{"type":"Polygon","coordinates":[[[-108.29334,36.7364],[-108.293343,36.73631],[-108.293231,36.736308],[-108.293228,36.736398],[-108.29334,36.7364]]]},"properties":{"class":"invasive_woody","min_prob":0.5}},{"type":"Feature","geometry":{"type":"Polygon","coordinates":[[[-108.282706,36.736158],[-108.282709,36.736068],[-108.282597,36.736065],[-108.282594,36.736155],[-108.282706,36.736158]]]},"properties":{"class":"invasive_woody","min_prob":0.5}},{"type":"Feature","geometry":{"type":"Polygon","coordinates":[[[-108.250582,36.735419],[-108.250585,36.735329],[-108.250473,36.735327],[-108.25047,36.735417],[-108.250582,36.735419]]]},"properties":{"class":"invasive_woody","min_prob":0.5}},{"type":"Feature","geometry":{"type":"Polygon","coordinates":[[[-108.245322,36.735298],[-108.245325,36.735208],[-108.245213,36.735205],[-108.24521,36.735295],[-108.245322,36.735298]]]},"properties":{"class":"invasive_woody","min_prob":0.5}},{"type":"Feature","geometry":{"type":"Polygon","coordinates":[[[-108.202566,36.7343],[-108.202569,36.73421],[-108.202346,36.734204],[-108.202342,36.734294],[-108.202566,36.7343]]]},"properties":{"class":"invasive_woody","min_prob":0.5}},{"type":"Feature","geometry":{"type":"Polygon","coordinates":[[[-108.200887,36.73426],[-108.200891,36.73417],[-108.200779,36.734167],[-108.200775,36.734258],[-108.200887,36.73426]]]},"properties":{"class":"invasive_woody","min_prob":0.5}},{"type":"Feature","geometry":{"type":"Polygon","coordinates":[[[-108.247563,36.735259],[-108.247567,36.735169],[-108.247455,36.735167],[-108.247451,36.735257],[-108.247563,36.735259]]]},"properties":{"class":"invasive_woody","min_prob":0.5}},{"type":"Feature","geometry":{"type":"Polygon","coordinates":[[[-108.202346,36.734204],[-108.202349,36.734114],[-108.202237,36.734112],[-108.202234,36.734202],[-108.202346,36.734204]]]},"properties":{"class":"invasive_woody","min_prob":0.5}},{"type":"Feature","geometry":{"type":"Polygon","coordinates":[[[-108.202122,36.734199],[-108.202125,36.734109],[-108.202013,36.734106],[-108.20201,36.734196],[-108.202122,36.734199]]]},"properties":{"class":"invasive_woody","min_prob":0.5}},{"type":"Feature","geometry":{"type":"Polygon","coordinates":[[[-108.193056,36.733985],[-108.193059,36.733895],[-108.192947,36.733893],[-108.192944,36.733983],[-108.193056,36.733985]]]},"properties":{"class":"invasive_woody","min_prob":0.5}},{"type":"Feature","geometry":{"type":"Polygon","coordinates":[[[-108.282936,36.735983],[-108.28294,36.735893],[-108.282716,36.735888],[-108.282713,36.735978],[-108.282936,36.735983]]]},"properties":{"class":"invasive_woody","min_prob":0.5}},{"type":"Feature","geometry":{"type":"Polygon","coordinates":[[[-108.246895,36.735154],[-108.246898,36.735064],[-108.246786,36.735061],[-108.246783,36.735151],[-108.246895,36.735154]]]},"properties":{"class":"invasive_woody","min_prob":0.5}},{"type":"Feature","geometry":{"type":"Polygon","coordinates":[[[-108.21466,36.734403],[-108.214664,36.734313],[-108.214552,36.734311],[-108.214548,36.734401],[-108.21466,36.734403]]]},"properties":{"class":"invasive_woody","min_prob":0.5}},{"type":"Feature","geometry":{"type":"Polygon","coordinates":[[[-108.205818,36.734196],[-108.205822,36.734106],[-108.205486,36.734098],[-108.205483,36.734188],[-108.205818,36.734196]]]},"properties":{"class":"invasive_woody","min_prob":0.5}},{"type":"Feature","geometry":{"type":"Polygon","coordinates":[[[-108.20414,36.734156],[-108.204143,36.734066],[-108.204031,36.734064],[-108.204028,36.734154],[-108.20414,36.734156]]]},"properties":{"class":"invasive_woody","min_prob":0.5}},{"type":"Feature","geometry":{"type":"Polygon","coordinates":[[[-108.247455,36.735167],[-108.247461,36.734987],[-108.247237,36.734981],[-108.247234,36.735072],[-108.247346,36.735074],[-108.247343,36.735164],[-108.247455,36.735167]]]},"properties":{"class":"invasive_woody","min_prob":0.5}},{"type":"Feature","geometry":{"type":"Polygon","coordinates":[[[-108.204699,36.73417],[-108.204702,36.734079],[-108.204591,36.734077],[-108.204594,36.733987],[-108.204482,36.733984],[-108.204479,36.734074],[-108.204367,36.734072],[-108.204363,36.734162],[-108.204699,36.73417]]]},"properties":{"class":"invasive_woody","min_prob":0.5}},{"type":"Feature","geometry":{"type":"Polygon","coordinates":[[[-108.246674,36.735059],[-108.246678,36.734968],[-108.246566,36.734966],[-108.246562,36.735056],[-108.246674,36.735059]]]},"properties":{"class":"invasive_woody","min_prob":0.5}},{"type":"Feature","geometry":{"type":"Polygon","coordinates":[[[-108.19832,36.734019],[-108.198323,36.733929],[-108.198435,36.733932],[-108.198438,36.733842],[-108.198214,36.733837],[-108.198211,36.733927],[-108.198099,36.733924],[-108.198096,36.734014],[-108.19832,36.734019]]]},"properties":{"class":"invasive_woody","min_prob":0.5}},{"type":"Feature","geometry":{"type":"Polygon","coordinates":[[[-108.193063,36.733805],[-108.193066,36.733715],[-108.192954,36.733713],[-108.192951,36.733803],[-108.193063,36.733805]]]},"properties":{"class":"invasive_woody","min_prob":0.5}},{"type":"Feature","geometry":{"type":"Polygon","coordinates":[[[-108.306001,36.736327],[-108.306004,36.736237],[-108.305892,36.736235],[-108.305889,36.736325],[-108.306001,36.736327]]]},"properties":{"class":"invasive_woody","min_prob":0.5}},{"type":"Feature","geometry":{"type":"Polygon","coordinates":[[[-108.277906,36.735687],[-108.277909,36.735597],[-108.277685,36.735592],[-108.277682,36.735682],[-108.277906,36.735687]]]},"properties":{"class":"invasive_woody","min_prob":0.5}},{"type":"Feature","geometry":{"type":"Polygon","coordinates":[[[-108.247125,36.734979],[-108.247128,36.734889],[-108.247017,36.734886],[-108.247013,36.734976],[-108.247125,36.734979]]]},"properties":{"class":"invasive_woody","min_prob":0.5}},{"type":"Feature","geometry":{"type":"Polygon","coordinates":[[[-108.20784,36.734063],[-108.207843,36.733973],[-108.207731,36.73397],[-108.207728,36.73406],[-108.20784,36.734063]]]},"properties":{"class":"invasive_woody","min_prob":0.5}},{"type":"Feature","geometry":{"type":"Polygon","coordinates":[[[-108.20437,36.733981],[-108.204373,36.733891],[-108.204261,36.733889],[-108.204258,36.733979],[-108.20437,36.733981]]]},"properties":{"class":"invasive_woody","min_prob":0.5}},{"type":"Feature","geometry":{"type":"Polygon","coordinates":[[[-108.203356,36.734138],[-108.203363,36.733958],[-108.203251,36.733955],[-108.203257,36.733775],[-108.203145,36.733772],[-108.203139,36.733953],[-108.203027,36.73395],[-108.203024,36.73404],[-108.202912,36.734037],[-108.202908,36.734127],[-108.203132,36.734133],[-108.203136,36.734043],[-108.203247,36.734045],[-108.203244,36.734135],[-108.203356,36.734138]]]},"properties":{"class":"invasive_woody","min_prob":0.5}},{"type":"Feature","geometry":{"type":"Polygon","coordinates":[[[-108.317083,36.736578],[-108.317089,36.736397],[-108.316977,36.736395],[-108.316971,36.736575],[-108.317083,36.736578]]]},"properties":{"class":"invasive_woody","min_prob":0.5}},{"type":"Feature","geometry":{"type":"Polygon","coordinates":[[[-108.208732,36.734174],[-108.208735,36.734084],[-108.208847,36.734087],[-108.208853,36.733906],[-108.20863,36.733901],[-108.20862,36.734171],[-108.208732,36.734174]]]},"properties":{"class":"invasive_woody","min_prob":0.5}},{"type":"Feature","geometry":{"type":"Polygon","coordinates":[[[-108.29705,36.736034],[-108.297053,36.735944],[-108.296941,36.735941],[-108.296938,36.736031],[-108.29705,36.736034]]]},"properties":{"class":"invasive_woody","min_prob":0.5}},{"type":"Feature","geometry":{"type":"Polygon","coordinates":[[[-108.246793,36.734881],[-108.246796,36.734791],[-108.246684,36.734788],[-108.246681,36.734878],[-108.246793,36.734881]]]},"properties":{"class":"invasive_woody","min_prob":0.5}},{"type":"Feature","geometry":{"type":"Polygon","coordinates":[[[-108.212879,36.734091],[-108.212883,36.734001],[-108.212771,36.733998],[-108.212767,36.734088],[-108.212879,36.734091]]]},"properties":{"class":"invasive_woody","min_prob":0.5}},{"type":"Feature","geometry":{"type":"Polygon","coordinates":[[[-108.207955,36.733976],[-108.207958,36.733885],[-108.207846,36.733883],[-108.207843,36.733973],[-108.207955,36.733976]]]},"properties":{"class":"invasive_woody","min_prob":0.5}},{"type":"Feature","geometry":{"type":"Polygon","coordinates":[[[-108.206276,36.733936],[-108.206279,36.733846],[-108.206167,36.733843],[-108.206164,36.733933],[-108.206276,36.733936]]]},"properties":{"class":"invasive_woody","min_prob":0.5}},{"type":"Feature","geometry":{"type":"Polygon","coordinates":[[[-108.198889,36.733762],[-108.198892,36.733672],[-108.19878,36.73367],[-108.198777,36.73376],[-108.198889,36.733762]]]},"properties":{"class":"invasive_woody","min_prob":0.5}},{"type":"Feature","geometry":{"type":"Polygon","coordinates":[[[-108.220154,36.734261],[-108.220161,36.734081],[-108.220049,36.734079],[-108.220042,36.734259],[-108.220154,36.734261]]]},"properties":{"class":"invasive_woody","min_prob":0.5}},{"type":"Feature","geometry":{"type":"Polygon","coordinates":[[[-108.213548,36.734197],[-108.213551,36.734107],[-108.213775,36.734112],[-108.213778,36.734022],[-108.213554,36.734017],[-108.213557,36.733927],[-108.212998,36.733913],[-108.212991,36.734094],[-108.213103,36.734096],[-108.2131,36.734186],[-108.213548,36.734197]]]},"properties":{"class":"invasive_woody","min_prob":0.5}},{"type":"Feature","geometry":{"type":"Polygon","coordinates":[[[-108.207059,36.733954],[-108.207066,36.733774],[-108.206954,36.733772],[-108.206951,36.733862],[-108.206839,36.733859],[-108.206836,36.733949],[-108.207059,36.733954]]]},"properties":{"class":"invasive_woody","min_prob":0.5}},{"type":"Feature","geometry":{"type":"Polygon","coordinates":[[[-108.212771,36.733998],[-108.212774,36.733908],[-108.212662,36.733906],[-108.212659,36.733996],[-108.212771,36.733998]]]},"properties":{"class":"invasive_woody","min_prob":0.5}},{"type":"Feature","geometry":{"type":"Polygon","coordinates":[[[-108.207846,36.733883],[-108.207849,36.733793],[-108.207737,36.73379],[-108.207734,36.73388],[-108.207846,36.733883]]]},"properties":{"class":"invasive_woody","min_prob":0.5}},{"type":"Feature","geometry":{"type":"Polygon","coordinates":[[[-108.20729,36.73378],[-108.207293,36.733689],[-108.207181,36.733687],[-108.207178,36.733777],[-108.20729,36.73378]]]},"properties":{"class":"invasive_woody","min_prob":0.5}},{"type":"Feature","geometry":{"type":"Polygon","coordinates":[[[-108.20438,36.733711],[-108.204383,36.733621],[-108.204271,36.733618],[-108.204268,36.733709],[-108.20438,36.733711]]]},"properties":{"class":"invasive_woody","min_prob":0.5}},{"type":"Feature","geometry":{"type":"Polygon","coordinates":[[[-108.198784,36.73358],[-108.198787,36.733489],[-108.198675,36.733487],[-108.198672,36.733577],[-108.198784,36.73358]]]},"properties":{"class":"invasive_woody","min_prob":0.5}},{"type":"Feature","geometry":{"type":"Polygon","coordinates":[[[-108.297954,36.735784],[-108.297958,36.735694],[-108.297846,36.735691],[-108.297843,36.735781],[-108.297954,36.735784]]]},"properties":{"class":"invasive_woody","min_prob":0.5}},{"type":"Feature","geometry":{"type":"Polygon","coordinates":[[[-108.210763,36.733771],[-108.210766,36.733681],[-108.210654,36.733678],[-108.210651,36.733768],[-108.210763,36.733771]]]},"properties":{"class":"invasive_woody","min_prob":0.5}},{"type":"Feature","geometry":{"type":"Polygon","coordinates":[[[-108.201802,36.733741],[-108.201806,36.733651],[-108.201917,36.733653],[-108.201921,36.733563],[-108.202033,36.733566],[-108.202036,36.733476],[-108.2017,36.733468],[-108.20169,36.733738],[-108.201802,36.733741]]]},"properties":{"class":"invasive_woody","min_prob":0.5}},{"type":"Feature","geometry":{"type":"Polygon","coordinates":[[[-108.246684,36.734788],[-108.246694,36.734518],[-108.246582,36.734515],[-108.246585,36.734425],[-108.246361,36.73442],[-108.246358,36.73451],[-108.24647,36.734513],[-108.246463,36.734693],[-108.246575,36.734696],[-108.246572,36.734786],[-108.246684,36.734788]]]},"properties":{"class":"invasive_woody","min_prob":0.5}},{"type":"Feature","geometry":{"type":"Polygon","coordinates":[[[-108.207741,36.7337],[-108.207744,36.73361],[-108.207632,36.733607],[-108.207635,36.733517],[-108.207523,36.733515],[-108.207517,36.733695],[-108.207741,36.7337]]]},"properties":{"class":"invasive_woody","min_prob":0.5}},{"type":"Feature","geometry":{"type":"Polygon","coordinates":[[[-108.316427,36.736112],[-108.31643,36.736022],[-108.316206,36.736017],[-108.316203,36.736107],[-108.316427,36.736112]]]},"properties":{"class":"invasive_woody","min_prob":0.5}},{"type":"Feature","geometry":{"type":"Polygon","coordinates":[[[-108.210542,36.733676],[-108.210545,36.733585],[-108.210433,36.733583],[-108.21043,36.733673],[-108.210542,36.733676]]]},"properties":{"class":"invasive_woody","min_prob":0.5}},{"type":"Feature","geometry":{"type":"Polygon","coordinates":[[[-108.206401,36.733578],[-108.206404,36.733488],[-108.206292,36.733486],[-108.206289,36.733576],[-108.206401,36.733578]]]},"properties":{"class":"invasive_woody","min_prob":0.5}},{"type":"Feature","geometry":{"type":"Polygon","coordinates":[[[-108.192957,36.733622],[-108.192961,36.733532],[-108.193184,36.733538],[-108.193188,36.733448],[-108.193076,36.733445],[-108.193079,36.733355],[-108.193191,36.733357],[-108.193194,36.733267],[-108.193306,36.73327],[-108.193309,36.73318],[-108.193086,36.733175],[-108.193082,36.733265],[-108.19297,36.733262],[-108.192964,36.733442],[-108.192852,36.73344],[-108.192849,36.73353],[-108.192737,36.733527],[-108.192733,36.733617],[-108.192957,36.733622]]]},"properties":{"class":"invasive_woody","min_prob":0.5}},{"type":"Feature","geometry":{"type":"Polygon","coordinates":[[[-108.305908,36.735784],[-108.305911,36.735694],[-108.305799,36.735691],[-108.305796,36.735782],[-108.305908,36.735784]]]},"properties":{"class":"invasive_woody","min_prob":0.5}},{"type":"Feature","geometry":{"type":"Polygon","coordinates":[[[-108.246361,36.73442],[-108.246364,36.73433],[-108.246252,36.734328],[-108.246256,36.734237],[-108.246144,36.734235],[-108.24614,36.734325],[-108.246029,36.734322],[-108.246025,36.734412],[-108.246361,36.73442]]]},"properties":{"class":"invasive_woody","min_prob":0.5}},{"type":"Feature","geometry":{"type":"Polygon","coordinates":[[[-108.193533,36.733185],[-108.19354,36.733005],[-108.193428,36.733002],[-108.193425,36.733093],[-108.193313,36.73309],[-108.193309,36.73318],[-108.193533,36.733185]]]},"properties":{"class":"invasive_woody","min_prob":0.5}},{"type":"Feature","geometry":{"type":"Polygon","coordinates":[[[-108.298859,36.735534],[-108.298863,36.735444],[-108.298415,36.735434],[-108.298412,36.735524],[-108.298859,36.735534]]]},"properties":{"class":"invasive_woody","min_prob":0.5}},{"type":"Feature","geometry":{"type":"Polygon","coordinates":[[[-108.2983,36.735521],[-108.298303,36.735431],[-108.298191,36.735429],[-108.298188,36.735519],[-108.2983,36.735521]]]},"properties":{"class":"invasive_woody","min_prob":0.5}},{"type":"Feature","geometry":{"type":"Polygon","coordinates":[[[-108.260023,36.734555],[-108.260026,36.734465],[-108.259914,36.734463],[-108.259911,36.734553],[-108.260023,36.734555]]]},"properties":{"class":"invasive_woody","min_prob":0.5}},{"type":"Feature","geometry":{"type":"Polygon","coordinates":[[[-108.22152,36.733662],[-108.221523,36.733572],[-108.221412,36.733569],[-108.221408,36.733659],[-108.22152,36.733662]]]},"properties":{"class":"invasive_woody","min_prob":0.5}},{"type":"Feature","geometry":{"type":"Polygon","coordinates":[[[-108.198017,36.733111],[-108.19802,36.733021],[-108.197908,36.733018],[-108.197905,36.733108],[-108.198017,36.733111]]]},"properties":{"class":"invasive_woody","min_prob":0.5}},{"type":"Feature","geometry":{"type":"Polygon","coordinates":[[[-108.193876,36.733013],[-108.193879,36.732923],[-108.193767,36.73292],[-108.193764,36.73301],[-108.193876,36.733013]]]},"properties":{"class":"invasive_woody","min_prob":0.5}},{"type":"Feature","geometry":{"type":"Polygon","coordinates":[[[-108.193652,36.733008],[-108.193655,36.732918],[-108.193543,36.732915],[-108.19354,36.733005],[-108.193652,36.733008]]]},"properties":{"class":"invasive_woody","min_prob":0.5}},{"type":"Feature","geometry":{"type":"Polygon","coordinates":[[[-108.221181,36.733744],[-108.221184,36.733654],[-108.221073,36.733652],[-108.221076,36.733562],[-108.220964,36.733559],[-108.220967,36.733469],[-108.220631,36.733461],[-108.220622,36.733731],[-108.221181,36.733744]]]},"properties":{"class":"invasive_woody","min_prob":0.5}},{"type":"Feature","geometry":{"type":"Polygon","coordinates":[[[-108.260138,36.734468],[-108.260141,36.734378],[-108.260029,36.734375],[-108.260026,36.734465],[-108.260138,36.734468]]]},"properties":{"class":"invasive_woody","min_prob":0.5}},{"type":"Feature","geometry":{"type":"Polygon","coordinates":[[[-108.249952,36.734233],[-108.249956,36.734143],[-108.249844,36.73414],[-108.24984,36.73423],[-108.249952,36.734233]]]},"properties":{"class":"invasive_woody","min_prob":0.5}},{"type":"Feature","geometry":{"type":"Polygon","coordinates":[[[-108.194215,36.732931],[-108.194218,36.732841],[-108.193994,36.732835],[-108.193991,36.732926],[-108.194215,36.732931]]]},"properties":{"class":"invasive_woody","min_prob":0.5}},{"type":"Feature","geometry":{"type":"Polygon","coordinates":[[[-108.206526,36.733221],[-108.206532,36.73304],[-108.20642,36.733038],[-108.206414,36.733218],[-108.206526,36.733221]]]},"properties":{"class":"invasive_woody","min_prob":0.5}},{"type":"Feature","geometry":{"type":"Polygon","coordinates":[[[-108.260253,36.73438],[-108.260256,36.73429],[-108.260144,36.734288],[-108.260141,36.734378],[-108.260253,36.73438]]]},"properties":{"class":"invasive_woody","min_prob":0.5}},{"type":"Feature","geometry":{"type":"Polygon","coordinates":[[[-108.232048,36.733727],[-108.232051,36.733637],[-108.231939,36.733635],[-108.231936,36.733725],[-108.232048,36.733727]]]},"properties":{"class":"invasive_woody","min_prob":0.5}},{"type":"Feature","geometry":{"type":"Polygon","coordinates":[[[-108.228578,36.733646],[-108.228581,36.733556],[-108.228357,36.733551],[-108.228354,36.733641],[-108.228578,36.733646]]]},"properties":{"class":"invasive_woody","min_prob":0.5}},{"type":"Feature","geometry":{"type":"Polygon","coordinates":[[[-108.206865,36.733138],[-108.206868,36.733048],[-108.206756,36.733046],[-108.206753,36.733136],[-108.206865,36.733138]]]},"properties":{"class":"invasive_woody","min_prob":0.5}},{"type":"Feature","geometry":{"type":"Polygon","coordinates":[[[-108.260368,36.734293],[-108.260371,36.734203],[-108.260259,36.7342],[-108.260256,36.73429],[-108.260368,36.734293]]]},"properties":{"class":"invasive_woody","min_prob":0.5}},{"type":"Feature","geometry":{"type":"Polygon","coordinates":[[[-108.243579,36.733905],[-108.243582,36.733815],[-108.24347,36.733812],[-108.243467,36.733902],[-108.243579,36.733905]]]},"properties":{"class":"invasive_woody","min_prob":0.5}},{"type":"Feature","geometry":{"type":"Polygon","coordinates":[[[-108.194333,36.732753],[-108.194336,36.732663],[-108.194224,36.732661],[-108.194221,36.732751],[-108.194333,36.732753]]]},"properties":{"class":"invasive_woody","min_prob":0.5}},{"type":"Feature","geometry":{"type":"Polygon","coordinates":[[[-108.29507,36.734997],[-108.295073,36.734907],[-108.294961,36.734904],[-108.294958,36.734994],[-108.29507,36.734997]]]},"properties":{"class":"invasive_woody","min_prob":0.5}},{"type":"Feature","geometry":{"type":"Polygon","coordinates":[[[-108.240672,36.733747],[-108.240675,36.733657],[-108.240563,36.733655],[-108.24056,36.733745],[-108.240672,36.733747]]]},"properties":{"class":"invasive_woody","min_prob":0.5}},{"type":"Feature","geometry":{"type":"Polygon","coordinates":[[[-108.236083,36.733641],[-108.236087,36.733551],[-108.235975,36.733548],[-108.235971,36.733638],[-108.236083,36.733641]]]},"properties":{"class":"invasive_woody","min_prob":0.5}},{"type":"Feature","geometry":{"type":"Polygon","coordinates":[[[-108.245917,36.73432],[-108.245923,36.73414],[-108.246035,36.734142],[-108.246032,36.734232],[-108.246144,36.734235],[-108.24615,36.734055],[-108.246038,36.734052],[-108.246041,36.733962],[-108.245929,36.733959],[-108.245933,36.733869],[-108.245709,36.733864],[-108.245712,36.733774],[-108.2456,36.733771],[-108.245603,36.733681],[-108.245491,36.733679],[-108.245488,36.733769],[-108.244929,36.733756],[-108.244925,36.733846],[-108.245037,36.733849],[-108.245034,36.733939],[-108.24537,36.733946],[-108.245367,36.734037],[-108.245479,36.734039],[-108.245475,36.734129],[-108.245587,36.734132],[-108.245584,36.734222],[-108.245808,36.734227],[-108.245805,36.734317],[-108.245917,36.73432]]]},"properties":{"class":"invasive_woody","min_prob":0.5}},{"type":"Feature","geometry":{"type":"Polygon","coordinates":[[[-108.249847,36.73405],[-108.24985,36.73396],[-108.249738,36.733957],[-108.249741,36.733867],[-108.249629,36.733865],[-108.249633,36.733775],[-108.249521,36.733772],[-108.249514,36.733952],[-108.249626,36.733955],[-108.249623,36.734045],[-108.249847,36.73405]]]},"properties":{"class":"invasive_woody","min_prob":0.5}},{"type":"Feature","geometry":{"type":"Polygon","coordinates":[[[-108.243362,36.73372],[-108.243365,36.733629],[-108.243253,36.733627],[-108.24325,36.733717],[-108.243362,36.73372]]]},"properties":{"class":"invasive_woody","min_prob":0.5}},{"type":"Feature","geometry":{"type":"Polygon","coordinates":[[[-108.211128,36.732968],[-108.211131,36.732878],[-108.211019,36.732875],[-108.211016,36.732965],[-108.211128,36.732968]]]},"properties":{"class":"invasive_woody","min_prob":0.5}},{"type":"Feature","geometry":{"type":"Polygon","coordinates":[[[-108.299876,36.735287],[-108.299879,36.735197],[-108.299991,36.735199],[-108.299995,36.735109],[-108.30033,36.735117],[-108.300334,36.735026],[-108.300781,36.735037],[-108.300784,36.734947],[-108.300672,36.734944],[-108.300676,36.734854],[-108.300116,36.734841],[-108.300113,36.734931],[-108.299889,36.734926],[-108.299886,36.735016],[-108.299774,36.735014],[-108.299771,36.735104],[-108.299323,36.735094],[-108.29932,36.735184],[-108.299208,36.735181],[-108.299205,36.735271],[-108.299876,36.735287]]]},"properties":{"class":"invasive_woody","min_prob":0.5}},{"type":"Feature","geometry":{"type":"Polygon","coordinates":[[[-108.240452,36.733652],[-108.240458,36.733472],[-108.240346,36.733469],[-108.24034,36.733649],[-108.240452,36.733652]]]},"properties":{"class":"invasive_woody","min_prob":0.5}},{"type":"Feature","geometry":{"type":"Polygon","coordinates":[[[-108.249521,36.733772],[-108.249524,36.733682],[-108.249412,36.733679],[-108.249409,36.733769],[-108.249521,36.733772]]]},"properties":{"class":"invasive_woody","min_prob":0.5}},{"type":"Feature","geometry":{"type":"Polygon","coordinates":[[[-108.245491,36.733679],[-108.245495,36.733589],[-108.245271,36.733583],[-108.245268,36.733674],[-108.245491,36.733679]]]},"properties":{"class":"invasive_woody","min_prob":0.5}},{"type":"Feature","geometry":{"type":"Polygon","coordinates":[[[-108.243589,36.733635],[-108.243592,36.733545],[-108.24348,36.733542],[-108.243477,36.733632],[-108.243589,36.733635]]]},"properties":{"class":"invasive_woody","min_prob":0.5}},{"type":"Feature","geometry":{"type":"Polygon","coordinates":[[[-108.240902,36.733572],[-108.240906,36.733482],[-108.240682,36.733477],[-108.240679,36.733567],[-108.240902,36.733572]]]},"properties":{"class":"invasive_woody","min_prob":0.5}},{"type":"Feature","geometry":{"type":"Polygon","coordinates":[[[-108.208445,36.732815],[-108.208448,36.732725],[-108.208336,36.732722],[-108.208333,36.732812],[-108.208445,36.732815]]]},"properties":{"class":"invasive_woody","min_prob":0.5}},{"type":"Feature","geometry":{"type":"Polygon","coordinates":[[[-108.245271,36.733583],[-108.245274,36.733493],[-108.245162,36.733491],[-108.245159,36.733581],[-108.245271,36.733583]]]},"properties":{"class":"invasive_woody","min_prob":0.5}},{"type":"Feature","geometry":{"type":"Polygon","coordinates":[[[-108.24348,36.733542],[-108.243483,36.733452],[-108.243259,36.733447],[-108.243256,36.733537],[-108.24348,36.733542]]]},"properties":{"class":"invasive_woody","min_prob":0.5}},{"type":"Feature","geometry":{"type":"Polygon","coordinates":[[[-108.243144,36.733534],[-108.243147,36.733444],[-108.243036,36.733442],[-108.243032,36.733532],[-108.243144,36.733534]]]},"properties":{"class":"invasive_woody","min_prob":0.5}},{"type":"Feature","geometry":{"type":"Polygon","coordinates":[[[-108.237212,36.733397],[-108.237215,36.733306],[-108.237104,36.733304],[-108.2371,36.733394],[-108.237212,36.733397]]]},"properties":{"class":"invasive_woody","min_prob":0.5}},{"type":"Feature","geometry":{"type":"Polygon","coordinates":[[[-108.236314,36.733466],[-108.236317,36.733376],[-108.236429,36.733378],[-108.236435,36.733198],[-108.236211,36.733193],[-108.236202,36.733463],[-108.236314,36.733466]]]},"properties":{"class":"invasive_woody","min_prob":0.5}},{"type":"Feature","geometry":{"type":"Polygon","coordinates":[[[-108.301574,36.734784],[-108.301577,36.734694],[-108.301242,36.734686],[-108.301238,36.734777],[-108.301574,36.734784]]]},"properties":{"class":"invasive_woody","min_prob":0.5}},{"type":"Feature","geometry":{"type":"Polygon","coordinates":[[[-108.241245,36.7334],[-108.241248,36.73331],[-108.241136,36.733307],[-108.241133,36.733397],[-108.241245,36.7334]]]},"properties":{"class":"invasive_woody","min_prob":0.5}},{"type":"Feature","geometry":{"type":"Polygon","coordinates":[[[-108.240014,36.733371],[-108.240017,36.733281],[-108.239905,36.733279],[-108.239902,36.733369],[-108.240014,36.733371]]]},"properties":{"class":"invasive_woody","min_prob":0.5}},{"type":"Feature","geometry":{"type":"Polygon","coordinates":[[[-108.220651,36.73292],[-108.220654,36.73283],[-108.220542,36.732828],[-108.220539,36.732918],[-108.220651,36.73292]]]},"properties":{"class":"invasive_woody","min_prob":0.5}},{"type":"Feature","geometry":{"type":"Polygon","coordinates":[[[-108.210914,36.732693],[-108.210917,36.732602],[-108.210805,36.7326],[-108.210802,36.73269],[-108.210914,36.732693]]]},"properties":{"class":"invasive_woody","min_prob":0.5}},{"type":"Feature","geometry":{"type":"Polygon","coordinates":[[[-108.208228,36.732629],[-108.208231,36.732539],[-108.208119,36.732537],[-108.208116,36.732627],[-108.208228,36.732629]]]},"properties":{"class":"invasive_woody","min_prob":0.5}},{"type":"Feature","geometry":{"type":"Polygon","coordinates":[[[-108.194797,36.732313],[-108.1948,36.732223],[-108.194689,36.732221],[-108.194685,36.732311],[-108.194797,36.732313]]]},"properties":{"class":"invasive_woody","min_prob":0.5}},{"type":"Feature","geometry":{"type":"Polygon","coordinates":[[[-108.239345,36.733266],[-108.239348,36.733176],[-108.239237,36.733173],[-108.239233,36.733263],[-108.239345,36.733266]]]},"properties":{"class":"invasive_woody","min_prob":0.5}},{"type":"Feature","geometry":{"type":"Polygon","coordinates":[[[-108.210022,36.732581],[-108.210025,36.732491],[-108.209913,36.732489],[-108.20991,36.732579],[-108.210022,36.732581]]]},"properties":{"class":"invasive_woody","min_prob":0.5}},{"type":"Feature","geometry":{"type":"Polygon","coordinates":[[[-108.195024,36.732229],[-108.195028,36.732139],[-108.194804,36.732133],[-108.1948,36.732223],[-108.195024,36.732229]]]},"properties":{"class":"invasive_woody","min_prob":0.5}},{"type":"Feature","geometry":{"type":"Polygon","coordinates":[[[-108.22521,36.733838],[-108.225214,36.733748],[-108.225438,36.733754],[-108.225441,36.733663],[-108.225553,36.733666],[-108.225556,36.733576],[-108.225332,36.733571],[-108.225329,36.733661],[-108.225217,36.733658],[-108.22522,36.733568],[-108.225108,36.733566],[-108.225121,36.733205],[-108.225233,36.733208],[-108.22523,36.733298],[-108.225566,36.733306],[-108.225569,36.733216],[-108.225681,36.733218],[-108.225684,36.733128],[-108.22546,36.733123],[-108.225463,36.733033],[-108.225352,36.73303],[-108.225355,36.73294],[-108.225243,36.732938],[-108.225249,36.732757],[-108.225137,36.732755],[-108.225128,36.733025],[-108.225016,36.733022],[-108.225003,36.733383],[-108.224891,36.73338],[-108.224881,36.73365],[-108.224993,36.733653],[-108.22499,36.733743],[-108.225102,36.733746],[-108.225099,36.733836],[-108.22521,36.733838]]]},"properties":{"class":"invasive_woody","min_prob":0.5}},{"type":"Feature","geometry":{"type":"Polygon","coordinates":[[[-108.301692,36.734607],[-108.301696,36.734516],[-108.301584,36.734514],[-108.301581,36.734604],[-108.301692,36.734607]]]},"properties":{"class":"invasive_woody","min_prob":0.5}},{"type":"Feature","geometry":{"type":"Polygon","coordinates":[[[-108.23655,36.733111],[-108.236554,36.733021],[-108.236442,36.733018],[-108.236438,36.733108],[-108.23655,36.733111]]]},"properties":{"class":"invasive_woody","min_prob":0.5}},{"type":"Feature","geometry":{"type":"Polygon","coordinates":[[[-108.195139,36.732141],[-108.195143,36.732051],[-108.195031,36.732048],[-108.195028,36.732139],[-108.195139,36.732141]]]},"properties":{"class":"invasive_woody","min_prob":0.5}},{"type":"Feature","geometry":{"type":"Polygon","coordinates":[[[-108.243259,36.733447],[-108.243272,36.733086],[-108.24316,36.733084],[-108.243147,36.733444],[-108.243259,36.733447]]]},"properties":{"class":"invasive_woody","min_prob":0.5}},{"type":"Feature","geometry":{"type":"Polygon","coordinates":[[[-108.225361,36.73276],[-108.225365,36.73267],[-108.225253,36.732667],[-108.225249,36.732757],[-108.225361,36.73276]]]},"properties":{"class":"invasive_woody","min_prob":0.5}},{"type":"Feature","geometry":{"type":"Polygon","coordinates":[[[-108.198388,36.732128],[-108.198392,36.732038],[-108.19828,36.732035],[-108.198276,36.732125],[-108.198388,36.732128]]]},"properties":{"class":"invasive_woody","min_prob":0.5}},{"type":"Feature","geometry":{"type":"Polygon","coordinates":[[[-108.195255,36.732054],[-108.195258,36.731964],[-108.195146,36.731961],[-108.195143,36.732051],[-108.195255,36.732054]]]},"properties":{"class":"invasive_woody","min_prob":0.5}},{"type":"Feature","geometry":{"type":"Polygon","coordinates":[[[-108.302479,36.734534],[-108.302485,36.734354],[-108.302262,36.734349],[-108.302258,36.734439],[-108.301811,36.734429],[-108.301808,36.734519],[-108.302479,36.734534]]]},"properties":{"class":"invasive_woody","min_prob":0.5}},{"type":"Feature","geometry":{"type":"Polygon","coordinates":[[[-108.249873,36.733329],[-108.249879,36.733149],[-108.249767,36.733147],[-108.249761,36.733327],[-108.249873,36.733329]]]},"properties":{"class":"invasive_woody","min_prob":0.5}},{"type":"Feature","geometry":{"type":"Polygon","coordinates":[[[-108.204992,36.732283],[-108.204998,36.732103],[-108.204886,36.7321],[-108.20488,36.73228],[-108.204992,36.732283]]]},"properties":{"class":"invasive_woody","min_prob":0.5}},{"type":"Feature","geometry":{"type":"Polygon","coordinates":[[[-108.26118,36.7335],[-108.261184,36.73341],[-108.261072,36.733407],[-108.261068,36.733498],[-108.26118,36.7335]]]},"properties":{"class":"invasive_woody","min_prob":0.5}},{"type":"Feature","geometry":{"type":"Polygon","coordinates":[[[-108.244392,36.733112],[-108.244395,36.733022],[-108.244171,36.733017],[-108.244168,36.733107],[-108.244392,36.733112]]]},"properties":{"class":"invasive_woody","min_prob":0.5}},{"type":"Feature","geometry":{"type":"Polygon","coordinates":[[[-108.205443,36.732203],[-108.205446,36.732113],[-108.205334,36.732111],[-108.205331,36.732201],[-108.205443,36.732203]]]},"properties":{"class":"invasive_woody","min_prob":0.5}},{"type":"Feature","geometry":{"type":"Polygon","coordinates":[[[-108.19537,36.731966],[-108.195373,36.731876],[-108.195261,36.731874],[-108.195258,36.731964],[-108.19537,36.731966]]]},"properties":{"class":"invasive_woody","min_prob":0.5}},{"type":"Feature","geometry":{"type":"Polygon","coordinates":[[[-108.249412,36.733679],[-108.249415,36.733589],[-108.249303,36.733587],[-108.24931,36.733406],[-108.249198,36.733404],[-108.249204,36.733224],[-108.249092,36.733221],[-108.249099,36.733041],[-108.248987,36.733038],[-108.248977,36.733309],[-108.249089,36.733311],[-108.249083,36.733491],[-108.249195,36.733494],[-108.249188,36.733674],[-108.249412,36.733679]]]},"properties":{"class":"invasive_woody","min_prob":0.5}},{"type":"Feature","geometry":{"type":"Polygon","coordinates":[[[-108.324424,36.73485],[-108.324428,36.73476],[-108.324316,36.734757],[-108.324312,36.734847],[-108.324424,36.73485]]]},"properties":{"class":"invasive_woody","min_prob":0.5}},{"type":"Feature","geometry":{"type":"Polygon","coordinates":[[[-108.261295,36.733413],[-108.261299,36.733323],[-108.261187,36.73332],[-108.261184,36.73341],[-108.261295,36.733413]]]},"properties":{"class":"invasive_woody","min_prob":0.5}},{"type":"Feature","geometry":{"type":"Polygon","coordinates":[[[-108.303496,36.734287],[-108.303499,36.734197],[-108.303387,36.734194],[-108.303384,36.734284],[-108.303496,36.734287]]]},"properties":{"class":"invasive_woody","min_prob":0.5}},{"type":"Feature","geometry":{"type":"Polygon","coordinates":[[[-108.249994,36.733062],[-108.249997,36.732972],[-108.249885,36.732969],[-108.249882,36.733059],[-108.249994,36.733062]]]},"properties":{"class":"invasive_woody","min_prob":0.5}},{"type":"Feature","geometry":{"type":"Polygon","coordinates":[[[-108.240369,36.732839],[-108.240372,36.732749],[-108.24026,36.732746],[-108.240257,36.732836],[-108.240369,36.732839]]]},"properties":{"class":"invasive_woody","min_prob":0.5}},{"type":"Feature","geometry":{"type":"Polygon","coordinates":[[[-108.192467,36.731717],[-108.19247,36.731627],[-108.192358,36.731625],[-108.192355,36.731715],[-108.192467,36.731717]]]},"properties":{"class":"invasive_woody","min_prob":0.5}},{"type":"Feature","geometry":{"type":"Polygon","coordinates":[[[-108.282005,36.733798],[-108.282012,36.733617],[-108.2819,36.733615],[-108.281893,36.733795],[-108.282005,36.733798]]]},"properties":{"class":"invasive_woody","min_prob":0.5}},{"type":"Feature","geometry":{"type":"Polygon","coordinates":[[[-108.294992,36.734003],[-108.294996,36.733913],[-108.294884,36.733911],[-108.29488,36.734001],[-108.294992,36.734003]]]},"properties":{"class":"invasive_woody","min_prob":0.5}},{"type":"Feature","geometry":{"type":"Polygon","coordinates":[[[-108.250109,36.732974],[-108.250113,36.732884],[-108.250001,36.732881],[-108.249997,36.732972],[-108.250109,36.732974]]]},"properties":{"class":"invasive_woody","min_prob":0.5}},{"type":"Feature","geometry":{"type":"Polygon","coordinates":[[[-108.24899,36.732948],[-108.248993,36.732858],[-108.248881,36.732856],[-108.248878,36.732946],[-108.24899,36.732948]]]},"properties":{"class":"invasive_woody","min_prob":0.5}},{"type":"Feature","geometry":{"type":"Polygon","coordinates":[[[-108.24317,36.732814],[-108.243176,36.732633],[-108.242953,36.732628],[-108.242949,36.732718],[-108.243061,36.732721],[-108.243058,36.732811],[-108.24317,36.732814]]]},"properties":{"class":"invasive_woody","min_prob":0.5}},{"type":"Feature","geometry":{"type":"Polygon","coordinates":[[[-108.195597,36.731882],[-108.1956,36.731791],[-108.195824,36.731797],[-108.195827,36.731707],[-108.195939,36.731709],[-108.195946,36.731529],[-108.195722,36.731524],[-108.195719,36.731614],[-108.195607,36.731611],[-108.195604,36.731701],[-108.195492,36.731699],[-108.195488,36.731789],[-108.195376,36.731786],[-108.195373,36.731876],[-108.195597,36.731882]]]},"properties":{"class":"invasive_woody","min_prob":0.5}},{"type":"Feature","geometry":{"type":"Polygon","coordinates":[[[-108.328799,36.734677],[-108.328802,36.734587],[-108.327907,36.734567],[-108.327904,36.734657],[-108.328799,36.734677]]]},"properties":{"class":"invasive_woody","min_prob":0.5}},{"type":"Feature","geometry":{"type":"Polygon","coordinates":[[[-108.243733,36.732736],[-108.243736,36.732646],[-108.243624,36.732644],[-108.243621,36.732734],[-108.243733,36.732736]]]},"properties":{"class":"invasive_woody","min_prob":0.5}},{"type":"Feature","geometry":{"type":"Polygon","coordinates":[[[-108.197733,36.731661],[-108.197737,36.731571],[-108.197625,36.731569],[-108.197621,36.731659],[-108.197733,36.731661]]]},"properties":{"class":"invasive_woody","min_prob":0.5}},{"type":"Feature","geometry":{"type":"Polygon","coordinates":[[[-108.236794,36.732575],[-108.236797,36.732485],[-108.236685,36.732483],[-108.236688,36.732393],[-108.236464,36.732387],[-108.236458,36.732568],[-108.236794,36.732575]]]},"properties":{"class":"invasive_woody","min_prob":0.5}},{"type":"Feature","geometry":{"type":"Polygon","coordinates":[[[-108.232429,36.732474],[-108.232432,36.732384],[-108.23232,36.732381],[-108.232323,36.732291],[-108.232211,36.732288],[-108.232205,36.732469],[-108.232429,36.732474]]]},"properties":{"class":"invasive_woody","min_prob":0.5}},{"type":"Feature","geometry":{"type":"Polygon","coordinates":[[[-108.248885,36.732766],[-108.248888,36.732675],[-108.248776,36.732673],[-108.248773,36.732763],[-108.248885,36.732766]]]},"properties":{"class":"invasive_woody","min_prob":0.5}},{"type":"Feature","geometry":{"type":"Polygon","coordinates":[[[-108.248437,36.732755],[-108.24844,36.732665],[-108.248328,36.732662],[-108.248325,36.732753],[-108.248437,36.732755]]]},"properties":{"class":"invasive_woody","min_prob":0.5}},{"type":"Feature","geometry":{"type":"Polygon","coordinates":[[[-108.2434,36.732639],[-108.243404,36.732548],[-108.243292,36.732546],[-108.243288,36.732636],[-108.2434,36.732639]]]},"properties":{"class":"invasive_woody","min_prob":0.5}},{"type":"Feature","geometry":{"type":"Polygon","coordinates":[[[-108.242953,36.732628],[-108.242956,36.732538],[-108.242732,36.732533],[-108.242729,36.732623],[-108.242953,36.732628]]]},"properties":{"class":"invasive_woody","min_prob":0.5}},{"type":"Feature","geometry":{"type":"Polygon","coordinates":[[[-108.211279,36.73189],[-108.211282,36.7318],[-108.21117,36.731797],[-108.211167,36.731887],[-108.211279,36.73189]]]},"properties":{"class":"invasive_woody","min_prob":0.5}},{"type":"Feature","geometry":{"type":"Polygon","coordinates":[[[-108.242054,36.732697],[-108.242057,36.732607],[-108.242281,36.732613],[-108.242284,36.732522],[-108.241837,36.732512],[-108.24184,36.732422],[-108.241504,36.732414],[-108.241498,36.732594],[-108.241945,36.732605],[-108.241942,36.732695],[-108.242054,36.732697]]]},"properties":{"class":"invasive_woody","min_prob":0.5}},{"type":"Feature","geometry":{"type":"Polygon","coordinates":[[[-108.328805,36.734497],[-108.328809,36.734407],[-108.328697,36.734405],[-108.328694,36.734495],[-108.328805,36.734497]]]},"properties":{"class":"invasive_woody","min_prob":0.5}},{"type":"Feature","geometry":{"type":"Polygon","coordinates":[[[-108.232211,36.732288],[-108.232214,36.732198],[-108.232103,36.732196],[-108.232099,36.732286],[-108.232211,36.732288]]]},"properties":{"class":"invasive_woody","min_prob":0.5}},{"type":"Feature","geometry":{"type":"Polygon","coordinates":[[[-108.215535,36.731899],[-108.215538,36.731809],[-108.215314,36.731804],[-108.215311,36.731894],[-108.215535,36.731899]]]},"properties":{"class":"invasive_woody","min_prob":0.5}},{"type":"Feature","geometry":{"type":"Polygon","coordinates":[[[-108.21117,36.731797],[-108.211173,36.731707],[-108.211061,36.731704],[-108.211058,36.731794],[-108.21117,36.731797]]]},"properties":{"class":"invasive_woody","min_prob":0.5}},{"type":"Feature","geometry":{"type":"Polygon","coordinates":[[[-108.192927,36.731368],[-108.192931,36.731278],[-108.192819,36.731275],[-108.192815,36.731365],[-108.192927,36.731368]]]},"properties":{"class":"invasive_woody","min_prob":0.5}},{"type":"Feature","geometry":{"type":"Polygon","coordinates":[[[-108.327795,36.734565],[-108.327801,36.734385],[-108.327577,36.73438],[-108.32758,36.734289],[-108.327133,36.734279],[-108.32713,36.734369],[-108.327465,36.734377],[-108.327462,36.734467],[-108.327574,36.73447],[-108.327571,36.73456],[-108.327795,36.734565]]]},"properties":{"class":"invasive_woody","min_prob":0.5}},{"type":"Feature","geometry":{"type":"Polygon","coordinates":[[[-108.261762,36.732882],[-108.261766,36.732792],[-108.261654,36.73279],[-108.26165,36.73288],[-108.261762,36.732882]]]},"properties":{"class":"invasive_woody","min_prob":0.5}},{"type":"Feature","geometry":{"type":"Polygon","coordinates":[[[-108.232103,36.732196],[-108.232106,36.732106],[-108.231994,36.732103],[-108.231991,36.732193],[-108.232103,36.732196]]]},"properties":{"class":"invasive_woody","min_prob":0.5}},{"type":"Feature","geometry":{"type":"Polygon","coordinates":[[[-108.22964,36.732138],[-108.229643,36.732048],[-108.22942,36.732043],[-108.229416,36.732133],[-108.22964,36.732138]]]},"properties":{"class":"invasive_woody","min_prob":0.5}},{"type":"Feature","geometry":{"type":"Polygon","coordinates":[[[-108.204234,36.731544],[-108.204238,36.731454],[-108.204126,36.731451],[-108.204122,36.731541],[-108.204234,36.731544]]]},"properties":{"class":"invasive_woody","min_prob":0.5}},{"type":"Feature","geometry":{"type":"Polygon","coordinates":[[[-108.196058,36.731532],[-108.196061,36.731442],[-108.196173,36.731444],[-108.196176,36.731354],[-108.196288,36.731357],[-108.196291,36.731267],[-108.196068,36.731261],[-108.196064,36.731352],[-108.195952,36.731349],[-108.195946,36.731529],[-108.196058,36.731532]]]},"properties":{"class":"invasive_woody","min_prob":0.5}},{"type":"Feature","geometry":{"type":"Polygon","coordinates":[[[-108.195501,36.731428],[-108.195505,36.731338],[-108.195617,36.731341],[-108.19562,36.731251],[-108.195396,36.731246],[-108.19539,36.731426],[-108.195501,36.731428]]]},"properties":{"class":"invasive_woody","min_prob":0.5}},{"type":"Feature","geometry":{"type":"Polygon","coordinates":[[[-108.193714,36.731296],[-108.193717,36.731206],[-108.193494,36.731201],[-108.19349,36.731291],[-108.193714,36.731296]]]},"properties":{"class":"invasive_woody","min_prob":0.5}},{"type":"Feature","geometry":{"type":"Polygon","coordinates":[[[-108.193043,36.73128],[-108.193046,36.73119],[-108.192934,36.731188],[-108.192931,36.731278],[-108.193043,36.73128]]]},"properties":{"class":"invasive_woody","min_prob":0.5}},{"type":"Feature","geometry":{"type":"Polygon","coordinates":[[[-108.210463,36.732772],[-108.210466,36.732682],[-108.21069,36.732687],[-108.210696,36.732507],[-108.210584,36.732504],[-108.210591,36.732324],[-108.210479,36.732322],[-108.210492,36.731961],[-108.210604,36.731964],[-108.210614,36.731694],[-108.21039,36.731688],[-108.210396,36.731508],[-108.210285,36.731506],[-108.210278,36.731686],[-108.210054,36.731681],[-108.210051,36.731771],[-108.210163,36.731773],[-108.210147,36.732224],[-108.210258,36.732226],[-108.210252,36.732407],[-108.210028,36.732401],[-108.210025,36.732491],[-108.210249,36.732497],[-108.210245,36.732587],[-108.210022,36.732581],[-108.210018,36.732672],[-108.210354,36.732679],[-108.210351,36.732769],[-108.210463,36.732772]]]},"properties":{"class":"invasive_woody","min_prob":0.5}},{"type":"Feature","geometry":{"type":"Polygon","coordinates":[[[-108.302821,36.734362],[-108.302824,36.734272],[-108.303272,36.734282],[-108.303275,36.734192],[-108.303387,36.734194],[-108.30339,36.734104],[-108.303614,36.734109],[-108.303617,36.734019],[-108.304065,36.734029],[-108.304071,36.733849],[-108.30396,36.733846],[-108.303963,36.733756],[-108.303739,36.733751],[-108.303742,36.733661],[-108.30363,36.733659],[-108.303624,36.733839],[-108.3034,36.733834],[-108.303397,36.733924],[-108.303285,36.733921],[-108.303278,36.734102],[-108.302943,36.734094],[-108.30294,36.734184],[-108.302604,36.734176],[-108.302601,36.734266],[-108.302712,36.734269],[-108.302709,36.734359],[-108.302821,36.734362]]]},"properties":{"class":"invasive_woody","min_prob":0.5}},{"type":"Feature","geometry":{"type":"Polygon","coordinates":[[[-108.328697,36.734405],[-108.3287,36.734315],[-108.328476,36.73431],[-108.328479,36.734219],[-108.328367,36.734217],[-108.328361,36.734397],[-108.328697,36.734405]]]},"properties":{"class":"invasive_woody","min_prob":0.5}},{"type":"Feature","geometry":{"type":"Polygon","coordinates":[[[-108.295005,36.733643],[-108.295008,36.733553],[-108.294896,36.73355],[-108.294899,36.73346],[-108.294788,36.733458],[-108.294781,36.733638],[-108.295005,36.733643]]]},"properties":{"class":"invasive_woody","min_prob":0.5}},{"type":"Feature","geometry":{"type":"Polygon","coordinates":[[[-108.214195,36.731778],[-108.214202,36.731597],[-108.21409,36.731595],[-108.214087,36.731685],[-108.213975,36.731682],[-108.213971,36.731772],[-108.214195,36.731778]]]},"properties":{"class":"invasive_woody","min_prob":0.5}},{"type":"Feature","geometry":{"type":"Polygon","coordinates":[[[-108.211061,36.731704],[-108.211068,36.731524],[-108.210844,36.731519],[-108.210838,36.731699],[-108.211061,36.731704]]]},"properties":{"class":"invasive_woody","min_prob":0.5}},{"type":"Feature","geometry":{"type":"Polygon","coordinates":[[[-108.304522,36.733769],[-108.304525,36.733679],[-108.304302,36.733674],[-108.304298,36.733764],[-108.304522,36.733769]]]},"properties":{"class":"invasive_woody","min_prob":0.5}},{"type":"Feature","geometry":{"type":"Polygon","coordinates":[[[-108.291426,36.733472],[-108.29143,36.733381],[-108.291318,36.733379],[-108.291315,36.733469],[-108.291426,36.733472]]]},"properties":{"class":"invasive_woody","min_prob":0.5}},{"type":"Feature","geometry":{"type":"Polygon","coordinates":[[[-108.247327,36.732459],[-108.247331,36.732369],[-108.247219,36.732366],[-108.247215,36.732456],[-108.247327,36.732459]]]},"properties":{"class":"invasive_woody","min_prob":0.5}},{"type":"Feature","geometry":{"type":"Polygon","coordinates":[[[-108.238933,36.732264],[-108.238936,36.732174],[-108.238041,36.732154],[-108.238038,36.732244],[-108.238933,36.732264]]]},"properties":{"class":"invasive_woody","min_prob":0.5}},{"type":"Feature","geometry":{"type":"Polygon","coordinates":[[[-108.20435,36.731456],[-108.204353,36.731366],[-108.204241,36.731364],[-108.204238,36.731454],[-108.20435,36.731456]]]},"properties":{"class":"invasive_woody","min_prob":0.5}},{"type":"Feature","geometry":{"type":"Polygon","coordinates":[[[-108.203902,36.731446],[-108.203905,36.731356],[-108.203793,36.731353],[-108.20379,36.731443],[-108.203902,36.731446]]]},"properties":{"class":"invasive_woody","min_prob":0.5}},{"type":"Feature","geometry":{"type":"Polygon","coordinates":[[[-108.201999,36.731401],[-108.202003,36.731311],[-108.201667,36.731303],[-108.201664,36.731393],[-108.201999,36.731401]]]},"properties":{"class":"invasive_woody","min_prob":0.5}},{"type":"Feature","geometry":{"type":"Polygon","coordinates":[[[-108.193158,36.731193],[-108.193161,36.731103],[-108.193049,36.7311],[-108.193046,36.73119],[-108.193158,36.731193]]]},"properties":{"class":"invasive_woody","min_prob":0.5}},{"type":"Feature","geometry":{"type":"Polygon","coordinates":[[[-108.208701,36.731919],[-108.208705,36.731829],[-108.208817,36.731832],[-108.208823,36.731652],[-108.208711,36.731649],[-108.208714,36.731559],[-108.208602,36.731556],[-108.208609,36.731376],[-108.208497,36.731374],[-108.208494,36.731464],[-108.208382,36.731461],[-108.208385,36.731371],[-108.208273,36.731368],[-108.208263,36.731639],[-108.208487,36.731644],[-108.208481,36.731824],[-108.208593,36.731827],[-108.208589,36.731917],[-108.208701,36.731919]]]},"properties":{"class":"invasive_woody","min_prob":0.5}},{"type":"Feature","geometry":{"type":"Polygon","coordinates":[[[-108.245757,36.732513],[-108.24576,36.732423],[-108.245872,36.732425],[-108.245879,36.732245],[-108.245655,36.73224],[-108.245652,36.73233],[-108.24554,36.732327],[-108.245543,36.732237],[-108.245319,36.732232],[-108.245313,36.732412],[-108.245648,36.73242],[-108.245645,36.73251],[-108.245757,36.732513]]]},"properties":{"class":"invasive_woody","min_prob":0.5}},{"type":"Feature","geometry":{"type":"Polygon","coordinates":[[[-108.247107,36.732364],[-108.24711,36.732274],[-108.246998,36.732271],[-108.246995,36.732361],[-108.247107,36.732364]]]},"properties":{"class":"invasive_woody","min_prob":0.5}},{"type":"Feature","geometry":{"type":"Polygon","coordinates":[[[-108.202226,36.731316],[-108.20223,36.731226],[-108.202118,36.731224],[-108.202114,36.731314],[-108.202226,36.731316]]]},"properties":{"class":"invasive_woody","min_prob":0.5}},{"type":"Feature","geometry":{"type":"Polygon","coordinates":[[[-108.19775,36.731211],[-108.197753,36.731121],[-108.197641,36.731118],[-108.197638,36.731208],[-108.19775,36.731211]]]},"properties":{"class":"invasive_woody","min_prob":0.5}},{"type":"Feature","geometry":{"type":"Polygon","coordinates":[[[-108.194392,36.731132],[-108.194395,36.731042],[-108.194284,36.731039],[-108.19428,36.731129],[-108.194392,36.731132]]]},"properties":{"class":"invasive_woody","min_prob":0.5}},{"type":"Feature","geometry":{"type":"Polygon","coordinates":[[[-108.19249,36.731087],[-108.192493,36.730997],[-108.192381,36.730994],[-108.192378,36.731084],[-108.19249,36.731087]]]},"properties":{"class":"invasive_woody","min_prob":0.5}},{"type":"Feature","geometry":{"type":"Polygon","coordinates":[[[-108.210844,36.731519],[-108.210851,36.731339],[-108.210739,36.731336],[-108.210732,36.731516],[-108.210844,36.731519]]]},"properties":{"class":"invasive_woody","min_prob":0.5}},{"type":"Feature","geometry":{"type":"Polygon","coordinates":[[[-108.193273,36.731105],[-108.19328,36.730925],[-108.193168,36.730923],[-108.193161,36.731103],[-108.193273,36.731105]]]},"properties":{"class":"invasive_woody","min_prob":0.5}},{"type":"Feature","geometry":{"type":"Polygon","coordinates":[[[-108.211071,36.731434],[-108.211074,36.731344],[-108.210963,36.731341],[-108.210959,36.731431],[-108.211071,36.731434]]]},"properties":{"class":"invasive_woody","min_prob":0.5}},{"type":"Feature","geometry":{"type":"Polygon","coordinates":[[[-108.210064,36.73141],[-108.210067,36.73132],[-108.209955,36.731318],[-108.209952,36.731408],[-108.210064,36.73141]]]},"properties":{"class":"invasive_woody","min_prob":0.5}},{"type":"Feature","geometry":{"type":"Polygon","coordinates":[[[-108.207266,36.731345],[-108.207269,36.731255],[-108.207157,36.731252],[-108.207154,36.731342],[-108.207266,36.731345]]]},"properties":{"class":"invasive_woody","min_prob":0.5}},{"type":"Feature","geometry":{"type":"Polygon","coordinates":[[[-108.197529,36.731116],[-108.197532,36.731026],[-108.19742,36.731023],[-108.197417,36.731113],[-108.197529,36.731116]]]},"properties":{"class":"invasive_woody","min_prob":0.5}},{"type":"Feature","geometry":{"type":"Polygon","coordinates":[[[-108.192605,36.730999],[-108.192608,36.730909],[-108.192496,36.730907],[-108.192493,36.730997],[-108.192605,36.730999]]]},"properties":{"class":"invasive_woody","min_prob":0.5}},{"type":"Feature","geometry":{"type":"Polygon","coordinates":[[[-108.215545,36.731629],[-108.215554,36.731359],[-108.215219,36.731351],[-108.215215,36.731441],[-108.215104,36.731438],[-108.2151,36.731528],[-108.215436,36.731536],[-108.215433,36.731626],[-108.215545,36.731629]]]},"properties":{"class":"invasive_woody","min_prob":0.5}},{"type":"Feature","geometry":{"type":"Polygon","coordinates":[[[-108.249125,36.73232],[-108.249131,36.73214],[-108.249019,36.732137],[-108.249016,36.732228],[-108.248904,36.732225],[-108.248901,36.732315],[-108.249125,36.73232]]]},"properties":{"class":"invasive_woody","min_prob":0.5}},{"type":"Feature","geometry":{"type":"Polygon","coordinates":[[[-108.193721,36.731116],[-108.193724,36.731026],[-108.193836,36.731029],[-108.193839,36.730938],[-108.193727,36.730936],[-108.19373,36.730846],[-108.193395,36.730838],[-108.193391,36.730928],[-108.193503,36.730931],[-108.193497,36.731111],[-108.193721,36.731116]]]},"properties":{"class":"invasive_woody","min_prob":0.5}},{"type":"Feature","geometry":{"type":"Polygon","coordinates":[[[-108.327478,36.734017],[-108.327481,36.733927],[-108.327257,36.733921],[-108.327254,36.734012],[-108.327478,36.734017]]]},"properties":{"class":"invasive_woody","min_prob":0.5}},{"type":"Feature","geometry":{"type":"Polygon","coordinates":[[[-108.305875,36.733529],[-108.305878,36.733439],[-108.305766,36.733437],[-108.305763,36.733527],[-108.305875,36.733529]]]},"properties":{"class":"invasive_woody","min_prob":0.5}},{"type":"Feature","geometry":{"type":"Polygon","coordinates":[[[-108.305651,36.733524],[-108.305654,36.733434],[-108.305542,36.733432],[-108.305539,36.733522],[-108.305651,36.733524]]]},"properties":{"class":"invasive_woody","min_prob":0.5}},{"type":"Feature","geometry":{"type":"Polygon","coordinates":[[[-108.279683,36.732933],[-108.279687,36.732843],[-108.279463,36.732838],[-108.27946,36.732928],[-108.279683,36.732933]]]},"properties":{"class":"invasive_woody","min_prob":0.5}},{"type":"Feature","geometry":{"type":"Polygon","coordinates":[[[-108.279348,36.732925],[-108.279351,36.732835],[-108.279239,36.732833],[-108.279236,36.732923],[-108.279348,36.732925]]]},"properties":{"class":"invasive_woody","min_prob":0.5}},{"type":"Feature","geometry":{"type":"Polygon","coordinates":[[[-108.237152,36.731953],[-108.237155,36.731862],[-108.237043,36.73186],[-108.23704,36.73195],[-108.237152,36.731953]]]},"properties":{"class":"invasive_woody","min_prob":0.5}},{"type":"Feature","geometry":{"type":"Polygon","coordinates":[[[-108.235585,36.731916],[-108.235588,36.731826],[-108.235476,36.731823],[-108.235473,36.731914],[-108.235585,36.731916]]]},"properties":{"class":"invasive_woody","min_prob":0.5}},{"type":"Feature","geometry":{"type":"Polygon","coordinates":[[[-108.235361,36.731911],[-108.235364,36.731821],[-108.235141,36.731816],[-108.235137,36.731906],[-108.235361,36.731911]]]},"properties":{"class":"invasive_woody","min_prob":0.5}},{"type":"Feature","geometry":{"type":"Polygon","coordinates":[[[-108.194399,36.730952],[-108.194402,36.730862],[-108.19429,36.730859],[-108.194287,36.730949],[-108.194399,36.730952]]]},"properties":{"class":"invasive_woody","min_prob":0.5}},{"type":"Feature","geometry":{"type":"Polygon","coordinates":[[[-108.192496,36.730907],[-108.192499,36.730817],[-108.192387,36.730814],[-108.192384,36.730904],[-108.192496,36.730907]]]},"properties":{"class":"invasive_woody","min_prob":0.5}},{"type":"Feature","geometry":{"type":"Polygon","coordinates":[[[-108.246998,36.732271],[-108.247001,36.732181],[-108.246889,36.732178],[-108.246892,36.732088],[-108.246781,36.732086],[-108.246777,36.732176],[-108.246553,36.732171],[-108.246557,36.732081],[-108.246445,36.732078],[-108.246448,36.731988],[-108.246336,36.731985],[-108.246333,36.732075],[-108.245997,36.732068],[-108.245994,36.732158],[-108.24633,36.732165],[-108.246326,36.732255],[-108.246998,36.732271]]]},"properties":{"class":"invasive_woody","min_prob":0.5}},{"type":"Feature","geometry":{"type":"Polygon","coordinates":[[[-108.249355,36.732145],[-108.249358,36.732055],[-108.249134,36.73205],[-108.249131,36.73214],[-108.249355,36.732145]]]},"properties":{"class":"invasive_woody","min_prob":0.5}},{"type":"Feature","geometry":{"type":"Polygon","coordinates":[[[-108.247116,36.732093],[-108.24712,36.732003],[-108.246896,36.731998],[-108.246892,36.732088],[-108.247116,36.732093]]]},"properties":{"class":"invasive_woody","min_prob":0.5}},{"type":"Feature","geometry":{"type":"Polygon","coordinates":[[[-108.230104,36.731698],[-108.230107,36.731608],[-108.229995,36.731606],[-108.229992,36.731696],[-108.230104,36.731698]]]},"properties":{"class":"invasive_woody","min_prob":0.5}},{"type":"Feature","geometry":{"type":"Polygon","coordinates":[[[-108.220808,36.731662],[-108.220811,36.731572],[-108.220923,36.731574],[-108.220927,36.731484],[-108.221039,36.731487],[-108.221042,36.731397],[-108.220706,36.731389],[-108.220696,36.731659],[-108.220808,36.731662]]]},"properties":{"class":"invasive_woody","min_prob":0.5}},{"type":"Feature","geometry":{"type":"Polygon","coordinates":[[[-108.207161,36.731162],[-108.207164,36.731072],[-108.207052,36.731069],[-108.207049,36.731159],[-108.207161,36.731162]]]},"properties":{"class":"invasive_woody","min_prob":0.5}},{"type":"Feature","geometry":{"type":"Polygon","coordinates":[[[-108.192835,36.730825],[-108.192838,36.730734],[-108.192727,36.730732],[-108.192723,36.730822],[-108.192835,36.730825]]]},"properties":{"class":"invasive_woody","min_prob":0.5}},{"type":"Feature","geometry":{"type":"Polygon","coordinates":[[[-108.237475,36.732321],[-108.237478,36.732231],[-108.237702,36.732236],[-108.237705,36.732146],[-108.237481,36.732141],[-108.237485,36.73205],[-108.237037,36.73204],[-108.23704,36.73195],[-108.236257,36.731932],[-108.23626,36.731842],[-108.236148,36.731839],[-108.236154,36.731659],[-108.236042,36.731656],[-108.236039,36.731746],[-108.235592,36.731736],[-108.235588,36.731826],[-108.2357,36.731829],[-108.235697,36.731919],[-108.235921,36.731924],[-108.235924,36.731834],[-108.236036,36.731836],[-108.236023,36.732197],[-108.236135,36.732199],[-108.236141,36.732019],[-108.236813,36.732035],[-108.23681,36.732125],[-108.236922,36.732128],[-108.236918,36.732218],[-108.237254,36.732225],[-108.237251,36.732315],[-108.237475,36.732321]]]},"properties":{"class":"invasive_woody","min_prob":0.5}},{"type":"Feature","geometry":{"type":"Polygon","coordinates":[[[-108.197865,36.731124],[-108.197878,36.730763],[-108.197766,36.730761],[-108.197753,36.731121],[-108.197865,36.731124]]]},"properties":{"class":"invasive_woody","min_prob":0.5}},{"type":"Feature","geometry":{"type":"Polygon","coordinates":[[[-108.233913,36.731697],[-108.233916,36.731607],[-108.233804,36.731604],[-108.233801,36.731694],[-108.233913,36.731697]]]},"properties":{"class":"invasive_woody","min_prob":0.5}},{"type":"Feature","geometry":{"type":"Polygon","coordinates":[[[-108.232234,36.731658],[-108.232237,36.731568],[-108.231901,36.73156],[-108.231898,36.73165],[-108.232234,36.731658]]]},"properties":{"class":"invasive_woody","min_prob":0.5}},{"type":"Feature","geometry":{"type":"Polygon","coordinates":[[[-108.196532,36.730822],[-108.196535,36.730732],[-108.196423,36.730729],[-108.19642,36.730819],[-108.196532,36.730822]]]},"properties":{"class":"invasive_woody","min_prob":0.5}},{"type":"Feature","geometry":{"type":"Polygon","coordinates":[[[-108.192727,36.730732],[-108.19273,36.730642],[-108.192618,36.730639],[-108.192615,36.730729],[-108.192727,36.730732]]]},"properties":{"class":"invasive_woody","min_prob":0.5}},{"type":"Feature","geometry":{"type":"Polygon","coordinates":[[[-108.229867,36.732054],[-108.229874,36.731873],[-108.230322,36.731884],[-108.230325,36.731794],[-108.230884,36.731807],[-108.230888,36.731717],[-108.231111,36.731722],[-108.231115,36.731632],[-108.230779,36.731624],[-108.230785,36.731444],[-108.230673,36.731441],[-108.230667,36.731621],[-108.230443,36.731616],[-108.23044,36.731706],[-108.230104,36.731698],[-108.230101,36.731789],[-108.229765,36.731781],[-108.229759,36.731961],[-108.229647,36.731958],[-108.229643,36.732048],[-108.229867,36.732054]]]},"properties":{"class":"invasive_woody","min_prob":0.5}},{"type":"Feature","geometry":{"type":"Polygon","coordinates":[[[-108.305996,36.733261],[-108.305999,36.733171],[-108.305888,36.733169],[-108.305884,36.733259],[-108.305996,36.733261]]]},"properties":{"class":"invasive_woody","min_prob":0.5}},{"type":"Feature","geometry":{"type":"Polygon","coordinates":[[[-108.280029,36.73267],[-108.280032,36.73258],[-108.27992,36.732578],[-108.279917,36.732668],[-108.280029,36.73267]]]},"properties":{"class":"invasive_woody","min_prob":0.5}},{"type":"Feature","geometry":{"type":"Polygon","coordinates":[[[-108.235707,36.731648],[-108.23571,36.731558],[-108.235598,36.731556],[-108.235595,36.731646],[-108.235707,36.731648]]]},"properties":{"class":"invasive_woody","min_prob":0.5}},{"type":"Feature","geometry":{"type":"Polygon","coordinates":[[[-108.196647,36.730734],[-108.19665,36.730644],[-108.196538,36.730641],[-108.196535,36.730732],[-108.196647,36.730734]]]},"properties":{"class":"invasive_woody","min_prob":0.5}},{"type":"Feature","geometry":{"type":"Polygon","coordinates":[[[-108.326362,36.733901],[-108.326365,36.733811],[-108.326813,36.733821],[-108.326816,36.733731],[-108.326032,36.733714],[-108.326038,36.733533],[-108.325926,36.733531],[-108.325923,36.733621],[-108.324916,36.733598],[-108.324913,36.733688],[-108.325361,36.733699],[-108.325357,36.733789],[-108.326029,36.733804],[-108.326026,36.733894],[-108.326362,36.733901]]]},"properties":{"class":"invasive_woody","min_prob":0.5}},{"type":"Feature","geometry":{"type":"Polygon","coordinates":[[[-108.208619,36.731106],[-108.208625,36.730926],[-108.208513,36.730923],[-108.208517,36.730833],[-108.208405,36.73083],[-108.208401,36.730921],[-108.20829,36.730918],[-108.208286,36.731008],[-108.208398,36.731011],[-108.208395,36.731101],[-108.208619,36.731106]]]},"properties":{"class":"invasive_woody","min_prob":0.5}},{"type":"Feature","geometry":{"type":"Polygon","coordinates":[[[-108.306553,36.733364],[-108.306556,36.733274],[-108.306892,36.733282],[-108.306895,36.733192],[-108.306783,36.733189],[-108.306786,36.733099],[-108.30645,36.733091],[-108.306447,36.733182],[-108.306223,36.733176],[-108.30622,36.733267],[-108.306332,36.733269],[-108.306329,36.733359],[-108.306553,36.733364]]]},"properties":{"class":"invasive_woody","min_prob":0.5}},{"type":"Feature","geometry":{"type":"Polygon","coordinates":[[[-108.194632,36.730687],[-108.194639,36.730507],[-108.194415,36.730501],[-108.194412,36.730591],[-108.194524,36.730594],[-108.19452,36.730684],[-108.194632,36.730687]]]},"properties":{"class":"invasive_woody","min_prob":0.5}},{"type":"Feature","geometry":{"type":"Polygon","coordinates":[[[-108.302194,36.733085],[-108.302197,36.732995],[-108.302085,36.732992],[-108.302082,36.733083],[-108.302194,36.733085]]]},"properties":{"class":"invasive_woody","min_prob":0.5}},{"type":"Feature","geometry":{"type":"Polygon","coordinates":[[[-108.230897,36.731446],[-108.230901,36.731356],[-108.230789,36.731354],[-108.230785,36.731444],[-108.230897,36.731446]]]},"properties":{"class":"invasive_woody","min_prob":0.5}},{"type":"Feature","geometry":{"type":"Polygon","coordinates":[[[-108.225973,36.731332],[-108.225976,36.731242],[-108.225752,36.731236],[-108.225749,36.731326],[-108.225973,36.731332]]]},"properties":{"class":"invasive_woody","min_prob":0.5}},{"type":"Feature","geometry":{"type":"Polygon","coordinates":[[[-108.210416,36.730968],[-108.210419,36.730878],[-108.210307,36.730875],[-108.210304,36.730965],[-108.210416,36.730968]]]},"properties":{"class":"invasive_woody","min_prob":0.5}},{"type":"Feature","geometry":{"type":"Polygon","coordinates":[[[-108.207842,36.730907],[-108.207845,36.730817],[-108.207733,36.730815],[-108.20773,36.730905],[-108.207842,36.730907]]]},"properties":{"class":"invasive_woody","min_prob":0.5}},{"type":"Feature","geometry":{"type":"Polygon","coordinates":[[[-108.229429,36.731773],[-108.229442,36.731413],[-108.229554,36.731415],[-108.229557,36.731325],[-108.229669,36.731328],[-108.229666,36.731418],[-108.22989,36.731423],[-108.229887,36.731513],[-108.229999,36.731516],[-108.230005,36.731335],[-108.229781,36.73133],[-108.229785,36.73124],[-108.229449,36.731232],[-108.229446,36.731322],[-108.229334,36.73132],[-108.229327,36.7315],[-108.229215,36.731497],[-108.229209,36.731678],[-108.229321,36.73168],[-108.229317,36.73177],[-108.229429,36.731773]]]},"properties":{"class":"invasive_woody","min_prob":0.5}},{"type":"Feature","geometry":{"type":"Polygon","coordinates":[[[-108.249029,36.731867],[-108.249035,36.731687],[-108.248923,36.731684],[-108.248917,36.731865],[-108.249029,36.731867]]]},"properties":{"class":"invasive_woody","min_prob":0.5}},{"type":"Feature","geometry":{"type":"Polygon","coordinates":[[[-108.197993,36.730676],[-108.198,36.730496],[-108.197888,36.730493],[-108.197881,36.730673],[-108.197993,36.730676]]]},"properties":{"class":"invasive_woody","min_prob":0.5}},{"type":"Feature","geometry":{"type":"Polygon","coordinates":[[[-108.262575,36.73209],[-108.262578,36.732],[-108.262354,36.731994],[-108.262351,36.732084],[-108.262575,36.73209]]]},"properties":{"class":"invasive_woody","min_prob":0.5}},{"type":"Feature","geometry":{"type":"Polygon","coordinates":[[[-108.231012,36.731359],[-108.231016,36.731269],[-108.230904,36.731266],[-108.230901,36.731356],[-108.231012,36.731359]]]},"properties":{"class":"invasive_woody","min_prob":0.5}},{"type":"Feature","geometry":{"type":"Polygon","coordinates":[[[-108.22564,36.731234],[-108.225644,36.731144],[-108.22542,36.731138],[-108.225416,36.731229],[-108.22564,36.731234]]]},"properties":{"class":"invasive_woody","min_prob":0.5}},{"type":"Feature","geometry":{"type":"Polygon","coordinates":[[[-108.196762,36.730647],[-108.196765,36.730557],[-108.196877,36.730559],[-108.196881,36.730469],[-108.196657,36.730464],[-108.19665,36.730644],[-108.196762,36.730647]]]},"properties":{"class":"invasive_woody","min_prob":0.5}},{"type":"Feature","geometry":{"type":"Polygon","coordinates":[[[-108.233014,36.731766],[-108.233017,36.731676],[-108.233577,36.731689],[-108.23358,36.731599],[-108.233804,36.731604],[-108.233807,36.731514],[-108.233695,36.731512],[-108.233699,36.731421],[-108.233363,36.731414],[-108.23336,36.731504],[-108.233248,36.731501],[-108.233251,36.731411],[-108.233027,36.731406],[-108.23303,36.731316],[-108.232918,36.731313],[-108.232915,36.731403],[-108.232803,36.731401],[-108.23281,36.73122],[-108.232474,36.731213],[-108.232471,36.731303],[-108.232583,36.731305],[-108.232579,36.731395],[-108.232691,36.731398],[-108.232688,36.731488],[-108.232912,36.731493],[-108.232905,36.731673],[-108.232682,36.731668],[-108.232678,36.731758],[-108.233014,36.731766]]]},"properties":{"class":"invasive_woody","min_prob":0.5}},{"type":"Feature","geometry":{"type":"Polygon","coordinates":[[[-108.309923,36.73308],[-108.309926,36.73299],[-108.309703,36.732985],[-108.309699,36.733075],[-108.309923,36.73308]]]},"properties":{"class":"invasive_woody","min_prob":0.5}},{"type":"Feature","geometry":{"type":"Polygon","coordinates":[[[-108.307349,36.733022],[-108.307352,36.732932],[-108.307128,36.732926],[-108.307125,36.733017],[-108.307349,36.733022]]]},"properties":{"class":"invasive_woody","min_prob":0.5}},{"type":"Feature","geometry":{"type":"Polygon","coordinates":[[[-108.307013,36.733014],[-108.307016,36.732924],[-108.306904,36.732921],[-108.306901,36.733011],[-108.307013,36.733014]]]},"properties":{"class":"invasive_woody","min_prob":0.5}},{"type":"Feature","geometry":{"type":"Polygon","coordinates":[[[-108.280486,36.73241],[-108.280489,36.73232],[-108.280377,36.732318],[-108.280374,36.732408],[-108.280486,36.73241]]]},"properties":{"class":"invasive_woody","min_prob":0.5}},{"type":"Feature","geometry":{"type":"Polygon","coordinates":[[[-108.260899,36.731961],[-108.260902,36.731871],[-108.26079,36.731868],[-108.260787,36.731958],[-108.260899,36.731961]]]},"properties":{"class":"invasive_woody","min_prob":0.5}},{"type":"Feature","geometry":{"type":"Polygon","coordinates":[[[-108.24232,36.731532],[-108.242323,36.731441],[-108.242211,36.731439],[-108.242208,36.731529],[-108.24232,36.731532]]]},"properties":{"class":"invasive_woody","min_prob":0.5}},{"type":"Feature","geometry":{"type":"Polygon","coordinates":[[[-108.231911,36.73129],[-108.231914,36.7312],[-108.231019,36.731179],[-108.231016,36.731269],[-108.231911,36.73129]]]},"properties":{"class":"invasive_woody","min_prob":0.5}},{"type":"Feature","geometry":{"type":"Polygon","coordinates":[[[-108.22542,36.731138],[-108.225423,36.731048],[-108.225311,36.731046],[-108.225308,36.731136],[-108.22542,36.731138]]]},"properties":{"class":"invasive_woody","min_prob":0.5}},{"type":"Feature","geometry":{"type":"Polygon","coordinates":[[[-108.225084,36.731131],[-108.225087,36.731041],[-108.224975,36.731038],[-108.224972,36.731128],[-108.225084,36.731131]]]},"properties":{"class":"invasive_woody","min_prob":0.5}},{"type":"Feature","geometry":{"type":"Polygon","coordinates":[[[-108.197104,36.730474],[-108.197108,36.730384],[-108.196884,36.730379],[-108.196881,36.730469],[-108.197104,36.730474]]]},"properties":{"class":"invasive_woody","min_prob":0.5}},{"type":"Feature","geometry":{"type":"Polygon","coordinates":[[[-108.262802,36.732005],[-108.262805,36.731915],[-108.262693,36.731912],[-108.262696,36.731822],[-108.262584,36.731819],[-108.262578,36.732],[-108.262802,36.732005]]]},"properties":{"class":"invasive_woody","min_prob":0.5}},{"type":"Feature","geometry":{"type":"Polygon","coordinates":[[[-108.209863,36.730774],[-108.209866,36.730684],[-108.209754,36.730682],[-108.209758,36.730592],[-108.209646,36.730589],[-108.209639,36.730769],[-108.209863,36.730774]]]},"properties":{"class":"invasive_woody","min_prob":0.5}},{"type":"Feature","geometry":{"type":"Polygon","coordinates":[[[-108.194856,36.730692],[-108.194859,36.730602],[-108.195083,36.730607],[-108.195087,36.730517],[-108.195199,36.73052],[-108.195202,36.73043],[-108.195426,36.730435],[-108.195429,36.730345],[-108.195317,36.730342],[-108.19532,36.730252],[-108.194873,36.730242],[-108.194869,36.730332],[-108.194646,36.730326],[-108.194639,36.730507],[-108.194751,36.730509],[-108.194744,36.730689],[-108.194856,36.730692]],[[-108.194863,36.730512],[-108.194751,36.730509],[-108.194754,36.730419],[-108.194866,36.730422],[-108.194863,36.730512]],[[-108.195202,36.73043],[-108.194978,36.730424],[-108.194981,36.730334],[-108.195205,36.73034],[-108.195202,36.73043]]]},"properties":{"class":"invasive_woody","min_prob":0.5}},{"type":"Feature","geometry":{"type":"Polygon","coordinates":[[[-108.232138,36.731205],[-108.232141,36.731115],[-108.232029,36.731112],[-108.232026,36.731202],[-108.232138,36.731205]]]},"properties":{"class":"invasive_woody","min_prob":0.5}},{"type":"Feature","geometry":{"type":"Polygon","coordinates":[[[-108.222625,36.730983],[-108.222628,36.730893],[-108.222516,36.73089],[-108.222513,36.73098],[-108.222625,36.730983]]]},"properties":{"class":"invasive_woody","min_prob":0.5}},{"type":"Feature","geometry":{"type":"Polygon","coordinates":[[[-108.206956,36.730616],[-108.20696,36.730526],[-108.206848,36.730523],[-108.206844,36.730613],[-108.206956,36.730616]]]},"properties":{"class":"invasive_woody","min_prob":0.5}},{"type":"Feature","geometry":{"type":"Polygon","coordinates":[[[-108.198227,36.730411],[-108.19823,36.730321],[-108.198118,36.730318],[-108.198115,36.730408],[-108.198227,36.730411]]]},"properties":{"class":"invasive_woody","min_prob":0.5}},{"type":"Feature","geometry":{"type":"Polygon","coordinates":[[[-108.19722,36.730387],[-108.197223,36.730297],[-108.197111,36.730294],[-108.197108,36.730384],[-108.19722,36.730387]]]},"properties":{"class":"invasive_woody","min_prob":0.5}},{"type":"Feature","geometry":{"type":"Polygon","coordinates":[[[-108.262917,36.731917],[-108.262923,36.731737],[-108.262699,36.731732],[-108.262696,36.731822],[-108.262808,36.731825],[-108.262805,36.731915],[-108.262917,36.731917]]]},"properties":{"class":"invasive_woody","min_prob":0.5}},{"type":"Feature","geometry":{"type":"Polygon","coordinates":[[[-108.263144,36.731832],[-108.263147,36.731742],[-108.263035,36.73174],[-108.263032,36.73183],[-108.263144,36.731832]]]},"properties":{"class":"invasive_woody","min_prob":0.5}},{"type":"Feature","geometry":{"type":"Polygon","coordinates":[[[-108.222292,36.730885],[-108.222296,36.730795],[-108.222184,36.730792],[-108.22218,36.730883],[-108.222292,36.730885]]]},"properties":{"class":"invasive_woody","min_prob":0.5}},{"type":"Feature","geometry":{"type":"Polygon","coordinates":[[[-108.205729,36.730497],[-108.205732,36.730407],[-108.205508,36.730402],[-108.205505,36.730492],[-108.205729,36.730497]]]},"properties":{"class":"invasive_woody","min_prob":0.5}},{"type":"Feature","geometry":{"type":"Polygon","coordinates":[[[-108.198454,36.730326],[-108.198457,36.730236],[-108.198345,36.730233],[-108.198342,36.730323],[-108.198454,36.730326]]]},"properties":{"class":"invasive_woody","min_prob":0.5}},{"type":"Feature","geometry":{"type":"Polygon","coordinates":[[[-108.197335,36.7303],[-108.197338,36.730209],[-108.197226,36.730207],[-108.197223,36.730297],[-108.197335,36.7303]]]},"properties":{"class":"invasive_woody","min_prob":0.5}},{"type":"Feature","geometry":{"type":"Polygon","coordinates":[[[-108.232474,36.731213],[-108.23248,36.731032],[-108.232368,36.73103],[-108.232372,36.73094],[-108.23226,36.730937],[-108.232257,36.731027],[-108.232145,36.731025],[-108.232141,36.731115],[-108.232365,36.73112],[-108.232362,36.73121],[-108.232474,36.731213]]]},"properties":{"class":"invasive_woody","min_prob":0.5}},{"type":"Feature","geometry":{"type":"Polygon","coordinates":[[[-108.308254,36.732772],[-108.308257,36.732682],[-108.307921,36.732674],[-108.307918,36.732764],[-108.308254,36.732772]]]},"properties":{"class":"invasive_woody","min_prob":0.5}},{"type":"Feature","geometry":{"type":"Polygon","coordinates":[[[-108.269751,36.731894],[-108.269754,36.731804],[-108.269642,36.731801],[-108.269639,36.731891],[-108.269751,36.731894]]]},"properties":{"class":"invasive_woody","min_prob":0.5}},{"type":"Feature","geometry":{"type":"Polygon","coordinates":[[[-108.263259,36.731745],[-108.263262,36.731655],[-108.26315,36.731652],[-108.263147,36.731742],[-108.263259,36.731745]]]},"properties":{"class":"invasive_woody","min_prob":0.5}},{"type":"Feature","geometry":{"type":"Polygon","coordinates":[[[-108.263035,36.73174],[-108.263038,36.731649],[-108.262926,36.731647],[-108.262923,36.731737],[-108.263035,36.73174]]]},"properties":{"class":"invasive_woody","min_prob":0.5}},{"type":"Feature","geometry":{"type":"Polygon","coordinates":[[[-108.222072,36.73079],[-108.222075,36.7307],[-108.221963,36.730697],[-108.22196,36.730787],[-108.222072,36.73079]]]},"properties":{"class":"invasive_woody","min_prob":0.5}},{"type":"Feature","geometry":{"type":"Polygon","coordinates":[[[-108.209649,36.730499],[-108.209652,36.730409],[-108.209316,36.730401],[-108.209313,36.730491],[-108.209649,36.730499]]]},"properties":{"class":"invasive_woody","min_prob":0.5}},{"type":"Feature","geometry":{"type":"Polygon","coordinates":[[[-108.206068,36.730415],[-108.206071,36.730325],[-108.205735,36.730317],[-108.205732,36.730407],[-108.206068,36.730415]]]},"properties":{"class":"invasive_woody","min_prob":0.5}},{"type":"Feature","geometry":{"type":"Polygon","coordinates":[[[-108.198793,36.730244],[-108.198796,36.730154],[-108.198572,36.730148],[-108.198569,36.730239],[-108.198793,36.730244]]]},"properties":{"class":"invasive_woody","min_prob":0.5}},{"type":"Feature","geometry":{"type":"Polygon","coordinates":[[[-108.195771,36.730173],[-108.195774,36.730082],[-108.195663,36.73008],[-108.195659,36.73017],[-108.195771,36.730173]]]},"properties":{"class":"invasive_woody","min_prob":0.5}},{"type":"Feature","geometry":{"type":"Polygon","coordinates":[[[-108.320787,36.733145],[-108.320793,36.732965],[-108.320681,36.732962],[-108.320684,36.732872],[-108.320572,36.732869],[-108.320566,36.73305],[-108.320678,36.733052],[-108.320675,36.733142],[-108.320787,36.733145]]]},"properties":{"class":"invasive_woody","min_prob":0.5}},{"type":"Feature","geometry":{"type":"Polygon","coordinates":[[[-108.265606,36.731889],[-108.265609,36.731799],[-108.265721,36.731801],[-108.265728,36.731621],[-108.265504,36.731616],[-108.265494,36.731886],[-108.265606,36.731889]]]},"properties":{"class":"invasive_woody","min_prob":0.5}},{"type":"Feature","geometry":{"type":"Polygon","coordinates":[[[-108.263374,36.731657],[-108.263377,36.731567],[-108.263265,36.731565],[-108.263262,36.731655],[-108.263374,36.731657]]]},"properties":{"class":"invasive_woody","min_prob":0.5}},{"type":"Feature","geometry":{"type":"Polygon","coordinates":[[[-108.26315,36.731652],[-108.263154,36.731562],[-108.263042,36.731559],[-108.263038,36.731649],[-108.26315,36.731652]]]},"properties":{"class":"invasive_woody","min_prob":0.5}},{"type":"Feature","geometry":{"type":"Polygon","coordinates":[[[-108.237184,36.731052],[-108.237188,36.730962],[-108.237076,36.730959],[-108.237072,36.731049],[-108.237184,36.731052]]]},"properties":{"class":"invasive_woody","min_prob":0.5}},{"type":"Feature","geometry":{"type":"Polygon","coordinates":[[[-108.198908,36.730156],[-108.198911,36.730066],[-108.1988,36.730064],[-108.198796,36.730154],[-108.198908,36.730156]]]},"properties":{"class":"invasive_woody","min_prob":0.5}},{"type":"Feature","geometry":{"type":"Polygon","coordinates":[[[-108.218711,36.730801],[-108.218724,36.730441],[-108.218612,36.730438],[-108.218609,36.730529],[-108.218497,36.730526],[-108.21849,36.730706],[-108.218602,36.730709],[-108.218599,36.730799],[-108.218711,36.730801]]]},"properties":{"class":"invasive_woody","min_prob":0.5}},{"type":"Feature","geometry":{"type":"Polygon","coordinates":[[[-108.19745,36.730212],[-108.19746,36.729942],[-108.197348,36.729939],[-108.197338,36.730209],[-108.19745,36.730212]]]},"properties":{"class":"invasive_woody","min_prob":0.5}},{"type":"Feature","geometry":{"type":"Polygon","coordinates":[[[-108.263489,36.73157],[-108.263492,36.73148],[-108.263381,36.731477],[-108.263377,36.731567],[-108.263489,36.73157]]]},"properties":{"class":"invasive_woody","min_prob":0.5}},{"type":"Feature","geometry":{"type":"Polygon","coordinates":[[[-108.211894,36.730371],[-108.211897,36.730281],[-108.211785,36.730279],[-108.211782,36.730369],[-108.211894,36.730371]]]},"properties":{"class":"invasive_woody","min_prob":0.5}},{"type":"Feature","geometry":{"type":"Polygon","coordinates":[[[-108.210775,36.730345],[-108.210778,36.730255],[-108.210666,36.730252],[-108.210663,36.730342],[-108.210775,36.730345]]]},"properties":{"class":"invasive_woody","min_prob":0.5}},{"type":"Feature","geometry":{"type":"Polygon","coordinates":[[[-108.208648,36.730295],[-108.208651,36.730205],[-108.20854,36.730202],[-108.208536,36.730293],[-108.208648,36.730295]]]},"properties":{"class":"invasive_woody","min_prob":0.5}},{"type":"Feature","geometry":{"type":"Polygon","coordinates":[[[-108.193539,36.72994],[-108.193546,36.729759],[-108.193434,36.729757],[-108.193428,36.729937],[-108.193539,36.72994]]]},"properties":{"class":"invasive_woody","min_prob":0.5}},{"type":"Feature","geometry":{"type":"Polygon","coordinates":[[[-108.324139,36.733401],[-108.324145,36.73322],[-108.324033,36.733218],[-108.324036,36.733128],[-108.323924,36.733125],[-108.323927,36.733035],[-108.323256,36.73302],[-108.323259,36.73293],[-108.322811,36.73292],[-108.322814,36.73283],[-108.322926,36.732832],[-108.322929,36.732742],[-108.322705,36.732737],[-108.322696,36.733007],[-108.322808,36.73301],[-108.322805,36.7331],[-108.323141,36.733108],[-108.323138,36.733198],[-108.323473,36.733205],[-108.32347,36.733295],[-108.323694,36.7333],[-108.323691,36.73339],[-108.324139,36.733401]]]},"properties":{"class":"invasive_woody","min_prob":0.5}},{"type":"Feature","geometry":{"type":"Polygon","coordinates":[[[-108.32259,36.732825],[-108.322594,36.732735],[-108.32237,36.73273],[-108.322367,36.73282],[-108.32259,36.732825]]]},"properties":{"class":"invasive_woody","min_prob":0.5}},{"type":"Feature","geometry":{"type":"Polygon","coordinates":[[[-108.322143,36.732815],[-108.322146,36.732725],[-108.322034,36.732722],[-108.322031,36.732812],[-108.322143,36.732815]]]},"properties":{"class":"invasive_woody","min_prob":0.5}},{"type":"Feature","geometry":{"type":"Polygon","coordinates":[[[-108.309271,36.732524],[-108.309274,36.732434],[-108.309162,36.732431],[-108.309159,36.732522],[-108.309271,36.732524]]]},"properties":{"class":"invasive_woody","min_prob":0.5}},{"type":"Feature","geometry":{"type":"Polygon","coordinates":[[[-108.263604,36.731482],[-108.263608,36.731392],[-108.263496,36.73139],[-108.263492,36.73148],[-108.263604,36.731482]]]},"properties":{"class":"invasive_woody","min_prob":0.5}},{"type":"Feature","geometry":{"type":"Polygon","coordinates":[[[-108.21268,36.7303],[-108.212684,36.73021],[-108.212572,36.730207],[-108.212569,36.730297],[-108.21268,36.7303]]]},"properties":{"class":"invasive_woody","min_prob":0.5}},{"type":"Feature","geometry":{"type":"Polygon","coordinates":[[[-108.210106,36.730239],[-108.21011,36.730149],[-108.209998,36.730147],[-108.209994,36.730237],[-108.210106,36.730239]]]},"properties":{"class":"invasive_woody","min_prob":0.5}},{"type":"Feature","geometry":{"type":"Polygon","coordinates":[[[-108.209771,36.730231],[-108.209774,36.730141],[-108.209438,36.730133],[-108.209435,36.730223],[-108.209771,36.730231]]]},"properties":{"class":"invasive_woody","min_prob":0.5}},{"type":"Feature","geometry":{"type":"Polygon","coordinates":[[[-108.207756,36.730184],[-108.207759,36.730094],[-108.207536,36.730089],[-108.207532,36.730179],[-108.207756,36.730184]]]},"properties":{"class":"invasive_woody","min_prob":0.5}},{"type":"Feature","geometry":{"type":"Polygon","coordinates":[[[-108.196222,36.730093],[-108.196225,36.730003],[-108.196114,36.73],[-108.196117,36.72991],[-108.196453,36.729918],[-108.196456,36.729828],[-108.196008,36.729818],[-108.196002,36.729998],[-108.19589,36.729995],[-108.195886,36.730085],[-108.196222,36.730093]]]},"properties":{"class":"invasive_woody","min_prob":0.5}},{"type":"Feature","geometry":{"type":"Polygon","coordinates":[[[-108.193095,36.729839],[-108.193098,36.729749],[-108.192875,36.729744],[-108.192871,36.729834],[-108.193095,36.729839]]]},"properties":{"class":"invasive_woody","min_prob":0.5}},{"type":"Feature","geometry":{"type":"Polygon","coordinates":[[[-108.245351,36.731331],[-108.245355,36.731241],[-108.245578,36.731246],[-108.245591,36.730886],[-108.245479,36.730883],[-108.245476,36.730974],[-108.245252,36.730968],[-108.245249,36.731058],[-108.245137,36.731056],[-108.245127,36.731326],[-108.245351,36.731331]]]},"properties":{"class":"invasive_woody","min_prob":0.5}},{"type":"Feature","geometry":{"type":"Polygon","coordinates":[[[-108.233833,36.730793],[-108.23384,36.730613],[-108.233728,36.730611],[-108.233721,36.730791],[-108.233833,36.730793]]]},"properties":{"class":"invasive_woody","min_prob":0.5}},{"type":"Feature","geometry":{"type":"Polygon","coordinates":[[[-108.192536,36.729826],[-108.192542,36.729646],[-108.19243,36.729643],[-108.192424,36.729823],[-108.192536,36.729826]]]},"properties":{"class":"invasive_woody","min_prob":0.5}},{"type":"Feature","geometry":{"type":"Polygon","coordinates":[[[-108.263496,36.73139],[-108.263499,36.731299],[-108.263387,36.731297],[-108.263384,36.731387],[-108.263496,36.73139]]]},"properties":{"class":"invasive_woody","min_prob":0.5}},{"type":"Feature","geometry":{"type":"Polygon","coordinates":[[[-108.233497,36.730786],[-108.233501,36.730696],[-108.233613,36.730698],[-108.233616,36.730608],[-108.23328,36.7306],[-108.233274,36.73078],[-108.233497,36.730786]]]},"properties":{"class":"invasive_woody","min_prob":0.5}},{"type":"Feature","geometry":{"type":"Polygon","coordinates":[[[-108.230591,36.730628],[-108.230594,36.730538],[-108.230482,36.730535],[-108.230479,36.730625],[-108.230591,36.730628]]]},"properties":{"class":"invasive_woody","min_prob":0.5}},{"type":"Feature","geometry":{"type":"Polygon","coordinates":[[[-108.211005,36.73017],[-108.211008,36.73008],[-108.210784,36.730075],[-108.210781,36.730165],[-108.211005,36.73017]]]},"properties":{"class":"invasive_woody","min_prob":0.5}},{"type":"Feature","geometry":{"type":"Polygon","coordinates":[[[-108.193322,36.729754],[-108.193325,36.729664],[-108.193214,36.729661],[-108.19321,36.729752],[-108.193322,36.729754]]]},"properties":{"class":"invasive_woody","min_prob":0.5}},{"type":"Feature","geometry":{"type":"Polygon","coordinates":[[[-108.237299,36.730964],[-108.237303,36.730874],[-108.237415,36.730877],[-108.237424,36.730606],[-108.237312,36.730604],[-108.237306,36.730784],[-108.237194,36.730781],[-108.237188,36.730962],[-108.237299,36.730964]]]},"properties":{"class":"invasive_woody","min_prob":0.5}},{"type":"Feature","geometry":{"type":"Polygon","coordinates":[[[-108.22958,36.730694],[-108.229587,36.730514],[-108.229475,36.730512],[-108.229478,36.730422],[-108.229254,36.730416],[-108.229251,36.730506],[-108.229363,36.730509],[-108.22936,36.730599],[-108.229248,36.730597],[-108.229244,36.730687],[-108.22958,36.730694]]]},"properties":{"class":"invasive_woody","min_prob":0.5}},{"type":"Feature","geometry":{"type":"Polygon","coordinates":[[[-108.268756,36.73151],[-108.268759,36.73142],[-108.268647,36.731418],[-108.268651,36.731328],[-108.268539,36.731325],[-108.268532,36.731505],[-108.268756,36.73151]]]},"properties":{"class":"invasive_woody","min_prob":0.5}},{"type":"Feature","geometry":{"type":"Polygon","coordinates":[[[-108.193658,36.729762],[-108.193665,36.729582],[-108.193553,36.729579],[-108.193546,36.729759],[-108.193658,36.729762]]]},"properties":{"class":"invasive_woody","min_prob":0.5}},{"type":"Feature","geometry":{"type":"Polygon","coordinates":[[[-108.283533,36.731759],[-108.283537,36.731669],[-108.283201,36.731661],[-108.283198,36.731751],[-108.283533,36.731759]]]},"properties":{"class":"invasive_woody","min_prob":0.5}},{"type":"Feature","geometry":{"type":"Polygon","coordinates":[[[-108.265514,36.731346],[-108.265517,36.731256],[-108.265405,36.731253],[-108.265402,36.731343],[-108.265514,36.731346]]]},"properties":{"class":"invasive_woody","min_prob":0.5}},{"type":"Feature","geometry":{"type":"Polygon","coordinates":[[[-108.263611,36.731302],[-108.263614,36.731212],[-108.263502,36.731209],[-108.263499,36.731299],[-108.263611,36.731302]]]},"properties":{"class":"invasive_woody","min_prob":0.5}},{"type":"Feature","geometry":{"type":"Polygon","coordinates":[[[-108.226453,36.730441],[-108.226456,36.730351],[-108.226344,36.730349],[-108.226341,36.730439],[-108.226453,36.730441]]]},"properties":{"class":"invasive_woody","min_prob":0.5}},{"type":"Feature","geometry":{"type":"Polygon","coordinates":[[[-108.220185,36.730295],[-108.220189,36.730205],[-108.220077,36.730202],[-108.220074,36.730292],[-108.220185,36.730295]]]},"properties":{"class":"invasive_woody","min_prob":0.5}},{"type":"Feature","geometry":{"type":"Polygon","coordinates":[[[-108.210784,36.730075],[-108.210788,36.729985],[-108.210676,36.729982],[-108.210672,36.730072],[-108.210784,36.730075]]]},"properties":{"class":"invasive_woody","min_prob":0.5}},{"type":"Feature","geometry":{"type":"Polygon","coordinates":[[[-108.199817,36.729817],[-108.19982,36.729727],[-108.199708,36.729724],[-108.199705,36.729814],[-108.199817,36.729817]]]},"properties":{"class":"invasive_woody","min_prob":0.5}},{"type":"Feature","geometry":{"type":"Polygon","coordinates":[[[-108.193437,36.729667],[-108.193441,36.729577],[-108.193329,36.729574],[-108.193325,36.729664],[-108.193437,36.729667]]]},"properties":{"class":"invasive_woody","min_prob":0.5}},{"type":"Feature","geometry":{"type":"Polygon","coordinates":[[[-108.318673,36.732736],[-108.318676,36.732646],[-108.318788,36.732649],[-108.318794,36.732469],[-108.318682,36.732466],[-108.318679,36.732556],[-108.318567,36.732554],[-108.31857,36.732464],[-108.318458,36.732461],[-108.318461,36.732371],[-108.318238,36.732366],[-108.318234,36.732456],[-108.318346,36.732459],[-108.318343,36.732549],[-108.318455,36.732551],[-108.318452,36.732641],[-108.318564,36.732644],[-108.318561,36.732734],[-108.318673,36.732736]]]},"properties":{"class":"invasive_woody","min_prob":0.5}},{"type":"Feature","geometry":{"type":"Polygon","coordinates":[[[-108.318682,36.732466],[-108.318685,36.732376],[-108.318573,36.732374],[-108.31857,36.732464],[-108.318682,36.732466]]]},"properties":{"class":"invasive_woody","min_prob":0.5}},{"type":"Feature","geometry":{"type":"Polygon","coordinates":[[[-108.264062,36.731222],[-108.264065,36.731132],[-108.263953,36.73113],[-108.26395,36.73122],[-108.264062,36.731222]]]},"properties":{"class":"invasive_woody","min_prob":0.5}},{"type":"Feature","geometry":{"type":"Polygon","coordinates":[[[-108.250519,36.73091],[-108.250522,36.73082],[-108.25041,36.730817],[-108.250407,36.730907],[-108.250519,36.73091]]]},"properties":{"class":"invasive_woody","min_prob":0.5}},{"type":"Feature","geometry":{"type":"Polygon","coordinates":[[[-108.249624,36.730889],[-108.249627,36.730799],[-108.249515,36.730797],[-108.249512,36.730887],[-108.249624,36.730889]]]},"properties":{"class":"invasive_woody","min_prob":0.5}},{"type":"Feature","geometry":{"type":"Polygon","coordinates":[[[-108.220301,36.730207],[-108.220304,36.730117],[-108.220192,36.730115],[-108.220189,36.730205],[-108.220301,36.730207]]]},"properties":{"class":"invasive_woody","min_prob":0.5}},{"type":"Feature","geometry":{"type":"Polygon","coordinates":[[[-108.219853,36.730197],[-108.219856,36.730107],[-108.219744,36.730104],[-108.219741,36.730194],[-108.219853,36.730197]]]},"properties":{"class":"invasive_woody","min_prob":0.5}},{"type":"Feature","geometry":{"type":"Polygon","coordinates":[[[-108.218734,36.730171],[-108.218737,36.730081],[-108.218289,36.73007],[-108.218286,36.73016],[-108.218734,36.730171]]]},"properties":{"class":"invasive_woody","min_prob":0.5}},{"type":"Feature","geometry":{"type":"Polygon","coordinates":[[[-108.199932,36.72973],[-108.199935,36.72964],[-108.199823,36.729637],[-108.19982,36.729727],[-108.199932,36.72973]]]},"properties":{"class":"invasive_woody","min_prob":0.5}},{"type":"Feature","geometry":{"type":"Polygon","coordinates":[[[-108.321813,36.732627],[-108.321819,36.732447],[-108.321596,36.732442],[-108.321599,36.732352],[-108.320815,36.732334],[-108.320809,36.732514],[-108.321145,36.732522],[-108.321142,36.732612],[-108.321813,36.732627]]]},"properties":{"class":"invasive_woody","min_prob":0.5}},{"type":"Feature","geometry":{"type":"Polygon","coordinates":[[[-108.212575,36.730117],[-108.212585,36.729847],[-108.212473,36.729844],[-108.212463,36.730114],[-108.212575,36.730117]]]},"properties":{"class":"invasive_woody","min_prob":0.5}},{"type":"Feature","geometry":{"type":"Polygon","coordinates":[[[-108.283981,36.731769],[-108.283984,36.731679],[-108.284208,36.731684],[-108.284215,36.731504],[-108.283879,36.731496],[-108.283876,36.731586],[-108.283652,36.731581],[-108.283649,36.731671],[-108.283761,36.731674],[-108.283757,36.731764],[-108.283981,36.731769]]]},"properties":{"class":"invasive_woody","min_prob":0.5}},{"type":"Feature","geometry":{"type":"Polygon","coordinates":[[[-108.265961,36.731356],[-108.265964,36.731266],[-108.266076,36.731269],[-108.266083,36.731088],[-108.265747,36.731081],[-108.265737,36.731351],[-108.265961,36.731356]]]},"properties":{"class":"invasive_woody","min_prob":0.5}},{"type":"Feature","geometry":{"type":"Polygon","coordinates":[[[-108.192322,36.72955],[-108.192328,36.72937],[-108.192216,36.729367],[-108.19221,36.729548],[-108.192322,36.72955]]]},"properties":{"class":"invasive_woody","min_prob":0.5}},{"type":"Feature","geometry":{"type":"Polygon","coordinates":[[[-108.272459,36.731325],[-108.272462,36.731235],[-108.27235,36.731232],[-108.272347,36.731322],[-108.272459,36.731325]]]},"properties":{"class":"invasive_woody","min_prob":0.5}},{"type":"Feature","geometry":{"type":"Polygon","coordinates":[[[-108.264177,36.731135],[-108.26418,36.731045],[-108.264068,36.731042],[-108.264065,36.731132],[-108.264177,36.731135]]]},"properties":{"class":"invasive_woody","min_prob":0.5}},{"type":"Feature","geometry":{"type":"Polygon","coordinates":[[[-108.197137,36.729574],[-108.19714,36.729484],[-108.197029,36.729481],[-108.197025,36.729571],[-108.197137,36.729574]]]},"properties":{"class":"invasive_woody","min_prob":0.5}},{"type":"Feature","geometry":{"type":"Polygon","coordinates":[[[-108.225989,36.730881],[-108.225992,36.730791],[-108.226104,36.730794],[-108.226114,36.730524],[-108.226002,36.730521],[-108.226005,36.730431],[-108.225893,36.730428],[-108.225897,36.730338],[-108.225673,36.730333],[-108.225669,36.730423],[-108.225558,36.73042],[-108.225561,36.73033],[-108.225337,36.730325],[-108.22534,36.730235],[-108.225228,36.730232],[-108.225232,36.730142],[-108.22512,36.73014],[-108.225123,36.73005],[-108.225011,36.730047],[-108.225008,36.730137],[-108.224896,36.730134],[-108.224899,36.730044],[-108.224675,36.730039],[-108.224672,36.730129],[-108.224448,36.730124],[-108.224445,36.730214],[-108.224557,36.730217],[-108.224554,36.730307],[-108.224889,36.730315],[-108.224886,36.730405],[-108.22511,36.73041],[-108.225107,36.7305],[-108.22589,36.730518],[-108.225887,36.730608],[-108.225439,36.730598],[-108.225436,36.730688],[-108.225772,36.730696],[-108.225768,36.730786],[-108.22588,36.730789],[-108.225877,36.730879],[-108.225989,36.730881]]]},"properties":{"class":"invasive_woody","min_prob":0.5}},{"type":"Feature","geometry":{"type":"Polygon","coordinates":[[[-108.215929,36.730286],[-108.215936,36.730105],[-108.215824,36.730103],[-108.215834,36.729832],[-108.215722,36.72983],[-108.215709,36.73019],[-108.215821,36.730193],[-108.215817,36.730283],[-108.215929,36.730286]]]},"properties":{"class":"invasive_woody","min_prob":0.5}},{"type":"Feature","geometry":{"type":"Polygon","coordinates":[[[-108.206311,36.72988],[-108.206317,36.729699],[-108.206206,36.729697],[-108.206209,36.729607],[-108.206097,36.729604],[-108.206094,36.729694],[-108.205982,36.729692],[-108.205978,36.729782],[-108.205867,36.729779],[-108.205863,36.729869],[-108.206311,36.72988]]]},"properties":{"class":"invasive_woody","min_prob":0.5}},{"type":"Feature","geometry":{"type":"Polygon","coordinates":[[[-108.204283,36.730193],[-108.204287,36.730103],[-108.204399,36.730105],[-108.204402,36.730015],[-108.204514,36.730018],[-108.204517,36.729928],[-108.204405,36.729925],[-108.204408,36.729835],[-108.20452,36.729838],[-108.204524,36.729747],[-108.204412,36.729745],[-108.204415,36.729655],[-108.204303,36.729652],[-108.204306,36.729562],[-108.204082,36.729557],[-108.204079,36.729647],[-108.203855,36.729642],[-108.203852,36.729732],[-108.203964,36.729734],[-108.203961,36.729824],[-108.204073,36.729827],[-108.204076,36.729737],[-108.204188,36.72974],[-108.204185,36.72983],[-108.204296,36.729832],[-108.204293,36.729922],[-108.204181,36.72992],[-108.204175,36.7301],[-108.204063,36.730097],[-108.20406,36.730187],[-108.204283,36.730193]]]},"properties":{"class":"invasive_woody","min_prob":0.5}},{"type":"Feature","geometry":{"type":"Polygon","coordinates":[[[-108.284547,36.731602],[-108.28455,36.731511],[-108.284438,36.731509],[-108.284442,36.731419],[-108.284218,36.731414],[-108.284215,36.731504],[-108.284326,36.731506],[-108.284323,36.731596],[-108.284547,36.731602]]]},"properties":{"class":"invasive_woody","min_prob":0.5}},{"type":"Feature","geometry":{"type":"Polygon","coordinates":[[[-108.284886,36.731519],[-108.284889,36.731429],[-108.284665,36.731424],[-108.284662,36.731514],[-108.284886,36.731519]]]},"properties":{"class":"invasive_woody","min_prob":0.5}},{"type":"Feature","geometry":{"type":"Polygon","coordinates":[[[-108.264404,36.73105],[-108.264407,36.73096],[-108.264295,36.730957],[-108.264292,36.731047],[-108.264404,36.73105]]]},"properties":{"class":"invasive_woody","min_prob":0.5}},{"type":"Feature","geometry":{"type":"Polygon","coordinates":[[[-108.264068,36.731042],[-108.264071,36.730952],[-108.263959,36.730949],[-108.263956,36.731039],[-108.264068,36.731042]]]},"properties":{"class":"invasive_woody","min_prob":0.5}},{"type":"Feature","geometry":{"type":"Polygon","coordinates":[[[-108.224336,36.730121],[-108.224339,36.730031],[-108.224227,36.730029],[-108.224224,36.730119],[-108.224336,36.730121]]]},"properties":{"class":"invasive_woody","min_prob":0.5}},{"type":"Feature","geometry":{"type":"Polygon","coordinates":[[[-108.205534,36.729681],[-108.205537,36.729591],[-108.205425,36.729588],[-108.205422,36.729678],[-108.205534,36.729681]]]},"properties":{"class":"invasive_woody","min_prob":0.5}},{"type":"Feature","geometry":{"type":"Polygon","coordinates":[[[-108.200162,36.729555],[-108.200165,36.729465],[-108.200053,36.729462],[-108.20005,36.729552],[-108.200162,36.729555]]]},"properties":{"class":"invasive_woody","min_prob":0.5}},{"type":"Feature","geometry":{"type":"Polygon","coordinates":[[[-108.20742,36.730176],[-108.207424,36.730086],[-108.207312,36.730083],[-108.207315,36.729993],[-108.207203,36.729991],[-108.207206,36.729901],[-108.207094,36.729898],[-108.207101,36.729718],[-108.206989,36.729715],[-108.206992,36.729625],[-108.206768,36.72962],[-108.206772,36.72953],[-108.20666,36.729527],[-108.206653,36.729707],[-108.206877,36.729713],[-108.206867,36.729983],[-108.206979,36.729986],[-108.206973,36.730166],[-108.20742,36.730176]]]},"properties":{"class":"invasive_woody","min_prob":0.5}},{"type":"Feature","geometry":{"type":"Polygon","coordinates":[[[-108.250749,36.730735],[-108.250756,36.730555],[-108.250644,36.730552],[-108.250637,36.730732],[-108.250749,36.730735]]]},"properties":{"class":"invasive_woody","min_prob":0.5}},{"type":"Feature","geometry":{"type":"Polygon","coordinates":[[[-108.197252,36.729486],[-108.197259,36.729306],[-108.197147,36.729303],[-108.19714,36.729484],[-108.197252,36.729486]]]},"properties":{"class":"invasive_woody","min_prob":0.5}},{"type":"Feature","geometry":{"type":"Polygon","coordinates":[[[-108.310297,36.732006],[-108.3103,36.731916],[-108.310188,36.731914],[-108.310185,36.732004],[-108.310297,36.732006]]]},"properties":{"class":"invasive_woody","min_prob":0.5}},{"type":"Feature","geometry":{"type":"Polygon","coordinates":[[[-108.309961,36.731999],[-108.309964,36.731909],[-108.309852,36.731906],[-108.309849,36.731996],[-108.309961,36.731999]]]},"properties":{"class":"invasive_woody","min_prob":0.5}},{"type":"Feature","geometry":{"type":"Polygon","coordinates":[[[-108.264519,36.730962],[-108.264522,36.730872],[-108.26441,36.73087],[-108.264407,36.73096],[-108.264519,36.730962]]]},"properties":{"class":"invasive_woody","min_prob":0.5}},{"type":"Feature","geometry":{"type":"Polygon","coordinates":[[[-108.250417,36.730637],[-108.25042,36.730547],[-108.250308,36.730544],[-108.250305,36.730634],[-108.250417,36.730637]]]},"properties":{"class":"invasive_woody","min_prob":0.5}},{"type":"Feature","geometry":{"type":"Polygon","coordinates":[[[-108.249521,36.730616],[-108.249525,36.730526],[-108.249413,36.730524],[-108.249409,36.730614],[-108.249521,36.730616]]]},"properties":{"class":"invasive_woody","min_prob":0.5}},{"type":"Feature","geometry":{"type":"Polygon","coordinates":[[[-108.227585,36.730107],[-108.227588,36.730017],[-108.227476,36.730014],[-108.227473,36.730104],[-108.227585,36.730107]]]},"properties":{"class":"invasive_woody","min_prob":0.5}},{"type":"Feature","geometry":{"type":"Polygon","coordinates":[[[-108.219975,36.729929],[-108.219978,36.729839],[-108.219866,36.729837],[-108.219863,36.729927],[-108.219975,36.729929]]]},"properties":{"class":"invasive_woody","min_prob":0.5}},{"type":"Feature","geometry":{"type":"Polygon","coordinates":[[[-108.215722,36.72983],[-108.215725,36.72974],[-108.215613,36.729737],[-108.21561,36.729827],[-108.215722,36.72983]]]},"properties":{"class":"invasive_woody","min_prob":0.5}},{"type":"Feature","geometry":{"type":"Polygon","coordinates":[[[-108.207776,36.729644],[-108.207779,36.729553],[-108.207667,36.729551],[-108.207664,36.729641],[-108.207776,36.729644]]]},"properties":{"class":"invasive_woody","min_prob":0.5}},{"type":"Feature","geometry":{"type":"Polygon","coordinates":[[[-108.200277,36.729467],[-108.200281,36.729377],[-108.200169,36.729375],[-108.200165,36.729465],[-108.200277,36.729467]]]},"properties":{"class":"invasive_woody","min_prob":0.5}},{"type":"Feature","geometry":{"type":"Polygon","coordinates":[[[-108.208763,36.730208],[-108.208767,36.730118],[-108.208879,36.73012],[-108.208882,36.73003],[-108.208994,36.730033],[-108.209,36.729853],[-108.209112,36.729855],[-108.209115,36.729765],[-108.209003,36.729763],[-108.209013,36.729492],[-108.208901,36.72949],[-108.208898,36.72958],[-108.208786,36.729577],[-108.208789,36.729487],[-108.208342,36.729477],[-108.208335,36.729657],[-108.208,36.729649],[-108.207996,36.729739],[-108.207884,36.729736],[-108.207881,36.729826],[-108.207993,36.729829],[-108.20799,36.729919],[-108.207878,36.729916],[-108.207871,36.730097],[-108.207983,36.730099],[-108.207986,36.730009],[-108.208098,36.730012],[-108.208095,36.730102],[-108.208207,36.730104],[-108.208217,36.729834],[-108.208329,36.729837],[-108.208332,36.729747],[-108.208444,36.729749],[-108.208447,36.729659],[-108.208559,36.729662],[-108.208556,36.729752],[-108.208668,36.729755],[-108.208671,36.729665],[-108.208783,36.729667],[-108.20877,36.730028],[-108.208658,36.730025],[-108.208651,36.730205],[-108.208763,36.730208]]]},"properties":{"class":"invasive_woody","min_prob":0.5}},{"type":"Feature","geometry":{"type":"Polygon","coordinates":[[[-108.25176,36.730668],[-108.251766,36.730488],[-108.251654,36.730485],[-108.251648,36.730666],[-108.25176,36.730668]]]},"properties":{"class":"invasive_woody","min_prob":0.5}},{"type":"Feature","geometry":{"type":"Polygon","coordinates":[[[-108.22031,36.729937],[-108.220317,36.729757],[-108.220205,36.729754],[-108.220198,36.729935],[-108.22031,36.729937]]]},"properties":{"class":"invasive_woody","min_prob":0.5}},{"type":"Feature","geometry":{"type":"Polygon","coordinates":[[[-108.326978,36.732292],[-108.326981,36.732202],[-108.326869,36.7322],[-108.326866,36.73229],[-108.326978,36.732292]]]},"properties":{"class":"invasive_woody","min_prob":0.5}},{"type":"Feature","geometry":{"type":"Polygon","coordinates":[[[-108.285004,36.731341],[-108.285008,36.731251],[-108.284896,36.731249],[-108.284892,36.731339],[-108.285004,36.731341]]]},"properties":{"class":"invasive_woody","min_prob":0.5}},{"type":"Feature","geometry":{"type":"Polygon","coordinates":[[[-108.266425,36.730916],[-108.266428,36.730826],[-108.266204,36.730821],[-108.266201,36.730911],[-108.266425,36.730916]]]},"properties":{"class":"invasive_woody","min_prob":0.5}},{"type":"Feature","geometry":{"type":"Polygon","coordinates":[[[-108.264634,36.730875],[-108.264637,36.730785],[-108.264525,36.730782],[-108.264522,36.730872],[-108.264634,36.730875]]]},"properties":{"class":"invasive_woody","min_prob":0.5}},{"type":"Feature","geometry":{"type":"Polygon","coordinates":[[[-108.2277,36.73002],[-108.227703,36.729929],[-108.227592,36.729927],[-108.227588,36.730017],[-108.2277,36.73002]]]},"properties":{"class":"invasive_woody","min_prob":0.5}},{"type":"Feature","geometry":{"type":"Polygon","coordinates":[[[-108.215837,36.729742],[-108.21584,36.729652],[-108.215728,36.72965],[-108.215725,36.72974],[-108.215837,36.729742]]]},"properties":{"class":"invasive_woody","min_prob":0.5}},{"type":"Feature","geometry":{"type":"Polygon","coordinates":[[[-108.210353,36.729614],[-108.210356,36.729524],[-108.210244,36.729521],[-108.210241,36.729611],[-108.210353,36.729614]]]},"properties":{"class":"invasive_woody","min_prob":0.5}},{"type":"Feature","geometry":{"type":"Polygon","coordinates":[[[-108.202071,36.729419],[-108.202075,36.729329],[-108.201963,36.729327],[-108.201959,36.729417],[-108.202071,36.729419]]]},"properties":{"class":"invasive_woody","min_prob":0.5}},{"type":"Feature","geometry":{"type":"Polygon","coordinates":[[[-108.19905,36.729348],[-108.199053,36.729258],[-108.198941,36.729255],[-108.198938,36.729346],[-108.19905,36.729348]]]},"properties":{"class":"invasive_woody","min_prob":0.5}},{"type":"Feature","geometry":{"type":"Polygon","coordinates":[[[-108.250868,36.730557],[-108.250874,36.730377],[-108.250762,36.730375],[-108.250756,36.730555],[-108.250868,36.730557]]]},"properties":{"class":"invasive_woody","min_prob":0.5}},{"type":"Feature","geometry":{"type":"Polygon","coordinates":[[[-108.30661,36.731743],[-108.306613,36.731652],[-108.306501,36.73165],[-108.306498,36.73174],[-108.30661,36.731743]]]},"properties":{"class":"invasive_woody","min_prob":0.5}},{"type":"Feature","geometry":{"type":"Polygon","coordinates":[[[-108.284448,36.731239],[-108.284451,36.731149],[-108.284339,36.731146],[-108.284336,36.731236],[-108.284448,36.731239]]]},"properties":{"class":"invasive_woody","min_prob":0.5}},{"type":"Feature","geometry":{"type":"Polygon","coordinates":[[[-108.277844,36.731088],[-108.277848,36.730998],[-108.277736,36.730995],[-108.277732,36.731085],[-108.277844,36.731088]]]},"properties":{"class":"invasive_woody","min_prob":0.5}},{"type":"Feature","geometry":{"type":"Polygon","coordinates":[[[-108.264525,36.730782],[-108.264529,36.730692],[-108.264417,36.730689],[-108.264413,36.730779],[-108.264525,36.730782]]]},"properties":{"class":"invasive_woody","min_prob":0.5}},{"type":"Feature","geometry":{"type":"Polygon","coordinates":[[[-108.249528,36.730436],[-108.249531,36.730346],[-108.249419,36.730343],[-108.249416,36.730434],[-108.249528,36.730436]]]},"properties":{"class":"invasive_woody","min_prob":0.5}},{"type":"Feature","geometry":{"type":"Polygon","coordinates":[[[-108.247401,36.730387],[-108.247405,36.730297],[-108.247293,36.730294],[-108.247289,36.730384],[-108.247401,36.730387]]]},"properties":{"class":"invasive_woody","min_prob":0.5}},{"type":"Feature","geometry":{"type":"Polygon","coordinates":[[[-108.232964,36.730052],[-108.232967,36.729962],[-108.232855,36.729959],[-108.232852,36.730049],[-108.232964,36.730052]]]},"properties":{"class":"invasive_woody","min_prob":0.5}},{"type":"Feature","geometry":{"type":"Polygon","coordinates":[[[-108.219645,36.729741],[-108.219649,36.729651],[-108.219537,36.729649],[-108.219533,36.729739],[-108.219645,36.729741]]]},"properties":{"class":"invasive_woody","min_prob":0.5}},{"type":"Feature","geometry":{"type":"Polygon","coordinates":[[[-108.216512,36.729668],[-108.216515,36.729578],[-108.215843,36.729562],[-108.21584,36.729652],[-108.216512,36.729668]]]},"properties":{"class":"invasive_woody","min_prob":0.5}},{"type":"Feature","geometry":{"type":"Polygon","coordinates":[[[-108.197374,36.729219],[-108.197377,36.729128],[-108.197265,36.729126],[-108.197262,36.729216],[-108.197374,36.729219]]]},"properties":{"class":"invasive_woody","min_prob":0.5}},{"type":"Feature","geometry":{"type":"Polygon","coordinates":[[[-108.199833,36.729367],[-108.199836,36.729277],[-108.199612,36.729271],[-108.199619,36.729091],[-108.199507,36.729088],[-108.199504,36.729179],[-108.199392,36.729176],[-108.199389,36.729266],[-108.1995,36.729269],[-108.199497,36.729359],[-108.199833,36.729367]]]},"properties":{"class":"invasive_woody","min_prob":0.5}},{"type":"Feature","geometry":{"type":"Polygon","coordinates":[[[-108.273364,36.731075],[-108.273367,36.730985],[-108.273927,36.730998],[-108.27393,36.730908],[-108.273706,36.730903],[-108.27371,36.730813],[-108.273598,36.73081],[-108.273594,36.7309],[-108.273259,36.730892],[-108.273255,36.730983],[-108.273032,36.730977],[-108.273028,36.731068],[-108.273364,36.731075]]]},"properties":{"class":"invasive_woody","min_prob":0.5}},{"type":"Feature","geometry":{"type":"Polygon","coordinates":[[[-108.219422,36.729736],[-108.219428,36.729556],[-108.219316,36.729553],[-108.21931,36.729733],[-108.219422,36.729736]]]},"properties":{"class":"invasive_woody","min_prob":0.5}},{"type":"Feature","geometry":{"type":"Polygon","coordinates":[[[-108.206775,36.72944],[-108.206781,36.72926],[-108.20667,36.729257],[-108.206663,36.729437],[-108.206775,36.72944]]]},"properties":{"class":"invasive_woody","min_prob":0.5}},{"type":"Feature","geometry":{"type":"Polygon","coordinates":[[[-108.251769,36.730398],[-108.251773,36.730308],[-108.251661,36.730305],[-108.251658,36.730395],[-108.251769,36.730398]]]},"properties":{"class":"invasive_woody","min_prob":0.5}},{"type":"Feature","geometry":{"type":"Polygon","coordinates":[[[-108.220992,36.729683],[-108.220995,36.729593],[-108.220771,36.729587],[-108.220768,36.729677],[-108.220992,36.729683]]]},"properties":{"class":"invasive_woody","min_prob":0.5}},{"type":"Feature","geometry":{"type":"Polygon","coordinates":[[[-108.219761,36.729654],[-108.219764,36.729564],[-108.219652,36.729561],[-108.219649,36.729651],[-108.219761,36.729654]]]},"properties":{"class":"invasive_woody","min_prob":0.5}},{"type":"Feature","geometry":{"type":"Polygon","coordinates":[[[-108.213046,36.729497],[-108.213049,36.729407],[-108.212937,36.729404],[-108.212934,36.729494],[-108.213046,36.729497]]]},"properties":{"class":"invasive_woody","min_prob":0.5}},{"type":"Feature","geometry":{"type":"Polygon","coordinates":[[[-108.310399,36.732279],[-108.310403,36.732189],[-108.310738,36.732197],[-108.310741,36.732107],[-108.311301,36.732119],[-108.311304,36.732029],[-108.31164,36.732037],[-108.311643,36.731947],[-108.311755,36.731949],[-108.311758,36.731859],[-108.311982,36.731864],[-108.311985,36.731774],[-108.312097,36.731777],[-108.312103,36.731596],[-108.31188,36.731591],[-108.311876,36.731681],[-108.311653,36.731676],[-108.311656,36.731586],[-108.311544,36.731584],[-108.311538,36.731764],[-108.311426,36.731761],[-108.311422,36.731851],[-108.311087,36.731844],[-108.311084,36.731934],[-108.310748,36.731926],[-108.310751,36.731836],[-108.310639,36.731834],[-108.310633,36.732014],[-108.310521,36.732011],[-108.310518,36.732102],[-108.309846,36.732086],[-108.309843,36.732176],[-108.309731,36.732174],[-108.309728,36.732264],[-108.310399,36.732279]]]},"properties":{"class":"invasive_woody","min_prob":0.5}},{"type":"Feature","geometry":{"type":"Polygon","coordinates":[[[-108.250986,36.73038],[-108.250992,36.7302],[-108.250881,36.730197],[-108.250874,36.730377],[-108.250986,36.73038]]]},"properties":{"class":"invasive_woody","min_prob":0.5}},{"type":"Feature","geometry":{"type":"Polygon","coordinates":[[[-108.239682,36.730118],[-108.239688,36.729938],[-108.239577,36.729935],[-108.23957,36.730115],[-108.239682,36.730118]]]},"properties":{"class":"invasive_woody","min_prob":0.5}},{"type":"Feature","geometry":{"type":"Polygon","coordinates":[[[-108.193125,36.729028],[-108.193131,36.728848],[-108.193019,36.728845],[-108.193013,36.729026],[-108.193125,36.729028]]]},"properties":{"class":"invasive_woody","min_prob":0.5}},{"type":"Feature","geometry":{"type":"Polygon","coordinates":[[[-108.302027,36.731458],[-108.30203,36.731368],[-108.301918,36.731366],[-108.301915,36.731456],[-108.302027,36.731458]]]},"properties":{"class":"invasive_woody","min_prob":0.5}},{"type":"Feature","geometry":{"type":"Polygon","coordinates":[[[-108.286581,36.731107],[-108.286584,36.731017],[-108.286248,36.731009],[-108.286245,36.731099],[-108.286581,36.731107]]]},"properties":{"class":"invasive_woody","min_prob":0.5}},{"type":"Feature","geometry":{"type":"Polygon","coordinates":[[[-108.285791,36.731269],[-108.285797,36.731089],[-108.286021,36.731094],[-108.286024,36.731004],[-108.285689,36.730996],[-108.285685,36.731087],[-108.285574,36.731084],[-108.28557,36.731174],[-108.285682,36.731177],[-108.285679,36.731267],[-108.285791,36.731269]]]},"properties":{"class":"invasive_woody","min_prob":0.5}},{"type":"Feature","geometry":{"type":"Polygon","coordinates":[[[-108.28479,36.731066],[-108.284793,36.730976],[-108.284681,36.730973],[-108.284678,36.731064],[-108.28479,36.731066]]]},"properties":{"class":"invasive_woody","min_prob":0.5}},{"type":"Feature","geometry":{"type":"Polygon","coordinates":[[[-108.284454,36.731058],[-108.284457,36.730968],[-108.284346,36.730966],[-108.284342,36.731056],[-108.284454,36.731058]]]},"properties":{"class":"invasive_woody","min_prob":0.5}},{"type":"Feature","geometry":{"type":"Polygon","coordinates":[[[-108.273821,36.730815],[-108.273825,36.730725],[-108.273713,36.730723],[-108.27371,36.730813],[-108.273821,36.730815]]]},"properties":{"class":"invasive_woody","min_prob":0.5}},{"type":"Feature","geometry":{"type":"Polygon","coordinates":[[[-108.265091,36.730615],[-108.265095,36.730525],[-108.264983,36.730522],[-108.264979,36.730612],[-108.265091,36.730615]]]},"properties":{"class":"invasive_woody","min_prob":0.5}},{"type":"Feature","geometry":{"type":"Polygon","coordinates":[[[-108.264756,36.730607],[-108.264759,36.730517],[-108.264647,36.730514],[-108.264644,36.730604],[-108.264756,36.730607]]]},"properties":{"class":"invasive_woody","min_prob":0.5}},{"type":"Feature","geometry":{"type":"Polygon","coordinates":[[[-108.219988,36.729569],[-108.219991,36.729479],[-108.219879,36.729476],[-108.219876,36.729566],[-108.219988,36.729569]]]},"properties":{"class":"invasive_woody","min_prob":0.5}},{"type":"Feature","geometry":{"type":"Polygon","coordinates":[[[-108.218757,36.72954],[-108.21876,36.72945],[-108.218424,36.729442],[-108.218421,36.729532],[-108.218757,36.72954]]]},"properties":{"class":"invasive_woody","min_prob":0.5}},{"type":"Feature","geometry":{"type":"Polygon","coordinates":[[[-108.212377,36.729391],[-108.212381,36.729301],[-108.212269,36.729298],[-108.212265,36.729388],[-108.212377,36.729391]]]},"properties":{"class":"invasive_woody","min_prob":0.5}},{"type":"Feature","geometry":{"type":"Polygon","coordinates":[[[-108.207565,36.729278],[-108.207568,36.729188],[-108.207456,36.729185],[-108.207453,36.729275],[-108.207565,36.729278]]]},"properties":{"class":"invasive_woody","min_prob":0.5}},{"type":"Feature","geometry":{"type":"Polygon","coordinates":[[[-108.198276,36.72906],[-108.198279,36.728969],[-108.198167,36.728967],[-108.198164,36.729057],[-108.198276,36.72906]]]},"properties":{"class":"invasive_woody","min_prob":0.5}},{"type":"Feature","geometry":{"type":"Polygon","coordinates":[[[-108.215146,36.730267],[-108.215178,36.729366],[-108.215067,36.729364],[-108.21507,36.729274],[-108.214622,36.729263],[-108.214619,36.729353],[-108.214955,36.729361],[-108.214951,36.729451],[-108.215063,36.729454],[-108.215034,36.730265],[-108.215146,36.730267]]]},"properties":{"class":"invasive_woody","min_prob":0.5}},{"type":"Feature","geometry":{"type":"Polygon","coordinates":[[[-108.220646,36.729945],[-108.220653,36.729765],[-108.220765,36.729767],[-108.220768,36.729677],[-108.220656,36.729675],[-108.220659,36.729585],[-108.220547,36.729582],[-108.220554,36.729402],[-108.22033,36.729397],[-108.220323,36.729577],[-108.220435,36.729579],[-108.220422,36.72994],[-108.220646,36.729945]]]},"properties":{"class":"invasive_woody","min_prob":0.5}},{"type":"Feature","geometry":{"type":"Polygon","coordinates":[[[-108.249534,36.730256],[-108.249541,36.730076],[-108.249429,36.730073],[-108.249422,36.730253],[-108.249534,36.730256]]]},"properties":{"class":"invasive_woody","min_prob":0.5}},{"type":"Feature","geometry":{"type":"Polygon","coordinates":[[[-108.217302,36.729506],[-108.217308,36.729326],[-108.217196,36.729323],[-108.21719,36.729504],[-108.217302,36.729506]]]},"properties":{"class":"invasive_woody","min_prob":0.5}},{"type":"Feature","geometry":{"type":"Polygon","coordinates":[[[-108.203312,36.729178],[-108.203315,36.729088],[-108.203203,36.729085],[-108.203207,36.728995],[-108.202983,36.72899],[-108.20298,36.72908],[-108.203092,36.729083],[-108.203088,36.729173],[-108.203312,36.729178]]]},"properties":{"class":"invasive_woody","min_prob":0.5}},{"type":"Feature","geometry":{"type":"Polygon","coordinates":[[[-108.284681,36.730973],[-108.284684,36.730883],[-108.284573,36.730881],[-108.284569,36.730971],[-108.284681,36.730973]]]},"properties":{"class":"invasive_woody","min_prob":0.5}},{"type":"Feature","geometry":{"type":"Polygon","coordinates":[[[-108.280652,36.730881],[-108.280655,36.730791],[-108.280431,36.730786],[-108.280428,36.730876],[-108.280652,36.730881]]]},"properties":{"class":"invasive_woody","min_prob":0.5}},{"type":"Feature","geometry":{"type":"Polygon","coordinates":[[[-108.273262,36.730802],[-108.273265,36.730712],[-108.273377,36.730715],[-108.27338,36.730625],[-108.273156,36.73062],[-108.273153,36.73071],[-108.273041,36.730707],[-108.273038,36.730797],[-108.273262,36.730802]]]},"properties":{"class":"invasive_woody","min_prob":0.5}},{"type":"Feature","geometry":{"type":"Polygon","coordinates":[[[-108.272929,36.730705],[-108.272932,36.730614],[-108.272821,36.730612],[-108.272817,36.730702],[-108.272929,36.730705]]]},"properties":{"class":"invasive_woody","min_prob":0.5}},{"type":"Feature","geometry":{"type":"Polygon","coordinates":[[[-108.265207,36.730527],[-108.26521,36.730437],[-108.265098,36.730435],[-108.265095,36.730525],[-108.265207,36.730527]]]},"properties":{"class":"invasive_woody","min_prob":0.5}},{"type":"Feature","geometry":{"type":"Polygon","coordinates":[[[-108.264983,36.730522],[-108.264986,36.730432],[-108.264762,36.730427],[-108.264759,36.730517],[-108.264983,36.730522]]]},"properties":{"class":"invasive_woody","min_prob":0.5}},{"type":"Feature","geometry":{"type":"Polygon","coordinates":[[[-108.218872,36.729453],[-108.218875,36.729363],[-108.218763,36.72936],[-108.21876,36.72945],[-108.218872,36.729453]]]},"properties":{"class":"invasive_woody","min_prob":0.5}},{"type":"Feature","geometry":{"type":"Polygon","coordinates":[[[-108.218424,36.729442],[-108.218427,36.729352],[-108.218315,36.72935],[-108.218312,36.72944],[-108.218424,36.729442]]]},"properties":{"class":"invasive_woody","min_prob":0.5}},{"type":"Feature","geometry":{"type":"Polygon","coordinates":[[[-108.214507,36.729351],[-108.21451,36.729261],[-108.214398,36.729258],[-108.214395,36.729348],[-108.214507,36.729351]]]},"properties":{"class":"invasive_woody","min_prob":0.5}},{"type":"Feature","geometry":{"type":"Polygon","coordinates":[[[-108.213612,36.72933],[-108.213615,36.72924],[-108.213503,36.729237],[-108.2135,36.729327],[-108.213612,36.72933]]]},"properties":{"class":"invasive_woody","min_prob":0.5}},{"type":"Feature","geometry":{"type":"Polygon","coordinates":[[[-108.21003,36.729246],[-108.210034,36.729156],[-108.209922,36.729153],[-108.209918,36.729243],[-108.21003,36.729246]]]},"properties":{"class":"invasive_woody","min_prob":0.5}},{"type":"Feature","geometry":{"type":"Polygon","coordinates":[[[-108.207344,36.729183],[-108.207348,36.729093],[-108.207236,36.72909],[-108.207232,36.72918],[-108.207344,36.729183]]]},"properties":{"class":"invasive_woody","min_prob":0.5}},{"type":"Feature","geometry":{"type":"Polygon","coordinates":[[[-108.207009,36.729175],[-108.207012,36.729085],[-108.2069,36.729082],[-108.206897,36.729172],[-108.207009,36.729175]]]},"properties":{"class":"invasive_woody","min_prob":0.5}},{"type":"Feature","geometry":{"type":"Polygon","coordinates":[[[-108.19245,36.729102],[-108.192453,36.729012],[-108.192565,36.729015],[-108.192568,36.728925],[-108.19268,36.728928],[-108.192684,36.728837],[-108.192795,36.72884],[-108.192799,36.72875],[-108.192575,36.728745],[-108.192572,36.728835],[-108.192348,36.72883],[-108.192345,36.72892],[-108.192233,36.728917],[-108.192226,36.729097],[-108.19245,36.729102]]]},"properties":{"class":"invasive_woody","min_prob":0.5}},{"type":"Feature","geometry":{"type":"Polygon","coordinates":[[[-108.306504,36.73156],[-108.306513,36.73129],[-108.306178,36.731282],[-108.306174,36.731372],[-108.306286,36.731375],[-108.306283,36.731465],[-108.306395,36.731467],[-108.306392,36.731557],[-108.306504,36.73156]]]},"properties":{"class":"invasive_woody","min_prob":0.5}},{"type":"Feature","geometry":{"type":"Polygon","coordinates":[[[-108.251104,36.730202],[-108.251111,36.730022],[-108.250999,36.730019],[-108.250992,36.7302],[-108.251104,36.730202]]]},"properties":{"class":"invasive_woody","min_prob":0.5}},{"type":"Feature","geometry":{"type":"Polygon","coordinates":[[[-108.250769,36.730194],[-108.250775,36.730014],[-108.250663,36.730012],[-108.250657,36.730192],[-108.250769,36.730194]]]},"properties":{"class":"invasive_woody","min_prob":0.5}},{"type":"Feature","geometry":{"type":"Polygon","coordinates":[[[-108.23275,36.729776],[-108.232756,36.729596],[-108.232644,36.729594],[-108.232638,36.729774],[-108.23275,36.729776]]]},"properties":{"class":"invasive_woody","min_prob":0.5}},{"type":"Feature","geometry":{"type":"Polygon","coordinates":[[[-108.328001,36.731864],[-108.328004,36.731774],[-108.327892,36.731772],[-108.327889,36.731862],[-108.328001,36.731864]]]},"properties":{"class":"invasive_woody","min_prob":0.5}},{"type":"Feature","geometry":{"type":"Polygon","coordinates":[[[-108.299683,36.731225],[-108.299686,36.731135],[-108.299574,36.731132],[-108.299571,36.731222],[-108.299683,36.731225]]]},"properties":{"class":"invasive_woody","min_prob":0.5}},{"type":"Feature","geometry":{"type":"Polygon","coordinates":[[[-108.285129,36.730984],[-108.285132,36.730894],[-108.285244,36.730896],[-108.285247,36.730806],[-108.285023,36.730801],[-108.28502,36.730891],[-108.284908,36.730888],[-108.284905,36.730979],[-108.285129,36.730984]]]},"properties":{"class":"invasive_woody","min_prob":0.5}},{"type":"Feature","geometry":{"type":"Polygon","coordinates":[[[-108.278864,36.73075],[-108.278868,36.73066],[-108.278756,36.730658],[-108.278752,36.730748],[-108.278864,36.73075]]]},"properties":{"class":"invasive_woody","min_prob":0.5}},{"type":"Feature","geometry":{"type":"Polygon","coordinates":[[[-108.265322,36.73044],[-108.265325,36.73035],[-108.265213,36.730347],[-108.26521,36.730437],[-108.265322,36.73044]]]},"properties":{"class":"invasive_woody","min_prob":0.5}},{"type":"Feature","geometry":{"type":"Polygon","coordinates":[[[-108.219211,36.729371],[-108.219214,36.72928],[-108.219102,36.729278],[-108.219099,36.729368],[-108.219211,36.729371]]]},"properties":{"class":"invasive_woody","min_prob":0.5}},{"type":"Feature","geometry":{"type":"Polygon","coordinates":[[[-108.218315,36.72935],[-108.218319,36.729259],[-108.218207,36.729257],[-108.218203,36.729347],[-108.218315,36.72935]]]},"properties":{"class":"invasive_woody","min_prob":0.5}},{"type":"Feature","geometry":{"type":"Polygon","coordinates":[[[-108.21742,36.729329],[-108.217423,36.729239],[-108.217311,36.729236],[-108.217308,36.729326],[-108.21742,36.729329]]]},"properties":{"class":"invasive_woody","min_prob":0.5}},{"type":"Feature","geometry":{"type":"Polygon","coordinates":[[[-108.2116,36.729192],[-108.211604,36.729102],[-108.211492,36.7291],[-108.211488,36.72919],[-108.2116,36.729192]]]},"properties":{"class":"invasive_woody","min_prob":0.5}},{"type":"Feature","geometry":{"type":"Polygon","coordinates":[[[-108.204546,36.729117],[-108.20455,36.729027],[-108.204774,36.729032],[-108.204777,36.728942],[-108.204329,36.728931],[-108.204326,36.729022],[-108.204438,36.729024],[-108.204435,36.729114],[-108.204546,36.729117]]]},"properties":{"class":"invasive_woody","min_prob":0.5}},{"type":"Feature","geometry":{"type":"Polygon","coordinates":[[[-108.202516,36.72952],[-108.202519,36.72943],[-108.202631,36.729432],[-108.202644,36.729072],[-108.202532,36.72907],[-108.202535,36.728979],[-108.202423,36.728977],[-108.202427,36.728887],[-108.202315,36.728884],[-108.202318,36.728794],[-108.201982,36.728786],[-108.201979,36.728876],[-108.201755,36.728871],[-108.201749,36.729051],[-108.201637,36.729048],[-108.20163,36.729229],[-108.201742,36.729231],[-108.201739,36.729321],[-108.201963,36.729327],[-108.201966,36.729237],[-108.201854,36.729234],[-108.20186,36.729054],[-108.201972,36.729056],[-108.201976,36.728966],[-108.202088,36.728969],[-108.202091,36.728879],[-108.202203,36.728881],[-108.2022,36.728972],[-108.202311,36.728974],[-108.202308,36.729064],[-108.20242,36.729067],[-108.202417,36.729157],[-108.202529,36.72916],[-108.202522,36.72934],[-108.20241,36.729337],[-108.202407,36.729427],[-108.202183,36.729422],[-108.20218,36.729512],[-108.202516,36.72952]]]},"properties":{"class":"invasive_woody","min_prob":0.5}},{"type":"Feature","geometry":{"type":"Polygon","coordinates":[[[-108.250423,36.730457],[-108.25043,36.730277],[-108.250318,36.730274],[-108.250327,36.730004],[-108.250215,36.730001],[-108.250219,36.729911],[-108.250107,36.729909],[-108.250091,36.730359],[-108.250314,36.730364],[-108.250311,36.730454],[-108.250423,36.730457]]]},"properties":{"class":"invasive_woody","min_prob":0.5}},{"type":"Feature","geometry":{"type":"Polygon","coordinates":[[[-108.205327,36.729225],[-108.20534,36.728865],[-108.205228,36.728862],[-108.205215,36.729223],[-108.205327,36.729225]]]},"properties":{"class":"invasive_woody","min_prob":0.5}},{"type":"Feature","geometry":{"type":"Polygon","coordinates":[[[-108.221653,36.729969],[-108.22166,36.729788],[-108.221996,36.729796],[-108.221999,36.729706],[-108.222111,36.729709],[-108.222114,36.729619],[-108.222226,36.729621],[-108.222232,36.729441],[-108.222904,36.729457],[-108.222907,36.729367],[-108.222795,36.729364],[-108.222799,36.729274],[-108.222687,36.729271],[-108.222683,36.729362],[-108.222348,36.729354],[-108.222351,36.729264],[-108.222239,36.729261],[-108.222236,36.729351],[-108.222124,36.729348],[-108.222121,36.729439],[-108.222009,36.729436],[-108.222005,36.729526],[-108.22167,36.729518],[-108.221666,36.729608],[-108.221554,36.729606],[-108.221551,36.729696],[-108.221327,36.72969],[-108.221324,36.729781],[-108.221548,36.729786],[-108.221541,36.729966],[-108.221653,36.729969]]]},"properties":{"class":"invasive_woody","min_prob":0.5}},{"type":"Feature","geometry":{"type":"Polygon","coordinates":[[[-108.210705,36.729171],[-108.210712,36.728991],[-108.2106,36.728989],[-108.210593,36.729169],[-108.210705,36.729171]]]},"properties":{"class":"invasive_woody","min_prob":0.5}},{"type":"Feature","geometry":{"type":"Polygon","coordinates":[[[-108.205781,36.729056],[-108.205784,36.728966],[-108.205672,36.728963],[-108.205675,36.728873],[-108.205563,36.72887],[-108.205557,36.72905],[-108.205781,36.729056]]]},"properties":{"class":"invasive_woody","min_prob":0.5}},{"type":"Feature","geometry":{"type":"Polygon","coordinates":[[[-108.30226,36.731193],[-108.302263,36.731103],[-108.302151,36.731101],[-108.302148,36.731191],[-108.30226,36.731193]]]},"properties":{"class":"invasive_woody","min_prob":0.5}},{"type":"Feature","geometry":{"type":"Polygon","coordinates":[[[-108.286926,36.730844],[-108.286929,36.730754],[-108.286817,36.730752],[-108.286814,36.730842],[-108.286926,36.730844]]]},"properties":{"class":"invasive_woody","min_prob":0.5}},{"type":"Feature","geometry":{"type":"Polygon","coordinates":[[[-108.272376,36.730512],[-108.272379,36.730421],[-108.272267,36.730419],[-108.272264,36.730509],[-108.272376,36.730512]]]},"properties":{"class":"invasive_woody","min_prob":0.5}},{"type":"Feature","geometry":{"type":"Polygon","coordinates":[[[-108.265437,36.730352],[-108.26544,36.730262],[-108.265328,36.73026],[-108.265325,36.73035],[-108.265437,36.730352]]]},"properties":{"class":"invasive_woody","min_prob":0.5}},{"type":"Feature","geometry":{"type":"Polygon","coordinates":[[[-108.218207,36.729257],[-108.21821,36.729167],[-108.218098,36.729164],[-108.218095,36.729254],[-108.218207,36.729257]]]},"properties":{"class":"invasive_woody","min_prob":0.5}},{"type":"Feature","geometry":{"type":"Polygon","coordinates":[[[-108.217535,36.729241],[-108.217538,36.729151],[-108.217427,36.729148],[-108.217423,36.729239],[-108.217535,36.729241]]]},"properties":{"class":"invasive_woody","min_prob":0.5}},{"type":"Feature","geometry":{"type":"Polygon","coordinates":[[[-108.21373,36.729152],[-108.213733,36.729062],[-108.213621,36.729059],[-108.213618,36.729149],[-108.21373,36.729152]]]},"properties":{"class":"invasive_woody","min_prob":0.5}},{"type":"Feature","geometry":{"type":"Polygon","coordinates":[[[-108.211716,36.729105],[-108.211719,36.729015],[-108.211607,36.729012],[-108.211604,36.729102],[-108.211716,36.729105]]]},"properties":{"class":"invasive_woody","min_prob":0.5}},{"type":"Feature","geometry":{"type":"Polygon","coordinates":[[[-108.210037,36.729065],[-108.21004,36.728975],[-108.209928,36.728973],[-108.209925,36.729063],[-108.210037,36.729065]]]},"properties":{"class":"invasive_woody","min_prob":0.5}},{"type":"Feature","geometry":{"type":"Polygon","coordinates":[[[-108.208582,36.729031],[-108.208585,36.728941],[-108.208473,36.728939],[-108.20847,36.729029],[-108.208582,36.729031]]]},"properties":{"class":"invasive_woody","min_prob":0.5}},{"type":"Feature","geometry":{"type":"Polygon","coordinates":[[[-108.195712,36.728729],[-108.195715,36.728638],[-108.195379,36.728631],[-108.195376,36.728721],[-108.195712,36.728729]]]},"properties":{"class":"invasive_woody","min_prob":0.5}},{"type":"Feature","geometry":{"type":"Polygon","coordinates":[[[-108.265098,36.730435],[-108.265101,36.730344],[-108.265213,36.730347],[-108.265219,36.730167],[-108.265107,36.730164],[-108.265104,36.730254],[-108.264992,36.730252],[-108.264986,36.730432],[-108.265098,36.730435]]]},"properties":{"class":"invasive_woody","min_prob":0.5}},{"type":"Feature","geometry":{"type":"Polygon","coordinates":[[[-108.251779,36.730128],[-108.251782,36.730037],[-108.251894,36.73004],[-108.251901,36.72986],[-108.251789,36.729857],[-108.251786,36.729947],[-108.251674,36.729945],[-108.251667,36.730125],[-108.251779,36.730128]]]},"properties":{"class":"invasive_woody","min_prob":0.5}},{"type":"Feature","geometry":{"type":"Polygon","coordinates":[[[-108.198246,36.72987],[-108.198253,36.72969],[-108.198365,36.729693],[-108.198375,36.729422],[-108.198263,36.72942],[-108.198266,36.72933],[-108.198154,36.729327],[-108.198157,36.729237],[-108.198046,36.729234],[-108.198059,36.728874],[-108.197947,36.728871],[-108.19795,36.728781],[-108.198062,36.728784],[-108.198069,36.728604],[-108.197957,36.728601],[-108.197953,36.728691],[-108.197841,36.728689],[-108.197828,36.729049],[-108.19794,36.729052],[-108.197917,36.729682],[-108.198029,36.729685],[-108.198023,36.729865],[-108.198246,36.72987]]]},"properties":{"class":"invasive_woody","min_prob":0.5}},{"type":"Feature","geometry":{"type":"Polygon","coordinates":[[[-108.301592,36.731088],[-108.301595,36.730998],[-108.301483,36.730995],[-108.30148,36.731085],[-108.301592,36.731088]]]},"properties":{"class":"invasive_woody","min_prob":0.5}},{"type":"Feature","geometry":{"type":"Polygon","coordinates":[[[-108.287265,36.730762],[-108.287268,36.730672],[-108.287156,36.730669],[-108.287153,36.730759],[-108.287265,36.730762]]]},"properties":{"class":"invasive_woody","min_prob":0.5}},{"type":"Feature","geometry":{"type":"Polygon","coordinates":[[[-108.272491,36.730424],[-108.272494,36.730334],[-108.272382,36.730331],[-108.272379,36.730421],[-108.272491,36.730424]]]},"properties":{"class":"invasive_woody","min_prob":0.5}},{"type":"Feature","geometry":{"type":"Polygon","coordinates":[[[-108.265552,36.730265],[-108.265555,36.730175],[-108.265443,36.730172],[-108.26544,36.730262],[-108.265552,36.730265]]]},"properties":{"class":"invasive_woody","min_prob":0.5}},{"type":"Feature","geometry":{"type":"Polygon","coordinates":[[[-108.218098,36.729164],[-108.218101,36.729074],[-108.217989,36.729071],[-108.217986,36.729162],[-108.218098,36.729164]]]},"properties":{"class":"invasive_woody","min_prob":0.5}},{"type":"Feature","geometry":{"type":"Polygon","coordinates":[[[-108.217874,36.729159],[-108.217877,36.729069],[-108.217542,36.729061],[-108.217538,36.729151],[-108.217874,36.729159]]]},"properties":{"class":"invasive_woody","min_prob":0.5}},{"type":"Feature","geometry":{"type":"Polygon","coordinates":[[[-108.2106,36.728989],[-108.210603,36.728898],[-108.210267,36.728891],[-108.210264,36.728981],[-108.2106,36.728989]]]},"properties":{"class":"invasive_woody","min_prob":0.5}},{"type":"Feature","geometry":{"type":"Polygon","coordinates":[[[-108.210152,36.728978],[-108.210155,36.728888],[-108.210043,36.728885],[-108.21004,36.728975],[-108.210152,36.728978]]]},"properties":{"class":"invasive_woody","min_prob":0.5}},{"type":"Feature","geometry":{"type":"Polygon","coordinates":[[[-108.209704,36.728968],[-108.209708,36.728877],[-108.209596,36.728875],[-108.209592,36.728965],[-108.209704,36.728968]]]},"properties":{"class":"invasive_woody","min_prob":0.5}},{"type":"Feature","geometry":{"type":"Polygon","coordinates":[[[-108.209481,36.728962],[-108.209484,36.728872],[-108.209372,36.72887],[-108.209369,36.72896],[-108.209481,36.728962]]]},"properties":{"class":"invasive_woody","min_prob":0.5}},{"type":"Feature","geometry":{"type":"Polygon","coordinates":[[[-108.195379,36.728631],[-108.195383,36.72854],[-108.195271,36.728538],[-108.195267,36.728628],[-108.195379,36.728631]]]},"properties":{"class":"invasive_woody","min_prob":0.5}},{"type":"Feature","geometry":{"type":"Polygon","coordinates":[[[-108.194708,36.728615],[-108.194711,36.728525],[-108.194599,36.728522],[-108.194596,36.728612],[-108.194708,36.728615]]]},"properties":{"class":"invasive_woody","min_prob":0.5}},{"type":"Feature","geometry":{"type":"Polygon","coordinates":[[[-108.223793,36.729658],[-108.223803,36.729388],[-108.223355,36.729377],[-108.223358,36.729287],[-108.223134,36.729282],[-108.223141,36.729102],[-108.222917,36.729096],[-108.22291,36.729277],[-108.223022,36.729279],[-108.223019,36.729369],[-108.223131,36.729372],[-108.223125,36.729552],[-108.223236,36.729555],[-108.22324,36.729465],[-108.223352,36.729467],[-108.223348,36.729557],[-108.22346,36.72956],[-108.223457,36.72965],[-108.223793,36.729658]]]},"properties":{"class":"invasive_woody","min_prob":0.5}},{"type":"Feature","geometry":{"type":"Polygon","coordinates":[[[-108.317489,36.731357],[-108.317492,36.731267],[-108.317156,36.73126],[-108.317153,36.73135],[-108.317489,36.731357]]]},"properties":{"class":"invasive_woody","min_prob":0.5}},{"type":"Feature","geometry":{"type":"Polygon","coordinates":[[[-108.285813,36.730639],[-108.285816,36.730549],[-108.285705,36.730546],[-108.285701,36.730636],[-108.285813,36.730639]]]},"properties":{"class":"invasive_woody","min_prob":0.5}},{"type":"Feature","geometry":{"type":"Polygon","coordinates":[[[-108.281896,36.730549],[-108.281899,36.730459],[-108.281787,36.730457],[-108.281784,36.730547],[-108.281896,36.730549]]]},"properties":{"class":"invasive_woody","min_prob":0.5}},{"type":"Feature","geometry":{"type":"Polygon","coordinates":[[[-108.221235,36.729147],[-108.221238,36.729057],[-108.221126,36.729055],[-108.221123,36.729145],[-108.221235,36.729147]]]},"properties":{"class":"invasive_woody","min_prob":0.5}},{"type":"Feature","geometry":{"type":"Polygon","coordinates":[[[-108.208812,36.728856],[-108.208816,36.728766],[-108.208704,36.728764],[-108.2087,36.728854],[-108.208812,36.728856]]]},"properties":{"class":"invasive_woody","min_prob":0.5}},{"type":"Feature","geometry":{"type":"Polygon","coordinates":[[[-108.208253,36.728843],[-108.208256,36.728753],[-108.208144,36.728751],[-108.208141,36.728841],[-108.208253,36.728843]]]},"properties":{"class":"invasive_woody","min_prob":0.5}},{"type":"Feature","geometry":{"type":"Polygon","coordinates":[[[-108.195159,36.728535],[-108.195162,36.728445],[-108.194938,36.72844],[-108.194935,36.72853],[-108.195159,36.728535]]]},"properties":{"class":"invasive_woody","min_prob":0.5}},{"type":"Feature","geometry":{"type":"Polygon","coordinates":[[[-108.272267,36.730419],[-108.27227,36.730329],[-108.272047,36.730324],[-108.27205,36.730234],[-108.271938,36.730231],[-108.271941,36.730141],[-108.271717,36.730136],[-108.271714,36.730226],[-108.271826,36.730228],[-108.271823,36.730319],[-108.271935,36.730321],[-108.271931,36.730411],[-108.272267,36.730419]]]},"properties":{"class":"invasive_woody","min_prob":0.5}},{"type":"Feature","geometry":{"type":"Polygon","coordinates":[[[-108.19851,36.728795],[-108.198513,36.728704],[-108.198625,36.728707],[-108.198635,36.728437],[-108.198523,36.728434],[-108.198516,36.728614],[-108.198292,36.728609],[-108.198296,36.728519],[-108.198072,36.728514],[-108.198069,36.728604],[-108.19818,36.728606],[-108.198177,36.728697],[-108.198401,36.728702],[-108.198398,36.728792],[-108.19851,36.728795]]]},"properties":{"class":"invasive_woody","min_prob":0.5}},{"type":"Feature","geometry":{"type":"Polygon","coordinates":[[[-108.213289,36.728961],[-108.213295,36.728781],[-108.213183,36.728779],[-108.21318,36.728869],[-108.213068,36.728866],[-108.213065,36.728956],[-108.213289,36.728961]]]},"properties":{"class":"invasive_woody","min_prob":0.5}},{"type":"Feature","geometry":{"type":"Polygon","coordinates":[[[-108.196278,36.728562],[-108.196284,36.728381],[-108.196173,36.728379],[-108.196169,36.728469],[-108.196057,36.728466],[-108.196054,36.728556],[-108.196278,36.728562]]]},"properties":{"class":"invasive_woody","min_prob":0.5}},{"type":"Feature","geometry":{"type":"Polygon","coordinates":[[[-108.222917,36.729096],[-108.22292,36.729006],[-108.222808,36.729004],[-108.222805,36.729094],[-108.222917,36.729096]]]},"properties":{"class":"invasive_woody","min_prob":0.5}},{"type":"Feature","geometry":{"type":"Polygon","coordinates":[[[-108.221126,36.729055],[-108.22113,36.728965],[-108.221018,36.728962],[-108.221014,36.729052],[-108.221126,36.729055]]]},"properties":{"class":"invasive_woody","min_prob":0.5}},{"type":"Feature","geometry":{"type":"Polygon","coordinates":[[[-108.219783,36.729023],[-108.219787,36.728933],[-108.219675,36.728931],[-108.219671,36.729021],[-108.219783,36.729023]]]},"properties":{"class":"invasive_woody","min_prob":0.5}},{"type":"Feature","geometry":{"type":"Polygon","coordinates":[[[-108.21609,36.728937],[-108.216093,36.728847],[-108.215869,36.728842],[-108.215866,36.728932],[-108.21609,36.728937]]]},"properties":{"class":"invasive_woody","min_prob":0.5}},{"type":"Feature","geometry":{"type":"Polygon","coordinates":[[[-108.212604,36.729306],[-108.212608,36.729216],[-108.213503,36.729237],[-108.213506,36.729147],[-108.213059,36.729136],[-108.213062,36.729046],[-108.21295,36.729044],[-108.212953,36.728954],[-108.212505,36.728943],[-108.212509,36.728853],[-108.212621,36.728856],[-108.212624,36.728766],[-108.212176,36.728755],[-108.21217,36.728935],[-108.212394,36.72894],[-108.21239,36.729031],[-108.212502,36.729033],[-108.212496,36.729213],[-108.212384,36.729211],[-108.212381,36.729301],[-108.212604,36.729306]]]},"properties":{"class":"invasive_woody","min_prob":0.5}},{"type":"Feature","geometry":{"type":"Polygon","coordinates":[[[-108.199974,36.728559],[-108.199978,36.728468],[-108.199866,36.728466],[-108.199862,36.728556],[-108.199974,36.728559]]]},"properties":{"class":"invasive_woody","min_prob":0.5}},{"type":"Feature","geometry":{"type":"Polygon","coordinates":[[[-108.221791,36.729251],[-108.221795,36.72916],[-108.222018,36.729166],[-108.222025,36.728985],[-108.221913,36.728983],[-108.221916,36.728893],[-108.221804,36.72889],[-108.221798,36.72907],[-108.221686,36.729068],[-108.221683,36.729158],[-108.221571,36.729155],[-108.221574,36.729065],[-108.22135,36.72906],[-108.221347,36.72915],[-108.221235,36.729147],[-108.221232,36.729237],[-108.221791,36.729251]]]},"properties":{"class":"invasive_woody","min_prob":0.5}},{"type":"Feature","geometry":{"type":"Polygon","coordinates":[[[-108.20982,36.72888],[-108.209829,36.72861],[-108.209717,36.728607],[-108.209708,36.728877],[-108.20982,36.72888]]]},"properties":{"class":"invasive_woody","min_prob":0.5}},{"type":"Feature","geometry":{"type":"Polygon","coordinates":[[[-108.220228,36.729124],[-108.220231,36.729034],[-108.220455,36.729039],[-108.220461,36.728859],[-108.220349,36.728856],[-108.220346,36.728946],[-108.220122,36.728941],[-108.220119,36.729031],[-108.219783,36.729023],[-108.21978,36.729113],[-108.220228,36.729124]]]},"properties":{"class":"invasive_woody","min_prob":0.5}},{"type":"Feature","geometry":{"type":"Polygon","coordinates":[[[-108.217993,36.728981],[-108.217996,36.728891],[-108.217884,36.728889],[-108.217887,36.728799],[-108.217551,36.728791],[-108.217548,36.728881],[-108.217772,36.728886],[-108.217769,36.728976],[-108.217993,36.728981]]]},"properties":{"class":"invasive_woody","min_prob":0.5}},{"type":"Feature","geometry":{"type":"Polygon","coordinates":[[[-108.308429,36.730972],[-108.308432,36.730882],[-108.30832,36.73088],[-108.308317,36.73097],[-108.308429,36.730972]]]},"properties":{"class":"invasive_woody","min_prob":0.5}},{"type":"Feature","geometry":{"type":"Polygon","coordinates":[[[-108.288394,36.730517],[-108.288397,36.730427],[-108.288285,36.730425],[-108.288282,36.730515],[-108.288394,36.730517]]]},"properties":{"class":"invasive_woody","min_prob":0.5}},{"type":"Feature","geometry":{"type":"Polygon","coordinates":[[[-108.271158,36.730123],[-108.271161,36.730033],[-108.271049,36.73003],[-108.271046,36.73012],[-108.271158,36.730123]]]},"properties":{"class":"invasive_woody","min_prob":0.5}},{"type":"Feature","geometry":{"type":"Polygon","coordinates":[[[-108.230083,36.729173],[-108.230086,36.729083],[-108.229862,36.729078],[-108.229859,36.729168],[-108.230083,36.729173]]]},"properties":{"class":"invasive_woody","min_prob":0.5}},{"type":"Feature","geometry":{"type":"Polygon","coordinates":[[[-108.229411,36.729158],[-108.229415,36.729068],[-108.229303,36.729065],[-108.229299,36.729155],[-108.229411,36.729158]]]},"properties":{"class":"invasive_woody","min_prob":0.5}},{"type":"Feature","geometry":{"type":"Polygon","coordinates":[[[-108.219675,36.728931],[-108.219678,36.72884],[-108.219342,36.728833],[-108.219339,36.728923],[-108.219675,36.728931]]]},"properties":{"class":"invasive_woody","min_prob":0.5}},{"type":"Feature","geometry":{"type":"Polygon","coordinates":[[[-108.21822,36.728897],[-108.218223,36.728806],[-108.217999,36.728801],[-108.217996,36.728891],[-108.21822,36.728897]]]},"properties":{"class":"invasive_woody","min_prob":0.5}},{"type":"Feature","geometry":{"type":"Polygon","coordinates":[[[-108.212848,36.728771],[-108.212851,36.728681],[-108.212627,36.728675],[-108.212624,36.728766],[-108.212848,36.728771]]]},"properties":{"class":"invasive_woody","min_prob":0.5}},{"type":"Feature","geometry":{"type":"Polygon","coordinates":[[[-108.20244,36.728526],[-108.202443,36.728436],[-108.202331,36.728434],[-108.202328,36.728524],[-108.20244,36.728526]]]},"properties":{"class":"invasive_woody","min_prob":0.5}},{"type":"Feature","geometry":{"type":"Polygon","coordinates":[[[-108.199866,36.728466],[-108.199869,36.728376],[-108.199757,36.728373],[-108.199754,36.728463],[-108.199866,36.728466]]]},"properties":{"class":"invasive_woody","min_prob":0.5}},{"type":"Feature","geometry":{"type":"Polygon","coordinates":[[[-108.198747,36.728439],[-108.19875,36.728349],[-108.198638,36.728347],[-108.198635,36.728437],[-108.198747,36.728439]]]},"properties":{"class":"invasive_woody","min_prob":0.5}},{"type":"Feature","geometry":{"type":"Polygon","coordinates":[[[-108.196396,36.728384],[-108.1964,36.728294],[-108.196288,36.728291],[-108.196284,36.728381],[-108.196396,36.728384]]]},"properties":{"class":"invasive_woody","min_prob":0.5}},{"type":"Feature","geometry":{"type":"Polygon","coordinates":[[[-108.251223,36.730025],[-108.251229,36.729844],[-108.251341,36.729847],[-108.251354,36.729487],[-108.251242,36.729484],[-108.251232,36.729754],[-108.25112,36.729752],[-108.251111,36.730022],[-108.251223,36.730025]]]},"properties":{"class":"invasive_woody","min_prob":0.5}},{"type":"Feature","geometry":{"type":"Polygon","coordinates":[[[-108.197065,36.72849],[-108.197068,36.7284],[-108.196956,36.728397],[-108.196959,36.728307],[-108.196735,36.728302],[-108.196739,36.728212],[-108.196627,36.728209],[-108.19662,36.728389],[-108.196844,36.728395],[-108.196841,36.728485],[-108.197065,36.72849]]]},"properties":{"class":"invasive_woody","min_prob":0.5}},{"type":"Feature","geometry":{"type":"Polygon","coordinates":[[[-108.192812,36.72839],[-108.192822,36.728119],[-108.19271,36.728117],[-108.1927,36.728387],[-108.192812,36.72839]]]},"properties":{"class":"invasive_woody","min_prob":0.5}},{"type":"Feature","geometry":{"type":"Polygon","coordinates":[[[-108.208035,36.728658],[-108.208042,36.728478],[-108.20793,36.728475],[-108.207923,36.728655],[-108.208035,36.728658]]]},"properties":{"class":"invasive_woody","min_prob":0.5}},{"type":"Feature","geometry":{"type":"Polygon","coordinates":[[[-108.207242,36.72891],[-108.207245,36.72882],[-108.207357,36.728822],[-108.207361,36.728732],[-108.207249,36.72873],[-108.207252,36.728639],[-108.207364,36.728642],[-108.20737,36.728462],[-108.207147,36.728457],[-108.20714,36.728637],[-108.207028,36.728634],[-108.207025,36.728724],[-108.207137,36.728727],[-108.20713,36.728907],[-108.207242,36.72891]]]},"properties":{"class":"invasive_woody","min_prob":0.5}},{"type":"Feature","geometry":{"type":"Polygon","coordinates":[[[-108.200396,36.72929],[-108.200399,36.7292],[-108.200735,36.729208],[-108.200738,36.729117],[-108.200626,36.729115],[-108.200629,36.729025],[-108.200406,36.729019],[-108.200409,36.728929],[-108.200521,36.728932],[-108.200524,36.728842],[-108.200412,36.728839],[-108.200415,36.728749],[-108.200527,36.728752],[-108.200531,36.728662],[-108.200643,36.728664],[-108.200649,36.728484],[-108.200873,36.72849],[-108.200879,36.728309],[-108.200768,36.728307],[-108.200764,36.728397],[-108.20054,36.728392],[-108.200537,36.728482],[-108.200425,36.728479],[-108.200422,36.728569],[-108.20031,36.728566],[-108.200304,36.728747],[-108.200192,36.728744],[-108.200188,36.728834],[-108.200076,36.728831],[-108.200086,36.728561],[-108.199974,36.728559],[-108.199955,36.729099],[-108.200067,36.729102],[-108.20007,36.729012],[-108.200182,36.729014],[-108.200178,36.729104],[-108.20029,36.729107],[-108.200287,36.729197],[-108.200175,36.729194],[-108.200172,36.729284],[-108.200396,36.72929]]]},"properties":{"class":"invasive_woody","min_prob":0.5}},{"type":"Feature","geometry":{"type":"Polygon","coordinates":[[[-108.269482,36.729994],[-108.269485,36.729904],[-108.269373,36.729902],[-108.26937,36.729992],[-108.269482,36.729994]]]},"properties":{"class":"invasive_woody","min_prob":0.5}},{"type":"Feature","geometry":{"type":"Polygon","coordinates":[[[-108.220909,36.728869],[-108.220912,36.728779],[-108.2208,36.728777],[-108.220797,36.728867],[-108.220909,36.728869]]]},"properties":{"class":"invasive_woody","min_prob":0.5}},{"type":"Feature","geometry":{"type":"Polygon","coordinates":[[[-108.219342,36.728833],[-108.219345,36.728743],[-108.21901,36.728735],[-108.219006,36.728825],[-108.219342,36.728833]]]},"properties":{"class":"invasive_woody","min_prob":0.5}},{"type":"Feature","geometry":{"type":"Polygon","coordinates":[[[-108.218894,36.728822],[-108.218898,36.728732],[-108.218338,36.728719],[-108.218335,36.728809],[-108.218894,36.728822]]]},"properties":{"class":"invasive_woody","min_prob":0.5}},{"type":"Feature","geometry":{"type":"Polygon","coordinates":[[[-108.210389,36.728623],[-108.210392,36.728533],[-108.21028,36.72853],[-108.210277,36.72862],[-108.210389,36.728623]]]},"properties":{"class":"invasive_woody","min_prob":0.5}},{"type":"Feature","geometry":{"type":"Polygon","coordinates":[[[-108.199757,36.728373],[-108.19976,36.728283],[-108.199648,36.72828],[-108.199645,36.72837],[-108.199757,36.728373]]]},"properties":{"class":"invasive_woody","min_prob":0.5}},{"type":"Feature","geometry":{"type":"Polygon","coordinates":[[[-108.198974,36.728355],[-108.198977,36.728265],[-108.198865,36.728262],[-108.198862,36.728352],[-108.198974,36.728355]]]},"properties":{"class":"invasive_woody","min_prob":0.5}},{"type":"Feature","geometry":{"type":"Polygon","coordinates":[[[-108.195616,36.728276],[-108.19562,36.728185],[-108.195508,36.728183],[-108.195504,36.728273],[-108.195616,36.728276]]]},"properties":{"class":"invasive_woody","min_prob":0.5}},{"type":"Feature","geometry":{"type":"Polygon","coordinates":[[[-108.203101,36.728812],[-108.203111,36.728542],[-108.202999,36.72854],[-108.203009,36.728269],[-108.202785,36.728264],[-108.202782,36.728354],[-108.20267,36.728351],[-108.202667,36.728442],[-108.202891,36.728447],[-108.202878,36.728807],[-108.203101,36.728812]]]},"properties":{"class":"invasive_woody","min_prob":0.5}},{"type":"Feature","geometry":{"type":"Polygon","coordinates":[[[-108.204214,36.729019],[-108.204224,36.728749],[-108.204112,36.728746],[-108.204115,36.728656],[-108.204227,36.728659],[-108.204234,36.728478],[-108.20401,36.728473],[-108.204013,36.728383],[-108.203901,36.72838],[-108.203904,36.72829],[-108.203792,36.728288],[-108.203789,36.728378],[-108.203677,36.728375],[-108.203674,36.728465],[-108.203786,36.728468],[-108.203779,36.728648],[-108.203891,36.728651],[-108.203888,36.728741],[-108.204,36.728743],[-108.203997,36.728833],[-108.204109,36.728836],[-108.204102,36.729016],[-108.204214,36.729019]]]},"properties":{"class":"invasive_woody","min_prob":0.5}},{"type":"Feature","geometry":{"type":"Polygon","coordinates":[[[-108.313338,36.731534],[-108.313341,36.731444],[-108.313677,36.731452],[-108.31368,36.731362],[-108.314128,36.731372],[-108.314131,36.731282],[-108.314802,36.731297],[-108.314805,36.731207],[-108.315365,36.731219],[-108.315368,36.731129],[-108.315704,36.731137],[-108.315707,36.731047],[-108.315483,36.731042],[-108.315486,36.730951],[-108.315374,36.730949],[-108.315378,36.730859],[-108.314258,36.730834],[-108.314255,36.730924],[-108.314143,36.730921],[-108.31414,36.731011],[-108.313804,36.731004],[-108.313801,36.731094],[-108.31313,36.731079],[-108.313127,36.731169],[-108.312903,36.731164],[-108.3129,36.731254],[-108.312676,36.731249],[-108.312673,36.731339],[-108.312449,36.731334],[-108.312446,36.731424],[-108.312222,36.731419],[-108.312219,36.731509],[-108.313338,36.731534]],[[-108.313568,36.731359],[-108.313456,36.731356],[-108.313459,36.731266],[-108.313347,36.731264],[-108.31335,36.731174],[-108.314134,36.731191],[-108.314131,36.731282],[-108.313571,36.731269],[-108.313568,36.731359]],[[-108.314809,36.731117],[-108.314361,36.731106],[-108.314367,36.730926],[-108.314927,36.730939],[-108.314924,36.731029],[-108.314812,36.731026],[-108.314809,36.731117]]]},"properties":{"class":"invasive_woody","min_prob":0.5}},{"type":"Feature","geometry":{"type":"Polygon","coordinates":[[[-108.217551,36.728791],[-108.217558,36.728611],[-108.217334,36.728605],[-108.217328,36.728786],[-108.217551,36.728791]]]},"properties":{"class":"invasive_woody","min_prob":0.5}},{"type":"Feature","geometry":{"type":"Polygon","coordinates":[[[-108.215201,36.728736],[-108.215204,36.728646],[-108.215093,36.728643],[-108.215096,36.728553],[-108.214984,36.72855],[-108.214977,36.72873],[-108.215201,36.728736]]]},"properties":{"class":"invasive_woody","min_prob":0.5}},{"type":"Feature","geometry":{"type":"Polygon","coordinates":[[[-108.19349,36.728225],[-108.193496,36.728045],[-108.193385,36.728043],[-108.193378,36.728223],[-108.19349,36.728225]]]},"properties":{"class":"invasive_woody","min_prob":0.5}},{"type":"Feature","geometry":{"type":"Polygon","coordinates":[[[-108.312688,36.730888],[-108.312691,36.730798],[-108.312579,36.730796],[-108.312576,36.730886],[-108.312688,36.730888]]]},"properties":{"class":"invasive_woody","min_prob":0.5}},{"type":"Feature","geometry":{"type":"Polygon","coordinates":[[[-108.310114,36.73083],[-108.310117,36.73074],[-108.310005,36.730737],[-108.310002,36.730828],[-108.310114,36.73083]]]},"properties":{"class":"invasive_woody","min_prob":0.5}},{"type":"Feature","geometry":{"type":"Polygon","coordinates":[[[-108.288512,36.73034],[-108.288515,36.730249],[-108.288403,36.730247],[-108.2884,36.730337],[-108.288512,36.73034]]]},"properties":{"class":"invasive_woody","min_prob":0.5}},{"type":"Feature","geometry":{"type":"Polygon","coordinates":[[[-108.269261,36.729899],[-108.269264,36.729809],[-108.269153,36.729806],[-108.269149,36.729897],[-108.269261,36.729899]]]},"properties":{"class":"invasive_woody","min_prob":0.5}},{"type":"Feature","geometry":{"type":"Polygon","coordinates":[[[-108.249675,36.729448],[-108.249678,36.729358],[-108.249566,36.729355],[-108.249563,36.729445],[-108.249675,36.729448]]]},"properties":{"class":"invasive_woody","min_prob":0.5}},{"type":"Feature","geometry":{"type":"Polygon","coordinates":[[[-108.243855,36.729313],[-108.243859,36.729223],[-108.243747,36.72922],[-108.243743,36.72931],[-108.243855,36.729313]]]},"properties":{"class":"invasive_woody","min_prob":0.5}},{"type":"Feature","geometry":{"type":"Polygon","coordinates":[[[-108.230537,36.729004],[-108.23054,36.728914],[-108.230428,36.728911],[-108.230425,36.729001],[-108.230537,36.729004]]]},"properties":{"class":"invasive_woody","min_prob":0.5}},{"type":"Feature","geometry":{"type":"Polygon","coordinates":[[[-108.211054,36.728819],[-108.21106,36.728639],[-108.210948,36.728636],[-108.210952,36.728546],[-108.211064,36.728549],[-108.211067,36.728459],[-108.210843,36.728453],[-108.21084,36.728543],[-108.210616,36.728538],[-108.210613,36.728628],[-108.210837,36.728633],[-108.210833,36.728724],[-108.210945,36.728726],[-108.210942,36.728816],[-108.211054,36.728819]]]},"properties":{"class":"invasive_woody","min_prob":0.5}},{"type":"Feature","geometry":{"type":"Polygon","coordinates":[[[-108.202334,36.728344],[-108.202338,36.728254],[-108.202226,36.728251],[-108.202222,36.728341],[-108.202334,36.728344]]]},"properties":{"class":"invasive_woody","min_prob":0.5}},{"type":"Feature","geometry":{"type":"Polygon","coordinates":[[[-108.20211,36.728338],[-108.202114,36.728248],[-108.201778,36.72824],[-108.201775,36.72833],[-108.20211,36.728338]]]},"properties":{"class":"invasive_woody","min_prob":0.5}},{"type":"Feature","geometry":{"type":"Polygon","coordinates":[[[-108.197186,36.728222],[-108.19719,36.728132],[-108.196966,36.728127],[-108.196962,36.728217],[-108.197186,36.728222]]]},"properties":{"class":"invasive_woody","min_prob":0.5}},{"type":"Feature","geometry":{"type":"Polygon","coordinates":[[[-108.220573,36.728861],[-108.220583,36.728591],[-108.220471,36.728589],[-108.220461,36.728859],[-108.220573,36.728861]]]},"properties":{"class":"invasive_woody","min_prob":0.5}},{"type":"Feature","geometry":{"type":"Polygon","coordinates":[[[-108.215534,36.728834],[-108.215537,36.728744],[-108.215649,36.728746],[-108.215659,36.728476],[-108.215547,36.728473],[-108.21554,36.728654],[-108.215428,36.728651],[-108.215425,36.728741],[-108.215201,36.728736],[-108.215198,36.728826],[-108.215534,36.728834]]]},"properties":{"class":"invasive_woody","min_prob":0.5}},{"type":"Feature","geometry":{"type":"Polygon","coordinates":[[[-108.209161,36.728504],[-108.209168,36.728324],[-108.209056,36.728321],[-108.209049,36.728501],[-108.209161,36.728504]]]},"properties":{"class":"invasive_woody","min_prob":0.5}},{"type":"Feature","geometry":{"type":"Polygon","coordinates":[[[-108.199648,36.72828],[-108.199652,36.72819],[-108.19954,36.728188],[-108.199543,36.728098],[-108.199431,36.728095],[-108.199428,36.728185],[-108.199092,36.728177],[-108.199089,36.728267],[-108.199648,36.72828]]]},"properties":{"class":"invasive_woody","min_prob":0.5}},{"type":"Feature","geometry":{"type":"Polygon","coordinates":[[[-108.308774,36.73071],[-108.308777,36.73062],[-108.308665,36.730617],[-108.308662,36.730707],[-108.308774,36.73071]]]},"properties":{"class":"invasive_woody","min_prob":0.5}},{"type":"Feature","geometry":{"type":"Polygon","coordinates":[[[-108.306423,36.730656],[-108.306427,36.730566],[-108.306315,36.730564],[-108.306312,36.730654],[-108.306423,36.730656]]]},"properties":{"class":"invasive_woody","min_prob":0.5}},{"type":"Feature","geometry":{"type":"Polygon","coordinates":[[[-108.271503,36.72986],[-108.271506,36.72977],[-108.27117,36.729763],[-108.271167,36.729853],[-108.271503,36.72986]]]},"properties":{"class":"invasive_woody","min_prob":0.5}},{"type":"Feature","geometry":{"type":"Polygon","coordinates":[[[-108.2696,36.729817],[-108.269603,36.729727],[-108.269492,36.729724],[-108.269488,36.729814],[-108.2696,36.729817]]]},"properties":{"class":"invasive_woody","min_prob":0.5}},{"type":"Feature","geometry":{"type":"Polygon","coordinates":[[[-108.24397,36.729226],[-108.243974,36.729135],[-108.243862,36.729133],[-108.243859,36.729223],[-108.24397,36.729226]]]},"properties":{"class":"invasive_woody","min_prob":0.5}},{"type":"Feature","geometry":{"type":"Polygon","coordinates":[[[-108.221699,36.728707],[-108.221702,36.728617],[-108.221478,36.728612],[-108.221475,36.728702],[-108.221699,36.728707]]]},"properties":{"class":"invasive_woody","min_prob":0.5}},{"type":"Feature","geometry":{"type":"Polygon","coordinates":[[[-108.208941,36.728409],[-108.208944,36.728319],[-108.208832,36.728316],[-108.208829,36.728406],[-108.208941,36.728409]]]},"properties":{"class":"invasive_woody","min_prob":0.5}},{"type":"Feature","geometry":{"type":"Polygon","coordinates":[[[-108.201103,36.728315],[-108.201107,36.728225],[-108.20133,36.72823],[-108.201334,36.72814],[-108.200998,36.728132],[-108.200995,36.728222],[-108.200883,36.728219],[-108.200879,36.728309],[-108.201103,36.728315]]]},"properties":{"class":"invasive_woody","min_prob":0.5}},{"type":"Feature","geometry":{"type":"Polygon","coordinates":[[[-108.198085,36.728153],[-108.198088,36.728063],[-108.197864,36.728058],[-108.197861,36.728148],[-108.198085,36.728153]]]},"properties":{"class":"invasive_woody","min_prob":0.5}},{"type":"Feature","geometry":{"type":"Polygon","coordinates":[[[-108.197301,36.728135],[-108.197305,36.728045],[-108.197193,36.728042],[-108.19719,36.728132],[-108.197301,36.728135]]]},"properties":{"class":"invasive_woody","min_prob":0.5}},{"type":"Feature","geometry":{"type":"Polygon","coordinates":[[[-108.195287,36.728087],[-108.19529,36.727997],[-108.195178,36.727995],[-108.195175,36.728085],[-108.195287,36.728087]]]},"properties":{"class":"invasive_woody","min_prob":0.5}},{"type":"Feature","geometry":{"type":"Polygon","coordinates":[[[-108.198421,36.728161],[-108.198427,36.727981],[-108.198315,36.727978],[-108.198312,36.728069],[-108.1982,36.728066],[-108.198197,36.728156],[-108.198421,36.728161]]]},"properties":{"class":"invasive_woody","min_prob":0.5}},{"type":"Feature","geometry":{"type":"Polygon","coordinates":[[[-108.291205,36.730221],[-108.291208,36.730131],[-108.291096,36.730128],[-108.291093,36.730218],[-108.291205,36.730221]]]},"properties":{"class":"invasive_woody","min_prob":0.5}},{"type":"Feature","geometry":{"type":"Polygon","coordinates":[[[-108.270051,36.729737],[-108.270054,36.729647],[-108.269942,36.729644],[-108.269939,36.729734],[-108.270051,36.729737]]]},"properties":{"class":"invasive_woody","min_prob":0.5}},{"type":"Feature","geometry":{"type":"Polygon","coordinates":[[[-108.244086,36.729138],[-108.244089,36.729048],[-108.243977,36.729045],[-108.243974,36.729135],[-108.244086,36.729138]]]},"properties":{"class":"invasive_woody","min_prob":0.5}},{"type":"Feature","geometry":{"type":"Polygon","coordinates":[[[-108.223717,36.728664],[-108.22372,36.728574],[-108.223608,36.728572],[-108.223605,36.728662],[-108.223717,36.728664]]]},"properties":{"class":"invasive_woody","min_prob":0.5}},{"type":"Feature","geometry":{"type":"Polygon","coordinates":[[[-108.222933,36.728646],[-108.222936,36.728556],[-108.222713,36.728551],[-108.222709,36.728641],[-108.222933,36.728646]]]},"properties":{"class":"invasive_woody","min_prob":0.5}},{"type":"Feature","geometry":{"type":"Polygon","coordinates":[[[-108.217785,36.728526],[-108.217788,36.728436],[-108.217676,36.728433],[-108.217673,36.728523],[-108.217785,36.728526]]]},"properties":{"class":"invasive_woody","min_prob":0.5}},{"type":"Feature","geometry":{"type":"Polygon","coordinates":[[[-108.197752,36.728055],[-108.197756,36.727965],[-108.197644,36.727963],[-108.197641,36.728053],[-108.197752,36.728055]]]},"properties":{"class":"invasive_woody","min_prob":0.5}},{"type":"Feature","geometry":{"type":"Polygon","coordinates":[[[-108.195626,36.728005],[-108.195629,36.727915],[-108.195406,36.72791],[-108.195402,36.728],[-108.195626,36.728005]]]},"properties":{"class":"invasive_woody","min_prob":0.5}},{"type":"Feature","geometry":{"type":"Polygon","coordinates":[[[-108.236139,36.728954],[-108.236146,36.728774],[-108.236034,36.728771],[-108.236027,36.728951],[-108.236139,36.728954]]]},"properties":{"class":"invasive_woody","min_prob":0.5}},{"type":"Feature","geometry":{"type":"Polygon","coordinates":[[[-108.212858,36.728501],[-108.212861,36.72841],[-108.213085,36.728416],[-108.213088,36.728326],[-108.212864,36.72832],[-108.212867,36.72823],[-108.212755,36.728228],[-108.212746,36.728498],[-108.212858,36.728501]]]},"properties":{"class":"invasive_woody","min_prob":0.5}},{"type":"Feature","geometry":{"type":"Polygon","coordinates":[[[-108.209056,36.728321],[-108.209062,36.728141],[-108.208838,36.728136],[-108.208835,36.728226],[-108.208947,36.728228],[-108.208944,36.728319],[-108.209056,36.728321]]]},"properties":{"class":"invasive_woody","min_prob":0.5}},{"type":"Feature","geometry":{"type":"Polygon","coordinates":[[[-108.197417,36.728047],[-108.197423,36.727867],[-108.197311,36.727865],[-108.197305,36.728045],[-108.197417,36.728047]]]},"properties":{"class":"invasive_woody","min_prob":0.5}},{"type":"Feature","geometry":{"type":"Polygon","coordinates":[[[-108.215662,36.728386],[-108.215665,36.728296],[-108.215553,36.728293],[-108.21555,36.728383],[-108.215662,36.728386]]]},"properties":{"class":"invasive_woody","min_prob":0.5}},{"type":"Feature","geometry":{"type":"Polygon","coordinates":[[[-108.200442,36.728029],[-108.200445,36.727938],[-108.199885,36.727925],[-108.199882,36.728015],[-108.200442,36.728029]]]},"properties":{"class":"invasive_woody","min_prob":0.5}},{"type":"Feature","geometry":{"type":"Polygon","coordinates":[[[-108.195294,36.727907],[-108.195297,36.727817],[-108.195185,36.727815],[-108.195182,36.727905],[-108.195294,36.727907]]]},"properties":{"class":"invasive_woody","min_prob":0.5}},{"type":"Feature","geometry":{"type":"Polygon","coordinates":[[[-108.193503,36.727865],[-108.193506,36.727775],[-108.193394,36.727772],[-108.193391,36.727862],[-108.193503,36.727865]]]},"properties":{"class":"invasive_woody","min_prob":0.5}},{"type":"Feature","geometry":{"type":"Polygon","coordinates":[[[-108.217104,36.72878],[-108.21711,36.7286],[-108.216998,36.728597],[-108.217005,36.728417],[-108.216893,36.728415],[-108.216896,36.728325],[-108.216672,36.728319],[-108.216676,36.728229],[-108.216564,36.728227],[-108.21656,36.728317],[-108.216449,36.728314],[-108.216442,36.728494],[-108.216554,36.728497],[-108.216544,36.728767],[-108.217104,36.72878]]]},"properties":{"class":"invasive_woody","min_prob":0.5}},{"type":"Feature","geometry":{"type":"Polygon","coordinates":[[[-108.251466,36.729489],[-108.251482,36.729039],[-108.25137,36.729036],[-108.251354,36.729487],[-108.251466,36.729489]]]},"properties":{"class":"invasive_woody","min_prob":0.5}},{"type":"Feature","geometry":{"type":"Polygon","coordinates":[[[-108.2161,36.728667],[-108.216103,36.728577],[-108.216215,36.728579],[-108.216228,36.728219],[-108.215892,36.728211],[-108.215879,36.728571],[-108.215991,36.728574],[-108.215988,36.728664],[-108.2161,36.728667]]]},"properties":{"class":"invasive_woody","min_prob":0.5}},{"type":"Feature","geometry":{"type":"Polygon","coordinates":[[[-108.21264,36.728315],[-108.212647,36.728135],[-108.212535,36.728132],[-108.212532,36.728222],[-108.212196,36.728215],[-108.212193,36.728305],[-108.21264,36.728315]]]},"properties":{"class":"invasive_woody","min_prob":0.5}},{"type":"Feature","geometry":{"type":"Polygon","coordinates":[[[-108.197644,36.727963],[-108.19765,36.727783],[-108.197538,36.72778],[-108.197532,36.72796],[-108.197644,36.727963]]]},"properties":{"class":"invasive_woody","min_prob":0.5}},{"type":"Feature","geometry":{"type":"Polygon","coordinates":[[[-108.243644,36.728948],[-108.243648,36.728857],[-108.243536,36.728855],[-108.243532,36.728945],[-108.243644,36.728948]]]},"properties":{"class":"invasive_woody","min_prob":0.5}},{"type":"Feature","geometry":{"type":"Polygon","coordinates":[[[-108.220478,36.728408],[-108.220481,36.728318],[-108.220369,36.728316],[-108.220366,36.728406],[-108.220478,36.728408]]]},"properties":{"class":"invasive_woody","min_prob":0.5}},{"type":"Feature","geometry":{"type":"Polygon","coordinates":[[[-108.213651,36.728249],[-108.213654,36.728159],[-108.213542,36.728156],[-108.213539,36.728246],[-108.213651,36.728249]]]},"properties":{"class":"invasive_woody","min_prob":0.5}},{"type":"Feature","geometry":{"type":"Polygon","coordinates":[[[-108.204026,36.728023],[-108.204029,36.727933],[-108.203917,36.72793],[-108.203914,36.72802],[-108.204026,36.728023]]]},"properties":{"class":"invasive_woody","min_prob":0.5}},{"type":"Feature","geometry":{"type":"Polygon","coordinates":[[[-108.200669,36.727944],[-108.200672,36.727854],[-108.20056,36.727851],[-108.200557,36.727941],[-108.200669,36.727944]]]},"properties":{"class":"invasive_woody","min_prob":0.5}},{"type":"Feature","geometry":{"type":"Polygon","coordinates":[[[-108.209372,36.72887],[-108.209385,36.728509],[-108.209944,36.728522],[-108.209941,36.728612],[-108.210165,36.728618],[-108.210168,36.728528],[-108.210056,36.728525],[-108.21006,36.728435],[-108.209836,36.72843],[-108.209839,36.72834],[-108.209727,36.728337],[-108.20973,36.728247],[-108.209842,36.728249],[-108.209852,36.727979],[-108.20974,36.727977],[-108.209737,36.728067],[-108.209625,36.728064],[-108.209622,36.728154],[-108.20951,36.728152],[-108.209513,36.728061],[-108.209401,36.728059],[-108.209395,36.728239],[-108.209619,36.728244],[-108.209615,36.728334],[-108.20928,36.728326],[-108.20926,36.728867],[-108.209372,36.72887]]]},"properties":{"class":"invasive_woody","min_prob":0.5}},{"type":"Feature","geometry":{"type":"Polygon","coordinates":[[[-108.206936,36.728091],[-108.206942,36.727911],[-108.206383,36.727898],[-108.20638,36.727988],[-108.206491,36.727991],[-108.206488,36.728081],[-108.206936,36.728091]]]},"properties":{"class":"invasive_woody","min_prob":0.5}},{"type":"Feature","geometry":{"type":"Polygon","coordinates":[[[-108.193167,36.727857],[-108.193171,36.727767],[-108.193394,36.727772],[-108.193398,36.727682],[-108.193286,36.72768],[-108.193289,36.72759],[-108.193065,36.727584],[-108.193055,36.727854],[-108.193167,36.727857]]]},"properties":{"class":"invasive_woody","min_prob":0.5}},{"type":"Feature","geometry":{"type":"Polygon","coordinates":[[[-108.309794,36.730372],[-108.309797,36.730282],[-108.309685,36.730279],[-108.309682,36.73037],[-108.309794,36.730372]]]},"properties":{"class":"invasive_woody","min_prob":0.5}},{"type":"Feature","geometry":{"type":"Polygon","coordinates":[[[-108.286849,36.729851],[-108.286852,36.729761],[-108.286628,36.729756],[-108.286625,36.729846],[-108.286849,36.729851]]]},"properties":{"class":"invasive_woody","min_prob":0.5}},{"type":"Feature","geometry":{"type":"Polygon","coordinates":[[[-108.209625,36.728064],[-108.209628,36.727974],[-108.209516,36.727971],[-108.209513,36.728061],[-108.209625,36.728064]]]},"properties":{"class":"invasive_woody","min_prob":0.5}},{"type":"Feature","geometry":{"type":"Polygon","coordinates":[[[-108.196195,36.727748],[-108.196199,36.727658],[-108.196087,36.727655],[-108.196084,36.727746],[-108.196195,36.727748]]]},"properties":{"class":"invasive_woody","min_prob":0.5}},{"type":"Feature","geometry":{"type":"Polygon","coordinates":[[[-108.195412,36.72773],[-108.195415,36.72764],[-108.195192,36.727634],[-108.195188,36.727724],[-108.195412,36.72773]]]},"properties":{"class":"invasive_woody","min_prob":0.5}},{"type":"Feature","geometry":{"type":"Polygon","coordinates":[[[-108.194836,36.728167],[-108.194839,36.728077],[-108.194951,36.72808],[-108.194955,36.727989],[-108.195067,36.727992],[-108.195073,36.727812],[-108.194961,36.727809],[-108.194971,36.727539],[-108.194523,36.727528],[-108.19452,36.727619],[-108.194408,36.727616],[-108.194402,36.727796],[-108.194737,36.727804],[-108.194734,36.727894],[-108.194846,36.727897],[-108.194843,36.727987],[-108.194059,36.727968],[-108.194069,36.727698],[-108.193845,36.727693],[-108.193839,36.727873],[-108.193727,36.72787],[-108.193724,36.72796],[-108.193835,36.727963],[-108.193832,36.728053],[-108.194056,36.728058],[-108.194053,36.728148],[-108.194836,36.728167]]]},"properties":{"class":"invasive_woody","min_prob":0.5}},{"type":"Feature","geometry":{"type":"Polygon","coordinates":[[[-108.222604,36.728458],[-108.222607,36.728368],[-108.222495,36.728365],[-108.222499,36.728275],[-108.222387,36.728273],[-108.22239,36.728183],[-108.222166,36.728177],[-108.22216,36.728357],[-108.222383,36.728363],[-108.22238,36.728453],[-108.222604,36.728458]]]},"properties":{"class":"invasive_woody","min_prob":0.5}},{"type":"Feature","geometry":{"type":"Polygon","coordinates":[[[-108.197538,36.72778],[-108.197545,36.7276],[-108.197433,36.727597],[-108.197427,36.727777],[-108.197538,36.72778]]]},"properties":{"class":"invasive_woody","min_prob":0.5}},{"type":"Feature","geometry":{"type":"Polygon","coordinates":[[[-108.309573,36.730277],[-108.309576,36.730187],[-108.309464,36.730184],[-108.309461,36.730274],[-108.309573,36.730277]]]},"properties":{"class":"invasive_woody","min_prob":0.5}},{"type":"Feature","geometry":{"type":"Polygon","coordinates":[[[-108.250814,36.728933],[-108.250817,36.728843],[-108.250705,36.72884],[-108.250702,36.728931],[-108.250814,36.728933]]]},"properties":{"class":"invasive_woody","min_prob":0.5}},{"type":"Feature","geometry":{"type":"Polygon","coordinates":[[[-108.245553,36.728811],[-108.245557,36.728721],[-108.245445,36.728719],[-108.245441,36.728809],[-108.245553,36.728811]]]},"properties":{"class":"invasive_woody","min_prob":0.5}},{"type":"Feature","geometry":{"type":"Polygon","coordinates":[[[-108.209404,36.727969],[-108.209408,36.727879],[-108.209296,36.727876],[-108.209293,36.727966],[-108.209404,36.727969]]]},"properties":{"class":"invasive_woody","min_prob":0.5}},{"type":"Feature","geometry":{"type":"Polygon","coordinates":[[[-108.207166,36.727916],[-108.207169,36.727826],[-108.207058,36.727823],[-108.207054,36.727914],[-108.207166,36.727916]]]},"properties":{"class":"invasive_woody","min_prob":0.5}},{"type":"Feature","geometry":{"type":"Polygon","coordinates":[[[-108.206383,36.727898],[-108.206386,36.727808],[-108.206274,36.727805],[-108.206271,36.727895],[-108.206383,36.727898]]]},"properties":{"class":"invasive_woody","min_prob":0.5}},{"type":"Feature","geometry":{"type":"Polygon","coordinates":[[[-108.201011,36.727771],[-108.201014,36.727681],[-108.200902,36.727679],[-108.200899,36.727769],[-108.201011,36.727771]]]},"properties":{"class":"invasive_woody","min_prob":0.5}},{"type":"Feature","geometry":{"type":"Polygon","coordinates":[[[-108.209069,36.727961],[-108.209075,36.727781],[-108.208851,36.727775],[-108.208848,36.727866],[-108.20896,36.727868],[-108.208957,36.727958],[-108.209069,36.727961]]]},"properties":{"class":"invasive_woody","min_prob":0.5}},{"type":"Feature","geometry":{"type":"Polygon","coordinates":[[[-108.20269,36.727811],[-108.202696,36.727631],[-108.202584,36.727628],[-108.202581,36.727718],[-108.202469,36.727716],[-108.202466,36.727806],[-108.20269,36.727811]]]},"properties":{"class":"invasive_woody","min_prob":0.5}},{"type":"Feature","geometry":{"type":"Polygon","coordinates":[[[-108.328156,36.730606],[-108.328159,36.730516],[-108.328047,36.730513],[-108.328044,36.730603],[-108.328156,36.730606]]]},"properties":{"class":"invasive_woody","min_prob":0.5}},{"type":"Feature","geometry":{"type":"Polygon","coordinates":[[[-108.327149,36.730583],[-108.327152,36.730493],[-108.326928,36.730488],[-108.326925,36.730578],[-108.327149,36.730583]]]},"properties":{"class":"invasive_woody","min_prob":0.5}},{"type":"Feature","geometry":{"type":"Polygon","coordinates":[[[-108.28831,36.729704],[-108.288314,36.729614],[-108.288202,36.729611],[-108.288199,36.729701],[-108.28831,36.729704]]]},"properties":{"class":"invasive_woody","min_prob":0.5}},{"type":"Feature","geometry":{"type":"Polygon","coordinates":[[[-108.287415,36.729683],[-108.287418,36.729593],[-108.287306,36.729591],[-108.287303,36.729681],[-108.287415,36.729683]]]},"properties":{"class":"invasive_woody","min_prob":0.5}},{"type":"Feature","geometry":{"type":"Polygon","coordinates":[[[-108.271186,36.729312],[-108.27119,36.729222],[-108.271078,36.72922],[-108.271074,36.72931],[-108.271186,36.729312]]]},"properties":{"class":"invasive_woody","min_prob":0.5}},{"type":"Feature","geometry":{"type":"Polygon","coordinates":[[[-108.220263,36.728133],[-108.220267,36.728043],[-108.220155,36.72804],[-108.220152,36.72813],[-108.220263,36.728133]]]},"properties":{"class":"invasive_woody","min_prob":0.5}},{"type":"Feature","geometry":{"type":"Polygon","coordinates":[[[-108.217242,36.728062],[-108.217245,36.727972],[-108.217133,36.727969],[-108.21713,36.72806],[-108.217242,36.728062]]]},"properties":{"class":"invasive_woody","min_prob":0.5}},{"type":"Feature","geometry":{"type":"Polygon","coordinates":[[[-108.217018,36.728057],[-108.217021,36.727967],[-108.216797,36.727962],[-108.216794,36.728052],[-108.217018,36.728057]]]},"properties":{"class":"invasive_woody","min_prob":0.5}},{"type":"Feature","geometry":{"type":"Polygon","coordinates":[[[-108.206274,36.727805],[-108.206277,36.727715],[-108.206054,36.72771],[-108.20605,36.7278],[-108.206274,36.727805]]]},"properties":{"class":"invasive_woody","min_prob":0.5}},{"type":"Feature","geometry":{"type":"Polygon","coordinates":[[[-108.200902,36.727679],[-108.200906,36.727589],[-108.200794,36.727586],[-108.20079,36.727676],[-108.200902,36.727679]]]},"properties":{"class":"invasive_woody","min_prob":0.5}},{"type":"Feature","geometry":{"type":"Polygon","coordinates":[[[-108.197657,36.727602],[-108.19766,36.727512],[-108.197548,36.72751],[-108.197545,36.7276],[-108.197657,36.727602]]]},"properties":{"class":"invasive_woody","min_prob":0.5}},{"type":"Feature","geometry":{"type":"Polygon","coordinates":[[[-108.197433,36.727597],[-108.197436,36.727507],[-108.197324,36.727504],[-108.197321,36.727594],[-108.197433,36.727597]]]},"properties":{"class":"invasive_woody","min_prob":0.5}},{"type":"Feature","geometry":{"type":"Polygon","coordinates":[[[-108.215553,36.728293],[-108.21556,36.728113],[-108.215448,36.72811],[-108.215451,36.72802],[-108.215339,36.728018],[-108.215342,36.727928],[-108.215119,36.727922],[-108.215122,36.727832],[-108.214898,36.727827],[-108.214892,36.728007],[-108.215003,36.72801],[-108.215,36.7281],[-108.215336,36.728108],[-108.215333,36.728198],[-108.215445,36.7282],[-108.215441,36.728291],[-108.215553,36.728293]]]},"properties":{"class":"invasive_woody","min_prob":0.5}},{"type":"Feature","geometry":{"type":"Polygon","coordinates":[[[-108.251373,36.728946],[-108.251383,36.728676],[-108.251271,36.728673],[-108.251261,36.728943],[-108.251373,36.728946]]]},"properties":{"class":"invasive_woody","min_prob":0.5}},{"type":"Feature","geometry":{"type":"Polygon","coordinates":[[[-108.208384,36.728305],[-108.208387,36.728215],[-108.208723,36.728223],[-108.208726,36.728133],[-108.208838,36.728136],[-108.208842,36.728046],[-108.20873,36.728043],[-108.208733,36.727953],[-108.208845,36.727956],[-108.208848,36.727866],[-108.208401,36.727855],[-108.208404,36.727765],[-108.20818,36.72776],[-108.208183,36.72767],[-108.207512,36.727654],[-108.207508,36.727744],[-108.207285,36.727739],[-108.207278,36.727919],[-108.207502,36.727924],[-108.207505,36.727834],[-108.208289,36.727852],[-108.208285,36.727942],[-108.208621,36.72795],[-108.208618,36.72804],[-108.208394,36.728035],[-108.208391,36.728125],[-108.208279,36.728123],[-108.208276,36.728213],[-108.208164,36.72821],[-108.20816,36.7283],[-108.208384,36.728305]]]},"properties":{"class":"invasive_woody","min_prob":0.5}},{"type":"Feature","geometry":{"type":"Polygon","coordinates":[[[-108.193964,36.727515],[-108.19397,36.727335],[-108.193747,36.72733],[-108.19374,36.72751],[-108.193964,36.727515]]]},"properties":{"class":"invasive_woody","min_prob":0.5}},{"type":"Feature","geometry":{"type":"Polygon","coordinates":[[[-108.327264,36.730495],[-108.327267,36.730405],[-108.327155,36.730403],[-108.327152,36.730493],[-108.327264,36.730495]]]},"properties":{"class":"invasive_woody","min_prob":0.5}},{"type":"Feature","geometry":{"type":"Polygon","coordinates":[[[-108.279584,36.729414],[-108.279587,36.729324],[-108.279475,36.729322],[-108.279472,36.729412],[-108.279584,36.729414]]]},"properties":{"class":"invasive_woody","min_prob":0.5}},{"type":"Feature","geometry":{"type":"Polygon","coordinates":[[[-108.269846,36.729191],[-108.26985,36.729101],[-108.269626,36.729096],[-108.269623,36.729186],[-108.269846,36.729191]]]},"properties":{"class":"invasive_woody","min_prob":0.5}},{"type":"Feature","geometry":{"type":"Polygon","coordinates":[[[-108.220043,36.728038],[-108.220046,36.727947],[-108.219822,36.727942],[-108.219819,36.728032],[-108.220043,36.728038]]]},"properties":{"class":"invasive_woody","min_prob":0.5}},{"type":"Feature","geometry":{"type":"Polygon","coordinates":[[[-108.217357,36.727975],[-108.21736,36.727885],[-108.217248,36.727882],[-108.217245,36.727972],[-108.217357,36.727975]]]},"properties":{"class":"invasive_woody","min_prob":0.5}},{"type":"Feature","geometry":{"type":"Polygon","coordinates":[[[-108.216574,36.727956],[-108.216577,36.727866],[-108.216465,36.727864],[-108.216462,36.727954],[-108.216574,36.727956]]]},"properties":{"class":"invasive_woody","min_prob":0.5}},{"type":"Feature","geometry":{"type":"Polygon","coordinates":[[[-108.206054,36.72771],[-108.206057,36.72762],[-108.205945,36.727617],[-108.205942,36.727707],[-108.206054,36.72771]]]},"properties":{"class":"invasive_woody","min_prob":0.5}},{"type":"Feature","geometry":{"type":"Polygon","coordinates":[[[-108.197324,36.727504],[-108.197328,36.727414],[-108.19688,36.727404],[-108.196877,36.727494],[-108.197324,36.727504]]]},"properties":{"class":"invasive_woody","min_prob":0.5}},{"type":"Feature","geometry":{"type":"Polygon","coordinates":[[[-108.221824,36.72835],[-108.22183,36.728169],[-108.221942,36.728172],[-108.221952,36.727902],[-108.221728,36.727897],[-108.221725,36.727987],[-108.221837,36.727989],[-108.221834,36.728079],[-108.221722,36.728077],[-108.221718,36.728167],[-108.221606,36.728164],[-108.221603,36.728254],[-108.221491,36.728252],[-108.221488,36.728342],[-108.221824,36.72835]]]},"properties":{"class":"invasive_woody","min_prob":0.5}},{"type":"Feature","geometry":{"type":"Polygon","coordinates":[[[-108.214108,36.727989],[-108.214118,36.727719],[-108.214006,36.727716],[-108.214003,36.727806],[-108.213891,36.727803],[-108.213884,36.727984],[-108.214108,36.727989]]]},"properties":{"class":"invasive_woody","min_prob":0.5}},{"type":"Feature","geometry":{"type":"Polygon","coordinates":[[[-108.326369,36.730475],[-108.326375,36.730295],[-108.326263,36.730293],[-108.326257,36.730473],[-108.326369,36.730475]]]},"properties":{"class":"invasive_woody","min_prob":0.5}},{"type":"Feature","geometry":{"type":"Polygon","coordinates":[[[-108.271081,36.729129],[-108.271084,36.729039],[-108.270748,36.729032],[-108.270745,36.729122],[-108.271081,36.729129]]]},"properties":{"class":"invasive_woody","min_prob":0.5}},{"type":"Feature","geometry":{"type":"Polygon","coordinates":[[[-108.251271,36.728673],[-108.251274,36.728583],[-108.251162,36.728581],[-108.251159,36.728671],[-108.251271,36.728673]]]},"properties":{"class":"invasive_woody","min_prob":0.5}},{"type":"Feature","geometry":{"type":"Polygon","coordinates":[[[-108.216353,36.727861],[-108.216356,36.727771],[-108.216244,36.727768],[-108.216241,36.727858],[-108.216353,36.727861]]]},"properties":{"class":"invasive_woody","min_prob":0.5}},{"type":"Feature","geometry":{"type":"Polygon","coordinates":[[[-108.215458,36.72784],[-108.215461,36.72775],[-108.215349,36.727747],[-108.215346,36.727838],[-108.215458,36.72784]]]},"properties":{"class":"invasive_woody","min_prob":0.5}},{"type":"Feature","geometry":{"type":"Polygon","coordinates":[[[-108.215234,36.727835],[-108.215237,36.727745],[-108.215125,36.727742],[-108.215122,36.727832],[-108.215234,36.727835]]]},"properties":{"class":"invasive_woody","min_prob":0.5}},{"type":"Feature","geometry":{"type":"Polygon","coordinates":[[[-108.203799,36.728108],[-108.203802,36.728017],[-108.203467,36.72801],[-108.20347,36.727919],[-108.203134,36.727912],[-108.203137,36.727822],[-108.203249,36.727824],[-108.203253,36.727734],[-108.203476,36.727739],[-108.20348,36.727649],[-108.203592,36.727652],[-108.203595,36.727562],[-108.203707,36.727564],[-108.20371,36.727474],[-108.203486,36.727469],[-108.203483,36.727559],[-108.203371,36.727557],[-108.203368,36.727647],[-108.203144,36.727641],[-108.203141,36.727731],[-108.202917,36.727726],[-108.202914,36.727816],[-108.202802,36.727814],[-108.202798,36.727904],[-108.20291,36.727906],[-108.202907,36.727996],[-108.203355,36.728007],[-108.203351,36.728097],[-108.203799,36.728108]]]},"properties":{"class":"invasive_woody","min_prob":0.5}},{"type":"Feature","geometry":{"type":"Polygon","coordinates":[[[-108.194194,36.72734],[-108.194197,36.72725],[-108.194086,36.727248],[-108.194082,36.727338],[-108.194194,36.72734]]]},"properties":{"class":"invasive_woody","min_prob":0.5}},{"type":"Feature","geometry":{"type":"Polygon","coordinates":[[[-108.219826,36.727852],[-108.219829,36.727762],[-108.219717,36.727759],[-108.219714,36.72785],[-108.219826,36.727852]]]},"properties":{"class":"invasive_woody","min_prob":0.5}},{"type":"Feature","geometry":{"type":"Polygon","coordinates":[[[-108.218371,36.727818],[-108.218374,36.727728],[-108.218262,36.727725],[-108.218259,36.727816],[-108.218371,36.727818]]]},"properties":{"class":"invasive_woody","min_prob":0.5}},{"type":"Feature","geometry":{"type":"Polygon","coordinates":[[[-108.216468,36.727774],[-108.216471,36.727684],[-108.216359,36.727681],[-108.216356,36.727771],[-108.216468,36.727774]]]},"properties":{"class":"invasive_woody","min_prob":0.5}},{"type":"Feature","geometry":{"type":"Polygon","coordinates":[[[-108.196883,36.727314],[-108.196887,36.727224],[-108.196775,36.727221],[-108.196771,36.727311],[-108.196883,36.727314]]]},"properties":{"class":"invasive_woody","min_prob":0.5}},{"type":"Feature","geometry":{"type":"Polygon","coordinates":[[[-108.197772,36.727515],[-108.197775,36.727425],[-108.197887,36.727427],[-108.197897,36.727157],[-108.197449,36.727147],[-108.197443,36.727327],[-108.197667,36.727332],[-108.19766,36.727512],[-108.197772,36.727515]]]},"properties":{"class":"invasive_woody","min_prob":0.5}},{"type":"Feature","geometry":{"type":"Polygon","coordinates":[[[-108.243999,36.728415],[-108.244006,36.728235],[-108.243782,36.728229],[-108.243776,36.72841],[-108.243999,36.728415]]]},"properties":{"class":"invasive_woody","min_prob":0.5}},{"type":"Feature","geometry":{"type":"Polygon","coordinates":[[[-108.217367,36.727704],[-108.21737,36.727614],[-108.217258,36.727612],[-108.217255,36.727702],[-108.217367,36.727704]]]},"properties":{"class":"invasive_woody","min_prob":0.5}},{"type":"Feature","geometry":{"type":"Polygon","coordinates":[[[-108.211211,36.72756],[-108.211215,36.72747],[-108.211103,36.727468],[-108.211099,36.727558],[-108.211211,36.72756]]]},"properties":{"class":"invasive_woody","min_prob":0.5}},{"type":"Feature","geometry":{"type":"Polygon","coordinates":[[[-108.210188,36.727987],[-108.210191,36.727897],[-108.210415,36.727902],[-108.210418,36.727812],[-108.211314,36.727833],[-108.211317,36.727743],[-108.211653,36.727751],[-108.211666,36.727391],[-108.211442,36.727385],[-108.211438,36.727475],[-108.211327,36.727473],[-108.211323,36.727563],[-108.211435,36.727566],[-108.211432,36.727656],[-108.210872,36.727643],[-108.210869,36.727733],[-108.210757,36.72773],[-108.21076,36.72764],[-108.210537,36.727635],[-108.210533,36.727725],[-108.210198,36.727717],[-108.210194,36.727807],[-108.210082,36.727804],[-108.210079,36.727894],[-108.209855,36.727889],[-108.209852,36.727979],[-108.210188,36.727987]]]},"properties":{"class":"invasive_woody","min_prob":0.5}},{"type":"Feature","geometry":{"type":"Polygon","coordinates":[[[-108.215797,36.727758],[-108.215803,36.727578],[-108.215691,36.727575],[-108.215694,36.727485],[-108.215583,36.727482],[-108.215576,36.727663],[-108.215464,36.72766],[-108.215461,36.72775],[-108.215797,36.727758]]]},"properties":{"class":"invasive_woody","min_prob":0.5}},{"type":"Feature","geometry":{"type":"Polygon","coordinates":[[[-108.251952,36.728418],[-108.251955,36.728328],[-108.251843,36.728326],[-108.25184,36.728416],[-108.251952,36.728418]]]},"properties":{"class":"invasive_woody","min_prob":0.5}},{"type":"Feature","geometry":{"type":"Polygon","coordinates":[[[-108.218265,36.727635],[-108.218268,36.727545],[-108.218157,36.727543],[-108.218153,36.727633],[-108.218265,36.727635]]]},"properties":{"class":"invasive_woody","min_prob":0.5}},{"type":"Feature","geometry":{"type":"Polygon","coordinates":[[[-108.204052,36.727302],[-108.204056,36.727212],[-108.203944,36.727209],[-108.20394,36.727299],[-108.204052,36.727302]]]},"properties":{"class":"invasive_woody","min_prob":0.5}},{"type":"Feature","geometry":{"type":"Polygon","coordinates":[[[-108.195547,36.727102],[-108.19555,36.727012],[-108.195438,36.727009],[-108.195435,36.727099],[-108.195547,36.727102]]]},"properties":{"class":"invasive_woody","min_prob":0.5}},{"type":"Feature","geometry":{"type":"Polygon","coordinates":[[[-108.214898,36.727827],[-108.214901,36.727737],[-108.214789,36.727734],[-108.214793,36.727644],[-108.214681,36.727642],[-108.21469,36.727371],[-108.214579,36.727369],[-108.214569,36.727639],[-108.214457,36.727636],[-108.214454,36.727726],[-108.214342,36.727724],[-108.214338,36.727814],[-108.214562,36.727819],[-108.214566,36.727729],[-108.214677,36.727732],[-108.214674,36.727822],[-108.214898,36.727827]]]},"properties":{"class":"invasive_woody","min_prob":0.5}},{"type":"Feature","geometry":{"type":"Polygon","coordinates":[[[-108.203828,36.727297],[-108.203835,36.727117],[-108.203723,36.727114],[-108.203717,36.727294],[-108.203828,36.727297]]]},"properties":{"class":"invasive_woody","min_prob":0.5}},{"type":"Feature","geometry":{"type":"Polygon","coordinates":[[[-108.250724,36.7283],[-108.250727,36.72821],[-108.250615,36.728207],[-108.250612,36.728297],[-108.250724,36.7283]]]},"properties":{"class":"invasive_woody","min_prob":0.5}},{"type":"Feature","geometry":{"type":"Polygon","coordinates":[[[-108.244233,36.72815],[-108.244236,36.72806],[-108.244124,36.728057],[-108.244121,36.728147],[-108.244233,36.72815]]]},"properties":{"class":"invasive_woody","min_prob":0.5}},{"type":"Feature","geometry":{"type":"Polygon","coordinates":[[[-108.215806,36.727488],[-108.21581,36.727398],[-108.215698,36.727395],[-108.215694,36.727485],[-108.215806,36.727488]]]},"properties":{"class":"invasive_woody","min_prob":0.5}},{"type":"Feature","geometry":{"type":"Polygon","coordinates":[[[-108.197788,36.727064],[-108.197792,36.726974],[-108.19768,36.726972],[-108.197677,36.727062],[-108.197788,36.727064]]]},"properties":{"class":"invasive_woody","min_prob":0.5}},{"type":"Feature","geometry":{"type":"Polygon","coordinates":[[[-108.204487,36.727673],[-108.204503,36.727222],[-108.204391,36.72722],[-108.204398,36.72704],[-108.204286,36.727037],[-108.204276,36.727307],[-108.204388,36.72731],[-108.204375,36.72767],[-108.204487,36.727673]]]},"properties":{"class":"invasive_woody","min_prob":0.5}},{"type":"Feature","geometry":{"type":"Polygon","coordinates":[[[-108.21838,36.727548],[-108.218387,36.727368],[-108.218275,36.727365],[-108.218268,36.727545],[-108.21838,36.727548]]]},"properties":{"class":"invasive_woody","min_prob":0.5}},{"type":"Feature","geometry":{"type":"Polygon","coordinates":[[[-108.198124,36.727072],[-108.198131,36.726892],[-108.198019,36.72689],[-108.198012,36.72707],[-108.198124,36.727072]]]},"properties":{"class":"invasive_woody","min_prob":0.5}},{"type":"Feature","geometry":{"type":"Polygon","coordinates":[[[-108.251847,36.728236],[-108.25185,36.728146],[-108.251738,36.728143],[-108.251735,36.728233],[-108.251847,36.728236]]]},"properties":{"class":"invasive_woody","min_prob":0.5}},{"type":"Feature","geometry":{"type":"Polygon","coordinates":[[[-108.228792,36.727701],[-108.228795,36.727611],[-108.228459,36.727603],[-108.228456,36.727693],[-108.228792,36.727701]]]},"properties":{"class":"invasive_woody","min_prob":0.5}},{"type":"Feature","geometry":{"type":"Polygon","coordinates":[[[-108.210438,36.727272],[-108.210441,36.727182],[-108.210329,36.727179],[-108.210326,36.727269],[-108.210438,36.727272]]]},"properties":{"class":"invasive_woody","min_prob":0.5}},{"type":"Feature","geometry":{"type":"Polygon","coordinates":[[[-108.207528,36.727203],[-108.207531,36.727113],[-108.207419,36.727111],[-108.207416,36.727201],[-108.207528,36.727203]]]},"properties":{"class":"invasive_woody","min_prob":0.5}},{"type":"Feature","geometry":{"type":"Polygon","coordinates":[[[-108.197232,36.726961],[-108.197235,36.726871],[-108.197124,36.726868],[-108.19712,36.726959],[-108.197232,36.726961]]]},"properties":{"class":"invasive_woody","min_prob":0.5}},{"type":"Feature","geometry":{"type":"Polygon","coordinates":[[[-108.203723,36.727114],[-108.20373,36.726934],[-108.203618,36.726931],[-108.203611,36.727111],[-108.203723,36.727114]]]},"properties":{"class":"invasive_woody","min_prob":0.5}},{"type":"Feature","geometry":{"type":"Polygon","coordinates":[[[-108.275801,36.728697],[-108.275804,36.728607],[-108.275692,36.728604],[-108.275689,36.728694],[-108.275801,36.728697]]]},"properties":{"class":"invasive_woody","min_prob":0.5}},{"type":"Feature","geometry":{"type":"Polygon","coordinates":[[[-108.207419,36.727111],[-108.207426,36.726931],[-108.207202,36.726925],[-108.207199,36.727015],[-108.207311,36.727018],[-108.207308,36.727108],[-108.207419,36.727111]]]},"properties":{"class":"invasive_woody","min_prob":0.5}},{"type":"Feature","geometry":{"type":"Polygon","coordinates":[[[-108.251741,36.728053],[-108.251744,36.727963],[-108.251632,36.72796],[-108.251629,36.72805],[-108.251741,36.728053]]]},"properties":{"class":"invasive_woody","min_prob":0.5}},{"type":"Feature","geometry":{"type":"Polygon","coordinates":[[[-108.223426,36.727395],[-108.22343,36.727305],[-108.223318,36.727303],[-108.223314,36.727393],[-108.223426,36.727395]]]},"properties":{"class":"invasive_woody","min_prob":0.5}},{"type":"Feature","geometry":{"type":"Polygon","coordinates":[[[-108.218499,36.72737],[-108.218502,36.72728],[-108.218614,36.727283],[-108.218617,36.727193],[-108.218393,36.727188],[-108.218387,36.727368],[-108.218499,36.72737]]]},"properties":{"class":"invasive_woody","min_prob":0.5}},{"type":"Feature","geometry":{"type":"Polygon","coordinates":[[[-108.198246,36.726805],[-108.198249,36.726715],[-108.198137,36.726712],[-108.198134,36.726802],[-108.198246,36.726805]]]},"properties":{"class":"invasive_woody","min_prob":0.5}},{"type":"Feature","geometry":{"type":"Polygon","coordinates":[[[-108.215698,36.727395],[-108.215707,36.727125],[-108.215148,36.727112],[-108.215145,36.727202],[-108.215033,36.727199],[-108.215036,36.727109],[-108.214812,36.727104],[-108.214815,36.727014],[-108.214704,36.727011],[-108.214694,36.727281],[-108.215253,36.727294],[-108.215257,36.727204],[-108.21548,36.72721],[-108.215477,36.7273],[-108.215589,36.727302],[-108.215586,36.727392],[-108.215698,36.727395]]]},"properties":{"class":"invasive_woody","min_prob":0.5}},{"type":"Feature","geometry":{"type":"Polygon","coordinates":[[[-108.223653,36.72731],[-108.223657,36.72722],[-108.223545,36.727218],[-108.223541,36.727308],[-108.223653,36.72731]]]},"properties":{"class":"invasive_woody","min_prob":0.5}},{"type":"Feature","geometry":{"type":"Polygon","coordinates":[[[-108.214588,36.727098],[-108.214592,36.727008],[-108.214368,36.727003],[-108.214365,36.727093],[-108.214588,36.727098]]]},"properties":{"class":"invasive_woody","min_prob":0.5}},{"type":"Feature","geometry":{"type":"Polygon","coordinates":[[[-108.210671,36.727007],[-108.210675,36.726917],[-108.210563,36.726914],[-108.210559,36.727004],[-108.210671,36.727007]]]},"properties":{"class":"invasive_woody","min_prob":0.5}},{"type":"Feature","geometry":{"type":"Polygon","coordinates":[[[-108.198473,36.72672],[-108.198476,36.72663],[-108.198252,36.726625],[-108.198249,36.726715],[-108.198473,36.72672]]]},"properties":{"class":"invasive_woody","min_prob":0.5}},{"type":"Feature","geometry":{"type":"Polygon","coordinates":[[[-108.32349,36.729509],[-108.323493,36.729419],[-108.323381,36.729416],[-108.323378,36.729506],[-108.32349,36.729509]]]},"properties":{"class":"invasive_woody","min_prob":0.5}},{"type":"Feature","geometry":{"type":"Polygon","coordinates":[[[-108.235743,36.727502],[-108.235747,36.727412],[-108.235635,36.727409],[-108.235632,36.727499],[-108.235743,36.727502]]]},"properties":{"class":"invasive_woody","min_prob":0.5}},{"type":"Feature","geometry":{"type":"Polygon","coordinates":[[[-108.196238,36.726577],[-108.196241,36.726487],[-108.195906,36.726479],[-108.195902,36.726569],[-108.196238,36.726577]]]},"properties":{"class":"invasive_woody","min_prob":0.5}},{"type":"Feature","geometry":{"type":"Polygon","coordinates":[[[-108.195679,36.726564],[-108.195682,36.726474],[-108.195458,36.726469],[-108.195455,36.726559],[-108.195679,36.726564]]]},"properties":{"class":"invasive_woody","min_prob":0.5}},{"type":"Feature","geometry":{"type":"Polygon","coordinates":[[[-108.202811,36.727543],[-108.202828,36.727093],[-108.20294,36.727096],[-108.202943,36.727005],[-108.203055,36.727008],[-108.203058,36.726918],[-108.203618,36.726931],[-108.203621,36.726841],[-108.202949,36.726825],[-108.202953,36.726735],[-108.202841,36.726733],[-108.202844,36.726643],[-108.202732,36.72664],[-108.202735,36.72655],[-108.202512,36.726545],[-108.202508,36.726635],[-108.202396,36.726632],[-108.202393,36.726722],[-108.202169,36.726717],[-108.202166,36.726807],[-108.201942,36.726802],[-108.201946,36.726712],[-108.201722,36.726706],[-108.201718,36.726796],[-108.20183,36.726799],[-108.201827,36.726889],[-108.201715,36.726886],[-108.201709,36.727067],[-108.201821,36.727069],[-108.201824,36.726979],[-108.20216,36.726987],[-108.202156,36.727077],[-108.202268,36.72708],[-108.202271,36.72699],[-108.202383,36.726992],[-108.202377,36.727172],[-108.202601,36.727178],[-108.202588,36.727538],[-108.202811,36.727543]],[[-108.202716,36.72709],[-108.202492,36.727085],[-108.202499,36.726905],[-108.20261,36.726908],[-108.202607,36.726998],[-108.202719,36.727],[-108.202716,36.72709]]]},"properties":{"class":"invasive_woody","min_prob":0.5}},{"type":"Feature","geometry":{"type":"Polygon","coordinates":[[[-108.223433,36.727215],[-108.223439,36.727035],[-108.223327,36.727032],[-108.223321,36.727213],[-108.223433,36.727215]]]},"properties":{"class":"invasive_woody","min_prob":0.5}},{"type":"Feature","geometry":{"type":"Polygon","coordinates":[[[-108.218166,36.727272],[-108.218173,36.727092],[-108.218285,36.727095],[-108.218288,36.727005],[-108.218176,36.727002],[-108.218179,36.726912],[-108.218067,36.726909],[-108.218061,36.72709],[-108.217837,36.727084],[-108.217831,36.727265],[-108.218166,36.727272]]]},"properties":{"class":"invasive_woody","min_prob":0.5}},{"type":"Feature","geometry":{"type":"Polygon","coordinates":[[[-108.205945,36.727617],[-108.205955,36.727347],[-108.205731,36.727342],[-108.205734,36.727251],[-108.205622,36.727249],[-108.205635,36.726888],[-108.205747,36.726891],[-108.205751,36.726801],[-108.205862,36.726804],[-108.205866,36.726714],[-108.205642,36.726708],[-108.205645,36.726618],[-108.205533,36.726616],[-108.205527,36.726796],[-108.205415,36.726793],[-108.205412,36.726883],[-108.2053,36.726881],[-108.205303,36.72679],[-108.205191,36.726788],[-108.205188,36.726878],[-108.205076,36.726875],[-108.205069,36.727055],[-108.205405,36.727063],[-108.205402,36.727153],[-108.20529,36.727151],[-108.205287,36.727241],[-108.205398,36.727244],[-108.205395,36.727334],[-108.205619,36.727339],[-108.205612,36.727519],[-108.205836,36.727524],[-108.205833,36.727614],[-108.205945,36.727617]]]},"properties":{"class":"invasive_woody","min_prob":0.5}},{"type":"Feature","geometry":{"type":"Polygon","coordinates":[[[-108.219183,36.727026],[-108.219187,36.726936],[-108.219075,36.726933],[-108.219071,36.727023],[-108.219183,36.727026]]]},"properties":{"class":"invasive_woody","min_prob":0.5}},{"type":"Feature","geometry":{"type":"Polygon","coordinates":[[[-108.195906,36.726479],[-108.195909,36.726389],[-108.195797,36.726386],[-108.195794,36.726476],[-108.195906,36.726479]]]},"properties":{"class":"invasive_woody","min_prob":0.5}},{"type":"Feature","geometry":{"type":"Polygon","coordinates":[[[-108.218729,36.727195],[-108.218739,36.726925],[-108.218627,36.726923],[-108.21863,36.726832],[-108.218406,36.726827],[-108.218397,36.727097],[-108.21862,36.727103],[-108.218617,36.727193],[-108.218729,36.727195]]]},"properties":{"class":"invasive_woody","min_prob":0.5}},{"type":"Feature","geometry":{"type":"Polygon","coordinates":[[[-108.325846,36.729382],[-108.32585,36.729291],[-108.325738,36.729289],[-108.325734,36.729379],[-108.325846,36.729382]]]},"properties":{"class":"invasive_woody","min_prob":0.5}},{"type":"Feature","geometry":{"type":"Polygon","coordinates":[[[-108.245822,36.727555],[-108.245826,36.727465],[-108.245714,36.727463],[-108.24571,36.727553],[-108.245822,36.727555]]]},"properties":{"class":"invasive_woody","min_prob":0.5}},{"type":"Feature","geometry":{"type":"Polygon","coordinates":[[[-108.233735,36.727275],[-108.233739,36.727185],[-108.233627,36.727182],[-108.233623,36.727272],[-108.233735,36.727275]]]},"properties":{"class":"invasive_woody","min_prob":0.5}},{"type":"Feature","geometry":{"type":"Polygon","coordinates":[[[-108.231833,36.727231],[-108.231836,36.727141],[-108.231724,36.727138],[-108.231721,36.727228],[-108.231833,36.727231]]]},"properties":{"class":"invasive_woody","min_prob":0.5}},{"type":"Feature","geometry":{"type":"Polygon","coordinates":[[[-108.218291,36.726915],[-108.218295,36.726825],[-108.218183,36.726822],[-108.218179,36.726912],[-108.218291,36.726915]]]},"properties":{"class":"invasive_woody","min_prob":0.5}},{"type":"Feature","geometry":{"type":"Polygon","coordinates":[[[-108.217956,36.726907],[-108.217959,36.726817],[-108.217847,36.726814],[-108.217844,36.726904],[-108.217956,36.726907]]]},"properties":{"class":"invasive_woody","min_prob":0.5}},{"type":"Feature","geometry":{"type":"Polygon","coordinates":[[[-108.216613,36.726875],[-108.216619,36.726695],[-108.216507,36.726693],[-108.216501,36.726873],[-108.216613,36.726875]]]},"properties":{"class":"invasive_woody","min_prob":0.5}},{"type":"Feature","geometry":{"type":"Polygon","coordinates":[[[-108.269105,36.728002],[-108.269108,36.727912],[-108.268996,36.727909],[-108.268993,36.728],[-108.269105,36.728002]]]},"properties":{"class":"invasive_woody","min_prob":0.5}},{"type":"Feature","geometry":{"type":"Polygon","coordinates":[[[-108.246497,36.727481],[-108.2465,36.727391],[-108.246388,36.727388],[-108.246385,36.727478],[-108.246497,36.727481]]]},"properties":{"class":"invasive_woody","min_prob":0.5}},{"type":"Feature","geometry":{"type":"Polygon","coordinates":[[[-108.215161,36.726751],[-108.215164,36.726661],[-108.215052,36.726659],[-108.215049,36.726749],[-108.215161,36.726751]]]},"properties":{"class":"invasive_woody","min_prob":0.5}},{"type":"Feature","geometry":{"type":"Polygon","coordinates":[[[-108.205984,36.726536],[-108.205987,36.726446],[-108.205876,36.726443],[-108.205872,36.726533],[-108.205984,36.726536]]]},"properties":{"class":"invasive_woody","min_prob":0.5}},{"type":"Feature","geometry":{"type":"Polygon","coordinates":[[[-108.216274,36.726958],[-108.216277,36.726868],[-108.216165,36.726865],[-108.216175,36.726595],[-108.216063,36.726592],[-108.21605,36.726952],[-108.216274,36.726958]]]},"properties":{"class":"invasive_woody","min_prob":0.5}},{"type":"Feature","geometry":{"type":"Polygon","coordinates":[[[-108.291828,36.728432],[-108.291831,36.728341],[-108.291719,36.728339],[-108.291716,36.728429],[-108.291828,36.728432]]]},"properties":{"class":"invasive_woody","min_prob":0.5}},{"type":"Feature","geometry":{"type":"Polygon","coordinates":[[[-108.236764,36.727165],[-108.236767,36.727075],[-108.236655,36.727072],[-108.236652,36.727162],[-108.236764,36.727165]]]},"properties":{"class":"invasive_woody","min_prob":0.5}},{"type":"Feature","geometry":{"type":"Polygon","coordinates":[[[-108.218633,36.726742],[-108.218637,36.726652],[-108.218525,36.72665],[-108.218522,36.72674],[-108.218633,36.726742]]]},"properties":{"class":"invasive_woody","min_prob":0.5}},{"type":"Feature","geometry":{"type":"Polygon","coordinates":[[[-108.215388,36.726666],[-108.215391,36.726576],[-108.215279,36.726574],[-108.215276,36.726664],[-108.215388,36.726666]]]},"properties":{"class":"invasive_woody","min_prob":0.5}},{"type":"Feature","geometry":{"type":"Polygon","coordinates":[[[-108.207218,36.726475],[-108.207222,36.726385],[-108.20711,36.726382],[-108.207107,36.726472],[-108.207218,36.726475]]]},"properties":{"class":"invasive_woody","min_prob":0.5}},{"type":"Feature","geometry":{"type":"Polygon","coordinates":[[[-108.198042,36.726259],[-108.198045,36.726169],[-108.197933,36.726166],[-108.19793,36.726256],[-108.198042,36.726259]]]},"properties":{"class":"invasive_woody","min_prob":0.5}},{"type":"Feature","geometry":{"type":"Polygon","coordinates":[[[-108.197818,36.726254],[-108.197821,36.726164],[-108.197709,36.726161],[-108.197706,36.726251],[-108.197818,36.726254]]]},"properties":{"class":"invasive_woody","min_prob":0.5}},{"type":"Feature","geometry":{"type":"Polygon","coordinates":[[[-108.222768,36.727019],[-108.222781,36.726659],[-108.222669,36.726656],[-108.222666,36.726746],[-108.222554,36.726744],[-108.222547,36.726924],[-108.222659,36.726927],[-108.222656,36.727017],[-108.222768,36.727019]]]},"properties":{"class":"invasive_woody","min_prob":0.5}},{"type":"Feature","geometry":{"type":"Polygon","coordinates":[[[-108.198483,36.72645],[-108.198496,36.726089],[-108.198384,36.726087],[-108.198381,36.726177],[-108.198269,36.726174],[-108.198262,36.726354],[-108.197927,36.726346],[-108.19793,36.726256],[-108.197818,36.726254],[-108.197815,36.726344],[-108.197591,36.726339],[-108.197588,36.726429],[-108.198483,36.72645]]]},"properties":{"class":"invasive_woody","min_prob":0.5}},{"type":"Feature","geometry":{"type":"Polygon","coordinates":[[[-108.207976,36.727214],[-108.207989,36.726854],[-108.207877,36.726851],[-108.207883,36.726671],[-108.207548,36.726663],[-108.207551,36.726573],[-108.207439,36.72657],[-108.207442,36.72648],[-108.207666,36.726485],[-108.207669,36.726395],[-108.207446,36.72639],[-108.207449,36.7263],[-108.207337,36.726297],[-108.20733,36.726477],[-108.207218,36.726475],[-108.207215,36.726565],[-108.206879,36.726557],[-108.206876,36.726647],[-108.2071,36.726652],[-108.207097,36.726742],[-108.207321,36.726748],[-108.207317,36.726838],[-108.207429,36.72684],[-108.207426,36.726931],[-108.207538,36.726933],[-108.207531,36.727113],[-108.207643,36.727116],[-108.20764,36.727206],[-108.207976,36.727214]]]},"properties":{"class":"invasive_woody","min_prob":0.5}},{"type":"Feature","geometry":{"type":"Polygon","coordinates":[[[-108.234529,36.727023],[-108.234532,36.726933],[-108.23442,36.72693],[-108.234417,36.72702],[-108.234529,36.727023]]]},"properties":{"class":"invasive_woody","min_prob":0.5}},{"type":"Feature","geometry":{"type":"Polygon","coordinates":[[[-108.216734,36.726608],[-108.216737,36.726518],[-108.216626,36.726515],[-108.216622,36.726605],[-108.216734,36.726608]]]},"properties":{"class":"invasive_woody","min_prob":0.5}},{"type":"Feature","geometry":{"type":"Polygon","coordinates":[[[-108.205655,36.726348],[-108.205658,36.726258],[-108.205546,36.726255],[-108.205543,36.726345],[-108.205655,36.726348]]]},"properties":{"class":"invasive_woody","min_prob":0.5}},{"type":"Feature","geometry":{"type":"Polygon","coordinates":[[[-108.197933,36.726166],[-108.197936,36.726076],[-108.197824,36.726074],[-108.197821,36.726164],[-108.197933,36.726166]]]},"properties":{"class":"invasive_woody","min_prob":0.5}},{"type":"Feature","geometry":{"type":"Polygon","coordinates":[[[-108.251863,36.727785],[-108.251866,36.727695],[-108.251978,36.727698],[-108.251984,36.727518],[-108.251872,36.727515],[-108.251879,36.727335],[-108.251767,36.727332],[-108.25177,36.727242],[-108.251658,36.72724],[-108.251648,36.72751],[-108.251537,36.727507],[-108.251527,36.727778],[-108.251863,36.727785]]]},"properties":{"class":"invasive_woody","min_prob":0.5}},{"type":"Feature","geometry":{"type":"Polygon","coordinates":[[[-108.221872,36.726998],[-108.221889,36.726548],[-108.221777,36.726545],[-108.221761,36.726996],[-108.221872,36.726998]]]},"properties":{"class":"invasive_woody","min_prob":0.5}},{"type":"Feature","geometry":{"type":"Polygon","coordinates":[[[-108.292278,36.728352],[-108.292285,36.728171],[-108.292173,36.728169],[-108.29217,36.728259],[-108.291946,36.728254],[-108.291943,36.728344],[-108.292278,36.728352]]]},"properties":{"class":"invasive_woody","min_prob":0.5}},{"type":"Feature","geometry":{"type":"Polygon","coordinates":[[[-108.20129,36.726245],[-108.201297,36.726065],[-108.201073,36.72606],[-108.201067,36.72624],[-108.20129,36.726245]]]},"properties":{"class":"invasive_woody","min_prob":0.5}},{"type":"Feature","geometry":{"type":"Polygon","coordinates":[[[-108.197709,36.726161],[-108.197716,36.725981],[-108.197604,36.725978],[-108.197597,36.726158],[-108.197709,36.726161]]]},"properties":{"class":"invasive_woody","min_prob":0.5}},{"type":"Feature","geometry":{"type":"Polygon","coordinates":[[[-108.277837,36.728112],[-108.277841,36.728022],[-108.278176,36.72803],[-108.27818,36.72794],[-108.278851,36.727955],[-108.278854,36.727865],[-108.278071,36.727847],[-108.278068,36.727937],[-108.277732,36.727929],[-108.277729,36.728019],[-108.277393,36.728012],[-108.27739,36.728102],[-108.277837,36.728112]]]},"properties":{"class":"invasive_woody","min_prob":0.5}},{"type":"Feature","geometry":{"type":"Polygon","coordinates":[[[-108.237218,36.726995],[-108.237221,36.726905],[-108.236997,36.7269],[-108.236994,36.72699],[-108.237218,36.726995]]]},"properties":{"class":"invasive_woody","min_prob":0.5}},{"type":"Feature","geometry":{"type":"Polygon","coordinates":[[[-108.218416,36.726557],[-108.218419,36.726467],[-108.218308,36.726464],[-108.218304,36.726554],[-108.218416,36.726557]]]},"properties":{"class":"invasive_woody","min_prob":0.5}},{"type":"Feature","geometry":{"type":"Polygon","coordinates":[[[-108.215618,36.726491],[-108.215622,36.726401],[-108.21551,36.726399],[-108.215506,36.726489],[-108.215618,36.726491]]]},"properties":{"class":"invasive_woody","min_prob":0.5}},{"type":"Feature","geometry":{"type":"Polygon","coordinates":[[[-108.222435,36.726921],[-108.222442,36.726741],[-108.222554,36.726744],[-108.222557,36.726654],[-108.222669,36.726656],[-108.222672,36.726566],[-108.22256,36.726564],[-108.222563,36.726474],[-108.222452,36.726471],[-108.222448,36.726561],[-108.222336,36.726558],[-108.222323,36.726919],[-108.222435,36.726921]]]},"properties":{"class":"invasive_woody","min_prob":0.5}},{"type":"Feature","geometry":{"type":"Polygon","coordinates":[[[-108.232185,36.726788],[-108.232188,36.726698],[-108.23174,36.726687],[-108.231737,36.726778],[-108.232185,36.726788]]]},"properties":{"class":"invasive_woody","min_prob":0.5}},{"type":"Feature","geometry":{"type":"Polygon","coordinates":[[[-108.230394,36.726746],[-108.230397,36.726656],[-108.22995,36.726646],[-108.229946,36.726736],[-108.230394,36.726746]]]},"properties":{"class":"invasive_woody","min_prob":0.5}},{"type":"Feature","geometry":{"type":"Polygon","coordinates":[[[-108.223455,36.726585],[-108.223459,36.726494],[-108.223347,36.726492],[-108.223344,36.726582],[-108.223455,36.726585]]]},"properties":{"class":"invasive_woody","min_prob":0.5}},{"type":"Feature","geometry":{"type":"Polygon","coordinates":[[[-108.216853,36.72643],[-108.216856,36.72634],[-108.216744,36.726337],[-108.216741,36.726428],[-108.216853,36.72643]]]},"properties":{"class":"invasive_woody","min_prob":0.5}},{"type":"Feature","geometry":{"type":"Polygon","coordinates":[[[-108.20555,36.726165],[-108.205553,36.726075],[-108.205441,36.726072],[-108.205438,36.726163],[-108.20555,36.726165]]]},"properties":{"class":"invasive_woody","min_prob":0.5}},{"type":"Feature","geometry":{"type":"Polygon","coordinates":[[[-108.203088,36.726107],[-108.203091,36.726017],[-108.202979,36.726015],[-108.202976,36.726105],[-108.203088,36.726107]]]},"properties":{"class":"invasive_woody","min_prob":0.5}},{"type":"Feature","geometry":{"type":"Polygon","coordinates":[[[-108.198499,36.725999],[-108.198502,36.725909],[-108.198279,36.725904],[-108.198275,36.725994],[-108.198499,36.725999]]]},"properties":{"class":"invasive_woody","min_prob":0.5}},{"type":"Feature","geometry":{"type":"Polygon","coordinates":[[[-108.197377,36.726063],[-108.19738,36.725973],[-108.197604,36.725978],[-108.197607,36.725888],[-108.19716,36.725878],[-108.197153,36.726058],[-108.197377,36.726063]]]},"properties":{"class":"invasive_woody","min_prob":0.5}},{"type":"Feature","geometry":{"type":"Polygon","coordinates":[[[-108.196485,36.725952],[-108.196488,36.725862],[-108.195705,36.725843],[-108.195701,36.725933],[-108.196485,36.725952]]]},"properties":{"class":"invasive_woody","min_prob":0.5}},{"type":"Feature","geometry":{"type":"Polygon","coordinates":[[[-108.251882,36.727245],[-108.251888,36.727065],[-108.251776,36.727062],[-108.25177,36.727242],[-108.251882,36.727245]]]},"properties":{"class":"invasive_woody","min_prob":0.5}},{"type":"Feature","geometry":{"type":"Polygon","coordinates":[[[-108.252109,36.72716],[-108.252112,36.72707],[-108.252,36.727067],[-108.251997,36.727157],[-108.252109,36.72716]]]},"properties":{"class":"invasive_woody","min_prob":0.5}},{"type":"Feature","geometry":{"type":"Polygon","coordinates":[[[-108.232636,36.726708],[-108.232639,36.726618],[-108.232415,36.726613],[-108.232412,36.726703],[-108.232636,36.726708]]]},"properties":{"class":"invasive_woody","min_prob":0.5}},{"type":"Feature","geometry":{"type":"Polygon","coordinates":[[[-108.195705,36.725843],[-108.195708,36.725753],[-108.195148,36.72574],[-108.195145,36.72583],[-108.195705,36.725843]]]},"properties":{"class":"invasive_woody","min_prob":0.5}},{"type":"Feature","geometry":{"type":"Polygon","coordinates":[[[-108.216293,36.726417],[-108.216296,36.726327],[-108.21652,36.726332],[-108.216523,36.726242],[-108.216412,36.72624],[-108.216415,36.726149],[-108.216303,36.726147],[-108.2163,36.726237],[-108.216188,36.726234],[-108.216181,36.726414],[-108.216293,36.726417]]]},"properties":{"class":"invasive_woody","min_prob":0.5}},{"type":"Feature","geometry":{"type":"Polygon","coordinates":[[[-108.233087,36.726629],[-108.23309,36.726539],[-108.232978,36.726536],[-108.232975,36.726626],[-108.233087,36.726629]]]},"properties":{"class":"invasive_woody","min_prob":0.5}},{"type":"Feature","geometry":{"type":"Polygon","coordinates":[[[-108.205444,36.725982],[-108.205447,36.725892],[-108.205336,36.72589],[-108.205332,36.72598],[-108.205444,36.725982]]]},"properties":{"class":"invasive_woody","min_prob":0.5}},{"type":"Feature","geometry":{"type":"Polygon","coordinates":[[[-108.198953,36.72583],[-108.198957,36.72574],[-108.198733,36.725734],[-108.19873,36.725824],[-108.198953,36.72583]]]},"properties":{"class":"invasive_woody","min_prob":0.5}},{"type":"Feature","geometry":{"type":"Polygon","coordinates":[[[-108.192575,36.725679],[-108.192578,36.725589],[-108.192354,36.725584],[-108.192351,36.725674],[-108.192575,36.725679]]]},"properties":{"class":"invasive_woody","min_prob":0.5}},{"type":"Feature","geometry":{"type":"Polygon","coordinates":[[[-108.242491,36.726757],[-108.242494,36.726667],[-108.242382,36.726664],[-108.242379,36.726754],[-108.242491,36.726757]]]},"properties":{"class":"invasive_woody","min_prob":0.5}},{"type":"Feature","geometry":{"type":"Polygon","coordinates":[[[-108.236,36.726606],[-108.236003,36.726516],[-108.235891,36.726514],[-108.235888,36.726604],[-108.236,36.726606]]]},"properties":{"class":"invasive_woody","min_prob":0.5}},{"type":"Feature","geometry":{"type":"Polygon","coordinates":[[[-108.233426,36.726546],[-108.233429,36.726456],[-108.233317,36.726454],[-108.233314,36.726544],[-108.233426,36.726546]]]},"properties":{"class":"invasive_woody","min_prob":0.5}},{"type":"Feature","geometry":{"type":"Polygon","coordinates":[[[-108.229285,36.72645],[-108.229288,36.72636],[-108.229064,36.726355],[-108.229061,36.726445],[-108.229285,36.72645]]]},"properties":{"class":"invasive_woody","min_prob":0.5}},{"type":"Feature","geometry":{"type":"Polygon","coordinates":[[[-108.199516,36.725753],[-108.199519,36.725663],[-108.199072,36.725652],[-108.199069,36.725742],[-108.199516,36.725753]]]},"properties":{"class":"invasive_woody","min_prob":0.5}},{"type":"Feature","geometry":{"type":"Polygon","coordinates":[[[-108.192802,36.725594],[-108.192805,36.725504],[-108.192581,36.725499],[-108.192578,36.725589],[-108.192802,36.725594]]]},"properties":{"class":"invasive_woody","min_prob":0.5}},{"type":"Feature","geometry":{"type":"Polygon","coordinates":[[[-108.214621,36.726198],[-108.214631,36.725927],[-108.214519,36.725925],[-108.214509,36.726195],[-108.214621,36.726198]]]},"properties":{"class":"invasive_woody","min_prob":0.5}},{"type":"Feature","geometry":{"type":"Polygon","coordinates":[[[-108.218205,36.726191],[-108.218212,36.726011],[-108.2181,36.726009],[-108.218093,36.726189],[-108.218205,36.726191]]]},"properties":{"class":"invasive_woody","min_prob":0.5}},{"type":"Feature","geometry":{"type":"Polygon","coordinates":[[[-108.242606,36.726669],[-108.242609,36.726579],[-108.242497,36.726577],[-108.242494,36.726667],[-108.242606,36.726669]]]},"properties":{"class":"invasive_woody","min_prob":0.5}},{"type":"Feature","geometry":{"type":"Polygon","coordinates":[[[-108.229064,36.726355],[-108.229067,36.726265],[-108.228955,36.726262],[-108.228952,36.726352],[-108.229064,36.726355]]]},"properties":{"class":"invasive_woody","min_prob":0.5}},{"type":"Feature","geometry":{"type":"Polygon","coordinates":[[[-108.214963,36.726025],[-108.214966,36.725935],[-108.214855,36.725933],[-108.214851,36.726023],[-108.214963,36.726025]]]},"properties":{"class":"invasive_woody","min_prob":0.5}},{"type":"Feature","geometry":{"type":"Polygon","coordinates":[[[-108.222014,36.72619],[-108.22202,36.72601],[-108.221908,36.726007],[-108.221902,36.726188],[-108.222014,36.72619]]]},"properties":{"class":"invasive_woody","min_prob":0.5}},{"type":"Feature","geometry":{"type":"Polygon","coordinates":[[[-108.242833,36.726585],[-108.242836,36.726494],[-108.242612,36.726489],[-108.242609,36.726579],[-108.242833,36.726585]]]},"properties":{"class":"invasive_woody","min_prob":0.5}},{"type":"Feature","geometry":{"type":"Polygon","coordinates":[[[-108.238916,36.726494],[-108.238919,36.726404],[-108.238807,36.726401],[-108.238804,36.726491],[-108.238916,36.726494]]]},"properties":{"class":"invasive_woody","min_prob":0.5}},{"type":"Feature","geometry":{"type":"Polygon","coordinates":[[[-108.228955,36.726262],[-108.228959,36.726172],[-108.228735,36.726167],[-108.228732,36.726257],[-108.228955,36.726262]]]},"properties":{"class":"invasive_woody","min_prob":0.5}},{"type":"Feature","geometry":{"type":"Polygon","coordinates":[[[-108.218436,36.726016],[-108.218439,36.725926],[-108.218327,36.725924],[-108.218324,36.726014],[-108.218436,36.726016]]]},"properties":{"class":"invasive_woody","min_prob":0.5}},{"type":"Feature","geometry":{"type":"Polygon","coordinates":[[[-108.214295,36.72592],[-108.214298,36.725829],[-108.214186,36.725827],[-108.214183,36.725917],[-108.214295,36.72592]]]},"properties":{"class":"invasive_woody","min_prob":0.5}},{"type":"Feature","geometry":{"type":"Polygon","coordinates":[[[-108.272158,36.727171],[-108.272161,36.72708],[-108.272049,36.727078],[-108.272046,36.727168],[-108.272158,36.727171]]]},"properties":{"class":"invasive_woody","min_prob":0.5}},{"type":"Feature","geometry":{"type":"Polygon","coordinates":[[[-108.228735,36.726167],[-108.228738,36.726077],[-108.228626,36.726074],[-108.228623,36.726164],[-108.228735,36.726167]]]},"properties":{"class":"invasive_woody","min_prob":0.5}},{"type":"Feature","geometry":{"type":"Polygon","coordinates":[[[-108.218327,36.725924],[-108.21833,36.725834],[-108.218218,36.725831],[-108.218215,36.725921],[-108.218327,36.725924]]]},"properties":{"class":"invasive_woody","min_prob":0.5}},{"type":"Feature","geometry":{"type":"Polygon","coordinates":[[[-108.194714,36.725369],[-108.194717,36.725279],[-108.194382,36.725271],[-108.194378,36.725361],[-108.194714,36.725369]]]},"properties":{"class":"invasive_woody","min_prob":0.5}},{"type":"Feature","geometry":{"type":"Polygon","coordinates":[[[-108.193595,36.725343],[-108.193598,36.725253],[-108.193486,36.72525],[-108.193483,36.72534],[-108.193595,36.725343]]]},"properties":{"class":"invasive_woody","min_prob":0.5}},{"type":"Feature","geometry":{"type":"Polygon","coordinates":[[[-108.239034,36.726316],[-108.239037,36.726226],[-108.238814,36.726221],[-108.23881,36.726311],[-108.239034,36.726316]]]},"properties":{"class":"invasive_woody","min_prob":0.5}},{"type":"Feature","geometry":{"type":"Polygon","coordinates":[[[-108.228402,36.726069],[-108.228406,36.725979],[-108.228182,36.725973],[-108.228179,36.726064],[-108.228402,36.726069]]]},"properties":{"class":"invasive_woody","min_prob":0.5}},{"type":"Feature","geometry":{"type":"Polygon","coordinates":[[[-108.223702,36.725959],[-108.223705,36.725869],[-108.223593,36.725866],[-108.22359,36.725957],[-108.223702,36.725959]]]},"properties":{"class":"invasive_woody","min_prob":0.5}},{"type":"Feature","geometry":{"type":"Polygon","coordinates":[[[-108.200201,36.725408],[-108.200204,36.725318],[-108.200092,36.725316],[-108.200089,36.725406],[-108.200201,36.725408]]]},"properties":{"class":"invasive_woody","min_prob":0.5}},{"type":"Feature","geometry":{"type":"Polygon","coordinates":[[[-108.194046,36.725263],[-108.194049,36.725173],[-108.193825,36.725168],[-108.193822,36.725258],[-108.194046,36.725263]]]},"properties":{"class":"invasive_woody","min_prob":0.5}},{"type":"Feature","geometry":{"type":"Polygon","coordinates":[[[-108.193039,36.725239],[-108.193042,36.725149],[-108.19293,36.725147],[-108.192927,36.725237],[-108.193039,36.725239]]]},"properties":{"class":"invasive_woody","min_prob":0.5}},{"type":"Feature","geometry":{"type":"Polygon","coordinates":[[[-108.218218,36.725831],[-108.218225,36.725651],[-108.218113,36.725648],[-108.218106,36.725828],[-108.218218,36.725831]]]},"properties":{"class":"invasive_woody","min_prob":0.5}},{"type":"Feature","geometry":{"type":"Polygon","coordinates":[[[-108.293653,36.727481],[-108.293656,36.727391],[-108.293544,36.727389],[-108.293541,36.727479],[-108.293653,36.727481]]]},"properties":{"class":"invasive_woody","min_prob":0.5}},{"type":"Feature","geometry":{"type":"Polygon","coordinates":[[[-108.243738,36.726335],[-108.243741,36.726245],[-108.243517,36.72624],[-108.243514,36.72633],[-108.243738,36.726335]]]},"properties":{"class":"invasive_woody","min_prob":0.5}},{"type":"Feature","geometry":{"type":"Polygon","coordinates":[[[-108.241947,36.726293],[-108.24195,36.726203],[-108.241055,36.726183],[-108.241052,36.726273],[-108.241947,36.726293]]]},"properties":{"class":"invasive_woody","min_prob":0.5}},{"type":"Feature","geometry":{"type":"Polygon","coordinates":[[[-108.228518,36.725981],[-108.228521,36.725891],[-108.228409,36.725889],[-108.228406,36.725979],[-108.228518,36.725981]]]},"properties":{"class":"invasive_woody","min_prob":0.5}},{"type":"Feature","geometry":{"type":"Polygon","coordinates":[[[-108.228182,36.725973],[-108.228185,36.725883],[-108.228073,36.725881],[-108.22807,36.725971],[-108.228182,36.725973]]]},"properties":{"class":"invasive_woody","min_prob":0.5}},{"type":"Feature","geometry":{"type":"Polygon","coordinates":[[[-108.251658,36.72724],[-108.251665,36.727059],[-108.251776,36.727062],[-108.251786,36.726792],[-108.251674,36.726789],[-108.251677,36.726699],[-108.251565,36.726696],[-108.251572,36.726516],[-108.25146,36.726514],[-108.251463,36.726424],[-108.251351,36.726421],[-108.251354,36.726331],[-108.251243,36.726328],[-108.251226,36.726779],[-108.251338,36.726781],[-108.251332,36.726962],[-108.251444,36.726964],[-108.251441,36.727054],[-108.251553,36.727057],[-108.251546,36.727237],[-108.251658,36.72724]],[[-108.251668,36.726969],[-108.251444,36.726964],[-108.251447,36.726874],[-108.251671,36.726879],[-108.251668,36.726969]],[[-108.251454,36.726694],[-108.251342,36.726691],[-108.251345,36.726601],[-108.251457,36.726604],[-108.251454,36.726694]]]},"properties":{"class":"invasive_woody","min_prob":0.5}},{"type":"Feature","geometry":{"type":"Polygon","coordinates":[[[-108.238814,36.726221],[-108.23882,36.726041],[-108.238708,36.726038],[-108.238705,36.726128],[-108.238593,36.726125],[-108.23859,36.726216],[-108.238814,36.726221]]]},"properties":{"class":"invasive_woody","min_prob":0.5}},{"type":"Feature","geometry":{"type":"Polygon","coordinates":[[[-108.243965,36.72625],[-108.243968,36.72616],[-108.243856,36.726157],[-108.243853,36.726248],[-108.243965,36.72625]]]},"properties":{"class":"invasive_woody","min_prob":0.5}},{"type":"Feature","geometry":{"type":"Polygon","coordinates":[[[-108.242286,36.726211],[-108.242289,36.726121],[-108.242177,36.726118],[-108.242174,36.726209],[-108.242286,36.726211]]]},"properties":{"class":"invasive_woody","min_prob":0.5}},{"type":"Feature","geometry":{"type":"Polygon","coordinates":[[[-108.238593,36.726125],[-108.238596,36.726035],[-108.238372,36.72603],[-108.238369,36.72612],[-108.238593,36.726125]]]},"properties":{"class":"invasive_woody","min_prob":0.5}},{"type":"Feature","geometry":{"type":"Polygon","coordinates":[[[-108.228409,36.725889],[-108.228412,36.725799],[-108.228188,36.725793],[-108.228185,36.725883],[-108.228409,36.725889]]]},"properties":{"class":"invasive_woody","min_prob":0.5}},{"type":"Feature","geometry":{"type":"Polygon","coordinates":[[[-108.227961,36.725878],[-108.227964,36.725788],[-108.227853,36.725785],[-108.227849,36.725876],[-108.227961,36.725878]]]},"properties":{"class":"invasive_woody","min_prob":0.5}},{"type":"Feature","geometry":{"type":"Polygon","coordinates":[[[-108.223149,36.725766],[-108.223152,36.725676],[-108.22304,36.725673],[-108.223037,36.725763],[-108.223149,36.725766]]]},"properties":{"class":"invasive_woody","min_prob":0.5}},{"type":"Feature","geometry":{"type":"Polygon","coordinates":[[[-108.218337,36.725653],[-108.21834,36.725563],[-108.218228,36.725561],[-108.218225,36.725651],[-108.218337,36.725653]]]},"properties":{"class":"invasive_woody","min_prob":0.5}},{"type":"Feature","geometry":{"type":"Polygon","coordinates":[[[-108.208153,36.725415],[-108.208156,36.725325],[-108.208044,36.725322],[-108.208041,36.725412],[-108.208153,36.725415]]]},"properties":{"class":"invasive_woody","min_prob":0.5}},{"type":"Feature","geometry":{"type":"Polygon","coordinates":[[[-108.200991,36.725246],[-108.200994,36.725156],[-108.200882,36.725154],[-108.200879,36.725244],[-108.200991,36.725246]]]},"properties":{"class":"invasive_woody","min_prob":0.5}},{"type":"Feature","geometry":{"type":"Polygon","coordinates":[[[-108.208364,36.72578],[-108.208367,36.72569],[-108.208703,36.725698],[-108.208712,36.725428],[-108.208601,36.725425],[-108.208607,36.725245],[-108.208271,36.725237],[-108.208265,36.725417],[-108.208153,36.725415],[-108.208143,36.725685],[-108.208255,36.725688],[-108.208252,36.725778],[-108.208364,36.72578]],[[-108.20837,36.7256],[-108.208258,36.725598],[-108.208262,36.725508],[-108.208373,36.72551],[-108.20837,36.7256]]]},"properties":{"class":"invasive_woody","min_prob":0.5}},{"type":"Feature","geometry":{"type":"Polygon","coordinates":[[[-108.250449,36.726581],[-108.250462,36.72622],[-108.25035,36.726218],[-108.250338,36.726578],[-108.250449,36.726581]]]},"properties":{"class":"invasive_woody","min_prob":0.5}},{"type":"Feature","geometry":{"type":"Polygon","coordinates":[[[-108.240496,36.72617],[-108.240502,36.725989],[-108.24039,36.725987],[-108.240384,36.726167],[-108.240496,36.72617]]]},"properties":{"class":"invasive_woody","min_prob":0.5}},{"type":"Feature","geometry":{"type":"Polygon","coordinates":[[[-108.233896,36.725926],[-108.233899,36.725836],[-108.233339,36.725823],[-108.233336,36.725913],[-108.233896,36.725926]]]},"properties":{"class":"invasive_woody","min_prob":0.5}},{"type":"Feature","geometry":{"type":"Polygon","coordinates":[[[-108.218228,36.725561],[-108.218231,36.725471],[-108.218119,36.725468],[-108.218116,36.725558],[-108.218228,36.725561]]]},"properties":{"class":"invasive_woody","min_prob":0.5}},{"type":"Feature","geometry":{"type":"Polygon","coordinates":[[[-108.216214,36.725514],[-108.216217,36.725424],[-108.216105,36.725421],[-108.216102,36.725511],[-108.216214,36.725514]]]},"properties":{"class":"invasive_woody","min_prob":0.5}},{"type":"Feature","geometry":{"type":"Polygon","coordinates":[[[-108.199651,36.725125],[-108.199654,36.725035],[-108.199542,36.725032],[-108.199539,36.725122],[-108.199651,36.725125]]]},"properties":{"class":"invasive_woody","min_prob":0.5}},{"type":"Feature","geometry":{"type":"Polygon","coordinates":[[[-108.193272,36.724974],[-108.193276,36.724884],[-108.193164,36.724882],[-108.19316,36.724972],[-108.193272,36.724974]]]},"properties":{"class":"invasive_woody","min_prob":0.5}},{"type":"Feature","geometry":{"type":"Polygon","coordinates":[[[-108.251466,36.726334],[-108.251473,36.726153],[-108.251249,36.726148],[-108.251246,36.726238],[-108.251358,36.726241],[-108.251354,36.726331],[-108.251466,36.726334]]]},"properties":{"class":"invasive_woody","min_prob":0.5}},{"type":"Feature","geometry":{"type":"Polygon","coordinates":[[[-108.328135,36.72799],[-108.328138,36.7279],[-108.328026,36.727898],[-108.328023,36.727988],[-108.328135,36.72799]]]},"properties":{"class":"invasive_woody","min_prob":0.5}},{"type":"Feature","geometry":{"type":"Polygon","coordinates":[[[-108.244531,36.726083],[-108.244534,36.725993],[-108.24431,36.725988],[-108.244307,36.726078],[-108.244531,36.726083]]]},"properties":{"class":"invasive_woody","min_prob":0.5}},{"type":"Feature","geometry":{"type":"Polygon","coordinates":[[[-108.244195,36.726075],[-108.244198,36.725985],[-108.244086,36.725982],[-108.244083,36.726073],[-108.244195,36.726075]]]},"properties":{"class":"invasive_woody","min_prob":0.5}},{"type":"Feature","geometry":{"type":"Polygon","coordinates":[[[-108.242628,36.726039],[-108.242632,36.725949],[-108.24252,36.725946],[-108.242516,36.726036],[-108.242628,36.726039]]]},"properties":{"class":"invasive_woody","min_prob":0.5}},{"type":"Feature","geometry":{"type":"Polygon","coordinates":[[[-108.241509,36.726013],[-108.241512,36.725923],[-108.2414,36.72592],[-108.241397,36.72601],[-108.241509,36.726013]]]},"properties":{"class":"invasive_woody","min_prob":0.5}},{"type":"Feature","geometry":{"type":"Polygon","coordinates":[[[-108.236137,36.725888],[-108.236141,36.725798],[-108.235805,36.72579],[-108.235802,36.72588],[-108.236137,36.725888]]]},"properties":{"class":"invasive_woody","min_prob":0.5}},{"type":"Feature","geometry":{"type":"Polygon","coordinates":[[[-108.234123,36.725841],[-108.234126,36.725751],[-108.234014,36.725749],[-108.234011,36.725839],[-108.234123,36.725841]]]},"properties":{"class":"invasive_woody","min_prob":0.5}},{"type":"Feature","geometry":{"type":"Polygon","coordinates":[[[-108.200997,36.725066],[-108.201,36.724976],[-108.200889,36.724974],[-108.200885,36.725064],[-108.200997,36.725066]]]},"properties":{"class":"invasive_woody","min_prob":0.5}},{"type":"Feature","geometry":{"type":"Polygon","coordinates":[[[-108.199878,36.72504],[-108.199881,36.72495],[-108.199658,36.724945],[-108.199654,36.725035],[-108.199878,36.72504]]]},"properties":{"class":"invasive_woody","min_prob":0.5}},{"type":"Feature","geometry":{"type":"Polygon","coordinates":[[[-108.192492,36.724866],[-108.192495,36.724776],[-108.192384,36.724773],[-108.19238,36.724863],[-108.192492,36.724866]]]},"properties":{"class":"invasive_woody","min_prob":0.5}},{"type":"Feature","geometry":{"type":"Polygon","coordinates":[[[-108.228076,36.725791],[-108.228086,36.72552],[-108.227527,36.725507],[-108.227523,36.725597],[-108.227635,36.7256],[-108.227632,36.72569],[-108.227744,36.725693],[-108.227747,36.725603],[-108.227859,36.725605],[-108.227856,36.725695],[-108.227968,36.725698],[-108.227964,36.725788],[-108.228076,36.725791]]]},"properties":{"class":"invasive_woody","min_prob":0.5}},{"type":"Feature","geometry":{"type":"Polygon","coordinates":[[[-108.24039,36.725987],[-108.240396,36.725807],[-108.240285,36.725804],[-108.240278,36.725984],[-108.24039,36.725987]]]},"properties":{"class":"invasive_woody","min_prob":0.5}},{"type":"Feature","geometry":{"type":"Polygon","coordinates":[[[-108.242967,36.725956],[-108.242971,36.725866],[-108.242635,36.725859],[-108.242632,36.725949],[-108.242967,36.725956]]]},"properties":{"class":"invasive_woody","min_prob":0.5}},{"type":"Feature","geometry":{"type":"Polygon","coordinates":[[[-108.240058,36.725889],[-108.240061,36.725799],[-108.239949,36.725796],[-108.239946,36.725886],[-108.240058,36.725889]]]},"properties":{"class":"invasive_woody","min_prob":0.5}},{"type":"Feature","geometry":{"type":"Polygon","coordinates":[[[-108.236924,36.725816],[-108.236927,36.725726],[-108.236144,36.725708],[-108.236141,36.725798],[-108.236924,36.725816]]]},"properties":{"class":"invasive_woody","min_prob":0.5}},{"type":"Feature","geometry":{"type":"Polygon","coordinates":[[[-108.23435,36.725756],[-108.234353,36.725666],[-108.234129,36.725661],[-108.234126,36.725751],[-108.23435,36.725756]]]},"properties":{"class":"invasive_woody","min_prob":0.5}},{"type":"Feature","geometry":{"type":"Polygon","coordinates":[[[-108.222599,36.725483],[-108.222602,36.725393],[-108.22249,36.72539],[-108.222487,36.72548],[-108.222599,36.725483]]]},"properties":{"class":"invasive_woody","min_prob":0.5}},{"type":"Feature","geometry":{"type":"Polygon","coordinates":[[[-108.214765,36.725299],[-108.214769,36.725209],[-108.214657,36.725207],[-108.214653,36.725297],[-108.214765,36.725299]]]},"properties":{"class":"invasive_woody","min_prob":0.5}},{"type":"Feature","geometry":{"type":"Polygon","coordinates":[[[-108.201112,36.724979],[-108.201116,36.724889],[-108.201004,36.724886],[-108.201,36.724976],[-108.201112,36.724979]]]},"properties":{"class":"invasive_woody","min_prob":0.5}},{"type":"Feature","geometry":{"type":"Polygon","coordinates":[[[-108.200777,36.724971],[-108.20078,36.724881],[-108.200668,36.724878],[-108.200665,36.724968],[-108.200777,36.724971]]]},"properties":{"class":"invasive_woody","min_prob":0.5}},{"type":"Feature","geometry":{"type":"Polygon","coordinates":[[[-108.199434,36.724939],[-108.199437,36.724849],[-108.199325,36.724847],[-108.199322,36.724937],[-108.199434,36.724939]]]},"properties":{"class":"invasive_woody","min_prob":0.5}},{"type":"Feature","geometry":{"type":"Polygon","coordinates":[[[-108.193615,36.724802],[-108.193618,36.724712],[-108.193394,36.724707],[-108.193391,36.724797],[-108.193615,36.724802]]]},"properties":{"class":"invasive_woody","min_prob":0.5}},{"type":"Feature","geometry":{"type":"Polygon","coordinates":[[[-108.251249,36.726148],[-108.251255,36.725968],[-108.251143,36.725965],[-108.251137,36.726146],[-108.251249,36.726148]]]},"properties":{"class":"invasive_woody","min_prob":0.5}},{"type":"Feature","geometry":{"type":"Polygon","coordinates":[[[-108.24487,36.726001],[-108.244876,36.72582],[-108.244764,36.725818],[-108.244761,36.725908],[-108.244537,36.725903],[-108.244534,36.725993],[-108.24487,36.726001]]]},"properties":{"class":"invasive_woody","min_prob":0.5}},{"type":"Feature","geometry":{"type":"Polygon","coordinates":[[[-108.243306,36.725874],[-108.243309,36.725784],[-108.243086,36.725779],[-108.243082,36.725869],[-108.243306,36.725874]]]},"properties":{"class":"invasive_woody","min_prob":0.5}},{"type":"Feature","geometry":{"type":"Polygon","coordinates":[[[-108.242075,36.725846],[-108.242078,36.725756],[-108.241967,36.725753],[-108.241963,36.725843],[-108.242075,36.725846]]]},"properties":{"class":"invasive_woody","min_prob":0.5}},{"type":"Feature","geometry":{"type":"Polygon","coordinates":[[[-108.240285,36.725804],[-108.240288,36.725714],[-108.240176,36.725711],[-108.240173,36.725802],[-108.240285,36.725804]]]},"properties":{"class":"invasive_woody","min_prob":0.5}},{"type":"Feature","geometry":{"type":"Polygon","coordinates":[[[-108.239837,36.725794],[-108.23984,36.725704],[-108.239728,36.725701],[-108.239725,36.725791],[-108.239837,36.725794]]]},"properties":{"class":"invasive_woody","min_prob":0.5}},{"type":"Feature","geometry":{"type":"Polygon","coordinates":[[[-108.234577,36.725672],[-108.23458,36.725581],[-108.234356,36.725576],[-108.234353,36.725666],[-108.234577,36.725672]]]},"properties":{"class":"invasive_woody","min_prob":0.5}},{"type":"Feature","geometry":{"type":"Polygon","coordinates":[[[-108.214992,36.725215],[-108.214996,36.725124],[-108.214772,36.725119],[-108.214769,36.725209],[-108.214992,36.725215]]]},"properties":{"class":"invasive_woody","min_prob":0.5}},{"type":"Feature","geometry":{"type":"Polygon","coordinates":[[[-108.214657,36.725207],[-108.21466,36.725117],[-108.214548,36.725114],[-108.214545,36.725204],[-108.214657,36.725207]]]},"properties":{"class":"invasive_woody","min_prob":0.5}},{"type":"Feature","geometry":{"type":"Polygon","coordinates":[[[-108.201228,36.724891],[-108.201231,36.724801],[-108.201119,36.724799],[-108.201116,36.724889],[-108.201228,36.724891]]]},"properties":{"class":"invasive_woody","min_prob":0.5}},{"type":"Feature","geometry":{"type":"Polygon","coordinates":[[[-108.192723,36.724691],[-108.192726,36.724601],[-108.192614,36.724598],[-108.192611,36.724688],[-108.192723,36.724691]]]},"properties":{"class":"invasive_woody","min_prob":0.5}},{"type":"Feature","geometry":{"type":"Polygon","coordinates":[[[-108.200892,36.724884],[-108.200898,36.724703],[-108.200786,36.724701],[-108.20078,36.724881],[-108.200892,36.724884]]]},"properties":{"class":"invasive_woody","min_prob":0.5}},{"type":"Feature","geometry":{"type":"Polygon","coordinates":[[[-108.245548,36.725836],[-108.245551,36.725746],[-108.245439,36.725743],[-108.245436,36.725833],[-108.245548,36.725836]]]},"properties":{"class":"invasive_woody","min_prob":0.5}},{"type":"Feature","geometry":{"type":"Polygon","coordinates":[[[-108.245324,36.725831],[-108.245327,36.725741],[-108.244991,36.725733],[-108.244988,36.725823],[-108.245324,36.725831]]]},"properties":{"class":"invasive_woody","min_prob":0.5}},{"type":"Feature","geometry":{"type":"Polygon","coordinates":[[[-108.239952,36.725706],[-108.239955,36.725616],[-108.239843,36.725614],[-108.23984,36.725704],[-108.239952,36.725706]]]},"properties":{"class":"invasive_woody","min_prob":0.5}},{"type":"Feature","geometry":{"type":"Polygon","coordinates":[[[-108.239728,36.725701],[-108.239731,36.725611],[-108.23962,36.725608],[-108.239616,36.725698],[-108.239728,36.725701]]]},"properties":{"class":"invasive_woody","min_prob":0.5}},{"type":"Feature","geometry":{"type":"Polygon","coordinates":[[[-108.234804,36.725587],[-108.234807,36.725497],[-108.234695,36.725494],[-108.234692,36.725584],[-108.234804,36.725587]]]},"properties":{"class":"invasive_woody","min_prob":0.5}},{"type":"Feature","geometry":{"type":"Polygon","coordinates":[[[-108.226746,36.725399],[-108.22675,36.725309],[-108.226526,36.725304],[-108.226523,36.725394],[-108.226746,36.725399]]]},"properties":{"class":"invasive_woody","min_prob":0.5}},{"type":"Feature","geometry":{"type":"Polygon","coordinates":[[[-108.192838,36.724604],[-108.192841,36.724513],[-108.192729,36.724511],[-108.192726,36.724601],[-108.192838,36.724604]]]},"properties":{"class":"invasive_woody","min_prob":0.5}},{"type":"Feature","geometry":{"type":"Polygon","coordinates":[[[-108.239504,36.725696],[-108.239508,36.725606],[-108.239396,36.725603],[-108.239399,36.725513],[-108.239287,36.72551],[-108.239281,36.725691],[-108.239504,36.725696]]]},"properties":{"class":"invasive_woody","min_prob":0.5}},{"type":"Feature","geometry":{"type":"Polygon","coordinates":[[[-108.227977,36.725428],[-108.227981,36.725338],[-108.227869,36.725335],[-108.227872,36.725245],[-108.227648,36.72524],[-108.227645,36.72533],[-108.227533,36.725327],[-108.22753,36.725417],[-108.227977,36.725428]]]},"properties":{"class":"invasive_woody","min_prob":0.5}},{"type":"Feature","geometry":{"type":"Polygon","coordinates":[[[-108.295018,36.726881],[-108.295022,36.726791],[-108.29491,36.726789],[-108.294906,36.726879],[-108.295018,36.726881]]]},"properties":{"class":"invasive_woody","min_prob":0.5}},{"type":"Feature","geometry":{"type":"Polygon","coordinates":[[[-108.250028,36.725849],[-108.250031,36.725759],[-108.249807,36.725754],[-108.249804,36.725844],[-108.250028,36.725849]]]},"properties":{"class":"invasive_woody","min_prob":0.5}},{"type":"Feature","geometry":{"type":"Polygon","coordinates":[[[-108.239172,36.725598],[-108.239175,36.725508],[-108.239063,36.725505],[-108.23906,36.725595],[-108.239172,36.725598]]]},"properties":{"class":"invasive_woody","min_prob":0.5}},{"type":"Feature","geometry":{"type":"Polygon","coordinates":[[[-108.235143,36.725504],[-108.235146,36.725414],[-108.235034,36.725412],[-108.235031,36.725502],[-108.235143,36.725504]]]},"properties":{"class":"invasive_woody","min_prob":0.5}},{"type":"Feature","geometry":{"type":"Polygon","coordinates":[[[-108.219028,36.725129],[-108.219031,36.725039],[-108.218919,36.725036],[-108.218916,36.725126],[-108.219028,36.725129]]]},"properties":{"class":"invasive_woody","min_prob":0.5}},{"type":"Feature","geometry":{"type":"Polygon","coordinates":[[[-108.199891,36.72468],[-108.199895,36.72459],[-108.199783,36.724587],[-108.199779,36.724677],[-108.199891,36.72468]]]},"properties":{"class":"invasive_woody","min_prob":0.5}},{"type":"Feature","geometry":{"type":"Polygon","coordinates":[[[-108.19396,36.72454],[-108.193963,36.72445],[-108.19374,36.724444],[-108.193736,36.724535],[-108.19396,36.72454]]]},"properties":{"class":"invasive_woody","min_prob":0.5}},{"type":"Feature","geometry":{"type":"Polygon","coordinates":[[[-108.193624,36.724532],[-108.193628,36.724442],[-108.193292,36.724434],[-108.193289,36.724524],[-108.193624,36.724532]]]},"properties":{"class":"invasive_woody","min_prob":0.5}},{"type":"Feature","geometry":{"type":"Polygon","coordinates":[[[-108.238616,36.725495],[-108.238619,36.725405],[-108.238507,36.725402],[-108.238504,36.725492],[-108.238616,36.725495]]]},"properties":{"class":"invasive_woody","min_prob":0.5}},{"type":"Feature","geometry":{"type":"Polygon","coordinates":[[[-108.193292,36.724434],[-108.193295,36.724344],[-108.192848,36.724333],[-108.192844,36.724423],[-108.193292,36.724434]]]},"properties":{"class":"invasive_woody","min_prob":0.5}},{"type":"Feature","geometry":{"type":"Polygon","coordinates":[[[-108.227089,36.725227],[-108.227095,36.725047],[-108.226983,36.725044],[-108.226977,36.725224],[-108.227089,36.725227]]]},"properties":{"class":"invasive_woody","min_prob":0.5}},{"type":"Feature","geometry":{"type":"Polygon","coordinates":[[[-108.218919,36.725036],[-108.218926,36.724856],[-108.218814,36.724853],[-108.218807,36.725033],[-108.218919,36.725036]]]},"properties":{"class":"invasive_woody","min_prob":0.5}},{"type":"Feature","geometry":{"type":"Polygon","coordinates":[[[-108.216233,36.724973],[-108.216236,36.724883],[-108.216013,36.724878],[-108.216016,36.724788],[-108.215792,36.724782],[-108.215789,36.724873],[-108.215901,36.724875],[-108.215898,36.724965],[-108.216233,36.724973]]]},"properties":{"class":"invasive_woody","min_prob":0.5}},{"type":"Feature","geometry":{"type":"Polygon","coordinates":[[[-108.246341,36.725584],[-108.246344,36.725494],[-108.24612,36.725489],[-108.246117,36.725579],[-108.246341,36.725584]]]},"properties":{"class":"invasive_woody","min_prob":0.5}},{"type":"Feature","geometry":{"type":"Polygon","coordinates":[[[-108.218027,36.724925],[-108.21803,36.724835],[-108.217918,36.724832],[-108.217915,36.724922],[-108.218027,36.724925]]]},"properties":{"class":"invasive_woody","min_prob":0.5}},{"type":"Feature","geometry":{"type":"Polygon","coordinates":[[[-108.20001,36.724502],[-108.200013,36.724412],[-108.199901,36.724409],[-108.199898,36.724499],[-108.20001,36.724502]]]},"properties":{"class":"invasive_woody","min_prob":0.5}},{"type":"Feature","geometry":{"type":"Polygon","coordinates":[[[-108.227421,36.725325],[-108.227424,36.725235],[-108.227648,36.72524],[-108.227651,36.72515],[-108.227428,36.725144],[-108.227431,36.725054],[-108.227319,36.725052],[-108.227322,36.724962],[-108.22721,36.724959],[-108.227204,36.725139],[-108.227316,36.725142],[-108.227309,36.725322],[-108.227421,36.725325]]]},"properties":{"class":"invasive_woody","min_prob":0.5}},{"type":"Feature","geometry":{"type":"Polygon","coordinates":[[[-108.247124,36.725602],[-108.247131,36.725422],[-108.247019,36.725419],[-108.247016,36.725509],[-108.246904,36.725507],[-108.2469,36.725597],[-108.247124,36.725602]]]},"properties":{"class":"invasive_woody","min_prob":0.5}},{"type":"Feature","geometry":{"type":"Polygon","coordinates":[[[-108.249254,36.725561],[-108.249257,36.725471],[-108.249145,36.725468],[-108.249142,36.725558],[-108.249254,36.725561]]]},"properties":{"class":"invasive_woody","min_prob":0.5}},{"type":"Feature","geometry":{"type":"Polygon","coordinates":[[[-108.246792,36.725504],[-108.246795,36.725414],[-108.246347,36.725404],[-108.246344,36.725494],[-108.246792,36.725504]]]},"properties":{"class":"invasive_woody","min_prob":0.5}},{"type":"Feature","geometry":{"type":"Polygon","coordinates":[[[-108.237279,36.725284],[-108.237282,36.725193],[-108.236611,36.725178],[-108.236608,36.725268],[-108.237279,36.725284]]]},"properties":{"class":"invasive_woody","min_prob":0.5}},{"type":"Feature","geometry":{"type":"Polygon","coordinates":[[[-108.218142,36.724837],[-108.218145,36.724747],[-108.218034,36.724745],[-108.21803,36.724835],[-108.218142,36.724837]]]},"properties":{"class":"invasive_woody","min_prob":0.5}},{"type":"Feature","geometry":{"type":"Polygon","coordinates":[[[-108.200217,36.724958],[-108.20022,36.724868],[-108.200332,36.72487],[-108.200336,36.72478],[-108.200448,36.724783],[-108.200457,36.724513],[-108.200569,36.724515],[-108.200572,36.724425],[-108.200684,36.724428],[-108.200688,36.724338],[-108.200464,36.724332],[-108.200461,36.724423],[-108.200349,36.72442],[-108.200342,36.7246],[-108.20023,36.724597],[-108.200224,36.724778],[-108.200112,36.724775],[-108.200105,36.724955],[-108.200217,36.724958]]]},"properties":{"class":"invasive_woody","min_prob":0.5}},{"type":"Feature","geometry":{"type":"Polygon","coordinates":[[[-108.273869,36.726308],[-108.273882,36.725948],[-108.27377,36.725945],[-108.273757,36.726306],[-108.273869,36.726308]]]},"properties":{"class":"invasive_woody","min_prob":0.5}},{"type":"Feature","geometry":{"type":"Polygon","coordinates":[[[-108.226871,36.725041],[-108.226874,36.724951],[-108.226763,36.724949],[-108.226766,36.724859],[-108.226654,36.724856],[-108.226647,36.725036],[-108.226871,36.725041]]]},"properties":{"class":"invasive_woody","min_prob":0.5}},{"type":"Feature","geometry":{"type":"Polygon","coordinates":[[[-108.296038,36.726544],[-108.296041,36.726454],[-108.29593,36.726451],[-108.295926,36.726541],[-108.296038,36.726544]]]},"properties":{"class":"invasive_woody","min_prob":0.5}},{"type":"Feature","geometry":{"type":"Polygon","coordinates":[[[-108.247243,36.725424],[-108.247246,36.725334],[-108.247134,36.725332],[-108.247131,36.725422],[-108.247243,36.725424]]]},"properties":{"class":"invasive_woody","min_prob":0.5}},{"type":"Feature","geometry":{"type":"Polygon","coordinates":[[[-108.237506,36.725199],[-108.237509,36.725109],[-108.237286,36.725103],[-108.237282,36.725193],[-108.237506,36.725199]]]},"properties":{"class":"invasive_woody","min_prob":0.5}},{"type":"Feature","geometry":{"type":"Polygon","coordinates":[[[-108.217474,36.724732],[-108.217477,36.724642],[-108.217365,36.724639],[-108.217362,36.724729],[-108.217474,36.724732]]]},"properties":{"class":"invasive_woody","min_prob":0.5}},{"type":"Feature","geometry":{"type":"Polygon","coordinates":[[[-108.194757,36.724198],[-108.19476,36.724108],[-108.194648,36.724105],[-108.194645,36.724195],[-108.194757,36.724198]]]},"properties":{"class":"invasive_woody","min_prob":0.5}},{"type":"Feature","geometry":{"type":"Polygon","coordinates":[[[-108.248355,36.72563],[-108.248358,36.72554],[-108.24847,36.725543],[-108.248474,36.725453],[-108.248362,36.72545],[-108.248365,36.72536],[-108.248253,36.725358],[-108.248256,36.725268],[-108.248144,36.725265],[-108.248141,36.725355],[-108.247693,36.725345],[-108.24769,36.725435],[-108.247466,36.72543],[-108.24747,36.725339],[-108.247358,36.725337],[-108.247351,36.725517],[-108.247799,36.725527],[-108.247802,36.725437],[-108.248026,36.725443],[-108.248023,36.725533],[-108.248135,36.725535],[-108.248131,36.725625],[-108.248355,36.72563]]]},"properties":{"class":"invasive_woody","min_prob":0.5}},{"type":"Feature","geometry":{"type":"Polygon","coordinates":[[[-108.216575,36.724801],[-108.216585,36.724531],[-108.216473,36.724528],[-108.216464,36.724798],[-108.216575,36.724801]]]},"properties":{"class":"invasive_woody","min_prob":0.5}},{"type":"Feature","geometry":{"type":"Polygon","coordinates":[[[-108.247358,36.725337],[-108.247361,36.725247],[-108.247249,36.725244],[-108.247246,36.725334],[-108.247358,36.725337]]]},"properties":{"class":"invasive_woody","min_prob":0.5}},{"type":"Feature","geometry":{"type":"Polygon","coordinates":[[[-108.244896,36.72528],[-108.244899,36.72519],[-108.244339,36.725177],[-108.244336,36.725267],[-108.244896,36.72528]]]},"properties":{"class":"invasive_woody","min_prob":0.5}},{"type":"Feature","geometry":{"type":"Polygon","coordinates":[[[-108.227325,36.724872],[-108.227329,36.724781],[-108.227217,36.724779],[-108.227213,36.724869],[-108.227325,36.724872]]]},"properties":{"class":"invasive_woody","min_prob":0.5}},{"type":"Feature","geometry":{"type":"Polygon","coordinates":[[[-108.226654,36.724856],[-108.226657,36.724766],[-108.226545,36.724763],[-108.226542,36.724853],[-108.226654,36.724856]]]},"properties":{"class":"invasive_woody","min_prob":0.5}},{"type":"Feature","geometry":{"type":"Polygon","coordinates":[[[-108.21703,36.724631],[-108.217033,36.724541],[-108.216809,36.724536],[-108.216806,36.724626],[-108.21703,36.724631]]]},"properties":{"class":"invasive_woody","min_prob":0.5}},{"type":"Feature","geometry":{"type":"Polygon","coordinates":[[[-108.248915,36.725643],[-108.248918,36.725553],[-108.24903,36.725556],[-108.249036,36.725376],[-108.248701,36.725368],[-108.248704,36.725278],[-108.24848,36.725273],[-108.248483,36.725183],[-108.248371,36.72518],[-108.248365,36.72536],[-108.248477,36.725363],[-108.248474,36.725453],[-108.248697,36.725458],[-108.248694,36.725548],[-108.248806,36.725551],[-108.248803,36.725641],[-108.248915,36.725643]]]},"properties":{"class":"invasive_woody","min_prob":0.5}},{"type":"Feature","geometry":{"type":"Polygon","coordinates":[[[-108.222283,36.724934],[-108.222289,36.724754],[-108.222401,36.724757],[-108.222408,36.724577],[-108.222296,36.724574],[-108.222293,36.724664],[-108.222181,36.724661],[-108.222177,36.724751],[-108.222066,36.724749],[-108.222062,36.724839],[-108.222174,36.724842],[-108.222171,36.724932],[-108.222283,36.724934]]]},"properties":{"class":"invasive_woody","min_prob":0.5}},{"type":"Feature","geometry":{"type":"Polygon","coordinates":[[[-108.274109,36.725863],[-108.274112,36.725773],[-108.274,36.72577],[-108.273997,36.72586],[-108.274109,36.725863]]]},"properties":{"class":"invasive_woody","min_prob":0.5}},{"type":"Feature","geometry":{"type":"Polygon","coordinates":[[[-108.244339,36.725177],[-108.244342,36.725087],[-108.244231,36.725084],[-108.244227,36.725174],[-108.244339,36.725177]]]},"properties":{"class":"invasive_woody","min_prob":0.5}},{"type":"Feature","geometry":{"type":"Polygon","coordinates":[[[-108.226545,36.724763],[-108.226548,36.724673],[-108.226437,36.724671],[-108.226433,36.724761],[-108.226545,36.724763]]]},"properties":{"class":"invasive_woody","min_prob":0.5}},{"type":"Feature","geometry":{"type":"Polygon","coordinates":[[[-108.216809,36.724536],[-108.216812,36.724446],[-108.216588,36.72444],[-108.216585,36.724531],[-108.216809,36.724536]]]},"properties":{"class":"invasive_woody","min_prob":0.5}},{"type":"Feature","geometry":{"type":"Polygon","coordinates":[[[-108.21513,36.724496],[-108.215134,36.724406],[-108.215022,36.724404],[-108.215019,36.724494],[-108.21513,36.724496]]]},"properties":{"class":"invasive_woody","min_prob":0.5}},{"type":"Feature","geometry":{"type":"Polygon","coordinates":[[[-108.21411,36.724833],[-108.214117,36.724653],[-108.214341,36.724658],[-108.214344,36.724568],[-108.214456,36.724571],[-108.214459,36.724481],[-108.214235,36.724476],[-108.214238,36.724385],[-108.214015,36.72438],[-108.214011,36.72447],[-108.213787,36.724465],[-108.213784,36.724555],[-108.213896,36.724558],[-108.213893,36.724648],[-108.214005,36.72465],[-108.213998,36.724831],[-108.21411,36.724833]],[[-108.214232,36.724566],[-108.21412,36.724563],[-108.214123,36.724473],[-108.214235,36.724476],[-108.214232,36.724566]]]},"properties":{"class":"invasive_woody","min_prob":0.5}},{"type":"Feature","geometry":{"type":"Polygon","coordinates":[[[-108.201675,36.724902],[-108.201678,36.724812],[-108.20179,36.724815],[-108.201807,36.724364],[-108.201695,36.724361],[-108.201708,36.724001],[-108.201596,36.723998],[-108.20158,36.724449],[-108.201468,36.724446],[-108.201461,36.724626],[-108.201349,36.724624],[-108.201346,36.724714],[-108.201234,36.724711],[-108.201231,36.724801],[-108.201567,36.724809],[-108.201563,36.724899],[-108.201675,36.724902]]]},"properties":{"class":"invasive_woody","min_prob":0.5}},{"type":"Feature","geometry":{"type":"Polygon","coordinates":[[[-108.245235,36.725198],[-108.245238,36.725107],[-108.245126,36.725105],[-108.245129,36.725015],[-108.245017,36.725012],[-108.245011,36.725192],[-108.245235,36.725198]]]},"properties":{"class":"invasive_woody","min_prob":0.5}},{"type":"Feature","geometry":{"type":"Polygon","coordinates":[[[-108.325371,36.726936],[-108.325374,36.726846],[-108.325262,36.726844],[-108.325259,36.726934],[-108.325371,36.726936]]]},"properties":{"class":"invasive_woody","min_prob":0.5}},{"type":"Feature","geometry":{"type":"Polygon","coordinates":[[[-108.319215,36.726798],[-108.319219,36.726708],[-108.319107,36.726705],[-108.319104,36.726795],[-108.319215,36.726798]]]},"properties":{"class":"invasive_woody","min_prob":0.5}},{"type":"Feature","geometry":{"type":"Polygon","coordinates":[[[-108.274662,36.726056],[-108.274671,36.725786],[-108.274895,36.725791],[-108.274898,36.725701],[-108.274115,36.725683],[-108.274112,36.725773],[-108.274224,36.725775],[-108.274217,36.725955],[-108.274329,36.725958],[-108.274326,36.726048],[-108.274662,36.726056]]]},"properties":{"class":"invasive_woody","min_prob":0.5}},{"type":"Feature","geometry":{"type":"Polygon","coordinates":[[[-108.245462,36.725113],[-108.245465,36.725023],[-108.245241,36.725017],[-108.245238,36.725107],[-108.245462,36.725113]]]},"properties":{"class":"invasive_woody","min_prob":0.5}},{"type":"Feature","geometry":{"type":"Polygon","coordinates":[[[-108.244678,36.725095],[-108.244681,36.725004],[-108.24457,36.725002],[-108.244566,36.725092],[-108.244678,36.725095]]]},"properties":{"class":"invasive_woody","min_prob":0.5}},{"type":"Feature","geometry":{"type":"Polygon","coordinates":[[[-108.226437,36.724671],[-108.22644,36.72458],[-108.226328,36.724578],[-108.226325,36.724668],[-108.226437,36.724671]]]},"properties":{"class":"invasive_woody","min_prob":0.5}},{"type":"Feature","geometry":{"type":"Polygon","coordinates":[[[-108.21905,36.724498],[-108.219054,36.724408],[-108.218942,36.724405],[-108.218939,36.724495],[-108.21905,36.724498]]]},"properties":{"class":"invasive_woody","min_prob":0.5}},{"type":"Feature","geometry":{"type":"Polygon","coordinates":[[[-108.200921,36.724073],[-108.200925,36.723983],[-108.200813,36.72398],[-108.200809,36.72407],[-108.200921,36.724073]]]},"properties":{"class":"invasive_woody","min_prob":0.5}},{"type":"Feature","geometry":{"type":"Polygon","coordinates":[[[-108.202929,36.7243],[-108.202932,36.72421],[-108.203156,36.724216],[-108.203166,36.723945],[-108.20283,36.723937],[-108.202827,36.724027],[-108.202715,36.724025],[-108.202712,36.724115],[-108.2026,36.724112],[-108.202593,36.724292],[-108.202929,36.7243]]]},"properties":{"class":"invasive_woody","min_prob":0.5}},{"type":"Feature","geometry":{"type":"Polygon","coordinates":[[[-108.296384,36.726281],[-108.29639,36.726101],[-108.296278,36.726098],[-108.296272,36.726279],[-108.296384,36.726281]]]},"properties":{"class":"invasive_woody","min_prob":0.5}},{"type":"Feature","geometry":{"type":"Polygon","coordinates":[[[-108.227108,36.724686],[-108.227111,36.724596],[-108.226999,36.724593],[-108.227003,36.724503],[-108.226891,36.724501],[-108.226884,36.724681],[-108.227108,36.724686]]]},"properties":{"class":"invasive_woody","min_prob":0.5}},{"type":"Feature","geometry":{"type":"Polygon","coordinates":[[[-108.248151,36.725085],[-108.248154,36.724995],[-108.248042,36.724992],[-108.248039,36.725082],[-108.248151,36.725085]]]},"properties":{"class":"invasive_woody","min_prob":0.5}},{"type":"Feature","geometry":{"type":"Polygon","coordinates":[[[-108.245577,36.725025],[-108.24558,36.724935],[-108.245468,36.724932],[-108.245465,36.725023],[-108.245577,36.725025]]]},"properties":{"class":"invasive_woody","min_prob":0.5}},{"type":"Feature","geometry":{"type":"Polygon","coordinates":[[[-108.226328,36.724578],[-108.226331,36.724488],[-108.226219,36.724485],[-108.226216,36.724575],[-108.226328,36.724578]]]},"properties":{"class":"invasive_woody","min_prob":0.5}},{"type":"Feature","geometry":{"type":"Polygon","coordinates":[[[-108.221851,36.724473],[-108.221855,36.724383],[-108.221743,36.724381],[-108.22174,36.724471],[-108.221851,36.724473]]]},"properties":{"class":"invasive_woody","min_prob":0.5}},{"type":"Feature","geometry":{"type":"Polygon","coordinates":[[[-108.220509,36.724442],[-108.220512,36.724352],[-108.2204,36.724349],[-108.220397,36.724439],[-108.220509,36.724442]]]},"properties":{"class":"invasive_woody","min_prob":0.5}},{"type":"Feature","geometry":{"type":"Polygon","coordinates":[[[-108.215361,36.724322],[-108.215364,36.724231],[-108.215252,36.724229],[-108.215249,36.724319],[-108.215361,36.724322]]]},"properties":{"class":"invasive_woody","min_prob":0.5}},{"type":"Feature","geometry":{"type":"Polygon","coordinates":[[[-108.204953,36.724077],[-108.204957,36.723987],[-108.204845,36.723985],[-108.204841,36.724075],[-108.204953,36.724077]]]},"properties":{"class":"invasive_woody","min_prob":0.5}},{"type":"Feature","geometry":{"type":"Polygon","coordinates":[[[-108.31911,36.726615],[-108.319113,36.726525],[-108.319001,36.726523],[-108.318998,36.726613],[-108.31911,36.726615]]]},"properties":{"class":"invasive_woody","min_prob":0.5}},{"type":"Feature","geometry":{"type":"Polygon","coordinates":[[[-108.296502,36.726103],[-108.296505,36.726013],[-108.296393,36.726011],[-108.29639,36.726101],[-108.296502,36.726103]]]},"properties":{"class":"invasive_woody","min_prob":0.5}},{"type":"Feature","geometry":{"type":"Polygon","coordinates":[[[-108.245916,36.724943],[-108.245919,36.724853],[-108.245807,36.72485],[-108.245804,36.72494],[-108.245916,36.724943]]]},"properties":{"class":"invasive_woody","min_prob":0.5}},{"type":"Feature","geometry":{"type":"Polygon","coordinates":[[[-108.245692,36.724938],[-108.245695,36.724848],[-108.245583,36.724845],[-108.24558,36.724935],[-108.245692,36.724938]]]},"properties":{"class":"invasive_woody","min_prob":0.5}},{"type":"Feature","geometry":{"type":"Polygon","coordinates":[[[-108.226891,36.724501],[-108.226894,36.724411],[-108.226782,36.724408],[-108.226779,36.724498],[-108.226891,36.724501]]]},"properties":{"class":"invasive_woody","min_prob":0.5}},{"type":"Feature","geometry":{"type":"Polygon","coordinates":[[[-108.226219,36.724485],[-108.226222,36.724395],[-108.226111,36.724392],[-108.226107,36.724483],[-108.226219,36.724485]]]},"properties":{"class":"invasive_woody","min_prob":0.5}},{"type":"Feature","geometry":{"type":"Polygon","coordinates":[[[-108.214804,36.724218],[-108.214808,36.724128],[-108.214584,36.724123],[-108.214581,36.724213],[-108.214804,36.724218]]]},"properties":{"class":"invasive_woody","min_prob":0.5}},{"type":"Feature","geometry":{"type":"Polygon","coordinates":[[[-108.211223,36.724134],[-108.211227,36.724044],[-108.211115,36.724042],[-108.211111,36.724132],[-108.211223,36.724134]]]},"properties":{"class":"invasive_woody","min_prob":0.5}},{"type":"Feature","geometry":{"type":"Polygon","coordinates":[[[-108.200928,36.723893],[-108.200931,36.723803],[-108.200819,36.7238],[-108.200816,36.72389],[-108.200928,36.723893]]]},"properties":{"class":"invasive_woody","min_prob":0.5}},{"type":"Feature","geometry":{"type":"Polygon","coordinates":[[[-108.319673,36.726538],[-108.319676,36.726448],[-108.319564,36.726445],[-108.319561,36.726535],[-108.319673,36.726538]]]},"properties":{"class":"invasive_woody","min_prob":0.5}},{"type":"Feature","geometry":{"type":"Polygon","coordinates":[[[-108.24771,36.724894],[-108.247713,36.724804],[-108.247601,36.724802],[-108.247598,36.724892],[-108.24771,36.724894]]]},"properties":{"class":"invasive_woody","min_prob":0.5}},{"type":"Feature","geometry":{"type":"Polygon","coordinates":[[[-108.246367,36.724863],[-108.24637,36.724773],[-108.246034,36.724765],[-108.246031,36.724855],[-108.246367,36.724863]]]},"properties":{"class":"invasive_woody","min_prob":0.5}},{"type":"Feature","geometry":{"type":"Polygon","coordinates":[[[-108.231594,36.72452],[-108.231597,36.72443],[-108.231486,36.724428],[-108.231482,36.724518],[-108.231594,36.72452]]]},"properties":{"class":"invasive_woody","min_prob":0.5}},{"type":"Feature","geometry":{"type":"Polygon","coordinates":[[[-108.226111,36.724392],[-108.226114,36.724302],[-108.226002,36.7243],[-108.225999,36.72439],[-108.226111,36.724392]]]},"properties":{"class":"invasive_woody","min_prob":0.5}},{"type":"Feature","geometry":{"type":"Polygon","coordinates":[[[-108.214584,36.724123],[-108.214587,36.724033],[-108.214475,36.72403],[-108.214472,36.72412],[-108.214584,36.724123]]]},"properties":{"class":"invasive_woody","min_prob":0.5}},{"type":"Feature","geometry":{"type":"Polygon","coordinates":[[[-108.217925,36.724652],[-108.217928,36.724562],[-108.218264,36.72457],[-108.218274,36.7243],[-108.217938,36.724292],[-108.217948,36.724021],[-108.217836,36.724019],[-108.217823,36.724379],[-108.217711,36.724377],[-108.217714,36.724286],[-108.21749,36.724281],[-108.217487,36.724371],[-108.217599,36.724374],[-108.217592,36.724554],[-108.217816,36.724559],[-108.217813,36.724649],[-108.217925,36.724652]],[[-108.218155,36.724477],[-108.218043,36.724474],[-108.218047,36.724384],[-108.218158,36.724387],[-108.218155,36.724477]]]},"properties":{"class":"invasive_woody","min_prob":0.5}},{"type":"Feature","geometry":{"type":"Polygon","coordinates":[[[-108.201478,36.724176],[-108.201497,36.723636],[-108.201385,36.723633],[-108.201379,36.723813],[-108.201267,36.72381],[-108.201264,36.7239],[-108.201152,36.723898],[-108.201148,36.723988],[-108.201372,36.723993],[-108.201366,36.724173],[-108.201478,36.724176]]]},"properties":{"class":"invasive_woody","min_prob":0.5}},{"type":"Feature","geometry":{"type":"Polygon","coordinates":[[[-108.325266,36.726754],[-108.325272,36.726574],[-108.32516,36.726571],[-108.325163,36.726481],[-108.325051,36.726478],[-108.325045,36.726659],[-108.325157,36.726661],[-108.325154,36.726751],[-108.325266,36.726754]]]},"properties":{"class":"invasive_woody","min_prob":0.5}},{"type":"Feature","geometry":{"type":"Polygon","coordinates":[[[-108.217378,36.724279],[-108.217382,36.724189],[-108.217158,36.724183],[-108.217161,36.724093],[-108.216937,36.724088],[-108.21694,36.723998],[-108.216829,36.723995],[-108.216819,36.724266],[-108.216931,36.724268],[-108.216934,36.724178],[-108.217046,36.724181],[-108.217043,36.724271],[-108.217378,36.724279]]]},"properties":{"class":"invasive_woody","min_prob":0.5}},{"type":"Feature","geometry":{"type":"Polygon","coordinates":[[[-108.215588,36.724237],[-108.215598,36.723966],[-108.215486,36.723964],[-108.215482,36.724054],[-108.215371,36.724051],[-108.215364,36.724231],[-108.215588,36.724237]]]},"properties":{"class":"invasive_woody","min_prob":0.5}},{"type":"Feature","geometry":{"type":"Polygon","coordinates":[[[-108.319337,36.72653],[-108.319343,36.72635],[-108.319231,36.726347],[-108.319228,36.726438],[-108.319116,36.726435],[-108.319113,36.726525],[-108.319337,36.72653]]]},"properties":{"class":"invasive_woody","min_prob":0.5}},{"type":"Feature","geometry":{"type":"Polygon","coordinates":[[[-108.220179,36.724254],[-108.220186,36.724074],[-108.220074,36.724071],[-108.220067,36.724251],[-108.220179,36.724254]]]},"properties":{"class":"invasive_woody","min_prob":0.5}},{"type":"Feature","geometry":{"type":"Polygon","coordinates":[[[-108.294158,36.72587],[-108.294161,36.72578],[-108.294049,36.725777],[-108.294046,36.725867],[-108.294158,36.72587]]]},"properties":{"class":"invasive_woody","min_prob":0.5}},{"type":"Feature","geometry":{"type":"Polygon","coordinates":[[[-108.246594,36.724778],[-108.246597,36.724688],[-108.246373,36.724683],[-108.24637,36.724773],[-108.246594,36.724778]]]},"properties":{"class":"invasive_woody","min_prob":0.5}},{"type":"Feature","geometry":{"type":"Polygon","coordinates":[[[-108.226785,36.724318],[-108.226789,36.724228],[-108.226677,36.724225],[-108.226673,36.724315],[-108.226785,36.724318]]]},"properties":{"class":"invasive_woody","min_prob":0.5}},{"type":"Feature","geometry":{"type":"Polygon","coordinates":[[[-108.226002,36.7243],[-108.226005,36.72421],[-108.225893,36.724207],[-108.22589,36.724297],[-108.226002,36.7243]]]},"properties":{"class":"invasive_woody","min_prob":0.5}},{"type":"Feature","geometry":{"type":"Polygon","coordinates":[[[-108.319231,36.726347],[-108.319234,36.726257],[-108.319122,36.726255],[-108.319119,36.726345],[-108.319231,36.726347]]]},"properties":{"class":"invasive_woody","min_prob":0.5}},{"type":"Feature","geometry":{"type":"Polygon","coordinates":[[[-108.314866,36.726249],[-108.314869,36.726159],[-108.314757,36.726156],[-108.314754,36.726246],[-108.314866,36.726249]]]},"properties":{"class":"invasive_woody","min_prob":0.5}},{"type":"Feature","geometry":{"type":"Polygon","coordinates":[[[-108.296735,36.725838],[-108.296738,36.725748],[-108.296626,36.725746],[-108.296623,36.725836],[-108.296735,36.725838]]]},"properties":{"class":"invasive_woody","min_prob":0.5}},{"type":"Feature","geometry":{"type":"Polygon","coordinates":[[[-108.245363,36.72475],[-108.245366,36.72466],[-108.24559,36.724665],[-108.245593,36.724575],[-108.245257,36.724567],[-108.245251,36.724747],[-108.245363,36.72475]]]},"properties":{"class":"invasive_woody","min_prob":0.5}},{"type":"Feature","geometry":{"type":"Polygon","coordinates":[[[-108.226677,36.724225],[-108.22668,36.724135],[-108.226568,36.724133],[-108.226565,36.724223],[-108.226677,36.724225]]]},"properties":{"class":"invasive_woody","min_prob":0.5}},{"type":"Feature","geometry":{"type":"Polygon","coordinates":[[[-108.225893,36.724207],[-108.225896,36.724117],[-108.225785,36.724114],[-108.225781,36.724204],[-108.225893,36.724207]]]},"properties":{"class":"invasive_woody","min_prob":0.5}},{"type":"Feature","geometry":{"type":"Polygon","coordinates":[[[-108.215709,36.723969],[-108.215713,36.723879],[-108.215601,36.723876],[-108.215598,36.723966],[-108.215709,36.723969]]]},"properties":{"class":"invasive_woody","min_prob":0.5}},{"type":"Feature","geometry":{"type":"Polygon","coordinates":[[[-108.244685,36.724914],[-108.244701,36.724464],[-108.244589,36.724461],[-108.244579,36.724732],[-108.244467,36.724729],[-108.244461,36.724909],[-108.244685,36.724914]]]},"properties":{"class":"invasive_woody","min_prob":0.5}},{"type":"Feature","geometry":{"type":"Polygon","coordinates":[[[-108.214475,36.72403],[-108.214485,36.72376],[-108.214373,36.723757],[-108.214363,36.724028],[-108.214475,36.72403]]]},"properties":{"class":"invasive_woody","min_prob":0.5}},{"type":"Feature","geometry":{"type":"Polygon","coordinates":[[[-108.225785,36.724114],[-108.225788,36.724024],[-108.225676,36.724022],[-108.225673,36.724112],[-108.225785,36.724114]]]},"properties":{"class":"invasive_woody","min_prob":0.5}},{"type":"Feature","geometry":{"type":"Polygon","coordinates":[[[-108.243687,36.724621],[-108.243697,36.72435],[-108.243585,36.724348],[-108.243575,36.724618],[-108.243687,36.724621]]]},"properties":{"class":"invasive_woody","min_prob":0.5}},{"type":"Feature","geometry":{"type":"Polygon","coordinates":[[[-108.221529,36.724105],[-108.221538,36.723835],[-108.221427,36.723832],[-108.221423,36.723922],[-108.221311,36.72392],[-108.221315,36.72383],[-108.221203,36.723827],[-108.221196,36.724007],[-108.22142,36.724012],[-108.221417,36.724103],[-108.221529,36.724105]]]},"properties":{"class":"invasive_woody","min_prob":0.5}},{"type":"Feature","geometry":{"type":"Polygon","coordinates":[[[-108.320018,36.726275],[-108.320024,36.726095],[-108.319912,36.726092],[-108.319906,36.726272],[-108.320018,36.726275]]]},"properties":{"class":"invasive_woody","min_prob":0.5}},{"type":"Feature","geometry":{"type":"Polygon","coordinates":[[[-108.29685,36.725751],[-108.296857,36.725571],[-108.296745,36.725568],[-108.296738,36.725748],[-108.29685,36.725751]]]},"properties":{"class":"invasive_woody","min_prob":0.5}},{"type":"Feature","geometry":{"type":"Polygon","coordinates":[[[-108.314761,36.726066],[-108.314764,36.725976],[-108.314652,36.725974],[-108.314649,36.726064],[-108.314761,36.726066]]]},"properties":{"class":"invasive_woody","min_prob":0.5}},{"type":"Feature","geometry":{"type":"Polygon","coordinates":[[[-108.248618,36.724555],[-108.248621,36.724464],[-108.248509,36.724462],[-108.248506,36.724552],[-108.248618,36.724555]]]},"properties":{"class":"invasive_woody","min_prob":0.5}},{"type":"Feature","geometry":{"type":"Polygon","coordinates":[[[-108.248045,36.724902],[-108.248052,36.724722],[-108.248387,36.72473],[-108.248391,36.724639],[-108.248279,36.724637],[-108.248282,36.724547],[-108.24761,36.724531],[-108.247614,36.724441],[-108.246942,36.724426],[-108.246939,36.724516],[-108.246827,36.724513],[-108.246824,36.724603],[-108.2466,36.724598],[-108.246597,36.724688],[-108.246933,36.724696],[-108.246936,36.724606],[-108.247383,36.724616],[-108.247374,36.724886],[-108.247486,36.724889],[-108.247489,36.724799],[-108.247601,36.724802],[-108.247604,36.724711],[-108.247716,36.724714],[-108.247713,36.724804],[-108.247825,36.724807],[-108.247821,36.724897],[-108.248045,36.724902]],[[-108.248052,36.724722],[-108.247828,36.724717],[-108.247831,36.724627],[-108.248055,36.724632],[-108.248052,36.724722]],[[-108.247607,36.724621],[-108.247495,36.724619],[-108.247499,36.724529],[-108.24761,36.724531],[-108.247607,36.724621]]]},"properties":{"class":"invasive_woody","min_prob":0.5}},{"type":"Feature","geometry":{"type":"Polygon","coordinates":[[[-108.225676,36.724022],[-108.225679,36.723932],[-108.225567,36.723929],[-108.225564,36.724019],[-108.225676,36.724022]]]},"properties":{"class":"invasive_woody","min_prob":0.5}},{"type":"Feature","geometry":{"type":"Polygon","coordinates":[[[-108.21146,36.723779],[-108.211467,36.723599],[-108.211355,36.723597],[-108.211358,36.723506],[-108.211246,36.723504],[-108.21124,36.723684],[-108.211352,36.723687],[-108.211348,36.723777],[-108.21146,36.723779]]]},"properties":{"class":"invasive_woody","min_prob":0.5}},{"type":"Feature","geometry":{"type":"Polygon","coordinates":[[[-108.225567,36.723929],[-108.22557,36.723839],[-108.225459,36.723836],[-108.225455,36.723926],[-108.225567,36.723929]]]},"properties":{"class":"invasive_woody","min_prob":0.5}},{"type":"Feature","geometry":{"type":"Polygon","coordinates":[[[-108.216496,36.723897],[-108.216509,36.723537],[-108.216397,36.723534],[-108.216387,36.723805],[-108.216164,36.723799],[-108.21616,36.723889],[-108.216496,36.723897]]]},"properties":{"class":"invasive_woody","min_prob":0.5}},{"type":"Feature","geometry":{"type":"Polygon","coordinates":[[[-108.319903,36.726363],[-108.319906,36.726272],[-108.319682,36.726267],[-108.319685,36.726177],[-108.319797,36.72618],[-108.3198,36.72609],[-108.319912,36.726092],[-108.319918,36.725912],[-108.319694,36.725907],[-108.319688,36.726087],[-108.319576,36.726085],[-108.319567,36.726355],[-108.319903,36.726363]]]},"properties":{"class":"invasive_woody","min_prob":0.5}},{"type":"Feature","geometry":{"type":"Polygon","coordinates":[[[-108.248173,36.724454],[-108.248176,36.724364],[-108.247953,36.724359],[-108.247956,36.724269],[-108.24762,36.724261],[-108.247614,36.724441],[-108.248173,36.724454]]]},"properties":{"class":"invasive_woody","min_prob":0.5}},{"type":"Feature","geometry":{"type":"Polygon","coordinates":[[[-108.241682,36.724304],[-108.241689,36.724124],[-108.241241,36.724113],[-108.241235,36.724293],[-108.241682,36.724304]]]},"properties":{"class":"invasive_woody","min_prob":0.5}},{"type":"Feature","geometry":{"type":"Polygon","coordinates":[[[-108.325623,36.726131],[-108.325626,36.726041],[-108.325514,36.726038],[-108.325511,36.726128],[-108.325623,36.726131]]]},"properties":{"class":"invasive_woody","min_prob":0.5}},{"type":"Feature","geometry":{"type":"Polygon","coordinates":[[[-108.296972,36.725483],[-108.296975,36.725393],[-108.296863,36.72539],[-108.29686,36.72548],[-108.296972,36.725483]]]},"properties":{"class":"invasive_woody","min_prob":0.5}},{"type":"Feature","geometry":{"type":"Polygon","coordinates":[[[-108.242021,36.724221],[-108.242025,36.724131],[-108.241913,36.724129],[-108.241909,36.724219],[-108.242021,36.724221]]]},"properties":{"class":"invasive_woody","min_prob":0.5}},{"type":"Feature","geometry":{"type":"Polygon","coordinates":[[[-108.225459,36.723836],[-108.225462,36.723746],[-108.22535,36.723744],[-108.225347,36.723834],[-108.225459,36.723836]]]},"properties":{"class":"invasive_woody","min_prob":0.5}},{"type":"Feature","geometry":{"type":"Polygon","coordinates":[[[-108.211246,36.723504],[-108.211249,36.723414],[-108.211026,36.723409],[-108.211022,36.723499],[-108.211246,36.723504]]]},"properties":{"class":"invasive_woody","min_prob":0.5}},{"type":"Feature","geometry":{"type":"Polygon","coordinates":[[[-108.216832,36.723905],[-108.216848,36.723455],[-108.216736,36.723452],[-108.21672,36.723903],[-108.216832,36.723905]]]},"properties":{"class":"invasive_woody","min_prob":0.5}},{"type":"Feature","geometry":{"type":"Polygon","coordinates":[[[-108.237321,36.724112],[-108.237327,36.723932],[-108.237216,36.72393],[-108.237209,36.72411],[-108.237321,36.724112]]]},"properties":{"class":"invasive_woody","min_prob":0.5}},{"type":"Feature","geometry":{"type":"Polygon","coordinates":[[[-108.319694,36.725907],[-108.319698,36.725817],[-108.319586,36.725814],[-108.319583,36.725905],[-108.319694,36.725907]]]},"properties":{"class":"invasive_woody","min_prob":0.5}},{"type":"Feature","geometry":{"type":"Polygon","coordinates":[[[-108.226568,36.724133],[-108.226574,36.723952],[-108.226463,36.72395],[-108.226472,36.72368],[-108.22636,36.723677],[-108.226364,36.723587],[-108.22614,36.723582],[-108.226137,36.723672],[-108.226248,36.723674],[-108.226245,36.723764],[-108.226357,36.723767],[-108.226347,36.724037],[-108.226459,36.72404],[-108.226456,36.72413],[-108.226568,36.724133]]]},"properties":{"class":"invasive_woody","min_prob":0.5}},{"type":"Feature","geometry":{"type":"Polygon","coordinates":[[[-108.297087,36.725395],[-108.297093,36.725215],[-108.296981,36.725213],[-108.296975,36.725393],[-108.297087,36.725395]]]},"properties":{"class":"invasive_woody","min_prob":0.5}},{"type":"Feature","geometry":{"type":"Polygon","coordinates":[[[-108.241241,36.724113],[-108.241248,36.723933],[-108.241136,36.72393],[-108.241129,36.724111],[-108.241241,36.724113]]]},"properties":{"class":"invasive_woody","min_prob":0.5}},{"type":"Feature","geometry":{"type":"Polygon","coordinates":[[[-108.319586,36.725814],[-108.319589,36.725724],[-108.319365,36.725719],[-108.319362,36.725809],[-108.319586,36.725814]]]},"properties":{"class":"invasive_woody","min_prob":0.5}},{"type":"Feature","geometry":{"type":"Polygon","coordinates":[[[-108.315557,36.725724],[-108.31556,36.725633],[-108.315448,36.725631],[-108.315445,36.725721],[-108.315557,36.725724]]]},"properties":{"class":"invasive_woody","min_prob":0.5}},{"type":"Feature","geometry":{"type":"Polygon","coordinates":[[[-108.211588,36.723332],[-108.211592,36.723241],[-108.21148,36.723239],[-108.211477,36.723329],[-108.211588,36.723332]]]},"properties":{"class":"invasive_woody","min_prob":0.5}},{"type":"Feature","geometry":{"type":"Polygon","coordinates":[[[-108.202603,36.724022],[-108.202606,36.723932],[-108.202495,36.723929],[-108.202504,36.723659],[-108.202392,36.723657],[-108.202402,36.723386],[-108.20229,36.723384],[-108.202307,36.722933],[-108.202195,36.722931],[-108.202185,36.723201],[-108.202073,36.723198],[-108.202067,36.723378],[-108.202178,36.723381],[-108.202169,36.723651],[-108.202281,36.723654],[-108.202277,36.723744],[-108.202389,36.723747],[-108.202379,36.724017],[-108.202603,36.724022]]]},"properties":{"class":"invasive_woody","min_prob":0.5}},{"type":"Feature","geometry":{"type":"Polygon","coordinates":[[[-108.214492,36.72358],[-108.214495,36.72349],[-108.214607,36.723492],[-108.214616,36.723222],[-108.214393,36.723217],[-108.21438,36.723577],[-108.214492,36.72358]]]},"properties":{"class":"invasive_woody","min_prob":0.5}},{"type":"Feature","geometry":{"type":"Polygon","coordinates":[[[-108.241021,36.724018],[-108.241027,36.723838],[-108.240803,36.723833],[-108.2408,36.723923],[-108.240912,36.723925],[-108.240909,36.724015],[-108.241021,36.724018]]]},"properties":{"class":"invasive_woody","min_prob":0.5}},{"type":"Feature","geometry":{"type":"Polygon","coordinates":[[[-108.210808,36.723223],[-108.210812,36.723133],[-108.2107,36.72313],[-108.210696,36.72322],[-108.210808,36.723223]]]},"properties":{"class":"invasive_woody","min_prob":0.5}},{"type":"Feature","geometry":{"type":"Polygon","coordinates":[[[-108.209465,36.723192],[-108.209469,36.723102],[-108.209357,36.723099],[-108.209354,36.723189],[-108.209465,36.723192]]]},"properties":{"class":"invasive_woody","min_prob":0.5}},{"type":"Feature","geometry":{"type":"Polygon","coordinates":[[[-108.20127,36.72372],[-108.201303,36.722819],[-108.201191,36.722817],[-108.201181,36.723087],[-108.201069,36.723084],[-108.201063,36.723265],[-108.201175,36.723267],[-108.201171,36.723357],[-108.200947,36.723352],[-108.200944,36.723442],[-108.201056,36.723445],[-108.20105,36.723625],[-108.201161,36.723628],[-108.201158,36.723718],[-108.20127,36.72372]]]},"properties":{"class":"invasive_woody","min_prob":0.5}},{"type":"Feature","geometry":{"type":"Polygon","coordinates":[[[-108.211799,36.723697],[-108.211809,36.723427],[-108.212033,36.723432],[-108.212036,36.723342],[-108.212148,36.723345],[-108.212145,36.723435],[-108.212257,36.723437],[-108.212253,36.723527],[-108.212477,36.723533],[-108.21248,36.723443],[-108.212592,36.723445],[-108.212596,36.723355],[-108.212484,36.723353],[-108.21249,36.723172],[-108.212266,36.723167],[-108.21227,36.723077],[-108.212046,36.723072],[-108.212043,36.723162],[-108.211931,36.723159],[-108.211924,36.723339],[-108.2117,36.723334],[-108.211697,36.723424],[-108.211585,36.723422],[-108.211579,36.723602],[-108.211691,36.723604],[-108.211687,36.723695],[-108.211799,36.723697]]]},"properties":{"class":"invasive_woody","min_prob":0.5}},{"type":"Feature","geometry":{"type":"Polygon","coordinates":[[[-108.241916,36.724039],[-108.241926,36.723768],[-108.241702,36.723763],[-108.241692,36.724034],[-108.241916,36.724039]]]},"properties":{"class":"invasive_woody","min_prob":0.5}},{"type":"Feature","geometry":{"type":"Polygon","coordinates":[[[-108.319365,36.725719],[-108.319371,36.725539],[-108.319259,36.725537],[-108.319253,36.725717],[-108.319365,36.725719]]]},"properties":{"class":"invasive_woody","min_prob":0.5}},{"type":"Feature","geometry":{"type":"Polygon","coordinates":[[[-108.297205,36.725218],[-108.297211,36.725038],[-108.297099,36.725035],[-108.297093,36.725215],[-108.297205,36.725218]]]},"properties":{"class":"invasive_woody","min_prob":0.5}},{"type":"Feature","geometry":{"type":"Polygon","coordinates":[[[-108.240803,36.723833],[-108.240806,36.723742],[-108.240695,36.72374],[-108.240691,36.72383],[-108.240803,36.723833]]]},"properties":{"class":"invasive_woody","min_prob":0.5}},{"type":"Feature","geometry":{"type":"Polygon","coordinates":[[[-108.215624,36.723246],[-108.215627,36.723156],[-108.215515,36.723153],[-108.215512,36.723243],[-108.215624,36.723246]]]},"properties":{"class":"invasive_woody","min_prob":0.5}},{"type":"Feature","geometry":{"type":"Polygon","coordinates":[[[-108.211707,36.723154],[-108.21171,36.723064],[-108.211598,36.723061],[-108.211595,36.723151],[-108.211707,36.723154]]]},"properties":{"class":"invasive_woody","min_prob":0.5}},{"type":"Feature","geometry":{"type":"Polygon","coordinates":[[[-108.205095,36.723269],[-108.205098,36.723179],[-108.205545,36.72319],[-108.205552,36.72301],[-108.205664,36.723012],[-108.205667,36.722922],[-108.205443,36.722917],[-108.20544,36.723007],[-108.205328,36.723004],[-108.205331,36.722914],[-108.205108,36.722909],[-108.205104,36.722999],[-108.204881,36.722994],[-108.204874,36.723174],[-108.204986,36.723177],[-108.204983,36.723267],[-108.205095,36.723269]]]},"properties":{"class":"invasive_woody","min_prob":0.5}},{"type":"Feature","geometry":{"type":"Polygon","coordinates":[[[-108.218293,36.723759],[-108.218316,36.723128],[-108.218092,36.723123],[-108.218079,36.723484],[-108.218191,36.723486],[-108.218188,36.723576],[-108.218076,36.723574],[-108.218073,36.723664],[-108.218184,36.723666],[-108.218181,36.723756],[-108.218293,36.723759]]]},"properties":{"class":"invasive_woody","min_prob":0.5}},{"type":"Feature","geometry":{"type":"Polygon","coordinates":[[[-108.203186,36.723405],[-108.203189,36.723315],[-108.203301,36.723317],[-108.203307,36.723137],[-108.203195,36.723134],[-108.203205,36.722864],[-108.203093,36.722862],[-108.203097,36.722772],[-108.202985,36.722769],[-108.202978,36.722949],[-108.20309,36.722952],[-108.203087,36.723042],[-108.202975,36.723039],[-108.202965,36.723309],[-108.203077,36.723312],[-108.203074,36.723402],[-108.203186,36.723405]]]},"properties":{"class":"invasive_woody","min_prob":0.5}},{"type":"Feature","geometry":{"type":"Polygon","coordinates":[[[-108.201718,36.723731],[-108.201721,36.723641],[-108.201833,36.723643],[-108.201836,36.723553],[-108.201948,36.723556],[-108.201964,36.723106],[-108.201853,36.723103],[-108.201849,36.723193],[-108.201737,36.72319],[-108.201728,36.723461],[-108.201616,36.723458],[-108.201619,36.723368],[-108.201507,36.723365],[-108.201514,36.723185],[-108.201625,36.723188],[-108.201629,36.723098],[-108.201741,36.7231],[-108.20175,36.72283],[-108.201639,36.722827],[-108.201642,36.722737],[-108.20153,36.722735],[-108.20152,36.723005],[-108.201408,36.723002],[-108.201389,36.723543],[-108.2015,36.723545],[-108.201497,36.723636],[-108.201609,36.723638],[-108.201606,36.723728],[-108.201718,36.723731]]]},"properties":{"class":"invasive_woody","min_prob":0.5}},{"type":"Feature","geometry":{"type":"Polygon","coordinates":[[[-108.211483,36.723149],[-108.21149,36.722969],[-108.211378,36.722966],[-108.211371,36.723146],[-108.211483,36.723149]]]},"properties":{"class":"invasive_woody","min_prob":0.5}},{"type":"Feature","geometry":{"type":"Polygon","coordinates":[[[-108.246178,36.723867],[-108.246181,36.723777],[-108.246069,36.723774],[-108.246066,36.723864],[-108.246178,36.723867]]]},"properties":{"class":"invasive_woody","min_prob":0.5}},{"type":"Feature","geometry":{"type":"Polygon","coordinates":[[[-108.245954,36.723862],[-108.245958,36.723772],[-108.245846,36.723769],[-108.245842,36.723859],[-108.245954,36.723862]]]},"properties":{"class":"invasive_woody","min_prob":0.5}},{"type":"Feature","geometry":{"type":"Polygon","coordinates":[[[-108.245059,36.723841],[-108.245062,36.723751],[-108.24495,36.723748],[-108.244947,36.723838],[-108.245059,36.723841]]]},"properties":{"class":"invasive_woody","min_prob":0.5}},{"type":"Feature","geometry":{"type":"Polygon","coordinates":[[[-108.204884,36.722904],[-108.204887,36.722814],[-108.204775,36.722811],[-108.204772,36.722901],[-108.204884,36.722904]]]},"properties":{"class":"invasive_woody","min_prob":0.5}},{"type":"Feature","geometry":{"type":"Polygon","coordinates":[[[-108.245846,36.723769],[-108.245849,36.723679],[-108.245737,36.723676],[-108.245734,36.723767],[-108.245846,36.723769]]]},"properties":{"class":"invasive_woody","min_prob":0.5}},{"type":"Feature","geometry":{"type":"Polygon","coordinates":[[[-108.24551,36.723761],[-108.245513,36.723671],[-108.245289,36.723666],[-108.245286,36.723756],[-108.24551,36.723761]]]},"properties":{"class":"invasive_woody","min_prob":0.5}},{"type":"Feature","geometry":{"type":"Polygon","coordinates":[[[-108.241702,36.723763],[-108.241705,36.723673],[-108.241817,36.723676],[-108.24182,36.723586],[-108.241596,36.72358],[-108.24159,36.723761],[-108.241702,36.723763]]]},"properties":{"class":"invasive_woody","min_prob":0.5}},{"type":"Feature","geometry":{"type":"Polygon","coordinates":[[[-108.297326,36.72495],[-108.297333,36.72477],[-108.297221,36.724767],[-108.297214,36.724948],[-108.297326,36.72495]]]},"properties":{"class":"invasive_woody","min_prob":0.5}},{"type":"Feature","geometry":{"type":"Polygon","coordinates":[[[-108.251221,36.723803],[-108.251224,36.723713],[-108.251112,36.723711],[-108.251109,36.723801],[-108.251221,36.723803]]]},"properties":{"class":"invasive_woody","min_prob":0.5}},{"type":"Feature","geometry":{"type":"Polygon","coordinates":[[[-108.242044,36.723591],[-108.242047,36.723501],[-108.241935,36.723498],[-108.241932,36.723588],[-108.242044,36.723591]]]},"properties":{"class":"invasive_woody","min_prob":0.5}},{"type":"Feature","geometry":{"type":"Polygon","coordinates":[[[-108.241596,36.72358],[-108.241599,36.72349],[-108.241488,36.723488],[-108.241484,36.723578],[-108.241596,36.72358]]]},"properties":{"class":"invasive_woody","min_prob":0.5}},{"type":"Feature","geometry":{"type":"Polygon","coordinates":[[[-108.240701,36.72356],[-108.240704,36.72347],[-108.240592,36.723467],[-108.240589,36.723557],[-108.240701,36.72356]]]},"properties":{"class":"invasive_woody","min_prob":0.5}},{"type":"Feature","geometry":{"type":"Polygon","coordinates":[[[-108.213955,36.722936],[-108.213958,36.722846],[-108.213846,36.722844],[-108.213843,36.722934],[-108.213955,36.722936]]]},"properties":{"class":"invasive_woody","min_prob":0.5}},{"type":"Feature","geometry":{"type":"Polygon","coordinates":[[[-108.212724,36.722907],[-108.212727,36.722817],[-108.212615,36.722815],[-108.212612,36.722905],[-108.212724,36.722907]]]},"properties":{"class":"invasive_woody","min_prob":0.5}},{"type":"Feature","geometry":{"type":"Polygon","coordinates":[[[-108.251112,36.723711],[-108.251115,36.723621],[-108.251003,36.723618],[-108.251,36.723708],[-108.251112,36.723711]]]},"properties":{"class":"invasive_woody","min_prob":0.5}},{"type":"Feature","geometry":{"type":"Polygon","coordinates":[[[-108.240816,36.723472],[-108.240819,36.723382],[-108.240707,36.72338],[-108.240704,36.72347],[-108.240816,36.723472]]]},"properties":{"class":"invasive_woody","min_prob":0.5}},{"type":"Feature","geometry":{"type":"Polygon","coordinates":[[[-108.225708,36.723121],[-108.225712,36.723031],[-108.2256,36.723028],[-108.225596,36.723118],[-108.225708,36.723121]]]},"properties":{"class":"invasive_woody","min_prob":0.5}},{"type":"Feature","geometry":{"type":"Polygon","coordinates":[[[-108.213287,36.72283],[-108.21329,36.72274],[-108.213178,36.722738],[-108.213175,36.722828],[-108.213287,36.72283]]]},"properties":{"class":"invasive_woody","min_prob":0.5}},{"type":"Feature","geometry":{"type":"Polygon","coordinates":[[[-108.212615,36.722815],[-108.212622,36.722634],[-108.21251,36.722632],[-108.212506,36.722722],[-108.212395,36.722719],[-108.212391,36.722809],[-108.212615,36.722815]]]},"properties":{"class":"invasive_woody","min_prob":0.5}},{"type":"Feature","geometry":{"type":"Polygon","coordinates":[[[-108.24205,36.723411],[-108.242054,36.723321],[-108.241942,36.723318],[-108.241938,36.723408],[-108.24205,36.723411]]]},"properties":{"class":"invasive_woody","min_prob":0.5}},{"type":"Feature","geometry":{"type":"Polygon","coordinates":[[[-108.2256,36.723028],[-108.225603,36.722938],[-108.225491,36.722935],[-108.225488,36.723025],[-108.2256,36.723028]]]},"properties":{"class":"invasive_woody","min_prob":0.5}},{"type":"Feature","geometry":{"type":"Polygon","coordinates":[[[-108.212395,36.722719],[-108.212398,36.722629],[-108.212286,36.722627],[-108.212283,36.722717],[-108.212395,36.722719]]]},"properties":{"class":"invasive_woody","min_prob":0.5}},{"type":"Feature","geometry":{"type":"Polygon","coordinates":[[[-108.211611,36.722701],[-108.211615,36.722611],[-108.211503,36.722608],[-108.211499,36.722698],[-108.211611,36.722701]]]},"properties":{"class":"invasive_woody","min_prob":0.5}},{"type":"Feature","geometry":{"type":"Polygon","coordinates":[[[-108.215838,36.723521],[-108.215851,36.723161],[-108.216298,36.723171],[-108.216302,36.723081],[-108.216525,36.723087],[-108.216522,36.723177],[-108.216858,36.723184],[-108.216861,36.723094],[-108.217309,36.723105],[-108.217315,36.722925],[-108.217203,36.722922],[-108.21721,36.722742],[-108.217098,36.722739],[-108.217101,36.722649],[-108.216318,36.722631],[-108.216315,36.722721],[-108.216538,36.722726],[-108.216535,36.722816],[-108.216311,36.722811],[-108.216308,36.722901],[-108.216196,36.722899],[-108.216203,36.722718],[-108.216091,36.722716],[-108.216088,36.722806],[-108.215976,36.722803],[-108.215972,36.722893],[-108.215749,36.722888],[-108.215745,36.722978],[-108.215633,36.722976],[-108.215627,36.723156],[-108.215739,36.723158],[-108.215726,36.723519],[-108.215838,36.723521]]]},"properties":{"class":"invasive_woody","min_prob":0.5}},{"type":"Feature","geometry":{"type":"Polygon","coordinates":[[[-108.297451,36.724592],[-108.297454,36.724502],[-108.297342,36.7245],[-108.297339,36.72459],[-108.297451,36.724592]]]},"properties":{"class":"invasive_woody","min_prob":0.5}},{"type":"Feature","geometry":{"type":"Polygon","coordinates":[[[-108.295996,36.724559],[-108.295999,36.724469],[-108.295887,36.724467],[-108.295884,36.724557],[-108.295996,36.724559]]]},"properties":{"class":"invasive_woody","min_prob":0.5}},{"type":"Feature","geometry":{"type":"Polygon","coordinates":[[[-108.245747,36.723406],[-108.24575,36.723316],[-108.245638,36.723314],[-108.245635,36.723404],[-108.245747,36.723406]]]},"properties":{"class":"invasive_woody","min_prob":0.5}},{"type":"Feature","geometry":{"type":"Polygon","coordinates":[[[-108.240487,36.723284],[-108.24049,36.723194],[-108.240378,36.723192],[-108.240375,36.723282],[-108.240487,36.723284]]]},"properties":{"class":"invasive_woody","min_prob":0.5}},{"type":"Feature","geometry":{"type":"Polygon","coordinates":[[[-108.239927,36.723271],[-108.23993,36.723181],[-108.239819,36.723179],[-108.239815,36.723269],[-108.239927,36.723271]]]},"properties":{"class":"invasive_woody","min_prob":0.5}},{"type":"Feature","geometry":{"type":"Polygon","coordinates":[[[-108.239703,36.723266],[-108.239707,36.723176],[-108.239483,36.723171],[-108.23948,36.723261],[-108.239703,36.723266]]]},"properties":{"class":"invasive_woody","min_prob":0.5}},{"type":"Feature","geometry":{"type":"Polygon","coordinates":[[[-108.239144,36.723253],[-108.239147,36.723163],[-108.238923,36.723158],[-108.23892,36.723248],[-108.239144,36.723253]]]},"properties":{"class":"invasive_woody","min_prob":0.5}},{"type":"Feature","geometry":{"type":"Polygon","coordinates":[[[-108.238361,36.723235],[-108.238364,36.723145],[-108.238252,36.723142],[-108.238249,36.723232],[-108.238361,36.723235]]]},"properties":{"class":"invasive_woody","min_prob":0.5}},{"type":"Feature","geometry":{"type":"Polygon","coordinates":[[[-108.238137,36.72323],[-108.23814,36.72314],[-108.237916,36.723134],[-108.237913,36.723225],[-108.238137,36.72323]]]},"properties":{"class":"invasive_woody","min_prob":0.5}},{"type":"Feature","geometry":{"type":"Polygon","coordinates":[[[-108.225491,36.722935],[-108.225494,36.722845],[-108.225382,36.722843],[-108.225379,36.722933],[-108.225491,36.722935]]]},"properties":{"class":"invasive_woody","min_prob":0.5}},{"type":"Feature","geometry":{"type":"Polygon","coordinates":[[[-108.213293,36.72265],[-108.213296,36.72256],[-108.213184,36.722558],[-108.213181,36.722648],[-108.213293,36.72265]]]},"properties":{"class":"invasive_woody","min_prob":0.5}},{"type":"Feature","geometry":{"type":"Polygon","coordinates":[[[-108.204999,36.722816],[-108.205019,36.722276],[-108.204795,36.72227],[-108.204792,36.722361],[-108.204903,36.722363],[-108.204887,36.722814],[-108.204999,36.722816]]]},"properties":{"class":"invasive_woody","min_prob":0.5}},{"type":"Feature","geometry":{"type":"Polygon","coordinates":[[[-108.241152,36.72348],[-108.241155,36.72339],[-108.241267,36.723393],[-108.24127,36.723302],[-108.241158,36.7233],[-108.241161,36.72321],[-108.24105,36.723207],[-108.241053,36.723117],[-108.240941,36.723114],[-108.240934,36.723295],[-108.241046,36.723297],[-108.241043,36.723387],[-108.240931,36.723385],[-108.240928,36.723475],[-108.241152,36.72348]]]},"properties":{"class":"invasive_woody","min_prob":0.5}},{"type":"Feature","geometry":{"type":"Polygon","coordinates":[[[-108.240823,36.723292],[-108.240829,36.723112],[-108.240605,36.723107],[-108.240602,36.723197],[-108.240714,36.723199],[-108.240711,36.723289],[-108.240823,36.723292]]]},"properties":{"class":"invasive_woody","min_prob":0.5}},{"type":"Feature","geometry":{"type":"Polygon","coordinates":[[[-108.250002,36.723414],[-108.250006,36.723324],[-108.249894,36.723322],[-108.249891,36.723412],[-108.250002,36.723414]]]},"properties":{"class":"invasive_woody","min_prob":0.5}},{"type":"Feature","geometry":{"type":"Polygon","coordinates":[[[-108.247876,36.723365],[-108.247879,36.723275],[-108.247767,36.723273],[-108.247764,36.723363],[-108.247876,36.723365]]]},"properties":{"class":"invasive_woody","min_prob":0.5}},{"type":"Feature","geometry":{"type":"Polygon","coordinates":[[[-108.242169,36.723233],[-108.242172,36.723143],[-108.24206,36.72314],[-108.242057,36.723231],[-108.242169,36.723233]]]},"properties":{"class":"invasive_woody","min_prob":0.5}},{"type":"Feature","geometry":{"type":"Polygon","coordinates":[[[-108.238699,36.723153],[-108.238703,36.723063],[-108.238591,36.72306],[-108.238588,36.72315],[-108.238699,36.723153]]]},"properties":{"class":"invasive_woody","min_prob":0.5}},{"type":"Feature","geometry":{"type":"Polygon","coordinates":[[[-108.225606,36.722848],[-108.225609,36.722758],[-108.225497,36.722755],[-108.225494,36.722845],[-108.225606,36.722848]]]},"properties":{"class":"invasive_woody","min_prob":0.5}},{"type":"Feature","geometry":{"type":"Polygon","coordinates":[[[-108.320177,36.724926],[-108.32018,36.724836],[-108.320068,36.724834],[-108.320065,36.724924],[-108.320177,36.724926]]]},"properties":{"class":"invasive_woody","min_prob":0.5}},{"type":"Feature","geometry":{"type":"Polygon","coordinates":[[[-108.297457,36.724412],[-108.29746,36.724322],[-108.297348,36.724319],[-108.297345,36.72441],[-108.297457,36.724412]]]},"properties":{"class":"invasive_woody","min_prob":0.5}},{"type":"Feature","geometry":{"type":"Polygon","coordinates":[[[-108.249782,36.723319],[-108.249785,36.723229],[-108.249673,36.723227],[-108.24967,36.723317],[-108.249782,36.723319]]]},"properties":{"class":"invasive_woody","min_prob":0.5}},{"type":"Feature","geometry":{"type":"Polygon","coordinates":[[[-108.247656,36.72327],[-108.247659,36.72318],[-108.247099,36.723167],[-108.247096,36.723257],[-108.247656,36.72327]]]},"properties":{"class":"invasive_woody","min_prob":0.5}},{"type":"Feature","geometry":{"type":"Polygon","coordinates":[[[-108.245529,36.723221],[-108.245532,36.723131],[-108.245421,36.723128],[-108.245417,36.723218],[-108.245529,36.723221]]]},"properties":{"class":"invasive_woody","min_prob":0.5}},{"type":"Feature","geometry":{"type":"Polygon","coordinates":[[[-108.242396,36.723148],[-108.242399,36.723058],[-108.242287,36.723056],[-108.242284,36.723146],[-108.242396,36.723148]]]},"properties":{"class":"invasive_woody","min_prob":0.5}},{"type":"Feature","geometry":{"type":"Polygon","coordinates":[[[-108.249561,36.723224],[-108.249564,36.723134],[-108.249341,36.723129],[-108.249337,36.723219],[-108.249561,36.723224]]]},"properties":{"class":"invasive_woody","min_prob":0.5}},{"type":"Feature","geometry":{"type":"Polygon","coordinates":[[[-108.247099,36.723167],[-108.247102,36.723077],[-108.246879,36.723072],[-108.246875,36.723162],[-108.247099,36.723167]]]},"properties":{"class":"invasive_woody","min_prob":0.5}},{"type":"Feature","geometry":{"type":"Polygon","coordinates":[[[-108.245868,36.723139],[-108.245871,36.723048],[-108.245759,36.723046],[-108.245756,36.723136],[-108.245868,36.723139]]]},"properties":{"class":"invasive_woody","min_prob":0.5}},{"type":"Feature","geometry":{"type":"Polygon","coordinates":[[[-108.245644,36.723133],[-108.245648,36.723043],[-108.245536,36.723041],[-108.245532,36.723131],[-108.245644,36.723133]]]},"properties":{"class":"invasive_woody","min_prob":0.5}},{"type":"Feature","geometry":{"type":"Polygon","coordinates":[[[-108.242511,36.723061],[-108.242514,36.722971],[-108.242402,36.722968],[-108.242399,36.723058],[-108.242511,36.723061]]]},"properties":{"class":"invasive_woody","min_prob":0.5}},{"type":"Feature","geometry":{"type":"Polygon","coordinates":[[[-108.297572,36.724325],[-108.297579,36.724144],[-108.297467,36.724142],[-108.29746,36.724322],[-108.297572,36.724325]]]},"properties":{"class":"invasive_woody","min_prob":0.5}},{"type":"Feature","geometry":{"type":"Polygon","coordinates":[[[-108.225501,36.722665],[-108.225507,36.722485],[-108.225395,36.722482],[-108.225389,36.722663],[-108.225501,36.722665]]]},"properties":{"class":"invasive_woody","min_prob":0.5}},{"type":"Feature","geometry":{"type":"Polygon","coordinates":[[[-108.245759,36.723046],[-108.245763,36.722956],[-108.245651,36.722953],[-108.245648,36.723043],[-108.245759,36.723046]]]},"properties":{"class":"invasive_woody","min_prob":0.5}},{"type":"Feature","geometry":{"type":"Polygon","coordinates":[[[-108.224609,36.722554],[-108.224612,36.722464],[-108.2245,36.722461],[-108.224497,36.722552],[-108.224609,36.722554]]]},"properties":{"class":"invasive_woody","min_prob":0.5}},{"type":"Feature","geometry":{"type":"Polygon","coordinates":[[[-108.240724,36.722929],[-108.24073,36.722749],[-108.240618,36.722746],[-108.240612,36.722927],[-108.240724,36.722929]]]},"properties":{"class":"invasive_woody","min_prob":0.5}},{"type":"Feature","geometry":{"type":"Polygon","coordinates":[[[-108.202343,36.721942],[-108.202346,36.721852],[-108.202234,36.72185],[-108.202231,36.72194],[-108.202343,36.721942]]]},"properties":{"class":"invasive_woody","min_prob":0.5}},{"type":"Feature","geometry":{"type":"Polygon","coordinates":[[[-108.329143,36.724767],[-108.329146,36.724677],[-108.329034,36.724675],[-108.329031,36.724765],[-108.329143,36.724767]]]},"properties":{"class":"invasive_woody","min_prob":0.5}},{"type":"Feature","geometry":{"type":"Polygon","coordinates":[[[-108.240842,36.722752],[-108.240845,36.722661],[-108.240733,36.722659],[-108.24073,36.722749],[-108.240842,36.722752]]]},"properties":{"class":"invasive_woody","min_prob":0.5}},{"type":"Feature","geometry":{"type":"Polygon","coordinates":[[[-108.221818,36.722309],[-108.221821,36.722219],[-108.221709,36.722216],[-108.221706,36.722306],[-108.221818,36.722309]]]},"properties":{"class":"invasive_woody","min_prob":0.5}},{"type":"Feature","geometry":{"type":"Polygon","coordinates":[[[-108.248791,36.722845],[-108.248794,36.722755],[-108.248682,36.722753],[-108.248679,36.722843],[-108.248791,36.722845]]]},"properties":{"class":"invasive_woody","min_prob":0.5}},{"type":"Feature","geometry":{"type":"Polygon","coordinates":[[[-108.242859,36.722708],[-108.242863,36.722618],[-108.242751,36.722615],[-108.242748,36.722706],[-108.242859,36.722708]]]},"properties":{"class":"invasive_woody","min_prob":0.5}},{"type":"Feature","geometry":{"type":"Polygon","coordinates":[[[-108.240733,36.722659],[-108.240736,36.722569],[-108.240625,36.722566],[-108.240621,36.722656],[-108.240733,36.722659]]]},"properties":{"class":"invasive_woody","min_prob":0.5}},{"type":"Feature","geometry":{"type":"Polygon","coordinates":[[[-108.225178,36.722297],[-108.225181,36.722207],[-108.225069,36.722204],[-108.225066,36.722294],[-108.225178,36.722297]]]},"properties":{"class":"invasive_woody","min_prob":0.5}},{"type":"Feature","geometry":{"type":"Polygon","coordinates":[[[-108.313704,36.724239],[-108.313707,36.724149],[-108.313595,36.724147],[-108.313592,36.724237],[-108.313704,36.724239]]]},"properties":{"class":"invasive_woody","min_prob":0.5}},{"type":"Feature","geometry":{"type":"Polygon","coordinates":[[[-108.248458,36.722748],[-108.248461,36.722658],[-108.248349,36.722655],[-108.248346,36.722745],[-108.248458,36.722748]]]},"properties":{"class":"invasive_woody","min_prob":0.5}},{"type":"Feature","geometry":{"type":"Polygon","coordinates":[[[-108.240848,36.722571],[-108.240852,36.722481],[-108.24074,36.722479],[-108.240736,36.722569],[-108.240848,36.722571]]]},"properties":{"class":"invasive_woody","min_prob":0.5}},{"type":"Feature","geometry":{"type":"Polygon","coordinates":[[[-108.236596,36.722473],[-108.236599,36.722383],[-108.236487,36.72238],[-108.236484,36.72247],[-108.236596,36.722473]]]},"properties":{"class":"invasive_woody","min_prob":0.5}},{"type":"Feature","geometry":{"type":"Polygon","coordinates":[[[-108.2028,36.721683],[-108.202803,36.721593],[-108.202691,36.72159],[-108.202688,36.72168],[-108.2028,36.721683]]]},"properties":{"class":"invasive_woody","min_prob":0.5}},{"type":"Feature","geometry":{"type":"Polygon","coordinates":[[[-108.315271,36.724275],[-108.315274,36.724184],[-108.315162,36.724182],[-108.315165,36.724092],[-108.31483,36.724084],[-108.314823,36.724264],[-108.314935,36.724267],[-108.314938,36.724177],[-108.31505,36.724179],[-108.315047,36.724269],[-108.315271,36.724275]]]},"properties":{"class":"invasive_woody","min_prob":0.5}},{"type":"Feature","geometry":{"type":"Polygon","coordinates":[[[-108.31012,36.724248],[-108.310123,36.724158],[-108.310235,36.724161],[-108.310241,36.723981],[-108.310129,36.723978],[-108.310126,36.724068],[-108.309902,36.724063],[-108.309899,36.724153],[-108.310011,36.724156],[-108.310008,36.724246],[-108.31012,36.724248]]]},"properties":{"class":"invasive_woody","min_prob":0.5}},{"type":"Feature","geometry":{"type":"Polygon","coordinates":[[[-108.296024,36.723748],[-108.296028,36.723658],[-108.295916,36.723656],[-108.295912,36.723746],[-108.296024,36.723748]]]},"properties":{"class":"invasive_woody","min_prob":0.5}},{"type":"Feature","geometry":{"type":"Polygon","coordinates":[[[-108.248014,36.722647],[-108.248017,36.722557],[-108.247346,36.722542],[-108.247342,36.722632],[-108.248014,36.722647]]]},"properties":{"class":"invasive_woody","min_prob":0.5}},{"type":"Feature","geometry":{"type":"Polygon","coordinates":[[[-108.242866,36.722528],[-108.242869,36.722438],[-108.242757,36.722435],[-108.242754,36.722525],[-108.242866,36.722528]]]},"properties":{"class":"invasive_woody","min_prob":0.5}},{"type":"Feature","geometry":{"type":"Polygon","coordinates":[[[-108.201885,36.722202],[-108.201915,36.721391],[-108.201803,36.721389],[-108.201773,36.722199],[-108.201885,36.722202]]]},"properties":{"class":"invasive_woody","min_prob":0.5}},{"type":"Feature","geometry":{"type":"Polygon","coordinates":[[[-108.31404,36.724247],[-108.314046,36.724067],[-108.314382,36.724074],[-108.314379,36.724164],[-108.314603,36.724169],[-108.314606,36.724079],[-108.314718,36.724082],[-108.314721,36.723992],[-108.313825,36.723971],[-108.313822,36.724061],[-108.31371,36.724059],[-108.313707,36.724149],[-108.313931,36.724154],[-108.313928,36.724244],[-108.31404,36.724247]]]},"properties":{"class":"invasive_woody","min_prob":0.5}},{"type":"Feature","geometry":{"type":"Polygon","coordinates":[[[-108.312815,36.724039],[-108.312818,36.723949],[-108.312706,36.723946],[-108.312703,36.724036],[-108.312815,36.724039]]]},"properties":{"class":"invasive_woody","min_prob":0.5}},{"type":"Feature","geometry":{"type":"Polygon","coordinates":[[[-108.236602,36.722292],[-108.236605,36.722202],[-108.236494,36.7222],[-108.23649,36.72229],[-108.236602,36.722292]]]},"properties":{"class":"invasive_woody","min_prob":0.5}},{"type":"Feature","geometry":{"type":"Polygon","coordinates":[[[-108.223061,36.721977],[-108.223065,36.721887],[-108.222841,36.721882],[-108.222838,36.721972],[-108.223061,36.721977]]]},"properties":{"class":"invasive_woody","min_prob":0.5}},{"type":"Feature","geometry":{"type":"Polygon","coordinates":[[[-108.240631,36.722386],[-108.240637,36.722206],[-108.240526,36.722203],[-108.240519,36.722383],[-108.240631,36.722386]]]},"properties":{"class":"invasive_woody","min_prob":0.5}},{"type":"Feature","geometry":{"type":"Polygon","coordinates":[[[-108.312706,36.723946],[-108.312709,36.723856],[-108.312598,36.723853],[-108.312594,36.723944],[-108.312706,36.723946]]]},"properties":{"class":"invasive_woody","min_prob":0.5}},{"type":"Feature","geometry":{"type":"Polygon","coordinates":[[[-108.312371,36.723939],[-108.312374,36.723848],[-108.312262,36.723846],[-108.312259,36.723936],[-108.312371,36.723939]]]},"properties":{"class":"invasive_woody","min_prob":0.5}},{"type":"Feature","geometry":{"type":"Polygon","coordinates":[[[-108.309573,36.723875],[-108.309576,36.723785],[-108.309128,36.723775],[-108.309125,36.723865],[-108.309573,36.723875]]]},"properties":{"class":"invasive_woody","min_prob":0.5}},{"type":"Feature","geometry":{"type":"Polygon","coordinates":[[[-108.242649,36.722343],[-108.242652,36.722253],[-108.242428,36.722247],[-108.242425,36.722337],[-108.242649,36.722343]]]},"properties":{"class":"invasive_woody","min_prob":0.5}},{"type":"Feature","geometry":{"type":"Polygon","coordinates":[[[-108.242313,36.722335],[-108.242316,36.722245],[-108.242204,36.722242],[-108.242201,36.722332],[-108.242313,36.722335]]]},"properties":{"class":"invasive_woody","min_prob":0.5}},{"type":"Feature","geometry":{"type":"Polygon","coordinates":[[[-108.241194,36.722309],[-108.241197,36.722219],[-108.241085,36.722216],[-108.241082,36.722306],[-108.241194,36.722309]]]},"properties":{"class":"invasive_woody","min_prob":0.5}},{"type":"Feature","geometry":{"type":"Polygon","coordinates":[[[-108.219135,36.722156],[-108.219138,36.722066],[-108.21925,36.722068],[-108.219253,36.721978],[-108.219142,36.721976],[-108.219155,36.721615],[-108.219043,36.721613],[-108.219033,36.721883],[-108.218809,36.721878],[-108.218803,36.722058],[-108.218914,36.722061],[-108.218911,36.722151],[-108.219135,36.722156]]]},"properties":{"class":"invasive_woody","min_prob":0.5}},{"type":"Feature","geometry":{"type":"Polygon","coordinates":[[[-108.320544,36.724033],[-108.320547,36.723943],[-108.319651,36.723922],[-108.319648,36.724013],[-108.320544,36.724033]]]},"properties":{"class":"invasive_woody","min_prob":0.5}},{"type":"Feature","geometry":{"type":"Polygon","coordinates":[[[-108.312598,36.723853],[-108.312601,36.723763],[-108.312489,36.723761],[-108.312486,36.723851],[-108.312598,36.723853]]]},"properties":{"class":"invasive_woody","min_prob":0.5}},{"type":"Feature","geometry":{"type":"Polygon","coordinates":[[[-108.312262,36.723846],[-108.312265,36.723756],[-108.312153,36.723753],[-108.31215,36.723843],[-108.312262,36.723846]]]},"properties":{"class":"invasive_woody","min_prob":0.5}},{"type":"Feature","geometry":{"type":"Polygon","coordinates":[[[-108.309128,36.723775],[-108.309131,36.723685],[-108.309019,36.723682],[-108.309016,36.723773],[-108.309128,36.723775]]]},"properties":{"class":"invasive_woody","min_prob":0.5}},{"type":"Feature","geometry":{"type":"Polygon","coordinates":[[[-108.240526,36.722203],[-108.240529,36.722113],[-108.240417,36.722111],[-108.240414,36.722201],[-108.240526,36.722203]]]},"properties":{"class":"invasive_woody","min_prob":0.5}},{"type":"Feature","geometry":{"type":"Polygon","coordinates":[[[-108.198897,36.72123],[-108.1989,36.72114],[-108.198788,36.721137],[-108.198785,36.721227],[-108.198897,36.72123]]]},"properties":{"class":"invasive_woody","min_prob":0.5}},{"type":"Feature","geometry":{"type":"Polygon","coordinates":[[[-108.197666,36.721201],[-108.197669,36.721111],[-108.197557,36.721108],[-108.197554,36.721198],[-108.197666,36.721201]]]},"properties":{"class":"invasive_woody","min_prob":0.5}},{"type":"Feature","geometry":{"type":"Polygon","coordinates":[[[-108.206615,36.721502],[-108.206624,36.721232],[-108.206513,36.721229],[-108.206503,36.721499],[-108.206615,36.721502]]]},"properties":{"class":"invasive_woody","min_prob":0.5}},{"type":"Feature","geometry":{"type":"Polygon","coordinates":[[[-108.218927,36.7217],[-108.218934,36.72152],[-108.218822,36.721517],[-108.218816,36.721698],[-108.218927,36.7217]]]},"properties":{"class":"invasive_woody","min_prob":0.5}},{"type":"Feature","geometry":{"type":"Polygon","coordinates":[[[-108.321106,36.723955],[-108.32111,36.723865],[-108.320998,36.723863],[-108.320994,36.723953],[-108.321106,36.723955]]]},"properties":{"class":"invasive_woody","min_prob":0.5}},{"type":"Feature","geometry":{"type":"Polygon","coordinates":[[[-108.320883,36.72395],[-108.320886,36.72386],[-108.320662,36.723855],[-108.320659,36.723945],[-108.320883,36.72395]]]},"properties":{"class":"invasive_woody","min_prob":0.5}},{"type":"Feature","geometry":{"type":"Polygon","coordinates":[[[-108.312153,36.723753],[-108.312156,36.723663],[-108.312044,36.723661],[-108.312041,36.723751],[-108.312153,36.723753]]]},"properties":{"class":"invasive_woody","min_prob":0.5}},{"type":"Feature","geometry":{"type":"Polygon","coordinates":[[[-108.24411,36.722196],[-108.244113,36.722106],[-108.243777,36.722098],[-108.243774,36.722188],[-108.24411,36.722196]]]},"properties":{"class":"invasive_woody","min_prob":0.5}},{"type":"Feature","geometry":{"type":"Polygon","coordinates":[[[-108.241312,36.722131],[-108.241315,36.722041],[-108.241203,36.722039],[-108.2412,36.722129],[-108.241312,36.722131]]]},"properties":{"class":"invasive_woody","min_prob":0.5}},{"type":"Feature","geometry":{"type":"Polygon","coordinates":[[[-108.240417,36.722111],[-108.24042,36.72202],[-108.240308,36.722018],[-108.240305,36.722108],[-108.240417,36.722111]]]},"properties":{"class":"invasive_woody","min_prob":0.5}},{"type":"Feature","geometry":{"type":"Polygon","coordinates":[[[-108.202033,36.721214],[-108.202036,36.721124],[-108.201924,36.721121],[-108.201921,36.721211],[-108.202033,36.721214]]]},"properties":{"class":"invasive_woody","min_prob":0.5}},{"type":"Feature","geometry":{"type":"Polygon","coordinates":[[[-108.238514,36.722066],[-108.238521,36.721886],[-108.238409,36.721884],[-108.238402,36.722064],[-108.238514,36.722066]]]},"properties":{"class":"invasive_woody","min_prob":0.5}},{"type":"Feature","geometry":{"type":"Polygon","coordinates":[[[-108.312044,36.723661],[-108.312047,36.723571],[-108.311935,36.723568],[-108.311932,36.723658],[-108.312044,36.723661]]]},"properties":{"class":"invasive_woody","min_prob":0.5}},{"type":"Feature","geometry":{"type":"Polygon","coordinates":[[[-108.243777,36.722098],[-108.243781,36.722008],[-108.243669,36.722006],[-108.243665,36.722096],[-108.243777,36.722098]]]},"properties":{"class":"invasive_woody","min_prob":0.5}},{"type":"Feature","geometry":{"type":"Polygon","coordinates":[[[-108.240308,36.722018],[-108.240311,36.721928],[-108.240199,36.721925],[-108.240196,36.722015],[-108.240308,36.722018]]]},"properties":{"class":"invasive_woody","min_prob":0.5}},{"type":"Feature","geometry":{"type":"Polygon","coordinates":[[[-108.22106,36.72157],[-108.221063,36.72148],[-108.220951,36.721477],[-108.220948,36.721567],[-108.22106,36.72157]]]},"properties":{"class":"invasive_woody","min_prob":0.5}},{"type":"Feature","geometry":{"type":"Polygon","coordinates":[[[-108.206282,36.721404],[-108.206289,36.721224],[-108.206513,36.721229],[-108.206516,36.721139],[-108.20618,36.721131],[-108.20617,36.721401],[-108.206282,36.721404]]]},"properties":{"class":"invasive_woody","min_prob":0.5}},{"type":"Feature","geometry":{"type":"Polygon","coordinates":[[[-108.218371,36.721597],[-108.218381,36.721327],[-108.218269,36.721324],[-108.218259,36.721594],[-108.218371,36.721597]]]},"properties":{"class":"invasive_woody","min_prob":0.5}},{"type":"Feature","geometry":{"type":"Polygon","coordinates":[[[-108.240759,36.721938],[-108.240762,36.721848],[-108.24065,36.721845],[-108.240647,36.721936],[-108.240759,36.721938]]]},"properties":{"class":"invasive_woody","min_prob":0.5}},{"type":"Feature","geometry":{"type":"Polygon","coordinates":[[[-108.238633,36.721889],[-108.238636,36.721799],[-108.238524,36.721796],[-108.238521,36.721886],[-108.238633,36.721889]]]},"properties":{"class":"invasive_woody","min_prob":0.5}},{"type":"Feature","geometry":{"type":"Polygon","coordinates":[[[-108.193983,36.720844],[-108.193986,36.720754],[-108.193874,36.720751],[-108.193871,36.720841],[-108.193983,36.720844]]]},"properties":{"class":"invasive_woody","min_prob":0.5}},{"type":"Feature","geometry":{"type":"Polygon","coordinates":[[[-108.244004,36.722013],[-108.244011,36.721833],[-108.243899,36.721831],[-108.243896,36.721921],[-108.243784,36.721918],[-108.243781,36.722008],[-108.244004,36.722013]]]},"properties":{"class":"invasive_woody","min_prob":0.5}},{"type":"Feature","geometry":{"type":"Polygon","coordinates":[[[-108.238076,36.721786],[-108.23808,36.721696],[-108.237632,36.721685],[-108.237629,36.721775],[-108.238076,36.721786]]]},"properties":{"class":"invasive_woody","min_prob":0.5}},{"type":"Feature","geometry":{"type":"Polygon","coordinates":[[[-108.19365,36.720746],[-108.193654,36.720656],[-108.193542,36.720653],[-108.193538,36.720743],[-108.19365,36.720746]]]},"properties":{"class":"invasive_woody","min_prob":0.5}},{"type":"Feature","geometry":{"type":"Polygon","coordinates":[[[-108.329177,36.723776],[-108.32918,36.723686],[-108.329068,36.723683],[-108.329065,36.723774],[-108.329177,36.723776]]]},"properties":{"class":"invasive_woody","min_prob":0.5}},{"type":"Feature","geometry":{"type":"Polygon","coordinates":[[[-108.244235,36.721838],[-108.244238,36.721748],[-108.244014,36.721743],[-108.244011,36.721833],[-108.244235,36.721838]]]},"properties":{"class":"invasive_woody","min_prob":0.5}},{"type":"Feature","geometry":{"type":"Polygon","coordinates":[[[-108.309138,36.723505],[-108.309141,36.723415],[-108.309253,36.723417],[-108.309256,36.723327],[-108.309144,36.723325],[-108.30915,36.723144],[-108.309038,36.723142],[-108.309026,36.723502],[-108.309138,36.723505]]]},"properties":{"class":"invasive_woody","min_prob":0.5}},{"type":"Feature","geometry":{"type":"Polygon","coordinates":[[[-108.322913,36.723545],[-108.322916,36.723455],[-108.322804,36.723453],[-108.322801,36.723543],[-108.322913,36.723545]]]},"properties":{"class":"invasive_woody","min_prob":0.5}},{"type":"Feature","geometry":{"type":"Polygon","coordinates":[[[-108.311833,36.723295],[-108.311836,36.723205],[-108.311724,36.723203],[-108.311721,36.723293],[-108.311833,36.723295]]]},"properties":{"class":"invasive_woody","min_prob":0.5}},{"type":"Feature","geometry":{"type":"Polygon","coordinates":[[[-108.223756,36.721362],[-108.223765,36.721092],[-108.223653,36.721089],[-108.223644,36.72136],[-108.223756,36.721362]]]},"properties":{"class":"invasive_woody","min_prob":0.5}},{"type":"Feature","geometry":{"type":"Polygon","coordinates":[[[-108.329183,36.723596],[-108.329186,36.723506],[-108.329075,36.723503],[-108.329071,36.723593],[-108.329183,36.723596]]]},"properties":{"class":"invasive_woody","min_prob":0.5}},{"type":"Feature","geometry":{"type":"Polygon","coordinates":[[[-108.32784,36.723566],[-108.327843,36.723476],[-108.327731,36.723473],[-108.327728,36.723563],[-108.32784,36.723566]]]},"properties":{"class":"invasive_woody","min_prob":0.5}},{"type":"Feature","geometry":{"type":"Polygon","coordinates":[[[-108.311724,36.723203],[-108.311727,36.723113],[-108.311615,36.72311],[-108.311612,36.7232],[-108.311724,36.723203]]]},"properties":{"class":"invasive_woody","min_prob":0.5}},{"type":"Feature","geometry":{"type":"Polygon","coordinates":[[[-108.309262,36.723147],[-108.309265,36.723057],[-108.309153,36.723054],[-108.30915,36.723144],[-108.309262,36.723147]]]},"properties":{"class":"invasive_woody","min_prob":0.5}},{"type":"Feature","geometry":{"type":"Polygon","coordinates":[[[-108.25006,36.721793],[-108.250063,36.721703],[-108.249728,36.721695],[-108.249725,36.721785],[-108.25006,36.721793]]]},"properties":{"class":"invasive_woody","min_prob":0.5}},{"type":"Feature","geometry":{"type":"Polygon","coordinates":[[[-108.238758,36.721531],[-108.238761,36.721441],[-108.238649,36.721438],[-108.238646,36.721528],[-108.238758,36.721531]]]},"properties":{"class":"invasive_woody","min_prob":0.5}},{"type":"Feature","geometry":{"type":"Polygon","coordinates":[[[-108.201493,36.72066],[-108.201497,36.72057],[-108.201385,36.720567],[-108.201381,36.720657],[-108.201493,36.72066]]]},"properties":{"class":"invasive_woody","min_prob":0.5}},{"type":"Feature","geometry":{"type":"Polygon","coordinates":[[[-108.309483,36.723242],[-108.309492,36.722972],[-108.309268,36.722967],[-108.309265,36.723057],[-108.309377,36.723059],[-108.309374,36.723149],[-108.309262,36.723147],[-108.309259,36.723237],[-108.309483,36.723242]]]},"properties":{"class":"invasive_woody","min_prob":0.5}},{"type":"Feature","geometry":{"type":"Polygon","coordinates":[[[-108.297959,36.722891],[-108.297965,36.72271],[-108.297853,36.722708],[-108.297847,36.722888],[-108.297959,36.722891]]]},"properties":{"class":"invasive_woody","min_prob":0.5}},{"type":"Feature","geometry":{"type":"Polygon","coordinates":[[[-108.327731,36.723473],[-108.327735,36.723383],[-108.327623,36.723381],[-108.32762,36.723471],[-108.327731,36.723473]]]},"properties":{"class":"invasive_woody","min_prob":0.5}},{"type":"Feature","geometry":{"type":"Polygon","coordinates":[[[-108.240216,36.721475],[-108.240219,36.721385],[-108.240107,36.721382],[-108.240104,36.721472],[-108.240216,36.721475]]]},"properties":{"class":"invasive_woody","min_prob":0.5}},{"type":"Feature","geometry":{"type":"Polygon","coordinates":[[[-108.201832,36.720578],[-108.201835,36.720488],[-108.201612,36.720483],[-108.201608,36.720573],[-108.201832,36.720578]]]},"properties":{"class":"invasive_woody","min_prob":0.5}},{"type":"Feature","geometry":{"type":"Polygon","coordinates":[[[-108.328627,36.723493],[-108.328633,36.723313],[-108.328185,36.723303],[-108.328182,36.723393],[-108.328518,36.723401],[-108.328515,36.723491],[-108.328627,36.723493]]]},"properties":{"class":"invasive_woody","min_prob":0.5}},{"type":"Feature","geometry":{"type":"Polygon","coordinates":[[[-108.238873,36.721444],[-108.238879,36.721263],[-108.238767,36.721261],[-108.238761,36.721441],[-108.238873,36.721444]]]},"properties":{"class":"invasive_woody","min_prob":0.5}},{"type":"Feature","geometry":{"type":"Polygon","coordinates":[[[-108.311507,36.723017],[-108.31151,36.722927],[-108.311398,36.722925],[-108.311395,36.723015],[-108.311507,36.723017]]]},"properties":{"class":"invasive_woody","min_prob":0.5}},{"type":"Feature","geometry":{"type":"Polygon","coordinates":[[[-108.240107,36.721382],[-108.24011,36.721292],[-108.239998,36.721289],[-108.239995,36.721379],[-108.240107,36.721382]]]},"properties":{"class":"invasive_woody","min_prob":0.5}},{"type":"Feature","geometry":{"type":"Polygon","coordinates":[[[-108.311398,36.722925],[-108.311401,36.722835],[-108.311289,36.722832],[-108.311286,36.722922],[-108.311398,36.722925]]]},"properties":{"class":"invasive_woody","min_prob":0.5}},{"type":"Feature","geometry":{"type":"Polygon","coordinates":[[[-108.298304,36.722628],[-108.298307,36.722538],[-108.298195,36.722535],[-108.298192,36.722625],[-108.298304,36.722628]]]},"properties":{"class":"invasive_woody","min_prob":0.5}},{"type":"Feature","geometry":{"type":"Polygon","coordinates":[[[-108.239774,36.721284],[-108.239778,36.721194],[-108.239666,36.721191],[-108.239663,36.721282],[-108.239774,36.721284]]]},"properties":{"class":"invasive_woody","min_prob":0.5}},{"type":"Feature","geometry":{"type":"Polygon","coordinates":[[[-108.223548,36.720906],[-108.223551,36.720816],[-108.223439,36.720814],[-108.223436,36.720904],[-108.223548,36.720906]]]},"properties":{"class":"invasive_woody","min_prob":0.5}},{"type":"Feature","geometry":{"type":"Polygon","coordinates":[[[-108.204074,36.72054],[-108.204077,36.72045],[-108.204301,36.720456],[-108.204304,36.720366],[-108.203856,36.720355],[-108.203853,36.720445],[-108.203965,36.720448],[-108.203962,36.720538],[-108.204074,36.72054]]]},"properties":{"class":"invasive_woody","min_prob":0.5}},{"type":"Feature","geometry":{"type":"Polygon","coordinates":[[[-108.203741,36.720442],[-108.203744,36.720352],[-108.203073,36.720337],[-108.20307,36.720427],[-108.203741,36.720442]]]},"properties":{"class":"invasive_woody","min_prob":0.5}},{"type":"Feature","geometry":{"type":"Polygon","coordinates":[[[-108.328185,36.723303],[-108.328189,36.723213],[-108.328077,36.72321],[-108.32808,36.72312],[-108.327968,36.723118],[-108.327962,36.723298],[-108.328185,36.723303]]]},"properties":{"class":"invasive_woody","min_prob":0.5}},{"type":"Feature","geometry":{"type":"Polygon","coordinates":[[[-108.242908,36.721357],[-108.242911,36.721267],[-108.243023,36.721269],[-108.243026,36.721179],[-108.242802,36.721174],[-108.242799,36.721264],[-108.242687,36.721262],[-108.24269,36.721171],[-108.242355,36.721164],[-108.242352,36.721254],[-108.242463,36.721256],[-108.24246,36.721346],[-108.242908,36.721357]]]},"properties":{"class":"invasive_woody","min_prob":0.5}},{"type":"Feature","geometry":{"type":"Polygon","coordinates":[[[-108.239442,36.721186],[-108.239445,36.721096],[-108.239333,36.721094],[-108.23933,36.721184],[-108.239442,36.721186]]]},"properties":{"class":"invasive_woody","min_prob":0.5}},{"type":"Feature","geometry":{"type":"Polygon","coordinates":[[[-108.200499,36.720276],[-108.200502,36.720186],[-108.200391,36.720183],[-108.200387,36.720273],[-108.200499,36.720276]]]},"properties":{"class":"invasive_woody","min_prob":0.5}},{"type":"Feature","geometry":{"type":"Polygon","coordinates":[[[-108.200052,36.720266],[-108.200055,36.720175],[-108.199943,36.720173],[-108.19994,36.720263],[-108.200052,36.720266]]]},"properties":{"class":"invasive_woody","min_prob":0.5}},{"type":"Feature","geometry":{"type":"Polygon","coordinates":[[[-108.31644,36.722858],[-108.316443,36.722768],[-108.316332,36.722766],[-108.316328,36.722856],[-108.31644,36.722858]]]},"properties":{"class":"invasive_woody","min_prob":0.5}},{"type":"Feature","geometry":{"type":"Polygon","coordinates":[[[-108.24325,36.721184],[-108.243253,36.721094],[-108.243141,36.721092],[-108.243138,36.721182],[-108.24325,36.721184]]]},"properties":{"class":"invasive_woody","min_prob":0.5}},{"type":"Feature","geometry":{"type":"Polygon","coordinates":[[[-108.242243,36.721161],[-108.242246,36.721071],[-108.242134,36.721068],[-108.242131,36.721159],[-108.242243,36.721161]]]},"properties":{"class":"invasive_woody","min_prob":0.5}},{"type":"Feature","geometry":{"type":"Polygon","coordinates":[[[-108.238767,36.721261],[-108.23877,36.721171],[-108.238882,36.721173],[-108.238886,36.721083],[-108.239109,36.721088],[-108.239113,36.720998],[-108.238665,36.720988],[-108.238655,36.721258],[-108.238767,36.721261]]]},"properties":{"class":"invasive_woody","min_prob":0.5}},{"type":"Feature","geometry":{"type":"Polygon","coordinates":[[[-108.196922,36.720102],[-108.196925,36.720012],[-108.196813,36.720009],[-108.19681,36.720099],[-108.196922,36.720102]]]},"properties":{"class":"invasive_woody","min_prob":0.5}},{"type":"Feature","geometry":{"type":"Polygon","coordinates":[[[-108.328195,36.723033],[-108.328198,36.722943],[-108.328086,36.72294],[-108.328083,36.72303],[-108.328195,36.723033]]]},"properties":{"class":"invasive_woody","min_prob":0.5}},{"type":"Feature","geometry":{"type":"Polygon","coordinates":[[[-108.317227,36.722786],[-108.31723,36.722696],[-108.317118,36.722693],[-108.317115,36.722783],[-108.317227,36.722786]]]},"properties":{"class":"invasive_woody","min_prob":0.5}},{"type":"Feature","geometry":{"type":"Polygon","coordinates":[[[-108.31096,36.722644],[-108.310963,36.722554],[-108.310851,36.722552],[-108.310848,36.722642],[-108.31096,36.722644]]]},"properties":{"class":"invasive_woody","min_prob":0.5}},{"type":"Feature","geometry":{"type":"Polygon","coordinates":[[[-108.206548,36.720238],[-108.206552,36.720148],[-108.206328,36.720143],[-108.206325,36.720233],[-108.206548,36.720238]]]},"properties":{"class":"invasive_woody","min_prob":0.5}},{"type":"Feature","geometry":{"type":"Polygon","coordinates":[[[-108.202968,36.720154],[-108.202971,36.720064],[-108.202859,36.720061],[-108.202856,36.720151],[-108.202968,36.720154]]]},"properties":{"class":"invasive_woody","min_prob":0.5}},{"type":"Feature","geometry":{"type":"Polygon","coordinates":[[[-108.195134,36.719969],[-108.195138,36.719879],[-108.195026,36.719877],[-108.195023,36.719967],[-108.195134,36.719969]]]},"properties":{"class":"invasive_woody","min_prob":0.5}},{"type":"Feature","geometry":{"type":"Polygon","coordinates":[[[-108.31779,36.722708],[-108.317793,36.722618],[-108.317457,36.722611],[-108.317454,36.722701],[-108.31779,36.722708]]]},"properties":{"class":"invasive_woody","min_prob":0.5}},{"type":"Feature","geometry":{"type":"Polygon","coordinates":[[[-108.223337,36.720541],[-108.22334,36.720451],[-108.223229,36.720448],[-108.223225,36.720538],[-108.223337,36.720541]]]},"properties":{"class":"invasive_woody","min_prob":0.5}},{"type":"Feature","geometry":{"type":"Polygon","coordinates":[[[-108.19525,36.719882],[-108.195253,36.719792],[-108.195141,36.719789],[-108.195138,36.719879],[-108.19525,36.719882]]]},"properties":{"class":"invasive_woody","min_prob":0.5}},{"type":"Feature","geometry":{"type":"Polygon","coordinates":[[[-108.206772,36.720243],[-108.206776,36.720153],[-108.206999,36.720158],[-108.207006,36.719978],[-108.20667,36.71997],[-108.206667,36.72006],[-108.206555,36.720058],[-108.206552,36.720148],[-108.206664,36.720151],[-108.20666,36.720241],[-108.206772,36.720243]]]},"properties":{"class":"invasive_woody","min_prob":0.5}},{"type":"Feature","geometry":{"type":"Polygon","coordinates":[[[-108.318129,36.722626],[-108.318132,36.722536],[-108.317796,36.722528],[-108.317793,36.722618],[-108.318129,36.722626]]]},"properties":{"class":"invasive_woody","min_prob":0.5}},{"type":"Feature","geometry":{"type":"Polygon","coordinates":[[[-108.300222,36.722221],[-108.300225,36.722131],[-108.300001,36.722126],[-108.299998,36.722216],[-108.300222,36.722221]]]},"properties":{"class":"invasive_woody","min_prob":0.5}},{"type":"Feature","geometry":{"type":"Polygon","coordinates":[[[-108.299103,36.722195],[-108.299106,36.722105],[-108.298994,36.722103],[-108.298991,36.722193],[-108.299103,36.722195]]]},"properties":{"class":"invasive_woody","min_prob":0.5}},{"type":"Feature","geometry":{"type":"Polygon","coordinates":[[[-108.241469,36.720873],[-108.241472,36.720783],[-108.24136,36.72078],[-108.241357,36.72087],[-108.241469,36.720873]]]},"properties":{"class":"invasive_woody","min_prob":0.5}},{"type":"Feature","geometry":{"type":"Polygon","coordinates":[[[-108.200621,36.720008],[-108.200631,36.719738],[-108.200519,36.719736],[-108.200512,36.719916],[-108.2004,36.719913],[-108.200397,36.720003],[-108.200621,36.720008]]]},"properties":{"class":"invasive_woody","min_prob":0.5}},{"type":"Feature","geometry":{"type":"Polygon","coordinates":[[[-108.31276,36.722415],[-108.312763,36.722324],[-108.312651,36.722322],[-108.312648,36.722412],[-108.31276,36.722415]]]},"properties":{"class":"invasive_woody","min_prob":0.5}},{"type":"Feature","geometry":{"type":"Polygon","coordinates":[[[-108.241696,36.720788],[-108.241699,36.720698],[-108.241587,36.720695],[-108.241584,36.720785],[-108.241696,36.720788]]]},"properties":{"class":"invasive_woody","min_prob":0.5}},{"type":"Feature","geometry":{"type":"Polygon","coordinates":[[[-108.207342,36.719986],[-108.207345,36.719896],[-108.207009,36.719888],[-108.207006,36.719978],[-108.207342,36.719986]]]},"properties":{"class":"invasive_woody","min_prob":0.5}},{"type":"Feature","geometry":{"type":"Polygon","coordinates":[[[-108.204212,36.719822],[-108.204215,36.719732],[-108.203879,36.719724],[-108.203876,36.719815],[-108.204212,36.719822]]]},"properties":{"class":"invasive_woody","min_prob":0.5}},{"type":"Feature","geometry":{"type":"Polygon","coordinates":[[[-108.203764,36.719812],[-108.203767,36.719722],[-108.203655,36.719719],[-108.203652,36.719809],[-108.203764,36.719812]]]},"properties":{"class":"invasive_woody","min_prob":0.5}},{"type":"Feature","geometry":{"type":"Polygon","coordinates":[[[-108.195141,36.719789],[-108.195148,36.719609],[-108.195259,36.719612],[-108.195263,36.719522],[-108.195039,36.719516],[-108.195029,36.719787],[-108.195141,36.719789]]]},"properties":{"class":"invasive_woody","min_prob":0.5}},{"type":"Feature","geometry":{"type":"Polygon","coordinates":[[[-108.240248,36.720574],[-108.240251,36.720484],[-108.240139,36.720481],[-108.240136,36.720571],[-108.240248,36.720574]]]},"properties":{"class":"invasive_woody","min_prob":0.5}},{"type":"Feature","geometry":{"type":"Polygon","coordinates":[[[-108.197833,36.719672],[-108.197836,36.719582],[-108.197948,36.719585],[-108.197952,36.719495],[-108.197392,36.719482],[-108.197386,36.719662],[-108.197833,36.719672]]]},"properties":{"class":"invasive_woody","min_prob":0.5}},{"type":"Feature","geometry":{"type":"Polygon","coordinates":[[[-108.197277,36.719569],[-108.19728,36.719479],[-108.197168,36.719476],[-108.197165,36.719566],[-108.197277,36.719569]]]},"properties":{"class":"invasive_woody","min_prob":0.5}},{"type":"Feature","geometry":{"type":"Polygon","coordinates":[[[-108.194032,36.719493],[-108.194035,36.719402],[-108.193923,36.7194],[-108.19392,36.71949],[-108.194032,36.719493]]]},"properties":{"class":"invasive_woody","min_prob":0.5}},{"type":"Feature","geometry":{"type":"Polygon","coordinates":[[[-108.238787,36.72072],[-108.2388,36.72036],[-108.238688,36.720357],[-108.238675,36.720718],[-108.238787,36.72072]]]},"properties":{"class":"invasive_woody","min_prob":0.5}},{"type":"Feature","geometry":{"type":"Polygon","coordinates":[[[-108.22313,36.720085],[-108.223133,36.719995],[-108.223021,36.719993],[-108.223018,36.720083],[-108.22313,36.720085]]]},"properties":{"class":"invasive_woody","min_prob":0.5}},{"type":"Feature","geometry":{"type":"Polygon","coordinates":[[[-108.196833,36.719468],[-108.196836,36.719378],[-108.196724,36.719376],[-108.196721,36.719466],[-108.196833,36.719468]]]},"properties":{"class":"invasive_woody","min_prob":0.5}},{"type":"Feature","geometry":{"type":"Polygon","coordinates":[[[-108.196273,36.719455],[-108.196276,36.719365],[-108.196165,36.719363],[-108.196161,36.719453],[-108.196273,36.719455]]]},"properties":{"class":"invasive_woody","min_prob":0.5}},{"type":"Feature","geometry":{"type":"Polygon","coordinates":[[[-108.200634,36.719648],[-108.200644,36.719378],[-108.200196,36.719367],[-108.200193,36.719457],[-108.200417,36.719463],[-108.200413,36.719553],[-108.200525,36.719555],[-108.200522,36.719645],[-108.200634,36.719648]]]},"properties":{"class":"invasive_woody","min_prob":0.5}},{"type":"Feature","geometry":{"type":"Polygon","coordinates":[[[-108.31792,36.72217],[-108.317923,36.72208],[-108.317812,36.722078],[-108.317808,36.722168],[-108.31792,36.72217]]]},"properties":{"class":"invasive_woody","min_prob":0.5}},{"type":"Feature","geometry":{"type":"Polygon","coordinates":[[[-108.223021,36.719993],[-108.223024,36.719902],[-108.222912,36.7199],[-108.222909,36.71999],[-108.223021,36.719993]]]},"properties":{"class":"invasive_woody","min_prob":0.5}},{"type":"Feature","geometry":{"type":"Polygon","coordinates":[[[-108.20254,36.719603],[-108.202543,36.719513],[-108.20299,36.719523],[-108.202994,36.719433],[-108.202658,36.719425],[-108.202661,36.719335],[-108.202437,36.71933],[-108.202428,36.7196],[-108.20254,36.719603]]]},"properties":{"class":"invasive_woody","min_prob":0.5}},{"type":"Feature","geometry":{"type":"Polygon","coordinates":[[[-108.318371,36.72209],[-108.318374,36.722],[-108.318262,36.721998],[-108.318259,36.722088],[-108.318371,36.72209]]]},"properties":{"class":"invasive_woody","min_prob":0.5}},{"type":"Feature","geometry":{"type":"Polygon","coordinates":[[[-108.201875,36.719407],[-108.201878,36.719317],[-108.201766,36.719314],[-108.201763,36.719404],[-108.201875,36.719407]]]},"properties":{"class":"invasive_woody","min_prob":0.5}},{"type":"Feature","geometry":{"type":"Polygon","coordinates":[[[-108.192923,36.719196],[-108.192926,36.719106],[-108.192814,36.719103],[-108.192811,36.719193],[-108.192923,36.719196]]]},"properties":{"class":"invasive_woody","min_prob":0.5}},{"type":"Feature","geometry":{"type":"Polygon","coordinates":[[[-108.198955,36.719609],[-108.198959,36.719519],[-108.199183,36.719524],[-108.199186,36.719434],[-108.199298,36.719436],[-108.199304,36.719256],[-108.19908,36.719251],[-108.199084,36.719161],[-108.198972,36.719158],[-108.198969,36.719248],[-108.198633,36.71924],[-108.198636,36.71915],[-108.1983,36.719142],[-108.198297,36.719232],[-108.198409,36.719235],[-108.198406,36.719325],[-108.198965,36.719338],[-108.198962,36.719428],[-108.198067,36.719407],[-108.198064,36.719497],[-108.198175,36.7195],[-108.198172,36.71959],[-108.198284,36.719593],[-108.198287,36.719503],[-108.198511,36.719508],[-108.198508,36.719598],[-108.198955,36.719609]]]},"properties":{"class":"invasive_woody","min_prob":0.5}},{"type":"Feature","geometry":{"type":"Polygon","coordinates":[[[-108.196615,36.719283],[-108.196622,36.719103],[-108.19651,36.7191],[-108.196504,36.71928],[-108.196615,36.719283]]]},"properties":{"class":"invasive_woody","min_prob":0.5}},{"type":"Feature","geometry":{"type":"Polygon","coordinates":[[[-108.243599,36.720832],[-108.243624,36.720111],[-108.243512,36.720109],[-108.243487,36.720829],[-108.243599,36.720832]]]},"properties":{"class":"invasive_woody","min_prob":0.5}},{"type":"Feature","geometry":{"type":"Polygon","coordinates":[[[-108.325534,36.722252],[-108.325537,36.722162],[-108.325649,36.722164],[-108.325655,36.721984],[-108.325543,36.721981],[-108.32554,36.722071],[-108.325428,36.722069],[-108.325422,36.722249],[-108.325534,36.722252]]]},"properties":{"class":"invasive_woody","min_prob":0.5}},{"type":"Feature","geometry":{"type":"Polygon","coordinates":[[[-108.311551,36.721756],[-108.311554,36.721666],[-108.311442,36.721663],[-108.311439,36.721754],[-108.311551,36.721756]]]},"properties":{"class":"invasive_woody","min_prob":0.5}},{"type":"Feature","geometry":{"type":"Polygon","coordinates":[[[-108.248545,36.720315],[-108.248548,36.720225],[-108.248436,36.720223],[-108.248433,36.720313],[-108.248545,36.720315]]]},"properties":{"class":"invasive_woody","min_prob":0.5}},{"type":"Feature","geometry":{"type":"Polygon","coordinates":[[[-108.218666,36.71962],[-108.21867,36.71953],[-108.218558,36.719528],[-108.218555,36.719618],[-108.218666,36.71962]]]},"properties":{"class":"invasive_woody","min_prob":0.5}},{"type":"Feature","geometry":{"type":"Polygon","coordinates":[[[-108.204007,36.719277],[-108.204011,36.719187],[-108.203675,36.719179],[-108.203672,36.719269],[-108.204007,36.719277]]]},"properties":{"class":"invasive_woody","min_prob":0.5}},{"type":"Feature","geometry":{"type":"Polygon","coordinates":[[[-108.199196,36.719163],[-108.199199,36.719073],[-108.199087,36.719071],[-108.199084,36.719161],[-108.199196,36.719163]]]},"properties":{"class":"invasive_woody","min_prob":0.5}},{"type":"Feature","geometry":{"type":"Polygon","coordinates":[[[-108.205238,36.719306],[-108.205245,36.719125],[-108.205021,36.71912],[-108.205014,36.7193],[-108.205238,36.719306]]]},"properties":{"class":"invasive_woody","min_prob":0.5}},{"type":"Feature","geometry":{"type":"Polygon","coordinates":[[[-108.201542,36.719309],[-108.201546,36.719219],[-108.201657,36.719221],[-108.201661,36.719131],[-108.201549,36.719129],[-108.201552,36.719039],[-108.20144,36.719036],[-108.20143,36.719306],[-108.201542,36.719309]]]},"properties":{"class":"invasive_woody","min_prob":0.5}},{"type":"Feature","geometry":{"type":"Polygon","coordinates":[[[-108.325767,36.721986],[-108.32577,36.721896],[-108.325658,36.721894],[-108.325655,36.721984],[-108.325767,36.721986]]]},"properties":{"class":"invasive_woody","min_prob":0.5}},{"type":"Feature","geometry":{"type":"Polygon","coordinates":[[[-108.320619,36.721871],[-108.320622,36.72178],[-108.32051,36.721778],[-108.320507,36.721868],[-108.320619,36.721871]]]},"properties":{"class":"invasive_woody","min_prob":0.5}},{"type":"Feature","geometry":{"type":"Polygon","coordinates":[[[-108.319164,36.721838],[-108.319167,36.721748],[-108.318943,36.721743],[-108.31894,36.721833],[-108.319164,36.721838]]]},"properties":{"class":"invasive_woody","min_prob":0.5}},{"type":"Feature","geometry":{"type":"Polygon","coordinates":[[[-108.311442,36.721663],[-108.311445,36.721573],[-108.311333,36.721571],[-108.31133,36.721661],[-108.311442,36.721663]]]},"properties":{"class":"invasive_woody","min_prob":0.5}},{"type":"Feature","geometry":{"type":"Polygon","coordinates":[[[-108.300474,36.721415],[-108.300477,36.721325],[-108.300366,36.721322],[-108.300362,36.721412],[-108.300474,36.721415]]]},"properties":{"class":"invasive_woody","min_prob":0.5}},{"type":"Feature","geometry":{"type":"Polygon","coordinates":[[[-108.240142,36.720391],[-108.240155,36.720031],[-108.240267,36.720033],[-108.24027,36.719943],[-108.240047,36.719938],[-108.24003,36.720388],[-108.240142,36.720391]]]},"properties":{"class":"invasive_woody","min_prob":0.5}},{"type":"Feature","geometry":{"type":"Polygon","coordinates":[[[-108.197511,36.719304],[-108.197514,36.719214],[-108.197738,36.719219],[-108.197741,36.719129],[-108.197293,36.719119],[-108.197297,36.719029],[-108.197185,36.719026],[-108.197188,36.718936],[-108.197076,36.718933],[-108.197079,36.718843],[-108.196967,36.71884],[-108.196961,36.719021],[-108.197073,36.719023],[-108.19707,36.719113],[-108.197181,36.719116],[-108.197178,36.719206],[-108.19729,36.719209],[-108.197287,36.719299],[-108.197511,36.719304]]]},"properties":{"class":"invasive_woody","min_prob":0.5}},{"type":"Feature","geometry":{"type":"Polygon","coordinates":[[[-108.325882,36.721899],[-108.325885,36.721809],[-108.325773,36.721806],[-108.32577,36.721896],[-108.325882,36.721899]]]},"properties":{"class":"invasive_woody","min_prob":0.5}},{"type":"Feature","geometry":{"type":"Polygon","coordinates":[[[-108.309431,36.721528],[-108.309434,36.721438],[-108.309322,36.721435],[-108.309319,36.721525],[-108.309431,36.721528]]]},"properties":{"class":"invasive_woody","min_prob":0.5}},{"type":"Feature","geometry":{"type":"Polygon","coordinates":[[[-108.300701,36.72133],[-108.300704,36.72124],[-108.300593,36.721237],[-108.300589,36.721327],[-108.300701,36.72133]]]},"properties":{"class":"invasive_woody","min_prob":0.5}},{"type":"Feature","geometry":{"type":"Polygon","coordinates":[[[-108.243516,36.720018],[-108.243519,36.719928],[-108.243407,36.719926],[-108.243404,36.720016],[-108.243516,36.720018]]]},"properties":{"class":"invasive_woody","min_prob":0.5}},{"type":"Feature","geometry":{"type":"Polygon","coordinates":[[[-108.241166,36.719964],[-108.241169,36.719874],[-108.240497,36.719858],[-108.240494,36.719948],[-108.241166,36.719964]]]},"properties":{"class":"invasive_woody","min_prob":0.5}},{"type":"Feature","geometry":{"type":"Polygon","coordinates":[[[-108.240382,36.719946],[-108.240386,36.719856],[-108.240274,36.719853],[-108.24027,36.719943],[-108.240382,36.719946]]]},"properties":{"class":"invasive_woody","min_prob":0.5}},{"type":"Feature","geometry":{"type":"Polygon","coordinates":[[[-108.208938,36.719212],[-108.208941,36.719122],[-108.208829,36.719119],[-108.208826,36.719209],[-108.208938,36.719212]]]},"properties":{"class":"invasive_woody","min_prob":0.5}},{"type":"Feature","geometry":{"type":"Polygon","coordinates":[[[-108.208256,36.719467],[-108.20826,36.719377],[-108.208372,36.719379],[-108.208375,36.719289],[-108.208487,36.719292],[-108.20849,36.719202],[-108.208602,36.719204],[-108.208605,36.719114],[-108.208381,36.719109],[-108.208378,36.719199],[-108.208266,36.719196],[-108.208263,36.719286],[-108.208151,36.719284],[-108.208148,36.719374],[-108.208036,36.719371],[-108.208033,36.719461],[-108.208256,36.719467]]]},"properties":{"class":"invasive_woody","min_prob":0.5}},{"type":"Feature","geometry":{"type":"Polygon","coordinates":[[[-108.209161,36.719217],[-108.209168,36.719037],[-108.208944,36.719032],[-108.208941,36.719122],[-108.209053,36.719125],[-108.209049,36.719215],[-108.209161,36.719217]]]},"properties":{"class":"invasive_woody","min_prob":0.5}},{"type":"Feature","geometry":{"type":"Polygon","coordinates":[[[-108.300816,36.721242],[-108.30082,36.721152],[-108.300708,36.72115],[-108.300704,36.72124],[-108.300816,36.721242]]]},"properties":{"class":"invasive_woody","min_prob":0.5}},{"type":"Feature","geometry":{"type":"Polygon","coordinates":[[[-108.243407,36.719926],[-108.24341,36.719836],[-108.243298,36.719833],[-108.243295,36.719923],[-108.243407,36.719926]]]},"properties":{"class":"invasive_woody","min_prob":0.5}},{"type":"Feature","geometry":{"type":"Polygon","coordinates":[[[-108.241505,36.719882],[-108.241508,36.719792],[-108.241284,36.719786],[-108.241281,36.719877],[-108.241505,36.719882]]]},"properties":{"class":"invasive_woody","min_prob":0.5}},{"type":"Feature","geometry":{"type":"Polygon","coordinates":[[[-108.222817,36.719447],[-108.22282,36.719357],[-108.222708,36.719354],[-108.222705,36.719444],[-108.222817,36.719447]]]},"properties":{"class":"invasive_woody","min_prob":0.5}},{"type":"Feature","geometry":{"type":"Polygon","coordinates":[[[-108.215095,36.719266],[-108.215099,36.719176],[-108.214987,36.719174],[-108.214983,36.719264],[-108.215095,36.719266]]]},"properties":{"class":"invasive_woody","min_prob":0.5}},{"type":"Feature","geometry":{"type":"Polygon","coordinates":[[[-108.196967,36.71884],[-108.196971,36.71875],[-108.196859,36.718748],[-108.196856,36.718838],[-108.196967,36.71884]]]},"properties":{"class":"invasive_woody","min_prob":0.5}},{"type":"Feature","geometry":{"type":"Polygon","coordinates":[[[-108.320846,36.721785],[-108.320855,36.721515],[-108.320743,36.721513],[-108.320734,36.721783],[-108.320846,36.721785]]]},"properties":{"class":"invasive_woody","min_prob":0.5}},{"type":"Feature","geometry":{"type":"Polygon","coordinates":[[[-108.207473,36.719448],[-108.207476,36.719358],[-108.207588,36.719361],[-108.207591,36.719271],[-108.207815,36.719276],[-108.207819,36.719186],[-108.208042,36.719191],[-108.208046,36.719101],[-108.208157,36.719104],[-108.208161,36.719014],[-108.208049,36.719011],[-108.208052,36.718921],[-108.20794,36.718918],[-108.207937,36.719008],[-108.207825,36.719006],[-108.207822,36.719096],[-108.20771,36.719093],[-108.207707,36.719183],[-108.207483,36.719178],[-108.20748,36.719268],[-108.207368,36.719265],[-108.207364,36.719356],[-108.207252,36.719353],[-108.207249,36.719443],[-108.207473,36.719448]]]},"properties":{"class":"invasive_woody","min_prob":0.5}},{"type":"Feature","geometry":{"type":"Polygon","coordinates":[[[-108.325997,36.721811],[-108.326,36.721721],[-108.326112,36.721724],[-108.326115,36.721634],[-108.325891,36.721629],[-108.325885,36.721809],[-108.325997,36.721811]]]},"properties":{"class":"invasive_woody","min_prob":0.5}},{"type":"Feature","geometry":{"type":"Polygon","coordinates":[[[-108.323538,36.721666],[-108.323541,36.721576],[-108.323429,36.721573],[-108.323426,36.721663],[-108.323538,36.721666]]]},"properties":{"class":"invasive_woody","min_prob":0.5}},{"type":"Feature","geometry":{"type":"Polygon","coordinates":[[[-108.309101,36.72134],[-108.309104,36.72125],[-108.308992,36.721247],[-108.308989,36.721337],[-108.309101,36.72134]]]},"properties":{"class":"invasive_woody","min_prob":0.5}},{"type":"Feature","geometry":{"type":"Polygon","coordinates":[[[-108.305744,36.721264],[-108.305747,36.721174],[-108.305635,36.721171],[-108.305632,36.721261],[-108.305744,36.721264]]]},"properties":{"class":"invasive_woody","min_prob":0.5}},{"type":"Feature","geometry":{"type":"Polygon","coordinates":[[[-108.30496,36.721246],[-108.304963,36.721156],[-108.304852,36.721154],[-108.304848,36.721244],[-108.30496,36.721246]]]},"properties":{"class":"invasive_woody","min_prob":0.5}},{"type":"Feature","geometry":{"type":"Polygon","coordinates":[[[-108.243186,36.719831],[-108.24319,36.71974],[-108.242854,36.719733],[-108.242851,36.719823],[-108.243186,36.719831]]]},"properties":{"class":"invasive_woody","min_prob":0.5}},{"type":"Feature","geometry":{"type":"Polygon","coordinates":[[[-108.241955,36.719802],[-108.241959,36.719712],[-108.241511,36.719702],[-108.241508,36.719792],[-108.241955,36.719802]]]},"properties":{"class":"invasive_woody","min_prob":0.5}},{"type":"Feature","geometry":{"type":"Polygon","coordinates":[[[-108.208717,36.719117],[-108.20872,36.719027],[-108.208832,36.719029],[-108.208839,36.718849],[-108.208727,36.718847],[-108.208724,36.718937],[-108.208612,36.718934],[-108.208605,36.719114],[-108.208717,36.719117]]]},"properties":{"class":"invasive_woody","min_prob":0.5}},{"type":"Feature","geometry":{"type":"Polygon","coordinates":[[[-108.196513,36.71901],[-108.196517,36.71892],[-108.196629,36.718923],[-108.196632,36.718833],[-108.196744,36.718835],[-108.196747,36.718745],[-108.196859,36.718748],[-108.196862,36.718658],[-108.196526,36.71865],[-108.19653,36.71856],[-108.196418,36.718557],[-108.196415,36.718647],[-108.196303,36.718644],[-108.196296,36.718825],[-108.196408,36.718827],[-108.196401,36.719007],[-108.196513,36.71901]]]},"properties":{"class":"invasive_woody","min_prob":0.5}},{"type":"Feature","geometry":{"type":"Polygon","coordinates":[[[-108.326227,36.721636],[-108.32623,36.721546],[-108.326118,36.721543],[-108.326115,36.721634],[-108.326227,36.721636]]]},"properties":{"class":"invasive_woody","min_prob":0.5}},{"type":"Feature","geometry":{"type":"Polygon","coordinates":[[[-108.308768,36.721242],[-108.308772,36.721152],[-108.30866,36.72115],[-108.308657,36.72124],[-108.308768,36.721242]]]},"properties":{"class":"invasive_woody","min_prob":0.5}},{"type":"Feature","geometry":{"type":"Polygon","coordinates":[[[-108.242291,36.71981],[-108.242294,36.71972],[-108.242406,36.719722],[-108.24241,36.719632],[-108.241962,36.719622],[-108.241959,36.719712],[-108.242071,36.719715],[-108.242067,36.719805],[-108.242291,36.71981]]]},"properties":{"class":"invasive_woody","min_prob":0.5}},{"type":"Feature","geometry":{"type":"Polygon","coordinates":[[[-108.222823,36.719267],[-108.222826,36.719177],[-108.222714,36.719174],[-108.222711,36.719264],[-108.222823,36.719267]]]},"properties":{"class":"invasive_woody","min_prob":0.5}},{"type":"Feature","geometry":{"type":"Polygon","coordinates":[[[-108.195967,36.718637],[-108.19597,36.718546],[-108.195858,36.718544],[-108.195855,36.718634],[-108.195967,36.718637]]]},"properties":{"class":"invasive_woody","min_prob":0.5}},{"type":"Feature","geometry":{"type":"Polygon","coordinates":[[[-108.325444,36.721618],[-108.325447,36.721528],[-108.325559,36.721531],[-108.325562,36.721441],[-108.325338,36.721436],[-108.325332,36.721616],[-108.325444,36.721618]]]},"properties":{"class":"invasive_woody","min_prob":0.5}},{"type":"Feature","geometry":{"type":"Polygon","coordinates":[[[-108.32332,36.721481],[-108.323324,36.72139],[-108.323212,36.721388],[-108.323209,36.721478],[-108.32332,36.721481]]]},"properties":{"class":"invasive_woody","min_prob":0.5}},{"type":"Feature","geometry":{"type":"Polygon","coordinates":[[[-108.311122,36.721205],[-108.311125,36.721115],[-108.311013,36.721113],[-108.31101,36.721203],[-108.311122,36.721205]]]},"properties":{"class":"invasive_woody","min_prob":0.5}},{"type":"Feature","geometry":{"type":"Polygon","coordinates":[[[-108.308548,36.721147],[-108.308551,36.721057],[-108.308439,36.721055],[-108.308436,36.721145],[-108.308548,36.721147]]]},"properties":{"class":"invasive_woody","min_prob":0.5}},{"type":"Feature","geometry":{"type":"Polygon","coordinates":[[[-108.196642,36.718562],[-108.196645,36.718472],[-108.196533,36.71847],[-108.19653,36.71856],[-108.196642,36.718562]]]},"properties":{"class":"invasive_woody","min_prob":0.5}},{"type":"Feature","geometry":{"type":"Polygon","coordinates":[[[-108.308327,36.721052],[-108.30833,36.720962],[-108.308218,36.720959],[-108.308215,36.721049],[-108.308327,36.721052]]]},"properties":{"class":"invasive_woody","min_prob":0.5}},{"type":"Feature","geometry":{"type":"Polygon","coordinates":[[[-108.222718,36.719084],[-108.222721,36.718994],[-108.222609,36.718991],[-108.222606,36.719081],[-108.222718,36.719084]]]},"properties":{"class":"invasive_woody","min_prob":0.5}},{"type":"Feature","geometry":{"type":"Polygon","coordinates":[[[-108.322991,36.721293],[-108.322994,36.721203],[-108.322882,36.7212],[-108.322879,36.72129],[-108.322991,36.721293]]]},"properties":{"class":"invasive_woody","min_prob":0.5}},{"type":"Feature","geometry":{"type":"Polygon","coordinates":[[[-108.307547,36.720944],[-108.30755,36.720854],[-108.307326,36.720849],[-108.307323,36.720939],[-108.307547,36.720944]]]},"properties":{"class":"invasive_woody","min_prob":0.5}},{"type":"Feature","geometry":{"type":"Polygon","coordinates":[[[-108.305421,36.720896],[-108.305424,36.720806],[-108.305312,36.720803],[-108.305309,36.720894],[-108.305421,36.720896]]]},"properties":{"class":"invasive_woody","min_prob":0.5}},{"type":"Feature","geometry":{"type":"Polygon","coordinates":[[[-108.305197,36.720891],[-108.3052,36.720801],[-108.305088,36.720798],[-108.305085,36.720888],[-108.305197,36.720891]]]},"properties":{"class":"invasive_woody","min_prob":0.5}},{"type":"Feature","geometry":{"type":"Polygon","coordinates":[[[-108.325674,36.721443],[-108.32568,36.721263],[-108.325792,36.721266],[-108.325795,36.721176],[-108.325571,36.72117],[-108.325562,36.721441],[-108.325674,36.721443]]]},"properties":{"class":"invasive_woody","min_prob":0.5}},{"type":"Feature","geometry":{"type":"Polygon","coordinates":[[[-108.32277,36.721198],[-108.322773,36.721108],[-108.322661,36.721105],[-108.322658,36.721195],[-108.32277,36.721198]]]},"properties":{"class":"invasive_woody","min_prob":0.5}},{"type":"Feature","geometry":{"type":"Polygon","coordinates":[[[-108.218242,36.718979],[-108.218245,36.718889],[-108.218133,36.718887],[-108.218136,36.718796],[-108.218248,36.718799],[-108.218255,36.718619],[-108.217583,36.718603],[-108.21758,36.718693],[-108.217468,36.718691],[-108.217465,36.718781],[-108.217689,36.718786],[-108.217685,36.718876],[-108.217797,36.718879],[-108.217794,36.718969],[-108.218242,36.718979]],[[-108.218024,36.718794],[-108.217801,36.718789],[-108.217804,36.718699],[-108.218028,36.718704],[-108.218024,36.718794]]]},"properties":{"class":"invasive_woody","min_prob":0.5}},{"type":"Feature","geometry":{"type":"Polygon","coordinates":[[[-108.208401,36.718568],[-108.208407,36.718388],[-108.208295,36.718386],[-108.208289,36.718566],[-108.208401,36.718568]]]},"properties":{"class":"invasive_woody","min_prob":0.5}},{"type":"Feature","geometry":{"type":"Polygon","coordinates":[[[-108.325907,36.721178],[-108.32591,36.721088],[-108.325798,36.721085],[-108.325795,36.721176],[-108.325907,36.721178]]]},"properties":{"class":"invasive_woody","min_prob":0.5}},{"type":"Feature","geometry":{"type":"Polygon","coordinates":[[[-108.323221,36.721118],[-108.323224,36.721028],[-108.323112,36.721025],[-108.323109,36.721115],[-108.323221,36.721118]]]},"properties":{"class":"invasive_woody","min_prob":0.5}},{"type":"Feature","geometry":{"type":"Polygon","coordinates":[[[-108.222616,36.718811],[-108.222619,36.718721],[-108.222507,36.718718],[-108.222504,36.718808],[-108.222616,36.718811]]]},"properties":{"class":"invasive_woody","min_prob":0.5}},{"type":"Feature","geometry":{"type":"Polygon","coordinates":[[[-108.309795,36.720725],[-108.309798,36.720634],[-108.309686,36.720632],[-108.309683,36.720722],[-108.309795,36.720725]]]},"properties":{"class":"invasive_woody","min_prob":0.5}},{"type":"Feature","geometry":{"type":"Polygon","coordinates":[[[-108.309123,36.720709],[-108.309126,36.720619],[-108.30879,36.720612],[-108.308787,36.720702],[-108.309123,36.720709]]]},"properties":{"class":"invasive_woody","min_prob":0.5}},{"type":"Feature","geometry":{"type":"Polygon","coordinates":[[[-108.303751,36.720588],[-108.303754,36.720498],[-108.303531,36.720493],[-108.303527,36.720583],[-108.303751,36.720588]]]},"properties":{"class":"invasive_woody","min_prob":0.5}},{"type":"Feature","geometry":{"type":"Polygon","coordinates":[[[-108.243209,36.7192],[-108.243212,36.71911],[-108.242876,36.719102],[-108.242873,36.719192],[-108.243209,36.7192]]]},"properties":{"class":"invasive_woody","min_prob":0.5}},{"type":"Feature","geometry":{"type":"Polygon","coordinates":[[[-108.195203,36.718078],[-108.195207,36.717988],[-108.195095,36.717985],[-108.195091,36.718075],[-108.195203,36.718078]]]},"properties":{"class":"invasive_woody","min_prob":0.5}},{"type":"Feature","geometry":{"type":"Polygon","coordinates":[[[-108.326022,36.72109],[-108.326025,36.721],[-108.326137,36.721003],[-108.32614,36.720913],[-108.325916,36.720908],[-108.32591,36.721088],[-108.326022,36.72109]]]},"properties":{"class":"invasive_woody","min_prob":0.5}},{"type":"Feature","geometry":{"type":"Polygon","coordinates":[[[-108.32222,36.720915],[-108.322223,36.720825],[-108.322111,36.720822],[-108.322108,36.720912],[-108.32222,36.720915]]]},"properties":{"class":"invasive_woody","min_prob":0.5}},{"type":"Feature","geometry":{"type":"Polygon","coordinates":[[[-108.308679,36.720609],[-108.308682,36.720519],[-108.30857,36.720517],[-108.308567,36.720607],[-108.308679,36.720609]]]},"properties":{"class":"invasive_woody","min_prob":0.5}},{"type":"Feature","geometry":{"type":"Polygon","coordinates":[[[-108.30409,36.720505],[-108.304093,36.720415],[-108.303981,36.720413],[-108.303978,36.720503],[-108.30409,36.720505]]]},"properties":{"class":"invasive_woody","min_prob":0.5}},{"type":"Feature","geometry":{"type":"Polygon","coordinates":[[[-108.302076,36.72046],[-108.302079,36.720369],[-108.301967,36.720367],[-108.301964,36.720457],[-108.302076,36.72046]]]},"properties":{"class":"invasive_woody","min_prob":0.5}},{"type":"Feature","geometry":{"type":"Polygon","coordinates":[[[-108.195318,36.71799],[-108.195322,36.7179],[-108.19521,36.717897],[-108.195207,36.717988],[-108.195318,36.71799]]]},"properties":{"class":"invasive_woody","min_prob":0.5}},{"type":"Feature","geometry":{"type":"Polygon","coordinates":[[[-108.322553,36.721012],[-108.322556,36.720922],[-108.322892,36.72093],[-108.322895,36.72084],[-108.322447,36.72083],[-108.32245,36.72074],[-108.322226,36.720735],[-108.322223,36.720825],[-108.322335,36.720827],[-108.322332,36.720917],[-108.322444,36.72092],[-108.322441,36.72101],[-108.322553,36.721012]]]},"properties":{"class":"invasive_woody","min_prob":0.5}},{"type":"Feature","geometry":{"type":"Polygon","coordinates":[[[-108.326252,36.720915],[-108.326255,36.720825],[-108.326143,36.720823],[-108.32614,36.720913],[-108.326252,36.720915]]]},"properties":{"class":"invasive_woody","min_prob":0.5}},{"type":"Feature","geometry":{"type":"Polygon","coordinates":[[[-108.323678,36.720857],[-108.323681,36.720767],[-108.323569,36.720765],[-108.323566,36.720855],[-108.323678,36.720857]]]},"properties":{"class":"invasive_woody","min_prob":0.5}},{"type":"Feature","geometry":{"type":"Polygon","coordinates":[[[-108.304653,36.720428],[-108.304656,36.720338],[-108.304208,36.720328],[-108.304205,36.720418],[-108.304653,36.720428]]]},"properties":{"class":"invasive_woody","min_prob":0.5}},{"type":"Feature","geometry":{"type":"Polygon","coordinates":[[[-108.302415,36.720377],[-108.302418,36.720287],[-108.302306,36.720284],[-108.302303,36.720375],[-108.302415,36.720377]]]},"properties":{"class":"invasive_woody","min_prob":0.5}},{"type":"Feature","geometry":{"type":"Polygon","coordinates":[[[-108.327486,36.720853],[-108.327489,36.720763],[-108.327266,36.720758],[-108.327262,36.720848],[-108.327486,36.720853]]]},"properties":{"class":"invasive_woody","min_prob":0.5}},{"type":"Feature","geometry":{"type":"Polygon","coordinates":[[[-108.222293,36.718443],[-108.222296,36.718353],[-108.222184,36.71835],[-108.222181,36.71844],[-108.222293,36.718443]]]},"properties":{"class":"invasive_woody","min_prob":0.5}},{"type":"Feature","geometry":{"type":"Polygon","coordinates":[[[-108.327825,36.72077],[-108.327828,36.72068],[-108.327716,36.720678],[-108.327713,36.720768],[-108.327825,36.72077]]]},"properties":{"class":"invasive_woody","min_prob":0.5}},{"type":"Feature","geometry":{"type":"Polygon","coordinates":[[[-108.199804,36.717825],[-108.199808,36.717735],[-108.199696,36.717733],[-108.199692,36.717823],[-108.199804,36.717825]]]},"properties":{"class":"invasive_woody","min_prob":0.5}},{"type":"Feature","geometry":{"type":"Polygon","coordinates":[[[-108.197231,36.717765],[-108.197234,36.717675],[-108.197122,36.717672],[-108.197119,36.717762],[-108.197231,36.717765]]]},"properties":{"class":"invasive_woody","min_prob":0.5}},{"type":"Feature","geometry":{"type":"Polygon","coordinates":[[[-108.208519,36.718391],[-108.208529,36.718121],[-108.208641,36.718123],[-108.208651,36.717853],[-108.208539,36.71785],[-108.208536,36.71794],[-108.208424,36.717938],[-108.208407,36.718388],[-108.208519,36.718391]]]},"properties":{"class":"invasive_woody","min_prob":0.5}},{"type":"Feature","geometry":{"type":"Polygon","coordinates":[[[-108.201822,36.717783],[-108.201825,36.717693],[-108.201713,36.71769],[-108.20171,36.71778],[-108.201822,36.717783]]]},"properties":{"class":"invasive_woody","min_prob":0.5}},{"type":"Feature","geometry":{"type":"Polygon","coordinates":[[[-108.329286,36.720623],[-108.329289,36.720533],[-108.329066,36.720528],[-108.329069,36.720438],[-108.328733,36.72043],[-108.32873,36.72052],[-108.328954,36.720525],[-108.328951,36.720615],[-108.329286,36.720623]]]},"properties":{"class":"invasive_woody","min_prob":0.5}},{"type":"Feature","geometry":{"type":"Polygon","coordinates":[[[-108.209325,36.717779],[-108.209329,36.717689],[-108.209217,36.717686],[-108.209214,36.717776],[-108.209325,36.717779]]]},"properties":{"class":"invasive_woody","min_prob":0.5}},{"type":"Feature","geometry":{"type":"Polygon","coordinates":[[[-108.222421,36.717995],[-108.222424,36.717905],[-108.222312,36.717902],[-108.222309,36.717992],[-108.222421,36.717995]]]},"properties":{"class":"invasive_woody","min_prob":0.5}},{"type":"Feature","geometry":{"type":"Polygon","coordinates":[[[-108.278152,36.719193],[-108.278156,36.719103],[-108.278044,36.719101],[-108.278041,36.719191],[-108.278152,36.719193]]]},"properties":{"class":"invasive_woody","min_prob":0.5}},{"type":"Feature","geometry":{"type":"Polygon","coordinates":[[[-108.222312,36.717902],[-108.222316,36.717812],[-108.222204,36.71781],[-108.2222,36.7179],[-108.222312,36.717902]]]},"properties":{"class":"invasive_woody","min_prob":0.5}},{"type":"Feature","geometry":{"type":"Polygon","coordinates":[[[-108.207877,36.717564],[-108.207881,36.717474],[-108.207769,36.717472],[-108.207765,36.717562],[-108.207877,36.717564]]]},"properties":{"class":"invasive_woody","min_prob":0.5}},{"type":"Feature","geometry":{"type":"Polygon","coordinates":[[[-108.208763,36.717856],[-108.208779,36.717405],[-108.208667,36.717403],[-108.208651,36.717853],[-108.208763,36.717856]]]},"properties":{"class":"invasive_woody","min_prob":0.5}},{"type":"Feature","geometry":{"type":"Polygon","coordinates":[[[-108.27782,36.719095],[-108.277823,36.719005],[-108.277711,36.719003],[-108.277708,36.719093],[-108.27782,36.719095]]]},"properties":{"class":"invasive_woody","min_prob":0.5}},{"type":"Feature","geometry":{"type":"Polygon","coordinates":[[[-108.207769,36.717472],[-108.207772,36.717382],[-108.207548,36.717376],[-108.207545,36.717466],[-108.207769,36.717472]]]},"properties":{"class":"invasive_woody","min_prob":0.5}},{"type":"Feature","geometry":{"type":"Polygon","coordinates":[[[-108.209335,36.717508],[-108.209342,36.717328],[-108.20923,36.717326],[-108.209223,36.717506],[-108.209335,36.717508]]]},"properties":{"class":"invasive_woody","min_prob":0.5}},{"type":"Feature","geometry":{"type":"Polygon","coordinates":[[[-108.222319,36.717722],[-108.222325,36.717542],[-108.222213,36.717539],[-108.222207,36.71772],[-108.222319,36.717722]]]},"properties":{"class":"invasive_woody","min_prob":0.5}},{"type":"Feature","geometry":{"type":"Polygon","coordinates":[[[-108.209677,36.717336],[-108.209681,36.717246],[-108.209569,36.717243],[-108.209566,36.717333],[-108.209677,36.717336]]]},"properties":{"class":"invasive_woody","min_prob":0.5}},{"type":"Feature","geometry":{"type":"Polygon","coordinates":[[[-108.217405,36.717337],[-108.217408,36.717247],[-108.217296,36.717244],[-108.217293,36.717334],[-108.217405,36.717337]]]},"properties":{"class":"invasive_woody","min_prob":0.5}},{"type":"Feature","geometry":{"type":"Polygon","coordinates":[[[-108.208891,36.717408],[-108.208907,36.716957],[-108.208795,36.716955],[-108.208779,36.717405],[-108.208891,36.717408]]]},"properties":{"class":"invasive_woody","min_prob":0.5}},{"type":"Feature","geometry":{"type":"Polygon","coordinates":[[[-108.277948,36.718648],[-108.277951,36.718557],[-108.277839,36.718555],[-108.277836,36.718645],[-108.277948,36.718648]]]},"properties":{"class":"invasive_woody","min_prob":0.5}},{"type":"Feature","geometry":{"type":"Polygon","coordinates":[[[-108.21808,36.717262],[-108.218083,36.717172],[-108.217971,36.71717],[-108.217968,36.71726],[-108.21808,36.717262]]]},"properties":{"class":"invasive_woody","min_prob":0.5}},{"type":"Feature","geometry":{"type":"Polygon","coordinates":[[[-108.211701,36.717113],[-108.211705,36.717023],[-108.211593,36.71702],[-108.211589,36.71711],[-108.211701,36.717113]]]},"properties":{"class":"invasive_woody","min_prob":0.5}},{"type":"Feature","geometry":{"type":"Polygon","coordinates":[[[-108.218307,36.717178],[-108.21831,36.717087],[-108.218198,36.717085],[-108.218195,36.717175],[-108.218307,36.717178]]]},"properties":{"class":"invasive_woody","min_prob":0.5}},{"type":"Feature","geometry":{"type":"Polygon","coordinates":[[[-108.217523,36.717159],[-108.217527,36.717069],[-108.217079,36.717059],[-108.217076,36.717149],[-108.217523,36.717159]]]},"properties":{"class":"invasive_woody","min_prob":0.5}},{"type":"Feature","geometry":{"type":"Polygon","coordinates":[[[-108.219988,36.717127],[-108.219992,36.717037],[-108.21988,36.717034],[-108.219876,36.717124],[-108.219988,36.717127]]]},"properties":{"class":"invasive_woody","min_prob":0.5}},{"type":"Feature","geometry":{"type":"Polygon","coordinates":[[[-108.218981,36.717103],[-108.218985,36.717013],[-108.218873,36.71701],[-108.218869,36.717101],[-108.218981,36.717103]]]},"properties":{"class":"invasive_woody","min_prob":0.5}},{"type":"Feature","geometry":{"type":"Polygon","coordinates":[[[-108.218086,36.717082],[-108.218089,36.716992],[-108.217866,36.716987],[-108.217862,36.717077],[-108.218086,36.717082]]]},"properties":{"class":"invasive_woody","min_prob":0.5}},{"type":"Feature","geometry":{"type":"Polygon","coordinates":[[[-108.223224,36.717473],[-108.22324,36.717022],[-108.223128,36.71702],[-108.223112,36.71747],[-108.223224,36.717473]]]},"properties":{"class":"invasive_woody","min_prob":0.5}},{"type":"Feature","geometry":{"type":"Polygon","coordinates":[[[-108.310852,36.719306],[-108.310855,36.719216],[-108.310743,36.719213],[-108.31075,36.719033],[-108.310526,36.719028],[-108.310523,36.719118],[-108.310635,36.719121],[-108.310631,36.719211],[-108.310519,36.719208],[-108.310516,36.719298],[-108.310852,36.719306]]]},"properties":{"class":"invasive_woody","min_prob":0.5}},{"type":"Feature","geometry":{"type":"Polygon","coordinates":[[[-108.258486,36.71793],[-108.258492,36.71775],[-108.25838,36.717747],[-108.258374,36.717928],[-108.258486,36.71793]]]},"properties":{"class":"invasive_woody","min_prob":0.5}},{"type":"Feature","geometry":{"type":"Polygon","coordinates":[[[-108.222556,36.717367],[-108.222575,36.716827],[-108.222463,36.716824],[-108.22245,36.717184],[-108.222338,36.717182],[-108.222335,36.717272],[-108.222447,36.717274],[-108.222444,36.717364],[-108.222556,36.717367]]]},"properties":{"class":"invasive_woody","min_prob":0.5}},{"type":"Feature","geometry":{"type":"Polygon","coordinates":[[[-108.218201,36.716995],[-108.218211,36.716725],[-108.218099,36.716722],[-108.218089,36.716992],[-108.218201,36.716995]]]},"properties":{"class":"invasive_woody","min_prob":0.5}},{"type":"Feature","geometry":{"type":"Polygon","coordinates":[[[-108.223128,36.71702],[-108.223138,36.716749],[-108.223026,36.716747],[-108.223016,36.717017],[-108.223128,36.71702]]]},"properties":{"class":"invasive_woody","min_prob":0.5}},{"type":"Feature","geometry":{"type":"Polygon","coordinates":[[[-108.313781,36.718831],[-108.313784,36.718741],[-108.313672,36.718738],[-108.313669,36.718829],[-108.313781,36.718831]]]},"properties":{"class":"invasive_woody","min_prob":0.5}},{"type":"Feature","geometry":{"type":"Polygon","coordinates":[[[-108.219883,36.716944],[-108.219886,36.716854],[-108.22011,36.716859],[-108.22012,36.716589],[-108.219784,36.716581],[-108.219787,36.716491],[-108.219675,36.716488],[-108.219672,36.716578],[-108.21956,36.716576],[-108.219557,36.716666],[-108.219109,36.716655],[-108.219106,36.716745],[-108.218994,36.716743],[-108.218991,36.716833],[-108.219439,36.716843],[-108.219435,36.716933],[-108.219883,36.716944]]]},"properties":{"class":"invasive_woody","min_prob":0.5}},{"type":"Feature","geometry":{"type":"Polygon","coordinates":[[[-108.222463,36.716824],[-108.222473,36.716554],[-108.222361,36.716551],[-108.222351,36.716821],[-108.222463,36.716824]]]},"properties":{"class":"invasive_woody","min_prob":0.5}},{"type":"Feature","geometry":{"type":"Polygon","coordinates":[[[-108.194384,36.715985],[-108.194387,36.715894],[-108.194275,36.715892],[-108.194272,36.715982],[-108.194384,36.715985]]]},"properties":{"class":"invasive_woody","min_prob":0.5}},{"type":"Feature","geometry":{"type":"Polygon","coordinates":[[[-108.223253,36.716662],[-108.223259,36.716482],[-108.223148,36.716479],[-108.223141,36.716659],[-108.223253,36.716662]]]},"properties":{"class":"invasive_woody","min_prob":0.5}},{"type":"Feature","geometry":{"type":"Polygon","coordinates":[[[-108.210497,36.716364],[-108.210503,36.716183],[-108.210391,36.716181],[-108.210388,36.716271],[-108.210276,36.716268],[-108.210273,36.716358],[-108.210497,36.716364]]]},"properties":{"class":"invasive_woody","min_prob":0.5}},{"type":"Feature","geometry":{"type":"Polygon","coordinates":[[[-108.208482,36.716316],[-108.208489,36.716136],[-108.208377,36.716133],[-108.208371,36.716314],[-108.208482,36.716316]]]},"properties":{"class":"invasive_woody","min_prob":0.5}},{"type":"Feature","geometry":{"type":"Polygon","coordinates":[[[-108.210836,36.716281],[-108.210839,36.716191],[-108.210615,36.716186],[-108.210612,36.716276],[-108.210836,36.716281]]]},"properties":{"class":"invasive_woody","min_prob":0.5}},{"type":"Feature","geometry":{"type":"Polygon","coordinates":[[[-108.208262,36.716221],[-108.208265,36.716131],[-108.208153,36.716128],[-108.20815,36.716218],[-108.208262,36.716221]]]},"properties":{"class":"invasive_woody","min_prob":0.5}},{"type":"Feature","geometry":{"type":"Polygon","coordinates":[[[-108.211063,36.716196],[-108.211066,36.716106],[-108.210842,36.716101],[-108.210839,36.716191],[-108.211063,36.716196]]]},"properties":{"class":"invasive_woody","min_prob":0.5}},{"type":"Feature","geometry":{"type":"Polygon","coordinates":[[[-108.208377,36.716133],[-108.20838,36.716043],[-108.208268,36.716041],[-108.208265,36.716131],[-108.208377,36.716133]]]},"properties":{"class":"invasive_woody","min_prob":0.5}},{"type":"Feature","geometry":{"type":"Polygon","coordinates":[[[-108.218106,36.716542],[-108.218112,36.716362],[-108.218,36.716359],[-108.218003,36.716269],[-108.21778,36.716264],[-108.217783,36.716174],[-108.217671,36.716171],[-108.217665,36.716351],[-108.217888,36.716356],[-108.217882,36.716536],[-108.218106,36.716542]]]},"properties":{"class":"invasive_woody","min_prob":0.5}},{"type":"Feature","geometry":{"type":"Polygon","coordinates":[[[-108.218451,36.716279],[-108.218454,36.716189],[-108.218342,36.716187],[-108.218339,36.716277],[-108.218451,36.716279]]]},"properties":{"class":"invasive_woody","min_prob":0.5}},{"type":"Feature","geometry":{"type":"Polygon","coordinates":[[[-108.222371,36.716281],[-108.222374,36.716191],[-108.222262,36.716188],[-108.222259,36.716278],[-108.222371,36.716281]]]},"properties":{"class":"invasive_woody","min_prob":0.5}},{"type":"Feature","geometry":{"type":"Polygon","coordinates":[[[-108.208495,36.715956],[-108.208499,36.715866],[-108.208387,36.715863],[-108.208384,36.715953],[-108.208495,36.715956]]]},"properties":{"class":"invasive_woody","min_prob":0.5}},{"type":"Feature","geometry":{"type":"Polygon","coordinates":[[[-108.223032,36.716567],[-108.223049,36.716116],[-108.222937,36.716114],[-108.22292,36.716564],[-108.223032,36.716567]]]},"properties":{"class":"invasive_woody","min_prob":0.5}},{"type":"Feature","geometry":{"type":"Polygon","coordinates":[[[-108.219353,36.71612],[-108.219356,36.71603],[-108.218685,36.716014],[-108.218681,36.716104],[-108.219353,36.71612]]]},"properties":{"class":"invasive_woody","min_prob":0.5}},{"type":"Feature","geometry":{"type":"Polygon","coordinates":[[[-108.194288,36.715531],[-108.194295,36.715351],[-108.194183,36.715349],[-108.194179,36.715439],[-108.194068,36.715436],[-108.194064,36.715526],[-108.194288,36.715531]]]},"properties":{"class":"invasive_woody","min_prob":0.5}},{"type":"Feature","geometry":{"type":"Polygon","coordinates":[[[-108.207719,36.715757],[-108.207722,36.715667],[-108.20761,36.715665],[-108.207607,36.715755],[-108.207719,36.715757]]]},"properties":{"class":"invasive_woody","min_prob":0.5}},{"type":"Feature","geometry":{"type":"Polygon","coordinates":[[[-108.201117,36.715602],[-108.20112,36.715512],[-108.200673,36.715502],[-108.200669,36.715592],[-108.201117,36.715602]]]},"properties":{"class":"invasive_woody","min_prob":0.5}},{"type":"Feature","geometry":{"type":"Polygon","coordinates":[[[-108.200557,36.715589],[-108.200561,36.715499],[-108.200225,36.715491],[-108.200222,36.715581],[-108.200557,36.715589]]]},"properties":{"class":"invasive_woody","min_prob":0.5}},{"type":"Feature","geometry":{"type":"Polygon","coordinates":[[[-108.224618,36.716063],[-108.224622,36.715973],[-108.22451,36.71597],[-108.224507,36.71606],[-108.224618,36.716063]]]},"properties":{"class":"invasive_woody","min_prob":0.5}},{"type":"Feature","geometry":{"type":"Polygon","coordinates":[[[-108.210737,36.715918],[-108.21074,36.715828],[-108.211076,36.715836],[-108.211079,36.715746],[-108.212422,36.715778],[-108.212425,36.715687],[-108.21097,36.715653],[-108.210967,36.715743],[-108.210407,36.71573],[-108.210404,36.71582],[-108.21018,36.715815],[-108.210177,36.715905],[-108.210513,36.715913],[-108.210516,36.715823],[-108.210628,36.715826],[-108.210625,36.715916],[-108.210737,36.715918]]]},"properties":{"class":"invasive_woody","min_prob":0.5}},{"type":"Feature","geometry":{"type":"Polygon","coordinates":[[[-108.202463,36.715544],[-108.202466,36.715454],[-108.202354,36.715451],[-108.202351,36.715541],[-108.202463,36.715544]]]},"properties":{"class":"invasive_woody","min_prob":0.5}},{"type":"Feature","geometry":{"type":"Polygon","coordinates":[[[-108.200113,36.715488],[-108.200116,36.715398],[-108.200004,36.715396],[-108.200001,36.715486],[-108.200113,36.715488]]]},"properties":{"class":"invasive_woody","min_prob":0.5}},{"type":"Feature","geometry":{"type":"Polygon","coordinates":[[[-108.323977,36.7187],[-108.323983,36.71852],[-108.324095,36.718523],[-108.324098,36.718432],[-108.32421,36.718435],[-108.324207,36.718525],[-108.324543,36.718533],[-108.324555,36.718172],[-108.324443,36.71817],[-108.324437,36.71835],[-108.324325,36.718347],[-108.324328,36.718257],[-108.324105,36.718252],[-108.324101,36.718342],[-108.32399,36.71834],[-108.323986,36.71843],[-108.323874,36.718427],[-108.323868,36.718608],[-108.323756,36.718605],[-108.323753,36.718695],[-108.323977,36.7187]]]},"properties":{"class":"invasive_woody","min_prob":0.5}},{"type":"Feature","geometry":{"type":"Polygon","coordinates":[[[-108.243645,36.716415],[-108.243648,36.716325],[-108.243536,36.716322],[-108.243533,36.716412],[-108.243645,36.716415]]]},"properties":{"class":"invasive_woody","min_prob":0.5}},{"type":"Feature","geometry":{"type":"Polygon","coordinates":[[[-108.224734,36.715975],[-108.224737,36.715885],[-108.224625,36.715883],[-108.224622,36.715973],[-108.224734,36.715975]]]},"properties":{"class":"invasive_woody","min_prob":0.5}},{"type":"Feature","geometry":{"type":"Polygon","coordinates":[[[-108.212872,36.715698],[-108.212876,36.715608],[-108.2131,36.715613],[-108.213103,36.715523],[-108.212767,36.715515],[-108.212764,36.715605],[-108.212652,36.715603],[-108.212649,36.715693],[-108.212872,36.715698]]]},"properties":{"class":"invasive_woody","min_prob":0.5}},{"type":"Feature","geometry":{"type":"Polygon","coordinates":[[[-108.209631,36.715532],[-108.209634,36.715442],[-108.209522,36.715439],[-108.209519,36.715529],[-108.209631,36.715532]]]},"properties":{"class":"invasive_woody","min_prob":0.5}},{"type":"Feature","geometry":{"type":"Polygon","coordinates":[[[-108.322989,36.718137],[-108.322995,36.717957],[-108.322883,36.717954],[-108.32288,36.718044],[-108.322768,36.718042],[-108.322765,36.718132],[-108.322989,36.718137]]]},"properties":{"class":"invasive_woody","min_prob":0.5}},{"type":"Feature","geometry":{"type":"Polygon","coordinates":[[[-108.217467,36.715625],[-108.21747,36.715535],[-108.217358,36.715532],[-108.217355,36.715623],[-108.217467,36.715625]]]},"properties":{"class":"invasive_woody","min_prob":0.5}},{"type":"Feature","geometry":{"type":"Polygon","coordinates":[[[-108.213215,36.715526],[-108.213218,36.715436],[-108.213106,36.715433],[-108.213103,36.715523],[-108.213215,36.715526]]]},"properties":{"class":"invasive_woody","min_prob":0.5}},{"type":"Feature","geometry":{"type":"Polygon","coordinates":[[[-108.207844,36.7154],[-108.207847,36.71531],[-108.207735,36.715307],[-108.207732,36.715397],[-108.207844,36.7154]]]},"properties":{"class":"invasive_woody","min_prob":0.5}},{"type":"Feature","geometry":{"type":"Polygon","coordinates":[[[-108.209618,36.715892],[-108.209621,36.715802],[-108.209957,36.71581],[-108.209963,36.71563],[-108.210075,36.715632],[-108.210078,36.715542],[-108.209966,36.71554],[-108.20997,36.71545],[-108.209858,36.715447],[-108.209864,36.715267],[-108.209752,36.715264],[-108.209749,36.715354],[-108.209637,36.715352],[-108.209634,36.715442],[-108.209746,36.715444],[-108.209736,36.715715],[-108.209624,36.715712],[-108.209627,36.715622],[-108.209516,36.715619],[-108.209519,36.715529],[-108.209183,36.715521],[-108.20918,36.715611],[-108.209292,36.715614],[-108.209289,36.715704],[-108.209177,36.715701],[-108.209173,36.715792],[-108.20895,36.715786],[-108.208946,36.715876],[-108.209618,36.715892]]]},"properties":{"class":"invasive_woody","min_prob":0.5}},{"type":"Feature","geometry":{"type":"Polygon","coordinates":[[[-108.324667,36.718175],[-108.324677,36.717904],[-108.324565,36.717902],[-108.324555,36.718172],[-108.324667,36.718175]]]},"properties":{"class":"invasive_woody","min_prob":0.5}},{"type":"Feature","geometry":{"type":"Polygon","coordinates":[[[-108.206837,36.715376],[-108.206843,36.715196],[-108.206619,36.715191],[-108.206616,36.715281],[-108.206504,36.715278],[-108.206501,36.715368],[-108.206837,36.715376]]]},"properties":{"class":"invasive_woody","min_prob":0.5}},{"type":"Feature","geometry":{"type":"Polygon","coordinates":[[[-108.322771,36.717952],[-108.322774,36.717862],[-108.322662,36.717859],[-108.322659,36.717949],[-108.322771,36.717952]]]},"properties":{"class":"invasive_woody","min_prob":0.5}},{"type":"Feature","geometry":{"type":"Polygon","coordinates":[[[-108.217918,36.715546],[-108.217921,36.715455],[-108.217809,36.715453],[-108.217806,36.715543],[-108.217918,36.715546]]]},"properties":{"class":"invasive_woody","min_prob":0.5}},{"type":"Feature","geometry":{"type":"Polygon","coordinates":[[[-108.216575,36.715514],[-108.216578,36.715424],[-108.216354,36.715419],[-108.216351,36.715509],[-108.216575,36.715514]]]},"properties":{"class":"invasive_woody","min_prob":0.5}},{"type":"Feature","geometry":{"type":"Polygon","coordinates":[[[-108.21333,36.715438],[-108.213333,36.715348],[-108.213221,36.715345],[-108.213218,36.715436],[-108.21333,36.715438]]]},"properties":{"class":"invasive_woody","min_prob":0.5}},{"type":"Feature","geometry":{"type":"Polygon","coordinates":[[[-108.19877,36.715457],[-108.198774,36.715367],[-108.198662,36.715364],[-108.198668,36.715184],[-108.198556,36.715181],[-108.198566,36.714911],[-108.198454,36.714908],[-108.198441,36.715269],[-108.198553,36.715271],[-108.198547,36.715452],[-108.19877,36.715457]]]},"properties":{"class":"invasive_woody","min_prob":0.5}},{"type":"Feature","geometry":{"type":"Polygon","coordinates":[[[-108.223058,36.715846],[-108.223071,36.715486],[-108.222959,36.715483],[-108.222946,36.715843],[-108.223058,36.715846]]]},"properties":{"class":"invasive_woody","min_prob":0.5}},{"type":"Feature","geometry":{"type":"Polygon","coordinates":[[[-108.224852,36.715798],[-108.224862,36.715527],[-108.22475,36.715525],[-108.22474,36.715795],[-108.224852,36.715798]]]},"properties":{"class":"invasive_woody","min_prob":0.5}},{"type":"Feature","geometry":{"type":"Polygon","coordinates":[[[-108.322777,36.717772],[-108.32278,36.717681],[-108.322668,36.717679],[-108.322665,36.717769],[-108.322777,36.717772]]]},"properties":{"class":"invasive_woody","min_prob":0.5}},{"type":"Feature","geometry":{"type":"Polygon","coordinates":[[[-108.323337,36.717784],[-108.323343,36.717604],[-108.323007,36.717596],[-108.323004,36.717687],[-108.322892,36.717684],[-108.322889,36.717774],[-108.323337,36.717784]]]},"properties":{"class":"invasive_woody","min_prob":0.5}},{"type":"Feature","geometry":{"type":"Polygon","coordinates":[[[-108.218148,36.715371],[-108.218154,36.71519],[-108.217931,36.715185],[-108.217927,36.715275],[-108.218039,36.715278],[-108.218036,36.715368],[-108.218148,36.715371]]]},"properties":{"class":"invasive_woody","min_prob":0.5}},{"type":"Feature","geometry":{"type":"Polygon","coordinates":[[[-108.198454,36.714908],[-108.198461,36.714728],[-108.198349,36.714726],[-108.198342,36.714906],[-108.198454,36.714908]]]},"properties":{"class":"invasive_woody","min_prob":0.5}},{"type":"Feature","geometry":{"type":"Polygon","coordinates":[[[-108.323899,36.717707],[-108.323903,36.717617],[-108.323791,36.717614],[-108.323788,36.717704],[-108.323899,36.717707]]]},"properties":{"class":"invasive_woody","min_prob":0.5}},{"type":"Feature","geometry":{"type":"Polygon","coordinates":[[[-108.222963,36.715393],[-108.222966,36.715303],[-108.222854,36.7153],[-108.222851,36.71539],[-108.222963,36.715393]]]},"properties":{"class":"invasive_woody","min_prob":0.5}},{"type":"Feature","geometry":{"type":"Polygon","coordinates":[[[-108.220165,36.715328],[-108.220169,36.715238],[-108.220057,36.715235],[-108.220053,36.715325],[-108.220165,36.715328]]]},"properties":{"class":"invasive_woody","min_prob":0.5}},{"type":"Feature","geometry":{"type":"Polygon","coordinates":[[[-108.215558,36.715761],[-108.215561,36.715671],[-108.215785,36.715676],[-108.215788,36.715586],[-108.2159,36.715589],[-108.215907,36.715408],[-108.216354,36.715419],[-108.216364,36.715149],[-108.21614,36.715143],[-108.216143,36.715053],[-108.21592,36.715048],[-108.215916,36.715138],[-108.216028,36.715141],[-108.216025,36.715231],[-108.215913,36.715228],[-108.21591,36.715318],[-108.215798,36.715316],[-108.215795,36.715406],[-108.215683,36.715403],[-108.21568,36.715493],[-108.215232,36.715483],[-108.215226,36.715663],[-108.215337,36.715666],[-108.215334,36.715756],[-108.215558,36.715761]]]},"properties":{"class":"invasive_woody","min_prob":0.5}},{"type":"Feature","geometry":{"type":"Polygon","coordinates":[[[-108.212224,36.715052],[-108.212227,36.714962],[-108.212115,36.714959],[-108.212112,36.715049],[-108.212224,36.715052]]]},"properties":{"class":"invasive_woody","min_prob":0.5}},{"type":"Feature","geometry":{"type":"Polygon","coordinates":[[[-108.218158,36.7151],[-108.218161,36.71501],[-108.217937,36.715005],[-108.217934,36.715095],[-108.218158,36.7151]]]},"properties":{"class":"invasive_woody","min_prob":0.5}},{"type":"Feature","geometry":{"type":"Polygon","coordinates":[[[-108.216255,36.715056],[-108.216259,36.714966],[-108.216147,36.714963],[-108.216143,36.715053],[-108.216255,36.715056]]]},"properties":{"class":"invasive_woody","min_prob":0.5}},{"type":"Feature","geometry":{"type":"Polygon","coordinates":[[[-108.206066,36.714997],[-108.206073,36.714817],[-108.206297,36.714822],[-108.2063,36.714732],[-108.205964,36.714724],[-108.205955,36.714995],[-108.206066,36.714997]]]},"properties":{"class":"invasive_woody","min_prob":0.5}},{"type":"Feature","geometry":{"type":"Polygon","coordinates":[[[-108.199889,36.715483],[-108.199896,36.715303],[-108.199784,36.7153],[-108.199797,36.71494],[-108.199685,36.714937],[-108.199692,36.714757],[-108.19958,36.714755],[-108.199583,36.714665],[-108.199471,36.714662],[-108.199474,36.714572],[-108.199027,36.714561],[-108.19903,36.714471],[-108.198694,36.714463],[-108.198691,36.714553],[-108.198579,36.714551],[-108.198569,36.714821],[-108.198793,36.714826],[-108.19879,36.714916],[-108.199014,36.714922],[-108.199004,36.715192],[-108.199228,36.715197],[-108.199241,36.714837],[-108.199353,36.714839],[-108.199349,36.714929],[-108.199461,36.714932],[-108.199458,36.715022],[-108.19957,36.715025],[-108.199563,36.715205],[-108.199675,36.715208],[-108.199666,36.715478],[-108.199889,36.715483]]]},"properties":{"class":"invasive_woody","min_prob":0.5}},{"type":"Feature","geometry":{"type":"Polygon","coordinates":[[[-108.221853,36.715097],[-108.221857,36.715006],[-108.221633,36.715001],[-108.22163,36.715091],[-108.221853,36.715097]]]},"properties":{"class":"invasive_woody","min_prob":0.5}},{"type":"Feature","geometry":{"type":"Polygon","coordinates":[[[-108.220511,36.715065],[-108.220514,36.714975],[-108.220402,36.714973],[-108.220399,36.715063],[-108.220511,36.715065]]]},"properties":{"class":"invasive_woody","min_prob":0.5}},{"type":"Feature","geometry":{"type":"Polygon","coordinates":[[[-108.216147,36.714963],[-108.21615,36.714873],[-108.216038,36.71487],[-108.216035,36.714961],[-108.216147,36.714963]]]},"properties":{"class":"invasive_woody","min_prob":0.5}},{"type":"Feature","geometry":{"type":"Polygon","coordinates":[[[-108.202713,36.714828],[-108.202726,36.714468],[-108.202614,36.714465],[-108.202601,36.714826],[-108.202713,36.714828]]]},"properties":{"class":"invasive_woody","min_prob":0.5}},{"type":"Feature","geometry":{"type":"Polygon","coordinates":[[[-108.204401,36.714598],[-108.204404,36.714507],[-108.204292,36.714505],[-108.204289,36.714595],[-108.204401,36.714598]]]},"properties":{"class":"invasive_woody","min_prob":0.5}},{"type":"Feature","geometry":{"type":"Polygon","coordinates":[[[-108.222976,36.715033],[-108.222979,36.714943],[-108.222867,36.71494],[-108.22287,36.71485],[-108.222758,36.714847],[-108.222752,36.715027],[-108.222976,36.715033]]]},"properties":{"class":"invasive_woody","min_prob":0.5}},{"type":"Feature","geometry":{"type":"Polygon","coordinates":[[[-108.31362,36.717024],[-108.313623,36.716934],[-108.313511,36.716932],[-108.313508,36.717022],[-108.31362,36.717024]]]},"properties":{"class":"invasive_woody","min_prob":0.5}},{"type":"Feature","geometry":{"type":"Polygon","coordinates":[[[-108.210559,36.714652],[-108.210562,36.714562],[-108.21045,36.714559],[-108.210447,36.714649],[-108.210559,36.714652]]]},"properties":{"class":"invasive_woody","min_prob":0.5}},{"type":"Feature","geometry":{"type":"Polygon","coordinates":[[[-108.202838,36.714471],[-108.202841,36.714381],[-108.202729,36.714378],[-108.202726,36.714468],[-108.202838,36.714471]]]},"properties":{"class":"invasive_woody","min_prob":0.5}},{"type":"Feature","geometry":{"type":"Polygon","coordinates":[[[-108.214814,36.714661],[-108.214817,36.714571],[-108.214705,36.714569],[-108.214702,36.714659],[-108.214814,36.714661]]]},"properties":{"class":"invasive_woody","min_prob":0.5}},{"type":"Feature","geometry":{"type":"Polygon","coordinates":[[[-108.204184,36.714412],[-108.204187,36.714322],[-108.204075,36.714319],[-108.204072,36.714409],[-108.204184,36.714412]]]},"properties":{"class":"invasive_woody","min_prob":0.5}},{"type":"Feature","geometry":{"type":"Polygon","coordinates":[[[-108.198589,36.71428],[-108.198592,36.71419],[-108.198481,36.714188],[-108.198477,36.714278],[-108.198589,36.71428]]]},"properties":{"class":"invasive_woody","min_prob":0.5}},{"type":"Feature","geometry":{"type":"Polygon","coordinates":[[[-108.212803,36.714524],[-108.212809,36.714344],[-108.212698,36.714341],[-108.212691,36.714522],[-108.212803,36.714524]]]},"properties":{"class":"invasive_woody","min_prob":0.5}},{"type":"Feature","geometry":{"type":"Polygon","coordinates":[[[-108.208775,36.71443],[-108.208781,36.71425],[-108.208669,36.714247],[-108.208663,36.714427],[-108.208775,36.71443]]]},"properties":{"class":"invasive_woody","min_prob":0.5}},{"type":"Feature","geometry":{"type":"Polygon","coordinates":[[[-108.204075,36.714319],[-108.204082,36.714139],[-108.20397,36.714137],[-108.203963,36.714317],[-108.204075,36.714319]]]},"properties":{"class":"invasive_woody","min_prob":0.5}},{"type":"Feature","geometry":{"type":"Polygon","coordinates":[[[-108.219961,36.714782],[-108.219967,36.714602],[-108.219856,36.714599],[-108.219859,36.714509],[-108.219747,36.714506],[-108.21975,36.714416],[-108.219638,36.714414],[-108.219635,36.714504],[-108.219411,36.714499],[-108.219408,36.714589],[-108.219744,36.714596],[-108.219737,36.714777],[-108.219961,36.714782]]]},"properties":{"class":"invasive_woody","min_prob":0.5}},{"type":"Feature","geometry":{"type":"Polygon","coordinates":[[[-108.217841,36.714552],[-108.217845,36.714462],[-108.217957,36.714465],[-108.21796,36.714374],[-108.217736,36.714369],[-108.21773,36.714549],[-108.217841,36.714552]]]},"properties":{"class":"invasive_woody","min_prob":0.5}},{"type":"Feature","geometry":{"type":"Polygon","coordinates":[[[-108.217509,36.714454],[-108.217512,36.714364],[-108.2174,36.714361],[-108.217397,36.714451],[-108.217509,36.714454]]]},"properties":{"class":"invasive_woody","min_prob":0.5}},{"type":"Feature","geometry":{"type":"Polygon","coordinates":[[[-108.20084,36.713973],[-108.200843,36.713883],[-108.200731,36.71388],[-108.200735,36.71379],[-108.200511,36.713785],[-108.200508,36.713875],[-108.200284,36.71387],[-108.200281,36.71396],[-108.20084,36.713973]]]},"properties":{"class":"invasive_woody","min_prob":0.5}},{"type":"Feature","geometry":{"type":"Polygon","coordinates":[[[-108.209459,36.714085],[-108.209462,36.713995],[-108.20935,36.713992],[-108.209347,36.714083],[-108.209459,36.714085]]]},"properties":{"class":"invasive_woody","min_prob":0.5}},{"type":"Feature","geometry":{"type":"Polygon","coordinates":[[[-108.201179,36.713891],[-108.201182,36.713801],[-108.200847,36.713793],[-108.200843,36.713883],[-108.201179,36.713891]]]},"properties":{"class":"invasive_woody","min_prob":0.5}},{"type":"Feature","geometry":{"type":"Polygon","coordinates":[[[-108.200284,36.71387],[-108.200287,36.713779],[-108.200175,36.713777],[-108.200172,36.713867],[-108.200284,36.71387]]]},"properties":{"class":"invasive_woody","min_prob":0.5}},{"type":"Feature","geometry":{"type":"Polygon","coordinates":[[[-108.215505,36.714137],[-108.215508,36.714047],[-108.215396,36.714044],[-108.215393,36.714134],[-108.215505,36.714137]]]},"properties":{"class":"invasive_woody","min_prob":0.5}},{"type":"Feature","geometry":{"type":"Polygon","coordinates":[[[-108.208791,36.713979],[-108.208794,36.713889],[-108.208682,36.713887],[-108.208679,36.713977],[-108.208791,36.713979]]]},"properties":{"class":"invasive_woody","min_prob":0.5}},{"type":"Feature","geometry":{"type":"Polygon","coordinates":[[[-108.201294,36.713803],[-108.201297,36.713713],[-108.201186,36.71371],[-108.201182,36.713801],[-108.201294,36.713803]]]},"properties":{"class":"invasive_woody","min_prob":0.5}},{"type":"Feature","geometry":{"type":"Polygon","coordinates":[[[-108.222436,36.714479],[-108.222445,36.714209],[-108.222333,36.714206],[-108.222337,36.714116],[-108.222113,36.714111],[-108.22211,36.714201],[-108.222222,36.714204],[-108.222218,36.714294],[-108.22233,36.714296],[-108.222324,36.714476],[-108.222436,36.714479]]]},"properties":{"class":"invasive_woody","min_prob":0.5}},{"type":"Feature","geometry":{"type":"Polygon","coordinates":[[[-108.220991,36.714175],[-108.220994,36.714085],[-108.22077,36.714079],[-108.220767,36.71417],[-108.220991,36.714175]]]},"properties":{"class":"invasive_woody","min_prob":0.5}},{"type":"Feature","geometry":{"type":"Polygon","coordinates":[[[-108.215955,36.714057],[-108.215959,36.713967],[-108.215847,36.713964],[-108.215844,36.714054],[-108.215955,36.714057]]]},"properties":{"class":"invasive_woody","min_prob":0.5}},{"type":"Feature","geometry":{"type":"Polygon","coordinates":[[[-108.210019,36.714098],[-108.210022,36.714008],[-108.210134,36.714011],[-108.210137,36.713921],[-108.210025,36.713918],[-108.210032,36.713738],[-108.20992,36.713735],[-108.209916,36.713825],[-108.209805,36.713823],[-108.209795,36.714093],[-108.210019,36.714098]]]},"properties":{"class":"invasive_woody","min_prob":0.5}},{"type":"Feature","geometry":{"type":"Polygon","coordinates":[[[-108.200175,36.713777],[-108.200185,36.713507],[-108.200073,36.713504],[-108.200063,36.713774],[-108.200175,36.713777]]]},"properties":{"class":"invasive_woody","min_prob":0.5}},{"type":"Feature","geometry":{"type":"Polygon","coordinates":[[[-108.239904,36.714525],[-108.239908,36.714435],[-108.239796,36.714432],[-108.239793,36.714522],[-108.239904,36.714525]]]},"properties":{"class":"invasive_woody","min_prob":0.5}},{"type":"Feature","geometry":{"type":"Polygon","coordinates":[[[-108.221662,36.71419],[-108.221665,36.7141],[-108.222113,36.714111],[-108.222116,36.714021],[-108.221445,36.714005],[-108.221442,36.714095],[-108.22133,36.714093],[-108.221326,36.714183],[-108.221662,36.71419]]]},"properties":{"class":"invasive_woody","min_prob":0.5}},{"type":"Feature","geometry":{"type":"Polygon","coordinates":[[[-108.204434,36.713697],[-108.20444,36.713516],[-108.204328,36.713514],[-108.204322,36.713694],[-108.204434,36.713697]]]},"properties":{"class":"invasive_woody","min_prob":0.5}},{"type":"Feature","geometry":{"type":"Polygon","coordinates":[[[-108.202755,36.713657],[-108.202762,36.713477],[-108.20265,36.713474],[-108.202643,36.713655],[-108.202755,36.713657]]]},"properties":{"class":"invasive_woody","min_prob":0.5}},{"type":"Feature","geometry":{"type":"Polygon","coordinates":[[[-108.201409,36.713716],[-108.201413,36.713626],[-108.201636,36.713631],[-108.20164,36.713541],[-108.201863,36.713546],[-108.201867,36.713456],[-108.201419,36.713445],[-108.201422,36.713355],[-108.201311,36.713353],[-108.201297,36.713713],[-108.201409,36.713716]]]},"properties":{"class":"invasive_woody","min_prob":0.5}},{"type":"Feature","geometry":{"type":"Polygon","coordinates":[[[-108.239911,36.714345],[-108.239914,36.714255],[-108.239802,36.714252],[-108.239799,36.714342],[-108.239911,36.714345]]]},"properties":{"class":"invasive_woody","min_prob":0.5}},{"type":"Feature","geometry":{"type":"Polygon","coordinates":[[[-108.202653,36.713384],[-108.202657,36.713294],[-108.202321,36.713286],[-108.202318,36.713376],[-108.202653,36.713384]]]},"properties":{"class":"invasive_woody","min_prob":0.5}},{"type":"Feature","geometry":{"type":"Polygon","coordinates":[[[-108.210035,36.713648],[-108.210048,36.713288],[-108.209936,36.713285],[-108.209923,36.713645],[-108.210035,36.713648]]]},"properties":{"class":"invasive_woody","min_prob":0.5}},{"type":"Feature","geometry":{"type":"Polygon","coordinates":[[[-108.222646,36.714845],[-108.22265,36.714755],[-108.222762,36.714757],[-108.222768,36.714577],[-108.222656,36.714574],[-108.222672,36.714124],[-108.222784,36.714127],[-108.222794,36.713856],[-108.222682,36.713854],[-108.222685,36.713764],[-108.222797,36.713766],[-108.222801,36.713676],[-108.222689,36.713673],[-108.222692,36.713583],[-108.22258,36.713581],[-108.222535,36.714842],[-108.222646,36.714845]]]},"properties":{"class":"invasive_woody","min_prob":0.5}},{"type":"Feature","geometry":{"type":"Polygon","coordinates":[[[-108.208817,36.713259],[-108.208824,36.713078],[-108.208712,36.713076],[-108.208705,36.713256],[-108.208817,36.713259]]]},"properties":{"class":"invasive_woody","min_prob":0.5}},{"type":"Feature","geometry":{"type":"Polygon","coordinates":[[[-108.222583,36.713491],[-108.222586,36.713401],[-108.222475,36.713398],[-108.222471,36.713488],[-108.222583,36.713491]]]},"properties":{"class":"invasive_woody","min_prob":0.5}},{"type":"Feature","geometry":{"type":"Polygon","coordinates":[[[-108.222475,36.713398],[-108.222478,36.713308],[-108.222366,36.713305],[-108.222363,36.713395],[-108.222475,36.713398]]]},"properties":{"class":"invasive_woody","min_prob":0.5}},{"type":"Feature","geometry":{"type":"Polygon","coordinates":[[[-108.220908,36.713361],[-108.220911,36.713271],[-108.220799,36.713269],[-108.220796,36.713359],[-108.220908,36.713361]]]},"properties":{"class":"invasive_woody","min_prob":0.5}},{"type":"Feature","geometry":{"type":"Polygon","coordinates":[[[-108.219457,36.713237],[-108.21946,36.713147],[-108.219236,36.713142],[-108.219233,36.713232],[-108.219457,36.713237]]]},"properties":{"class":"invasive_woody","min_prob":0.5}},{"type":"Feature","geometry":{"type":"Polygon","coordinates":[[[-108.219121,36.713229],[-108.219124,36.713139],[-108.218789,36.713132],[-108.218785,36.713222],[-108.219121,36.713229]]]},"properties":{"class":"invasive_woody","min_prob":0.5}},{"type":"Feature","geometry":{"type":"Polygon","coordinates":[[[-108.220803,36.713179],[-108.220806,36.713089],[-108.220694,36.713086],[-108.220691,36.713176],[-108.220803,36.713179]]]},"properties":{"class":"invasive_woody","min_prob":0.5}},{"type":"Feature","geometry":{"type":"Polygon","coordinates":[[[-108.21062,36.71294],[-108.210624,36.71285],[-108.210512,36.712848],[-108.210509,36.712938],[-108.21062,36.71294]]]},"properties":{"class":"invasive_woody","min_prob":0.5}},{"type":"Feature","geometry":{"type":"Polygon","coordinates":[[[-108.220694,36.713086],[-108.220697,36.712996],[-108.220473,36.712991],[-108.22047,36.713081],[-108.220694,36.713086]]]},"properties":{"class":"invasive_woody","min_prob":0.5}},{"type":"Feature","geometry":{"type":"Polygon","coordinates":[[[-108.210736,36.712853],[-108.210739,36.712763],[-108.210627,36.71276],[-108.210624,36.71285],[-108.210736,36.712853]]]},"properties":{"class":"invasive_woody","min_prob":0.5}},{"type":"Feature","geometry":{"type":"Polygon","coordinates":[[[-108.220473,36.712991],[-108.220477,36.712901],[-108.220365,36.712898],[-108.220362,36.712988],[-108.220473,36.712991]]]},"properties":{"class":"invasive_woody","min_prob":0.5}},{"type":"Feature","geometry":{"type":"Polygon","coordinates":[[[-108.210851,36.712765],[-108.210854,36.712675],[-108.210742,36.712673],[-108.210739,36.712763],[-108.210851,36.712765]]]},"properties":{"class":"invasive_woody","min_prob":0.5}},{"type":"Feature","geometry":{"type":"Polygon","coordinates":[[[-108.202459,36.712568],[-108.202462,36.712478],[-108.20235,36.712476],[-108.202347,36.712566],[-108.202459,36.712568]]]},"properties":{"class":"invasive_woody","min_prob":0.5}},{"type":"Feature","geometry":{"type":"Polygon","coordinates":[[[-108.209626,36.712556],[-108.20963,36.712466],[-108.209518,36.712464],[-108.209515,36.712554],[-108.209626,36.712556]]]},"properties":{"class":"invasive_woody","min_prob":0.5}},{"type":"Feature","geometry":{"type":"Polygon","coordinates":[[[-108.201235,36.712359],[-108.201238,36.712269],[-108.201126,36.712266],[-108.201123,36.712357],[-108.201235,36.712359]]]},"properties":{"class":"invasive_woody","min_prob":0.5}},{"type":"Feature","geometry":{"type":"Polygon","coordinates":[[[-108.294783,36.714433],[-108.294786,36.714343],[-108.294339,36.714333],[-108.294336,36.714423],[-108.294783,36.714433]]]},"properties":{"class":"invasive_woody","min_prob":0.5}},{"type":"Feature","geometry":{"type":"Polygon","coordinates":[[[-108.295119,36.714441],[-108.295125,36.714261],[-108.294901,36.714256],[-108.294898,36.714346],[-108.29501,36.714348],[-108.295007,36.714438],[-108.295119,36.714441]]]},"properties":{"class":"invasive_woody","min_prob":0.5}},{"type":"Feature","geometry":{"type":"Polygon","coordinates":[[[-108.308774,36.714661],[-108.308777,36.71457],[-108.308665,36.714568],[-108.308662,36.714658],[-108.308774,36.714661]]]},"properties":{"class":"invasive_woody","min_prob":0.5}},{"type":"Feature","geometry":{"type":"Polygon","coordinates":[[[-108.310005,36.714688],[-108.310011,36.714508],[-108.309004,36.714485],[-108.309001,36.714575],[-108.309896,36.714596],[-108.309893,36.714686],[-108.310005,36.714688]]]},"properties":{"class":"invasive_woody","min_prob":0.5}},{"type":"Feature","geometry":{"type":"Polygon","coordinates":[[[-108.198895,36.712034],[-108.198898,36.711944],[-108.198786,36.711941],[-108.198783,36.712031],[-108.198895,36.712034]]]},"properties":{"class":"invasive_woody","min_prob":0.5}},{"type":"Feature","geometry":{"type":"Polygon","coordinates":[[[-108.319411,36.71472],[-108.319415,36.71463],[-108.319303,36.714628],[-108.3193,36.714718],[-108.319411,36.71472]]]},"properties":{"class":"invasive_woody","min_prob":0.5}},{"type":"Feature","geometry":{"type":"Polygon","coordinates":[[[-108.294233,36.71415],[-108.29424,36.71397],[-108.294128,36.713968],[-108.294121,36.714148],[-108.294233,36.71415]]]},"properties":{"class":"invasive_woody","min_prob":0.5}},{"type":"Feature","geometry":{"type":"Polygon","coordinates":[[[-108.311246,36.714446],[-108.311249,36.714356],[-108.311137,36.714353],[-108.311134,36.714443],[-108.311246,36.714446]]]},"properties":{"class":"invasive_woody","min_prob":0.5}},{"type":"Feature","geometry":{"type":"Polygon","coordinates":[[[-108.209978,36.712114],[-108.209982,36.712024],[-108.20987,36.712021],[-108.209867,36.712111],[-108.209978,36.712114]]]},"properties":{"class":"invasive_woody","min_prob":0.5}},{"type":"Feature","geometry":{"type":"Polygon","coordinates":[[[-108.325796,36.714684],[-108.325799,36.714594],[-108.325688,36.714591],[-108.325684,36.714681],[-108.325796,36.714684]]]},"properties":{"class":"invasive_woody","min_prob":0.5}},{"type":"Feature","geometry":{"type":"Polygon","coordinates":[[[-108.311361,36.714358],[-108.311364,36.714268],[-108.311252,36.714266],[-108.311249,36.714356],[-108.311361,36.714358]]]},"properties":{"class":"invasive_woody","min_prob":0.5}},{"type":"Feature","geometry":{"type":"Polygon","coordinates":[[[-108.298156,36.714059],[-108.298159,36.713969],[-108.298047,36.713967],[-108.298044,36.714057],[-108.298156,36.714059]]]},"properties":{"class":"invasive_woody","min_prob":0.5}},{"type":"Feature","geometry":{"type":"Polygon","coordinates":[[[-108.326471,36.714609],[-108.326474,36.714519],[-108.326362,36.714516],[-108.326359,36.714606],[-108.326471,36.714609]]]},"properties":{"class":"invasive_woody","min_prob":0.5}},{"type":"Feature","geometry":{"type":"Polygon","coordinates":[[[-108.219384,36.712154],[-108.219387,36.712064],[-108.219163,36.712058],[-108.21916,36.712148],[-108.219384,36.712154]]]},"properties":{"class":"invasive_woody","min_prob":0.5}},{"type":"Feature","geometry":{"type":"Polygon","coordinates":[[[-108.317854,36.714415],[-108.31786,36.714235],[-108.317749,36.714232],[-108.317742,36.714412],[-108.317854,36.714415]]]},"properties":{"class":"invasive_woody","min_prob":0.5}},{"type":"Feature","geometry":{"type":"Polygon","coordinates":[[[-108.320095,36.714375],[-108.320099,36.714285],[-108.319987,36.714283],[-108.319983,36.714373],[-108.320095,36.714375]]]},"properties":{"class":"invasive_woody","min_prob":0.5}},{"type":"Feature","geometry":{"type":"Polygon","coordinates":[[[-108.31976,36.714368],[-108.319763,36.714277],[-108.319539,36.714272],[-108.319536,36.714363],[-108.31976,36.714368]]]},"properties":{"class":"invasive_woody","min_prob":0.5}},{"type":"Feature","geometry":{"type":"Polygon","coordinates":[[[-108.316626,36.714297],[-108.316629,36.714207],[-108.316518,36.714204],[-108.316514,36.714294],[-108.316626,36.714297]]]},"properties":{"class":"invasive_woody","min_prob":0.5}},{"type":"Feature","geometry":{"type":"Polygon","coordinates":[[[-108.301855,36.713963],[-108.301858,36.713873],[-108.301746,36.71387],[-108.301743,36.71396],[-108.301855,36.713963]]]},"properties":{"class":"invasive_woody","min_prob":0.5}},{"type":"Feature","geometry":{"type":"Polygon","coordinates":[[[-108.29447,36.713795],[-108.294473,36.713705],[-108.294361,36.713702],[-108.294358,36.713792],[-108.29447,36.713795]]]},"properties":{"class":"invasive_woody","min_prob":0.5}},{"type":"Feature","geometry":{"type":"Polygon","coordinates":[[[-108.219947,36.712077],[-108.21995,36.711987],[-108.219838,36.711984],[-108.219835,36.712074],[-108.219947,36.712077]]]},"properties":{"class":"invasive_woody","min_prob":0.5}},{"type":"Feature","geometry":{"type":"Polygon","coordinates":[[[-108.219163,36.712058],[-108.219167,36.711968],[-108.219055,36.711966],[-108.219051,36.712056],[-108.219163,36.712058]]]},"properties":{"class":"invasive_woody","min_prob":0.5}},{"type":"Feature","geometry":{"type":"Polygon","coordinates":[[[-108.208198,36.711802],[-108.208201,36.711711],[-108.207977,36.711706],[-108.207974,36.711796],[-108.208198,36.711802]]]},"properties":{"class":"invasive_woody","min_prob":0.5}},{"type":"Feature","geometry":{"type":"Polygon","coordinates":[[[-108.325694,36.714411],[-108.325697,36.714321],[-108.325585,36.714318],[-108.325582,36.714408],[-108.325694,36.714411]]]},"properties":{"class":"invasive_woody","min_prob":0.5}},{"type":"Feature","geometry":{"type":"Polygon","coordinates":[[[-108.319091,36.714262],[-108.319095,36.714172],[-108.318759,36.714165],[-108.318756,36.714255],[-108.319091,36.714262]]]},"properties":{"class":"invasive_woody","min_prob":0.5}},{"type":"Feature","geometry":{"type":"Polygon","coordinates":[[[-108.293018,36.713672],[-108.293021,36.713582],[-108.292909,36.713579],[-108.292906,36.713669],[-108.293018,36.713672]]]},"properties":{"class":"invasive_woody","min_prob":0.5}},{"type":"Feature","geometry":{"type":"Polygon","coordinates":[[[-108.219055,36.711966],[-108.219058,36.711876],[-108.218946,36.711873],[-108.218943,36.711963],[-108.219055,36.711966]]]},"properties":{"class":"invasive_woody","min_prob":0.5}},{"type":"Feature","geometry":{"type":"Polygon","coordinates":[[[-108.198691,36.711488],[-108.198694,36.711398],[-108.198582,36.711395],[-108.198579,36.711485],[-108.198691,36.711488]]]},"properties":{"class":"invasive_woody","min_prob":0.5}},{"type":"Feature","geometry":{"type":"Polygon","coordinates":[[[-108.328379,36.714471],[-108.328386,36.714291],[-108.328274,36.714289],[-108.328268,36.714469],[-108.328379,36.714471]]]},"properties":{"class":"invasive_woody","min_prob":0.5}},{"type":"Feature","geometry":{"type":"Polygon","coordinates":[[[-108.317189,36.714219],[-108.317192,36.714129],[-108.316968,36.714124],[-108.316971,36.714034],[-108.31686,36.714032],[-108.316853,36.714212],[-108.317189,36.714219]]]},"properties":{"class":"invasive_woody","min_prob":0.5}},{"type":"Feature","geometry":{"type":"Polygon","coordinates":[[[-108.322564,36.71425],[-108.322567,36.71416],[-108.322455,36.714158],[-108.322452,36.714248],[-108.322564,36.71425]]]},"properties":{"class":"invasive_woody","min_prob":0.5}},{"type":"Feature","geometry":{"type":"Polygon","coordinates":[[[-108.316409,36.714112],[-108.316412,36.714022],[-108.316188,36.714017],[-108.316185,36.714107],[-108.316409,36.714112]]]},"properties":{"class":"invasive_woody","min_prob":0.5}},{"type":"Feature","geometry":{"type":"Polygon","coordinates":[[[-108.316073,36.714104],[-108.316076,36.714014],[-108.315964,36.714011],[-108.315961,36.714102],[-108.316073,36.714104]]]},"properties":{"class":"invasive_woody","min_prob":0.5}},{"type":"Feature","geometry":{"type":"Polygon","coordinates":[[[-108.315737,36.714097],[-108.315741,36.714006],[-108.315629,36.714004],[-108.315625,36.714094],[-108.315737,36.714097]]]},"properties":{"class":"invasive_woody","min_prob":0.5}},{"type":"Feature","geometry":{"type":"Polygon","coordinates":[[[-108.313499,36.714046],[-108.313502,36.713956],[-108.313391,36.713953],[-108.313387,36.714043],[-108.313499,36.714046]]]},"properties":{"class":"invasive_woody","min_prob":0.5}},{"type":"Feature","geometry":{"type":"Polygon","coordinates":[[[-108.298169,36.713699],[-108.298172,36.713609],[-108.29806,36.713606],[-108.298057,36.713696],[-108.298169,36.713699]]]},"properties":{"class":"invasive_woody","min_prob":0.5}},{"type":"Feature","geometry":{"type":"Polygon","coordinates":[[[-108.218834,36.71187],[-108.218837,36.71178],[-108.218725,36.711778],[-108.218722,36.711868],[-108.218834,36.71187]]]},"properties":{"class":"invasive_woody","min_prob":0.5}},{"type":"Feature","geometry":{"type":"Polygon","coordinates":[[[-108.326141,36.714421],[-108.326145,36.714331],[-108.326368,36.714336],[-108.326371,36.714246],[-108.32626,36.714243],[-108.326263,36.714153],[-108.326151,36.714151],[-108.326148,36.714241],[-108.325924,36.714236],[-108.325918,36.714416],[-108.326141,36.714421]]]},"properties":{"class":"invasive_woody","min_prob":0.5}},{"type":"Feature","geometry":{"type":"Polygon","coordinates":[[[-108.323235,36.714265],[-108.323241,36.714085],[-108.323129,36.714083],[-108.323123,36.714263],[-108.323235,36.714265]]]},"properties":{"class":"invasive_woody","min_prob":0.5}},{"type":"Feature","geometry":{"type":"Polygon","coordinates":[[[-108.318759,36.714165],[-108.318765,36.713984],[-108.318653,36.713982],[-108.318647,36.714162],[-108.318759,36.714165]]]},"properties":{"class":"invasive_woody","min_prob":0.5}},{"type":"Feature","geometry":{"type":"Polygon","coordinates":[[[-108.317416,36.714134],[-108.317422,36.713954],[-108.31731,36.713952],[-108.317304,36.714132],[-108.317416,36.714134]]]},"properties":{"class":"invasive_woody","min_prob":0.5}},{"type":"Feature","geometry":{"type":"Polygon","coordinates":[[[-108.195673,36.711327],[-108.195679,36.711146],[-108.195568,36.711144],[-108.195561,36.711324],[-108.195673,36.711327]]]},"properties":{"class":"invasive_woody","min_prob":0.5}},{"type":"Feature","geometry":{"type":"Polygon","coordinates":[[[-108.326819,36.714256],[-108.326822,36.714166],[-108.326598,36.714161],[-108.326595,36.714251],[-108.326819,36.714256]]]},"properties":{"class":"invasive_woody","min_prob":0.5}},{"type":"Feature","geometry":{"type":"Polygon","coordinates":[[[-108.325812,36.714233],[-108.325815,36.714143],[-108.325703,36.714141],[-108.3257,36.714231],[-108.325812,36.714233]]]},"properties":{"class":"invasive_woody","min_prob":0.5}},{"type":"Feature","geometry":{"type":"Polygon","coordinates":[[[-108.309586,36.713867],[-108.309589,36.713777],[-108.309477,36.713775],[-108.309474,36.713865],[-108.309586,36.713867]]]},"properties":{"class":"invasive_woody","min_prob":0.5}},{"type":"Feature","geometry":{"type":"Polygon","coordinates":[[[-108.308016,36.713922],[-108.308026,36.713652],[-108.307914,36.713649],[-108.307904,36.71392],[-108.308016,36.713922]]]},"properties":{"class":"invasive_woody","min_prob":0.5}},{"type":"Feature","geometry":{"type":"Polygon","coordinates":[[[-108.318877,36.713987],[-108.31888,36.713897],[-108.318768,36.713894],[-108.318765,36.713984],[-108.318877,36.713987]]]},"properties":{"class":"invasive_woody","min_prob":0.5}},{"type":"Feature","geometry":{"type":"Polygon","coordinates":[[[-108.313618,36.713868],[-108.313621,36.713778],[-108.313509,36.713776],[-108.313506,36.713866],[-108.313618,36.713868]]]},"properties":{"class":"invasive_woody","min_prob":0.5}},{"type":"Feature","geometry":{"type":"Polygon","coordinates":[[[-108.307687,36.713734],[-108.30769,36.713644],[-108.307578,36.713642],[-108.307575,36.713732],[-108.307687,36.713734]]]},"properties":{"class":"invasive_woody","min_prob":0.5}},{"type":"Feature","geometry":{"type":"Polygon","coordinates":[[[-108.322346,36.714065],[-108.322352,36.713885],[-108.322128,36.71388],[-108.322125,36.71397],[-108.322013,36.713968],[-108.32201,36.714058],[-108.322346,36.714065]]]},"properties":{"class":"invasive_woody","min_prob":0.5}},{"type":"Feature","geometry":{"type":"Polygon","coordinates":[[[-108.317646,36.713959],[-108.317652,36.713779],[-108.317428,36.713774],[-108.317425,36.713864],[-108.317537,36.713867],[-108.317534,36.713957],[-108.317646,36.713959]]]},"properties":{"class":"invasive_woody","min_prob":0.5}},{"type":"Feature","geometry":{"type":"Polygon","coordinates":[[[-108.196012,36.711244],[-108.196015,36.711154],[-108.196127,36.711157],[-108.196134,36.710977],[-108.196022,36.710974],[-108.196018,36.711064],[-108.195906,36.711062],[-108.1959,36.711242],[-108.196012,36.711244]]]},"properties":{"class":"invasive_woody","min_prob":0.5}},{"type":"Feature","geometry":{"type":"Polygon","coordinates":[[[-108.319552,36.713912],[-108.319555,36.713822],[-108.319443,36.713819],[-108.31944,36.71391],[-108.319552,36.713912]]]},"properties":{"class":"invasive_woody","min_prob":0.5}},{"type":"Feature","geometry":{"type":"Polygon","coordinates":[[[-108.208774,36.711364],[-108.208777,36.711274],[-108.208665,36.711272],[-108.208662,36.711362],[-108.208774,36.711364]]]},"properties":{"class":"invasive_woody","min_prob":0.5}},{"type":"Feature","geometry":{"type":"Polygon","coordinates":[[[-108.323017,36.71408],[-108.323024,36.7139],[-108.322912,36.713898],[-108.322915,36.713807],[-108.322803,36.713805],[-108.322797,36.713985],[-108.322909,36.713988],[-108.322906,36.714078],[-108.323017,36.71408]]]},"properties":{"class":"invasive_woody","min_prob":0.5}},{"type":"Feature","geometry":{"type":"Polygon","coordinates":[[[-108.315744,36.713916],[-108.315753,36.713646],[-108.315641,36.713644],[-108.315632,36.713914],[-108.315744,36.713916]]]},"properties":{"class":"invasive_woody","min_prob":0.5}},{"type":"Feature","geometry":{"type":"Polygon","coordinates":[[[-108.319216,36.713904],[-108.319219,36.713814],[-108.319107,36.713812],[-108.31911,36.713722],[-108.318998,36.713719],[-108.318992,36.713899],[-108.319216,36.713904]]]},"properties":{"class":"invasive_woody","min_prob":0.5}},{"type":"Feature","geometry":{"type":"Polygon","coordinates":[[[-108.327388,36.713998],[-108.327391,36.713908],[-108.327279,36.713906],[-108.327276,36.713996],[-108.327388,36.713998]]]},"properties":{"class":"invasive_woody","min_prob":0.5}},{"type":"Feature","geometry":{"type":"Polygon","coordinates":[[[-108.326045,36.713968],[-108.326048,36.713878],[-108.325936,36.713875],[-108.325933,36.713966],[-108.326045,36.713968]]]},"properties":{"class":"invasive_woody","min_prob":0.5}},{"type":"Feature","geometry":{"type":"Polygon","coordinates":[[[-108.316533,36.713754],[-108.316536,36.713664],[-108.316425,36.713661],[-108.316421,36.713751],[-108.316533,36.713754]]]},"properties":{"class":"invasive_woody","min_prob":0.5}},{"type":"Feature","geometry":{"type":"Polygon","coordinates":[[[-108.313624,36.713688],[-108.313627,36.713598],[-108.313515,36.713596],[-108.313512,36.713686],[-108.313624,36.713688]]]},"properties":{"class":"invasive_woody","min_prob":0.5}},{"type":"Feature","geometry":{"type":"Polygon","coordinates":[[[-108.306238,36.713521],[-108.306241,36.713431],[-108.306129,36.713429],[-108.306126,36.713519],[-108.306238,36.713521]]]},"properties":{"class":"invasive_woody","min_prob":0.5}},{"type":"Feature","geometry":{"type":"Polygon","coordinates":[[[-108.209113,36.711282],[-108.209116,36.711192],[-108.209004,36.711189],[-108.209001,36.711279],[-108.209113,36.711282]]]},"properties":{"class":"invasive_woody","min_prob":0.5}},{"type":"Feature","geometry":{"type":"Polygon","coordinates":[[[-108.196245,36.710979],[-108.196249,36.710889],[-108.196137,36.710887],[-108.196134,36.710977],[-108.196245,36.710979]]]},"properties":{"class":"invasive_woody","min_prob":0.5}},{"type":"Feature","geometry":{"type":"Polygon","coordinates":[[[-108.326272,36.713883],[-108.326275,36.713793],[-108.326051,36.713788],[-108.326048,36.713878],[-108.326272,36.713883]]]},"properties":{"class":"invasive_woody","min_prob":0.5}},{"type":"Feature","geometry":{"type":"Polygon","coordinates":[[[-108.325936,36.713875],[-108.325939,36.713785],[-108.325828,36.713783],[-108.325824,36.713873],[-108.325936,36.713875]]]},"properties":{"class":"invasive_woody","min_prob":0.5}},{"type":"Feature","geometry":{"type":"Polygon","coordinates":[[[-108.31967,36.713734],[-108.319673,36.713644],[-108.319561,36.713642],[-108.319558,36.713732],[-108.31967,36.713734]]]},"properties":{"class":"invasive_woody","min_prob":0.5}},{"type":"Feature","geometry":{"type":"Polygon","coordinates":[[[-108.318551,36.713709],[-108.318554,36.713619],[-108.318442,36.713617],[-108.318439,36.713707],[-108.318551,36.713709]]]},"properties":{"class":"invasive_woody","min_prob":0.5}},{"type":"Feature","geometry":{"type":"Polygon","coordinates":[[[-108.21885,36.71142],[-108.218854,36.71133],[-108.218742,36.711327],[-108.218738,36.711417],[-108.21885,36.71142]]]},"properties":{"class":"invasive_woody","min_prob":0.5}},{"type":"Feature","geometry":{"type":"Polygon","coordinates":[[[-108.208221,36.711171],[-108.208224,36.711081],[-108.208112,36.711078],[-108.208109,36.711168],[-108.208221,36.711171]]]},"properties":{"class":"invasive_woody","min_prob":0.5}},{"type":"Feature","geometry":{"type":"Polygon","coordinates":[[[-108.196025,36.710884],[-108.196028,36.710794],[-108.195916,36.710791],[-108.195913,36.710881],[-108.196025,36.710884]]]},"properties":{"class":"invasive_woody","min_prob":0.5}},{"type":"Feature","geometry":{"type":"Polygon","coordinates":[[[-108.307805,36.713557],[-108.307808,36.713467],[-108.307696,36.713464],[-108.307699,36.713374],[-108.307587,36.713371],[-108.30759,36.713281],[-108.307479,36.713279],[-108.307472,36.713459],[-108.30736,36.713456],[-108.307357,36.713546],[-108.307805,36.713557]]]},"properties":{"class":"invasive_woody","min_prob":0.5}},{"type":"Feature","geometry":{"type":"Polygon","coordinates":[[[-108.315967,36.713921],[-108.315971,36.713831],[-108.316083,36.713834],[-108.316089,36.713654],[-108.316313,36.713659],[-108.316316,36.713569],[-108.316204,36.713566],[-108.316207,36.713476],[-108.316095,36.713473],[-108.316092,36.713564],[-108.31598,36.713561],[-108.315974,36.713741],[-108.315862,36.713739],[-108.315856,36.713919],[-108.315967,36.713921]]]},"properties":{"class":"invasive_woody","min_prob":0.5}},{"type":"Feature","geometry":{"type":"Polygon","coordinates":[[[-108.325156,36.713768],[-108.325159,36.713678],[-108.325047,36.713675],[-108.325044,36.713765],[-108.325156,36.713768]]]},"properties":{"class":"invasive_woody","min_prob":0.5}},{"type":"Feature","geometry":{"type":"Polygon","coordinates":[[[-108.318442,36.713617],[-108.318445,36.713526],[-108.318333,36.713524],[-108.31833,36.713614],[-108.318442,36.713617]]]},"properties":{"class":"invasive_woody","min_prob":0.5}},{"type":"Feature","geometry":{"type":"Polygon","coordinates":[[[-108.317659,36.713599],[-108.317662,36.713509],[-108.317438,36.713504],[-108.317435,36.713594],[-108.317659,36.713599]]]},"properties":{"class":"invasive_woody","min_prob":0.5}},{"type":"Feature","geometry":{"type":"Polygon","coordinates":[[[-108.21863,36.711325],[-108.218633,36.711235],[-108.218521,36.711232],[-108.218518,36.711322],[-108.21863,36.711325]]]},"properties":{"class":"invasive_woody","min_prob":0.5}},{"type":"Feature","geometry":{"type":"Polygon","coordinates":[[[-108.316319,36.713479],[-108.316322,36.713388],[-108.31621,36.713386],[-108.316207,36.713476],[-108.316319,36.713479]]]},"properties":{"class":"invasive_woody","min_prob":0.5}},{"type":"Feature","geometry":{"type":"Polygon","coordinates":[[[-108.315759,36.713466],[-108.315762,36.713376],[-108.315651,36.713373],[-108.315647,36.713463],[-108.315759,36.713466]]]},"properties":{"class":"invasive_woody","min_prob":0.5}},{"type":"Feature","geometry":{"type":"Polygon","coordinates":[[[-108.31229,36.713388],[-108.312294,36.713297],[-108.312182,36.713295],[-108.312178,36.713385],[-108.31229,36.713388]]]},"properties":{"class":"invasive_woody","min_prob":0.5}},{"type":"Feature","geometry":{"type":"Polygon","coordinates":[[[-108.218521,36.711232],[-108.218524,36.711142],[-108.218413,36.711139],[-108.218409,36.711229],[-108.218521,36.711232]]]},"properties":{"class":"invasive_woody","min_prob":0.5}},{"type":"Feature","geometry":{"type":"Polygon","coordinates":[[[-108.20856,36.711089],[-108.208563,36.710999],[-108.208675,36.711001],[-108.208678,36.710911],[-108.208454,36.710906],[-108.208448,36.711086],[-108.20856,36.711089]]]},"properties":{"class":"invasive_woody","min_prob":0.5}},{"type":"Feature","geometry":{"type":"Polygon","coordinates":[[[-108.318998,36.713719],[-108.319011,36.713359],[-108.318899,36.713356],[-108.318886,36.713717],[-108.318998,36.713719]]]},"properties":{"class":"invasive_woody","min_prob":0.5}},{"type":"Feature","geometry":{"type":"Polygon","coordinates":[[[-108.317214,36.713499],[-108.31722,36.713319],[-108.317108,36.713316],[-108.317102,36.713496],[-108.317214,36.713499]]]},"properties":{"class":"invasive_woody","min_prob":0.5}},{"type":"Feature","geometry":{"type":"Polygon","coordinates":[[[-108.325274,36.71359],[-108.325277,36.7135],[-108.325165,36.713497],[-108.325162,36.713588],[-108.325274,36.71359]]]},"properties":{"class":"invasive_woody","min_prob":0.5}},{"type":"Feature","geometry":{"type":"Polygon","coordinates":[[[-108.311174,36.713272],[-108.311178,36.713182],[-108.311066,36.71318],[-108.311063,36.71327],[-108.311174,36.713272]]]},"properties":{"class":"invasive_woody","min_prob":0.5}},{"type":"Feature","geometry":{"type":"Polygon","coordinates":[[[-108.218413,36.711139],[-108.218416,36.711049],[-108.21808,36.711041],[-108.218077,36.711131],[-108.218413,36.711139]]]},"properties":{"class":"invasive_woody","min_prob":0.5}},{"type":"Feature","geometry":{"type":"Polygon","coordinates":[[[-108.208007,36.710895],[-108.20801,36.710805],[-108.207898,36.710803],[-108.207895,36.710893],[-108.208007,36.710895]]]},"properties":{"class":"invasive_woody","min_prob":0.5}},{"type":"Feature","geometry":{"type":"Polygon","coordinates":[[[-108.327739,36.713555],[-108.327742,36.713465],[-108.32763,36.713463],[-108.327627,36.713553],[-108.327739,36.713555]]]},"properties":{"class":"invasive_woody","min_prob":0.5}},{"type":"Feature","geometry":{"type":"Polygon","coordinates":[[[-108.316549,36.713303],[-108.316552,36.713213],[-108.31644,36.713211],[-108.316437,36.713301],[-108.316549,36.713303]]]},"properties":{"class":"invasive_woody","min_prob":0.5}},{"type":"Feature","geometry":{"type":"Polygon","coordinates":[[[-108.311513,36.71319],[-108.311516,36.7131],[-108.311405,36.713097],[-108.311401,36.713187],[-108.311513,36.71319]]]},"properties":{"class":"invasive_woody","min_prob":0.5}},{"type":"Feature","geometry":{"type":"Polygon","coordinates":[[[-108.21808,36.711041],[-108.218083,36.710951],[-108.217971,36.710949],[-108.217968,36.711039],[-108.21808,36.711041]]]},"properties":{"class":"invasive_woody","min_prob":0.5}},{"type":"Feature","geometry":{"type":"Polygon","coordinates":[[[-108.216514,36.711005],[-108.216517,36.710915],[-108.216405,36.710912],[-108.216402,36.711002],[-108.216514,36.711005]]]},"properties":{"class":"invasive_woody","min_prob":0.5}},{"type":"Feature","geometry":{"type":"Polygon","coordinates":[[[-108.310951,36.713267],[-108.31096,36.712997],[-108.310848,36.712994],[-108.310839,36.713265],[-108.310951,36.713267]]]},"properties":{"class":"invasive_woody","min_prob":0.5}},{"type":"Feature","geometry":{"type":"Polygon","coordinates":[[[-108.327854,36.713468],[-108.327857,36.713378],[-108.327746,36.713375],[-108.327742,36.713465],[-108.327854,36.713468]]]},"properties":{"class":"invasive_woody","min_prob":0.5}},{"type":"Feature","geometry":{"type":"Polygon","coordinates":[[[-108.32584,36.713422],[-108.325843,36.713332],[-108.325731,36.71333],[-108.325728,36.71342],[-108.32584,36.713422]]]},"properties":{"class":"invasive_woody","min_prob":0.5}},{"type":"Feature","geometry":{"type":"Polygon","coordinates":[[[-108.318902,36.713266],[-108.318905,36.713176],[-108.318793,36.713174],[-108.31879,36.713264],[-108.318902,36.713266]]]},"properties":{"class":"invasive_woody","min_prob":0.5}},{"type":"Feature","geometry":{"type":"Polygon","coordinates":[[[-108.216181,36.710907],[-108.216188,36.710727],[-108.215852,36.710719],[-108.215849,36.710809],[-108.216073,36.710814],[-108.216069,36.710904],[-108.216181,36.710907]]]},"properties":{"class":"invasive_woody","min_prob":0.5}},{"type":"Feature","geometry":{"type":"Polygon","coordinates":[[[-108.325396,36.713322],[-108.325399,36.713232],[-108.325287,36.71323],[-108.325284,36.71332],[-108.325396,36.713322]]]},"properties":{"class":"invasive_woody","min_prob":0.5}},{"type":"Feature","geometry":{"type":"Polygon","coordinates":[[[-108.315772,36.713106],[-108.315775,36.713015],[-108.315663,36.713013],[-108.31566,36.713103],[-108.315772,36.713106]]]},"properties":{"class":"invasive_woody","min_prob":0.5}},{"type":"Feature","geometry":{"type":"Polygon","coordinates":[[[-108.325511,36.713235],[-108.325514,36.713145],[-108.325402,36.713142],[-108.325399,36.713232],[-108.325511,36.713235]]]},"properties":{"class":"invasive_woody","min_prob":0.5}},{"type":"Feature","geometry":{"type":"Polygon","coordinates":[[[-108.321594,36.713147],[-108.321597,36.713056],[-108.321485,36.713054],[-108.321482,36.713144],[-108.321594,36.713147]]]},"properties":{"class":"invasive_woody","min_prob":0.5}},{"type":"Feature","geometry":{"type":"Polygon","coordinates":[[[-108.215852,36.710719],[-108.215855,36.710629],[-108.215743,36.710626],[-108.21574,36.710716],[-108.215852,36.710719]]]},"properties":{"class":"invasive_woody","min_prob":0.5}},{"type":"Feature","geometry":{"type":"Polygon","coordinates":[[[-108.31902,36.713089],[-108.319026,36.712908],[-108.318915,36.712906],[-108.318908,36.713086],[-108.31902,36.713089]]]},"properties":{"class":"invasive_woody","min_prob":0.5}},{"type":"Feature","geometry":{"type":"Polygon","coordinates":[[[-108.312981,36.712862],[-108.312984,36.712772],[-108.312872,36.71277],[-108.312869,36.71286],[-108.312981,36.712862]]]},"properties":{"class":"invasive_woody","min_prob":0.5}},{"type":"Feature","geometry":{"type":"Polygon","coordinates":[[[-108.312085,36.712842],[-108.312089,36.712752],[-108.311977,36.712749],[-108.311974,36.712839],[-108.312085,36.712842]]]},"properties":{"class":"invasive_woody","min_prob":0.5}},{"type":"Feature","geometry":{"type":"Polygon","coordinates":[[[-108.315222,36.712823],[-108.315225,36.712733],[-108.315113,36.71273],[-108.31511,36.71282],[-108.315222,36.712823]]]},"properties":{"class":"invasive_woody","min_prob":0.5}},{"type":"Feature","geometry":{"type":"Polygon","coordinates":[[[-108.217201,36.71057],[-108.217204,36.71048],[-108.217093,36.710477],[-108.217089,36.710567],[-108.217201,36.71057]]]},"properties":{"class":"invasive_woody","min_prob":0.5}},{"type":"Feature","geometry":{"type":"Polygon","coordinates":[[[-108.215411,36.710528],[-108.215414,36.710438],[-108.215302,36.710435],[-108.215299,36.710525],[-108.215411,36.710528]]]},"properties":{"class":"invasive_woody","min_prob":0.5}},{"type":"Feature","geometry":{"type":"Polygon","coordinates":[[[-108.324065,36.712932],[-108.324068,36.712842],[-108.323956,36.712839],[-108.323953,36.712929],[-108.324065,36.712932]]]},"properties":{"class":"invasive_woody","min_prob":0.5}},{"type":"Feature","geometry":{"type":"Polygon","coordinates":[[[-108.322946,36.712907],[-108.322949,36.712816],[-108.322837,36.712814],[-108.322834,36.712904],[-108.322946,36.712907]]]},"properties":{"class":"invasive_woody","min_prob":0.5}},{"type":"Feature","geometry":{"type":"Polygon","coordinates":[[[-108.315446,36.712828],[-108.315449,36.712738],[-108.315561,36.71274],[-108.315564,36.71265],[-108.315228,36.712642],[-108.315225,36.712733],[-108.315337,36.712735],[-108.315334,36.712825],[-108.315446,36.712828]]]},"properties":{"class":"invasive_woody","min_prob":0.5}},{"type":"Feature","geometry":{"type":"Polygon","coordinates":[[[-108.216757,36.710469],[-108.21676,36.710379],[-108.216648,36.710377],[-108.216645,36.710467],[-108.216757,36.710469]]]},"properties":{"class":"invasive_woody","min_prob":0.5}},{"type":"Feature","geometry":{"type":"Polygon","coordinates":[[[-108.21519,36.710433],[-108.215194,36.710343],[-108.215082,36.71034],[-108.215079,36.71043],[-108.21519,36.710433]]]},"properties":{"class":"invasive_woody","min_prob":0.5}},{"type":"Feature","geometry":{"type":"Polygon","coordinates":[[[-108.324516,36.712852],[-108.324519,36.712762],[-108.324407,36.712759],[-108.324404,36.712849],[-108.324516,36.712852]]]},"properties":{"class":"invasive_woody","min_prob":0.5}},{"type":"Feature","geometry":{"type":"Polygon","coordinates":[[[-108.216648,36.710377],[-108.216652,36.710287],[-108.21654,36.710284],[-108.216536,36.710374],[-108.216648,36.710377]]]},"properties":{"class":"invasive_woody","min_prob":0.5}},{"type":"Feature","geometry":{"type":"Polygon","coordinates":[[[-108.215082,36.71034],[-108.215085,36.71025],[-108.214861,36.710245],[-108.214858,36.710335],[-108.215082,36.71034]]]},"properties":{"class":"invasive_woody","min_prob":0.5}},{"type":"Feature","geometry":{"type":"Polygon","coordinates":[[[-108.322952,36.712726],[-108.322956,36.712636],[-108.322844,36.712634],[-108.322841,36.712724],[-108.322952,36.712726]]]},"properties":{"class":"invasive_woody","min_prob":0.5}},{"type":"Feature","geometry":{"type":"Polygon","coordinates":[[[-108.319148,36.712641],[-108.319151,36.712551],[-108.319039,36.712548],[-108.319036,36.712638],[-108.319148,36.712641]]]},"properties":{"class":"invasive_woody","min_prob":0.5}},{"type":"Feature","geometry":{"type":"Polygon","coordinates":[[[-108.216316,36.710279],[-108.216319,36.710189],[-108.216207,36.710186],[-108.216204,36.710276],[-108.216316,36.710279]]]},"properties":{"class":"invasive_woody","min_prob":0.5}},{"type":"Feature","geometry":{"type":"Polygon","coordinates":[[[-108.2914,36.711922],[-108.291403,36.711832],[-108.291291,36.711829],[-108.291288,36.711919],[-108.2914,36.711922]]]},"properties":{"class":"invasive_woody","min_prob":0.5}},{"type":"Feature","geometry":{"type":"Polygon","coordinates":[[[-108.216207,36.710186],[-108.21621,36.710096],[-108.216099,36.710093],[-108.216102,36.710003],[-108.215766,36.709995],[-108.215763,36.710085],[-108.215987,36.710091],[-108.215983,36.710181],[-108.216207,36.710186]]]},"properties":{"class":"invasive_woody","min_prob":0.5}},{"type":"Feature","geometry":{"type":"Polygon","coordinates":[[[-108.325421,36.712602],[-108.325424,36.712511],[-108.325312,36.712509],[-108.325309,36.712599],[-108.325421,36.712602]]]},"properties":{"class":"invasive_woody","min_prob":0.5}},{"type":"Feature","geometry":{"type":"Polygon","coordinates":[[[-108.316133,36.712392],[-108.316136,36.712302],[-108.316024,36.7123],[-108.316021,36.71239],[-108.316133,36.712392]]]},"properties":{"class":"invasive_woody","min_prob":0.5}},{"type":"Feature","geometry":{"type":"Polygon","coordinates":[[[-108.311545,36.712289],[-108.311548,36.712199],[-108.311436,36.712196],[-108.311433,36.712286],[-108.311545,36.712289]]]},"properties":{"class":"invasive_woody","min_prob":0.5}},{"type":"Feature","geometry":{"type":"Polygon","coordinates":[[[-108.289836,36.711796],[-108.289839,36.711706],[-108.289728,36.711704],[-108.289724,36.711794],[-108.289836,36.711796]]]},"properties":{"class":"invasive_woody","min_prob":0.5}},{"type":"Feature","geometry":{"type":"Polygon","coordinates":[[[-108.214861,36.710245],[-108.214865,36.710155],[-108.214753,36.710152],[-108.214756,36.710062],[-108.214532,36.710057],[-108.214535,36.709967],[-108.214312,36.709961],[-108.214315,36.709871],[-108.214203,36.709869],[-108.214196,36.710049],[-108.21442,36.710054],[-108.214417,36.710144],[-108.214641,36.710149],[-108.214638,36.710239],[-108.214861,36.710245]]]},"properties":{"class":"invasive_woody","min_prob":0.5}},{"type":"Feature","geometry":{"type":"Polygon","coordinates":[[[-108.316251,36.712215],[-108.316254,36.712125],[-108.316142,36.712122],[-108.316139,36.712212],[-108.316251,36.712215]]]},"properties":{"class":"invasive_woody","min_prob":0.5}},{"type":"Feature","geometry":{"type":"Polygon","coordinates":[[[-108.214203,36.709869],[-108.214206,36.709779],[-108.213982,36.709773],[-108.213979,36.709863],[-108.214203,36.709869]]]},"properties":{"class":"invasive_woody","min_prob":0.5}},{"type":"Feature","geometry":{"type":"Polygon","coordinates":[[[-108.20928,36.709753],[-108.209283,36.709663],[-108.209171,36.70966],[-108.209168,36.709751],[-108.20928,36.709753]]]},"properties":{"class":"invasive_woody","min_prob":0.5}},{"type":"Feature","geometry":{"type":"Polygon","coordinates":[[[-108.209395,36.709666],[-108.209398,36.709576],[-108.209286,36.709573],[-108.209283,36.709663],[-108.209395,36.709666]]]},"properties":{"class":"invasive_woody","min_prob":0.5}},{"type":"Feature","geometry":{"type":"Polygon","coordinates":[[[-108.213871,36.709771],[-108.213877,36.70959],[-108.213653,36.709585],[-108.21365,36.709675],[-108.213762,36.709678],[-108.213759,36.709768],[-108.213871,36.709771]]]},"properties":{"class":"invasive_woody","min_prob":0.5}},{"type":"Feature","geometry":{"type":"Polygon","coordinates":[[[-108.328346,36.712216],[-108.328349,36.712126],[-108.328237,36.712124],[-108.328234,36.712214],[-108.328346,36.712216]]]},"properties":{"class":"invasive_woody","min_prob":0.5}},{"type":"Feature","geometry":{"type":"Polygon","coordinates":[[[-108.328122,36.712211],[-108.328125,36.712121],[-108.328013,36.712119],[-108.32801,36.712209],[-108.328122,36.712211]]]},"properties":{"class":"invasive_woody","min_prob":0.5}},{"type":"Feature","geometry":{"type":"Polygon","coordinates":[[[-108.213653,36.709585],[-108.213657,36.709495],[-108.213545,36.709493],[-108.213541,36.709583],[-108.213653,36.709585]]]},"properties":{"class":"invasive_woody","min_prob":0.5}},{"type":"Feature","geometry":{"type":"Polygon","coordinates":[[[-108.291758,36.711299],[-108.291761,36.711209],[-108.291649,36.711206],[-108.291646,36.711296],[-108.291758,36.711299]]]},"properties":{"class":"invasive_woody","min_prob":0.5}},{"type":"Feature","geometry":{"type":"Polygon","coordinates":[[[-108.213545,36.709493],[-108.213548,36.709402],[-108.213436,36.7094],[-108.213439,36.70931],[-108.213216,36.709304],[-108.213212,36.709395],[-108.213324,36.709397],[-108.213321,36.709487],[-108.213545,36.709493]]]},"properties":{"class":"invasive_woody","min_prob":0.5}},{"type":"Feature","geometry":{"type":"Polygon","coordinates":[[[-108.322085,36.711895],[-108.322089,36.711805],[-108.321977,36.711803],[-108.321973,36.711893],[-108.322085,36.711895]]]},"properties":{"class":"invasive_woody","min_prob":0.5}},{"type":"Feature","geometry":{"type":"Polygon","coordinates":[[[-108.209408,36.709305],[-108.209411,36.709215],[-108.2093,36.709213],[-108.209296,36.709303],[-108.209408,36.709305]]]},"properties":{"class":"invasive_woody","min_prob":0.5}},{"type":"Feature","geometry":{"type":"Polygon","coordinates":[[[-108.214223,36.709328],[-108.214226,36.709238],[-108.214114,36.709235],[-108.214111,36.709325],[-108.214223,36.709328]]]},"properties":{"class":"invasive_woody","min_prob":0.5}},{"type":"Feature","geometry":{"type":"Polygon","coordinates":[[[-108.213216,36.709304],[-108.213219,36.709214],[-108.213107,36.709212],[-108.213104,36.709302],[-108.213216,36.709304]]]},"properties":{"class":"invasive_woody","min_prob":0.5}},{"type":"Feature","geometry":{"type":"Polygon","coordinates":[[[-108.203817,36.709084],[-108.203824,36.708904],[-108.203712,36.708901],[-108.203705,36.709081],[-108.203817,36.709084]]]},"properties":{"class":"invasive_woody","min_prob":0.5}},{"type":"Feature","geometry":{"type":"Polygon","coordinates":[[[-108.212995,36.709209],[-108.212998,36.709119],[-108.212886,36.709116],[-108.212883,36.709207],[-108.212995,36.709209]]]},"properties":{"class":"invasive_woody","min_prob":0.5}},{"type":"Feature","geometry":{"type":"Polygon","coordinates":[[[-108.211317,36.70917],[-108.21132,36.70908],[-108.211208,36.709077],[-108.211205,36.709167],[-108.211317,36.70917]]]},"properties":{"class":"invasive_woody","min_prob":0.5}},{"type":"Feature","geometry":{"type":"Polygon","coordinates":[[[-108.212886,36.709116],[-108.21289,36.709026],[-108.212778,36.709024],[-108.212775,36.709114],[-108.212886,36.709116]]]},"properties":{"class":"invasive_woody","min_prob":0.5}},{"type":"Feature","geometry":{"type":"Polygon","coordinates":[[[-108.203712,36.708901],[-108.203715,36.708811],[-108.203603,36.708808],[-108.2036,36.708899],[-108.203712,36.708901]]]},"properties":{"class":"invasive_woody","min_prob":0.5}},{"type":"Feature","geometry":{"type":"Polygon","coordinates":[[[-108.209747,36.709223],[-108.20975,36.709133],[-108.209862,36.709136],[-108.209865,36.709046],[-108.209754,36.709043],[-108.20976,36.708863],[-108.209648,36.70886],[-108.209635,36.709221],[-108.209747,36.709223]]]},"properties":{"class":"invasive_woody","min_prob":0.5}},{"type":"Feature","geometry":{"type":"Polygon","coordinates":[[[-108.209415,36.709125],[-108.209421,36.708945],[-108.209309,36.708942],[-108.209313,36.708852],[-108.209201,36.70885],[-108.209194,36.70903],[-108.209082,36.709027],[-108.209079,36.709117],[-108.209415,36.709125]]]},"properties":{"class":"invasive_woody","min_prob":0.5}},{"type":"Feature","geometry":{"type":"Polygon","coordinates":[[[-108.211771,36.709],[-108.211774,36.70891],[-108.211662,36.708907],[-108.211659,36.708998],[-108.211771,36.709]]]},"properties":{"class":"invasive_woody","min_prob":0.5}},{"type":"Feature","geometry":{"type":"Polygon","coordinates":[[[-108.209086,36.708937],[-108.209089,36.708847],[-108.208977,36.708844],[-108.208974,36.708935],[-108.209086,36.708937]]]},"properties":{"class":"invasive_woody","min_prob":0.5}},{"type":"Feature","geometry":{"type":"Polygon","coordinates":[[[-108.203603,36.708808],[-108.203606,36.708718],[-108.203494,36.708716],[-108.203491,36.708806],[-108.203603,36.708808]]]},"properties":{"class":"invasive_woody","min_prob":0.5}},{"type":"Feature","geometry":{"type":"Polygon","coordinates":[[[-108.209648,36.70886],[-108.209651,36.70877],[-108.20954,36.708768],[-108.209536,36.708858],[-108.209648,36.70886]]]},"properties":{"class":"invasive_woody","min_prob":0.5}},{"type":"Feature","geometry":{"type":"Polygon","coordinates":[[[-108.212551,36.709109],[-108.212557,36.708928],[-108.212445,36.708926],[-108.212449,36.708836],[-108.212337,36.708833],[-108.21234,36.708743],[-108.212116,36.708738],[-108.212113,36.708828],[-108.212225,36.70883],[-108.212218,36.709011],[-108.21233,36.709013],[-108.212327,36.709103],[-108.212551,36.709109]]]},"properties":{"class":"invasive_woody","min_prob":0.5}},{"type":"Feature","geometry":{"type":"Polygon","coordinates":[[[-108.293011,36.710696],[-108.293014,36.710606],[-108.292902,36.710604],[-108.292899,36.710694],[-108.293011,36.710696]]]},"properties":{"class":"invasive_woody","min_prob":0.5}},{"type":"Feature","geometry":{"type":"Polygon","coordinates":[[[-108.292678,36.710599],[-108.292681,36.710508],[-108.292569,36.710506],[-108.292566,36.710596],[-108.292678,36.710599]]]},"properties":{"class":"invasive_woody","min_prob":0.5}},{"type":"Feature","geometry":{"type":"Polygon","coordinates":[[[-108.212116,36.708738],[-108.212119,36.708648],[-108.211896,36.708642],[-108.211892,36.708733],[-108.212116,36.708738]]]},"properties":{"class":"invasive_woody","min_prob":0.5}},{"type":"Feature","geometry":{"type":"Polygon","coordinates":[[[-108.203613,36.708538],[-108.203619,36.708358],[-108.203396,36.708353],[-108.203389,36.708533],[-108.203613,36.708538]]]},"properties":{"class":"invasive_woody","min_prob":0.5}},{"type":"Feature","geometry":{"type":"Polygon","coordinates":[[[-108.292569,36.710506],[-108.292576,36.710326],[-108.292464,36.710323],[-108.292457,36.710503],[-108.292569,36.710506]]]},"properties":{"class":"invasive_woody","min_prob":0.5}},{"type":"Feature","geometry":{"type":"Polygon","coordinates":[[[-108.294475,36.710459],[-108.294478,36.710369],[-108.294366,36.710366],[-108.294363,36.710457],[-108.294475,36.710459]]]},"properties":{"class":"invasive_woody","min_prob":0.5}},{"type":"Feature","geometry":{"type":"Polygon","coordinates":[[[-108.211899,36.708552],[-108.211902,36.708462],[-108.21179,36.70846],[-108.211787,36.70855],[-108.211899,36.708552]]]},"properties":{"class":"invasive_woody","min_prob":0.5}},{"type":"Feature","geometry":{"type":"Polygon","coordinates":[[[-108.208654,36.708476],[-108.208658,36.708386],[-108.208546,36.708384],[-108.208542,36.708474],[-108.208654,36.708476]]]},"properties":{"class":"invasive_woody","min_prob":0.5}},{"type":"Feature","geometry":{"type":"Polygon","coordinates":[[[-108.193997,36.708131],[-108.194001,36.708041],[-108.193889,36.708039],[-108.193886,36.708129],[-108.193997,36.708131]]]},"properties":{"class":"invasive_woody","min_prob":0.5}},{"type":"Feature","geometry":{"type":"Polygon","coordinates":[[[-108.21772,36.708598],[-108.217724,36.708508],[-108.2175,36.708503],[-108.217497,36.708593],[-108.21772,36.708598]]]},"properties":{"class":"invasive_woody","min_prob":0.5}},{"type":"Feature","geometry":{"type":"Polygon","coordinates":[[[-108.21179,36.70846],[-108.211794,36.70837],[-108.21157,36.708364],[-108.211567,36.708454],[-108.21179,36.70846]]]},"properties":{"class":"invasive_woody","min_prob":0.5}},{"type":"Feature","geometry":{"type":"Polygon","coordinates":[[[-108.20026,36.708369],[-108.200266,36.708189],[-108.200378,36.708192],[-108.200381,36.708102],[-108.200269,36.708099],[-108.200273,36.708009],[-108.200161,36.708006],[-108.200151,36.708276],[-108.200039,36.708274],[-108.200036,36.708364],[-108.20026,36.708369]]]},"properties":{"class":"invasive_woody","min_prob":0.5}},{"type":"Feature","geometry":{"type":"Polygon","coordinates":[[[-108.21157,36.708364],[-108.211573,36.708274],[-108.211461,36.708272],[-108.211458,36.708362],[-108.21157,36.708364]]]},"properties":{"class":"invasive_woody","min_prob":0.5}},{"type":"Feature","geometry":{"type":"Polygon","coordinates":[[[-108.20978,36.708322],[-108.209783,36.708232],[-108.209671,36.70823],[-108.209668,36.70832],[-108.20978,36.708322]]]},"properties":{"class":"invasive_woody","min_prob":0.5}},{"type":"Feature","geometry":{"type":"Polygon","coordinates":[[[-108.200493,36.708104],[-108.200496,36.708014],[-108.200385,36.708011],[-108.200381,36.708102],[-108.200493,36.708104]]]},"properties":{"class":"invasive_woody","min_prob":0.5}},{"type":"Feature","geometry":{"type":"Polygon","coordinates":[[[-108.200046,36.708094],[-108.200049,36.708004],[-108.199937,36.708001],[-108.199934,36.708091],[-108.200046,36.708094]]]},"properties":{"class":"invasive_woody","min_prob":0.5}},{"type":"Feature","geometry":{"type":"Polygon","coordinates":[[[-108.199374,36.708078],[-108.199378,36.707988],[-108.199154,36.707982],[-108.199151,36.708073],[-108.199374,36.708078]]]},"properties":{"class":"invasive_woody","min_prob":0.5}},{"type":"Feature","geometry":{"type":"Polygon","coordinates":[[[-108.217727,36.708418],[-108.21773,36.708328],[-108.217618,36.708326],[-108.217615,36.708416],[-108.217727,36.708418]]]},"properties":{"class":"invasive_woody","min_prob":0.5}},{"type":"Feature","geometry":{"type":"Polygon","coordinates":[[[-108.211461,36.708272],[-108.211464,36.708182],[-108.211353,36.708179],[-108.211349,36.708269],[-108.211461,36.708272]]]},"properties":{"class":"invasive_woody","min_prob":0.5}},{"type":"Feature","geometry":{"type":"Polygon","coordinates":[[[-108.217618,36.708326],[-108.217621,36.708236],[-108.21751,36.708233],[-108.217506,36.708323],[-108.217618,36.708326]]]},"properties":{"class":"invasive_woody","min_prob":0.5}},{"type":"Feature","geometry":{"type":"Polygon","coordinates":[[[-108.212136,36.708197],[-108.212139,36.708107],[-108.212027,36.708105],[-108.212024,36.708195],[-108.212136,36.708197]]]},"properties":{"class":"invasive_woody","min_prob":0.5}},{"type":"Feature","geometry":{"type":"Polygon","coordinates":[[[-108.211353,36.708179],[-108.211356,36.708089],[-108.211132,36.708084],[-108.211129,36.708174],[-108.211353,36.708179]]]},"properties":{"class":"invasive_woody","min_prob":0.5}},{"type":"Feature","geometry":{"type":"Polygon","coordinates":[[[-108.207884,36.708098],[-108.207887,36.708007],[-108.207775,36.708005],[-108.207772,36.708095],[-108.207884,36.708098]]]},"properties":{"class":"invasive_woody","min_prob":0.5}},{"type":"Feature","geometry":{"type":"Polygon","coordinates":[[[-108.209674,36.70814],[-108.209681,36.707959],[-108.209569,36.707957],[-108.209566,36.708047],[-108.209454,36.708044],[-108.209451,36.708134],[-108.209674,36.70814]]]},"properties":{"class":"invasive_woody","min_prob":0.5}},{"type":"Feature","geometry":{"type":"Polygon","coordinates":[[[-108.215496,36.708186],[-108.215499,36.708096],[-108.215387,36.708093],[-108.215384,36.708183],[-108.215496,36.708186]]]},"properties":{"class":"invasive_woody","min_prob":0.5}},{"type":"Feature","geometry":{"type":"Polygon","coordinates":[[[-108.212027,36.708105],[-108.21203,36.708014],[-108.211919,36.708012],[-108.211915,36.708102],[-108.212027,36.708105]]]},"properties":{"class":"invasive_woody","min_prob":0.5}},{"type":"Feature","geometry":{"type":"Polygon","coordinates":[[[-108.211132,36.708084],[-108.211135,36.707993],[-108.211023,36.707991],[-108.21102,36.708081],[-108.211132,36.708084]]]},"properties":{"class":"invasive_woody","min_prob":0.5}},{"type":"Feature","geometry":{"type":"Polygon","coordinates":[[[-108.195804,36.707723],[-108.195807,36.707633],[-108.19536,36.707623],[-108.195356,36.707713],[-108.195804,36.707723]]]},"properties":{"class":"invasive_woody","min_prob":0.5}},{"type":"Feature","geometry":{"type":"Polygon","coordinates":[[[-108.202629,36.707884],[-108.202635,36.707704],[-108.202412,36.707698],[-108.202408,36.707789],[-108.20252,36.707791],[-108.202517,36.707881],[-108.202629,36.707884]]]},"properties":{"class":"invasive_woody","min_prob":0.5}},{"type":"Feature","geometry":{"type":"Polygon","coordinates":[[[-108.196251,36.707734],[-108.196255,36.707644],[-108.196143,36.707641],[-108.196146,36.707551],[-108.196034,36.707548],[-108.196028,36.707728],[-108.196251,36.707734]]]},"properties":{"class":"invasive_woody","min_prob":0.5}},{"type":"Feature","geometry":{"type":"Polygon","coordinates":[[[-108.264394,36.70923],[-108.264397,36.70914],[-108.264286,36.709138],[-108.264282,36.709228],[-108.264394,36.70923]]]},"properties":{"class":"invasive_woody","min_prob":0.5}},{"type":"Feature","geometry":{"type":"Polygon","coordinates":[[[-108.217848,36.708151],[-108.217852,36.708061],[-108.21774,36.708058],[-108.217737,36.708148],[-108.217848,36.708151]]]},"properties":{"class":"invasive_woody","min_prob":0.5}},{"type":"Feature","geometry":{"type":"Polygon","coordinates":[[[-108.214716,36.708077],[-108.214719,36.707987],[-108.214607,36.707985],[-108.214604,36.708075],[-108.214716,36.708077]]]},"properties":{"class":"invasive_woody","min_prob":0.5}},{"type":"Feature","geometry":{"type":"Polygon","coordinates":[[[-108.214156,36.708064],[-108.214159,36.707974],[-108.213936,36.707969],[-108.213932,36.708059],[-108.214156,36.708064]]]},"properties":{"class":"invasive_woody","min_prob":0.5}},{"type":"Feature","geometry":{"type":"Polygon","coordinates":[[[-108.211023,36.707991],[-108.211027,36.707901],[-108.210915,36.707898],[-108.210912,36.707988],[-108.211023,36.707991]]]},"properties":{"class":"invasive_woody","min_prob":0.5}},{"type":"Feature","geometry":{"type":"Polygon","coordinates":[[[-108.209569,36.707957],[-108.209572,36.707867],[-108.20946,36.707864],[-108.209457,36.707954],[-108.209569,36.707957]]]},"properties":{"class":"invasive_woody","min_prob":0.5}},{"type":"Feature","geometry":{"type":"Polygon","coordinates":[[[-108.20845,36.70793],[-108.208453,36.70784],[-108.208341,36.707838],[-108.208338,36.707928],[-108.20845,36.70793]]]},"properties":{"class":"invasive_woody","min_prob":0.5}},{"type":"Feature","geometry":{"type":"Polygon","coordinates":[[[-108.208003,36.70792],[-108.208006,36.70783],[-108.207894,36.707827],[-108.207891,36.707917],[-108.208003,36.70792]]]},"properties":{"class":"invasive_woody","min_prob":0.5}},{"type":"Feature","geometry":{"type":"Polygon","coordinates":[[[-108.211698,36.707917],[-108.211701,36.707826],[-108.211589,36.707824],[-108.211586,36.707914],[-108.211698,36.707917]]]},"properties":{"class":"invasive_woody","min_prob":0.5}},{"type":"Feature","geometry":{"type":"Polygon","coordinates":[[[-108.210915,36.707898],[-108.210918,36.707808],[-108.210806,36.707805],[-108.210803,36.707896],[-108.210915,36.707898]]]},"properties":{"class":"invasive_woody","min_prob":0.5}},{"type":"Feature","geometry":{"type":"Polygon","coordinates":[[[-108.20946,36.707864],[-108.209464,36.707774],[-108.209352,36.707771],[-108.209348,36.707861],[-108.20946,36.707864]]]},"properties":{"class":"invasive_woody","min_prob":0.5}},{"type":"Feature","geometry":{"type":"Polygon","coordinates":[[[-108.194218,36.708227],[-108.194224,36.708047],[-108.194336,36.708049],[-108.19434,36.707959],[-108.194563,36.707964],[-108.194567,36.707874],[-108.194902,36.707882],[-108.194906,36.707792],[-108.195017,36.707795],[-108.195021,36.707705],[-108.195133,36.707707],[-108.195139,36.707527],[-108.194915,36.707522],[-108.194919,36.707432],[-108.194807,36.707429],[-108.1948,36.707609],[-108.194688,36.707607],[-108.194692,36.707517],[-108.194356,36.707509],[-108.194359,36.707419],[-108.194247,36.707416],[-108.194251,36.707326],[-108.193915,36.707318],[-108.193912,36.707408],[-108.1938,36.707405],[-108.193793,36.707586],[-108.193905,36.707588],[-108.193892,36.707949],[-108.194004,36.707951],[-108.194001,36.708041],[-108.194113,36.708044],[-108.194109,36.708134],[-108.193997,36.708131],[-108.193994,36.708222],[-108.194218,36.708227]]]},"properties":{"class":"invasive_woody","min_prob":0.5}},{"type":"Feature","geometry":{"type":"Polygon","coordinates":[[[-108.265174,36.709338],[-108.265181,36.709158],[-108.265293,36.709161],[-108.265296,36.709071],[-108.265072,36.709065],[-108.265075,36.708975],[-108.264963,36.708973],[-108.264957,36.709153],[-108.265069,36.709156],[-108.265062,36.709336],[-108.265174,36.709338]]]},"properties":{"class":"invasive_woody","min_prob":0.5}},{"type":"Feature","geometry":{"type":"Polygon","coordinates":[[[-108.294836,36.709746],[-108.294839,36.709656],[-108.294727,36.709653],[-108.294724,36.709743],[-108.294836,36.709746]]]},"properties":{"class":"invasive_woody","min_prob":0.5}},{"type":"Feature","geometry":{"type":"Polygon","coordinates":[[[-108.213939,36.707879],[-108.213942,36.707789],[-108.21383,36.707786],[-108.213827,36.707876],[-108.213939,36.707879]]]},"properties":{"class":"invasive_woody","min_prob":0.5}},{"type":"Feature","geometry":{"type":"Polygon","coordinates":[[[-108.211589,36.707824],[-108.211593,36.707734],[-108.211481,36.707731],[-108.211477,36.707821],[-108.211589,36.707824]]]},"properties":{"class":"invasive_woody","min_prob":0.5}},{"type":"Feature","geometry":{"type":"Polygon","coordinates":[[[-108.208233,36.707745],[-108.208236,36.707655],[-108.208124,36.707652],[-108.208121,36.707742],[-108.208233,36.707745]]]},"properties":{"class":"invasive_woody","min_prob":0.5}},{"type":"Feature","geometry":{"type":"Polygon","coordinates":[[[-108.204988,36.707669],[-108.204991,36.707579],[-108.204768,36.707574],[-108.204764,36.707664],[-108.204988,36.707669]]]},"properties":{"class":"invasive_woody","min_prob":0.5}},{"type":"Feature","geometry":{"type":"Polygon","coordinates":[[[-108.289465,36.709624],[-108.289471,36.709444],[-108.289359,36.709441],[-108.289353,36.709621],[-108.289465,36.709624]]]},"properties":{"class":"invasive_woody","min_prob":0.5}},{"type":"Feature","geometry":{"type":"Polygon","coordinates":[[[-108.265855,36.709083],[-108.265858,36.708993],[-108.265747,36.708991],[-108.26575,36.708901],[-108.265638,36.708898],[-108.265631,36.709078],[-108.265855,36.709083]]]},"properties":{"class":"invasive_woody","min_prob":0.5}},{"type":"Feature","geometry":{"type":"Polygon","coordinates":[[[-108.294951,36.709658],[-108.294954,36.709568],[-108.294842,36.709566],[-108.294839,36.709656],[-108.294951,36.709658]]]},"properties":{"class":"invasive_woody","min_prob":0.5}},{"type":"Feature","geometry":{"type":"Polygon","coordinates":[[[-108.211481,36.707731],[-108.211484,36.707641],[-108.211372,36.707638],[-108.211369,36.707728],[-108.211481,36.707731]]]},"properties":{"class":"invasive_woody","min_prob":0.5}},{"type":"Feature","geometry":{"type":"Polygon","coordinates":[[[-108.208124,36.707652],[-108.208127,36.707562],[-108.208016,36.70756],[-108.208012,36.70765],[-108.208124,36.707652]]]},"properties":{"class":"invasive_woody","min_prob":0.5}},{"type":"Feature","geometry":{"type":"Polygon","coordinates":[[[-108.20611,36.707605],[-108.206114,36.707515],[-108.206002,36.707512],[-108.205998,36.707602],[-108.20611,36.707605]]]},"properties":{"class":"invasive_woody","min_prob":0.5}},{"type":"Feature","geometry":{"type":"Polygon","coordinates":[[[-108.208898,36.707941],[-108.208901,36.707851],[-108.209237,36.707859],[-108.20924,36.707769],[-108.209352,36.707771],[-108.209355,36.707681],[-108.209131,36.707676],[-108.209134,36.707586],[-108.209023,36.707583],[-108.209026,36.707493],[-108.208802,36.707488],[-108.208792,36.707758],[-108.20868,36.707756],[-108.208674,36.707936],[-108.208898,36.707941]]]},"properties":{"class":"invasive_woody","min_prob":0.5}},{"type":"Feature","geometry":{"type":"Polygon","coordinates":[[[-108.214057,36.707701],[-108.214061,36.707611],[-108.213949,36.707609],[-108.213945,36.707699],[-108.214057,36.707701]]]},"properties":{"class":"invasive_woody","min_prob":0.5}},{"type":"Feature","geometry":{"type":"Polygon","coordinates":[[[-108.19403,36.707231],[-108.194033,36.70714],[-108.193922,36.707138],[-108.193918,36.707228],[-108.19403,36.707231]]]},"properties":{"class":"invasive_woody","min_prob":0.5}},{"type":"Feature","geometry":{"type":"Polygon","coordinates":[[[-108.289695,36.709449],[-108.289701,36.709268],[-108.289589,36.709266],[-108.289583,36.709446],[-108.289695,36.709449]]]},"properties":{"class":"invasive_woody","min_prob":0.5}},{"type":"Feature","geometry":{"type":"Polygon","coordinates":[[[-108.211372,36.707638],[-108.211379,36.707458],[-108.211267,36.707456],[-108.211263,36.707546],[-108.211152,36.707543],[-108.211148,36.707633],[-108.211372,36.707638]]]},"properties":{"class":"invasive_woody","min_prob":0.5}},{"type":"Feature","geometry":{"type":"Polygon","coordinates":[[[-108.292048,36.709412],[-108.292051,36.709322],[-108.291939,36.709319],[-108.291936,36.70941],[-108.292048,36.709412]]]},"properties":{"class":"invasive_woody","min_prob":0.5}},{"type":"Feature","geometry":{"type":"Polygon","coordinates":[[[-108.2916,36.709402],[-108.291603,36.709312],[-108.291491,36.709309],[-108.291488,36.709399],[-108.2916,36.709402]]]},"properties":{"class":"invasive_woody","min_prob":0.5}},{"type":"Feature","geometry":{"type":"Polygon","coordinates":[[[-108.290369,36.709374],[-108.290373,36.709284],[-108.290261,36.709281],[-108.290257,36.709371],[-108.290369,36.709374]]]},"properties":{"class":"invasive_woody","min_prob":0.5}},{"type":"Feature","geometry":{"type":"Polygon","coordinates":[[[-108.208802,36.707488],[-108.208805,36.707398],[-108.208582,36.707393],[-108.208578,36.707483],[-108.208802,36.707488]]]},"properties":{"class":"invasive_woody","min_prob":0.5}},{"type":"Feature","geometry":{"type":"Polygon","coordinates":[[[-108.206676,36.707438],[-108.206679,36.707348],[-108.206568,36.707345],[-108.206564,36.707435],[-108.206676,36.707438]]]},"properties":{"class":"invasive_woody","min_prob":0.5}},{"type":"Feature","geometry":{"type":"Polygon","coordinates":[[[-108.198061,36.707235],[-108.198068,36.707055],[-108.197956,36.707053],[-108.197953,36.707143],[-108.197841,36.70714],[-108.197837,36.70723],[-108.198061,36.707235]]]},"properties":{"class":"invasive_woody","min_prob":0.5}},{"type":"Feature","geometry":{"type":"Polygon","coordinates":[[[-108.291715,36.709314],[-108.291718,36.709224],[-108.291607,36.709222],[-108.291603,36.709312],[-108.291715,36.709314]]]},"properties":{"class":"invasive_woody","min_prob":0.5}},{"type":"Feature","geometry":{"type":"Polygon","coordinates":[[[-108.290596,36.709289],[-108.290599,36.709199],[-108.290376,36.709194],[-108.290373,36.709284],[-108.290596,36.709289]]]},"properties":{"class":"invasive_woody","min_prob":0.5}},{"type":"Feature","geometry":{"type":"Polygon","coordinates":[[[-108.217085,36.707592],[-108.217088,36.707502],[-108.216976,36.707499],[-108.216973,36.707589],[-108.217085,36.707592]]]},"properties":{"class":"invasive_woody","min_prob":0.5}},{"type":"Feature","geometry":{"type":"Polygon","coordinates":[[[-108.215966,36.707566],[-108.215969,36.707476],[-108.215857,36.707473],[-108.215854,36.707563],[-108.215966,36.707566]]]},"properties":{"class":"invasive_woody","min_prob":0.5}},{"type":"Feature","geometry":{"type":"Polygon","coordinates":[[[-108.211043,36.70745],[-108.211046,36.70736],[-108.210822,36.707355],[-108.210819,36.707445],[-108.211043,36.70745]]]},"properties":{"class":"invasive_woody","min_prob":0.5}},{"type":"Feature","geometry":{"type":"Polygon","coordinates":[[[-108.20847,36.70739],[-108.208473,36.7073],[-108.208137,36.707292],[-108.208134,36.707382],[-108.20847,36.70739]]]},"properties":{"class":"invasive_woody","min_prob":0.5}},{"type":"Feature","geometry":{"type":"Polygon","coordinates":[[[-108.266875,36.708746],[-108.266881,36.708566],[-108.266769,36.708563],[-108.266763,36.708744],[-108.266875,36.708746]]]},"properties":{"class":"invasive_woody","min_prob":0.5}},{"type":"Feature","geometry":{"type":"Polygon","coordinates":[[[-108.270571,36.708741],[-108.270574,36.708651],[-108.270462,36.708648],[-108.270459,36.708738],[-108.270571,36.708741]]]},"properties":{"class":"invasive_woody","min_prob":0.5}},{"type":"Feature","geometry":{"type":"Polygon","coordinates":[[[-108.216976,36.707499],[-108.216979,36.707409],[-108.216756,36.707404],[-108.216752,36.707494],[-108.216976,36.707499]]]},"properties":{"class":"invasive_woody","min_prob":0.5}},{"type":"Feature","geometry":{"type":"Polygon","coordinates":[[[-108.210822,36.707355],[-108.210826,36.707265],[-108.210714,36.707262],[-108.210711,36.707352],[-108.210822,36.707355]]]},"properties":{"class":"invasive_woody","min_prob":0.5}},{"type":"Feature","geometry":{"type":"Polygon","coordinates":[[[-108.253675,36.708352],[-108.253682,36.708172],[-108.25357,36.708169],[-108.253563,36.708349],[-108.253675,36.708352]]]},"properties":{"class":"invasive_woody","min_prob":0.5}},{"type":"Feature","geometry":{"type":"Polygon","coordinates":[[[-108.292617,36.709155],[-108.29262,36.709064],[-108.292508,36.709062],[-108.292505,36.709152],[-108.292617,36.709155]]]},"properties":{"class":"invasive_woody","min_prob":0.5}},{"type":"Feature","geometry":{"type":"Polygon","coordinates":[[[-108.216756,36.707404],[-108.216759,36.707314],[-108.216647,36.707311],[-108.216644,36.707401],[-108.216756,36.707404]]]},"properties":{"class":"invasive_woody","min_prob":0.5}},{"type":"Feature","geometry":{"type":"Polygon","coordinates":[[[-108.291277,36.709034],[-108.29128,36.708944],[-108.291168,36.708941],[-108.291165,36.709031],[-108.291277,36.709034]]]},"properties":{"class":"invasive_woody","min_prob":0.5}},{"type":"Feature","geometry":{"type":"Polygon","coordinates":[[[-108.267892,36.708499],[-108.267895,36.708409],[-108.267783,36.708406],[-108.26778,36.708497],[-108.267892,36.708499]]]},"properties":{"class":"invasive_woody","min_prob":0.5}},{"type":"Feature","geometry":{"type":"Polygon","coordinates":[[[-108.267668,36.708494],[-108.267671,36.708404],[-108.267559,36.708401],[-108.267556,36.708491],[-108.267668,36.708494]]]},"properties":{"class":"invasive_woody","min_prob":0.5}},{"type":"Feature","geometry":{"type":"Polygon","coordinates":[[[-108.266661,36.708471],[-108.266664,36.708381],[-108.266552,36.708378],[-108.266549,36.708468],[-108.266661,36.708471]]]},"properties":{"class":"invasive_woody","min_prob":0.5}},{"type":"Feature","geometry":{"type":"Polygon","coordinates":[[[-108.21027,36.707162],[-108.210273,36.707072],[-108.210161,36.707069],[-108.210158,36.707159],[-108.21027,36.707162]]]},"properties":{"class":"invasive_woody","min_prob":0.5}},{"type":"Feature","geometry":{"type":"Polygon","coordinates":[[[-108.21072,36.707082],[-108.210724,36.706992],[-108.210612,36.706989],[-108.210608,36.70708],[-108.21072,36.707082]]]},"properties":{"class":"invasive_woody","min_prob":0.5}},{"type":"Feature","geometry":{"type":"Polygon","coordinates":[[[-108.210161,36.707069],[-108.210164,36.706979],[-108.210052,36.706976],[-108.210049,36.707066],[-108.210161,36.707069]]]},"properties":{"class":"invasive_woody","min_prob":0.5}},{"type":"Feature","geometry":{"type":"Polygon","coordinates":[[[-108.197518,36.706772],[-108.197521,36.706682],[-108.19741,36.706679],[-108.197406,36.706769],[-108.197518,36.706772]]]},"properties":{"class":"invasive_woody","min_prob":0.5}},{"type":"Feature","geometry":{"type":"Polygon","coordinates":[[[-108.196287,36.706743],[-108.196291,36.706653],[-108.196179,36.70665],[-108.196176,36.70674],[-108.196287,36.706743]]]},"properties":{"class":"invasive_woody","min_prob":0.5}},{"type":"Feature","geometry":{"type":"Polygon","coordinates":[[[-108.270807,36.708386],[-108.27081,36.708296],[-108.270698,36.708293],[-108.270695,36.708383],[-108.270807,36.708386]]]},"properties":{"class":"invasive_woody","min_prob":0.5}},{"type":"Feature","geometry":{"type":"Polygon","coordinates":[[[-108.210605,36.70717],[-108.210608,36.70708],[-108.210497,36.707077],[-108.2105,36.706987],[-108.210612,36.706989],[-108.210615,36.706899],[-108.210279,36.706891],[-108.210276,36.706982],[-108.210388,36.706984],[-108.210381,36.707164],[-108.210605,36.70717]]]},"properties":{"class":"invasive_woody","min_prob":0.5}},{"type":"Feature","geometry":{"type":"Polygon","coordinates":[[[-108.196738,36.706663],[-108.196742,36.706573],[-108.19663,36.706571],[-108.196626,36.706661],[-108.196738,36.706663]]]},"properties":{"class":"invasive_woody","min_prob":0.5}},{"type":"Feature","geometry":{"type":"Polygon","coordinates":[[[-108.196067,36.706647],[-108.19607,36.706557],[-108.195846,36.706552],[-108.195843,36.706642],[-108.196067,36.706647]]]},"properties":{"class":"invasive_woody","min_prob":0.5}},{"type":"Feature","geometry":{"type":"Polygon","coordinates":[[[-108.271929,36.708321],[-108.271932,36.708231],[-108.271821,36.708229],[-108.271817,36.708319],[-108.271929,36.708321]]]},"properties":{"class":"invasive_woody","min_prob":0.5}},{"type":"Feature","geometry":{"type":"Polygon","coordinates":[[[-108.209944,36.706884],[-108.209947,36.706794],[-108.209835,36.706791],[-108.209832,36.706881],[-108.209944,36.706884]]]},"properties":{"class":"invasive_woody","min_prob":0.5}},{"type":"Feature","geometry":{"type":"Polygon","coordinates":[[[-108.202224,36.706702],[-108.202227,36.706612],[-108.202115,36.70661],[-108.202112,36.7067],[-108.202224,36.706702]]]},"properties":{"class":"invasive_woody","min_prob":0.5}},{"type":"Feature","geometry":{"type":"Polygon","coordinates":[[[-108.197301,36.706586],[-108.197304,36.706496],[-108.196857,36.706486],[-108.196853,36.706576],[-108.197301,36.706586]]]},"properties":{"class":"invasive_woody","min_prob":0.5}},{"type":"Feature","geometry":{"type":"Polygon","coordinates":[[[-108.270251,36.708283],[-108.270257,36.708103],[-108.270145,36.7081],[-108.270139,36.70828],[-108.270251,36.708283]]]},"properties":{"class":"invasive_woody","min_prob":0.5}},{"type":"Feature","geometry":{"type":"Polygon","coordinates":[[[-108.264544,36.708152],[-108.264551,36.707972],[-108.264439,36.707969],[-108.264433,36.708149],[-108.264544,36.708152]]]},"properties":{"class":"invasive_woody","min_prob":0.5}},{"type":"Feature","geometry":{"type":"Polygon","coordinates":[[[-108.218114,36.706985],[-108.218118,36.706895],[-108.218006,36.706892],[-108.218003,36.706982],[-108.218114,36.706985]]]},"properties":{"class":"invasive_woody","min_prob":0.5}},{"type":"Feature","geometry":{"type":"Polygon","coordinates":[[[-108.203234,36.706636],[-108.203237,36.706546],[-108.202454,36.706527],[-108.202451,36.706617],[-108.203234,36.706636]]]},"properties":{"class":"invasive_woody","min_prob":0.5}},{"type":"Feature","geometry":{"type":"Polygon","coordinates":[[[-108.198535,36.706525],[-108.198538,36.706435],[-108.198426,36.706433],[-108.198423,36.706523],[-108.198535,36.706525]]]},"properties":{"class":"invasive_woody","min_prob":0.5}},{"type":"Feature","geometry":{"type":"Polygon","coordinates":[[[-108.2716,36.708133],[-108.271603,36.708043],[-108.271491,36.708041],[-108.271488,36.708131],[-108.2716,36.708133]]]},"properties":{"class":"invasive_woody","min_prob":0.5}},{"type":"Feature","geometry":{"type":"Polygon","coordinates":[[[-108.271376,36.708128],[-108.271379,36.708038],[-108.271267,36.708036],[-108.271264,36.708126],[-108.271376,36.708128]]]},"properties":{"class":"invasive_woody","min_prob":0.5}},{"type":"Feature","geometry":{"type":"Polygon","coordinates":[[[-108.254033,36.707729],[-108.254036,36.707639],[-108.253925,36.707637],[-108.253921,36.707727],[-108.254033,36.707729]]]},"properties":{"class":"invasive_woody","min_prob":0.5}},{"type":"Feature","geometry":{"type":"Polygon","coordinates":[[[-108.218453,36.706903],[-108.218457,36.706812],[-108.218345,36.70681],[-108.218341,36.7069],[-108.218453,36.706903]]]},"properties":{"class":"invasive_woody","min_prob":0.5}},{"type":"Feature","geometry":{"type":"Polygon","coordinates":[[[-108.210279,36.706891],[-108.210283,36.706801],[-108.210171,36.706799],[-108.210174,36.706709],[-108.210286,36.706711],[-108.210289,36.706621],[-108.210065,36.706616],[-108.210056,36.706886],[-108.210279,36.706891]]]},"properties":{"class":"invasive_woody","min_prob":0.5}},{"type":"Feature","geometry":{"type":"Polygon","coordinates":[[[-108.204132,36.706567],[-108.204136,36.706477],[-108.203464,36.706461],[-108.203461,36.706551],[-108.204132,36.706567]]]},"properties":{"class":"invasive_woody","min_prob":0.5}},{"type":"Feature","geometry":{"type":"Polygon","coordinates":[[[-108.217897,36.706799],[-108.2179,36.706709],[-108.217789,36.706707],[-108.217785,36.706797],[-108.217897,36.706799]]]},"properties":{"class":"invasive_woody","min_prob":0.5}},{"type":"Feature","geometry":{"type":"Polygon","coordinates":[[[-108.217338,36.706786],[-108.217341,36.706696],[-108.217229,36.706694],[-108.217226,36.706784],[-108.217338,36.706786]]]},"properties":{"class":"invasive_woody","min_prob":0.5}},{"type":"Feature","geometry":{"type":"Polygon","coordinates":[[[-108.210065,36.706616],[-108.210069,36.706526],[-108.209845,36.706521],[-108.209842,36.706611],[-108.210065,36.706616]]]},"properties":{"class":"invasive_woody","min_prob":0.5}},{"type":"Feature","geometry":{"type":"Polygon","coordinates":[[[-108.271715,36.708046],[-108.271721,36.707866],[-108.271498,36.707861],[-108.271494,36.707951],[-108.271606,36.707953],[-108.271603,36.708043],[-108.271715,36.708046]]]},"properties":{"class":"invasive_woody","min_prob":0.5}},{"type":"Feature","geometry":{"type":"Polygon","coordinates":[[[-108.195409,36.706271],[-108.195415,36.706091],[-108.195303,36.706089],[-108.195297,36.706269],[-108.195409,36.706271]]]},"properties":{"class":"invasive_woody","min_prob":0.5}},{"type":"Feature","geometry":{"type":"Polygon","coordinates":[[[-108.270264,36.707922],[-108.270267,36.707832],[-108.270155,36.70783],[-108.270152,36.70792],[-108.270264,36.707922]]]},"properties":{"class":"invasive_woody","min_prob":0.5}},{"type":"Feature","geometry":{"type":"Polygon","coordinates":[[[-108.209845,36.706521],[-108.209848,36.706431],[-108.209736,36.706428],[-108.209733,36.706518],[-108.209845,36.706521]]]},"properties":{"class":"invasive_woody","min_prob":0.5}},{"type":"Feature","geometry":{"type":"Polygon","coordinates":[[[-108.201342,36.706321],[-108.201348,36.706141],[-108.200789,36.706128],[-108.200786,36.706218],[-108.200898,36.70622],[-108.200894,36.70631],[-108.201342,36.706321]]]},"properties":{"class":"invasive_woody","min_prob":0.5}},{"type":"Feature","geometry":{"type":"Polygon","coordinates":[[[-108.269816,36.707912],[-108.269819,36.707822],[-108.269931,36.707825],[-108.269934,36.707735],[-108.269711,36.707729],[-108.269704,36.70791],[-108.269816,36.707912]]]},"properties":{"class":"invasive_woody","min_prob":0.5}},{"type":"Feature","geometry":{"type":"Polygon","coordinates":[[[-108.21712,36.706601],[-108.217124,36.706511],[-108.217012,36.706508],[-108.217009,36.706598],[-108.21712,36.706601]]]},"properties":{"class":"invasive_woody","min_prob":0.5}},{"type":"Feature","geometry":{"type":"Polygon","coordinates":[[[-108.270599,36.70793],[-108.270609,36.70766],[-108.270497,36.707657],[-108.270487,36.707928],[-108.270599,36.70793]]]},"properties":{"class":"invasive_woody","min_prob":0.5}},{"type":"Feature","geometry":{"type":"Polygon","coordinates":[[[-108.21153,36.70638],[-108.211533,36.70629],[-108.211421,36.706287],[-108.211418,36.706377],[-108.21153,36.70638]]]},"properties":{"class":"invasive_woody","min_prob":0.5}},{"type":"Feature","geometry":{"type":"Polygon","coordinates":[[[-108.209739,36.706338],[-108.209743,36.706248],[-108.209407,36.70624],[-108.209404,36.70633],[-108.209739,36.706338]]]},"properties":{"class":"invasive_woody","min_prob":0.5}},{"type":"Feature","geometry":{"type":"Polygon","coordinates":[[[-108.207837,36.706293],[-108.207841,36.706203],[-108.207169,36.706187],[-108.207166,36.706277],[-108.207837,36.706293]]]},"properties":{"class":"invasive_woody","min_prob":0.5}},{"type":"Feature","geometry":{"type":"Polygon","coordinates":[[[-108.20202,36.706157],[-108.202023,36.706066],[-108.201687,36.706059],[-108.201684,36.706149],[-108.20202,36.706157]]]},"properties":{"class":"invasive_woody","min_prob":0.5}},{"type":"Feature","geometry":{"type":"Polygon","coordinates":[[[-108.195642,36.706006],[-108.195646,36.705916],[-108.19531,36.705908],[-108.195307,36.705998],[-108.195642,36.706006]]]},"properties":{"class":"invasive_woody","min_prob":0.5}},{"type":"Feature","geometry":{"type":"Polygon","coordinates":[[[-108.254375,36.707557],[-108.254388,36.707196],[-108.254276,36.707194],[-108.254263,36.707554],[-108.254375,36.707557]]]},"properties":{"class":"invasive_woody","min_prob":0.5}},{"type":"Feature","geometry":{"type":"Polygon","coordinates":[[[-108.272287,36.707698],[-108.27229,36.707608],[-108.272179,36.707606],[-108.272175,36.707696],[-108.272287,36.707698]]]},"properties":{"class":"invasive_woody","min_prob":0.5}},{"type":"Feature","geometry":{"type":"Polygon","coordinates":[[[-108.217798,36.706436],[-108.217802,36.706346],[-108.21769,36.706344],[-108.217686,36.706434],[-108.217798,36.706436]]]},"properties":{"class":"invasive_woody","min_prob":0.5}},{"type":"Feature","geometry":{"type":"Polygon","coordinates":[[[-108.202359,36.706074],[-108.202362,36.705984],[-108.20225,36.705982],[-108.202247,36.706072],[-108.202359,36.706074]]]},"properties":{"class":"invasive_woody","min_prob":0.5}},{"type":"Feature","geometry":{"type":"Polygon","coordinates":[[[-108.195869,36.705922],[-108.195873,36.705831],[-108.195761,36.705829],[-108.195758,36.705919],[-108.195869,36.705922]]]},"properties":{"class":"invasive_woody","min_prob":0.5}},{"type":"Feature","geometry":{"type":"Polygon","coordinates":[[[-108.271728,36.707686],[-108.271734,36.707505],[-108.271622,36.707503],[-108.271616,36.707683],[-108.271728,36.707686]]]},"properties":{"class":"invasive_woody","min_prob":0.5}},{"type":"Feature","geometry":{"type":"Polygon","coordinates":[[[-108.218581,36.706455],[-108.218588,36.706275],[-108.218476,36.706272],[-108.21847,36.706452],[-108.218581,36.706455]]]},"properties":{"class":"invasive_woody","min_prob":0.5}},{"type":"Feature","geometry":{"type":"Polygon","coordinates":[[[-108.216679,36.70641],[-108.216683,36.70632],[-108.216571,36.706318],[-108.216574,36.706227],[-108.216462,36.706225],[-108.216456,36.706405],[-108.216679,36.70641]]]},"properties":{"class":"invasive_woody","min_prob":0.5}},{"type":"Feature","geometry":{"type":"Polygon","coordinates":[[[-108.271955,36.707601],[-108.271958,36.70751],[-108.271846,36.707508],[-108.271843,36.707598],[-108.271955,36.707601]]]},"properties":{"class":"invasive_woody","min_prob":0.5}},{"type":"Feature","geometry":{"type":"Polygon","coordinates":[[[-108.271172,36.707583],[-108.271175,36.707493],[-108.271063,36.70749],[-108.27106,36.70758],[-108.271172,36.707583]]]},"properties":{"class":"invasive_woody","min_prob":0.5}},{"type":"Feature","geometry":{"type":"Polygon","coordinates":[[[-108.209522,36.706152],[-108.209525,36.706062],[-108.209414,36.70606],[-108.20941,36.70615],[-108.209522,36.706152]]]},"properties":{"class":"invasive_woody","min_prob":0.5}},{"type":"Feature","geometry":{"type":"Polygon","coordinates":[[[-108.209407,36.70624],[-108.20941,36.70615],[-108.209298,36.706147],[-108.209305,36.705967],[-108.209193,36.705964],[-108.20919,36.706054],[-108.209078,36.706052],[-108.209075,36.706142],[-108.209187,36.706145],[-108.209183,36.706235],[-108.209407,36.70624]]]},"properties":{"class":"invasive_woody","min_prob":0.5}},{"type":"Feature","geometry":{"type":"Polygon","coordinates":[[[-108.271287,36.707495],[-108.27129,36.707405],[-108.271178,36.707402],[-108.271175,36.707493],[-108.271287,36.707495]]]},"properties":{"class":"invasive_woody","min_prob":0.5}},{"type":"Feature","geometry":{"type":"Polygon","coordinates":[[[-108.254503,36.707109],[-108.254506,36.707019],[-108.254395,36.707016],[-108.254391,36.707106],[-108.254503,36.707109]]]},"properties":{"class":"invasive_woody","min_prob":0.5}},{"type":"Feature","geometry":{"type":"Polygon","coordinates":[[[-108.208966,36.706049],[-108.208969,36.705959],[-108.208522,36.705949],[-108.208519,36.706039],[-108.208966,36.706049]]]},"properties":{"class":"invasive_woody","min_prob":0.5}},{"type":"Feature","geometry":{"type":"Polygon","coordinates":[[[-108.203484,36.70592],[-108.203487,36.70583],[-108.203375,36.705828],[-108.203372,36.705918],[-108.203484,36.70592]]]},"properties":{"class":"invasive_woody","min_prob":0.5}},{"type":"Feature","geometry":{"type":"Polygon","coordinates":[[[-108.20326,36.705915],[-108.203263,36.705825],[-108.20304,36.70582],[-108.203036,36.70591],[-108.20326,36.705915]]]},"properties":{"class":"invasive_woody","min_prob":0.5}},{"type":"Feature","geometry":{"type":"Polygon","coordinates":[[[-108.211536,36.7062],[-108.211539,36.70611],[-108.211763,36.706115],[-108.211766,36.706025],[-108.211543,36.706019],[-108.211546,36.705929],[-108.211434,36.705927],[-108.211431,36.706017],[-108.211319,36.706014],[-108.211312,36.706194],[-108.211536,36.7062]]]},"properties":{"class":"invasive_woody","min_prob":0.5}},{"type":"Feature","geometry":{"type":"Polygon","coordinates":[[[-108.20841,36.705946],[-108.208413,36.705856],[-108.208078,36.705848],[-108.208074,36.705938],[-108.20841,36.705946]]]},"properties":{"class":"invasive_woody","min_prob":0.5}},{"type":"Feature","geometry":{"type":"Polygon","coordinates":[[[-108.204043,36.705934],[-108.204047,36.705844],[-108.204382,36.705851],[-108.204385,36.705761],[-108.203826,36.705748],[-108.203823,36.705838],[-108.203711,36.705836],[-108.203708,36.705926],[-108.204043,36.705934]]]},"properties":{"class":"invasive_woody","min_prob":0.5}},{"type":"Feature","geometry":{"type":"Polygon","coordinates":[[[-108.203711,36.705836],[-108.203714,36.705746],[-108.203602,36.705743],[-108.203599,36.705833],[-108.203711,36.705836]]]},"properties":{"class":"invasive_woody","min_prob":0.5}},{"type":"Feature","geometry":{"type":"Polygon","coordinates":[[[-108.218706,36.706097],[-108.21871,36.706007],[-108.218598,36.706004],[-108.218594,36.706094],[-108.218706,36.706097]]]},"properties":{"class":"invasive_woody","min_prob":0.5}},{"type":"Feature","geometry":{"type":"Polygon","coordinates":[[[-108.21714,36.70606],[-108.217143,36.70597],[-108.217031,36.705968],[-108.217028,36.706058],[-108.21714,36.70606]]]},"properties":{"class":"invasive_woody","min_prob":0.5}},{"type":"Feature","geometry":{"type":"Polygon","coordinates":[[[-108.205616,36.70579],[-108.205619,36.7057],[-108.204724,36.705679],[-108.204721,36.705769],[-108.205616,36.70579]]]},"properties":{"class":"invasive_woody","min_prob":0.5}},{"type":"Feature","geometry":{"type":"Polygon","coordinates":[[[-108.195185,36.706266],[-108.195192,36.706086],[-108.195303,36.706089],[-108.195307,36.705998],[-108.195083,36.705993],[-108.195086,36.705903],[-108.194974,36.7059],[-108.194978,36.70581],[-108.194866,36.705808],[-108.194872,36.705628],[-108.19476,36.705625],[-108.194764,36.705535],[-108.194652,36.705532],[-108.194655,36.705442],[-108.194543,36.705439],[-108.194547,36.705349],[-108.194323,36.705344],[-108.194316,36.705524],[-108.19454,36.70553],[-108.194537,36.70562],[-108.194649,36.705622],[-108.194639,36.705893],[-108.194527,36.70589],[-108.194524,36.70598],[-108.194747,36.705985],[-108.194744,36.706075],[-108.194968,36.706081],[-108.194965,36.706171],[-108.195076,36.706173],[-108.195073,36.706263],[-108.195185,36.706266]],[[-108.194971,36.705991],[-108.194859,36.705988],[-108.194862,36.705898],[-108.194974,36.7059],[-108.194971,36.705991]]]},"properties":{"class":"invasive_woody","min_prob":0.5}},{"type":"Feature","geometry":{"type":"Polygon","coordinates":[[[-108.207064,36.706005],[-108.207067,36.705914],[-108.207739,36.70593],[-108.207742,36.70584],[-108.20763,36.705838],[-108.207633,36.705747],[-108.207521,36.705745],[-108.207518,36.705835],[-108.206735,36.705817],[-108.206732,36.705907],[-108.20662,36.705904],[-108.206623,36.705814],[-108.206287,36.705806],[-108.206291,36.705716],[-108.205843,36.705705],[-108.205846,36.705615],[-108.205623,36.70561],[-108.205619,36.7057],[-108.205731,36.705703],[-108.205728,36.705793],[-108.206064,36.705801],[-108.20606,36.705891],[-108.206172,36.705893],[-108.206169,36.705984],[-108.207064,36.706005]]]},"properties":{"class":"invasive_woody","min_prob":0.5}},{"type":"Feature","geometry":{"type":"Polygon","coordinates":[[[-108.211549,36.705839],[-108.211556,36.705659],[-108.211444,36.705657],[-108.211437,36.705837],[-108.211549,36.705839]]]},"properties":{"class":"invasive_woody","min_prob":0.5}},{"type":"Feature","geometry":{"type":"Polygon","coordinates":[[[-108.21793,36.705899],[-108.217933,36.705808],[-108.217821,36.705806],[-108.217818,36.705896],[-108.21793,36.705899]]]},"properties":{"class":"invasive_woody","min_prob":0.5}},{"type":"Feature","geometry":{"type":"Polygon","coordinates":[[[-108.205175,36.7056],[-108.205178,36.705509],[-108.204955,36.705504],[-108.204951,36.705594],[-108.205175,36.7056]]]},"properties":{"class":"invasive_woody","min_prob":0.5}},{"type":"Feature","geometry":{"type":"Polygon","coordinates":[[[-108.21715,36.70579],[-108.217153,36.7057],[-108.217041,36.705697],[-108.217038,36.705788],[-108.21715,36.70579]]]},"properties":{"class":"invasive_woody","min_prob":0.5}},{"type":"Feature","geometry":{"type":"Polygon","coordinates":[[[-108.217265,36.705703],[-108.217268,36.705613],[-108.217156,36.70561],[-108.217153,36.7057],[-108.217265,36.705703]]]},"properties":{"class":"invasive_woody","min_prob":0.5}},{"type":"Feature","geometry":{"type":"Polygon","coordinates":[[[-108.254638,36.706481],[-108.254641,36.706391],[-108.254529,36.706388],[-108.254526,36.706478],[-108.254638,36.706481]]]},"properties":{"class":"invasive_woody","min_prob":0.5}},{"type":"Feature","geometry":{"type":"Polygon","coordinates":[[[-108.212122,36.705492],[-108.212125,36.705402],[-108.212013,36.705399],[-108.21201,36.705489],[-108.212122,36.705492]]]},"properties":{"class":"invasive_woody","min_prob":0.5}},{"type":"Feature","geometry":{"type":"Polygon","coordinates":[[[-108.212013,36.705399],[-108.212016,36.705309],[-108.211792,36.705304],[-108.211789,36.705394],[-108.212013,36.705399]]]},"properties":{"class":"invasive_woody","min_prob":0.5}},{"type":"Feature","geometry":{"type":"Polygon","coordinates":[[[-108.210335,36.70536],[-108.210338,36.70527],[-108.210002,36.705262],[-108.209999,36.705352],[-108.210335,36.70536]]]},"properties":{"class":"invasive_woody","min_prob":0.5}},{"type":"Feature","geometry":{"type":"Polygon","coordinates":[[[-108.218061,36.705361],[-108.218064,36.705271],[-108.217952,36.705268],[-108.217949,36.705358],[-108.218061,36.705361]]]},"properties":{"class":"invasive_woody","min_prob":0.5}},{"type":"Feature","geometry":{"type":"Polygon","coordinates":[[[-108.21739,36.705345],[-108.217393,36.705255],[-108.217281,36.705252],[-108.217278,36.705342],[-108.21739,36.705345]]]},"properties":{"class":"invasive_woody","min_prob":0.5}},{"type":"Feature","geometry":{"type":"Polygon","coordinates":[[[-108.212467,36.70523],[-108.21247,36.70514],[-108.212358,36.705137],[-108.212355,36.705227],[-108.212467,36.70523]]]},"properties":{"class":"invasive_woody","min_prob":0.5}},{"type":"Feature","geometry":{"type":"Polygon","coordinates":[[[-108.218624,36.705284],[-108.218627,36.705194],[-108.218515,36.705191],[-108.218512,36.705281],[-108.218624,36.705284]]]},"properties":{"class":"invasive_woody","min_prob":0.5}},{"type":"Feature","geometry":{"type":"Polygon","coordinates":[[[-108.217508,36.705167],[-108.217511,36.705077],[-108.2174,36.705075],[-108.217396,36.705165],[-108.217508,36.705167]]]},"properties":{"class":"invasive_woody","min_prob":0.5}},{"type":"Feature","geometry":{"type":"Polygon","coordinates":[[[-108.218518,36.705101],[-108.218522,36.705011],[-108.218298,36.705006],[-108.218295,36.705096],[-108.218518,36.705101]]]},"properties":{"class":"invasive_woody","min_prob":0.5}},{"type":"Feature","geometry":{"type":"Polygon","coordinates":[[[-108.210463,36.704912],[-108.210469,36.704732],[-108.210358,36.704729],[-108.210351,36.70491],[-108.210463,36.704912]]]},"properties":{"class":"invasive_woody","min_prob":0.5}},{"type":"Feature","geometry":{"type":"Polygon","coordinates":[[[-108.218298,36.705006],[-108.218301,36.704915],[-108.218189,36.704913],[-108.218186,36.705003],[-108.218298,36.705006]]]},"properties":{"class":"invasive_woody","min_prob":0.5}},{"type":"Feature","geometry":{"type":"Polygon","coordinates":[[[-108.21248,36.704869],[-108.212483,36.704779],[-108.212371,36.704777],[-108.212368,36.704867],[-108.21248,36.704869]]]},"properties":{"class":"invasive_woody","min_prob":0.5}},{"type":"Feature","geometry":{"type":"Polygon","coordinates":[[[-108.21069,36.704827],[-108.210693,36.704737],[-108.210581,36.704735],[-108.210578,36.704825],[-108.21069,36.704827]]]},"properties":{"class":"invasive_woody","min_prob":0.5}},{"type":"Feature","geometry":{"type":"Polygon","coordinates":[[[-108.218525,36.704921],[-108.218528,36.704831],[-108.218416,36.704828],[-108.218413,36.704918],[-108.218525,36.704921]]]},"properties":{"class":"invasive_woody","min_prob":0.5}},{"type":"Feature","geometry":{"type":"Polygon","coordinates":[[[-108.218755,36.704746],[-108.218758,36.704656],[-108.218646,36.704653],[-108.218643,36.704743],[-108.218755,36.704746]]]},"properties":{"class":"invasive_woody","min_prob":0.5}},{"type":"Feature","geometry":{"type":"Polygon","coordinates":[[[-108.217636,36.70472],[-108.21764,36.704629],[-108.217528,36.704627],[-108.217524,36.704717],[-108.217636,36.70472]]]},"properties":{"class":"invasive_woody","min_prob":0.5}},{"type":"Feature","geometry":{"type":"Polygon","coordinates":[[[-108.210812,36.70456],[-108.210815,36.70447],[-108.210703,36.704467],[-108.2107,36.704557],[-108.210812,36.70456]]]},"properties":{"class":"invasive_woody","min_prob":0.5}},{"type":"Feature","geometry":{"type":"Polygon","coordinates":[[[-108.217307,36.704532],[-108.21731,36.704441],[-108.217199,36.704439],[-108.217195,36.704529],[-108.217307,36.704532]]]},"properties":{"class":"invasive_woody","min_prob":0.5}},{"type":"Feature","geometry":{"type":"Polygon","coordinates":[[[-108.218989,36.704481],[-108.218992,36.704391],[-108.21888,36.704388],[-108.218877,36.704478],[-108.218989,36.704481]]]},"properties":{"class":"invasive_woody","min_prob":0.5}},{"type":"Feature","geometry":{"type":"Polygon","coordinates":[[[-108.217314,36.704351],[-108.217317,36.704261],[-108.217205,36.704259],[-108.217202,36.704349],[-108.217314,36.704351]]]},"properties":{"class":"invasive_woody","min_prob":0.5}},{"type":"Feature","geometry":{"type":"Polygon","coordinates":[[[-108.218548,36.70429],[-108.218551,36.7042],[-108.218439,36.704197],[-108.218436,36.704287],[-108.218548,36.70429]]]},"properties":{"class":"invasive_woody","min_prob":0.5}},{"type":"Feature","geometry":{"type":"Polygon","coordinates":[[[-108.217429,36.704264],[-108.217435,36.704084],[-108.217323,36.704081],[-108.217317,36.704261],[-108.217429,36.704264]]]},"properties":{"class":"invasive_woody","min_prob":0.5}},{"type":"Feature","geometry":{"type":"Polygon","coordinates":[[[-108.225264,36.704357],[-108.225267,36.704267],[-108.225155,36.704264],[-108.225152,36.704354],[-108.225264,36.704357]]]},"properties":{"class":"invasive_woody","min_prob":0.5}},{"type":"Feature","geometry":{"type":"Polygon","coordinates":[[[-108.219225,36.704126],[-108.219229,36.704036],[-108.219117,36.704033],[-108.219113,36.704123],[-108.219225,36.704126]]]},"properties":{"class":"invasive_woody","min_prob":0.5}},{"type":"Feature","geometry":{"type":"Polygon","coordinates":[[[-108.205129,36.703795],[-108.205132,36.703705],[-108.20502,36.703703],[-108.205017,36.703793],[-108.205129,36.703795]]]},"properties":{"class":"invasive_woody","min_prob":0.5}},{"type":"Feature","geometry":{"type":"Polygon","coordinates":[[[-108.204457,36.703779],[-108.204461,36.703689],[-108.204349,36.703687],[-108.204345,36.703777],[-108.204457,36.703779]]]},"properties":{"class":"invasive_woody","min_prob":0.5}},{"type":"Feature","geometry":{"type":"Polygon","coordinates":[[[-108.217662,36.703999],[-108.217669,36.703819],[-108.217557,36.703816],[-108.217554,36.703906],[-108.217442,36.703904],[-108.217439,36.703994],[-108.217662,36.703999]]]},"properties":{"class":"invasive_woody","min_prob":0.5}},{"type":"Feature","geometry":{"type":"Polygon","coordinates":[[[-108.219567,36.703953],[-108.219571,36.703863],[-108.219459,36.703861],[-108.219456,36.703951],[-108.219567,36.703953]]]},"properties":{"class":"invasive_woody","min_prob":0.5}},{"type":"Feature","geometry":{"type":"Polygon","coordinates":[[[-108.204352,36.703597],[-108.204355,36.703507],[-108.204243,36.703504],[-108.20424,36.703594],[-108.204352,36.703597]]]},"properties":{"class":"invasive_woody","min_prob":0.5}},{"type":"Feature","geometry":{"type":"Polygon","coordinates":[[[-108.265219,36.704921],[-108.265222,36.704831],[-108.26511,36.704829],[-108.265107,36.704919],[-108.265219,36.704921]]]},"properties":{"class":"invasive_woody","min_prob":0.5}},{"type":"Feature","geometry":{"type":"Polygon","coordinates":[[[-108.217781,36.703821],[-108.217784,36.703731],[-108.217672,36.703729],[-108.217669,36.703819],[-108.217781,36.703821]]]},"properties":{"class":"invasive_woody","min_prob":0.5}},{"type":"Feature","geometry":{"type":"Polygon","coordinates":[[[-108.218903,36.703757],[-108.218906,36.703667],[-108.218794,36.703665],[-108.218791,36.703755],[-108.218903,36.703757]]]},"properties":{"class":"invasive_woody","min_prob":0.5}},{"type":"Feature","geometry":{"type":"Polygon","coordinates":[[[-108.218008,36.703736],[-108.218014,36.703556],[-108.21779,36.703551],[-108.217787,36.703641],[-108.217899,36.703644],[-108.217896,36.703734],[-108.218008,36.703736]]]},"properties":{"class":"invasive_woody","min_prob":0.5}},{"type":"Feature","geometry":{"type":"Polygon","coordinates":[[[-108.284805,36.70519],[-108.284809,36.7051],[-108.284697,36.705097],[-108.284694,36.705187],[-108.284805,36.70519]]]},"properties":{"class":"invasive_woody","min_prob":0.5}},{"type":"Feature","geometry":{"type":"Polygon","coordinates":[[[-108.219465,36.70368],[-108.219469,36.70359],[-108.219357,36.703588],[-108.219353,36.703678],[-108.219465,36.70368]]]},"properties":{"class":"invasive_woody","min_prob":0.5}},{"type":"Feature","geometry":{"type":"Polygon","coordinates":[[[-108.219245,36.703585],[-108.219248,36.703495],[-108.219136,36.703492],[-108.219133,36.703582],[-108.219245,36.703585]]]},"properties":{"class":"invasive_woody","min_prob":0.5}},{"type":"Feature","geometry":{"type":"Polygon","coordinates":[[[-108.20526,36.703257],[-108.205263,36.703167],[-108.205151,36.703165],[-108.205148,36.703255],[-108.20526,36.703257]]]},"properties":{"class":"invasive_woody","min_prob":0.5}},{"type":"Feature","geometry":{"type":"Polygon","coordinates":[[[-108.276308,36.704815],[-108.276315,36.704635],[-108.276203,36.704632],[-108.2762,36.704722],[-108.275976,36.704717],[-108.275973,36.704807],[-108.276308,36.704815]]]},"properties":{"class":"invasive_woody","min_prob":0.5}},{"type":"Feature","geometry":{"type":"Polygon","coordinates":[[[-108.220255,36.703519],[-108.220258,36.703428],[-108.220146,36.703426],[-108.22015,36.703336],[-108.219926,36.703331],[-108.219923,36.703421],[-108.220034,36.703423],[-108.220031,36.703513],[-108.220255,36.703519]]]},"properties":{"class":"invasive_woody","min_prob":0.5}},{"type":"Feature","geometry":{"type":"Polygon","coordinates":[[[-108.27564,36.70471],[-108.275643,36.70462],[-108.275532,36.704617],[-108.275528,36.704707],[-108.27564,36.70471]]]},"properties":{"class":"invasive_woody","min_prob":0.5}},{"type":"Feature","geometry":{"type":"Polygon","coordinates":[[[-108.276427,36.704637],[-108.27643,36.704547],[-108.276318,36.704545],[-108.276315,36.704635],[-108.276427,36.704637]]]},"properties":{"class":"invasive_woody","min_prob":0.5}},{"type":"Feature","geometry":{"type":"Polygon","coordinates":[[[-108.27542,36.704614],[-108.275423,36.704524],[-108.275311,36.704522],[-108.275308,36.704612],[-108.27542,36.704614]]]},"properties":{"class":"invasive_woody","min_prob":0.5}},{"type":"Feature","geometry":{"type":"Polygon","coordinates":[[[-108.220597,36.703346],[-108.2206,36.703256],[-108.220488,36.703253],[-108.220485,36.703344],[-108.220597,36.703346]]]},"properties":{"class":"invasive_woody","min_prob":0.5}},{"type":"Feature","geometry":{"type":"Polygon","coordinates":[[[-108.265241,36.704291],[-108.265244,36.704201],[-108.265133,36.704198],[-108.265129,36.704288],[-108.265241,36.704291]]]},"properties":{"class":"invasive_woody","min_prob":0.5}},{"type":"Feature","geometry":{"type":"Polygon","coordinates":[[[-108.261549,36.704206],[-108.261552,36.704116],[-108.26144,36.704113],[-108.261437,36.704203],[-108.261549,36.704206]]]},"properties":{"class":"invasive_woody","min_prob":0.5}},{"type":"Feature","geometry":{"type":"Polygon","coordinates":[[[-108.219929,36.70324],[-108.219932,36.70315],[-108.21982,36.703148],[-108.219817,36.703238],[-108.219929,36.70324]]]},"properties":{"class":"invasive_woody","min_prob":0.5}},{"type":"Feature","geometry":{"type":"Polygon","coordinates":[[[-108.218916,36.703397],[-108.218919,36.703307],[-108.219031,36.70331],[-108.219034,36.70322],[-108.219146,36.703222],[-108.219149,36.703132],[-108.218814,36.703124],[-108.21881,36.703214],[-108.218698,36.703212],[-108.218692,36.703392],[-108.218916,36.703397]]]},"properties":{"class":"invasive_woody","min_prob":0.5}},{"type":"Feature","geometry":{"type":"Polygon","coordinates":[[[-108.276992,36.70447],[-108.276996,36.70438],[-108.276884,36.704377],[-108.276881,36.704468],[-108.276992,36.70447]]]},"properties":{"class":"invasive_woody","min_prob":0.5}},{"type":"Feature","geometry":{"type":"Polygon","coordinates":[[[-108.204717,36.702794],[-108.204723,36.702614],[-108.204612,36.702611],[-108.204605,36.702791],[-108.204717,36.702794]]]},"properties":{"class":"invasive_woody","min_prob":0.5}},{"type":"Feature","geometry":{"type":"Polygon","coordinates":[[[-108.261332,36.70402],[-108.261335,36.70393],[-108.261223,36.703928],[-108.26122,36.704018],[-108.261332,36.70402]]]},"properties":{"class":"invasive_woody","min_prob":0.5}},{"type":"Feature","geometry":{"type":"Polygon","coordinates":[[[-108.204934,36.702979],[-108.204937,36.702889],[-108.205049,36.702892],[-108.205056,36.702712],[-108.205168,36.702714],[-108.205171,36.702624],[-108.205059,36.702622],[-108.205062,36.702531],[-108.204951,36.702529],[-108.204941,36.702799],[-108.204717,36.702794],[-108.20471,36.702974],[-108.204934,36.702979]]]},"properties":{"class":"invasive_woody","min_prob":0.5}},{"type":"Feature","geometry":{"type":"Polygon","coordinates":[[[-108.261674,36.703848],[-108.261677,36.703758],[-108.261565,36.703755],[-108.261562,36.703845],[-108.261674,36.703848]]]},"properties":{"class":"invasive_woody","min_prob":0.5}},{"type":"Feature","geometry":{"type":"Polygon","coordinates":[[[-108.221739,36.702742],[-108.221742,36.702652],[-108.22163,36.702649],[-108.221627,36.702739],[-108.221739,36.702742]]]},"properties":{"class":"invasive_woody","min_prob":0.5}},{"type":"Feature","geometry":{"type":"Polygon","coordinates":[[[-108.261795,36.70358],[-108.261798,36.70349],[-108.261687,36.703488],[-108.261683,36.703578],[-108.261795,36.70358]]]},"properties":{"class":"invasive_woody","min_prob":0.5}},{"type":"Feature","geometry":{"type":"Polygon","coordinates":[[[-108.203953,36.702235],[-108.203957,36.702145],[-108.203733,36.70214],[-108.20373,36.70223],[-108.203953,36.702235]]]},"properties":{"class":"invasive_woody","min_prob":0.5}},{"type":"Feature","geometry":{"type":"Polygon","coordinates":[[[-108.26191,36.703493],[-108.261914,36.703403],[-108.261802,36.7034],[-108.261798,36.70349],[-108.26191,36.703493]]]},"properties":{"class":"invasive_woody","min_prob":0.5}},{"type":"Feature","geometry":{"type":"Polygon","coordinates":[[[-108.204628,36.702161],[-108.204631,36.70207],[-108.204519,36.702068],[-108.204516,36.702158],[-108.204628,36.702161]]]},"properties":{"class":"invasive_woody","min_prob":0.5}},{"type":"Feature","geometry":{"type":"Polygon","coordinates":[[[-108.221854,36.702654],[-108.221857,36.702564],[-108.221969,36.702567],[-108.221975,36.702387],[-108.221863,36.702384],[-108.22186,36.702474],[-108.221748,36.702471],[-108.221742,36.702652],[-108.221854,36.702654]]]},"properties":{"class":"invasive_woody","min_prob":0.5}},{"type":"Feature","geometry":{"type":"Polygon","coordinates":[[[-108.262025,36.703405],[-108.262029,36.703315],[-108.261917,36.703313],[-108.261914,36.703403],[-108.262025,36.703405]]]},"properties":{"class":"invasive_woody","min_prob":0.5}},{"type":"Feature","geometry":{"type":"Polygon","coordinates":[[[-108.222647,36.702402],[-108.22265,36.702312],[-108.222538,36.70231],[-108.222535,36.7024],[-108.222647,36.702402]]]},"properties":{"class":"invasive_woody","min_prob":0.5}},{"type":"Feature","geometry":{"type":"Polygon","coordinates":[[[-108.204634,36.70198],[-108.204638,36.70189],[-108.204526,36.701888],[-108.204523,36.701978],[-108.204634,36.70198]]]},"properties":{"class":"invasive_woody","min_prob":0.5}},{"type":"Feature","geometry":{"type":"Polygon","coordinates":[[[-108.205286,36.702537],[-108.205306,36.701996],[-108.205418,36.701999],[-108.205421,36.701909],[-108.205309,36.701906],[-108.205312,36.701816],[-108.2052,36.701813],[-108.205204,36.701723],[-108.204868,36.701715],[-108.204858,36.701986],[-108.20497,36.701988],[-108.204967,36.702078],[-108.205079,36.702081],[-108.205085,36.701901],[-108.205197,36.701903],[-108.205174,36.702534],[-108.205286,36.702537]]]},"properties":{"class":"invasive_woody","min_prob":0.5}},{"type":"Feature","geometry":{"type":"Polygon","coordinates":[[[-108.277811,36.703497],[-108.277814,36.703407],[-108.277702,36.703404],[-108.277699,36.703494],[-108.277811,36.703497]]]},"properties":{"class":"invasive_woody","min_prob":0.5}},{"type":"Feature","geometry":{"type":"Polygon","coordinates":[[[-108.261028,36.703112],[-108.261031,36.703022],[-108.260919,36.703019],[-108.260916,36.703109],[-108.261028,36.703112]]]},"properties":{"class":"invasive_woody","min_prob":0.5}},{"type":"Feature","geometry":{"type":"Polygon","coordinates":[[[-108.261143,36.703024],[-108.261146,36.702934],[-108.261034,36.702932],[-108.261031,36.703022],[-108.261143,36.703024]]]},"properties":{"class":"invasive_woody","min_prob":0.5}},{"type":"Feature","geometry":{"type":"Polygon","coordinates":[[[-108.205651,36.701734],[-108.205654,36.701644],[-108.205543,36.701641],[-108.205539,36.701731],[-108.205651,36.701734]]]},"properties":{"class":"invasive_woody","min_prob":0.5}},{"type":"Feature","geometry":{"type":"Polygon","coordinates":[[[-108.263608,36.702991],[-108.263611,36.702901],[-108.263387,36.702896],[-108.263384,36.702986],[-108.263608,36.702991]]]},"properties":{"class":"invasive_woody","min_prob":0.5}},{"type":"Feature","geometry":{"type":"Polygon","coordinates":[[[-108.284645,36.703383],[-108.284648,36.703293],[-108.284536,36.70329],[-108.284533,36.70338],[-108.284645,36.703383]]]},"properties":{"class":"invasive_woody","min_prob":0.5}},{"type":"Feature","geometry":{"type":"Polygon","coordinates":[[[-108.28476,36.703295],[-108.284763,36.703205],[-108.284651,36.703203],[-108.284648,36.703293],[-108.28476,36.703295]]]},"properties":{"class":"invasive_woody","min_prob":0.5}},{"type":"Feature","geometry":{"type":"Polygon","coordinates":[[[-108.27805,36.703052],[-108.278053,36.702962],[-108.277942,36.702959],[-108.277938,36.703049],[-108.27805,36.703052]]]},"properties":{"class":"invasive_woody","min_prob":0.5}},{"type":"Feature","geometry":{"type":"Polygon","coordinates":[[[-108.263167,36.7028],[-108.26317,36.70271],[-108.263282,36.702713],[-108.263285,36.702623],[-108.263061,36.702618],[-108.263058,36.702708],[-108.262722,36.7027],[-108.262719,36.70279],[-108.263167,36.7028]]]},"properties":{"class":"invasive_woody","min_prob":0.5}},{"type":"Feature","geometry":{"type":"Polygon","coordinates":[[[-108.264404,36.702649],[-108.264407,36.702558],[-108.264295,36.702556],[-108.264292,36.702646],[-108.264404,36.702649]]]},"properties":{"class":"invasive_woody","min_prob":0.5}},{"type":"Feature","geometry":{"type":"Polygon","coordinates":[[[-108.263397,36.702625],[-108.2634,36.702535],[-108.263288,36.702533],[-108.263285,36.702623],[-108.263397,36.702625]]]},"properties":{"class":"invasive_woody","min_prob":0.5}},{"type":"Feature","geometry":{"type":"Polygon","coordinates":[[[-108.265967,36.702775],[-108.265976,36.702504],[-108.265865,36.702502],[-108.265855,36.702772],[-108.265967,36.702775]]]},"properties":{"class":"invasive_woody","min_prob":0.5}},{"type":"Feature","geometry":{"type":"Polygon","coordinates":[[[-108.264854,36.702569],[-108.264858,36.702479],[-108.264746,36.702476],[-108.264743,36.702566],[-108.264854,36.702569]]]},"properties":{"class":"invasive_woody","min_prob":0.5}},{"type":"Feature","geometry":{"type":"Polygon","coordinates":[[[-108.205671,36.701193],[-108.205674,36.701103],[-108.205562,36.701101],[-108.205559,36.701191],[-108.205671,36.701193]]]},"properties":{"class":"invasive_woody","min_prob":0.5}},{"type":"Feature","geometry":{"type":"Polygon","coordinates":[[[-108.284885,36.702937],[-108.284888,36.702847],[-108.284776,36.702845],[-108.284773,36.702935],[-108.284885,36.702937]]]},"properties":{"class":"invasive_woody","min_prob":0.5}},{"type":"Feature","geometry":{"type":"Polygon","coordinates":[[[-108.26497,36.702481],[-108.264973,36.702391],[-108.264861,36.702389],[-108.264858,36.702479],[-108.26497,36.702481]]]},"properties":{"class":"invasive_woody","min_prob":0.5}},{"type":"Feature","geometry":{"type":"Polygon","coordinates":[[[-108.284779,36.702755],[-108.284782,36.702665],[-108.284559,36.702659],[-108.284555,36.70275],[-108.284779,36.702755]]]},"properties":{"class":"invasive_woody","min_prob":0.5}},{"type":"Feature","geometry":{"type":"Polygon","coordinates":[[[-108.205233,36.700913],[-108.205236,36.700822],[-108.205124,36.70082],[-108.205121,36.70091],[-108.205233,36.700913]]]},"properties":{"class":"invasive_woody","min_prob":0.5}},{"type":"Feature","geometry":{"type":"Polygon","coordinates":[[[-108.228733,36.701282],[-108.228737,36.701192],[-108.228625,36.701189],[-108.228622,36.701279],[-108.228733,36.701282]]]},"properties":{"class":"invasive_woody","min_prob":0.5}},{"type":"Feature","geometry":{"type":"Polygon","coordinates":[[[-108.228625,36.701189],[-108.228628,36.701099],[-108.228516,36.701097],[-108.228513,36.701187],[-108.228625,36.701189]]]},"properties":{"class":"invasive_woody","min_prob":0.5}},{"type":"Feature","geometry":{"type":"Polygon","coordinates":[[[-108.284568,36.702389],[-108.284571,36.702299],[-108.284459,36.702297],[-108.284456,36.702387],[-108.284568,36.702389]]]},"properties":{"class":"invasive_woody","min_prob":0.5}},{"type":"Feature","geometry":{"type":"Polygon","coordinates":[[[-108.274722,36.702164],[-108.274726,36.702074],[-108.274614,36.702071],[-108.274611,36.702161],[-108.274722,36.702164]]]},"properties":{"class":"invasive_woody","min_prob":0.5}},{"type":"Feature","geometry":{"type":"Polygon","coordinates":[[[-108.26566,36.701956],[-108.265663,36.701866],[-108.265551,36.701863],[-108.265548,36.701954],[-108.26566,36.701956]]]},"properties":{"class":"invasive_woody","min_prob":0.5}},{"type":"Feature","geometry":{"type":"Polygon","coordinates":[[[-108.27875,36.702256],[-108.278757,36.702076],[-108.278645,36.702074],[-108.278641,36.702164],[-108.27853,36.702161],[-108.278526,36.702251],[-108.27875,36.702256]]]},"properties":{"class":"invasive_woody","min_prob":0.5}},{"type":"Feature","geometry":{"type":"Polygon","coordinates":[[[-108.262195,36.701786],[-108.262198,36.701696],[-108.262086,36.701694],[-108.262083,36.701784],[-108.262195,36.701786]]]},"properties":{"class":"invasive_woody","min_prob":0.5}},{"type":"Feature","geometry":{"type":"Polygon","coordinates":[[[-108.210172,36.700578],[-108.210175,36.700488],[-108.210063,36.700485],[-108.21006,36.700575],[-108.210172,36.700578]]]},"properties":{"class":"invasive_woody","min_prob":0.5}},{"type":"Feature","geometry":{"type":"Polygon","coordinates":[[[-108.281777,36.702145],[-108.281781,36.702055],[-108.281669,36.702052],[-108.281666,36.702143],[-108.281777,36.702145]]]},"properties":{"class":"invasive_woody","min_prob":0.5}},{"type":"Feature","geometry":{"type":"Polygon","coordinates":[[[-108.210511,36.700495],[-108.210514,36.700405],[-108.210402,36.700403],[-108.210399,36.700493],[-108.210511,36.700495]]]},"properties":{"class":"invasive_woody","min_prob":0.5}},{"type":"Feature","geometry":{"type":"Polygon","coordinates":[[[-108.209951,36.700482],[-108.209955,36.700392],[-108.209843,36.70039],[-108.209839,36.70048],[-108.209951,36.700482]]]},"properties":{"class":"invasive_woody","min_prob":0.5}},{"type":"Feature","geometry":{"type":"Polygon","coordinates":[[[-108.209392,36.700469],[-108.209395,36.700379],[-108.209283,36.700376],[-108.20928,36.700467],[-108.209392,36.700469]]]},"properties":{"class":"invasive_woody","min_prob":0.5}},{"type":"Feature","geometry":{"type":"Polygon","coordinates":[[[-108.199995,36.700248],[-108.199998,36.700158],[-108.199774,36.700153],[-108.199771,36.700243],[-108.199995,36.700248]]]},"properties":{"class":"invasive_woody","min_prob":0.5}},{"type":"Feature","geometry":{"type":"Polygon","coordinates":[[[-108.262086,36.701694],[-108.262093,36.701513],[-108.261981,36.701511],[-108.261974,36.701691],[-108.262086,36.701694]]]},"properties":{"class":"invasive_woody","min_prob":0.5}},{"type":"Feature","geometry":{"type":"Polygon","coordinates":[[[-108.210738,36.700411],[-108.210741,36.70032],[-108.210629,36.700318],[-108.210626,36.700408],[-108.210738,36.700411]]]},"properties":{"class":"invasive_woody","min_prob":0.5}},{"type":"Feature","geometry":{"type":"Polygon","coordinates":[[[-108.261981,36.701511],[-108.261984,36.701421],[-108.261648,36.701413],[-108.261645,36.701503],[-108.261981,36.701511]]]},"properties":{"class":"invasive_woody","min_prob":0.5}},{"type":"Feature","geometry":{"type":"Polygon","coordinates":[[[-108.261421,36.701498],[-108.261424,36.701408],[-108.261201,36.701403],[-108.261198,36.701493],[-108.261421,36.701498]]]},"properties":{"class":"invasive_woody","min_prob":0.5}},{"type":"Feature","geometry":{"type":"Polygon","coordinates":[[[-108.210293,36.70031],[-108.210297,36.70022],[-108.210185,36.700217],[-108.210182,36.700307],[-108.210293,36.70031]]]},"properties":{"class":"invasive_woody","min_prob":0.5}},{"type":"Feature","geometry":{"type":"Polygon","coordinates":[[[-108.248772,36.701386],[-108.248779,36.701206],[-108.248667,36.701204],[-108.24867,36.701114],[-108.248782,36.701116],[-108.248785,36.701026],[-108.248562,36.701021],[-108.248552,36.701291],[-108.248664,36.701294],[-108.248661,36.701384],[-108.248772,36.701386]]]},"properties":{"class":"invasive_woody","min_prob":0.5}},{"type":"Feature","geometry":{"type":"Polygon","coordinates":[[[-108.261987,36.701331],[-108.26199,36.701241],[-108.261767,36.701235],[-108.261763,36.701326],[-108.261987,36.701331]]]},"properties":{"class":"invasive_woody","min_prob":0.5}},{"type":"Feature","geometry":{"type":"Polygon","coordinates":[[[-108.20468,36.700719],[-108.204687,36.700539],[-108.204799,36.700542],[-108.204802,36.700452],[-108.204914,36.700454],[-108.204917,36.700364],[-108.205029,36.700367],[-108.205042,36.700006],[-108.205154,36.700009],[-108.20516,36.699829],[-108.205048,36.699826],[-108.205045,36.699916],[-108.204933,36.699914],[-108.20493,36.700004],[-108.204706,36.699999],[-108.204696,36.700269],[-108.204585,36.700266],[-108.204578,36.700446],[-108.204466,36.700444],[-108.20446,36.700624],[-108.204572,36.700626],[-108.204568,36.700717],[-108.20468,36.700719]]]},"properties":{"class":"invasive_woody","min_prob":0.5}},{"type":"Feature","geometry":{"type":"Polygon","coordinates":[[[-108.261207,36.701223],[-108.26121,36.701132],[-108.261098,36.70113],[-108.261095,36.70122],[-108.261207,36.701223]]]},"properties":{"class":"invasive_woody","min_prob":0.5}},{"type":"Feature","geometry":{"type":"Polygon","coordinates":[[[-108.261437,36.701048],[-108.26144,36.700957],[-108.261329,36.700955],[-108.261325,36.701045],[-108.261437,36.701048]]]},"properties":{"class":"invasive_woody","min_prob":0.5}},{"type":"Feature","geometry":{"type":"Polygon","coordinates":[[[-108.205275,36.699741],[-108.205279,36.699651],[-108.205167,36.699649],[-108.205164,36.699739],[-108.205275,36.699741]]]},"properties":{"class":"invasive_woody","min_prob":0.5}},{"type":"Feature","geometry":{"type":"Polygon","coordinates":[[[-108.204604,36.699726],[-108.204607,36.699636],[-108.204496,36.699633],[-108.204492,36.699723],[-108.204604,36.699726]]]},"properties":{"class":"invasive_woody","min_prob":0.5}},{"type":"Feature","geometry":{"type":"Polygon","coordinates":[[[-108.228861,36.700834],[-108.228865,36.700744],[-108.228753,36.700741],[-108.228763,36.700471],[-108.228874,36.700474],[-108.228887,36.700113],[-108.228664,36.700108],[-108.228657,36.700288],[-108.228769,36.700291],[-108.228766,36.700381],[-108.228654,36.700378],[-108.228638,36.700829],[-108.228861,36.700834]]]},"properties":{"class":"invasive_woody","min_prob":0.5}},{"type":"Feature","geometry":{"type":"Polygon","coordinates":[[[-108.206628,36.699503],[-108.206631,36.699413],[-108.206519,36.69941],[-108.206516,36.6995],[-108.206628,36.699503]]]},"properties":{"class":"invasive_woody","min_prob":0.5}},{"type":"Feature","geometry":{"type":"Polygon","coordinates":[[[-108.282819,36.701177],[-108.282822,36.701087],[-108.282599,36.701082],[-108.282595,36.701172],[-108.282819,36.701177]]]},"properties":{"class":"invasive_woody","min_prob":0.5}},{"type":"Feature","geometry":{"type":"Polygon","coordinates":[[[-108.230236,36.699965],[-108.23024,36.699874],[-108.230128,36.699872],[-108.230124,36.699962],[-108.230236,36.699965]]]},"properties":{"class":"invasive_woody","min_prob":0.5}},{"type":"Feature","geometry":{"type":"Polygon","coordinates":[[[-108.230351,36.699877],[-108.230355,36.699787],[-108.230243,36.699784],[-108.23024,36.699874],[-108.230351,36.699877]]]},"properties":{"class":"invasive_woody","min_prob":0.5}},{"type":"Feature","geometry":{"type":"Polygon","coordinates":[[[-108.205627,36.699299],[-108.205631,36.699209],[-108.205519,36.699206],[-108.205516,36.699296],[-108.205627,36.699299]]]},"properties":{"class":"invasive_woody","min_prob":0.5}},{"type":"Feature","geometry":{"type":"Polygon","coordinates":[[[-108.200705,36.699183],[-108.200708,36.699093],[-108.200596,36.69909],[-108.200593,36.699181],[-108.200705,36.699183]]]},"properties":{"class":"invasive_woody","min_prob":0.5}},{"type":"Feature","geometry":{"type":"Polygon","coordinates":[[[-108.200481,36.699178],[-108.200485,36.699088],[-108.200373,36.699085],[-108.200369,36.699175],[-108.200481,36.699178]]]},"properties":{"class":"invasive_woody","min_prob":0.5}},{"type":"Feature","geometry":{"type":"Polygon","coordinates":[[[-108.248028,36.700287],[-108.248031,36.700197],[-108.247919,36.700195],[-108.247922,36.700104],[-108.247811,36.700102],[-108.247807,36.700192],[-108.247695,36.700189],[-108.247692,36.700279],[-108.248028,36.700287]]]},"properties":{"class":"invasive_woody","min_prob":0.5}},{"type":"Feature","geometry":{"type":"Polygon","coordinates":[[[-108.282826,36.700997],[-108.282829,36.700907],[-108.282717,36.700904],[-108.282714,36.700994],[-108.282826,36.700997]]]},"properties":{"class":"invasive_woody","min_prob":0.5}},{"type":"Feature","geometry":{"type":"Polygon","coordinates":[[[-108.230467,36.69979],[-108.23047,36.699699],[-108.230358,36.699697],[-108.230355,36.699787],[-108.230467,36.69979]]]},"properties":{"class":"invasive_woody","min_prob":0.5}},{"type":"Feature","geometry":{"type":"Polygon","coordinates":[[[-108.212679,36.699374],[-108.212682,36.699284],[-108.21257,36.699281],[-108.212567,36.699372],[-108.212679,36.699374]]]},"properties":{"class":"invasive_woody","min_prob":0.5}},{"type":"Feature","geometry":{"type":"Polygon","coordinates":[[[-108.205743,36.699211],[-108.205746,36.699121],[-108.205634,36.699119],[-108.205631,36.699209],[-108.205743,36.699211]]]},"properties":{"class":"invasive_woody","min_prob":0.5}},{"type":"Feature","geometry":{"type":"Polygon","coordinates":[[[-108.211451,36.699255],[-108.211455,36.699165],[-108.211343,36.699163],[-108.211339,36.699253],[-108.211451,36.699255]]]},"properties":{"class":"invasive_woody","min_prob":0.5}},{"type":"Feature","geometry":{"type":"Polygon","coordinates":[[[-108.211228,36.69925],[-108.211231,36.69916],[-108.211119,36.699157],[-108.211116,36.699247],[-108.211228,36.69925]]]},"properties":{"class":"invasive_woody","min_prob":0.5}},{"type":"Feature","geometry":{"type":"Polygon","coordinates":[[[-108.205858,36.699124],[-108.205861,36.699034],[-108.205749,36.699031],[-108.205746,36.699121],[-108.205858,36.699124]]]},"properties":{"class":"invasive_woody","min_prob":0.5}},{"type":"Feature","geometry":{"type":"Polygon","coordinates":[[[-108.205634,36.699119],[-108.205637,36.699029],[-108.205525,36.699026],[-108.205522,36.699116],[-108.205634,36.699119]]]},"properties":{"class":"invasive_woody","min_prob":0.5}},{"type":"Feature","geometry":{"type":"Polygon","coordinates":[[[-108.200823,36.699006],[-108.200827,36.698916],[-108.200715,36.698913],[-108.200712,36.699003],[-108.200823,36.699006]]]},"properties":{"class":"invasive_woody","min_prob":0.5}},{"type":"Feature","geometry":{"type":"Polygon","coordinates":[[[-108.211343,36.699163],[-108.211346,36.699072],[-108.211234,36.69907],[-108.211231,36.69916],[-108.211343,36.699163]]]},"properties":{"class":"invasive_woody","min_prob":0.5}},{"type":"Feature","geometry":{"type":"Polygon","coordinates":[[[-108.205976,36.698946],[-108.205979,36.698856],[-108.205867,36.698854],[-108.205864,36.698944],[-108.205976,36.698946]]]},"properties":{"class":"invasive_woody","min_prob":0.5}},{"type":"Feature","geometry":{"type":"Polygon","coordinates":[[[-108.2006,36.699],[-108.200603,36.69891],[-108.200715,36.698913],[-108.200718,36.698823],[-108.200942,36.698828],[-108.200945,36.698738],[-108.200833,36.698735],[-108.200837,36.698645],[-108.200725,36.698643],[-108.200721,36.698733],[-108.200609,36.69873],[-108.200606,36.69882],[-108.200494,36.698818],[-108.200488,36.698998],[-108.2006,36.699]]]},"properties":{"class":"invasive_woody","min_prob":0.5}},{"type":"Feature","geometry":{"type":"Polygon","coordinates":[[[-108.25196,36.699927],[-108.251963,36.699837],[-108.251851,36.699835],[-108.251848,36.699925],[-108.25196,36.699927]]]},"properties":{"class":"invasive_woody","min_prob":0.5}},{"type":"Feature","geometry":{"type":"Polygon","coordinates":[[[-108.211685,36.69899],[-108.211688,36.6989],[-108.211576,36.698897],[-108.211573,36.698988],[-108.211685,36.69899]]]},"properties":{"class":"invasive_woody","min_prob":0.5}},{"type":"Feature","geometry":{"type":"Polygon","coordinates":[[[-108.211125,36.698977],[-108.211132,36.698797],[-108.21102,36.698794],[-108.211014,36.698974],[-108.211125,36.698977]]]},"properties":{"class":"invasive_woody","min_prob":0.5}},{"type":"Feature","geometry":{"type":"Polygon","coordinates":[[[-108.201169,36.698743],[-108.201175,36.698563],[-108.201064,36.69856],[-108.20106,36.698651],[-108.200948,36.698648],[-108.200945,36.698738],[-108.201169,36.698743]]]},"properties":{"class":"invasive_woody","min_prob":0.5}},{"type":"Feature","geometry":{"type":"Polygon","coordinates":[[[-108.230818,36.699347],[-108.230822,36.699257],[-108.23071,36.699254],[-108.230706,36.699344],[-108.230818,36.699347]]]},"properties":{"class":"invasive_woody","min_prob":0.5}},{"type":"Feature","geometry":{"type":"Polygon","coordinates":[[[-108.2118,36.698903],[-108.211803,36.698813],[-108.211691,36.69881],[-108.211688,36.6989],[-108.2118,36.698903]]]},"properties":{"class":"invasive_woody","min_prob":0.5}},{"type":"Feature","geometry":{"type":"Polygon","coordinates":[[[-108.201955,36.698672],[-108.201958,36.698582],[-108.201847,36.698579],[-108.201843,36.698669],[-108.201955,36.698672]]]},"properties":{"class":"invasive_woody","min_prob":0.5}},{"type":"Feature","geometry":{"type":"Polygon","coordinates":[[[-108.251966,36.699747],[-108.251969,36.699657],[-108.251857,36.699654],[-108.251854,36.699745],[-108.251966,36.699747]]]},"properties":{"class":"invasive_woody","min_prob":0.5}},{"type":"Feature","geometry":{"type":"Polygon","coordinates":[[[-108.211915,36.698815],[-108.211918,36.698725],[-108.211806,36.698723],[-108.211803,36.698813],[-108.211915,36.698815]]]},"properties":{"class":"invasive_woody","min_prob":0.5}},{"type":"Feature","geometry":{"type":"Polygon","coordinates":[[[-108.205986,36.698676],[-108.205989,36.698586],[-108.205877,36.698583],[-108.205874,36.698674],[-108.205986,36.698676]]]},"properties":{"class":"invasive_woody","min_prob":0.5}},{"type":"Feature","geometry":{"type":"Polygon","coordinates":[[[-108.197931,36.698487],[-108.197934,36.698397],[-108.197823,36.698394],[-108.197819,36.698484],[-108.197931,36.698487]]]},"properties":{"class":"invasive_woody","min_prob":0.5}},{"type":"Feature","geometry":{"type":"Polygon","coordinates":[[[-108.201399,36.698568],[-108.201409,36.698298],[-108.201297,36.698295],[-108.201291,36.698476],[-108.201179,36.698473],[-108.201175,36.698563],[-108.201399,36.698568]]]},"properties":{"class":"invasive_woody","min_prob":0.5}},{"type":"Feature","geometry":{"type":"Polygon","coordinates":[[[-108.231276,36.699087],[-108.231279,36.698997],[-108.231055,36.698992],[-108.231052,36.699082],[-108.231276,36.699087]]]},"properties":{"class":"invasive_woody","min_prob":0.5}},{"type":"Feature","geometry":{"type":"Polygon","coordinates":[[[-108.251976,36.699477],[-108.251979,36.699387],[-108.251755,36.699382],[-108.251752,36.699472],[-108.251976,36.699477]]]},"properties":{"class":"invasive_woody","min_prob":0.5}},{"type":"Feature","geometry":{"type":"Polygon","coordinates":[[[-108.206657,36.698692],[-108.20666,36.698602],[-108.206884,36.698607],[-108.206891,36.698427],[-108.207002,36.69843],[-108.207009,36.698249],[-108.206897,36.698247],[-108.206894,36.698337],[-108.206782,36.698334],[-108.206775,36.698514],[-108.206328,36.698504],[-108.206325,36.698594],[-108.206548,36.698599],[-108.206545,36.698689],[-108.206657,36.698692]]]},"properties":{"class":"invasive_woody","min_prob":0.5}},{"type":"Feature","geometry":{"type":"Polygon","coordinates":[[[-108.206443,36.698416],[-108.20645,36.698236],[-108.206338,36.698234],[-108.206331,36.698414],[-108.206443,36.698416]]]},"properties":{"class":"invasive_woody","min_prob":0.5}},{"type":"Feature","geometry":{"type":"Polygon","coordinates":[[[-108.201521,36.698301],[-108.201527,36.698121],[-108.201415,36.698118],[-108.201409,36.698298],[-108.201521,36.698301]]]},"properties":{"class":"invasive_woody","min_prob":0.5}},{"type":"Feature","geometry":{"type":"Polygon","coordinates":[[[-108.207121,36.698252],[-108.207127,36.698072],[-108.207016,36.698069],[-108.207009,36.698249],[-108.207121,36.698252]]]},"properties":{"class":"invasive_woody","min_prob":0.5}},{"type":"Feature","geometry":{"type":"Polygon","coordinates":[[[-108.212606,36.69829],[-108.212609,36.6982],[-108.212497,36.698198],[-108.212494,36.698288],[-108.212606,36.69829]]]},"properties":{"class":"invasive_woody","min_prob":0.5}},{"type":"Feature","geometry":{"type":"Polygon","coordinates":[[[-108.201642,36.698033],[-108.201646,36.697943],[-108.201534,36.69794],[-108.201531,36.69803],[-108.201642,36.698033]]]},"properties":{"class":"invasive_woody","min_prob":0.5}},{"type":"Feature","geometry":{"type":"Polygon","coordinates":[[[-108.266865,36.699549],[-108.266871,36.699369],[-108.266648,36.699364],[-108.266644,36.699454],[-108.266756,36.699457],[-108.266753,36.699547],[-108.266865,36.699549]]]},"properties":{"class":"invasive_woody","min_prob":0.5}},{"type":"Feature","geometry":{"type":"Polygon","coordinates":[[[-108.250982,36.699093],[-108.250985,36.699003],[-108.250873,36.699001],[-108.25087,36.699091],[-108.250982,36.699093]]]},"properties":{"class":"invasive_woody","min_prob":0.5}},{"type":"Feature","geometry":{"type":"Polygon","coordinates":[[[-108.212721,36.698203],[-108.212724,36.698113],[-108.212612,36.69811],[-108.212609,36.6982],[-108.212721,36.698203]]]},"properties":{"class":"invasive_woody","min_prob":0.5}},{"type":"Feature","geometry":{"type":"Polygon","coordinates":[[[-108.201758,36.697946],[-108.201761,36.697856],[-108.201649,36.697853],[-108.201646,36.697943],[-108.201758,36.697946]]]},"properties":{"class":"invasive_woody","min_prob":0.5}},{"type":"Feature","geometry":{"type":"Polygon","coordinates":[[[-108.212836,36.698116],[-108.212839,36.698025],[-108.212727,36.698023],[-108.212724,36.698113],[-108.212836,36.698116]]]},"properties":{"class":"invasive_woody","min_prob":0.5}},{"type":"Feature","geometry":{"type":"Polygon","coordinates":[[[-108.202096,36.697863],[-108.2021,36.697773],[-108.201876,36.697768],[-108.201873,36.697858],[-108.202096,36.697863]]]},"properties":{"class":"invasive_woody","min_prob":0.5}},{"type":"Feature","geometry":{"type":"Polygon","coordinates":[[[-108.194042,36.697674],[-108.194045,36.697584],[-108.193933,36.697581],[-108.19393,36.697671],[-108.194042,36.697674]]]},"properties":{"class":"invasive_woody","min_prob":0.5}},{"type":"Feature","geometry":{"type":"Polygon","coordinates":[[[-108.266878,36.699189],[-108.266881,36.699099],[-108.266769,36.699096],[-108.266766,36.699186],[-108.266878,36.699189]]]},"properties":{"class":"invasive_woody","min_prob":0.5}},{"type":"Feature","geometry":{"type":"Polygon","coordinates":[[[-108.207025,36.697799],[-108.207029,36.697709],[-108.206917,36.697706],[-108.206913,36.697796],[-108.207025,36.697799]]]},"properties":{"class":"invasive_woody","min_prob":0.5}},{"type":"Feature","geometry":{"type":"Polygon","coordinates":[[[-108.250323,36.698717],[-108.250326,36.698627],[-108.250215,36.698625],[-108.250211,36.698715],[-108.250323,36.698717]]]},"properties":{"class":"invasive_woody","min_prob":0.5}},{"type":"Feature","geometry":{"type":"Polygon","coordinates":[[[-108.21307,36.697851],[-108.213073,36.69776],[-108.212961,36.697758],[-108.212958,36.697848],[-108.21307,36.697851]]]},"properties":{"class":"invasive_woody","min_prob":0.5}},{"type":"Feature","geometry":{"type":"Polygon","coordinates":[[[-108.266996,36.699011],[-108.266999,36.698921],[-108.266887,36.698919],[-108.266884,36.699009],[-108.266996,36.699011]]]},"properties":{"class":"invasive_woody","min_prob":0.5}},{"type":"Feature","geometry":{"type":"Polygon","coordinates":[[[-108.251221,36.698648],[-108.251225,36.698558],[-108.251113,36.698555],[-108.25111,36.698645],[-108.251221,36.698648]]]},"properties":{"class":"invasive_woody","min_prob":0.5}},{"type":"Feature","geometry":{"type":"Polygon","coordinates":[[[-108.250438,36.69863],[-108.250442,36.69854],[-108.25033,36.698537],[-108.250326,36.698627],[-108.250438,36.69863]]]},"properties":{"class":"invasive_woody","min_prob":0.5}},{"type":"Feature","geometry":{"type":"Polygon","coordinates":[[[-108.250215,36.698625],[-108.250218,36.698535],[-108.250106,36.698532],[-108.250103,36.698622],[-108.250215,36.698625]]]},"properties":{"class":"invasive_woody","min_prob":0.5}},{"type":"Feature","geometry":{"type":"Polygon","coordinates":[[[-108.250106,36.698532],[-108.250109,36.698442],[-108.249997,36.698439],[-108.249994,36.698529],[-108.250106,36.698532]]]},"properties":{"class":"invasive_woody","min_prob":0.5}},{"type":"Feature","geometry":{"type":"Polygon","coordinates":[[[-108.267114,36.698834],[-108.267117,36.698744],[-108.267006,36.698741],[-108.267002,36.698831],[-108.267114,36.698834]]]},"properties":{"class":"invasive_woody","min_prob":0.5}},{"type":"Feature","geometry":{"type":"Polygon","coordinates":[[[-108.249997,36.698439],[-108.25,36.698349],[-108.249889,36.698347],[-108.249885,36.698437],[-108.249997,36.698439]]]},"properties":{"class":"invasive_woody","min_prob":0.5}},{"type":"Feature","geometry":{"type":"Polygon","coordinates":[[[-108.267229,36.698746],[-108.267233,36.698656],[-108.267121,36.698654],[-108.267117,36.698744],[-108.267229,36.698746]]]},"properties":{"class":"invasive_woody","min_prob":0.5}},{"type":"Feature","geometry":{"type":"Polygon","coordinates":[[[-108.207032,36.697619],[-108.207035,36.697529],[-108.206923,36.697526],[-108.206936,36.697166],[-108.206824,36.697163],[-108.206808,36.697614],[-108.207032,36.697619]]]},"properties":{"class":"invasive_woody","min_prob":0.5}},{"type":"Feature","geometry":{"type":"Polygon","coordinates":[[[-108.267344,36.698659],[-108.267348,36.698569],[-108.267236,36.698566],[-108.267233,36.698656],[-108.267344,36.698659]]]},"properties":{"class":"invasive_woody","min_prob":0.5}},{"type":"Feature","geometry":{"type":"Polygon","coordinates":[[[-108.251567,36.698385],[-108.25157,36.698295],[-108.251682,36.698298],[-108.251685,36.698208],[-108.251349,36.6982],[-108.251346,36.69829],[-108.251234,36.698288],[-108.251231,36.698378],[-108.251567,36.698385]]]},"properties":{"class":"invasive_woody","min_prob":0.5}},{"type":"Feature","geometry":{"type":"Polygon","coordinates":[[[-108.251011,36.698282],[-108.251014,36.698192],[-108.250902,36.69819],[-108.250899,36.69828],[-108.251011,36.698282]]]},"properties":{"class":"invasive_woody","min_prob":0.5}}]}