{"type":"FeatureCollection","name":"present-extent-2020","crs":{"type":"name","properties":{"name":"urn:ogc:def:crs:OGC:1.3:CRS84"}},"features":[{"type":"Feature","properties":{"class":"extent","min_prob":0.5},"geometry":{"type":"Polygon","coordinates":[[[-108.219461,36.790686],[-108.219464,36.790596],[-108.219352,36.790593],[-108.219349,36.790683],[-108.219461,36.790686]]]}},{"type":"Feature","properties":{"class":"extent","min_prob":0.5},"geometry":{"type":"Polygon","coordinates":[[[-108.218005,36.790652],[-108.218008,36.790562],[-108.217896,36.790559],[-108.217893,36.790649],[-108.218005,36.790652]]]}},{"type":"Feature","properties":{"class":"extent","min_prob":0.5},"geometry":{"type":"Polygon","coordinates":[[[-108.214085,36.79056],[-108.214088,36.79047],[-108.213976,36.790467],[-108.213973,36.790557],[-108.214085,36.79056]]]}},{"type":"Feature","properties":{"class":"extent","min_prob":0.5},"geometry":{"type":"Polygon","coordinates":[[[-108.191466,36.789847],[-108.191473,36.789667],[-108.191361,36.789665],[-108.191354,36.789845],[-108.191466,36.789847]]]}},{"type":"Feature","properties":{"class":"extent","min_prob":0.5},"geometry":{"type":"Polygon","coordinates":[[[-108.222047,36.790476],[-108.22205,36.790386],[-108.221938,36.790383],[-108.221935,36.790473],[-108.222047,36.790476]]]}},{"type":"Feature","properties":{"class":"extent","min_prob":0.5},"geometry":{"type":"Polygon","coordinates":[[[-108.203461,36.78986],[-108.203464,36.78977],[-108.20324,36.789764],[-108.203237,36.789854],[-108.203461,36.78986]]]}},{"type":"Feature","properties":{"class":"extent","min_prob":0.5},"geometry":{"type":"Polygon","coordinates":[[[-108.221829,36.790291],[-108.221836,36.79011],[-108.221724,36.790108],[-108.221717,36.790288],[-108.221829,36.790291]]]}},{"type":"Feature","properties":{"class":"extent","min_prob":0.5},"geometry":{"type":"Polygon","coordinates":[[[-108.218024,36.790111],[-108.218028,36.790021],[-108.217916,36.790019],[-108.217912,36.790109],[-108.218024,36.790111]]]}},{"type":"Feature","properties":{"class":"extent","min_prob":0.5},"geometry":{"type":"Polygon","coordinates":[[[-108.203912,36.78978],[-108.203915,36.78969],[-108.203803,36.789687],[-108.2038,36.789778],[-108.203912,36.78978]]]}},{"type":"Feature","properties":{"class":"extent","min_prob":0.5},"geometry":{"type":"Polygon","coordinates":[[[-108.194616,36.789561],[-108.194619,36.789471],[-108.194507,36.789468],[-108.194504,36.789559],[-108.194616,36.789561]]]}},{"type":"Feature","properties":{"class":"extent","min_prob":0.5},"geometry":{"type":"Polygon","coordinates":[[[-108.191704,36.789492],[-108.191707,36.789402],[-108.191595,36.7894],[-108.191592,36.78949],[-108.191704,36.789492]]]}},{"type":"Feature","properties":{"class":"extent","min_prob":0.5},"geometry":{"type":"Polygon","coordinates":[[[-108.194731,36.789474],[-108.194734,36.789384],[-108.194622,36.789381],[-108.194619,36.789471],[-108.194731,36.789474]]]}},{"type":"Feature","properties":{"class":"extent","min_prob":0.5},"geometry":{"type":"Polygon","coordinates":[[[-108.208507,36.789798],[-108.208514,36.789618],[-108.208402,36.789615],[-108.208395,36.789795],[-108.208507,36.789798]]]}},{"type":"Feature","properties":{"class":"extent","min_prob":0.5},"geometry":{"type":"Polygon","coordinates":[[[-108.191819,36.789405],[-108.191825,36.789225],[-108.191713,36.789222],[-108.191707,36.789402],[-108.191819,36.789405]]]}},{"type":"Feature","properties":{"class":"extent","min_prob":0.5},"geometry":{"type":"Polygon","coordinates":[[[-108.215343,36.789868],[-108.215346,36.789778],[-108.215234,36.789776],[-108.215231,36.789866],[-108.215343,36.789868]]]}},{"type":"Feature","properties":{"class":"extent","min_prob":0.5},"geometry":{"type":"Polygon","coordinates":[[[-108.208962,36.789628],[-108.208965,36.789538],[-108.208853,36.789536],[-108.20885,36.789626],[-108.208962,36.789628]]]}},{"type":"Feature","properties":{"class":"extent","min_prob":0.5},"geometry":{"type":"Polygon","coordinates":[[[-108.195073,36.789301],[-108.195077,36.789211],[-108.194965,36.789209],[-108.194961,36.789299],[-108.195073,36.789301]]]}},{"type":"Feature","properties":{"class":"extent","min_prob":0.5},"geometry":{"type":"Polygon","coordinates":[[[-108.194161,36.789731],[-108.194168,36.789551],[-108.194056,36.789548],[-108.194059,36.789458],[-108.194171,36.789461],[-108.194184,36.7891],[-108.194072,36.789098],[-108.194062,36.789368],[-108.19395,36.789365],[-108.193937,36.789725],[-108.194161,36.789731]]]}},{"type":"Feature","properties":{"class":"extent","min_prob":0.5},"geometry":{"type":"Polygon","coordinates":[[[-108.195189,36.789214],[-108.195192,36.789124],[-108.19508,36.789121],[-108.195077,36.789211],[-108.195189,36.789214]]]}},{"type":"Feature","properties":{"class":"extent","min_prob":0.5},"geometry":{"type":"Polygon","coordinates":[[[-108.196984,36.789166],[-108.196987,36.789076],[-108.196875,36.789074],[-108.196872,36.789164],[-108.196984,36.789166]]]}},{"type":"Feature","properties":{"class":"extent","min_prob":0.5},"geometry":{"type":"Polygon","coordinates":[[[-108.208741,36.789533],[-108.208751,36.789263],[-108.208639,36.78926],[-108.208629,36.78953],[-108.208741,36.789533]]]}},{"type":"Feature","properties":{"class":"extent","min_prob":0.5},"geometry":{"type":"Polygon","coordinates":[[[-108.206172,36.789292],[-108.206175,36.789202],[-108.206063,36.7892],[-108.20606,36.78929],[-108.206172,36.789292]]]}},{"type":"Feature","properties":{"class":"extent","min_prob":0.5},"geometry":{"type":"Polygon","coordinates":[[[-108.201019,36.789171],[-108.201023,36.789081],[-108.200911,36.789078],[-108.200907,36.789169],[-108.201019,36.789171]]]}},{"type":"Feature","properties":{"class":"extent","min_prob":0.5},"geometry":{"type":"Polygon","coordinates":[[[-108.195307,36.789037],[-108.195314,36.788856],[-108.195202,36.788854],[-108.195195,36.789034],[-108.195307,36.789037]]]}},{"type":"Feature","properties":{"class":"extent","min_prob":0.5},"geometry":{"type":"Polygon","coordinates":[[[-108.194303,36.788923],[-108.194306,36.788833],[-108.194194,36.78883],[-108.194191,36.78892],[-108.194303,36.788923]]]}},{"type":"Feature","properties":{"class":"extent","min_prob":0.5},"geometry":{"type":"Polygon","coordinates":[[[-108.217781,36.790647],[-108.217787,36.790466],[-108.217563,36.790461],[-108.217567,36.790371],[-108.217455,36.790369],[-108.217461,36.790188],[-108.217573,36.790191],[-108.217576,36.790101],[-108.217688,36.790104],[-108.217692,36.790013],[-108.21758,36.790011],[-108.217589,36.789741],[-108.217701,36.789743],[-108.217708,36.789563],[-108.217596,36.78956],[-108.217606,36.78929],[-108.217494,36.789288],[-108.21749,36.789378],[-108.217378,36.789375],[-108.217382,36.789285],[-108.216822,36.789272],[-108.216815,36.789452],[-108.216703,36.789449],[-108.2167,36.789539],[-108.216812,36.789542],[-108.216809,36.789632],[-108.216697,36.789629],[-108.21667,36.79035],[-108.216558,36.790348],[-108.216555,36.790438],[-108.216443,36.790435],[-108.216437,36.790615],[-108.217781,36.790647]]]}},{"type":"Feature","properties":{"class":"extent","min_prob":0.5},"geometry":{"type":"Polygon","coordinates":[[[-108.201362,36.788999],[-108.201365,36.788909],[-108.201253,36.788906],[-108.20125,36.788996],[-108.201362,36.788999]]]}},{"type":"Feature","properties":{"class":"extent","min_prob":0.5},"geometry":{"type":"Polygon","coordinates":[[[-108.194418,36.788835],[-108.194421,36.788745],[-108.194309,36.788742],[-108.194306,36.788833],[-108.194418,36.788835]]]}},{"type":"Feature","properties":{"class":"extent","min_prob":0.5},"geometry":{"type":"Polygon","coordinates":[[[-108.190834,36.788751],[-108.190837,36.78866],[-108.190725,36.788658],[-108.190722,36.788748],[-108.190834,36.788751]]]}},{"type":"Feature","properties":{"class":"extent","min_prob":0.5},"geometry":{"type":"Polygon","coordinates":[[[-108.218901,36.790673],[-108.218911,36.790403],[-108.219023,36.790405],[-108.219026,36.790315],[-108.218914,36.790313],[-108.218927,36.789952],[-108.218815,36.78995],[-108.218825,36.789679],[-108.218713,36.789677],[-108.218726,36.789316],[-108.218502,36.789311],[-108.218505,36.789221],[-108.218169,36.789213],[-108.218166,36.789303],[-108.218054,36.789301],[-108.218057,36.789211],[-108.217833,36.789205],[-108.217813,36.789746],[-108.217925,36.789748],[-108.217919,36.789929],[-108.218031,36.789931],[-108.218028,36.790021],[-108.21814,36.790024],[-108.218136,36.790114],[-108.21836,36.790119],[-108.218341,36.79066],[-108.218901,36.790673]],[[-108.218568,36.790575],[-108.218456,36.790572],[-108.218459,36.790482],[-108.218571,36.790485],[-108.218568,36.790575]]]}},{"type":"Feature","properties":{"class":"extent","min_prob":0.5},"geometry":{"type":"Polygon","coordinates":[[[-108.19117,36.788758],[-108.191176,36.788578],[-108.191064,36.788576],[-108.191058,36.788756],[-108.19117,36.788758]]]}},{"type":"Feature","properties":{"class":"extent","min_prob":0.5},"geometry":{"type":"Polygon","coordinates":[[[-108.201477,36.788911],[-108.201481,36.788821],[-108.201369,36.788819],[-108.201365,36.788909],[-108.201477,36.788911]]]}},{"type":"Feature","properties":{"class":"extent","min_prob":0.5},"geometry":{"type":"Polygon","coordinates":[[[-108.190725,36.788658],[-108.190728,36.788568],[-108.190616,36.788565],[-108.190613,36.788655],[-108.190725,36.788658]]]}},{"type":"Feature","properties":{"class":"extent","min_prob":0.5},"geometry":{"type":"Polygon","coordinates":[[[-108.201593,36.788824],[-108.201596,36.788734],[-108.201484,36.788731],[-108.201481,36.788821],[-108.201593,36.788824]]]}},{"type":"Feature","properties":{"class":"extent","min_prob":0.5},"geometry":{"type":"Polygon","coordinates":[[[-108.199241,36.788769],[-108.199244,36.788679],[-108.199132,36.788676],[-108.199129,36.788766],[-108.199241,36.788769]]]}},{"type":"Feature","properties":{"class":"extent","min_prob":0.5},"geometry":{"type":"Polygon","coordinates":[[[-108.191848,36.788594],[-108.191852,36.788504],[-108.191628,36.788499],[-108.191624,36.788589],[-108.191848,36.788594]]]}},{"type":"Feature","properties":{"class":"extent","min_prob":0.5},"geometry":{"type":"Polygon","coordinates":[[[-108.202268,36.78875],[-108.202271,36.78866],[-108.202159,36.788657],[-108.202156,36.788747],[-108.202268,36.78875]]]}},{"type":"Feature","properties":{"class":"extent","min_prob":0.5},"geometry":{"type":"Polygon","coordinates":[[[-108.194876,36.788576],[-108.194879,36.788485],[-108.194767,36.788483],[-108.194764,36.788573],[-108.194876,36.788576]]]}},{"type":"Feature","properties":{"class":"extent","min_prob":0.5},"geometry":{"type":"Polygon","coordinates":[[[-108.192972,36.788531],[-108.192975,36.788441],[-108.192863,36.788438],[-108.19286,36.788528],[-108.192972,36.788531]]]}},{"type":"Feature","properties":{"class":"extent","min_prob":0.5},"geometry":{"type":"Polygon","coordinates":[[[-108.191404,36.788494],[-108.19141,36.788313],[-108.191298,36.788311],[-108.191292,36.788491],[-108.191404,36.788494]]]}},{"type":"Feature","properties":{"class":"extent","min_prob":0.5},"geometry":{"type":"Polygon","coordinates":[[[-108.202495,36.788665],[-108.202498,36.788575],[-108.202274,36.78857],[-108.202271,36.78866],[-108.202495,36.788665]]]}},{"type":"Feature","properties":{"class":"extent","min_prob":0.5},"geometry":{"type":"Polygon","coordinates":[[[-108.195663,36.788504],[-108.195666,36.788414],[-108.195554,36.788411],[-108.195551,36.788501],[-108.195663,36.788504]]]}},{"type":"Feature","properties":{"class":"extent","min_prob":0.5},"geometry":{"type":"Polygon","coordinates":[[[-108.191855,36.788414],[-108.191858,36.788324],[-108.191746,36.788321],[-108.191753,36.788141],[-108.191641,36.788139],[-108.191634,36.788319],[-108.191522,36.788316],[-108.191519,36.788406],[-108.191855,36.788414]]]}},{"type":"Feature","properties":{"class":"extent","min_prob":0.5},"geometry":{"type":"Polygon","coordinates":[[[-108.199474,36.788504],[-108.199478,36.788414],[-108.199366,36.788411],[-108.199369,36.788321],[-108.199257,36.788318],[-108.19926,36.788228],[-108.199148,36.788225],[-108.199138,36.788496],[-108.199474,36.788504]]]}},{"type":"Feature","properties":{"class":"extent","min_prob":0.5},"geometry":{"type":"Polygon","coordinates":[[[-108.204182,36.788524],[-108.204188,36.788344],[-108.204076,36.788342],[-108.20407,36.788522],[-108.204182,36.788524]]]}},{"type":"Feature","properties":{"class":"extent","min_prob":0.5},"geometry":{"type":"Polygon","coordinates":[[[-108.203065,36.788408],[-108.203068,36.788318],[-108.202956,36.788315],[-108.202953,36.788405],[-108.203065,36.788408]]]}},{"type":"Feature","properties":{"class":"extent","min_prob":0.5},"geometry":{"type":"Polygon","coordinates":[[[-108.193545,36.788183],[-108.193548,36.788093],[-108.193324,36.788088],[-108.193321,36.788178],[-108.193545,36.788183]]]}},{"type":"Feature","properties":{"class":"extent","min_prob":0.5},"geometry":{"type":"Polygon","coordinates":[[[-108.203964,36.788339],[-108.203967,36.788249],[-108.203855,36.788246],[-108.203852,36.788336],[-108.203964,36.788339]]]}},{"type":"Feature","properties":{"class":"extent","min_prob":0.5},"geometry":{"type":"Polygon","coordinates":[[[-108.192767,36.787985],[-108.192771,36.787895],[-108.192659,36.787892],[-108.192655,36.787982],[-108.192767,36.787985]]]}},{"type":"Feature","properties":{"class":"extent","min_prob":0.5},"geometry":{"type":"Polygon","coordinates":[[[-108.203859,36.788156],[-108.203862,36.788066],[-108.20375,36.788063],[-108.203747,36.788153],[-108.203859,36.788156]]]}},{"type":"Feature","properties":{"class":"extent","min_prob":0.5},"geometry":{"type":"Polygon","coordinates":[[[-108.192547,36.787889],[-108.192553,36.787709],[-108.192441,36.787707],[-108.192435,36.787887],[-108.192547,36.787889]]]}},{"type":"Feature","properties":{"class":"extent","min_prob":0.5},"geometry":{"type":"Polygon","coordinates":[[[-108.215724,36.788615],[-108.215728,36.788525],[-108.215616,36.788522],[-108.215625,36.788252],[-108.215513,36.788249],[-108.21552,36.788069],[-108.215408,36.788067],[-108.215398,36.788337],[-108.215286,36.788334],[-108.215289,36.788244],[-108.215177,36.788241],[-108.215171,36.788422],[-108.215059,36.788419],[-108.215056,36.788509],[-108.215168,36.788512],[-108.215164,36.788602],[-108.215724,36.788615]]]}},{"type":"Feature","properties":{"class":"extent","min_prob":0.5},"geometry":{"type":"Polygon","coordinates":[[[-108.217075,36.788466],[-108.217078,36.788376],[-108.21719,36.788379],[-108.2172,36.788109],[-108.217088,36.788106],[-108.217085,36.788196],[-108.216861,36.788191],[-108.216857,36.788281],[-108.216745,36.788278],[-108.216739,36.788458],[-108.216851,36.788461],[-108.216854,36.788371],[-108.216966,36.788374],[-108.216963,36.788464],[-108.217075,36.788466]]]}},{"type":"Feature","properties":{"class":"extent","min_prob":0.5},"geometry":{"type":"Polygon","coordinates":[[[-108.195245,36.787683],[-108.195248,36.787593],[-108.195136,36.78759],[-108.195133,36.78768],[-108.195245,36.787683]]]}},{"type":"Feature","properties":{"class":"extent","min_prob":0.5},"geometry":{"type":"Polygon","coordinates":[[[-108.201971,36.787661],[-108.201974,36.787571],[-108.201862,36.787568],[-108.201859,36.787658],[-108.201971,36.787661]]]}},{"type":"Feature","properties":{"class":"extent","min_prob":0.5},"geometry":{"type":"Polygon","coordinates":[[[-108.200291,36.787621],[-108.200298,36.787441],[-108.200186,36.787438],[-108.200179,36.787619],[-108.200291,36.787621]]]}},{"type":"Feature","properties":{"class":"extent","min_prob":0.5},"geometry":{"type":"Polygon","coordinates":[[[-108.193459,36.78746],[-108.193462,36.78737],[-108.193574,36.787373],[-108.193578,36.787283],[-108.193802,36.787288],[-108.193808,36.787108],[-108.193584,36.787102],[-108.193581,36.787193],[-108.193357,36.787187],[-108.193354,36.787277],[-108.193018,36.787269],[-108.193011,36.78745],[-108.193459,36.78746]]]}},{"type":"Feature","properties":{"class":"extent","min_prob":0.5},"geometry":{"type":"Polygon","coordinates":[[[-108.195933,36.787248],[-108.195936,36.787158],[-108.195824,36.787155],[-108.195821,36.787245],[-108.195933,36.787248]]]}},{"type":"Feature","properties":{"class":"extent","min_prob":0.5},"geometry":{"type":"Polygon","coordinates":[[[-108.19392,36.78711],[-108.193924,36.78702],[-108.193812,36.787018],[-108.193808,36.787108],[-108.19392,36.78711]]]}},{"type":"Feature","properties":{"class":"extent","min_prob":0.5},"geometry":{"type":"Polygon","coordinates":[[[-108.196048,36.787161],[-108.196055,36.78698],[-108.195943,36.786978],[-108.195936,36.787158],[-108.196048,36.787161]]]}},{"type":"Feature","properties":{"class":"extent","min_prob":0.5},"geometry":{"type":"Polygon","coordinates":[[[-108.286775,36.789176],[-108.286778,36.789086],[-108.286666,36.789083],[-108.286663,36.789174],[-108.286775,36.789176]]]}},{"type":"Feature","properties":{"class":"extent","min_prob":0.5},"geometry":{"type":"Polygon","coordinates":[[[-108.211623,36.787347],[-108.211626,36.787257],[-108.211514,36.787254],[-108.211511,36.787344],[-108.211623,36.787347]]]}},{"type":"Feature","properties":{"class":"extent","min_prob":0.5},"geometry":{"type":"Polygon","coordinates":[[[-108.195943,36.786978],[-108.195946,36.786888],[-108.195834,36.786885],[-108.195831,36.786975],[-108.195943,36.786978]]]}},{"type":"Feature","properties":{"class":"extent","min_prob":0.5},"geometry":{"type":"Polygon","coordinates":[[[-108.205351,36.787199],[-108.205357,36.787019],[-108.205245,36.787017],[-108.205239,36.787197],[-108.205351,36.787199]]]}},{"type":"Feature","properties":{"class":"extent","min_prob":0.5},"geometry":{"type":"Polygon","coordinates":[[[-108.211514,36.787254],[-108.211517,36.787164],[-108.211405,36.787161],[-108.211402,36.787251],[-108.211514,36.787254]]]}},{"type":"Feature","properties":{"class":"extent","min_prob":0.5},"geometry":{"type":"Polygon","coordinates":[[[-108.195722,36.786882],[-108.195725,36.786792],[-108.195613,36.78679],[-108.19561,36.78688],[-108.195722,36.786882]]]}},{"type":"Feature","properties":{"class":"extent","min_prob":0.5},"geometry":{"type":"Polygon","coordinates":[[[-108.194381,36.786761],[-108.194385,36.786671],[-108.194273,36.786668],[-108.194269,36.786758],[-108.194381,36.786761]]]}},{"type":"Feature","properties":{"class":"extent","min_prob":0.5},"geometry":{"type":"Polygon","coordinates":[[[-108.190686,36.786673],[-108.190695,36.786403],[-108.190583,36.7864],[-108.19058,36.786491],[-108.190468,36.786488],[-108.190465,36.786578],[-108.190577,36.786581],[-108.190574,36.786671],[-108.190686,36.786673]]]}},{"type":"Feature","properties":{"class":"extent","min_prob":0.5},"geometry":{"type":"Polygon","coordinates":[[[-108.190244,36.786483],[-108.190251,36.786302],[-108.190139,36.7863],[-108.190132,36.78648],[-108.190244,36.786483]]]}},{"type":"Feature","properties":{"class":"extent","min_prob":0.5},"geometry":{"type":"Polygon","coordinates":[[[-108.193489,36.786649],[-108.193492,36.786559],[-108.193604,36.786562],[-108.193607,36.786472],[-108.193943,36.78648],[-108.19395,36.7863],[-108.193838,36.786297],[-108.193835,36.786387],[-108.192939,36.786366],[-108.192942,36.786276],[-108.19283,36.786273],[-108.192823,36.786453],[-108.193159,36.786461],[-108.193153,36.786641],[-108.193489,36.786649]]]}},{"type":"Feature","properties":{"class":"extent","min_prob":0.5},"geometry":{"type":"Polygon","coordinates":[[[-108.205706,36.786667],[-108.20571,36.786577],[-108.205598,36.786574],[-108.205594,36.786664],[-108.205706,36.786667]]]}},{"type":"Feature","properties":{"class":"extent","min_prob":0.5},"geometry":{"type":"Polygon","coordinates":[[[-108.196411,36.786448],[-108.196414,36.786358],[-108.196302,36.786355],[-108.196299,36.786445],[-108.196411,36.786448]]]}},{"type":"Feature","properties":{"class":"extent","min_prob":0.5},"geometry":{"type":"Polygon","coordinates":[[[-108.191931,36.786342],[-108.191937,36.786162],[-108.191825,36.786159],[-108.191819,36.78634],[-108.191931,36.786342]]]}},{"type":"Feature","properties":{"class":"extent","min_prob":0.5},"geometry":{"type":"Polygon","coordinates":[[[-108.21243,36.786735],[-108.212433,36.786644],[-108.212321,36.786642],[-108.212318,36.786732],[-108.21243,36.786735]]]}},{"type":"Feature","properties":{"class":"extent","min_prob":0.5},"geometry":{"type":"Polygon","coordinates":[[[-108.192158,36.786257],[-108.192161,36.786167],[-108.192049,36.786165],[-108.192046,36.786255],[-108.192158,36.786257]]]}},{"type":"Feature","properties":{"class":"extent","min_prob":0.5},"geometry":{"type":"Polygon","coordinates":[[[-108.212545,36.786647],[-108.212548,36.786557],[-108.212436,36.786554],[-108.212433,36.786644],[-108.212545,36.786647]]]}},{"type":"Feature","properties":{"class":"extent","min_prob":0.5},"geometry":{"type":"Polygon","coordinates":[[[-108.196417,36.786268],[-108.196424,36.786088],[-108.196312,36.786085],[-108.196305,36.786265],[-108.196417,36.786268]]]}},{"type":"Feature","properties":{"class":"extent","min_prob":0.5},"geometry":{"type":"Polygon","coordinates":[[[-108.199444,36.786249],[-108.199448,36.786159],[-108.199336,36.786156],[-108.199332,36.786246],[-108.199444,36.786249]]]}},{"type":"Feature","properties":{"class":"extent","min_prob":0.5},"geometry":{"type":"Polygon","coordinates":[[[-108.199108,36.786241],[-108.199112,36.786151],[-108.199,36.786148],[-108.198996,36.786238],[-108.199108,36.786241]]]}},{"type":"Feature","properties":{"class":"extent","min_prob":0.5},"geometry":{"type":"Polygon","coordinates":[[[-108.21266,36.78656],[-108.212667,36.786379],[-108.212555,36.786377],[-108.212548,36.786557],[-108.21266,36.78656]]]}},{"type":"Feature","properties":{"class":"extent","min_prob":0.5},"geometry":{"type":"Polygon","coordinates":[[[-108.196312,36.786085],[-108.196315,36.785995],[-108.196203,36.785992],[-108.1962,36.786082],[-108.196312,36.786085]]]}},{"type":"Feature","properties":{"class":"extent","min_prob":0.5},"geometry":{"type":"Polygon","coordinates":[[[-108.302607,36.788455],[-108.30261,36.788364],[-108.302498,36.788362],[-108.302495,36.788452],[-108.302607,36.788455]]]}},{"type":"Feature","properties":{"class":"extent","min_prob":0.5},"geometry":{"type":"Polygon","coordinates":[[[-108.207179,36.786251],[-108.207182,36.786161],[-108.20707,36.786158],[-108.207067,36.786248],[-108.207179,36.786251]]]}},{"type":"Feature","properties":{"class":"extent","min_prob":0.5},"geometry":{"type":"Polygon","coordinates":[[[-108.199563,36.786071],[-108.199566,36.785981],[-108.199454,36.785979],[-108.199451,36.786069],[-108.199563,36.786071]]]}},{"type":"Feature","properties":{"class":"extent","min_prob":0.5},"geometry":{"type":"Polygon","coordinates":[[[-108.191723,36.785886],[-108.191726,36.785796],[-108.191614,36.785794],[-108.191611,36.785884],[-108.191723,36.785886]]]}},{"type":"Feature","properties":{"class":"extent","min_prob":0.5},"geometry":{"type":"Polygon","coordinates":[[[-108.19979,36.785987],[-108.199797,36.785806],[-108.199685,36.785804],[-108.199678,36.785984],[-108.19979,36.785987]]]}},{"type":"Feature","properties":{"class":"extent","min_prob":0.5},"geometry":{"type":"Polygon","coordinates":[[[-108.302613,36.788274],[-108.302616,36.788184],[-108.302504,36.788182],[-108.302501,36.788272],[-108.302613,36.788274]]]}},{"type":"Feature","properties":{"class":"extent","min_prob":0.5},"geometry":{"type":"Polygon","coordinates":[[[-108.211099,36.786343],[-108.211102,36.786253],[-108.211214,36.786255],[-108.211224,36.785985],[-108.211112,36.785982],[-108.211109,36.786072],[-108.210997,36.78607],[-108.210987,36.78634],[-108.211099,36.786343]]]}},{"type":"Feature","properties":{"class":"extent","min_prob":0.5},"geometry":{"type":"Polygon","coordinates":[[[-108.192517,36.785635],[-108.19252,36.785545],[-108.192408,36.785542],[-108.192405,36.785632],[-108.192517,36.785635]]]}},{"type":"Feature","properties":{"class":"extent","min_prob":0.5},"geometry":{"type":"Polygon","coordinates":[[[-108.213576,36.78604],[-108.213579,36.78595],[-108.213467,36.785947],[-108.213464,36.786037],[-108.213576,36.78604]]]}},{"type":"Feature","properties":{"class":"extent","min_prob":0.5},"geometry":{"type":"Polygon","coordinates":[[[-108.192184,36.785537],[-108.192188,36.785447],[-108.191964,36.785441],[-108.19196,36.785531],[-108.192184,36.785537]]]}},{"type":"Feature","properties":{"class":"extent","min_prob":0.5},"geometry":{"type":"Polygon","coordinates":[[[-108.213128,36.78603],[-108.213134,36.785849],[-108.213022,36.785847],[-108.213016,36.786027],[-108.213128,36.78603]]]}},{"type":"Feature","properties":{"class":"extent","min_prob":0.5},"geometry":{"type":"Polygon","coordinates":[[[-108.1998,36.785716],[-108.199807,36.785536],[-108.199695,36.785534],[-108.199688,36.785714],[-108.1998,36.785716]]]}},{"type":"Feature","properties":{"class":"extent","min_prob":0.5},"geometry":{"type":"Polygon","coordinates":[[[-108.213467,36.785947],[-108.21347,36.785857],[-108.213358,36.785855],[-108.213355,36.785945],[-108.213467,36.785947]]]}},{"type":"Feature","properties":{"class":"extent","min_prob":0.5},"geometry":{"type":"Polygon","coordinates":[[[-108.192412,36.785452],[-108.192415,36.785362],[-108.192191,36.785357],[-108.192188,36.785447],[-108.192412,36.785452]]]}},{"type":"Feature","properties":{"class":"extent","min_prob":0.5},"geometry":{"type":"Polygon","coordinates":[[[-108.286836,36.787464],[-108.286839,36.787374],[-108.286727,36.787372],[-108.286723,36.787462],[-108.286836,36.787464]]]}},{"type":"Feature","properties":{"class":"extent","min_prob":0.5},"geometry":{"type":"Polygon","coordinates":[[[-108.196674,36.785372],[-108.196677,36.785282],[-108.196565,36.785279],[-108.196562,36.78537],[-108.196674,36.785372]]]}},{"type":"Feature","properties":{"class":"extent","min_prob":0.5},"geometry":{"type":"Polygon","coordinates":[[[-108.213138,36.785759],[-108.213144,36.785579],[-108.213032,36.785577],[-108.213026,36.785757],[-108.213138,36.785759]]]}},{"type":"Feature","properties":{"class":"extent","min_prob":0.5},"geometry":{"type":"Polygon","coordinates":[[[-108.192988,36.785015],[-108.192991,36.784925],[-108.192879,36.784922],[-108.192876,36.785012],[-108.192988,36.785015]]]}},{"type":"Feature","properties":{"class":"extent","min_prob":0.5},"geometry":{"type":"Polygon","coordinates":[[[-108.200047,36.785091],[-108.20005,36.785001],[-108.199938,36.784998],[-108.199935,36.785088],[-108.200047,36.785091]]]}},{"type":"Feature","properties":{"class":"extent","min_prob":0.5},"geometry":{"type":"Polygon","coordinates":[[[-108.194454,36.784779],[-108.194457,36.784689],[-108.194345,36.784686],[-108.194342,36.784776],[-108.194454,36.784779]]]}},{"type":"Feature","properties":{"class":"extent","min_prob":0.5},"geometry":{"type":"Polygon","coordinates":[[[-108.194569,36.784691],[-108.194572,36.784601],[-108.19446,36.784599],[-108.194457,36.784689],[-108.194569,36.784691]]]}},{"type":"Feature","properties":{"class":"extent","min_prob":0.5},"geometry":{"type":"Polygon","coordinates":[[[-108.199938,36.784998],[-108.199958,36.784458],[-108.199734,36.784453],[-108.199731,36.784543],[-108.199619,36.78454],[-108.199602,36.78499],[-108.199938,36.784998]],[[-108.199839,36.784635],[-108.199727,36.784633],[-108.199731,36.784543],[-108.199843,36.784545],[-108.199839,36.784635]]]}},{"type":"Feature","properties":{"class":"extent","min_prob":0.5},"geometry":{"type":"Polygon","coordinates":[[[-108.213474,36.785767],[-108.213483,36.785497],[-108.213371,36.785494],[-108.213378,36.785314],[-108.213266,36.785312],[-108.213272,36.785131],[-108.213384,36.785134],[-108.213391,36.784954],[-108.213503,36.784956],[-108.213509,36.784776],[-108.213397,36.784774],[-108.213394,36.784864],[-108.213282,36.784861],[-108.213279,36.784951],[-108.213167,36.784949],[-108.213144,36.785579],[-108.213368,36.785584],[-108.213362,36.785765],[-108.213474,36.785767]]]}},{"type":"Feature","properties":{"class":"extent","min_prob":0.5},"geometry":{"type":"Polygon","coordinates":[[[-108.196038,36.784365],[-108.196041,36.784275],[-108.195929,36.784273],[-108.195926,36.784363],[-108.196038,36.784365]]]}},{"type":"Feature","properties":{"class":"extent","min_prob":0.5},"geometry":{"type":"Polygon","coordinates":[[[-108.213621,36.784779],[-108.213628,36.784599],[-108.213516,36.784596],[-108.213509,36.784776],[-108.213621,36.784779]]]}},{"type":"Feature","properties":{"class":"extent","min_prob":0.5},"geometry":{"type":"Polygon","coordinates":[[[-108.195481,36.784262],[-108.195488,36.784082],[-108.195376,36.784079],[-108.195369,36.784259],[-108.195481,36.784262]]]}},{"type":"Feature","properties":{"class":"extent","min_prob":0.5},"geometry":{"type":"Polygon","coordinates":[[[-108.206572,36.784433],[-108.206576,36.784343],[-108.206464,36.78434],[-108.20646,36.784431],[-108.206572,36.784433]]]}},{"type":"Feature","properties":{"class":"extent","min_prob":0.5},"geometry":{"type":"Polygon","coordinates":[[[-108.200185,36.784373],[-108.200195,36.784103],[-108.200083,36.7841],[-108.200073,36.78437],[-108.200185,36.784373]]]}},{"type":"Feature","properties":{"class":"extent","min_prob":0.5},"geometry":{"type":"Polygon","coordinates":[[[-108.199184,36.784169],[-108.199187,36.784079],[-108.199075,36.784076],[-108.199072,36.784166],[-108.199184,36.784169]]]}},{"type":"Feature","properties":{"class":"extent","min_prob":0.5},"geometry":{"type":"Polygon","coordinates":[[[-108.193475,36.783944],[-108.193479,36.783854],[-108.193367,36.783852],[-108.193363,36.783942],[-108.193475,36.783944]]]}},{"type":"Feature","properties":{"class":"extent","min_prob":0.5},"geometry":{"type":"Polygon","coordinates":[[[-108.213631,36.784509],[-108.213641,36.784238],[-108.213529,36.784236],[-108.213519,36.784506],[-108.213631,36.784509]]]}},{"type":"Feature","properties":{"class":"extent","min_prob":0.5},"geometry":{"type":"Polygon","coordinates":[[[-108.193255,36.783849],[-108.193258,36.783759],[-108.193146,36.783756],[-108.193143,36.783846],[-108.193255,36.783849]]]}},{"type":"Feature","properties":{"class":"extent","min_prob":0.5},"geometry":{"type":"Polygon","coordinates":[[[-108.208608,36.78394],[-108.208611,36.78385],[-108.208499,36.783847],[-108.208496,36.783937],[-108.208608,36.78394]]]}},{"type":"Feature","properties":{"class":"extent","min_prob":0.5},"geometry":{"type":"Polygon","coordinates":[[[-108.19528,36.783626],[-108.195284,36.783536],[-108.195172,36.783534],[-108.195168,36.783624],[-108.19528,36.783626]]]}},{"type":"Feature","properties":{"class":"extent","min_prob":0.5},"geometry":{"type":"Polygon","coordinates":[[[-108.207155,36.783816],[-108.207158,36.783726],[-108.207046,36.783723],[-108.207043,36.783813],[-108.207155,36.783816]]]}},{"type":"Feature","properties":{"class":"extent","min_prob":0.5},"geometry":{"type":"Polygon","coordinates":[[[-108.202115,36.783697],[-108.202119,36.783607],[-108.202007,36.783604],[-108.202003,36.783695],[-108.202115,36.783697]]]}},{"type":"Feature","properties":{"class":"extent","min_prob":0.5},"geometry":{"type":"Polygon","coordinates":[[[-108.193156,36.783486],[-108.193159,36.783396],[-108.193047,36.783393],[-108.193044,36.783483],[-108.193156,36.783486]]]}},{"type":"Feature","properties":{"class":"extent","min_prob":0.5},"geometry":{"type":"Polygon","coordinates":[[[-108.193383,36.783401],[-108.19339,36.783221],[-108.193278,36.783218],[-108.193271,36.783399],[-108.193383,36.783401]]]}},{"type":"Feature","properties":{"class":"extent","min_prob":0.5},"geometry":{"type":"Polygon","coordinates":[[[-108.214217,36.783801],[-108.214221,36.783711],[-108.214109,36.783708],[-108.214105,36.783798],[-108.214217,36.783801]]]}},{"type":"Feature","properties":{"class":"extent","min_prob":0.5},"geometry":{"type":"Polygon","coordinates":[[[-108.193719,36.783409],[-108.193729,36.783139],[-108.193505,36.783134],[-108.193502,36.783224],[-108.193614,36.783226],[-108.193607,36.783406],[-108.193719,36.783409]]]}},{"type":"Feature","properties":{"class":"extent","min_prob":0.5},"geometry":{"type":"Polygon","coordinates":[[[-108.213997,36.783706],[-108.214,36.783616],[-108.213888,36.783613],[-108.213885,36.783703],[-108.213997,36.783706]]]}},{"type":"Feature","properties":{"class":"extent","min_prob":0.5},"geometry":{"type":"Polygon","coordinates":[[[-108.214112,36.783618],[-108.214115,36.783528],[-108.214003,36.783526],[-108.214,36.783616],[-108.214112,36.783618]]]}},{"type":"Feature","properties":{"class":"extent","min_prob":0.5},"geometry":{"type":"Polygon","coordinates":[[[-108.196305,36.7832],[-108.196311,36.783019],[-108.196199,36.783017],[-108.196193,36.783197],[-108.196305,36.7832]]]}},{"type":"Feature","properties":{"class":"extent","min_prob":0.5},"geometry":{"type":"Polygon","coordinates":[[[-108.223747,36.783754],[-108.22375,36.783664],[-108.223638,36.783661],[-108.223635,36.783751],[-108.223747,36.783754]]]}},{"type":"Feature","properties":{"class":"extent","min_prob":0.5},"geometry":{"type":"Polygon","coordinates":[[[-108.214227,36.783531],[-108.21423,36.783441],[-108.214118,36.783438],[-108.214115,36.783528],[-108.214227,36.783531]]]}},{"type":"Feature","properties":{"class":"extent","min_prob":0.5},"geometry":{"type":"Polygon","coordinates":[[[-108.19362,36.783046],[-108.193624,36.782956],[-108.193512,36.782953],[-108.193508,36.783043],[-108.19362,36.783046]]]}},{"type":"Feature","properties":{"class":"extent","min_prob":0.5},"geometry":{"type":"Polygon","coordinates":[[[-108.208967,36.783317],[-108.20897,36.783227],[-108.208858,36.783225],[-108.208855,36.783315],[-108.208967,36.783317]]]}},{"type":"Feature","properties":{"class":"extent","min_prob":0.5},"geometry":{"type":"Polygon","coordinates":[[[-108.223638,36.783661],[-108.223645,36.783481],[-108.223533,36.783478],[-108.223526,36.783658],[-108.223638,36.783661]]]}},{"type":"Feature","properties":{"class":"extent","min_prob":0.5},"geometry":{"type":"Polygon","coordinates":[[[-108.196875,36.782943],[-108.196878,36.782853],[-108.196766,36.78285],[-108.196763,36.78294],[-108.196875,36.782943]]]}},{"type":"Feature","properties":{"class":"extent","min_prob":0.5},"geometry":{"type":"Polygon","coordinates":[[[-108.193848,36.782961],[-108.193851,36.782871],[-108.193963,36.782874],[-108.193969,36.782694],[-108.193857,36.782691],[-108.193854,36.782781],[-108.19363,36.782776],[-108.193624,36.782956],[-108.193848,36.782961]]]}},{"type":"Feature","properties":{"class":"extent","min_prob":0.5},"geometry":{"type":"Polygon","coordinates":[[[-108.190491,36.782792],[-108.190498,36.782612],[-108.190386,36.782609],[-108.190379,36.782789],[-108.190491,36.782792]]]}},{"type":"Feature","properties":{"class":"extent","min_prob":0.5},"geometry":{"type":"Polygon","coordinates":[[[-108.195982,36.782831],[-108.195985,36.782741],[-108.195873,36.782739],[-108.19587,36.782829],[-108.195982,36.782831]]]}},{"type":"Feature","properties":{"class":"extent","min_prob":0.5},"geometry":{"type":"Polygon","coordinates":[[[-108.190386,36.782609],[-108.190389,36.782519],[-108.190277,36.782516],[-108.190274,36.782606],[-108.190386,36.782609]]]}},{"type":"Feature","properties":{"class":"extent","min_prob":0.5},"geometry":{"type":"Polygon","coordinates":[[[-108.22318,36.783921],[-108.223187,36.783741],[-108.222963,36.783735],[-108.222973,36.783465],[-108.222861,36.783462],[-108.222864,36.783372],[-108.222528,36.783364],[-108.222534,36.783184],[-108.22231,36.783179],[-108.222304,36.783359],[-108.222416,36.783362],[-108.222409,36.783542],[-108.222633,36.783547],[-108.22263,36.783637],[-108.222518,36.783635],[-108.222515,36.783725],[-108.222627,36.783727],[-108.222624,36.783818],[-108.223072,36.783828],[-108.223068,36.783918],[-108.22318,36.783921]]]}},{"type":"Feature","properties":{"class":"extent","min_prob":0.5},"geometry":{"type":"Polygon","coordinates":[[[-108.213459,36.783062],[-108.213463,36.782972],[-108.213351,36.782969],[-108.213348,36.783059],[-108.213459,36.783062]]]}},{"type":"Feature","properties":{"class":"extent","min_prob":0.5},"geometry":{"type":"Polygon","coordinates":[[[-108.194309,36.782612],[-108.194319,36.782341],[-108.194207,36.782339],[-108.194197,36.782609],[-108.194309,36.782612]]]}},{"type":"Feature","properties":{"class":"extent","min_prob":0.5},"geometry":{"type":"Polygon","coordinates":[[[-108.195102,36.78236],[-108.195106,36.78227],[-108.194994,36.782267],[-108.19499,36.782357],[-108.195102,36.78236]]]}},{"type":"Feature","properties":{"class":"extent","min_prob":0.5},"geometry":{"type":"Polygon","coordinates":[[[-108.194434,36.782254],[-108.194437,36.782164],[-108.194325,36.782161],[-108.194322,36.782251],[-108.194434,36.782254]]]}},{"type":"Feature","properties":{"class":"extent","min_prob":0.5},"geometry":{"type":"Polygon","coordinates":[[[-108.196453,36.782211],[-108.196456,36.782121],[-108.196344,36.782119],[-108.196341,36.782209],[-108.196453,36.782211]]]}},{"type":"Feature","properties":{"class":"extent","min_prob":0.5},"geometry":{"type":"Polygon","coordinates":[[[-108.196002,36.782291],[-108.196012,36.782021],[-108.1959,36.782018],[-108.195896,36.782108],[-108.195672,36.782103],[-108.195669,36.782193],[-108.195557,36.78219],[-108.195554,36.78228],[-108.195778,36.782286],[-108.195781,36.782196],[-108.195893,36.782198],[-108.19589,36.782288],[-108.196002,36.782291]]]}},{"type":"Feature","properties":{"class":"extent","min_prob":0.5},"geometry":{"type":"Polygon","coordinates":[[[-108.194994,36.782267],[-108.195,36.782087],[-108.194552,36.782076],[-108.194556,36.781986],[-108.194332,36.781981],[-108.194328,36.782071],[-108.19444,36.782074],[-108.194437,36.782164],[-108.194885,36.782174],[-108.194882,36.782264],[-108.194994,36.782267]]]}},{"type":"Feature","properties":{"class":"extent","min_prob":0.5},"geometry":{"type":"Polygon","coordinates":[[[-108.193992,36.782063],[-108.193996,36.781973],[-108.193884,36.78197],[-108.19388,36.78206],[-108.193992,36.782063]]]}},{"type":"Feature","properties":{"class":"extent","min_prob":0.5},"geometry":{"type":"Polygon","coordinates":[[[-108.211799,36.782482],[-108.211806,36.782302],[-108.211694,36.782299],[-108.211687,36.78248],[-108.211799,36.782482]]]}},{"type":"Feature","properties":{"class":"extent","min_prob":0.5},"geometry":{"type":"Polygon","coordinates":[[[-108.200491,36.782126],[-108.200494,36.782036],[-108.200382,36.782033],[-108.200379,36.782124],[-108.200491,36.782126]]]}},{"type":"Feature","properties":{"class":"extent","min_prob":0.5},"geometry":{"type":"Polygon","coordinates":[[[-108.210686,36.782276],[-108.210689,36.782186],[-108.210577,36.782183],[-108.210574,36.782273],[-108.210686,36.782276]]]}},{"type":"Feature","properties":{"class":"extent","min_prob":0.5},"geometry":{"type":"Polygon","coordinates":[[[-108.230512,36.782649],[-108.230515,36.782559],[-108.230403,36.782556],[-108.2304,36.782647],[-108.230512,36.782649]]]}},{"type":"Feature","properties":{"class":"extent","min_prob":0.5},"geometry":{"type":"Polygon","coordinates":[[[-108.211918,36.782305],[-108.211921,36.782215],[-108.212033,36.782217],[-108.212036,36.782127],[-108.212148,36.78213],[-108.212158,36.781859],[-108.212046,36.781857],[-108.212043,36.781947],[-108.211931,36.781944],[-108.211927,36.782034],[-108.211816,36.782032],[-108.211812,36.782122],[-108.2117,36.782119],[-108.211697,36.782209],[-108.211809,36.782212],[-108.211806,36.782302],[-108.211918,36.782305]]]}},{"type":"Feature","properties":{"class":"extent","min_prob":0.5},"geometry":{"type":"Polygon","coordinates":[[[-108.210923,36.781921],[-108.210926,36.781831],[-108.210814,36.781828],[-108.210811,36.781918],[-108.210923,36.781921]]]}},{"type":"Feature","properties":{"class":"extent","min_prob":0.5},"geometry":{"type":"Polygon","coordinates":[[[-108.194796,36.781541],[-108.194799,36.781451],[-108.194687,36.781448],[-108.194684,36.781539],[-108.194796,36.781541]]]}},{"type":"Feature","properties":{"class":"extent","min_prob":0.5},"geometry":{"type":"Polygon","coordinates":[[[-108.199276,36.781647],[-108.199282,36.781467],[-108.19917,36.781464],[-108.199167,36.781554],[-108.199055,36.781551],[-108.199052,36.781642],[-108.199276,36.781647]]]}},{"type":"Feature","properties":{"class":"extent","min_prob":0.5},"geometry":{"type":"Polygon","coordinates":[[[-108.198828,36.781636],[-108.198831,36.781546],[-108.198719,36.781544],[-108.198722,36.781453],[-108.198498,36.781448],[-108.198495,36.781538],[-108.198607,36.781541],[-108.198604,36.781631],[-108.198828,36.781636]]]}},{"type":"Feature","properties":{"class":"extent","min_prob":0.5},"geometry":{"type":"Polygon","coordinates":[[[-108.21227,36.781862],[-108.212273,36.781772],[-108.212161,36.781769],[-108.212158,36.781859],[-108.21227,36.781862]]]}},{"type":"Feature","properties":{"class":"extent","min_prob":0.5},"geometry":{"type":"Polygon","coordinates":[[[-108.199055,36.781551],[-108.199058,36.781461],[-108.198946,36.781459],[-108.198943,36.781549],[-108.199055,36.781551]]]}},{"type":"Feature","properties":{"class":"extent","min_prob":0.5},"geometry":{"type":"Polygon","coordinates":[[[-108.194579,36.781356],[-108.194582,36.781266],[-108.19447,36.781263],[-108.194467,36.781353],[-108.194579,36.781356]]]}},{"type":"Feature","properties":{"class":"extent","min_prob":0.5},"geometry":{"type":"Polygon","coordinates":[[[-108.193571,36.781332],[-108.193574,36.781242],[-108.193686,36.781244],[-108.193689,36.781154],[-108.193353,36.781146],[-108.19335,36.781237],[-108.193462,36.781239],[-108.193459,36.781329],[-108.193571,36.781332]]]}},{"type":"Feature","properties":{"class":"extent","min_prob":0.5},"geometry":{"type":"Polygon","coordinates":[[[-108.19224,36.78094],[-108.192243,36.78085],[-108.192131,36.780847],[-108.192128,36.780937],[-108.19224,36.78094]]]}},{"type":"Feature","properties":{"class":"extent","min_prob":0.5},"geometry":{"type":"Polygon","coordinates":[[[-108.243984,36.782061],[-108.243987,36.781971],[-108.243875,36.781968],[-108.243872,36.782058],[-108.243984,36.782061]]]}},{"type":"Feature","properties":{"class":"extent","min_prob":0.5},"geometry":{"type":"Polygon","coordinates":[[[-108.212728,36.781602],[-108.212744,36.781152],[-108.212632,36.781149],[-108.212622,36.78142],[-108.21251,36.781417],[-108.212504,36.781597],[-108.212728,36.781602]]]}},{"type":"Feature","properties":{"class":"extent","min_prob":0.5},"geometry":{"type":"Polygon","coordinates":[[[-108.198969,36.780828],[-108.198979,36.780558],[-108.198867,36.780555],[-108.198857,36.780825],[-108.198969,36.780828]]]}},{"type":"Feature","properties":{"class":"extent","min_prob":0.5},"geometry":{"type":"Polygon","coordinates":[[[-108.193488,36.780519],[-108.193492,36.780428],[-108.19338,36.780426],[-108.193376,36.780516],[-108.193488,36.780519]]]}},{"type":"Feature","properties":{"class":"extent","min_prob":0.5},"geometry":{"type":"Polygon","coordinates":[[[-108.209394,36.780803],[-108.209397,36.780713],[-108.209285,36.78071],[-108.209282,36.7808],[-108.209394,36.780803]]]}},{"type":"Feature","properties":{"class":"extent","min_prob":0.5},"geometry":{"type":"Polygon","coordinates":[[[-108.19887,36.780465],[-108.198874,36.780375],[-108.198762,36.780372],[-108.198758,36.780463],[-108.19887,36.780465]]]}},{"type":"Feature","properties":{"class":"extent","min_prob":0.5},"geometry":{"type":"Polygon","coordinates":[[[-108.193383,36.780336],[-108.193386,36.780246],[-108.193274,36.780243],[-108.193271,36.780333],[-108.193383,36.780336]]]}},{"type":"Feature","properties":{"class":"extent","min_prob":0.5},"geometry":{"type":"Polygon","coordinates":[[[-108.212869,36.780794],[-108.212872,36.780704],[-108.212984,36.780707],[-108.212988,36.780617],[-108.212764,36.780611],[-108.212757,36.780792],[-108.212869,36.780794]]]}},{"type":"Feature","properties":{"class":"extent","min_prob":0.5},"geometry":{"type":"Polygon","coordinates":[[[-108.209285,36.78071],[-108.209289,36.78062],[-108.209177,36.780617],[-108.209183,36.780437],[-108.208959,36.780432],[-108.208953,36.780612],[-108.209065,36.780615],[-108.209061,36.780705],[-108.209285,36.78071]]]}},{"type":"Feature","properties":{"class":"extent","min_prob":0.5},"geometry":{"type":"Polygon","coordinates":[[[-108.212095,36.780506],[-108.212098,36.780415],[-108.211986,36.780413],[-108.211983,36.780503],[-108.212095,36.780506]]]}},{"type":"Feature","properties":{"class":"extent","min_prob":0.5},"geometry":{"type":"Polygon","coordinates":[[[-108.209075,36.780345],[-108.209078,36.780254],[-108.208966,36.780252],[-108.208963,36.780342],[-108.209075,36.780345]]]}},{"type":"Feature","properties":{"class":"extent","min_prob":0.5},"geometry":{"type":"Polygon","coordinates":[[[-108.198996,36.780107],[-108.199005,36.779837],[-108.198893,36.779835],[-108.198884,36.780105],[-108.198996,36.780107]]]}},{"type":"Feature","properties":{"class":"extent","min_prob":0.5},"geometry":{"type":"Polygon","coordinates":[[[-108.21221,36.780418],[-108.212214,36.780328],[-108.212326,36.780331],[-108.212332,36.78015],[-108.21222,36.780148],[-108.212217,36.780238],[-108.212105,36.780235],[-108.212098,36.780415],[-108.21221,36.780418]]]}},{"type":"Feature","properties":{"class":"extent","min_prob":0.5},"geometry":{"type":"Polygon","coordinates":[[[-108.199226,36.779933],[-108.199239,36.779572],[-108.199127,36.77957],[-108.199114,36.77993],[-108.199226,36.779933]]]}},{"type":"Feature","properties":{"class":"extent","min_prob":0.5},"geometry":{"type":"Polygon","coordinates":[[[-108.200263,36.779146],[-108.200267,36.779055],[-108.200155,36.779053],[-108.200151,36.779143],[-108.200263,36.779146]]]}},{"type":"Feature","properties":{"class":"extent","min_prob":0.5},"geometry":{"type":"Polygon","coordinates":[[[-108.210906,36.779306],[-108.210909,36.779215],[-108.210685,36.77921],[-108.210682,36.7793],[-108.210906,36.779306]]]}},{"type":"Feature","properties":{"class":"extent","min_prob":0.5},"geometry":{"type":"Polygon","coordinates":[[[-108.194107,36.77891],[-108.194111,36.77882],[-108.193999,36.778818],[-108.193995,36.778908],[-108.194107,36.77891]]]}},{"type":"Feature","properties":{"class":"extent","min_prob":0.5},"geometry":{"type":"Polygon","coordinates":[[[-108.210685,36.77921],[-108.210688,36.77912],[-108.210576,36.779118],[-108.210573,36.779208],[-108.210685,36.77921]]]}},{"type":"Feature","properties":{"class":"extent","min_prob":0.5},"geometry":{"type":"Polygon","coordinates":[[[-108.193999,36.778818],[-108.194002,36.778727],[-108.19389,36.778725],[-108.193887,36.778815],[-108.193999,36.778818]]]}},{"type":"Feature","properties":{"class":"extent","min_prob":0.5},"geometry":{"type":"Polygon","coordinates":[[[-108.199809,36.779315],[-108.199819,36.779045],[-108.200155,36.779053],[-108.200158,36.778963],[-108.200382,36.778968],[-108.200385,36.778878],[-108.200273,36.778875],[-108.20028,36.778695],[-108.200168,36.778693],[-108.200161,36.778873],[-108.200049,36.77887],[-108.200053,36.77878],[-108.199829,36.778775],[-108.199822,36.778955],[-108.199598,36.77895],[-108.199595,36.77904],[-108.199707,36.779042],[-108.199704,36.779132],[-108.19948,36.779127],[-108.199476,36.779217],[-108.199364,36.779215],[-108.199361,36.779305],[-108.199809,36.779315]]]}},{"type":"Feature","properties":{"class":"extent","min_prob":0.5},"geometry":{"type":"Polygon","coordinates":[[[-108.204196,36.778877],[-108.204199,36.778787],[-108.203975,36.778782],[-108.203972,36.778872],[-108.204196,36.778877]]]}},{"type":"Feature","properties":{"class":"extent","min_prob":0.5},"geometry":{"type":"Polygon","coordinates":[[[-108.200721,36.778886],[-108.200725,36.778796],[-108.200836,36.778798],[-108.20084,36.778708],[-108.200952,36.778711],[-108.200962,36.778441],[-108.200738,36.778435],[-108.200734,36.778526],[-108.200622,36.778523],[-108.200616,36.778703],[-108.200504,36.7787],[-108.200501,36.778791],[-108.200389,36.778788],[-108.200385,36.778878],[-108.200721,36.778886]]]}},{"type":"Feature","properties":{"class":"extent","min_prob":0.5},"geometry":{"type":"Polygon","coordinates":[[[-108.201742,36.778549],[-108.201746,36.778459],[-108.201634,36.778457],[-108.20163,36.778547],[-108.201742,36.778549]]]}},{"type":"Feature","properties":{"class":"extent","min_prob":0.5},"geometry":{"type":"Polygon","coordinates":[[[-108.201634,36.778457],[-108.201637,36.778366],[-108.201413,36.778361],[-108.20141,36.778451],[-108.201634,36.778457]]]}},{"type":"Feature","properties":{"class":"extent","min_prob":0.5},"geometry":{"type":"Polygon","coordinates":[[[-108.199842,36.778414],[-108.199845,36.778324],[-108.199733,36.778322],[-108.19973,36.778412],[-108.199842,36.778414]]]}},{"type":"Feature","properties":{"class":"extent","min_prob":0.5},"geometry":{"type":"Polygon","coordinates":[[[-108.201749,36.778369],[-108.201752,36.778279],[-108.20164,36.778276],[-108.201637,36.778366],[-108.201749,36.778369]]]}},{"type":"Feature","properties":{"class":"extent","min_prob":0.5},"geometry":{"type":"Polygon","coordinates":[[[-108.226613,36.778862],[-108.226617,36.778772],[-108.226505,36.778769],[-108.226501,36.778859],[-108.226613,36.778862]]]}},{"type":"Feature","properties":{"class":"extent","min_prob":0.5},"geometry":{"type":"Polygon","coordinates":[[[-108.202987,36.778218],[-108.20299,36.778128],[-108.202878,36.778125],[-108.202875,36.778215],[-108.202987,36.778218]]]}},{"type":"Feature","properties":{"class":"extent","min_prob":0.5},"geometry":{"type":"Polygon","coordinates":[[[-108.202878,36.778125],[-108.202882,36.778035],[-108.20277,36.778032],[-108.202766,36.778123],[-108.202878,36.778125]]]}},{"type":"Feature","properties":{"class":"extent","min_prob":0.5},"geometry":{"type":"Polygon","coordinates":[[[-108.202654,36.77812],[-108.202658,36.77803],[-108.202546,36.778027],[-108.202543,36.778117],[-108.202654,36.77812]]]}},{"type":"Feature","properties":{"class":"extent","min_prob":0.5},"geometry":{"type":"Polygon","coordinates":[[[-108.201311,36.778088],[-108.201317,36.777908],[-108.201205,36.777905],[-108.201199,36.778086],[-108.201311,36.778088]]]}},{"type":"Feature","properties":{"class":"extent","min_prob":0.5},"geometry":{"type":"Polygon","coordinates":[[[-108.200747,36.778165],[-108.200751,36.778075],[-108.200863,36.778078],[-108.200869,36.777898],[-108.200757,36.777895],[-108.200754,36.777985],[-108.200642,36.777982],[-108.200635,36.778163],[-108.200747,36.778165]]]}},{"type":"Feature","properties":{"class":"extent","min_prob":0.5},"geometry":{"type":"Polygon","coordinates":[[[-108.21464,36.778311],[-108.214644,36.778221],[-108.214532,36.778219],[-108.214528,36.778309],[-108.21464,36.778311]]]}},{"type":"Feature","properties":{"class":"extent","min_prob":0.5},"geometry":{"type":"Polygon","coordinates":[[[-108.214304,36.778303],[-108.214308,36.778213],[-108.214196,36.778211],[-108.214192,36.778301],[-108.214304,36.778303]]]}},{"type":"Feature","properties":{"class":"extent","min_prob":0.5},"geometry":{"type":"Polygon","coordinates":[[[-108.20333,36.778046],[-108.203336,36.777865],[-108.203224,36.777863],[-108.203218,36.778043],[-108.20333,36.778046]]]}},{"type":"Feature","properties":{"class":"extent","min_prob":0.5},"geometry":{"type":"Polygon","coordinates":[[[-108.214196,36.778211],[-108.214199,36.778121],[-108.214087,36.778118],[-108.214084,36.778208],[-108.214196,36.778211]]]}},{"type":"Feature","properties":{"class":"extent","min_prob":0.5},"geometry":{"type":"Polygon","coordinates":[[[-108.214756,36.778224],[-108.214762,36.778044],[-108.21465,36.778041],[-108.214644,36.778221],[-108.214756,36.778224]]]}},{"type":"Feature","properties":{"class":"extent","min_prob":0.5},"geometry":{"type":"Polygon","coordinates":[[[-108.201992,36.777834],[-108.201996,36.777744],[-108.201884,36.777741],[-108.20188,36.777831],[-108.201992,36.777834]]]}},{"type":"Feature","properties":{"class":"extent","min_prob":0.5},"geometry":{"type":"Polygon","coordinates":[[[-108.215418,36.77851],[-108.215428,36.77824],[-108.21554,36.778242],[-108.215536,36.778332],[-108.215648,36.778335],[-108.215661,36.777974],[-108.215437,36.777969],[-108.215431,36.778149],[-108.215319,36.778147],[-108.215306,36.778507],[-108.215418,36.77851]]]}},{"type":"Feature","properties":{"class":"extent","min_prob":0.5},"geometry":{"type":"Polygon","coordinates":[[[-108.203893,36.777969],[-108.203903,36.777698],[-108.203791,36.777696],[-108.203794,36.777606],[-108.20357,36.777601],[-108.203567,36.777691],[-108.203455,36.777688],[-108.203452,36.777778],[-108.203787,36.777786],[-108.203781,36.777966],[-108.203893,36.777969]]]}},{"type":"Feature","properties":{"class":"extent","min_prob":0.5},"geometry":{"type":"Polygon","coordinates":[[[-108.200988,36.77772],[-108.200998,36.77745],[-108.200886,36.777447],[-108.200876,36.777717],[-108.200988,36.77772]]]}},{"type":"Feature","properties":{"class":"extent","min_prob":0.5},"geometry":{"type":"Polygon","coordinates":[[[-108.222384,36.778042],[-108.222387,36.777952],[-108.222275,36.777949],[-108.222272,36.778039],[-108.222384,36.778042]]]}},{"type":"Feature","properties":{"class":"extent","min_prob":0.5},"geometry":{"type":"Polygon","coordinates":[[[-108.204584,36.777444],[-108.204591,36.777264],[-108.204367,36.777259],[-108.204364,36.777349],[-108.204476,36.777351],[-108.204472,36.777441],[-108.204584,36.777444]]]}},{"type":"Feature","properties":{"class":"extent","min_prob":0.5},"geometry":{"type":"Polygon","coordinates":[[[-108.205032,36.777455],[-108.205036,36.777364],[-108.20526,36.77737],[-108.205266,36.77719],[-108.205154,36.777187],[-108.205151,36.777277],[-108.204927,36.777272],[-108.20492,36.777452],[-108.205032,36.777455]]]}},{"type":"Feature","properties":{"class":"extent","min_prob":0.5},"geometry":{"type":"Polygon","coordinates":[[[-108.204367,36.777259],[-108.20437,36.777169],[-108.204258,36.777166],[-108.204255,36.777256],[-108.204367,36.777259]]]}},{"type":"Feature","properties":{"class":"extent","min_prob":0.5},"geometry":{"type":"Polygon","coordinates":[[[-108.20191,36.77702],[-108.201913,36.77693],[-108.201801,36.776928],[-108.201798,36.777018],[-108.20191,36.77702]]]}},{"type":"Feature","properties":{"class":"extent","min_prob":0.5},"geometry":{"type":"Polygon","coordinates":[[[-108.223078,36.777427],[-108.223082,36.777337],[-108.22297,36.777334],[-108.222966,36.777424],[-108.223078,36.777427]]]}},{"type":"Feature","properties":{"class":"extent","min_prob":0.5},"geometry":{"type":"Polygon","coordinates":[[[-108.232828,36.777474],[-108.232831,36.777384],[-108.232719,36.777381],[-108.232716,36.777471],[-108.232828,36.777474]]]}},{"type":"Feature","properties":{"class":"extent","min_prob":0.5},"geometry":{"type":"Polygon","coordinates":[[[-108.202816,36.776771],[-108.202819,36.776681],[-108.202707,36.776679],[-108.202704,36.776769],[-108.202816,36.776771]]]}},{"type":"Feature","properties":{"class":"extent","min_prob":0.5},"geometry":{"type":"Polygon","coordinates":[[[-108.20551,36.776654],[-108.205513,36.776564],[-108.205401,36.776562],[-108.205398,36.776652],[-108.20551,36.776654]]]}},{"type":"Feature","properties":{"class":"extent","min_prob":0.5},"geometry":{"type":"Polygon","coordinates":[[[-108.287713,36.778468],[-108.287716,36.778378],[-108.287604,36.778376],[-108.287601,36.778466],[-108.287713,36.778468]]]}},{"type":"Feature","properties":{"class":"extent","min_prob":0.5},"geometry":{"type":"Polygon","coordinates":[[[-108.203501,36.776427],[-108.203504,36.776337],[-108.203392,36.776334],[-108.203389,36.776424],[-108.203501,36.776427]]]}},{"type":"Feature","properties":{"class":"extent","min_prob":0.5},"geometry":{"type":"Polygon","coordinates":[[[-108.203277,36.776422],[-108.20328,36.776331],[-108.203168,36.776329],[-108.203165,36.776419],[-108.203277,36.776422]]]}},{"type":"Feature","properties":{"class":"extent","min_prob":0.5},"geometry":{"type":"Polygon","coordinates":[[[-108.23262,36.777018],[-108.232623,36.776928],[-108.232511,36.776925],[-108.232508,36.777015],[-108.23262,36.777018]]]}},{"type":"Feature","properties":{"class":"extent","min_prob":0.5},"geometry":{"type":"Polygon","coordinates":[[[-108.203392,36.776334],[-108.203395,36.776244],[-108.203283,36.776241],[-108.20328,36.776331],[-108.203392,36.776334]]]}},{"type":"Feature","properties":{"class":"extent","min_prob":0.5},"geometry":{"type":"Polygon","coordinates":[[[-108.218968,36.776429],[-108.218971,36.776339],[-108.218859,36.776336],[-108.218856,36.776426],[-108.218968,36.776429]]]}},{"type":"Feature","properties":{"class":"extent","min_prob":0.5},"geometry":{"type":"Polygon","coordinates":[[[-108.231398,36.776719],[-108.231404,36.776539],[-108.231292,36.776536],[-108.231286,36.776717],[-108.231398,36.776719]]]}},{"type":"Feature","properties":{"class":"extent","min_prob":0.5},"geometry":{"type":"Polygon","coordinates":[[[-108.23286,36.776573],[-108.232864,36.776483],[-108.232752,36.77648],[-108.232748,36.77657],[-108.23286,36.776573]]]}},{"type":"Feature","properties":{"class":"extent","min_prob":0.5},"geometry":{"type":"Polygon","coordinates":[[[-108.218859,36.776336],[-108.218862,36.776246],[-108.218974,36.776249],[-108.218977,36.776159],[-108.219089,36.776161],[-108.219096,36.775981],[-108.218872,36.775976],[-108.218869,36.776066],[-108.218533,36.776058],[-108.218523,36.776328],[-108.218635,36.776331],[-108.218638,36.776241],[-108.21875,36.776244],[-108.218747,36.776334],[-108.218859,36.776336]]]}},{"type":"Feature","properties":{"class":"extent","min_prob":0.5},"geometry":{"type":"Polygon","coordinates":[[[-108.194888,36.775953],[-108.194891,36.775863],[-108.195003,36.775866],[-108.195006,36.775776],[-108.195118,36.775778],[-108.195125,36.775598],[-108.195013,36.775596],[-108.195016,36.775506],[-108.194904,36.775503],[-108.194907,36.775413],[-108.194684,36.775408],[-108.19468,36.775498],[-108.194792,36.7755],[-108.194786,36.77568],[-108.194562,36.775675],[-108.194555,36.775855],[-108.194779,36.775861],[-108.194776,36.775951],[-108.194888,36.775953]],[[-108.19501,36.775686],[-108.194898,36.775683],[-108.194901,36.775593],[-108.195013,36.775596],[-108.19501,36.775686]]]}},{"type":"Feature","properties":{"class":"extent","min_prob":0.5},"geometry":{"type":"Polygon","coordinates":[[[-108.207338,36.775706],[-108.207341,36.775615],[-108.207229,36.775613],[-108.207226,36.775703],[-108.207338,36.775706]]]}},{"type":"Feature","properties":{"class":"extent","min_prob":0.5},"geometry":{"type":"Polygon","coordinates":[[[-108.221451,36.775946],[-108.221454,36.775856],[-108.221342,36.775853],[-108.221339,36.775943],[-108.221451,36.775946]]]}},{"type":"Feature","properties":{"class":"extent","min_prob":0.5},"geometry":{"type":"Polygon","coordinates":[[[-108.218542,36.775788],[-108.218546,36.775698],[-108.218434,36.775695],[-108.21843,36.775785],[-108.218542,36.775788]]]}},{"type":"Feature","properties":{"class":"extent","min_prob":0.5},"geometry":{"type":"Polygon","coordinates":[[[-108.219435,36.775899],[-108.219445,36.775629],[-108.219333,36.775626],[-108.219323,36.775896],[-108.219435,36.775899]]]}},{"type":"Feature","properties":{"class":"extent","min_prob":0.5},"geometry":{"type":"Polygon","coordinates":[[[-108.231872,36.776009],[-108.231875,36.775919],[-108.231763,36.775916],[-108.23176,36.776006],[-108.231872,36.776009]]]}},{"type":"Feature","properties":{"class":"extent","min_prob":0.5},"geometry":{"type":"Polygon","coordinates":[[[-108.218322,36.775693],[-108.218325,36.775603],[-108.218213,36.7756],[-108.21821,36.77569],[-108.218322,36.775693]]]}},{"type":"Feature","properties":{"class":"extent","min_prob":0.5},"geometry":{"type":"Polygon","coordinates":[[[-108.207459,36.775438],[-108.207463,36.775348],[-108.207351,36.775345],[-108.207347,36.775435],[-108.207459,36.775438]]]}},{"type":"Feature","properties":{"class":"extent","min_prob":0.5},"geometry":{"type":"Polygon","coordinates":[[[-108.231987,36.775921],[-108.23199,36.775831],[-108.231878,36.775829],[-108.231875,36.775919],[-108.231987,36.775921]]]}},{"type":"Feature","properties":{"class":"extent","min_prob":0.5},"geometry":{"type":"Polygon","coordinates":[[[-108.218997,36.775618],[-108.219,36.775528],[-108.218888,36.775526],[-108.218885,36.775616],[-108.218997,36.775618]]]}},{"type":"Feature","properties":{"class":"extent","min_prob":0.5},"geometry":{"type":"Polygon","coordinates":[[[-108.21956,36.775541],[-108.219563,36.775451],[-108.219451,36.775449],[-108.219448,36.775539],[-108.21956,36.775541]]]}},{"type":"Feature","properties":{"class":"extent","min_prob":0.5},"geometry":{"type":"Polygon","coordinates":[[[-108.207011,36.775427],[-108.207015,36.775337],[-108.207127,36.77534],[-108.20713,36.77525],[-108.207018,36.775247],[-108.207024,36.775067],[-108.206689,36.775059],[-108.206685,36.775149],[-108.206797,36.775152],[-108.206791,36.775332],[-108.206903,36.775335],[-108.206899,36.775425],[-108.207011,36.775427]]]}},{"type":"Feature","properties":{"class":"extent","min_prob":0.5},"geometry":{"type":"Polygon","coordinates":[[[-108.207357,36.775165],[-108.207364,36.774985],[-108.207028,36.774977],[-108.207024,36.775067],[-108.207248,36.775072],[-108.207245,36.775162],[-108.207357,36.775165]]]}},{"type":"Feature","properties":{"class":"extent","min_prob":0.5},"geometry":{"type":"Polygon","coordinates":[[[-108.206689,36.775059],[-108.206692,36.774969],[-108.20658,36.774966],[-108.206577,36.775057],[-108.206689,36.775059]]]}},{"type":"Feature","properties":{"class":"extent","min_prob":0.5},"geometry":{"type":"Polygon","coordinates":[[[-108.227073,36.775446],[-108.227076,36.775356],[-108.226964,36.775354],[-108.226961,36.775444],[-108.227073,36.775446]]]}},{"type":"Feature","properties":{"class":"extent","min_prob":0.5},"geometry":{"type":"Polygon","coordinates":[[[-108.213187,36.775122],[-108.21319,36.775031],[-108.213078,36.775029],[-108.213075,36.775119],[-108.213187,36.775122]]]}},{"type":"Feature","properties":{"class":"extent","min_prob":0.5},"geometry":{"type":"Polygon","coordinates":[[[-108.212851,36.775114],[-108.212854,36.775024],[-108.212742,36.775021],[-108.212739,36.775111],[-108.212851,36.775114]]]}},{"type":"Feature","properties":{"class":"extent","min_prob":0.5},"geometry":{"type":"Polygon","coordinates":[[[-108.212627,36.775108],[-108.21263,36.775018],[-108.212518,36.775016],[-108.212515,36.775106],[-108.212627,36.775108]]]}},{"type":"Feature","properties":{"class":"extent","min_prob":0.5},"geometry":{"type":"Polygon","coordinates":[[[-108.207028,36.774977],[-108.207031,36.774887],[-108.206695,36.774879],[-108.206692,36.774969],[-108.207028,36.774977]]]}},{"type":"Feature","properties":{"class":"extent","min_prob":0.5},"geometry":{"type":"Polygon","coordinates":[[[-108.204004,36.774906],[-108.204007,36.774816],[-108.203896,36.774813],[-108.203892,36.774903],[-108.204004,36.774906]]]}},{"type":"Feature","properties":{"class":"extent","min_prob":0.5},"geometry":{"type":"Polygon","coordinates":[[[-108.221029,36.775215],[-108.221032,36.775125],[-108.22092,36.775122],[-108.220917,36.775212],[-108.221029,36.775215]]]}},{"type":"Feature","properties":{"class":"extent","min_prob":0.5},"geometry":{"type":"Polygon","coordinates":[[[-108.206583,36.774876],[-108.206586,36.774786],[-108.206474,36.774784],[-108.206471,36.774874],[-108.206583,36.774876]]]}},{"type":"Feature","properties":{"class":"extent","min_prob":0.5},"geometry":{"type":"Polygon","coordinates":[[[-108.205351,36.774847],[-108.205358,36.774667],[-108.205246,36.774665],[-108.205239,36.774845],[-108.205351,36.774847]]]}},{"type":"Feature","properties":{"class":"extent","min_prob":0.5},"geometry":{"type":"Polygon","coordinates":[[[-108.204567,36.774829],[-108.204574,36.774649],[-108.204462,36.774646],[-108.204455,36.774826],[-108.204567,36.774829]]]}},{"type":"Feature","properties":{"class":"extent","min_prob":0.5},"geometry":{"type":"Polygon","coordinates":[[[-108.204788,36.774924],[-108.204791,36.774834],[-108.205015,36.77484],[-108.205025,36.774569],[-108.204913,36.774567],[-108.20491,36.774657],[-108.204798,36.774654],[-108.204801,36.774564],[-108.204689,36.774561],[-108.204679,36.774832],[-108.204567,36.774829],[-108.204564,36.774919],[-108.204788,36.774924]]]}},{"type":"Feature","properties":{"class":"extent","min_prob":0.5},"geometry":{"type":"Polygon","coordinates":[[[-108.219013,36.775168],[-108.219016,36.775078],[-108.219128,36.77508],[-108.219132,36.77499],[-108.21902,36.774988],[-108.219023,36.774898],[-108.218911,36.774895],[-108.218901,36.775165],[-108.219013,36.775168]]]}},{"type":"Feature","properties":{"class":"extent","min_prob":0.5},"geometry":{"type":"Polygon","coordinates":[[[-108.195276,36.77452],[-108.195283,36.77434],[-108.195171,36.774337],[-108.195164,36.774517],[-108.195276,36.77452]]]}},{"type":"Feature","properties":{"class":"extent","min_prob":0.5},"geometry":{"type":"Polygon","coordinates":[[[-108.210624,36.774701],[-108.210627,36.774611],[-108.210739,36.774613],[-108.210746,36.774433],[-108.210634,36.774431],[-108.210637,36.77434],[-108.210525,36.774338],[-108.210516,36.774608],[-108.210404,36.774605],[-108.2104,36.774696],[-108.210624,36.774701]]]}},{"type":"Feature","properties":{"class":"extent","min_prob":0.5},"geometry":{"type":"Polygon","coordinates":[[[-108.205914,36.77477],[-108.205918,36.77468],[-108.206142,36.774686],[-108.206145,36.774596],[-108.206257,36.774598],[-108.206263,36.774418],[-108.206375,36.774421],[-108.206379,36.774331],[-108.206155,36.774325],[-108.206152,36.774415],[-108.20604,36.774413],[-108.206046,36.774233],[-108.205934,36.77423],[-108.205931,36.77432],[-108.205819,36.774317],[-108.205812,36.774498],[-108.2057,36.774495],[-108.205694,36.774675],[-108.205582,36.774673],[-108.205579,36.774763],[-108.205914,36.77477]]]}},{"type":"Feature","properties":{"class":"extent","min_prob":0.5},"geometry":{"type":"Polygon","coordinates":[[[-108.207828,36.774545],[-108.207831,36.774455],[-108.207719,36.774452],[-108.207723,36.774362],[-108.207834,36.774365],[-108.207838,36.774275],[-108.207614,36.774269],[-108.207604,36.77454],[-108.207828,36.774545]]]}},{"type":"Feature","properties":{"class":"extent","min_prob":0.5},"geometry":{"type":"Polygon","coordinates":[[[-108.21097,36.774438],[-108.210977,36.774258],[-108.210865,36.774256],[-108.210858,36.774436],[-108.21097,36.774438]]]}},{"type":"Feature","properties":{"class":"extent","min_prob":0.5},"geometry":{"type":"Polygon","coordinates":[[[-108.206494,36.774243],[-108.206501,36.774063],[-108.206389,36.77406],[-108.206382,36.774241],[-108.206494,36.774243]]]}},{"type":"Feature","properties":{"class":"extent","min_prob":0.5},"geometry":{"type":"Polygon","coordinates":[[[-108.200895,36.774111],[-108.200905,36.773841],[-108.200793,36.773839],[-108.20079,36.773929],[-108.200678,36.773926],[-108.200674,36.774016],[-108.200786,36.774019],[-108.200783,36.774109],[-108.200895,36.774111]]]}},{"type":"Feature","properties":{"class":"extent","min_prob":0.5},"geometry":{"type":"Polygon","coordinates":[[[-108.232148,36.774573],[-108.232151,36.774483],[-108.232039,36.77448],[-108.232036,36.77457],[-108.232148,36.774573]]]}},{"type":"Feature","properties":{"class":"extent","min_prob":0.5},"geometry":{"type":"Polygon","coordinates":[[[-108.207854,36.773824],[-108.207857,36.773734],[-108.207745,36.773732],[-108.207742,36.773822],[-108.207854,36.773824]]]}},{"type":"Feature","properties":{"class":"extent","min_prob":0.5},"geometry":{"type":"Polygon","coordinates":[[[-108.203039,36.773711],[-108.203042,36.773621],[-108.20293,36.773618],[-108.202927,36.773708],[-108.203039,36.773711]]]}},{"type":"Feature","properties":{"class":"extent","min_prob":0.5},"geometry":{"type":"Polygon","coordinates":[[[-108.202255,36.773693],[-108.202258,36.773603],[-108.202146,36.7736],[-108.202143,36.77369],[-108.202255,36.773693]]]}},{"type":"Feature","properties":{"class":"extent","min_prob":0.5},"geometry":{"type":"Polygon","coordinates":[[[-108.220847,36.774039],[-108.22085,36.773949],[-108.220738,36.773946],[-108.220735,36.774036],[-108.220847,36.774039]]]}},{"type":"Feature","properties":{"class":"extent","min_prob":0.5},"geometry":{"type":"Polygon","coordinates":[[[-108.232161,36.774212],[-108.232164,36.774122],[-108.232052,36.77412],[-108.232049,36.77421],[-108.232161,36.774212]]]}},{"type":"Feature","properties":{"class":"extent","min_prob":0.5},"geometry":{"type":"Polygon","coordinates":[[[-108.220626,36.773943],[-108.22063,36.773853],[-108.220518,36.773851],[-108.220514,36.773941],[-108.220626,36.773943]]]}},{"type":"Feature","properties":{"class":"extent","min_prob":0.5},"geometry":{"type":"Polygon","coordinates":[[[-108.232276,36.774125],[-108.232279,36.774035],[-108.232167,36.774032],[-108.232164,36.774122],[-108.232276,36.774125]]]}},{"type":"Feature","properties":{"class":"extent","min_prob":0.5},"geometry":{"type":"Polygon","coordinates":[[[-108.19745,36.773309],[-108.197453,36.773219],[-108.197341,36.773216],[-108.197338,36.773306],[-108.19745,36.773309]]]}},{"type":"Feature","properties":{"class":"extent","min_prob":0.5},"geometry":{"type":"Polygon","coordinates":[[[-108.207979,36.773467],[-108.207989,36.773196],[-108.207877,36.773194],[-108.207867,36.773464],[-108.207979,36.773467]]]}},{"type":"Feature","properties":{"class":"extent","min_prob":0.5},"geometry":{"type":"Polygon","coordinates":[[[-108.232734,36.773865],[-108.232737,36.773775],[-108.232625,36.773772],[-108.232622,36.773862],[-108.232734,36.773865]]]}},{"type":"Feature","properties":{"class":"extent","min_prob":0.5},"geometry":{"type":"Polygon","coordinates":[[[-108.207317,36.773181],[-108.20732,36.77309],[-108.207208,36.773088],[-108.207205,36.773178],[-108.207317,36.773181]]]}},{"type":"Feature","properties":{"class":"extent","min_prob":0.5},"geometry":{"type":"Polygon","coordinates":[[[-108.208443,36.773027],[-108.208447,36.772937],[-108.208335,36.772934],[-108.208331,36.773024],[-108.208443,36.773027]]]}},{"type":"Feature","properties":{"class":"extent","min_prob":0.5},"geometry":{"type":"Polygon","coordinates":[[[-108.20598,36.772969],[-108.205983,36.772879],[-108.205871,36.772876],[-108.205868,36.772966],[-108.20598,36.772969]]]}},{"type":"Feature","properties":{"class":"extent","min_prob":0.5},"geometry":{"type":"Polygon","coordinates":[[[-108.208318,36.773384],[-108.208331,36.773024],[-108.208219,36.773021],[-108.208223,36.772931],[-108.208111,36.772929],[-108.208114,36.772839],[-108.207778,36.772831],[-108.207775,36.772921],[-108.207887,36.772923],[-108.207884,36.773014],[-108.207772,36.773011],[-108.207768,36.773101],[-108.207992,36.773106],[-108.207989,36.773196],[-108.208213,36.773202],[-108.208206,36.773382],[-108.208318,36.773384]],[[-108.208104,36.773109],[-108.207992,36.773106],[-108.207996,36.773016],[-108.208107,36.773019],[-108.208104,36.773109]]]}},{"type":"Feature","properties":{"class":"extent","min_prob":0.5},"geometry":{"type":"Polygon","coordinates":[[[-108.224348,36.773309],[-108.224354,36.773129],[-108.224242,36.773126],[-108.224236,36.773306],[-108.224348,36.773309]]]}},{"type":"Feature","properties":{"class":"extent","min_prob":0.5},"geometry":{"type":"Polygon","coordinates":[[[-108.234429,36.773454],[-108.234433,36.773364],[-108.234321,36.773361],[-108.234317,36.773451],[-108.234429,36.773454]]]}},{"type":"Feature","properties":{"class":"extent","min_prob":0.5},"geometry":{"type":"Polygon","coordinates":[[[-108.208226,36.772841],[-108.208229,36.772751],[-108.208117,36.772749],[-108.208114,36.772839],[-108.208226,36.772841]]]}},{"type":"Feature","properties":{"class":"extent","min_prob":0.5},"geometry":{"type":"Polygon","coordinates":[[[-108.220201,36.773302],[-108.220214,36.772942],[-108.220102,36.772939],[-108.220093,36.77321],[-108.219981,36.773207],[-108.219977,36.773297],[-108.220201,36.773302]]]}},{"type":"Feature","properties":{"class":"extent","min_prob":0.5},"geometry":{"type":"Polygon","coordinates":[[[-108.227259,36.773377],[-108.227269,36.773107],[-108.227157,36.773104],[-108.227147,36.773374],[-108.227259,36.773377]]]}},{"type":"Feature","properties":{"class":"extent","min_prob":0.5},"geometry":{"type":"Polygon","coordinates":[[[-108.22525,36.77315],[-108.225253,36.77306],[-108.225141,36.773057],[-108.225138,36.773147],[-108.22525,36.77315]]]}},{"type":"Feature","properties":{"class":"extent","min_prob":0.5},"geometry":{"type":"Polygon","coordinates":[[[-108.224802,36.773139],[-108.224806,36.773049],[-108.22447,36.773041],[-108.224466,36.773131],[-108.224802,36.773139]]]}},{"type":"Feature","properties":{"class":"extent","min_prob":0.5},"geometry":{"type":"Polygon","coordinates":[[[-108.208453,36.772756],[-108.208457,36.772666],[-108.208345,36.772664],[-108.208341,36.772754],[-108.208453,36.772756]]]}},{"type":"Feature","properties":{"class":"extent","min_prob":0.5},"geometry":{"type":"Polygon","coordinates":[[[-108.224018,36.773121],[-108.224025,36.772941],[-108.223913,36.772938],[-108.223906,36.773118],[-108.224018,36.773121]]]}},{"type":"Feature","properties":{"class":"extent","min_prob":0.5},"geometry":{"type":"Polygon","coordinates":[[[-108.220336,36.772674],[-108.220339,36.772584],[-108.220227,36.772582],[-108.220224,36.772672],[-108.220336,36.772674]]]}},{"type":"Feature","properties":{"class":"extent","min_prob":0.5},"geometry":{"type":"Polygon","coordinates":[[[-108.19794,36.772148],[-108.197947,36.771968],[-108.197835,36.771966],[-108.197828,36.772146],[-108.19794,36.772148]]]}},{"type":"Feature","properties":{"class":"extent","min_prob":0.5},"geometry":{"type":"Polygon","coordinates":[[[-108.221011,36.7726],[-108.221014,36.77251],[-108.220903,36.772507],[-108.220899,36.772597],[-108.221011,36.7726]]]}},{"type":"Feature","properties":{"class":"extent","min_prob":0.5},"geometry":{"type":"Polygon","coordinates":[[[-108.208806,36.772314],[-108.208809,36.772224],[-108.208697,36.772221],[-108.208694,36.772311],[-108.208806,36.772314]]]}},{"type":"Feature","properties":{"class":"extent","min_prob":0.5},"geometry":{"type":"Polygon","coordinates":[[[-108.233895,36.77272],[-108.233899,36.77263],[-108.233787,36.772627],[-108.233783,36.772717],[-108.233895,36.77272]]]}},{"type":"Feature","properties":{"class":"extent","min_prob":0.5},"geometry":{"type":"Polygon","coordinates":[[[-108.206569,36.772171],[-108.206572,36.772081],[-108.206684,36.772084],[-108.206691,36.771904],[-108.206579,36.771901],[-108.206576,36.771991],[-108.206464,36.771988],[-108.206457,36.772169],[-108.206569,36.772171]]]}},{"type":"Feature","properties":{"class":"extent","min_prob":0.5},"geometry":{"type":"Polygon","coordinates":[[[-108.234235,36.772638],[-108.234238,36.772548],[-108.234126,36.772545],[-108.234123,36.772635],[-108.234235,36.772638]]]}},{"type":"Feature","properties":{"class":"extent","min_prob":0.5},"geometry":{"type":"Polygon","coordinates":[[[-108.220557,36.77277],[-108.22056,36.772679],[-108.220896,36.772687],[-108.220899,36.772597],[-108.220787,36.772595],[-108.220791,36.772505],[-108.220679,36.772502],[-108.220682,36.772412],[-108.22057,36.772409],[-108.220573,36.772319],[-108.220685,36.772322],[-108.220688,36.772232],[-108.220464,36.772226],[-108.220458,36.772407],[-108.220346,36.772404],[-108.220339,36.772584],[-108.220451,36.772587],[-108.220445,36.772767],[-108.220557,36.77277]]]}},{"type":"Feature","properties":{"class":"extent","min_prob":0.5},"geometry":{"type":"Polygon","coordinates":[[[-108.206803,36.771906],[-108.206806,36.771816],[-108.206694,36.771814],[-108.206691,36.771904],[-108.206803,36.771906]]]}},{"type":"Feature","properties":{"class":"extent","min_prob":0.5},"geometry":{"type":"Polygon","coordinates":[[[-108.225503,36.772344],[-108.225507,36.772254],[-108.225395,36.772251],[-108.225398,36.772161],[-108.225286,36.772159],[-108.225279,36.772339],[-108.225503,36.772344]]]}},{"type":"Feature","properties":{"class":"extent","min_prob":0.5},"geometry":{"type":"Polygon","coordinates":[[[-108.221139,36.772152],[-108.221143,36.772062],[-108.221031,36.772059],[-108.221027,36.772149],[-108.221139,36.772152]]]}},{"type":"Feature","properties":{"class":"extent","min_prob":0.5},"geometry":{"type":"Polygon","coordinates":[[[-108.223043,36.772197],[-108.22305,36.772016],[-108.222714,36.772009],[-108.22271,36.772099],[-108.222822,36.772101],[-108.222819,36.772191],[-108.223043,36.772197]]]}},{"type":"Feature","properties":{"class":"extent","min_prob":0.5},"geometry":{"type":"Polygon","coordinates":[[[-108.248466,36.772698],[-108.248469,36.772607],[-108.248357,36.772605],[-108.248354,36.772695],[-108.248466,36.772698]]]}},{"type":"Feature","properties":{"class":"extent","min_prob":0.5},"geometry":{"type":"Polygon","coordinates":[[[-108.221479,36.77207],[-108.221485,36.77189],[-108.221261,36.771884],[-108.221258,36.771975],[-108.22137,36.771977],[-108.221367,36.772067],[-108.221479,36.77207]]]}},{"type":"Feature","properties":{"class":"extent","min_prob":0.5},"geometry":{"type":"Polygon","coordinates":[[[-108.22081,36.771964],[-108.220813,36.771874],[-108.220701,36.771871],[-108.220698,36.771961],[-108.22081,36.771964]]]}},{"type":"Feature","properties":{"class":"extent","min_prob":0.5},"geometry":{"type":"Polygon","coordinates":[[[-108.236938,36.77225],[-108.236942,36.77216],[-108.23683,36.772157],[-108.236833,36.772067],[-108.236721,36.772064],[-108.236714,36.772245],[-108.236938,36.77225]]]}},{"type":"Feature","properties":{"class":"extent","min_prob":0.5},"geometry":{"type":"Polygon","coordinates":[[[-108.208163,36.771487],[-108.20817,36.771307],[-108.208058,36.771305],[-108.208051,36.771485],[-108.208163,36.771487]]]}},{"type":"Feature","properties":{"class":"extent","min_prob":0.5},"geometry":{"type":"Polygon","coordinates":[[[-108.227539,36.771851],[-108.227542,36.771761],[-108.22743,36.771758],[-108.227427,36.771848],[-108.227539,36.771851]]]}},{"type":"Feature","properties":{"class":"extent","min_prob":0.5},"geometry":{"type":"Polygon","coordinates":[[[-108.241987,36.772097],[-108.24199,36.772007],[-108.241878,36.772004],[-108.241875,36.772094],[-108.241987,36.772097]]]}},{"type":"Feature","properties":{"class":"extent","min_prob":0.5},"geometry":{"type":"Polygon","coordinates":[[[-108.22743,36.771758],[-108.227433,36.771668],[-108.227321,36.771665],[-108.227318,36.771755],[-108.22743,36.771758]]]}},{"type":"Feature","properties":{"class":"extent","min_prob":0.5},"geometry":{"type":"Polygon","coordinates":[[[-108.233138,36.771981],[-108.233147,36.771711],[-108.232587,36.771698],[-108.232591,36.771608],[-108.232479,36.771605],[-108.232482,36.771515],[-108.231922,36.771502],[-108.231919,36.771592],[-108.231807,36.771589],[-108.231803,36.77168],[-108.231915,36.771682],[-108.231906,36.771952],[-108.232018,36.771955],[-108.232021,36.771865],[-108.232133,36.771868],[-108.23213,36.771958],[-108.232354,36.771963],[-108.232357,36.771873],[-108.232805,36.771883],[-108.232808,36.771793],[-108.233032,36.771798],[-108.233026,36.771979],[-108.233138,36.771981]]]}},{"type":"Feature","properties":{"class":"extent","min_prob":0.5},"geometry":{"type":"Polygon","coordinates":[[[-108.210643,36.771095],[-108.210646,36.771005],[-108.210534,36.771002],[-108.210531,36.771092],[-108.210643,36.771095]]]}},{"type":"Feature","properties":{"class":"extent","min_prob":0.5},"geometry":{"type":"Polygon","coordinates":[[[-108.220951,36.771156],[-108.220955,36.771066],[-108.220731,36.771061],[-108.220727,36.771151],[-108.220951,36.771156]]]}},{"type":"Feature","properties":{"class":"extent","min_prob":0.5},"geometry":{"type":"Polygon","coordinates":[[[-108.208858,36.770873],[-108.208861,36.770782],[-108.208637,36.770777],[-108.208634,36.770867],[-108.208858,36.770873]]]}},{"type":"Feature","properties":{"class":"extent","min_prob":0.5},"geometry":{"type":"Polygon","coordinates":[[[-108.206842,36.770825],[-108.206846,36.770735],[-108.206734,36.770733],[-108.20673,36.770823],[-108.206842,36.770825]]]}},{"type":"Feature","properties":{"class":"extent","min_prob":0.5},"geometry":{"type":"Polygon","coordinates":[[[-108.209533,36.770798],[-108.209536,36.770708],[-108.209312,36.770703],[-108.209309,36.770793],[-108.209533,36.770798]]]}},{"type":"Feature","properties":{"class":"extent","min_prob":0.5},"geometry":{"type":"Polygon","coordinates":[[[-108.203822,36.770664],[-108.203829,36.770484],[-108.203605,36.770479],[-108.203601,36.770569],[-108.203713,36.770571],[-108.20371,36.770661],[-108.203822,36.770664]]]}},{"type":"Feature","properties":{"class":"extent","min_prob":0.5},"geometry":{"type":"Polygon","coordinates":[[[-108.208976,36.770695],[-108.20898,36.770605],[-108.208868,36.770602],[-108.208864,36.770692],[-108.208976,36.770695]]]}},{"type":"Feature","properties":{"class":"extent","min_prob":0.5},"geometry":{"type":"Polygon","coordinates":[[[-108.204609,36.770592],[-108.204613,36.770502],[-108.204501,36.7705],[-108.204497,36.77059],[-108.204609,36.770592]]]}},{"type":"Feature","properties":{"class":"extent","min_prob":0.5},"geometry":{"type":"Polygon","coordinates":[[[-108.204049,36.770579],[-108.204053,36.770489],[-108.203941,36.770487],[-108.203937,36.770577],[-108.204049,36.770579]]]}},{"type":"Feature","properties":{"class":"extent","min_prob":0.5},"geometry":{"type":"Polygon","coordinates":[[[-108.205736,36.770439],[-108.205739,36.770348],[-108.205627,36.770346],[-108.205624,36.770436],[-108.205736,36.770439]]]}},{"type":"Feature","properties":{"class":"extent","min_prob":0.5},"geometry":{"type":"Polygon","coordinates":[[[-108.218616,36.77065],[-108.218619,36.77056],[-108.218395,36.770555],[-108.218392,36.770645],[-108.218616,36.77065]]]}},{"type":"Feature","properties":{"class":"extent","min_prob":0.5},"geometry":{"type":"Polygon","coordinates":[[[-108.205851,36.770351],[-108.205854,36.770261],[-108.205742,36.770258],[-108.205739,36.770348],[-108.205851,36.770351]]]}},{"type":"Feature","properties":{"class":"extent","min_prob":0.5},"geometry":{"type":"Polygon","coordinates":[[[-108.204619,36.770322],[-108.204622,36.770232],[-108.20451,36.770229],[-108.204507,36.77032],[-108.204619,36.770322]]]}},{"type":"Feature","properties":{"class":"extent","min_prob":0.5},"geometry":{"type":"Polygon","coordinates":[[[-108.209994,36.770448],[-108.21,36.770268],[-108.209888,36.770266],[-108.209882,36.770446],[-108.209994,36.770448]]]}},{"type":"Feature","properties":{"class":"extent","min_prob":0.5},"geometry":{"type":"Polygon","coordinates":[[[-108.209763,36.770623],[-108.209767,36.770533],[-108.209879,36.770536],[-108.209882,36.770446],[-108.209658,36.770441],[-108.209661,36.77035],[-108.209773,36.770353],[-108.209776,36.770263],[-108.209553,36.770258],[-108.209543,36.770528],[-108.209655,36.770531],[-108.209651,36.770621],[-108.209763,36.770623]]]}},{"type":"Feature","properties":{"class":"extent","min_prob":0.5},"geometry":{"type":"Polygon","coordinates":[[[-108.218735,36.770473],[-108.218738,36.770383],[-108.218626,36.77038],[-108.218623,36.77047],[-108.218735,36.770473]]]}},{"type":"Feature","properties":{"class":"extent","min_prob":0.5},"geometry":{"type":"Polygon","coordinates":[[[-108.19634,36.769947],[-108.196343,36.769857],[-108.196231,36.769854],[-108.196228,36.769944],[-108.19634,36.769947]]]}},{"type":"Feature","properties":{"class":"extent","min_prob":0.5},"geometry":{"type":"Polygon","coordinates":[[[-108.222548,36.770382],[-108.222558,36.770112],[-108.222446,36.770109],[-108.222436,36.770379],[-108.222548,36.770382]]]}},{"type":"Feature","properties":{"class":"extent","min_prob":0.5},"geometry":{"type":"Polygon","coordinates":[[[-108.206424,36.770004],[-108.20643,36.769824],[-108.206542,36.769826],[-108.206546,36.769736],[-108.206322,36.769731],[-108.206312,36.770001],[-108.206424,36.770004]]]}},{"type":"Feature","properties":{"class":"extent","min_prob":0.5},"geometry":{"type":"Polygon","coordinates":[[[-108.208394,36.771312],[-108.208397,36.771222],[-108.208509,36.771225],[-108.208525,36.770775],[-108.208637,36.770777],[-108.20864,36.770687],[-108.208752,36.77069],[-108.208756,36.7706],[-108.208532,36.770594],[-108.208535,36.770504],[-108.208647,36.770507],[-108.20865,36.770417],[-108.208762,36.77042],[-108.208759,36.77051],[-108.208871,36.770512],[-108.208877,36.770332],[-108.209101,36.770337],[-108.209105,36.770247],[-108.209217,36.77025],[-108.20922,36.77016],[-108.209332,36.770162],[-108.209335,36.770072],[-108.209447,36.770075],[-108.209457,36.769805],[-108.209345,36.769802],[-108.209342,36.769892],[-108.209118,36.769887],[-108.209124,36.769707],[-108.209012,36.769704],[-108.209009,36.769794],[-108.208785,36.769789],[-108.208788,36.769699],[-108.208676,36.769696],[-108.20867,36.769876],[-108.208446,36.769871],[-108.208443,36.769961],[-108.208555,36.769964],[-108.208551,36.770054],[-108.208327,36.770049],[-108.208321,36.770229],[-108.208209,36.770226],[-108.208199,36.770496],[-108.208311,36.770499],[-108.208304,36.770679],[-108.208192,36.770677],[-108.208186,36.770857],[-108.20841,36.770862],[-108.208407,36.770952],[-108.208295,36.77095],[-108.208282,36.77131],[-108.208394,36.771312]],[[-108.208877,36.770332],[-108.208765,36.770329],[-108.208769,36.770239],[-108.208881,36.770242],[-108.208877,36.770332]],[[-108.208657,36.770237],[-108.208545,36.770234],[-108.208548,36.770144],[-108.20866,36.770147],[-108.208657,36.770237]],[[-108.208996,36.770155],[-108.20866,36.770147],[-108.208667,36.769966],[-108.20889,36.769972],[-108.208887,36.770062],[-108.208999,36.770064],[-108.208996,36.770155]],[[-108.209335,36.770072],[-108.209223,36.77007],[-108.209226,36.76998],[-108.209338,36.769982],[-108.209335,36.770072]],[[-108.209002,36.769974],[-108.20889,36.769972],[-108.208894,36.769882],[-108.209006,36.769884],[-108.209002,36.769974]]]}},{"type":"Feature","properties":{"class":"extent","min_prob":0.5},"geometry":{"type":"Polygon","coordinates":[[[-108.209345,36.769802],[-108.209348,36.769712],[-108.209236,36.769709],[-108.209233,36.769799],[-108.209345,36.769802]]]}},{"type":"Feature","properties":{"class":"extent","min_prob":0.5},"geometry":{"type":"Polygon","coordinates":[[[-108.208446,36.769871],[-108.208449,36.769781],[-108.208561,36.769784],[-108.208568,36.769603],[-108.208456,36.769601],[-108.208452,36.769691],[-108.20834,36.769688],[-108.208334,36.769868],[-108.208446,36.769871]]]}},{"type":"Feature","properties":{"class":"extent","min_prob":0.5},"geometry":{"type":"Polygon","coordinates":[[[-108.214499,36.769833],[-108.214502,36.769743],[-108.21439,36.76974],[-108.214387,36.76983],[-108.214499,36.769833]]]}},{"type":"Feature","properties":{"class":"extent","min_prob":0.5},"geometry":{"type":"Polygon","coordinates":[[[-108.209236,36.769709],[-108.209239,36.769619],[-108.209128,36.769617],[-108.209124,36.769707],[-108.209236,36.769709]]]}},{"type":"Feature","properties":{"class":"extent","min_prob":0.5},"geometry":{"type":"Polygon","coordinates":[[[-108.2089,36.769701],[-108.208907,36.769521],[-108.208795,36.769519],[-108.208788,36.769699],[-108.2089,36.769701]]]}},{"type":"Feature","properties":{"class":"extent","min_prob":0.5},"geometry":{"type":"Polygon","coordinates":[[[-108.208456,36.769601],[-108.208459,36.769511],[-108.208347,36.769508],[-108.208344,36.769598],[-108.208456,36.769601]]]}},{"type":"Feature","properties":{"class":"extent","min_prob":0.5},"geometry":{"type":"Polygon","coordinates":[[[-108.209463,36.769625],[-108.20947,36.769444],[-108.209358,36.769442],[-108.209351,36.769622],[-108.209463,36.769625]]]}},{"type":"Feature","properties":{"class":"extent","min_prob":0.5},"geometry":{"type":"Polygon","coordinates":[[[-108.211146,36.769574],[-108.211153,36.769394],[-108.211041,36.769391],[-108.211034,36.769571],[-108.211146,36.769574]]]}},{"type":"Feature","properties":{"class":"extent","min_prob":0.5},"geometry":{"type":"Polygon","coordinates":[[[-108.208462,36.769421],[-108.208465,36.769331],[-108.208353,36.769328],[-108.20835,36.769418],[-108.208462,36.769421]]]}},{"type":"Feature","properties":{"class":"extent","min_prob":0.5},"geometry":{"type":"Polygon","coordinates":[[[-108.197153,36.769155],[-108.197156,36.769065],[-108.197044,36.769062],[-108.197041,36.769152],[-108.197153,36.769155]]]}},{"type":"Feature","properties":{"class":"extent","min_prob":0.5},"geometry":{"type":"Polygon","coordinates":[[[-108.222683,36.769754],[-108.22269,36.769574],[-108.222578,36.769571],[-108.222571,36.769751],[-108.222683,36.769754]]]}},{"type":"Feature","properties":{"class":"extent","min_prob":0.5},"geometry":{"type":"Polygon","coordinates":[[[-108.211268,36.769306],[-108.211271,36.769216],[-108.211047,36.769211],[-108.211044,36.769301],[-108.211268,36.769306]]]}},{"type":"Feature","properties":{"class":"extent","min_prob":0.5},"geometry":{"type":"Polygon","coordinates":[[[-108.206453,36.769193],[-108.206456,36.769103],[-108.206233,36.769098],[-108.206229,36.769188],[-108.206453,36.769193]]]}},{"type":"Feature","properties":{"class":"extent","min_prob":0.5},"geometry":{"type":"Polygon","coordinates":[[[-108.208805,36.769248],[-108.208808,36.769158],[-108.208696,36.769156],[-108.208699,36.769066],[-108.208587,36.769063],[-108.208581,36.769243],[-108.208805,36.769248]]]}},{"type":"Feature","properties":{"class":"extent","min_prob":0.5},"geometry":{"type":"Polygon","coordinates":[[[-108.209144,36.769166],[-108.209147,36.769076],[-108.209035,36.769074],[-108.209032,36.769164],[-108.209144,36.769166]]]}},{"type":"Feature","properties":{"class":"extent","min_prob":0.5},"geometry":{"type":"Polygon","coordinates":[[[-108.20892,36.769161],[-108.208923,36.769071],[-108.208811,36.769068],[-108.208808,36.769158],[-108.20892,36.769161]]]}},{"type":"Feature","properties":{"class":"extent","min_prob":0.5},"geometry":{"type":"Polygon","coordinates":[[[-108.212391,36.769242],[-108.212398,36.769062],[-108.212286,36.76906],[-108.212279,36.76924],[-108.212391,36.769242]]]}},{"type":"Feature","properties":{"class":"extent","min_prob":0.5},"geometry":{"type":"Polygon","coordinates":[[[-108.208811,36.769068],[-108.208818,36.768888],[-108.208706,36.768885],[-108.208699,36.769066],[-108.208811,36.769068]]]}},{"type":"Feature","properties":{"class":"extent","min_prob":0.5},"geometry":{"type":"Polygon","coordinates":[[[-108.196945,36.768699],[-108.196949,36.768609],[-108.196837,36.768606],[-108.196833,36.768696],[-108.196945,36.768699]]]}},{"type":"Feature","properties":{"class":"extent","min_prob":0.5},"geometry":{"type":"Polygon","coordinates":[[[-108.26559,36.770207],[-108.265596,36.770027],[-108.265484,36.770025],[-108.265481,36.770115],[-108.265369,36.770112],[-108.265366,36.770202],[-108.26559,36.770207]]]}},{"type":"Feature","properties":{"class":"extent","min_prob":0.5},"geometry":{"type":"Polygon","coordinates":[[[-108.197281,36.768707],[-108.197285,36.768617],[-108.197397,36.768619],[-108.197403,36.768439],[-108.197179,36.768434],[-108.197169,36.768704],[-108.197281,36.768707]]]}},{"type":"Feature","properties":{"class":"extent","min_prob":0.5},"geometry":{"type":"Polygon","coordinates":[[[-108.211627,36.768684],[-108.21163,36.768593],[-108.211518,36.768591],[-108.211515,36.768681],[-108.211627,36.768684]]]}},{"type":"Feature","properties":{"class":"extent","min_prob":0.5},"geometry":{"type":"Polygon","coordinates":[[[-108.196735,36.768333],[-108.196738,36.768243],[-108.196626,36.768241],[-108.196623,36.768331],[-108.196735,36.768333]]]}},{"type":"Feature","properties":{"class":"extent","min_prob":0.5},"geometry":{"type":"Polygon","coordinates":[[[-108.198081,36.768275],[-108.198085,36.768185],[-108.197973,36.768182],[-108.19797,36.768272],[-108.198081,36.768275]]]}},{"type":"Feature","properties":{"class":"extent","min_prob":0.5},"geometry":{"type":"Polygon","coordinates":[[[-108.196962,36.768248],[-108.196965,36.768158],[-108.196853,36.768156],[-108.19685,36.768246],[-108.196962,36.768248]]]}},{"type":"Feature","properties":{"class":"extent","min_prob":0.5},"geometry":{"type":"Polygon","coordinates":[[[-108.197406,36.768349],[-108.197416,36.768079],[-108.197304,36.768076],[-108.197294,36.768346],[-108.197406,36.768349]]]}},{"type":"Feature","properties":{"class":"extent","min_prob":0.5},"geometry":{"type":"Polygon","coordinates":[[[-108.209509,36.768363],[-108.209512,36.768273],[-108.2094,36.768271],[-108.209397,36.768361],[-108.209509,36.768363]]]}},{"type":"Feature","properties":{"class":"extent","min_prob":0.5},"geometry":{"type":"Polygon","coordinates":[[[-108.195289,36.768029],[-108.195292,36.767939],[-108.19518,36.767936],[-108.195177,36.768026],[-108.195289,36.768029]]]}},{"type":"Feature","properties":{"class":"extent","min_prob":0.5},"geometry":{"type":"Polygon","coordinates":[[[-108.197643,36.767994],[-108.197647,36.767904],[-108.197535,36.767901],[-108.197531,36.767991],[-108.197643,36.767994]]]}},{"type":"Feature","properties":{"class":"extent","min_prob":0.5},"geometry":{"type":"Polygon","coordinates":[[[-108.206157,36.768104],[-108.20616,36.768014],[-108.206048,36.768012],[-108.206045,36.768102],[-108.206157,36.768104]]]}},{"type":"Feature","properties":{"class":"extent","min_prob":0.5},"geometry":{"type":"Polygon","coordinates":[[[-108.197535,36.767901],[-108.197538,36.767811],[-108.197426,36.767809],[-108.197423,36.767899],[-108.197535,36.767901]]]}},{"type":"Feature","properties":{"class":"extent","min_prob":0.5},"geometry":{"type":"Polygon","coordinates":[[[-108.209855,36.768101],[-108.209858,36.768011],[-108.209634,36.768006],[-108.209631,36.768096],[-108.209855,36.768101]]]}},{"type":"Feature","properties":{"class":"extent","min_prob":0.5},"geometry":{"type":"Polygon","coordinates":[[[-108.197762,36.767817],[-108.197765,36.767726],[-108.197653,36.767724],[-108.19765,36.767814],[-108.197762,36.767817]]]}},{"type":"Feature","properties":{"class":"extent","min_prob":0.5},"geometry":{"type":"Polygon","coordinates":[[[-108.192611,36.767695],[-108.192615,36.767605],[-108.192503,36.767602],[-108.192499,36.767692],[-108.192611,36.767695]]]}},{"type":"Feature","properties":{"class":"extent","min_prob":0.5},"geometry":{"type":"Polygon","coordinates":[[[-108.205827,36.767916],[-108.20583,36.767826],[-108.205942,36.767829],[-108.205946,36.767739],[-108.20561,36.767731],[-108.205606,36.767821],[-108.205718,36.767824],[-108.205715,36.767914],[-108.205827,36.767916]]]}},{"type":"Feature","properties":{"class":"extent","min_prob":0.5},"geometry":{"type":"Polygon","coordinates":[[[-108.195753,36.767589],[-108.195756,36.767499],[-108.195644,36.767496],[-108.195641,36.767586],[-108.195753,36.767589]]]}},{"type":"Feature","properties":{"class":"extent","min_prob":0.5},"geometry":{"type":"Polygon","coordinates":[[[-108.230359,36.76822],[-108.230362,36.76813],[-108.23025,36.768127],[-108.230247,36.768217],[-108.230359,36.76822]]]}},{"type":"Feature","properties":{"class":"extent","min_prob":0.5},"geometry":{"type":"Polygon","coordinates":[[[-108.202142,36.767559],[-108.202145,36.767469],[-108.202033,36.767466],[-108.20203,36.767556],[-108.202142,36.767559]]]}},{"type":"Feature","properties":{"class":"extent","min_prob":0.5},"geometry":{"type":"Polygon","coordinates":[[[-108.196208,36.767419],[-108.196211,36.767329],[-108.196099,36.767327],[-108.196096,36.767417],[-108.196208,36.767419]]]}},{"type":"Feature","properties":{"class":"extent","min_prob":0.5},"geometry":{"type":"Polygon","coordinates":[[[-108.203825,36.767508],[-108.203828,36.767418],[-108.203716,36.767416],[-108.203713,36.767506],[-108.203825,36.767508]]]}},{"type":"Feature","properties":{"class":"extent","min_prob":0.5},"geometry":{"type":"Polygon","coordinates":[[[-108.203153,36.767493],[-108.203156,36.767403],[-108.20338,36.767408],[-108.203383,36.767318],[-108.203271,36.767315],[-108.203275,36.767225],[-108.203163,36.767222],[-108.203159,36.767313],[-108.203048,36.76731],[-108.203041,36.76749],[-108.203153,36.767493]]]}},{"type":"Feature","properties":{"class":"extent","min_prob":0.5},"geometry":{"type":"Polygon","coordinates":[[[-108.230369,36.76795],[-108.230372,36.767859],[-108.23026,36.767857],[-108.230257,36.767947],[-108.230369,36.76795]]]}},{"type":"Feature","properties":{"class":"extent","min_prob":0.5},"geometry":{"type":"Polygon","coordinates":[[[-108.20617,36.767744],[-108.206173,36.767654],[-108.206285,36.767656],[-108.206288,36.767566],[-108.2064,36.767569],[-108.206403,36.767479],[-108.206515,36.767482],[-108.206519,36.767392],[-108.206743,36.767397],[-108.206746,36.767307],[-108.206298,36.767296],[-108.206291,36.767476],[-108.206179,36.767474],[-108.206183,36.767384],[-108.206071,36.767381],[-108.206067,36.767471],[-108.205955,36.767468],[-108.205959,36.767378],[-108.205847,36.767376],[-108.205844,36.767466],[-108.20562,36.767461],[-108.205616,36.767551],[-108.20584,36.767556],[-108.205837,36.767646],[-108.206061,36.767651],[-108.206058,36.767741],[-108.20617,36.767744]]]}},{"type":"Feature","properties":{"class":"extent","min_prob":0.5},"geometry":{"type":"Polygon","coordinates":[[[-108.205287,36.767363],[-108.20529,36.767272],[-108.205066,36.767267],[-108.205063,36.767357],[-108.205287,36.767363]]]}},{"type":"Feature","properties":{"class":"extent","min_prob":0.5},"geometry":{"type":"Polygon","coordinates":[[[-108.204164,36.767426],[-108.204167,36.767336],[-108.204279,36.767339],[-108.204282,36.767249],[-108.204059,36.767244],[-108.204055,36.767334],[-108.203831,36.767328],[-108.203828,36.767418],[-108.204164,36.767426]]]}},{"type":"Feature","properties":{"class":"extent","min_prob":0.5},"geometry":{"type":"Polygon","coordinates":[[[-108.205056,36.767537],[-108.205063,36.767357],[-108.204951,36.767355],[-108.204948,36.767445],[-108.204836,36.767442],[-108.204842,36.767262],[-108.20473,36.767259],[-108.204734,36.767169],[-108.204622,36.767167],[-108.204618,36.767257],[-108.204506,36.767254],[-108.204497,36.767524],[-108.205056,36.767537]]]}},{"type":"Feature","properties":{"class":"extent","min_prob":0.5},"geometry":{"type":"Polygon","coordinates":[[[-108.227461,36.767792],[-108.227464,36.767702],[-108.227352,36.767699],[-108.227349,36.767789],[-108.227461,36.767792]]]}},{"type":"Feature","properties":{"class":"extent","min_prob":0.5},"geometry":{"type":"Polygon","coordinates":[[[-108.206298,36.767296],[-108.206301,36.767206],[-108.206189,36.767203],[-108.206186,36.767294],[-108.206298,36.767296]]]}},{"type":"Feature","properties":{"class":"extent","min_prob":0.5},"geometry":{"type":"Polygon","coordinates":[[[-108.203163,36.767222],[-108.203166,36.767132],[-108.203054,36.76713],[-108.203051,36.76722],[-108.203163,36.767222]]]}},{"type":"Feature","properties":{"class":"extent","min_prob":0.5},"geometry":{"type":"Polygon","coordinates":[[[-108.206637,36.767214],[-108.20664,36.767124],[-108.206528,36.767121],[-108.206525,36.767211],[-108.206637,36.767214]]]}},{"type":"Feature","properties":{"class":"extent","min_prob":0.5},"geometry":{"type":"Polygon","coordinates":[[[-108.196224,36.766969],[-108.196227,36.766879],[-108.196115,36.766876],[-108.196112,36.766966],[-108.196224,36.766969]]]}},{"type":"Feature","properties":{"class":"extent","min_prob":0.5},"geometry":{"type":"Polygon","coordinates":[[[-108.205182,36.76718],[-108.205188,36.767],[-108.204964,36.766994],[-108.204961,36.767084],[-108.205073,36.767087],[-108.20507,36.767177],[-108.205182,36.76718]]]}},{"type":"Feature","properties":{"class":"extent","min_prob":0.5},"geometry":{"type":"Polygon","coordinates":[[[-108.209776,36.767198],[-108.209779,36.767107],[-108.209667,36.767105],[-108.209664,36.767195],[-108.209776,36.767198]]]}},{"type":"Feature","properties":{"class":"extent","min_prob":0.5},"geometry":{"type":"Polygon","coordinates":[[[-108.237436,36.767753],[-108.237439,36.767663],[-108.237327,36.767661],[-108.237324,36.767751],[-108.237436,36.767753]]]}},{"type":"Feature","properties":{"class":"extent","min_prob":0.5},"geometry":{"type":"Polygon","coordinates":[[[-108.193099,36.766625],[-108.193102,36.766535],[-108.19299,36.766532],[-108.192987,36.766622],[-108.193099,36.766625]]]}},{"type":"Feature","properties":{"class":"extent","min_prob":0.5},"geometry":{"type":"Polygon","coordinates":[[[-108.21,36.767203],[-108.210003,36.767113],[-108.210115,36.767115],[-108.210118,36.767025],[-108.210006,36.767023],[-108.210013,36.766842],[-108.209789,36.766837],[-108.209779,36.767107],[-108.209891,36.76711],[-108.209888,36.7672],[-108.21,36.767203]]]}},{"type":"Feature","properties":{"class":"extent","min_prob":0.5},"geometry":{"type":"Polygon","coordinates":[[[-108.199145,36.766767],[-108.199152,36.766587],[-108.19904,36.766584],[-108.199033,36.766765],[-108.199145,36.766767]]]}},{"type":"Feature","properties":{"class":"extent","min_prob":0.5},"geometry":{"type":"Polygon","coordinates":[[[-108.193214,36.766537],[-108.193217,36.766447],[-108.193105,36.766444],[-108.193102,36.766535],[-108.193214,36.766537]]]}},{"type":"Feature","properties":{"class":"extent","min_prob":0.5},"geometry":{"type":"Polygon","coordinates":[[[-108.210902,36.767044],[-108.210912,36.766773],[-108.2108,36.766771],[-108.21079,36.767041],[-108.210902,36.767044]]]}},{"type":"Feature","properties":{"class":"extent","min_prob":0.5},"geometry":{"type":"Polygon","coordinates":[[[-108.1968,36.766532],[-108.196803,36.766442],[-108.196691,36.766439],[-108.196688,36.766529],[-108.1968,36.766532]]]}},{"type":"Feature","properties":{"class":"extent","min_prob":0.5},"geometry":{"type":"Polygon","coordinates":[[[-108.193105,36.766444],[-108.193109,36.766354],[-108.192997,36.766352],[-108.192993,36.766442],[-108.193105,36.766444]]]}},{"type":"Feature","properties":{"class":"extent","min_prob":0.5},"geometry":{"type":"Polygon","coordinates":[[[-108.210569,36.766946],[-108.210582,36.766585],[-108.21047,36.766583],[-108.210457,36.766943],[-108.210569,36.766946]]]}},{"type":"Feature","properties":{"class":"extent","min_prob":0.5},"geometry":{"type":"Polygon","coordinates":[[[-108.237564,36.767306],[-108.237567,36.767215],[-108.237455,36.767213],[-108.237452,36.767303],[-108.237564,36.767306]]]}},{"type":"Feature","properties":{"class":"extent","min_prob":0.5},"geometry":{"type":"Polygon","coordinates":[[[-108.210243,36.766668],[-108.210246,36.766577],[-108.210134,36.766575],[-108.210131,36.766665],[-108.210243,36.766668]]]}},{"type":"Feature","properties":{"class":"extent","min_prob":0.5},"geometry":{"type":"Polygon","coordinates":[[[-108.19244,36.766248],[-108.192443,36.766158],[-108.192331,36.766156],[-108.192328,36.766246],[-108.19244,36.766248]]]}},{"type":"Feature","properties":{"class":"extent","min_prob":0.5},"geometry":{"type":"Polygon","coordinates":[[[-108.23734,36.7673],[-108.23735,36.76703],[-108.237126,36.767025],[-108.237123,36.767115],[-108.237235,36.767118],[-108.237228,36.767298],[-108.23734,36.7673]]]}},{"type":"Feature","properties":{"class":"extent","min_prob":0.5},"geometry":{"type":"Polygon","coordinates":[[[-108.211485,36.766426],[-108.211488,36.766336],[-108.211376,36.766333],[-108.211373,36.766424],[-108.211485,36.766426]]]}},{"type":"Feature","properties":{"class":"extent","min_prob":0.5},"geometry":{"type":"Polygon","coordinates":[[[-108.210701,36.766408],[-108.210704,36.766318],[-108.210592,36.766315],[-108.210589,36.766405],[-108.210701,36.766408]]]}},{"type":"Feature","properties":{"class":"extent","min_prob":0.5},"geometry":{"type":"Polygon","coordinates":[[[-108.209472,36.766289],[-108.209476,36.766199],[-108.209364,36.766196],[-108.20936,36.766286],[-108.209472,36.766289]]]}},{"type":"Feature","properties":{"class":"extent","min_prob":0.5},"geometry":{"type":"Polygon","coordinates":[[[-108.19682,36.765991],[-108.196823,36.765901],[-108.196711,36.765898],[-108.196708,36.765988],[-108.19682,36.765991]]]}},{"type":"Feature","properties":{"class":"extent","min_prob":0.5},"geometry":{"type":"Polygon","coordinates":[[[-108.211708,36.766431],[-108.211715,36.766251],[-108.211603,36.766249],[-108.211606,36.766159],[-108.211494,36.766156],[-108.211488,36.766336],[-108.2116,36.766339],[-108.211596,36.766429],[-108.211708,36.766431]]]}},{"type":"Feature","properties":{"class":"extent","min_prob":0.5},"geometry":{"type":"Polygon","coordinates":[[[-108.209248,36.766284],[-108.209255,36.766103],[-108.209143,36.766101],[-108.209136,36.766281],[-108.209248,36.766284]]]}},{"type":"Feature","properties":{"class":"extent","min_prob":0.5},"geometry":{"type":"Polygon","coordinates":[[[-108.202537,36.765945],[-108.20254,36.765855],[-108.202428,36.765853],[-108.202425,36.765943],[-108.202537,36.765945]]]}},{"type":"Feature","properties":{"class":"extent","min_prob":0.5},"geometry":{"type":"Polygon","coordinates":[[[-108.19705,36.765816],[-108.197054,36.765726],[-108.196942,36.765724],[-108.196938,36.765814],[-108.19705,36.765816]]]}},{"type":"Feature","properties":{"class":"extent","min_prob":0.5},"geometry":{"type":"Polygon","coordinates":[[[-108.209588,36.766201],[-108.209597,36.765931],[-108.209485,36.765928],[-108.209476,36.766199],[-108.209588,36.766201]]]}},{"type":"Feature","properties":{"class":"extent","min_prob":0.5},"geometry":{"type":"Polygon","coordinates":[[[-108.237027,36.766662],[-108.23703,36.766572],[-108.236918,36.766569],[-108.236915,36.766659],[-108.237027,36.766662]]]}},{"type":"Feature","properties":{"class":"extent","min_prob":0.5},"geometry":{"type":"Polygon","coordinates":[[[-108.209933,36.765939],[-108.209937,36.765849],[-108.210049,36.765852],[-108.210052,36.765761],[-108.209716,36.765754],[-108.209713,36.765844],[-108.209601,36.765841],[-108.209597,36.765931],[-108.209933,36.765939]]]}},{"type":"Feature","properties":{"class":"extent","min_prob":0.5},"geometry":{"type":"Polygon","coordinates":[[[-108.209489,36.765838],[-108.209495,36.765658],[-108.209383,36.765656],[-108.209377,36.765836],[-108.209489,36.765838]]]}},{"type":"Feature","properties":{"class":"extent","min_prob":0.5},"geometry":{"type":"Polygon","coordinates":[[[-108.240396,36.76647],[-108.240399,36.76638],[-108.240287,36.766377],[-108.240284,36.766467],[-108.240396,36.76647]]]}},{"type":"Feature","properties":{"class":"extent","min_prob":0.5},"geometry":{"type":"Polygon","coordinates":[[[-108.240063,36.766372],[-108.240066,36.766282],[-108.239954,36.766279],[-108.239951,36.766369],[-108.240063,36.766372]]]}},{"type":"Feature","properties":{"class":"extent","min_prob":0.5},"geometry":{"type":"Polygon","coordinates":[[[-108.222372,36.76596],[-108.222375,36.76587],[-108.222263,36.765867],[-108.22226,36.765957],[-108.222372,36.76596]]]}},{"type":"Feature","properties":{"class":"extent","min_prob":0.5},"geometry":{"type":"Polygon","coordinates":[[[-108.192924,36.765268],[-108.192927,36.765178],[-108.192815,36.765175],[-108.192812,36.765265],[-108.192924,36.765268]]]}},{"type":"Feature","properties":{"class":"extent","min_prob":0.5},"geometry":{"type":"Polygon","coordinates":[[[-108.210055,36.765671],[-108.210062,36.765491],[-108.209614,36.765481],[-108.20961,36.765571],[-108.209722,36.765573],[-108.209719,36.765663],[-108.210055,36.765671]]]}},{"type":"Feature","properties":{"class":"extent","min_prob":0.5},"geometry":{"type":"Polygon","coordinates":[[[-108.236931,36.766209],[-108.236934,36.766119],[-108.236822,36.766116],[-108.236819,36.766206],[-108.236931,36.766209]]]}},{"type":"Feature","properties":{"class":"extent","min_prob":0.5},"geometry":{"type":"Polygon","coordinates":[[[-108.222714,36.765787],[-108.222717,36.765697],[-108.222605,36.765695],[-108.222602,36.765785],[-108.222714,36.765787]]]}},{"type":"Feature","properties":{"class":"extent","min_prob":0.5},"geometry":{"type":"Polygon","coordinates":[[[-108.20715,36.765423],[-108.207154,36.765333],[-108.207042,36.76533],[-108.207038,36.76542],[-108.20715,36.765423]]]}},{"type":"Feature","properties":{"class":"extent","min_prob":0.5},"geometry":{"type":"Polygon","coordinates":[[[-108.237046,36.766121],[-108.237056,36.765851],[-108.236944,36.765849],[-108.236934,36.766119],[-108.237046,36.766121]]]}},{"type":"Feature","properties":{"class":"extent","min_prob":0.5},"geometry":{"type":"Polygon","coordinates":[[[-108.223057,36.765615],[-108.22306,36.765525],[-108.222948,36.765522],[-108.222945,36.765612],[-108.223057,36.765615]]]}},{"type":"Feature","properties":{"class":"extent","min_prob":0.5},"geometry":{"type":"Polygon","coordinates":[[[-108.214768,36.765511],[-108.214777,36.765241],[-108.214441,36.765233],[-108.214438,36.765323],[-108.214662,36.765329],[-108.214656,36.765509],[-108.214768,36.765511]]]}},{"type":"Feature","properties":{"class":"extent","min_prob":0.5},"geometry":{"type":"Polygon","coordinates":[[[-108.237952,36.765872],[-108.237955,36.765782],[-108.237843,36.765779],[-108.23784,36.765869],[-108.237952,36.765872]]]}},{"type":"Feature","properties":{"class":"extent","min_prob":0.5},"geometry":{"type":"Polygon","coordinates":[[[-108.198875,36.764958],[-108.198878,36.764868],[-108.198766,36.764865],[-108.198769,36.764775],[-108.198545,36.76477],[-108.198542,36.76486],[-108.198654,36.764862],[-108.198651,36.764952],[-108.198875,36.764958]]]}},{"type":"Feature","properties":{"class":"extent","min_prob":0.5},"geometry":{"type":"Polygon","coordinates":[[[-108.286552,36.766901],[-108.286555,36.766811],[-108.286443,36.766808],[-108.28644,36.766898],[-108.286552,36.766901]]]}},{"type":"Feature","properties":{"class":"extent","min_prob":0.5},"geometry":{"type":"Polygon","coordinates":[[[-108.237283,36.765766],[-108.237286,36.765676],[-108.237175,36.765674],[-108.237171,36.765764],[-108.237283,36.765766]]]}},{"type":"Feature","properties":{"class":"extent","min_prob":0.5},"geometry":{"type":"Polygon","coordinates":[[[-108.20693,36.765327],[-108.206933,36.765237],[-108.207045,36.76524],[-108.207048,36.76515],[-108.207272,36.765155],[-108.207269,36.765245],[-108.207381,36.765248],[-108.207384,36.765158],[-108.20772,36.765166],[-108.207723,36.765076],[-108.207275,36.765065],[-108.207279,36.764975],[-108.206831,36.764965],[-108.206834,36.764874],[-108.206722,36.764872],[-108.206712,36.765142],[-108.206824,36.765145],[-108.206821,36.765235],[-108.206709,36.765232],[-108.206706,36.765322],[-108.20693,36.765327]]]}},{"type":"Feature","properties":{"class":"extent","min_prob":0.5},"geometry":{"type":"Polygon","coordinates":[[[-108.206488,36.765137],[-108.206498,36.764867],[-108.206274,36.764861],[-108.206271,36.764951],[-108.206383,36.764954],[-108.206376,36.765134],[-108.206488,36.765137]]]}},{"type":"Feature","properties":{"class":"extent","min_prob":0.5},"geometry":{"type":"Polygon","coordinates":[[[-108.198993,36.76478],[-108.198996,36.76469],[-108.198884,36.764687],[-108.198881,36.764777],[-108.198993,36.76478]]]}},{"type":"Feature","properties":{"class":"extent","min_prob":0.5},"geometry":{"type":"Polygon","coordinates":[[[-108.214672,36.765058],[-108.214675,36.764968],[-108.214451,36.764963],[-108.214448,36.765053],[-108.214672,36.765058]]]}},{"type":"Feature","properties":{"class":"extent","min_prob":0.5},"geometry":{"type":"Polygon","coordinates":[[[-108.237507,36.765771],[-108.23751,36.765681],[-108.237734,36.765687],[-108.237744,36.765416],[-108.237408,36.765408],[-108.237405,36.765499],[-108.237293,36.765496],[-108.237286,36.765676],[-108.237398,36.765679],[-108.237395,36.765769],[-108.237507,36.765771]],[[-108.237514,36.765591],[-108.237402,36.765589],[-108.237405,36.765499],[-108.237517,36.765501],[-108.237514,36.765591]]]}},{"type":"Feature","properties":{"class":"extent","min_prob":0.5},"geometry":{"type":"Polygon","coordinates":[[[-108.232363,36.765471],[-108.232369,36.765291],[-108.232258,36.765289],[-108.232251,36.765469],[-108.232363,36.765471]]]}},{"type":"Feature","properties":{"class":"extent","min_prob":0.5},"geometry":{"type":"Polygon","coordinates":[[[-108.206841,36.764694],[-108.206844,36.764604],[-108.20662,36.764599],[-108.206617,36.764689],[-108.206841,36.764694]]]}},{"type":"Feature","properties":{"class":"extent","min_prob":0.5},"geometry":{"type":"Polygon","coordinates":[[[-108.206505,36.764686],[-108.206508,36.764596],[-108.206396,36.764594],[-108.206393,36.764684],[-108.206505,36.764686]]]}},{"type":"Feature","properties":{"class":"extent","min_prob":0.5},"geometry":{"type":"Polygon","coordinates":[[[-108.202141,36.764494],[-108.202145,36.764404],[-108.202033,36.764401],[-108.202029,36.764491],[-108.202141,36.764494]]]}},{"type":"Feature","properties":{"class":"extent","min_prob":0.5},"geometry":{"type":"Polygon","coordinates":[[[-108.291722,36.766478],[-108.291725,36.766388],[-108.291613,36.766385],[-108.29161,36.766475],[-108.291722,36.766478]]]}},{"type":"Feature","properties":{"class":"extent","min_prob":0.5},"geometry":{"type":"Polygon","coordinates":[[[-108.217036,36.764753],[-108.217039,36.764663],[-108.216928,36.76466],[-108.216924,36.76475],[-108.217036,36.764753]]]}},{"type":"Feature","properties":{"class":"extent","min_prob":0.5},"geometry":{"type":"Polygon","coordinates":[[[-108.23753,36.765141],[-108.237533,36.765051],[-108.237421,36.765048],[-108.237418,36.765138],[-108.23753,36.765141]]]}},{"type":"Feature","properties":{"class":"extent","min_prob":0.5},"geometry":{"type":"Polygon","coordinates":[[[-108.236193,36.764929],[-108.236199,36.764749],[-108.236087,36.764747],[-108.236081,36.764927],[-108.236193,36.764929]]]}},{"type":"Feature","properties":{"class":"extent","min_prob":0.5},"geometry":{"type":"Polygon","coordinates":[[[-108.212011,36.764275],[-108.212014,36.764185],[-108.211902,36.764182],[-108.211899,36.764272],[-108.212011,36.764275]]]}},{"type":"Feature","properties":{"class":"extent","min_prob":0.5},"geometry":{"type":"Polygon","coordinates":[[[-108.203501,36.764075],[-108.203505,36.763985],[-108.203393,36.763982],[-108.203389,36.764072],[-108.203501,36.764075]]]}},{"type":"Feature","properties":{"class":"extent","min_prob":0.5},"geometry":{"type":"Polygon","coordinates":[[[-108.225117,36.764401],[-108.225121,36.764311],[-108.225009,36.764308],[-108.225005,36.764398],[-108.225117,36.764401]]]}},{"type":"Feature","properties":{"class":"extent","min_prob":0.5},"geometry":{"type":"Polygon","coordinates":[[[-108.194215,36.763676],[-108.194218,36.763586],[-108.194106,36.763583],[-108.194103,36.763673],[-108.194215,36.763676]]]}},{"type":"Feature","properties":{"class":"extent","min_prob":0.5},"geometry":{"type":"Polygon","coordinates":[[[-108.236426,36.764664],[-108.23643,36.764574],[-108.236318,36.764572],[-108.236321,36.764482],[-108.236209,36.764479],[-108.236202,36.764659],[-108.236426,36.764664]]]}},{"type":"Feature","properties":{"class":"extent","min_prob":0.5},"geometry":{"type":"Polygon","coordinates":[[[-108.233518,36.764507],[-108.233522,36.764416],[-108.23341,36.764414],[-108.233406,36.764504],[-108.233518,36.764507]]]}},{"type":"Feature","properties":{"class":"extent","min_prob":0.5},"geometry":{"type":"Polygon","coordinates":[[[-108.212584,36.763927],[-108.212587,36.763837],[-108.212475,36.763835],[-108.212472,36.763925],[-108.212584,36.763927]]]}},{"type":"Feature","properties":{"class":"extent","min_prob":0.5},"geometry":{"type":"Polygon","coordinates":[[[-108.212248,36.76392],[-108.212251,36.763829],[-108.212139,36.763827],[-108.212136,36.763917],[-108.212248,36.76392]]]}},{"type":"Feature","properties":{"class":"extent","min_prob":0.5},"geometry":{"type":"Polygon","coordinates":[[[-108.225684,36.764234],[-108.22569,36.764054],[-108.225578,36.764051],[-108.225572,36.764231],[-108.225684,36.764234]]]}},{"type":"Feature","properties":{"class":"extent","min_prob":0.5},"geometry":{"type":"Polygon","coordinates":[[[-108.233301,36.764321],[-108.233304,36.764231],[-108.233192,36.764229],[-108.233189,36.764319],[-108.233301,36.764321]]]}},{"type":"Feature","properties":{"class":"extent","min_prob":0.5},"geometry":{"type":"Polygon","coordinates":[[[-108.233617,36.76487],[-108.233624,36.764689],[-108.233848,36.764695],[-108.233851,36.764604],[-108.233963,36.764607],[-108.233966,36.764517],[-108.234078,36.76452],[-108.234085,36.764339],[-108.233973,36.764337],[-108.233976,36.764247],[-108.233864,36.764244],[-108.233867,36.764154],[-108.233755,36.764151],[-108.233746,36.764422],[-108.233634,36.764419],[-108.23363,36.764509],[-108.233518,36.764507],[-108.233509,36.764777],[-108.233397,36.764774],[-108.2334,36.764684],[-108.233288,36.764682],[-108.233281,36.764862],[-108.233617,36.76487]],[[-108.233851,36.764604],[-108.233739,36.764602],[-108.233742,36.764512],[-108.233854,36.764514],[-108.233851,36.764604]]]}},{"type":"Feature","properties":{"class":"extent","min_prob":0.5},"geometry":{"type":"Polygon","coordinates":[[[-108.199938,36.76345],[-108.199941,36.76336],[-108.199829,36.763357],[-108.199826,36.763447],[-108.199938,36.76345]]]}},{"type":"Feature","properties":{"class":"extent","min_prob":0.5},"geometry":{"type":"Polygon","coordinates":[[[-108.225802,36.764056],[-108.225809,36.763876],[-108.225697,36.763874],[-108.22569,36.764054],[-108.225802,36.764056]]]}},{"type":"Feature","properties":{"class":"extent","min_prob":0.5},"geometry":{"type":"Polygon","coordinates":[[[-108.233755,36.764151],[-108.233758,36.764061],[-108.233647,36.764059],[-108.233643,36.764149],[-108.233755,36.764151]]]}},{"type":"Feature","properties":{"class":"extent","min_prob":0.5},"geometry":{"type":"Polygon","coordinates":[[[-108.200053,36.763363],[-108.200057,36.763272],[-108.199945,36.76327],[-108.199941,36.76336],[-108.200053,36.763363]]]}},{"type":"Feature","properties":{"class":"extent","min_prob":0.5},"geometry":{"type":"Polygon","coordinates":[[[-108.200172,36.763185],[-108.200175,36.763095],[-108.200063,36.763092],[-108.20006,36.763182],[-108.200172,36.763185]]]}},{"type":"Feature","properties":{"class":"extent","min_prob":0.5},"geometry":{"type":"Polygon","coordinates":[[[-108.212155,36.763376],[-108.212159,36.763286],[-108.212047,36.763284],[-108.212043,36.763374],[-108.212155,36.763376]]]}},{"type":"Feature","properties":{"class":"extent","min_prob":0.5},"geometry":{"type":"Polygon","coordinates":[[[-108.213624,36.76305],[-108.213627,36.76296],[-108.213515,36.762957],[-108.213512,36.763048],[-108.213624,36.76305]]]}},{"type":"Feature","properties":{"class":"extent","min_prob":0.5},"geometry":{"type":"Polygon","coordinates":[[[-108.205674,36.762864],[-108.205678,36.762774],[-108.205566,36.762771],[-108.205562,36.762861],[-108.205674,36.762864]]]}},{"type":"Feature","properties":{"class":"extent","min_prob":0.5},"geometry":{"type":"Polygon","coordinates":[[[-108.205566,36.762771],[-108.205569,36.762681],[-108.205457,36.762678],[-108.205454,36.762768],[-108.205566,36.762771]]]}},{"type":"Feature","properties":{"class":"extent","min_prob":0.5},"geometry":{"type":"Polygon","coordinates":[[[-108.234312,36.764255],[-108.234322,36.763984],[-108.234434,36.763987],[-108.23444,36.763807],[-108.234664,36.763812],[-108.23467,36.763632],[-108.234446,36.763627],[-108.23445,36.763536],[-108.234562,36.763539],[-108.234568,36.763359],[-108.23468,36.763362],[-108.234683,36.763271],[-108.234347,36.763264],[-108.234351,36.763174],[-108.234127,36.763168],[-108.234114,36.763529],[-108.234226,36.763531],[-108.234223,36.763621],[-108.234111,36.763619],[-108.234104,36.763799],[-108.233992,36.763796],[-108.233989,36.763886],[-108.233877,36.763884],[-108.233874,36.763974],[-108.233986,36.763976],[-108.233979,36.764157],[-108.234203,36.764162],[-108.2342,36.764252],[-108.234312,36.764255]],[[-108.234331,36.763714],[-108.234219,36.763711],[-108.234223,36.763621],[-108.234335,36.763624],[-108.234331,36.763714]]]}},{"type":"Feature","properties":{"class":"extent","min_prob":0.5},"geometry":{"type":"Polygon","coordinates":[[[-108.234795,36.763274],[-108.234799,36.763184],[-108.234687,36.763181],[-108.234683,36.763271],[-108.234795,36.763274]]]}},{"type":"Feature","properties":{"class":"extent","min_prob":0.5},"geometry":{"type":"Polygon","coordinates":[[[-108.206916,36.762622],[-108.206919,36.762532],[-108.206583,36.762524],[-108.20658,36.762614],[-108.206916,36.762622]]]}},{"type":"Feature","properties":{"class":"extent","min_prob":0.5},"geometry":{"type":"Polygon","coordinates":[[[-108.206356,36.762609],[-108.206359,36.762519],[-108.206247,36.762516],[-108.206244,36.762607],[-108.206356,36.762609]]]}},{"type":"Feature","properties":{"class":"extent","min_prob":0.5},"geometry":{"type":"Polygon","coordinates":[[[-108.213854,36.762875],[-108.213861,36.762695],[-108.213749,36.762692],[-108.213752,36.762602],[-108.21364,36.7626],[-108.213634,36.76278],[-108.213522,36.762777],[-108.213518,36.762867],[-108.213854,36.762875]]]}},{"type":"Feature","properties":{"class":"extent","min_prob":0.5},"geometry":{"type":"Polygon","coordinates":[[[-108.206129,36.762694],[-108.206132,36.762604],[-108.205908,36.762599],[-108.205915,36.762418],[-108.205803,36.762416],[-108.205799,36.762506],[-108.205688,36.762503],[-108.205684,36.762593],[-108.205796,36.762596],[-108.205793,36.762686],[-108.206129,36.762694]]]}},{"type":"Feature","properties":{"class":"extent","min_prob":0.5},"geometry":{"type":"Polygon","coordinates":[[[-108.234575,36.763179],[-108.234578,36.763089],[-108.234354,36.763083],[-108.234351,36.763174],[-108.234575,36.763179]]]}},{"type":"Feature","properties":{"class":"extent","min_prob":0.5},"geometry":{"type":"Polygon","coordinates":[[[-108.234354,36.763083],[-108.234357,36.762993],[-108.234021,36.762986],[-108.234018,36.763076],[-108.234354,36.763083]]]}},{"type":"Feature","properties":{"class":"extent","min_prob":0.5},"geometry":{"type":"Polygon","coordinates":[[[-108.214424,36.762618],[-108.214427,36.762528],[-108.214315,36.762525],[-108.214312,36.762616],[-108.214424,36.762618]]]}},{"type":"Feature","properties":{"class":"extent","min_prob":0.5},"geometry":{"type":"Polygon","coordinates":[[[-108.311842,36.764771],[-108.311845,36.76468],[-108.311733,36.764678],[-108.31173,36.764768],[-108.311842,36.764771]]]}},{"type":"Feature","properties":{"class":"extent","min_prob":0.5},"geometry":{"type":"Polygon","coordinates":[[[-108.209277,36.762407],[-108.20928,36.762317],[-108.209168,36.762315],[-108.209165,36.762405],[-108.209277,36.762407]]]}},{"type":"Feature","properties":{"class":"extent","min_prob":0.5},"geometry":{"type":"Polygon","coordinates":[[[-108.234693,36.763001],[-108.2347,36.762821],[-108.234476,36.762816],[-108.234469,36.762996],[-108.234693,36.763001]]]}},{"type":"Feature","properties":{"class":"extent","min_prob":0.5},"geometry":{"type":"Polygon","coordinates":[[[-108.210393,36.762524],[-108.2104,36.762343],[-108.210512,36.762346],[-108.210515,36.762256],[-108.210291,36.762251],[-108.210281,36.762521],[-108.210393,36.762524]]]}},{"type":"Feature","properties":{"class":"extent","min_prob":0.5},"geometry":{"type":"Polygon","coordinates":[[[-108.209728,36.762328],[-108.209731,36.762238],[-108.209507,36.762232],[-108.209504,36.762322],[-108.209728,36.762328]]]}},{"type":"Feature","properties":{"class":"extent","min_prob":0.5},"geometry":{"type":"Polygon","coordinates":[[[-108.234815,36.762734],[-108.234818,36.762643],[-108.234706,36.762641],[-108.234703,36.762731],[-108.234815,36.762734]]]}},{"type":"Feature","properties":{"class":"extent","min_prob":0.5},"geometry":{"type":"Polygon","coordinates":[[[-108.210739,36.762261],[-108.210742,36.762171],[-108.210854,36.762174],[-108.210857,36.762084],[-108.210634,36.762078],[-108.210627,36.762259],[-108.210739,36.762261]]]}},{"type":"Feature","properties":{"class":"extent","min_prob":0.5},"geometry":{"type":"Polygon","coordinates":[[[-108.213769,36.762152],[-108.213772,36.762062],[-108.21366,36.762059],[-108.213657,36.762149],[-108.213769,36.762152]]]}},{"type":"Feature","properties":{"class":"extent","min_prob":0.5},"geometry":{"type":"Polygon","coordinates":[[[-108.234485,36.762546],[-108.234489,36.762455],[-108.234377,36.762453],[-108.234373,36.762543],[-108.234485,36.762546]]]}},{"type":"Feature","properties":{"class":"extent","min_prob":0.5},"geometry":{"type":"Polygon","coordinates":[[[-108.21444,36.762168],[-108.214444,36.762078],[-108.214556,36.76208],[-108.214562,36.7619],[-108.21445,36.761897],[-108.214447,36.761988],[-108.214335,36.761985],[-108.214328,36.762165],[-108.21444,36.762168]]]}},{"type":"Feature","properties":{"class":"extent","min_prob":0.5},"geometry":{"type":"Polygon","coordinates":[[[-108.210861,36.761994],[-108.210864,36.761904],[-108.21064,36.761898],[-108.210643,36.761808],[-108.210531,36.761806],[-108.210528,36.761896],[-108.210304,36.76189],[-108.210301,36.761981],[-108.210861,36.761994]]]}},{"type":"Feature","properties":{"class":"extent","min_prob":0.5},"geometry":{"type":"Polygon","coordinates":[[[-108.234936,36.762466],[-108.23494,36.762376],[-108.234828,36.762373],[-108.234824,36.762463],[-108.234936,36.762466]]]}},{"type":"Feature","properties":{"class":"extent","min_prob":0.5},"geometry":{"type":"Polygon","coordinates":[[[-108.235272,36.762474],[-108.235279,36.762293],[-108.235055,36.762288],[-108.235052,36.762378],[-108.235164,36.762381],[-108.23516,36.762471],[-108.235272,36.762474]]]}},{"type":"Feature","properties":{"class":"extent","min_prob":0.5},"geometry":{"type":"Polygon","coordinates":[[[-108.235835,36.762397],[-108.235839,36.762307],[-108.235727,36.762304],[-108.235723,36.762394],[-108.235835,36.762397]]]}},{"type":"Feature","properties":{"class":"extent","min_prob":0.5},"geometry":{"type":"Polygon","coordinates":[[[-108.210419,36.761803],[-108.210423,36.761713],[-108.210311,36.76171],[-108.210307,36.7618],[-108.210419,36.761803]]]}},{"type":"Feature","properties":{"class":"extent","min_prob":0.5},"geometry":{"type":"Polygon","coordinates":[[[-108.235615,36.762301],[-108.235621,36.762121],[-108.235509,36.762119],[-108.235503,36.762299],[-108.235615,36.762301]]]}},{"type":"Feature","properties":{"class":"extent","min_prob":0.5},"geometry":{"type":"Polygon","coordinates":[[[-108.2158,36.761749],[-108.215803,36.761659],[-108.215691,36.761656],[-108.215688,36.761746],[-108.2158,36.761749]]]}},{"type":"Feature","properties":{"class":"extent","min_prob":0.5},"geometry":{"type":"Polygon","coordinates":[[[-108.210762,36.761631],[-108.210765,36.761541],[-108.210653,36.761538],[-108.21065,36.761628],[-108.210762,36.761631]]]}},{"type":"Feature","properties":{"class":"extent","min_prob":0.5},"geometry":{"type":"Polygon","coordinates":[[[-108.230023,36.761991],[-108.230026,36.761901],[-108.229914,36.761898],[-108.229911,36.761988],[-108.230023,36.761991]]]}},{"type":"Feature","properties":{"class":"extent","min_prob":0.5},"geometry":{"type":"Polygon","coordinates":[[[-108.229239,36.761973],[-108.229242,36.761882],[-108.22913,36.76188],[-108.229127,36.76197],[-108.229239,36.761973]]]}},{"type":"Feature","properties":{"class":"extent","min_prob":0.5},"geometry":{"type":"Polygon","coordinates":[[[-108.235624,36.762031],[-108.235628,36.761941],[-108.235516,36.761938],[-108.235512,36.762028],[-108.235624,36.762031]]]}},{"type":"Feature","properties":{"class":"extent","min_prob":0.5},"geometry":{"type":"Polygon","coordinates":[[[-108.230138,36.761903],[-108.230141,36.761813],[-108.230029,36.761811],[-108.230026,36.761901],[-108.230138,36.761903]]]}},{"type":"Feature","properties":{"class":"extent","min_prob":0.5},"geometry":{"type":"Polygon","coordinates":[[[-108.228906,36.761875],[-108.22891,36.761785],[-108.228798,36.761782],[-108.228795,36.761872],[-108.228906,36.761875]]]}},{"type":"Feature","properties":{"class":"extent","min_prob":0.5},"geometry":{"type":"Polygon","coordinates":[[[-108.228347,36.761862],[-108.22835,36.761772],[-108.228238,36.761769],[-108.228235,36.761859],[-108.228347,36.761862]]]}},{"type":"Feature","properties":{"class":"extent","min_prob":0.5},"geometry":{"type":"Polygon","coordinates":[[[-108.215023,36.76155],[-108.215026,36.76146],[-108.214914,36.761458],[-108.214911,36.761548],[-108.215023,36.76155]]]}},{"type":"Feature","properties":{"class":"extent","min_prob":0.5},"geometry":{"type":"Polygon","coordinates":[[[-108.210097,36.761435],[-108.2101,36.761345],[-108.209988,36.761342],[-108.209985,36.761432],[-108.210097,36.761435]]]}},{"type":"Feature","properties":{"class":"extent","min_prob":0.5},"geometry":{"type":"Polygon","coordinates":[[[-108.215922,36.761481],[-108.215925,36.761391],[-108.215813,36.761388],[-108.21581,36.761479],[-108.215922,36.761481]]]}},{"type":"Feature","properties":{"class":"extent","min_prob":0.5},"geometry":{"type":"Polygon","coordinates":[[[-108.211776,36.761474],[-108.211779,36.761384],[-108.211891,36.761387],[-108.211894,36.761297],[-108.211671,36.761291],[-108.211664,36.761472],[-108.211776,36.761474]]]}},{"type":"Feature","properties":{"class":"extent","min_prob":0.5},"geometry":{"type":"Polygon","coordinates":[[[-108.216146,36.761486],[-108.216152,36.761306],[-108.21604,36.761304],[-108.216034,36.761484],[-108.216146,36.761486]]]}},{"type":"Feature","properties":{"class":"extent","min_prob":0.5},"geometry":{"type":"Polygon","coordinates":[[[-108.215138,36.761463],[-108.215145,36.761283],[-108.215033,36.76128],[-108.215026,36.76146],[-108.215138,36.761463]]]}},{"type":"Feature","properties":{"class":"extent","min_prob":0.5},"geometry":{"type":"Polygon","coordinates":[[[-108.236079,36.761861],[-108.236082,36.761771],[-108.23597,36.761769],[-108.235967,36.761859],[-108.236079,36.761861]]]}},{"type":"Feature","properties":{"class":"extent","min_prob":0.5},"geometry":{"type":"Polygon","coordinates":[[[-108.215813,36.761388],[-108.215816,36.761298],[-108.215704,36.761296],[-108.215701,36.761386],[-108.215813,36.761388]]]}},{"type":"Feature","properties":{"class":"extent","min_prob":0.5},"geometry":{"type":"Polygon","coordinates":[[[-108.253546,36.762266],[-108.253552,36.762086],[-108.25344,36.762083],[-108.253434,36.762263],[-108.253546,36.762266]]]}},{"type":"Feature","properties":{"class":"extent","min_prob":0.5},"geometry":{"type":"Polygon","coordinates":[[[-108.211671,36.761291],[-108.211677,36.761111],[-108.211565,36.761109],[-108.211559,36.761289],[-108.211671,36.761291]]]}},{"type":"Feature","properties":{"class":"extent","min_prob":0.5},"geometry":{"type":"Polygon","coordinates":[[[-108.214025,36.761256],[-108.214028,36.761166],[-108.213916,36.761164],[-108.213913,36.761254],[-108.214025,36.761256]]]}},{"type":"Feature","properties":{"class":"extent","min_prob":0.5},"geometry":{"type":"Polygon","coordinates":[[[-108.213472,36.761063],[-108.213475,36.760973],[-108.213363,36.76097],[-108.21336,36.76106],[-108.213472,36.761063]]]}},{"type":"Feature","properties":{"class":"extent","min_prob":0.5},"geometry":{"type":"Polygon","coordinates":[[[-108.21684,36.760872],[-108.216844,36.760781],[-108.216732,36.760779],[-108.216728,36.760869],[-108.21684,36.760872]]]}},{"type":"Feature","properties":{"class":"extent","min_prob":0.5},"geometry":{"type":"Polygon","coordinates":[[[-108.213926,36.760893],[-108.213936,36.760623],[-108.213824,36.760621],[-108.213817,36.760801],[-108.213705,36.760798],[-108.213702,36.760888],[-108.213926,36.760893]]]}},{"type":"Feature","properties":{"class":"extent","min_prob":0.5},"geometry":{"type":"Polygon","coordinates":[[[-108.213709,36.760708],[-108.213712,36.760618],[-108.213488,36.760613],[-108.213485,36.760703],[-108.213709,36.760708]]]}},{"type":"Feature","properties":{"class":"extent","min_prob":0.5},"geometry":{"type":"Polygon","coordinates":[[[-108.213261,36.760698],[-108.213264,36.760607],[-108.213152,36.760605],[-108.213149,36.760695],[-108.213261,36.760698]]]}},{"type":"Feature","properties":{"class":"extent","min_prob":0.5},"geometry":{"type":"Polygon","coordinates":[[[-108.211134,36.760648],[-108.211137,36.760558],[-108.211025,36.760555],[-108.211022,36.760645],[-108.211134,36.760648]]]}},{"type":"Feature","properties":{"class":"extent","min_prob":0.5},"geometry":{"type":"Polygon","coordinates":[[[-108.210686,36.760637],[-108.210689,36.760547],[-108.210577,36.760544],[-108.210574,36.760634],[-108.210686,36.760637]]]}},{"type":"Feature","properties":{"class":"extent","min_prob":0.5},"geometry":{"type":"Polygon","coordinates":[[[-108.253565,36.761726],[-108.253574,36.761455],[-108.253463,36.761453],[-108.253453,36.761723],[-108.253565,36.761726]]]}},{"type":"Feature","properties":{"class":"extent","min_prob":0.5},"geometry":{"type":"Polygon","coordinates":[[[-108.253795,36.761551],[-108.253798,36.76146],[-108.253686,36.761458],[-108.253683,36.761548],[-108.253795,36.761551]]]}},{"type":"Feature","properties":{"class":"extent","min_prob":0.5},"geometry":{"type":"Polygon","coordinates":[[[-108.216847,36.760691],[-108.216853,36.760511],[-108.216741,36.760509],[-108.216738,36.760599],[-108.216626,36.760596],[-108.216623,36.760686],[-108.216847,36.760691]]]}},{"type":"Feature","properties":{"class":"extent","min_prob":0.5},"geometry":{"type":"Polygon","coordinates":[[[-108.211565,36.761109],[-108.211568,36.761018],[-108.211456,36.761016],[-108.21146,36.760926],[-108.211572,36.760928],[-108.211575,36.760838],[-108.211687,36.760841],[-108.21169,36.760751],[-108.211802,36.760753],[-108.211805,36.760663],[-108.211693,36.760661],[-108.211697,36.760571],[-108.211809,36.760573],[-108.211815,36.760393],[-108.211591,36.760388],[-108.211588,36.760478],[-108.211252,36.76047],[-108.211246,36.76065],[-108.211134,36.760648],[-108.21113,36.760738],[-108.211018,36.760735],[-108.211022,36.760645],[-108.210798,36.76064],[-108.210794,36.76073],[-108.210906,36.760732],[-108.2109,36.760913],[-108.211124,36.760918],[-108.211127,36.760828],[-108.211239,36.76083],[-108.211229,36.761101],[-108.211565,36.761109]]]}},{"type":"Feature","properties":{"class":"extent","min_prob":0.5},"geometry":{"type":"Polygon","coordinates":[[[-108.214275,36.760541],[-108.214278,36.760451],[-108.214166,36.760448],[-108.214163,36.760538],[-108.214275,36.760541]]]}},{"type":"Feature","properties":{"class":"extent","min_prob":0.5},"geometry":{"type":"Polygon","coordinates":[[[-108.217077,36.760516],[-108.217081,36.760426],[-108.216969,36.760424],[-108.216965,36.760514],[-108.217077,36.760516]]]}},{"type":"Feature","properties":{"class":"extent","min_prob":0.5},"geometry":{"type":"Polygon","coordinates":[[[-108.211706,36.7603],[-108.21171,36.76021],[-108.211598,36.760208],[-108.211594,36.760298],[-108.211706,36.7603]]]}},{"type":"Feature","properties":{"class":"extent","min_prob":0.5},"geometry":{"type":"Polygon","coordinates":[[[-108.240036,36.760871],[-108.24004,36.760781],[-108.239928,36.760779],[-108.239924,36.760869],[-108.240036,36.760871]]]}},{"type":"Feature","properties":{"class":"extent","min_prob":0.5},"geometry":{"type":"Polygon","coordinates":[[[-108.236789,36.760796],[-108.236793,36.760706],[-108.236569,36.760701],[-108.236565,36.760791],[-108.236789,36.760796]]]}},{"type":"Feature","properties":{"class":"extent","min_prob":0.5},"geometry":{"type":"Polygon","coordinates":[[[-108.217196,36.760339],[-108.217199,36.760249],[-108.217087,36.760246],[-108.217084,36.760336],[-108.217196,36.760339]]]}},{"type":"Feature","properties":{"class":"extent","min_prob":0.5},"geometry":{"type":"Polygon","coordinates":[[[-108.236802,36.760436],[-108.236806,36.760345],[-108.236694,36.760343],[-108.23669,36.760433],[-108.236802,36.760436]]]}},{"type":"Feature","properties":{"class":"extent","min_prob":0.5},"geometry":{"type":"Polygon","coordinates":[[[-108.237026,36.760441],[-108.237033,36.760261],[-108.237257,36.760266],[-108.23726,36.760176],[-108.237148,36.760173],[-108.237151,36.760083],[-108.237039,36.76008],[-108.237036,36.76017],[-108.236924,36.760168],[-108.236914,36.760438],[-108.237026,36.760441]]]}},{"type":"Feature","properties":{"class":"extent","min_prob":0.5},"geometry":{"type":"Polygon","coordinates":[[[-108.233344,36.759994],[-108.233348,36.759904],[-108.233236,36.759902],[-108.233232,36.759992],[-108.233344,36.759994]]]}},{"type":"Feature","properties":{"class":"extent","min_prob":0.5},"geometry":{"type":"Polygon","coordinates":[[[-108.217647,36.760259],[-108.21765,36.760169],[-108.217762,36.760172],[-108.217769,36.759992],[-108.217881,36.759994],[-108.217874,36.760174],[-108.217986,36.760177],[-108.217993,36.759997],[-108.218105,36.759999],[-108.218108,36.759909],[-108.218332,36.759915],[-108.218338,36.759734],[-108.218226,36.759732],[-108.21823,36.759642],[-108.218453,36.759647],[-108.21845,36.759737],[-108.218562,36.75974],[-108.218569,36.75956],[-108.218681,36.759562],[-108.218684,36.759472],[-108.21846,36.759467],[-108.218457,36.759557],[-108.216889,36.75952],[-108.216879,36.759791],[-108.216768,36.759788],[-108.216764,36.759878],[-108.216876,36.759881],[-108.216873,36.759971],[-108.216985,36.759973],[-108.216982,36.760063],[-108.21743,36.760074],[-108.217423,36.760254],[-108.217647,36.760259]],[[-108.217653,36.760079],[-108.21743,36.760074],[-108.217433,36.759984],[-108.217657,36.759989],[-108.217653,36.760079]],[[-108.217097,36.759976],[-108.216985,36.759973],[-108.216988,36.759883],[-108.2171,36.759886],[-108.217097,36.759976]],[[-108.217436,36.759894],[-108.217324,36.759891],[-108.217327,36.759801],[-108.217439,36.759804],[-108.217436,36.759894]]]}},{"type":"Feature","properties":{"class":"extent","min_prob":0.5},"geometry":{"type":"Polygon","coordinates":[[[-108.219247,36.759395],[-108.21925,36.759305],[-108.219138,36.759302],[-108.219135,36.759392],[-108.219247,36.759395]]]}},{"type":"Feature","properties":{"class":"extent","min_prob":0.5},"geometry":{"type":"Polygon","coordinates":[[[-108.213201,36.759254],[-108.213204,36.759163],[-108.213092,36.759161],[-108.213089,36.759251],[-108.213201,36.759254]]]}},{"type":"Feature","properties":{"class":"extent","min_prob":0.5},"geometry":{"type":"Polygon","coordinates":[[[-108.214772,36.7592],[-108.214775,36.75911],[-108.214663,36.759107],[-108.21466,36.759198],[-108.214772,36.7592]]]}},{"type":"Feature","properties":{"class":"extent","min_prob":0.5},"geometry":{"type":"Polygon","coordinates":[[[-108.2375,36.75973],[-108.237506,36.75955],[-108.237394,36.759548],[-108.237388,36.759728],[-108.2375,36.75973]]]}},{"type":"Feature","properties":{"class":"extent","min_prob":0.5},"geometry":{"type":"Polygon","coordinates":[[[-108.211637,36.759127],[-108.21164,36.759037],[-108.211416,36.759031],[-108.211423,36.758851],[-108.211311,36.758849],[-108.211301,36.759119],[-108.211637,36.759127]]]}},{"type":"Feature","properties":{"class":"extent","min_prob":0.5},"geometry":{"type":"Polygon","coordinates":[[[-108.24512,36.759727],[-108.245123,36.759637],[-108.245011,36.759634],[-108.245008,36.759724],[-108.24512,36.759727]]]}},{"type":"Feature","properties":{"class":"extent","min_prob":0.5},"geometry":{"type":"Polygon","coordinates":[[[-108.230677,36.759391],[-108.23068,36.759301],[-108.230568,36.759299],[-108.230565,36.759389],[-108.230677,36.759391]]]}},{"type":"Feature","properties":{"class":"extent","min_prob":0.5},"geometry":{"type":"Polygon","coordinates":[[[-108.235158,36.759406],[-108.235162,36.759315],[-108.23505,36.759313],[-108.235046,36.759403],[-108.235158,36.759406]]]}},{"type":"Feature","properties":{"class":"extent","min_prob":0.5},"geometry":{"type":"Polygon","coordinates":[[[-108.234375,36.759387],[-108.234378,36.759297],[-108.234266,36.759295],[-108.234263,36.759385],[-108.234375,36.759387]]]}},{"type":"Feature","properties":{"class":"extent","min_prob":0.5},"geometry":{"type":"Polygon","coordinates":[[[-108.21926,36.759035],[-108.219263,36.758945],[-108.219151,36.758942],[-108.219148,36.759032],[-108.21926,36.759035]]]}},{"type":"Feature","properties":{"class":"extent","min_prob":0.5},"geometry":{"type":"Polygon","coordinates":[[[-108.219599,36.758953],[-108.219606,36.758772],[-108.219494,36.75877],[-108.21949,36.75886],[-108.219378,36.758857],[-108.219375,36.758947],[-108.219599,36.758953]]]}},{"type":"Feature","properties":{"class":"extent","min_prob":0.5},"geometry":{"type":"Polygon","coordinates":[[[-108.211973,36.759135],[-108.211996,36.758504],[-108.211884,36.758501],[-108.211877,36.758682],[-108.211653,36.758676],[-108.21165,36.758766],[-108.211538,36.758764],[-108.211535,36.758854],[-108.211647,36.758856],[-108.21164,36.759037],[-108.211864,36.759042],[-108.211861,36.759132],[-108.211973,36.759135]]]}},{"type":"Feature","properties":{"class":"extent","min_prob":0.5},"geometry":{"type":"Polygon","coordinates":[[[-108.216247,36.758694],[-108.21625,36.758604],[-108.216138,36.758601],[-108.216135,36.758691],[-108.216247,36.758694]]]}},{"type":"Feature","properties":{"class":"extent","min_prob":0.5},"geometry":{"type":"Polygon","coordinates":[[[-108.219945,36.75869],[-108.219948,36.7586],[-108.219836,36.758597],[-108.219833,36.758688],[-108.219945,36.75869]]]}},{"type":"Feature","properties":{"class":"extent","min_prob":0.5},"geometry":{"type":"Polygon","coordinates":[[[-108.236742,36.758992],[-108.236745,36.758901],[-108.236521,36.758896],[-108.236518,36.758986],[-108.236742,36.758992]]]}},{"type":"Feature","properties":{"class":"extent","min_prob":0.5},"geometry":{"type":"Polygon","coordinates":[[[-108.212641,36.75924],[-108.212648,36.75906],[-108.21276,36.759063],[-108.212757,36.759153],[-108.213092,36.759161],[-108.213096,36.759071],[-108.213208,36.759073],[-108.213221,36.758713],[-108.213445,36.758718],[-108.213451,36.758538],[-108.213563,36.758541],[-108.21356,36.758631],[-108.213672,36.758633],[-108.213675,36.758543],[-108.213899,36.758549],[-108.213902,36.758459],[-108.21379,36.758456],[-108.213794,36.758366],[-108.213682,36.758363],[-108.213688,36.758183],[-108.213464,36.758178],[-108.213461,36.758268],[-108.213237,36.758263],[-108.213224,36.758623],[-108.212888,36.758615],[-108.212885,36.758705],[-108.212661,36.7587],[-108.212654,36.75888],[-108.21243,36.758875],[-108.212417,36.759235],[-108.212641,36.75924]],[[-108.212993,36.758798],[-108.212882,36.758795],[-108.212885,36.758705],[-108.212997,36.758708],[-108.212993,36.758798]]]}},{"type":"Feature","properties":{"class":"extent","min_prob":0.5},"geometry":{"type":"Polygon","coordinates":[[[-108.236528,36.758716],[-108.236531,36.758626],[-108.236419,36.758623],[-108.236416,36.758713],[-108.236528,36.758716]]]}},{"type":"Feature","properties":{"class":"extent","min_prob":0.5},"geometry":{"type":"Polygon","coordinates":[[[-108.220172,36.758605],[-108.220175,36.758515],[-108.220287,36.758518],[-108.220294,36.758338],[-108.220182,36.758335],[-108.220188,36.758155],[-108.220076,36.758152],[-108.220066,36.758422],[-108.219954,36.75842],[-108.219948,36.7586],[-108.220172,36.758605]]]}},{"type":"Feature","properties":{"class":"extent","min_prob":0.5},"geometry":{"type":"Polygon","coordinates":[[[-108.215035,36.758124],[-108.215038,36.758034],[-108.214926,36.758032],[-108.214923,36.758122],[-108.215035,36.758124]]]}},{"type":"Feature","properties":{"class":"extent","min_prob":0.5},"geometry":{"type":"Polygon","coordinates":[[[-108.278968,36.759515],[-108.278972,36.759425],[-108.27886,36.759422],[-108.278857,36.759512],[-108.278968,36.759515]]]}},{"type":"Feature","properties":{"class":"extent","min_prob":0.5},"geometry":{"type":"Polygon","coordinates":[[[-108.214926,36.758032],[-108.214929,36.757942],[-108.214817,36.757939],[-108.214814,36.758029],[-108.214926,36.758032]]]}},{"type":"Feature","properties":{"class":"extent","min_prob":0.5},"geometry":{"type":"Polygon","coordinates":[[[-108.213695,36.758003],[-108.213698,36.757913],[-108.213586,36.75791],[-108.213583,36.758],[-108.213695,36.758003]]]}},{"type":"Feature","properties":{"class":"extent","min_prob":0.5},"geometry":{"type":"Polygon","coordinates":[[[-108.237084,36.758819],[-108.237088,36.758729],[-108.2372,36.758732],[-108.237203,36.758642],[-108.237315,36.758644],[-108.237324,36.758374],[-108.237213,36.758371],[-108.237209,36.758461],[-108.236985,36.758456],[-108.236982,36.758546],[-108.237094,36.758549],[-108.237091,36.758639],[-108.236979,36.758636],[-108.236976,36.758726],[-108.236864,36.758724],[-108.23686,36.758814],[-108.237084,36.758819]]]}},{"type":"Feature","properties":{"class":"extent","min_prob":0.5},"geometry":{"type":"Polygon","coordinates":[[[-108.213586,36.75791],[-108.213589,36.75782],[-108.213477,36.757817],[-108.213474,36.757908],[-108.213586,36.75791]]]}},{"type":"Feature","properties":{"class":"extent","min_prob":0.5},"geometry":{"type":"Polygon","coordinates":[[[-108.21324,36.758173],[-108.21325,36.757902],[-108.213362,36.757905],[-108.213365,36.757815],[-108.213029,36.757807],[-108.213016,36.758167],[-108.21324,36.758173]]]}},{"type":"Feature","properties":{"class":"extent","min_prob":0.5},"geometry":{"type":"Polygon","coordinates":[[[-108.220524,36.758163],[-108.220527,36.758073],[-108.220863,36.75808],[-108.22087,36.7579],[-108.220646,36.757895],[-108.220643,36.757985],[-108.220419,36.75798],[-108.220415,36.75807],[-108.220191,36.758065],[-108.220188,36.758155],[-108.220524,36.758163]]]}},{"type":"Feature","properties":{"class":"extent","min_prob":0.5},"geometry":{"type":"Polygon","coordinates":[[[-108.232622,36.758265],[-108.232625,36.758175],[-108.232401,36.758169],[-108.232398,36.758259],[-108.232622,36.758265]]]}},{"type":"Feature","properties":{"class":"extent","min_prob":0.5},"geometry":{"type":"Polygon","coordinates":[[[-108.213477,36.757817],[-108.21348,36.757727],[-108.213368,36.757725],[-108.213365,36.757815],[-108.213477,36.757817]]]}},{"type":"Feature","properties":{"class":"extent","min_prob":0.5},"geometry":{"type":"Polygon","coordinates":[[[-108.215608,36.757777],[-108.215611,36.757687],[-108.215499,36.757684],[-108.215496,36.757775],[-108.215608,36.757777]]]}},{"type":"Feature","properties":{"class":"extent","min_prob":0.5},"geometry":{"type":"Polygon","coordinates":[[[-108.215723,36.75769],[-108.215726,36.7576],[-108.215614,36.757597],[-108.215611,36.757687],[-108.215723,36.75769]]]}},{"type":"Feature","properties":{"class":"extent","min_prob":0.5},"geometry":{"type":"Polygon","coordinates":[[[-108.215502,36.757594],[-108.215505,36.757504],[-108.215394,36.757502],[-108.21539,36.757592],[-108.215502,36.757594]]]}},{"type":"Feature","properties":{"class":"extent","min_prob":0.5},"geometry":{"type":"Polygon","coordinates":[[[-108.23252,36.757992],[-108.232523,36.757902],[-108.232411,36.757899],[-108.232414,36.757809],[-108.232302,36.757806],[-108.232296,36.757987],[-108.23252,36.757992]]]}},{"type":"Feature","properties":{"class":"extent","min_prob":0.5},"geometry":{"type":"Polygon","coordinates":[[[-108.231288,36.757963],[-108.231295,36.757783],[-108.231183,36.75778],[-108.231176,36.75796],[-108.231288,36.757963]]]}},{"type":"Feature","properties":{"class":"extent","min_prob":0.5},"geometry":{"type":"Polygon","coordinates":[[[-108.221551,36.757646],[-108.221554,36.757556],[-108.221442,36.757553],[-108.221439,36.757643],[-108.221551,36.757646]]]}},{"type":"Feature","properties":{"class":"extent","min_prob":0.5},"geometry":{"type":"Polygon","coordinates":[[[-108.215621,36.757417],[-108.215627,36.757237],[-108.215515,36.757234],[-108.215509,36.757414],[-108.215621,36.757417]]]}},{"type":"Feature","properties":{"class":"extent","min_prob":0.5},"geometry":{"type":"Polygon","coordinates":[[[-108.231298,36.757693],[-108.231301,36.757603],[-108.231189,36.7576],[-108.231186,36.75769],[-108.231298,36.757693]]]}},{"type":"Feature","properties":{"class":"extent","min_prob":0.5},"geometry":{"type":"Polygon","coordinates":[[[-108.216408,36.757345],[-108.216411,36.757255],[-108.216299,36.757252],[-108.216296,36.757342],[-108.216408,36.757345]]]}},{"type":"Feature","properties":{"class":"extent","min_prob":0.5},"geometry":{"type":"Polygon","coordinates":[[[-108.216536,36.756897],[-108.216539,36.756807],[-108.216427,36.756805],[-108.216424,36.756895],[-108.216536,36.756897]]]}},{"type":"Feature","properties":{"class":"extent","min_prob":0.5},"geometry":{"type":"Polygon","coordinates":[[[-108.22192,36.756753],[-108.221923,36.756663],[-108.221811,36.75666],[-108.221808,36.75675],[-108.22192,36.756753]]]}},{"type":"Feature","properties":{"class":"extent","min_prob":0.5},"geometry":{"type":"Polygon","coordinates":[[[-108.213861,36.790555],[-108.213864,36.790465],[-108.213976,36.790467],[-108.213979,36.790377],[-108.214091,36.79038],[-108.214104,36.79002],[-108.214216,36.790022],[-108.214219,36.789932],[-108.214331,36.789935],[-108.214338,36.789755],[-108.21445,36.789757],[-108.214453,36.789667],[-108.214565,36.78967],[-108.214572,36.78949],[-108.214684,36.789492],[-108.21468,36.789582],[-108.214793,36.789585],[-108.214789,36.789675],[-108.215013,36.78968],[-108.21501,36.78977],[-108.215234,36.789776],[-108.215237,36.789685],[-108.215125,36.789683],[-108.215132,36.789503],[-108.21502,36.7895],[-108.215023,36.78941],[-108.215135,36.789413],[-108.215138,36.789323],[-108.215026,36.78932],[-108.21503,36.78923],[-108.214918,36.789227],[-108.214921,36.789137],[-108.214697,36.789132],[-108.214703,36.788952],[-108.214367,36.788944],[-108.214364,36.789034],[-108.214252,36.789031],[-108.214255,36.788941],[-108.214031,36.788936],[-108.214035,36.788846],[-108.214147,36.788848],[-108.214153,36.788668],[-108.214265,36.788671],[-108.214268,36.788581],[-108.21438,36.788583],[-108.214384,36.788493],[-108.214496,36.788496],[-108.214499,36.788406],[-108.214611,36.788409],[-108.214614,36.788318],[-108.214726,36.788321],[-108.214729,36.788231],[-108.214953,36.788236],[-108.214957,36.788146],[-108.215069,36.788149],[-108.215072,36.788059],[-108.215296,36.788064],[-108.215299,36.787974],[-108.215411,36.787976],[-108.215415,36.787886],[-108.215527,36.787889],[-108.21552,36.788069],[-108.215744,36.788074],[-108.215737,36.788255],[-108.215849,36.788257],[-108.215846,36.788347],[-108.215958,36.78835],[-108.215948,36.78862],[-108.21606,36.788623],[-108.216064,36.788533],[-108.216176,36.788535],[-108.216189,36.788175],[-108.216077,36.788172],[-108.21608,36.788082],[-108.216304,36.788088],[-108.216307,36.787997],[-108.216531,36.788003],[-108.216535,36.787913],[-108.215863,36.787897],[-108.215866,36.787807],[-108.215754,36.787804],[-108.215747,36.787984],[-108.215635,36.787982],[-108.215658,36.787351],[-108.21577,36.787354],[-108.21578,36.787084],[-108.215892,36.787086],[-108.215924,36.786185],[-108.216036,36.786188],[-108.21604,36.786098],[-108.216264,36.786103],[-108.216267,36.786013],[-108.216603,36.786021],[-108.216606,36.785931],[-108.216942,36.785939],[-108.216946,36.785849],[-108.217506,36.785862],[-108.217509,36.785772],[-108.217621,36.785774],[-108.217624,36.785684],[-108.217736,36.785687],[-108.21773,36.785867],[-108.217842,36.78587],[-108.217838,36.78596],[-108.218286,36.78597],[-108.21829,36.78588],[-108.218402,36.785883],[-108.218398,36.785973],[-108.21851,36.785975],[-108.218514,36.785885],[-108.218737,36.785891],[-108.218734,36.785981],[-108.218846,36.785983],[-108.218849,36.785893],[-108.219409,36.785906],[-108.219416,36.785726],[-108.219304,36.785723],[-108.219311,36.785543],[-108.219199,36.785541],[-108.219202,36.785451],[-108.219314,36.785453],[-108.219353,36.784372],[-108.219465,36.784375],[-108.219478,36.784014],[-108.219366,36.784012],[-108.219369,36.783922],[-108.219481,36.783924],[-108.219514,36.783024],[-108.219402,36.783021],[-108.219408,36.782841],[-108.21952,36.782843],[-108.219543,36.782213],[-108.219431,36.78221],[-108.219428,36.7823],[-108.219204,36.782295],[-108.21921,36.782115],[-108.219322,36.782117],[-108.219326,36.782027],[-108.219438,36.78203],[-108.219441,36.78194],[-108.219889,36.78195],[-108.219895,36.78177],[-108.220007,36.781773],[-108.220011,36.781683],[-108.220123,36.781685],[-108.220126,36.781595],[-108.220462,36.781603],[-108.220468,36.781423],[-108.220356,36.78142],[-108.22036,36.78133],[-108.220472,36.781333],[-108.220485,36.780973],[-108.220373,36.78097],[-108.220379,36.78079],[-108.220267,36.780787],[-108.22027,36.780697],[-108.220382,36.7807],[-108.220386,36.78061],[-108.220498,36.780612],[-108.220504,36.780432],[-108.220616,36.780435],[-108.220619,36.780345],[-108.220731,36.780347],[-108.220735,36.780257],[-108.220847,36.78026],[-108.22085,36.78017],[-108.220962,36.780172],[-108.220955,36.780352],[-108.221179,36.780358],[-108.221186,36.780177],[-108.221298,36.78018],[-108.221301,36.78009],[-108.221413,36.780093],[-108.221416,36.780003],[-108.221528,36.780005],[-108.221532,36.779915],[-108.221644,36.779918],[-108.22165,36.779738],[-108.221986,36.779745],[-108.221989,36.779655],[-108.222101,36.779658],[-108.222095,36.779838],[-108.222207,36.779841],[-108.2222,36.780021],[-108.222088,36.780018],[-108.222065,36.780649],[-108.221953,36.780646],[-108.221947,36.780826],[-108.221835,36.780824],[-108.221828,36.781004],[-108.22194,36.781007],[-108.221934,36.781187],[-108.222046,36.781189],[-108.22203,36.78164],[-108.221918,36.781637],[-108.221927,36.781367],[-108.221815,36.781364],[-108.221819,36.781274],[-108.221707,36.781272],[-108.2217,36.781452],[-108.221588,36.781449],[-108.221585,36.781539],[-108.221473,36.781537],[-108.221476,36.781447],[-108.221364,36.781444],[-108.221367,36.781354],[-108.221032,36.781346],[-108.221022,36.781616],[-108.221358,36.781624],[-108.221354,36.781714],[-108.221466,36.781717],[-108.221463,36.781807],[-108.221911,36.781817],[-108.221905,36.781997],[-108.222017,36.782],[-108.22201,36.78218],[-108.222346,36.782188],[-108.222343,36.782278],[-108.222455,36.782281],[-108.222452,36.782371],[-108.222564,36.782374],[-108.22256,36.782464],[-108.222672,36.782466],[-108.222666,36.782646],[-108.22289,36.782652],[-108.222887,36.782742],[-108.222999,36.782744],[-108.222989,36.783015],[-108.222877,36.783012],[-108.222874,36.783102],[-108.222986,36.783105],[-108.222982,36.783195],[-108.223094,36.783197],[-108.223091,36.783287],[-108.223315,36.783293],[-108.223309,36.783473],[-108.223533,36.783478],[-108.223536,36.783388],[-108.223648,36.783391],[-108.223658,36.78312],[-108.223546,36.783118],[-108.223549,36.783028],[-108.223437,36.783025],[-108.223447,36.782755],[-108.223559,36.782757],[-108.223565,36.782577],[-108.223453,36.782575],[-108.223456,36.782485],[-108.223568,36.782487],[-108.223572,36.782397],[-108.223348,36.782392],[-108.223351,36.782302],[-108.222903,36.782291],[-108.222919,36.781841],[-108.223031,36.781843],[-108.223044,36.781483],[-108.223156,36.781486],[-108.223163,36.781306],[-108.223275,36.781308],[-108.223278,36.781218],[-108.22339,36.781221],[-108.223387,36.781311],[-108.223499,36.781313],[-108.223502,36.781223],[-108.223614,36.781226],[-108.223617,36.781136],[-108.223841,36.781141],[-108.223848,36.780961],[-108.223736,36.780958],[-108.223739,36.780868],[-108.223515,36.780863],[-108.223518,36.780773],[-108.22363,36.780776],[-108.223637,36.780595],[-108.223749,36.780598],[-108.223755,36.780418],[-108.223531,36.780413],[-108.223534,36.780323],[-108.22387,36.78033],[-108.223877,36.78015],[-108.223989,36.780153],[-108.223992,36.780063],[-108.224104,36.780065],[-108.224111,36.779885],[-108.224335,36.77989],[-108.224331,36.77998],[-108.224219,36.779978],[-108.224213,36.780158],[-108.224101,36.780155],[-108.224098,36.780246],[-108.224322,36.780251],[-108.224318,36.780341],[-108.224654,36.780349],[-108.224658,36.780259],[-108.22477,36.780261],[-108.224773,36.780171],[-108.224885,36.780174],[-108.224888,36.780084],[-108.225,36.780086],[-108.225003,36.779996],[-108.225227,36.780001],[-108.22523,36.779911],[-108.225342,36.779914],[-108.225349,36.779734],[-108.225461,36.779736],[-108.225467,36.779556],[-108.225579,36.779559],[-108.225586,36.779379],[-108.225698,36.779381],[-108.225701,36.779291],[-108.225813,36.779294],[-108.22582,36.779114],[-108.225932,36.779116],[-108.225935,36.779026],[-108.226495,36.779039],[-108.226498,36.778949],[-108.226386,36.778947],[-108.226396,36.778676],[-108.226284,36.778674],[-108.226281,36.778764],[-108.226057,36.778759],[-108.22606,36.778668],[-108.226172,36.778671],[-108.226175,36.778581],[-108.226287,36.778584],[-108.226297,36.778313],[-108.226409,36.778316],[-108.226412,36.778226],[-108.2263,36.778223],[-108.226303,36.778133],[-108.226191,36.778131],[-108.226195,36.77804],[-108.226531,36.778048],[-108.226534,36.777958],[-108.227094,36.777971],[-108.227091,36.778061],[-108.227874,36.77808],[-108.227878,36.77799],[-108.22799,36.777992],[-108.227993,36.777902],[-108.228105,36.777905],[-108.228108,36.777815],[-108.228332,36.77782],[-108.228339,36.77764],[-108.228451,36.777642],[-108.228454,36.777552],[-108.228342,36.77755],[-108.228345,36.777459],[-108.228457,36.777462],[-108.22846,36.777372],[-108.228572,36.777375],[-108.228576,36.777285],[-108.228688,36.777287],[-108.228684,36.777377],[-108.228796,36.77738],[-108.228803,36.7772],[-108.229027,36.777205],[-108.22903,36.777115],[-108.229142,36.777117],[-108.229139,36.777207],[-108.229251,36.77721],[-108.229254,36.77712],[-108.22959,36.777128],[-108.229587,36.777218],[-108.229811,36.777223],[-108.229814,36.777133],[-108.229926,36.777136],[-108.229923,36.777226],[-108.230035,36.777228],[-108.230041,36.777048],[-108.230153,36.777051],[-108.23016,36.776871],[-108.230272,36.776873],[-108.230278,36.776693],[-108.23039,36.776696],[-108.230397,36.776516],[-108.230621,36.776521],[-108.230624,36.776431],[-108.230512,36.776428],[-108.230515,36.776338],[-108.230627,36.776341],[-108.230634,36.77616],[-108.230746,36.776163],[-108.230752,36.775983],[-108.230864,36.775985],[-108.23087,36.775805],[-108.230982,36.775808],[-108.230989,36.775628],[-108.231101,36.77563],[-108.231107,36.77545],[-108.231219,36.775453],[-108.231223,36.775363],[-108.231335,36.775365],[-108.231341,36.775185],[-108.231453,36.775188],[-108.23146,36.775008],[-108.231572,36.77501],[-108.231578,36.77483],[-108.23169,36.774833],[-108.231697,36.774652],[-108.231809,36.774655],[-108.231815,36.774475],[-108.231927,36.774477],[-108.23193,36.774387],[-108.232154,36.774393],[-108.232157,36.774302],[-108.232045,36.7743],[-108.232049,36.77421],[-108.231937,36.774207],[-108.23194,36.774117],[-108.232052,36.77412],[-108.232055,36.77403],[-108.232167,36.774032],[-108.232174,36.773852],[-108.23195,36.773847],[-108.231956,36.773667],[-108.23162,36.773659],[-108.231623,36.773569],[-108.231399,36.773564],[-108.231396,36.773654],[-108.230052,36.773622],[-108.230088,36.772631],[-108.2302,36.772634],[-108.230207,36.772454],[-108.230319,36.772456],[-108.230322,36.772366],[-108.230434,36.772369],[-108.23044,36.772189],[-108.230552,36.772191],[-108.230556,36.772101],[-108.230667,36.772104],[-108.230674,36.771924],[-108.230786,36.771926],[-108.230792,36.771746],[-108.230904,36.771749],[-108.230917,36.771388],[-108.230693,36.771383],[-108.23069,36.771473],[-108.230354,36.771465],[-108.230351,36.771556],[-108.230127,36.77155],[-108.230124,36.77164],[-108.2299,36.771635],[-108.229897,36.771725],[-108.229673,36.77172],[-108.229676,36.77163],[-108.229564,36.771627],[-108.229561,36.771717],[-108.229225,36.77171],[-108.229228,36.77162],[-108.229452,36.771625],[-108.229455,36.771535],[-108.229567,36.771537],[-108.229577,36.771267],[-108.229801,36.771272],[-108.229804,36.771182],[-108.229916,36.771185],[-108.229913,36.771275],[-108.230249,36.771283],[-108.230252,36.771193],[-108.23014,36.77119],[-108.230143,36.7711],[-108.230367,36.771105],[-108.23037,36.771015],[-108.230594,36.77102],[-108.230588,36.7712],[-108.231372,36.771219],[-108.231394,36.770588],[-108.231506,36.770591],[-108.23151,36.770501],[-108.231398,36.770498],[-108.231401,36.770408],[-108.231513,36.770411],[-108.231516,36.77032],[-108.231628,36.770323],[-108.231631,36.770233],[-108.231519,36.77023],[-108.231532,36.76987],[-108.23142,36.769867],[-108.23144,36.769327],[-108.231328,36.769324],[-108.231344,36.768874],[-108.231456,36.768876],[-108.231453,36.768967],[-108.231565,36.768969],[-108.231568,36.768879],[-108.231904,36.768887],[-108.23193,36.768166],[-108.232042,36.768169],[-108.232048,36.767989],[-108.23216,36.767991],[-108.232164,36.767901],[-108.232276,36.767904],[-108.232279,36.767814],[-108.232391,36.767816],[-108.232394,36.767726],[-108.232506,36.767729],[-108.232509,36.767639],[-108.232733,36.767644],[-108.232736,36.767554],[-108.232848,36.767556],[-108.232852,36.767466],[-108.233076,36.767472],[-108.233079,36.767382],[-108.233527,36.767392],[-108.233523,36.767482],[-108.233635,36.767485],[-108.233632,36.767575],[-108.234416,36.767593],[-108.234413,36.767683],[-108.234749,36.767691],[-108.234745,36.767781],[-108.235305,36.767794],[-108.235302,36.767884],[-108.23575,36.767894],[-108.235753,36.767804],[-108.235865,36.767807],[-108.235868,36.767717],[-108.23598,36.767719],[-108.235984,36.767629],[-108.236096,36.767632],[-108.236105,36.767362],[-108.236217,36.767364],[-108.236224,36.767184],[-108.236112,36.767182],[-108.236115,36.767091],[-108.236227,36.767094],[-108.236237,36.766824],[-108.236349,36.766826],[-108.236352,36.766736],[-108.236464,36.766739],[-108.236467,36.766649],[-108.236691,36.766654],[-108.236694,36.766564],[-108.236582,36.766561],[-108.236589,36.766381],[-108.236701,36.766384],[-108.236704,36.766294],[-108.23648,36.766289],[-108.236483,36.766198],[-108.236707,36.766204],[-108.23671,36.766114],[-108.236822,36.766116],[-108.236832,36.765846],[-108.236944,36.765849],[-108.236951,36.765668],[-108.237063,36.765671],[-108.237066,36.765581],[-108.237178,36.765583],[-108.237184,36.765403],[-108.237408,36.765408],[-108.237411,36.765318],[-108.237187,36.765313],[-108.237197,36.765043],[-108.237309,36.765046],[-108.237312,36.764955],[-108.237536,36.764961],[-108.237533,36.765051],[-108.237645,36.765053],[-108.237652,36.764873],[-108.23754,36.764871],[-108.237543,36.76478],[-108.237655,36.764783],[-108.237668,36.764423],[-108.23778,36.764425],[-108.237793,36.764065],[-108.237905,36.764068],[-108.237911,36.763887],[-108.238023,36.76389],[-108.238026,36.7638],[-108.238138,36.763803],[-108.238164,36.763082],[-108.238276,36.763084],[-108.238286,36.762814],[-108.238174,36.762812],[-108.23819,36.762361],[-108.238302,36.762364],[-108.238308,36.762184],[-108.23842,36.762186],[-108.238424,36.762096],[-108.238536,36.762099],[-108.238539,36.762009],[-108.238091,36.761998],[-108.238097,36.761818],[-108.237985,36.761815],[-108.237992,36.761635],[-108.238104,36.761638],[-108.238114,36.761368],[-108.238449,36.761375],[-108.238446,36.761465],[-108.238558,36.761468],[-108.238561,36.761378],[-108.238785,36.761383],[-108.238789,36.761293],[-108.2389,36.761296],[-108.238897,36.761386],[-108.239009,36.761388],[-108.239022,36.761028],[-108.239134,36.761031],[-108.239137,36.760941],[-108.239809,36.760956],[-108.239816,36.760776],[-108.239928,36.760779],[-108.239931,36.760689],[-108.240043,36.760691],[-108.24004,36.760781],[-108.240151,36.760784],[-108.240158,36.760604],[-108.24027,36.760606],[-108.240283,36.760246],[-108.240395,36.760248],[-108.240404,36.759978],[-108.240516,36.759981],[-108.24052,36.759891],[-108.239064,36.759857],[-108.239093,36.759046],[-108.238981,36.759044],[-108.238991,36.758773],[-108.238879,36.758771],[-108.238882,36.758681],[-108.23877,36.758678],[-108.238774,36.758588],[-108.238662,36.758585],[-108.238665,36.758495],[-108.238553,36.758493],[-108.238559,36.758312],[-108.238671,36.758315],[-108.238678,36.758135],[-108.23879,36.758137],[-108.238796,36.757957],[-108.238908,36.75796],[-108.238924,36.757509],[-108.239036,36.757512],[-108.239046,36.757242],[-108.238934,36.757239],[-108.238937,36.757149],[-108.238713,36.757144],[-108.23871,36.757234],[-108.238598,36.757231],[-108.238595,36.757322],[-108.238483,36.757319],[-108.23848,36.757409],[-108.238368,36.757406],[-108.238364,36.757496],[-108.238252,36.757494],[-108.238259,36.757314],[-108.238371,36.757316],[-108.238374,36.757226],[-108.237926,36.757216],[-108.237933,36.757036],[-108.237821,36.757033],[-108.237824,36.756943],[-108.2376,36.756938],[-108.237597,36.757028],[-108.237485,36.757025],[-108.237472,36.757386],[-108.237584,36.757388],[-108.237578,36.757568],[-108.237466,36.757566],[-108.237436,36.758377],[-108.237548,36.758379],[-108.237535,36.758739],[-108.237424,36.758737],[-108.237414,36.759007],[-108.237526,36.75901],[-108.23751,36.75946],[-108.237622,36.759463],[-108.237625,36.759373],[-108.237737,36.759375],[-108.23773,36.759555],[-108.237618,36.759553],[-108.237599,36.760093],[-108.237487,36.760091],[-108.237474,36.760451],[-108.237362,36.760449],[-108.237352,36.760719],[-108.23724,36.760716],[-108.237234,36.760896],[-108.237122,36.760894],[-108.237116,36.761074],[-108.237004,36.761071],[-108.237,36.761161],[-108.236888,36.761159],[-108.236895,36.760979],[-108.237007,36.760981],[-108.237013,36.760801],[-108.236901,36.760798],[-108.236898,36.760889],[-108.236562,36.760881],[-108.236559,36.760971],[-108.236671,36.760973],[-108.236668,36.761064],[-108.236444,36.761058],[-108.236441,36.761148],[-108.236217,36.761143],[-108.236213,36.761233],[-108.236325,36.761236],[-108.236319,36.761416],[-108.236431,36.761419],[-108.236424,36.761599],[-108.236312,36.761596],[-108.236309,36.761686],[-108.236197,36.761684],[-108.236204,36.761504],[-108.23598,36.761498],[-108.235976,36.761588],[-108.236088,36.761591],[-108.236082,36.761771],[-108.236194,36.761774],[-108.236184,36.762044],[-108.23596,36.762039],[-108.235964,36.761949],[-108.235852,36.761946],[-108.235858,36.761766],[-108.235746,36.761763],[-108.235736,36.762034],[-108.235624,36.762031],[-108.235621,36.762121],[-108.235845,36.762126],[-108.235839,36.762307],[-108.235951,36.762309],[-108.235947,36.762399],[-108.235835,36.762397],[-108.235829,36.762577],[-108.235717,36.762574],[-108.235714,36.762664],[-108.235602,36.762662],[-108.235599,36.762752],[-108.235375,36.762747],[-108.235371,36.762837],[-108.235259,36.762834],[-108.235256,36.762924],[-108.235144,36.762921],[-108.235138,36.763102],[-108.235026,36.763099],[-108.235022,36.763189],[-108.234911,36.763187],[-108.234907,36.763277],[-108.234795,36.763274],[-108.234789,36.763454],[-108.234677,36.763452],[-108.23467,36.763632],[-108.234782,36.763634],[-108.234773,36.763905],[-108.234661,36.763902],[-108.234657,36.763992],[-108.234545,36.76399],[-108.234542,36.76408],[-108.234654,36.764082],[-108.234651,36.764172],[-108.234875,36.764177],[-108.234878,36.764087],[-108.23499,36.76409],[-108.234993,36.764],[-108.235105,36.764003],[-108.235102,36.764093],[-108.235214,36.764095],[-108.235217,36.764005],[-108.235329,36.764008],[-108.235326,36.764098],[-108.235662,36.764106],[-108.235659,36.764196],[-108.235771,36.764198],[-108.235784,36.763838],[-108.235896,36.763841],[-108.235902,36.76366],[-108.236014,36.763663],[-108.236017,36.763573],[-108.235905,36.76357],[-108.235909,36.76348],[-108.236132,36.763485],[-108.236123,36.763756],[-108.236347,36.763761],[-108.236337,36.764031],[-108.236561,36.764036],[-108.236558,36.764126],[-108.236446,36.764124],[-108.236439,36.764304],[-108.236215,36.764299],[-108.236212,36.764389],[-108.236324,36.764392],[-108.236321,36.764482],[-108.236545,36.764487],[-108.236551,36.764307],[-108.236887,36.764314],[-108.236884,36.764405],[-108.236996,36.764407],[-108.237006,36.764137],[-108.237118,36.764139],[-108.237111,36.76432],[-108.237223,36.764322],[-108.23722,36.764412],[-108.237108,36.76441],[-108.237105,36.7645],[-108.236993,36.764497],[-108.236989,36.764587],[-108.236877,36.764585],[-108.236858,36.765125],[-108.236746,36.765123],[-108.23674,36.765303],[-108.236628,36.7653],[-108.236624,36.76539],[-108.236736,36.765393],[-108.236733,36.765483],[-108.236509,36.765478],[-108.236499,36.765748],[-108.236387,36.765745],[-108.236384,36.765835],[-108.23616,36.76583],[-108.236154,36.76601],[-108.236266,36.766013],[-108.236259,36.766193],[-108.235923,36.766185],[-108.23592,36.766276],[-108.235808,36.766273],[-108.235805,36.766363],[-108.235693,36.76636],[-108.23569,36.76645],[-108.234682,36.766427],[-108.234679,36.766517],[-108.234567,36.766515],[-108.23457,36.766424],[-108.234346,36.766419],[-108.234343,36.766509],[-108.234231,36.766507],[-108.234234,36.766417],[-108.233898,36.766409],[-108.233901,36.766319],[-108.234125,36.766324],[-108.234129,36.766234],[-108.235248,36.76626],[-108.235255,36.76608],[-108.235367,36.766082],[-108.23537,36.765992],[-108.235482,36.765995],[-108.235485,36.765905],[-108.235597,36.765907],[-108.2356,36.765817],[-108.235712,36.76582],[-108.235716,36.76573],[-108.235268,36.765719],[-108.235271,36.765629],[-108.235159,36.765627],[-108.235162,36.765537],[-108.235386,36.765542],[-108.235393,36.765362],[-108.235505,36.765364],[-108.235514,36.765094],[-108.235626,36.765097],[-108.23563,36.765006],[-108.235518,36.765004],[-108.235521,36.764914],[-108.235297,36.764909],[-108.235287,36.765179],[-108.235175,36.765176],[-108.235166,36.765447],[-108.234942,36.765441],[-108.234938,36.765531],[-108.234826,36.765529],[-108.234833,36.765349],[-108.234721,36.765346],[-108.234731,36.765076],[-108.234395,36.765068],[-108.234398,36.764978],[-108.234174,36.764973],[-108.234171,36.765063],[-108.234059,36.76506],[-108.234056,36.76515],[-108.233832,36.765145],[-108.233835,36.765055],[-108.233723,36.765052],[-108.233729,36.764872],[-108.233617,36.76487],[-108.233614,36.76496],[-108.233166,36.764949],[-108.233163,36.765039],[-108.233051,36.765037],[-108.233048,36.765127],[-108.2326,36.765116],[-108.232597,36.765206],[-108.232373,36.765201],[-108.232369,36.765291],[-108.232481,36.765294],[-108.232475,36.765474],[-108.232363,36.765471],[-108.23236,36.765562],[-108.232248,36.765559],[-108.232241,36.765739],[-108.232129,36.765737],[-108.232126,36.765827],[-108.232014,36.765824],[-108.232011,36.765914],[-108.231899,36.765911],[-108.231892,36.766092],[-108.23178,36.766089],[-108.231777,36.766179],[-108.231665,36.766177],[-108.231659,36.766357],[-108.231547,36.766354],[-108.231521,36.767075],[-108.231297,36.76707],[-108.231294,36.76716],[-108.231182,36.767157],[-108.231178,36.767247],[-108.231514,36.767255],[-108.231505,36.767525],[-108.231393,36.767523],[-108.231389,36.767613],[-108.231166,36.767607],[-108.231162,36.767698],[-108.23105,36.767695],[-108.231047,36.767785],[-108.230823,36.76778],[-108.230817,36.76796],[-108.230705,36.767957],[-108.230701,36.768047],[-108.230589,36.768045],[-108.230586,36.768135],[-108.230474,36.768132],[-108.230471,36.768222],[-108.230359,36.76822],[-108.230356,36.76831],[-108.230244,36.768307],[-108.230241,36.768397],[-108.230129,36.768395],[-108.230125,36.768485],[-108.230013,36.768482],[-108.230004,36.768752],[-108.229892,36.76875],[-108.229885,36.76893],[-108.229773,36.768927],[-108.229767,36.769108],[-108.229655,36.769105],[-108.229642,36.769465],[-108.22953,36.769463],[-108.229523,36.769643],[-108.229411,36.76964],[-108.229408,36.76973],[-108.229296,36.769728],[-108.229293,36.769818],[-108.229181,36.769815],[-108.229184,36.769725],[-108.229072,36.769723],[-108.229066,36.769903],[-108.229178,36.769905],[-108.229171,36.770086],[-108.229395,36.770091],[-108.229392,36.770181],[-108.22928,36.770178],[-108.229277,36.770268],[-108.229389,36.770271],[-108.229385,36.770361],[-108.229273,36.770358],[-108.229257,36.770809],[-108.228921,36.770801],[-108.228918,36.770891],[-108.228694,36.770886],[-108.228691,36.770976],[-108.228355,36.770968],[-108.228352,36.771058],[-108.22824,36.771056],[-108.228236,36.771146],[-108.228012,36.77114],[-108.228006,36.771321],[-108.228118,36.771323],[-108.228108,36.771593],[-108.227884,36.771588],[-108.227881,36.771678],[-108.227545,36.77167],[-108.227542,36.771761],[-108.227654,36.771763],[-108.227651,36.771853],[-108.227539,36.771851],[-108.227532,36.772031],[-108.227756,36.772036],[-108.227753,36.772126],[-108.227977,36.772131],[-108.227973,36.772221],[-108.228085,36.772224],[-108.228082,36.772314],[-108.228306,36.772319],[-108.228303,36.772409],[-108.228191,36.772407],[-108.228188,36.772497],[-108.228076,36.772494],[-108.228069,36.772674],[-108.228181,36.772677],[-108.228171,36.772947],[-108.228059,36.772945],[-108.228056,36.773035],[-108.227944,36.773032],[-108.227941,36.773122],[-108.227829,36.77312],[-108.227826,36.77321],[-108.227714,36.773207],[-108.227707,36.773387],[-108.227595,36.773385],[-108.227592,36.773475],[-108.22748,36.773472],[-108.227477,36.773562],[-108.227141,36.773554],[-108.227147,36.773374],[-108.226699,36.773364],[-108.226696,36.773454],[-108.22692,36.773459],[-108.226914,36.773639],[-108.226802,36.773637],[-108.226798,36.773727],[-108.226686,36.773724],[-108.22668,36.773904],[-108.226568,36.773902],[-108.226562,36.774082],[-108.226674,36.774085],[-108.22667,36.774175],[-108.226782,36.774177],[-108.226779,36.774267],[-108.226667,36.774265],[-108.226661,36.774445],[-108.226549,36.774442],[-108.226552,36.774352],[-108.226104,36.774342],[-108.226097,36.774522],[-108.225985,36.774519],[-108.225982,36.774609],[-108.22587,36.774607],[-108.225867,36.774697],[-108.225755,36.774694],[-108.225752,36.774784],[-108.22564,36.774782],[-108.225636,36.774872],[-108.225524,36.774869],[-108.225518,36.775049],[-108.225406,36.775047],[-108.225403,36.775137],[-108.225291,36.775134],[-108.225287,36.775224],[-108.225175,36.775222],[-108.225172,36.775312],[-108.22506,36.775309],[-108.225057,36.775399],[-108.224945,36.775397],[-108.224942,36.775487],[-108.22483,36.775484],[-108.224827,36.775574],[-108.224715,36.775572],[-108.224711,36.775662],[-108.224599,36.775659],[-108.224593,36.775839],[-108.224705,36.775842],[-108.224702,36.775932],[-108.22459,36.775929],[-108.224583,36.776109],[-108.224471,36.776107],[-108.224468,36.776197],[-108.224356,36.776194],[-108.224353,36.776284],[-108.224241,36.776282],[-108.224237,36.776372],[-108.224125,36.776369],[-108.224122,36.776459],[-108.22401,36.776457],[-108.224,36.776727],[-108.223888,36.776724],[-108.223892,36.776634],[-108.22378,36.776632],[-108.223776,36.776722],[-108.223664,36.776719],[-108.223661,36.776809],[-108.223549,36.776807],[-108.223543,36.776987],[-108.223431,36.776984],[-108.223427,36.777074],[-108.223315,36.777072],[-108.223312,36.777162],[-108.2232,36.777159],[-108.223197,36.777249],[-108.223085,36.777247],[-108.223082,36.777337],[-108.223194,36.777339],[-108.22319,36.777429],[-108.223078,36.777427],[-108.223075,36.777517],[-108.222851,36.777512],[-108.222848,36.777602],[-108.22296,36.777604],[-108.222957,36.777694],[-108.222845,36.777692],[-108.222842,36.777782],[-108.222953,36.777784],[-108.222947,36.777965],[-108.223059,36.777967],[-108.223056,36.778057],[-108.222944,36.778055],[-108.22294,36.778145],[-108.222828,36.778142],[-108.222825,36.778232],[-108.222713,36.77823],[-108.22271,36.77832],[-108.222374,36.778312],[-108.222377,36.778222],[-108.222265,36.778219],[-108.222272,36.778039],[-108.222048,36.778034],[-108.222045,36.778124],[-108.221933,36.778121],[-108.221926,36.778301],[-108.221814,36.778299],[-108.221811,36.778389],[-108.221699,36.778386],[-108.221696,36.778476],[-108.221584,36.778474],[-108.221577,36.778654],[-108.221465,36.778651],[-108.221459,36.778831],[-108.221235,36.778826],[-108.221225,36.779096],[-108.221113,36.779094],[-108.22111,36.779184],[-108.220774,36.779176],[-108.22077,36.779266],[-108.220546,36.779261],[-108.220543,36.779351],[-108.220431,36.779348],[-108.220428,36.779438],[-108.220204,36.779433],[-108.220201,36.779523],[-108.220089,36.779521],[-108.220082,36.779701],[-108.21997,36.779698],[-108.219967,36.779788],[-108.219855,36.779786],[-108.219848,36.779966],[-108.219624,36.779961],[-108.219621,36.780051],[-108.219397,36.780045],[-108.219394,36.780136],[-108.219282,36.780133],[-108.219279,36.780223],[-108.219055,36.780218],[-108.219051,36.780308],[-108.218939,36.780305],[-108.218936,36.780395],[-108.218824,36.780393],[-108.218821,36.780483],[-108.218709,36.78048],[-108.218706,36.78057],[-108.218594,36.780568],[-108.21859,36.780658],[-108.218478,36.780655],[-108.218475,36.780745],[-108.218363,36.780743],[-108.21836,36.780833],[-108.218248,36.78083],[-108.218241,36.78101],[-108.218129,36.781008],[-108.218123,36.781188],[-108.217787,36.78118],[-108.21778,36.78136],[-108.217668,36.781357],[-108.217665,36.781448],[-108.217217,36.781437],[-108.217214,36.781527],[-108.21699,36.781522],[-108.216987,36.781612],[-108.216763,36.781607],[-108.216759,36.781697],[-108.216536,36.781692],[-108.216532,36.781782],[-108.216308,36.781776],[-108.216305,36.781866],[-108.216193,36.781864],[-108.21619,36.781954],[-108.216078,36.781951],[-108.216074,36.782041],[-108.215851,36.782036],[-108.215847,36.782126],[-108.215735,36.782124],[-108.215732,36.782214],[-108.21562,36.782211],[-108.215617,36.782301],[-108.215505,36.782299],[-108.215498,36.782479],[-108.21561,36.782481],[-108.215604,36.782662],[-108.21538,36.782656],[-108.215373,36.782836],[-108.215149,36.782831],[-108.215139,36.783101],[-108.215027,36.783099],[-108.215024,36.783189],[-108.214912,36.783186],[-108.214915,36.783096],[-108.214803,36.783094],[-108.214794,36.783364],[-108.214682,36.783361],[-108.214678,36.783451],[-108.21479,36.783454],[-108.214787,36.783544],[-108.214899,36.783547],[-108.214893,36.783727],[-108.214781,36.783724],[-108.214777,36.783814],[-108.214553,36.783809],[-108.21455,36.783899],[-108.214438,36.783896],[-108.214428,36.784167],[-108.21454,36.784169],[-108.214537,36.784259],[-108.214649,36.784262],[-108.214652,36.784172],[-108.214764,36.784175],[-108.214768,36.784084],[-108.21488,36.784087],[-108.21487,36.784357],[-108.215094,36.784363],[-108.215084,36.784633],[-108.215196,36.784635],[-108.215193,36.784726],[-108.215081,36.784723],[-108.215074,36.784903],[-108.21485,36.784898],[-108.214844,36.785078],[-108.214732,36.785075],[-108.214725,36.785256],[-108.214613,36.785253],[-108.21461,36.785343],[-108.214498,36.78534],[-108.214495,36.785431],[-108.214383,36.785428],[-108.214379,36.785518],[-108.214155,36.785513],[-108.214139,36.785963],[-108.213691,36.785953],[-108.213688,36.786043],[-108.213576,36.78604],[-108.213573,36.78613],[-108.213461,36.786128],[-108.213464,36.786037],[-108.213352,36.786035],[-108.213355,36.785945],[-108.213243,36.785942],[-108.21324,36.786032],[-108.213128,36.78603],[-108.213125,36.78612],[-108.213237,36.786122],[-108.213233,36.786212],[-108.213009,36.786207],[-108.213016,36.786027],[-108.212904,36.786024],[-108.212897,36.786205],[-108.212785,36.786202],[-108.212779,36.786382],[-108.212891,36.786385],[-108.212894,36.786295],[-108.213006,36.786297],[-108.213003,36.786387],[-108.213115,36.78639],[-108.213111,36.78648],[-108.212999,36.786477],[-108.212996,36.786567],[-108.212884,36.786565],[-108.212881,36.786655],[-108.212769,36.786652],[-108.212772,36.786562],[-108.21266,36.78656],[-108.212654,36.78674],[-108.21243,36.786735],[-108.212426,36.786825],[-108.212314,36.786822],[-108.212308,36.787002],[-108.212084,36.786997],[-108.212077,36.787177],[-108.211965,36.787174],[-108.211949,36.787625],[-108.212061,36.787627],[-108.212045,36.788078],[-108.211933,36.788075],[-108.211923,36.788346],[-108.211811,36.788343],[-108.211804,36.788523],[-108.211692,36.78852],[-108.211686,36.788701],[-108.211574,36.788698],[-108.211567,36.788878],[-108.211455,36.788876],[-108.211449,36.789056],[-108.211337,36.789053],[-108.21133,36.789233],[-108.211106,36.789228],[-108.211103,36.789318],[-108.210991,36.789315],[-108.210988,36.789406],[-108.2111,36.789408],[-108.211096,36.789498],[-108.210872,36.789493],[-108.210869,36.789583],[-108.210757,36.78958],[-108.210754,36.78967],[-108.210642,36.789668],[-108.210632,36.789938],[-108.21052,36.789935],[-108.210513,36.790116],[-108.210625,36.790118],[-108.210619,36.790298],[-108.210507,36.790296],[-108.210504,36.790386],[-108.210392,36.790383],[-108.210388,36.790473],[-108.213861,36.790555]],[[-108.214111,36.789839],[-108.213999,36.789837],[-108.214018,36.789296],[-108.214354,36.789304],[-108.214351,36.789394],[-108.214239,36.789392],[-108.214232,36.789572],[-108.21412,36.789569],[-108.214111,36.789839]],[[-108.214572,36.78949],[-108.214348,36.789484],[-108.214351,36.789394],[-108.214575,36.789399],[-108.214572,36.78949]],[[-108.215965,36.78817],[-108.215853,36.788167],[-108.215856,36.788077],[-108.215968,36.78808],[-108.215965,36.78817]],[[-108.218856,36.785713],[-108.218744,36.78571],[-108.218754,36.78544],[-108.218978,36.785445],[-108.218975,36.785535],[-108.219199,36.785541],[-108.219195,36.785631],[-108.218859,36.785623],[-108.218856,36.785713]],[[-108.218428,36.785162],[-108.218204,36.785157],[-108.218207,36.785067],[-108.218095,36.785064],[-108.218098,36.784974],[-108.217986,36.784971],[-108.217989,36.784881],[-108.218213,36.784886],[-108.218223,36.784616],[-108.218111,36.784614],[-108.218114,36.784524],[-108.218226,36.784526],[-108.21823,36.784436],[-108.218342,36.784439],[-108.218345,36.784349],[-108.218457,36.784351],[-108.218447,36.784621],[-108.218671,36.784627],[-108.218668,36.784717],[-108.218556,36.784714],[-108.218553,36.784804],[-108.218441,36.784802],[-108.218437,36.784892],[-108.218549,36.784894],[-108.218546,36.784984],[-108.218434,36.784982],[-108.218428,36.785162]],[[-108.217308,36.785136],[-108.216972,36.785128],[-108.216978,36.784948],[-108.216866,36.784945],[-108.216876,36.784675],[-108.217212,36.784683],[-108.217205,36.784863],[-108.217317,36.784866],[-108.217314,36.784956],[-108.217426,36.784958],[-108.217423,36.785048],[-108.217311,36.785046],[-108.217308,36.785136]],[[-108.215367,36.783017],[-108.215255,36.783014],[-108.215258,36.782924],[-108.21537,36.782927],[-108.215367,36.783017]],[[-108.219105,36.781932],[-108.218881,36.781927],[-108.218884,36.781837],[-108.219108,36.781842],[-108.219105,36.781932]],[[-108.218433,36.781916],[-108.218321,36.781914],[-108.218324,36.781824],[-108.218436,36.781826],[-108.218433,36.781916]],[[-108.228223,36.777727],[-108.228111,36.777725],[-108.228115,36.777634],[-108.228227,36.777637],[-108.228223,36.777727]],[[-108.224086,36.77745],[-108.22375,36.777442],[-108.22376,36.777172],[-108.223872,36.777175],[-108.223869,36.777265],[-108.223981,36.777267],[-108.223987,36.777087],[-108.224099,36.77709],[-108.224103,36.777],[-108.224327,36.777005],[-108.224323,36.777095],[-108.224211,36.777093],[-108.224205,36.777273],[-108.224093,36.77727],[-108.224086,36.77745]],[[-108.226221,36.77732],[-108.226109,36.777317],[-108.226118,36.777047],[-108.22623,36.777049],[-108.226237,36.776869],[-108.226349,36.776872],[-108.226352,36.776782],[-108.226464,36.776784],[-108.226471,36.776604],[-108.226583,36.776607],[-108.226586,36.776517],[-108.226698,36.776519],[-108.226701,36.776429],[-108.226813,36.776432],[-108.22682,36.776252],[-108.226932,36.776254],[-108.226935,36.776164],[-108.227159,36.77617],[-108.227162,36.776079],[-108.227274,36.776082],[-108.227277,36.775992],[-108.227389,36.775995],[-108.227383,36.776175],[-108.227271,36.776172],[-108.227267,36.776262],[-108.227155,36.77626],[-108.227152,36.77635],[-108.22704,36.776347],[-108.227037,36.776437],[-108.226925,36.776435],[-108.226922,36.776525],[-108.22681,36.776522],[-108.226807,36.776612],[-108.226695,36.77661],[-108.226685,36.77688],[-108.226573,36.776877],[-108.22657,36.776967],[-108.226346,36.776962],[-108.226336,36.777232],[-108.226224,36.77723],[-108.226221,36.77732]],[[-108.225549,36.777304],[-108.225213,36.777296],[-108.225216,36.777206],[-108.225328,36.777209],[-108.225334,36.777029],[-108.225446,36.777031],[-108.22545,36.776941],[-108.225674,36.776946],[-108.22567,36.777036],[-108.225782,36.777039],[-108.225779,36.777129],[-108.225667,36.777127],[-108.225664,36.777217],[-108.225552,36.777214],[-108.225549,36.777304]],[[-108.227162,36.776079],[-108.22705,36.776077],[-108.227056,36.775897],[-108.227168,36.775899],[-108.227162,36.776079]],[[-108.227392,36.775905],[-108.227168,36.775899],[-108.227178,36.775629],[-108.227402,36.775634],[-108.227405,36.775544],[-108.227517,36.775547],[-108.227521,36.775457],[-108.227633,36.775459],[-108.227629,36.775549],[-108.227741,36.775552],[-108.227735,36.775732],[-108.227623,36.77573],[-108.22762,36.77582],[-108.227396,36.775814],[-108.227392,36.775905]],[[-108.225153,36.775852],[-108.224929,36.775847],[-108.224935,36.775667],[-108.225159,36.775672],[-108.225166,36.775492],[-108.225278,36.775495],[-108.225284,36.775314],[-108.225396,36.775317],[-108.225393,36.775407],[-108.225617,36.775412],[-108.225614,36.775502],[-108.225502,36.7755],[-108.225498,36.77559],[-108.225386,36.775587],[-108.22538,36.775767],[-108.225156,36.775762],[-108.225153,36.775852]],[[-108.226951,36.775714],[-108.226839,36.775711],[-108.226849,36.775441],[-108.226737,36.775438],[-108.22674,36.775348],[-108.226964,36.775354],[-108.226967,36.775263],[-108.227079,36.775266],[-108.227082,36.775176],[-108.227306,36.775181],[-108.22731,36.775091],[-108.227422,36.775094],[-108.227428,36.774914],[-108.227316,36.774911],[-108.227323,36.774731],[-108.227435,36.774733],[-108.227438,36.774643],[-108.227774,36.774651],[-108.227758,36.775102],[-108.22787,36.775104],[-108.227866,36.775194],[-108.227754,36.775192],[-108.227751,36.775282],[-108.227527,36.775277],[-108.227524,36.775367],[-108.227412,36.775364],[-108.227409,36.775454],[-108.227297,36.775451],[-108.227293,36.775542],[-108.227181,36.775539],[-108.227178,36.775629],[-108.226954,36.775624],[-108.226951,36.775714]],[[-108.227082,36.775176],[-108.22697,36.775173],[-108.22698,36.774903],[-108.227092,36.774906],[-108.227082,36.775176]],[[-108.227886,36.774654],[-108.227774,36.774651],[-108.227777,36.774561],[-108.227889,36.774564],[-108.227886,36.774654]],[[-108.228201,36.772137],[-108.227977,36.772131],[-108.227986,36.771861],[-108.22821,36.771866],[-108.228201,36.772137]],[[-108.23163,36.767167],[-108.231518,36.767165],[-108.231521,36.767075],[-108.231633,36.767077],[-108.23163,36.767167]],[[-108.233783,36.766496],[-108.232775,36.766473],[-108.232782,36.766293],[-108.233566,36.766311],[-108.233562,36.766401],[-108.233674,36.766404],[-108.233678,36.766314],[-108.233789,36.766316],[-108.233783,36.766496]],[[-108.234711,36.765616],[-108.234599,36.765614],[-108.234602,36.765524],[-108.234714,36.765526],[-108.234711,36.765616]],[[-108.236543,36.761421],[-108.236431,36.761419],[-108.236434,36.761329],[-108.236546,36.761331],[-108.236543,36.761421]],[[-108.236882,36.761339],[-108.23677,36.761336],[-108.236773,36.761246],[-108.236885,36.761249],[-108.236882,36.761339]],[[-108.240158,36.760604],[-108.240046,36.760601],[-108.240049,36.760511],[-108.240161,36.760514],[-108.240158,36.760604]],[[-108.238454,36.75813],[-108.238342,36.758127],[-108.238345,36.758037],[-108.238233,36.758034],[-108.238236,36.757944],[-108.23846,36.75795],[-108.238454,36.75813]]]}},{"type":"Feature","properties":{"class":"extent","min_prob":0.5},"geometry":{"type":"Polygon","coordinates":[[[-108.214972,36.756771],[-108.214975,36.75668],[-108.215199,36.756686],[-108.215202,36.756596],[-108.214978,36.75659],[-108.214985,36.75641],[-108.214873,36.756408],[-108.214866,36.756588],[-108.214754,36.756585],[-108.214748,36.756765],[-108.214972,36.756771]]]}},{"type":"Feature","properties":{"class":"extent","min_prob":0.5},"geometry":{"type":"Polygon","coordinates":[[[-108.222035,36.756665],[-108.222038,36.756575],[-108.221926,36.756573],[-108.221923,36.756663],[-108.222035,36.756665]]]}},{"type":"Feature","properties":{"class":"extent","min_prob":0.5},"geometry":{"type":"Polygon","coordinates":[[[-108.222479,36.756766],[-108.222489,36.756496],[-108.222377,36.756493],[-108.222371,36.756673],[-108.222147,36.756668],[-108.222143,36.756758],[-108.222479,36.756766]]]}},{"type":"Feature","properties":{"class":"extent","min_prob":0.5},"geometry":{"type":"Polygon","coordinates":[[[-108.235028,36.756788],[-108.235032,36.756698],[-108.23492,36.756695],[-108.234916,36.756785],[-108.235028,36.756788]]]}},{"type":"Feature","properties":{"class":"extent","min_prob":0.5},"geometry":{"type":"Polygon","coordinates":[[[-108.217563,36.75638],[-108.217566,36.75629],[-108.217342,36.756285],[-108.217339,36.756375],[-108.217563,36.75638]]]}},{"type":"Feature","properties":{"class":"extent","min_prob":0.5},"geometry":{"type":"Polygon","coordinates":[[[-108.22215,36.756578],[-108.222153,36.756488],[-108.222265,36.75649],[-108.222268,36.7564],[-108.222156,36.756398],[-108.22216,36.756308],[-108.222048,36.756305],[-108.222038,36.756575],[-108.22215,36.756578]]]}},{"type":"Feature","properties":{"class":"extent","min_prob":0.5},"geometry":{"type":"Polygon","coordinates":[[[-108.218459,36.756401],[-108.218462,36.756311],[-108.21835,36.756309],[-108.218353,36.756219],[-108.218241,36.756216],[-108.218235,36.756396],[-108.218459,36.756401]]]}},{"type":"Feature","properties":{"class":"extent","min_prob":0.5},"geometry":{"type":"Polygon","coordinates":[[[-108.217902,36.756298],[-108.217909,36.756118],[-108.217797,36.756115],[-108.21779,36.756296],[-108.217902,36.756298]]]}},{"type":"Feature","properties":{"class":"extent","min_prob":0.5},"geometry":{"type":"Polygon","coordinates":[[[-108.239625,36.756714],[-108.239628,36.756624],[-108.239404,36.756619],[-108.239401,36.756709],[-108.239625,36.756714]]]}},{"type":"Feature","properties":{"class":"extent","min_prob":0.5},"geometry":{"type":"Polygon","coordinates":[[[-108.218021,36.756121],[-108.218024,36.756031],[-108.218136,36.756033],[-108.218139,36.755943],[-108.217915,36.755938],[-108.217909,36.756118],[-108.218021,36.756121]]]}},{"type":"Feature","properties":{"class":"extent","min_prob":0.5},"geometry":{"type":"Polygon","coordinates":[[[-108.23952,36.756532],[-108.239526,36.756351],[-108.239414,36.756349],[-108.239408,36.756529],[-108.23952,36.756532]]]}},{"type":"Feature","properties":{"class":"extent","min_prob":0.5},"geometry":{"type":"Polygon","coordinates":[[[-108.218254,36.755856],[-108.218258,36.755766],[-108.218146,36.755763],[-108.218142,36.755853],[-108.218254,36.755856]]]}},{"type":"Feature","properties":{"class":"extent","min_prob":0.5},"geometry":{"type":"Polygon","coordinates":[[[-108.238845,36.756606],[-108.238851,36.756426],[-108.238963,36.756428],[-108.238966,36.756338],[-108.239078,36.756341],[-108.239085,36.756161],[-108.238749,36.756153],[-108.238742,36.756333],[-108.23863,36.756331],[-108.238627,36.756421],[-108.238739,36.756423],[-108.238736,36.756513],[-108.238624,36.756511],[-108.238621,36.756601],[-108.238845,36.756606]],[[-108.238966,36.756338],[-108.238854,36.756336],[-108.238858,36.756246],[-108.238969,36.756248],[-108.238966,36.756338]]]}},{"type":"Feature","properties":{"class":"extent","min_prob":0.5},"geometry":{"type":"Polygon","coordinates":[[[-108.239529,36.756261],[-108.239533,36.756171],[-108.239421,36.756169],[-108.239417,36.756259],[-108.239529,36.756261]]]}},{"type":"Feature","properties":{"class":"extent","min_prob":0.5},"geometry":{"type":"Polygon","coordinates":[[[-108.215205,36.756506],[-108.215209,36.756415],[-108.215321,36.756418],[-108.215327,36.756238],[-108.215215,36.756235],[-108.215218,36.756145],[-108.215442,36.75615],[-108.215446,36.75606],[-108.215558,36.756063],[-108.215561,36.755973],[-108.215673,36.755975],[-108.215676,36.755885],[-108.215788,36.755888],[-108.215798,36.755618],[-108.215574,36.755613],[-108.215577,36.755522],[-108.215353,36.755517],[-108.21535,36.755607],[-108.215238,36.755605],[-108.215222,36.756055],[-108.21511,36.756052],[-108.215103,36.756233],[-108.214991,36.75623],[-108.214985,36.75641],[-108.215097,36.756413],[-108.215093,36.756503],[-108.215205,36.756506]]]}},{"type":"Feature","properties":{"class":"extent","min_prob":0.5},"geometry":{"type":"Polygon","coordinates":[[[-108.238515,36.756418],[-108.238522,36.756238],[-108.238634,36.75624],[-108.238637,36.75615],[-108.238525,36.756148],[-108.238528,36.756058],[-108.238416,36.756055],[-108.238403,36.756415],[-108.238515,36.756418]]]}},{"type":"Feature","properties":{"class":"extent","min_prob":0.5},"geometry":{"type":"Polygon","coordinates":[[[-108.217915,36.755938],[-108.217922,36.755758],[-108.218146,36.755763],[-108.218149,36.755673],[-108.218261,36.755675],[-108.218264,36.755585],[-108.218152,36.755583],[-108.218155,36.755493],[-108.218043,36.75549],[-108.218037,36.75567],[-108.217701,36.755662],[-108.217698,36.755752],[-108.21781,36.755755],[-108.217803,36.755935],[-108.217915,36.755938]]]}},{"type":"Feature","properties":{"class":"extent","min_prob":0.5},"geometry":{"type":"Polygon","coordinates":[[[-108.238864,36.756066],[-108.238867,36.755975],[-108.238755,36.755973],[-108.238752,36.756063],[-108.238864,36.756066]]]}},{"type":"Feature","properties":{"class":"extent","min_prob":0.5},"geometry":{"type":"Polygon","coordinates":[[[-108.218936,36.755601],[-108.218939,36.755511],[-108.218827,36.755508],[-108.218824,36.755598],[-108.218936,36.755601]]]}},{"type":"Feature","properties":{"class":"extent","min_prob":0.5},"geometry":{"type":"Polygon","coordinates":[[[-108.217145,36.755559],[-108.217148,36.755469],[-108.217036,36.755466],[-108.217033,36.755557],[-108.217145,36.755559]]]}},{"type":"Feature","properties":{"class":"extent","min_prob":0.5},"geometry":{"type":"Polygon","coordinates":[[[-108.217701,36.755662],[-108.217711,36.755392],[-108.217487,36.755387],[-108.217484,36.755477],[-108.217596,36.75548],[-108.217589,36.75566],[-108.217701,36.755662]]]}},{"type":"Feature","properties":{"class":"extent","min_prob":0.5},"geometry":{"type":"Polygon","coordinates":[[[-108.218715,36.755506],[-108.218718,36.755416],[-108.218606,36.755413],[-108.218603,36.755503],[-108.218715,36.755506]]]}},{"type":"Feature","properties":{"class":"extent","min_prob":0.5},"geometry":{"type":"Polygon","coordinates":[[[-108.239315,36.755986],[-108.239322,36.755806],[-108.23921,36.755803],[-108.239206,36.755893],[-108.239094,36.755891],[-108.239091,36.755981],[-108.239315,36.755986]]]}},{"type":"Feature","properties":{"class":"extent","min_prob":0.5},"geometry":{"type":"Polygon","coordinates":[[[-108.222601,36.756498],[-108.222611,36.756228],[-108.222723,36.756231],[-108.222733,36.75596],[-108.222844,36.755963],[-108.222848,36.755873],[-108.222736,36.75587],[-108.222739,36.75578],[-108.222851,36.755783],[-108.222861,36.755512],[-108.222749,36.75551],[-108.222755,36.75533],[-108.222643,36.755327],[-108.222637,36.755507],[-108.222525,36.755505],[-108.222518,36.755685],[-108.22263,36.755687],[-108.222617,36.756048],[-108.222505,36.756045],[-108.222502,36.756135],[-108.22239,36.756133],[-108.222387,36.756223],[-108.222499,36.756225],[-108.222496,36.756315],[-108.222272,36.75631],[-108.222268,36.7564],[-108.222492,36.756405],[-108.222489,36.756496],[-108.222601,36.756498]]]}},{"type":"Feature","properties":{"class":"extent","min_prob":0.5},"geometry":{"type":"Polygon","coordinates":[[[-108.239545,36.755811],[-108.239549,36.755721],[-108.239437,36.755718],[-108.239433,36.755808],[-108.239545,36.755811]]]}},{"type":"Feature","properties":{"class":"extent","min_prob":0.5},"geometry":{"type":"Polygon","coordinates":[[[-108.239098,36.7558],[-108.239101,36.75571],[-108.238989,36.755708],[-108.238986,36.755798],[-108.239098,36.7558]]]}},{"type":"Feature","properties":{"class":"extent","min_prob":0.5},"geometry":{"type":"Polygon","coordinates":[[[-108.217714,36.755302],[-108.217717,36.755212],[-108.217605,36.755209],[-108.217602,36.755299],[-108.217714,36.755302]]]}},{"type":"Feature","properties":{"class":"extent","min_prob":0.5},"geometry":{"type":"Polygon","coordinates":[[[-108.239661,36.755723],[-108.239664,36.755633],[-108.239552,36.755631],[-108.239549,36.755721],[-108.239661,36.755723]]]}},{"type":"Feature","properties":{"class":"extent","min_prob":0.5},"geometry":{"type":"Polygon","coordinates":[[[-108.217829,36.755215],[-108.217833,36.755124],[-108.217721,36.755122],[-108.217717,36.755212],[-108.217829,36.755215]]]}},{"type":"Feature","properties":{"class":"extent","min_prob":0.5},"geometry":{"type":"Polygon","coordinates":[[[-108.214588,36.761179],[-108.214595,36.760999],[-108.214707,36.761002],[-108.214713,36.760822],[-108.214825,36.760824],[-108.214828,36.760734],[-108.214716,36.760732],[-108.214739,36.760101],[-108.214851,36.760104],[-108.214858,36.759923],[-108.215306,36.759934],[-108.215299,36.760114],[-108.215187,36.760112],[-108.215184,36.760202],[-108.215072,36.760199],[-108.215059,36.760559],[-108.215171,36.760562],[-108.215167,36.760652],[-108.215391,36.760657],[-108.215388,36.760747],[-108.2155,36.76075],[-108.215503,36.76066],[-108.215615,36.760663],[-108.215622,36.760482],[-108.215734,36.760485],[-108.215737,36.760395],[-108.215625,36.760392],[-108.215635,36.760122],[-108.215523,36.760119],[-108.215526,36.760029],[-108.215414,36.760027],[-108.215417,36.759937],[-108.215529,36.759939],[-108.215542,36.759579],[-108.215654,36.759581],[-108.215658,36.759491],[-108.21577,36.759494],[-108.215773,36.759404],[-108.215885,36.759407],[-108.215891,36.759226],[-108.216115,36.759232],[-108.216132,36.758781],[-108.21602,36.758779],[-108.216026,36.758598],[-108.216138,36.758601],[-108.216151,36.758241],[-108.216263,36.758243],[-108.21627,36.758063],[-108.216382,36.758066],[-108.216391,36.757796],[-108.216503,36.757798],[-108.21651,36.757618],[-108.216734,36.757623],[-108.216737,36.757533],[-108.216849,36.757536],[-108.216852,36.757446],[-108.217188,36.757454],[-108.217185,36.757544],[-108.217073,36.757541],[-108.21707,36.757631],[-108.217294,36.757636],[-108.21729,36.757726],[-108.217514,36.757732],[-108.217517,36.757642],[-108.217629,36.757644],[-108.217633,36.757554],[-108.217745,36.757557],[-108.217748,36.757467],[-108.21786,36.757469],[-108.217863,36.757379],[-108.217751,36.757377],[-108.217754,36.757286],[-108.217866,36.757289],[-108.21787,36.757199],[-108.218094,36.757204],[-108.218087,36.757384],[-108.218311,36.75739],[-108.218321,36.757119],[-108.218545,36.757125],[-108.218548,36.757035],[-108.21866,36.757037],[-108.218663,36.756947],[-108.218887,36.756952],[-108.218884,36.757042],[-108.218996,36.757045],[-108.218999,36.756955],[-108.219111,36.756958],[-108.219117,36.756777],[-108.219229,36.75678],[-108.219233,36.75669],[-108.219345,36.756693],[-108.219351,36.756512],[-108.219463,36.756515],[-108.219466,36.756425],[-108.219578,36.756428],[-108.219581,36.756337],[-108.219693,36.75634],[-108.219697,36.75625],[-108.219921,36.756255],[-108.219924,36.756165],[-108.220036,36.756168],[-108.220039,36.756078],[-108.220151,36.75608],[-108.220177,36.75536],[-108.220289,36.755362],[-108.220296,36.755182],[-108.220407,36.755185],[-108.220411,36.755095],[-108.220075,36.755087],[-108.220078,36.754997],[-108.219182,36.754976],[-108.219176,36.755156],[-108.219064,36.755153],[-108.219058,36.755333],[-108.219169,36.755336],[-108.219166,36.755426],[-108.219278,36.755429],[-108.219272,36.755609],[-108.21916,36.755606],[-108.219147,36.755967],[-108.219035,36.755964],[-108.219031,36.756054],[-108.21892,36.756051],[-108.218916,36.756142],[-108.219028,36.756144],[-108.219025,36.756234],[-108.218913,36.756232],[-108.21891,36.756322],[-108.218798,36.756319],[-108.218795,36.756409],[-108.218683,36.756407],[-108.218679,36.756497],[-108.218567,36.756494],[-108.218564,36.756584],[-108.21834,36.756579],[-108.218337,36.756669],[-108.218225,36.756666],[-108.218222,36.756756],[-108.21811,36.756754],[-108.218107,36.756844],[-108.217995,36.756841],[-108.217991,36.756931],[-108.217432,36.756918],[-108.217428,36.757008],[-108.217092,36.757],[-108.217089,36.757091],[-108.216977,36.757088],[-108.21698,36.756998],[-108.216868,36.756995],[-108.216862,36.757175],[-108.21675,36.757173],[-108.216747,36.757263],[-108.216523,36.757258],[-108.21652,36.757348],[-108.216408,36.757345],[-108.216404,36.757435],[-108.216292,36.757433],[-108.216289,36.757523],[-108.216065,36.757517],[-108.216062,36.757607],[-108.215838,36.757602],[-108.215832,36.757782],[-108.215608,36.757777],[-108.215601,36.757957],[-108.215489,36.757955],[-108.215492,36.757865],[-108.215157,36.757857],[-108.215153,36.757947],[-108.215265,36.757949],[-108.215262,36.75804],[-108.21515,36.758037],[-108.215147,36.758127],[-108.215035,36.758124],[-108.215022,36.758485],[-108.215134,36.758487],[-108.21513,36.758577],[-108.214907,36.758572],[-108.214903,36.758662],[-108.214791,36.75866],[-108.214798,36.75848],[-108.21491,36.758482],[-108.21492,36.758212],[-108.214808,36.758209],[-108.214811,36.758119],[-108.214699,36.758117],[-108.214683,36.758567],[-108.214571,36.758564],[-108.214574,36.758474],[-108.214462,36.758472],[-108.214452,36.758742],[-108.214228,36.758737],[-108.214222,36.758917],[-108.213886,36.758909],[-108.213883,36.758999],[-108.213659,36.758994],[-108.213655,36.759084],[-108.213432,36.759079],[-108.213428,36.759169],[-108.213316,36.759166],[-108.21331,36.759346],[-108.213086,36.759341],[-108.213083,36.759431],[-108.212971,36.759428],[-108.212974,36.759338],[-108.212862,36.759336],[-108.212855,36.759516],[-108.212743,36.759513],[-108.212747,36.759423],[-108.212635,36.759421],[-108.212632,36.759511],[-108.21252,36.759508],[-108.212516,36.759598],[-108.212628,36.759601],[-108.212625,36.759691],[-108.212289,36.759683],[-108.212286,36.759773],[-108.21195,36.759765],[-108.211947,36.759855],[-108.211835,36.759853],[-108.211828,36.760033],[-108.211716,36.76003],[-108.21171,36.76021],[-108.211822,36.760213],[-108.211815,36.760393],[-108.211927,36.760396],[-108.211937,36.760126],[-108.212273,36.760133],[-108.212276,36.760043],[-108.2125,36.760049],[-108.212503,36.759958],[-108.212615,36.759961],[-108.212609,36.760141],[-108.212721,36.760144],[-108.21273,36.759874],[-108.212842,36.759876],[-108.212836,36.760056],[-108.212948,36.760059],[-108.212951,36.759969],[-108.213175,36.759974],[-108.213172,36.760064],[-108.21306,36.760062],[-108.213053,36.760242],[-108.213165,36.760244],[-108.213162,36.760335],[-108.213386,36.76034],[-108.213383,36.76043],[-108.213495,36.760433],[-108.213504,36.760162],[-108.213952,36.760173],[-108.213955,36.760083],[-108.213844,36.76008],[-108.21385,36.7599],[-108.214074,36.759905],[-108.214077,36.759815],[-108.213965,36.759812],[-108.213969,36.759722],[-108.21408,36.759725],[-108.214087,36.759545],[-108.214199,36.759547],[-108.214205,36.759367],[-108.214317,36.75937],[-108.214324,36.75919],[-108.214436,36.759192],[-108.214439,36.759102],[-108.214551,36.759105],[-108.214554,36.759015],[-108.214778,36.75902],[-108.214775,36.75911],[-108.214887,36.759113],[-108.214884,36.759203],[-108.214772,36.7592],[-108.214769,36.75929],[-108.214657,36.759288],[-108.214653,36.759378],[-108.214877,36.759383],[-108.214874,36.759473],[-108.214762,36.75947],[-108.214755,36.759651],[-108.214867,36.759653],[-108.214864,36.759743],[-108.214752,36.759741],[-108.214749,36.759831],[-108.214637,36.759828],[-108.214634,36.759918],[-108.214522,36.759916],[-108.214512,36.760186],[-108.214624,36.760188],[-108.214621,36.760279],[-108.214509,36.760276],[-108.214502,36.760456],[-108.21439,36.760453],[-108.214384,36.760634],[-108.214272,36.760631],[-108.214269,36.760721],[-108.214157,36.760719],[-108.214147,36.760989],[-108.213923,36.760984],[-108.21392,36.761074],[-108.214032,36.761076],[-108.214028,36.761166],[-108.214252,36.761172],[-108.214255,36.761081],[-108.214367,36.761084],[-108.214364,36.761174],[-108.214588,36.761179]],[[-108.215283,36.760565],[-108.215171,36.760562],[-108.215177,36.760382],[-108.215289,36.760384],[-108.215283,36.760565]],[[-108.215408,36.760207],[-108.215296,36.760204],[-108.215299,36.760114],[-108.215411,36.760117],[-108.215408,36.760207]],[[-108.214739,36.760101],[-108.214627,36.760098],[-108.21463,36.760008],[-108.214742,36.760011],[-108.214739,36.760101]],[[-108.213409,36.759709],[-108.213297,36.759707],[-108.2133,36.759616],[-108.213412,36.759619],[-108.213409,36.759709]],[[-108.213972,36.759632],[-108.21386,36.75963],[-108.213863,36.75954],[-108.213975,36.759542],[-108.213972,36.759632]],[[-108.214087,36.759545],[-108.213975,36.759542],[-108.213982,36.759362],[-108.214094,36.759365],[-108.214087,36.759545]],[[-108.213982,36.759362],[-108.21387,36.759359],[-108.213873,36.759269],[-108.213985,36.759272],[-108.213982,36.759362]],[[-108.215002,36.759025],[-108.21489,36.759023],[-108.214897,36.758842],[-108.214785,36.75884],[-108.214788,36.75875],[-108.215012,36.758755],[-108.215002,36.759025]],[[-108.214673,36.758837],[-108.214561,36.758835],[-108.214564,36.758745],[-108.214676,36.758747],[-108.214673,36.758837]],[[-108.215364,36.758312],[-108.21514,36.758307],[-108.215144,36.758217],[-108.215367,36.758222],[-108.215364,36.758312]]]}},{"type":"Feature","properties":{"class":"extent","min_prob":0.5},"geometry":{"type":"Polygon","coordinates":[[[-108.239555,36.755541],[-108.239562,36.75536],[-108.239338,36.755355],[-108.239334,36.755445],[-108.239446,36.755448],[-108.239443,36.755538],[-108.239555,36.755541]]]}},{"type":"Feature","properties":{"class":"extent","min_prob":0.5},"geometry":{"type":"Polygon","coordinates":[[[-108.240112,36.755644],[-108.240118,36.755463],[-108.24023,36.755466],[-108.240243,36.755106],[-108.240019,36.755101],[-108.240013,36.755281],[-108.239901,36.755278],[-108.239894,36.755458],[-108.239782,36.755456],[-108.239776,36.755636],[-108.239888,36.755638],[-108.239891,36.755548],[-108.240003,36.755551],[-108.24,36.755641],[-108.240112,36.755644]]]}},{"type":"Feature","properties":{"class":"extent","min_prob":0.5},"geometry":{"type":"Polygon","coordinates":[[[-108.239782,36.755456],[-108.239795,36.755095],[-108.239683,36.755093],[-108.23968,36.755183],[-108.239456,36.755178],[-108.239453,36.755268],[-108.239677,36.755273],[-108.23967,36.755453],[-108.239782,36.755456]]]}},{"type":"Feature","properties":{"class":"extent","min_prob":0.5},"geometry":{"type":"Polygon","coordinates":[[[-108.236545,36.75511],[-108.236548,36.75502],[-108.236437,36.755017],[-108.236433,36.755107],[-108.236545,36.75511]]]}},{"type":"Feature","properties":{"class":"extent","min_prob":0.5},"geometry":{"type":"Polygon","coordinates":[[[-108.239571,36.75509],[-108.239575,36.755],[-108.239463,36.754997],[-108.239459,36.755088],[-108.239571,36.75509]]]}},{"type":"Feature","properties":{"class":"extent","min_prob":0.5},"geometry":{"type":"Polygon","coordinates":[[[-108.23755,36.755224],[-108.237556,36.755043],[-108.23778,36.755049],[-108.237783,36.754958],[-108.237671,36.754956],[-108.237674,36.754866],[-108.237563,36.754863],[-108.237559,36.754953],[-108.237447,36.754951],[-108.237444,36.755041],[-108.237332,36.755038],[-108.237326,36.755218],[-108.23755,36.755224]]]}},{"type":"Feature","properties":{"class":"extent","min_prob":0.5},"geometry":{"type":"Polygon","coordinates":[[[-108.236328,36.754925],[-108.236331,36.754835],[-108.236219,36.754832],[-108.236216,36.754922],[-108.236328,36.754925]]]}},{"type":"Feature","properties":{"class":"extent","min_prob":0.5},"geometry":{"type":"Polygon","coordinates":[[[-108.218303,36.754504],[-108.218306,36.754414],[-108.218194,36.754412],[-108.218191,36.754502],[-108.218303,36.754504]]]}},{"type":"Feature","properties":{"class":"extent","min_prob":0.5},"geometry":{"type":"Polygon","coordinates":[[[-108.239578,36.75491],[-108.239584,36.75473],[-108.239472,36.754727],[-108.239466,36.754907],[-108.239578,36.75491]]]}},{"type":"Feature","properties":{"class":"extent","min_prob":0.5},"geometry":{"type":"Polygon","coordinates":[[[-108.239805,36.754825],[-108.239808,36.754735],[-108.239696,36.754732],[-108.239693,36.754822],[-108.239805,36.754825]]]}},{"type":"Feature","properties":{"class":"extent","min_prob":0.5},"geometry":{"type":"Polygon","coordinates":[[[-108.23779,36.754778],[-108.237793,36.754688],[-108.237681,36.754686],[-108.237678,36.754776],[-108.23779,36.754778]]]}},{"type":"Feature","properties":{"class":"extent","min_prob":0.5},"geometry":{"type":"Polygon","coordinates":[[[-108.237905,36.754691],[-108.237908,36.754601],[-108.237796,36.754598],[-108.237793,36.754688],[-108.237905,36.754691]]]}},{"type":"Feature","properties":{"class":"extent","min_prob":0.5},"geometry":{"type":"Polygon","coordinates":[[[-108.236673,36.754662],[-108.236677,36.754572],[-108.236341,36.754564],[-108.236337,36.754654],[-108.236673,36.754662]]]}},{"type":"Feature","properties":{"class":"extent","min_prob":0.5},"geometry":{"type":"Polygon","coordinates":[[[-108.236792,36.754485],[-108.236795,36.754395],[-108.236683,36.754392],[-108.23668,36.754482],[-108.236792,36.754485]]]}},{"type":"Feature","properties":{"class":"extent","min_prob":0.5},"geometry":{"type":"Polygon","coordinates":[[[-108.239699,36.754642],[-108.239703,36.754552],[-108.239815,36.754555],[-108.239818,36.754465],[-108.23993,36.754467],[-108.239933,36.754377],[-108.240157,36.754382],[-108.240163,36.754202],[-108.240387,36.754207],[-108.240397,36.753937],[-108.240061,36.753929],[-108.240055,36.75411],[-108.239943,36.754107],[-108.239946,36.754017],[-108.239834,36.754014],[-108.239831,36.754104],[-108.239719,36.754102],[-108.239716,36.754192],[-108.239604,36.754189],[-108.23961,36.754009],[-108.239386,36.754004],[-108.239383,36.754094],[-108.239271,36.754091],[-108.239255,36.754542],[-108.239367,36.754544],[-108.239364,36.754635],[-108.239699,36.754642]],[[-108.239703,36.754552],[-108.239479,36.754547],[-108.239482,36.754457],[-108.239706,36.754462],[-108.239703,36.754552]]]}},{"type":"Feature","properties":{"class":"extent","min_prob":0.5},"geometry":{"type":"Polygon","coordinates":[[[-108.219458,36.75354],[-108.219465,36.753359],[-108.219241,36.753354],[-108.219238,36.753444],[-108.21935,36.753447],[-108.219346,36.753537],[-108.219458,36.75354]]]}},{"type":"Feature","properties":{"class":"extent","min_prob":0.5},"geometry":{"type":"Polygon","coordinates":[[[-108.240061,36.753929],[-108.240064,36.753839],[-108.239952,36.753837],[-108.239949,36.753927],[-108.240061,36.753929]]]}},{"type":"Feature","properties":{"class":"extent","min_prob":0.5},"geometry":{"type":"Polygon","coordinates":[[[-108.238494,36.753893],[-108.238497,36.753803],[-108.238385,36.7538],[-108.238382,36.75389],[-108.238494,36.753893]]]}},{"type":"Feature","properties":{"class":"extent","min_prob":0.5},"geometry":{"type":"Polygon","coordinates":[[[-108.238257,36.754248],[-108.23826,36.754158],[-108.238372,36.754161],[-108.238382,36.75389],[-108.23827,36.753888],[-108.238276,36.753708],[-108.238164,36.753705],[-108.238161,36.753795],[-108.238049,36.753793],[-108.238046,36.753883],[-108.238158,36.753885],[-108.238145,36.754246],[-108.238257,36.754248]]]}},{"type":"Feature","properties":{"class":"extent","min_prob":0.5},"geometry":{"type":"Polygon","coordinates":[[[-108.239834,36.754014],[-108.239844,36.753744],[-108.23962,36.753739],[-108.23961,36.754009],[-108.239834,36.754014]]]}},{"type":"Feature","properties":{"class":"extent","min_prob":0.5},"geometry":{"type":"Polygon","coordinates":[[[-108.240288,36.753845],[-108.240291,36.753754],[-108.240179,36.753752],[-108.240176,36.753842],[-108.240288,36.753845]]]}},{"type":"Feature","properties":{"class":"extent","min_prob":0.5},"geometry":{"type":"Polygon","coordinates":[[[-108.238049,36.753793],[-108.238052,36.753702],[-108.23794,36.7537],[-108.237937,36.75379],[-108.238049,36.753793]]]}},{"type":"Feature","properties":{"class":"extent","min_prob":0.5},"geometry":{"type":"Polygon","coordinates":[[[-108.240512,36.75385],[-108.240519,36.75367],[-108.240407,36.753667],[-108.2404,36.753847],[-108.240512,36.75385]]]}},{"type":"Feature","properties":{"class":"extent","min_prob":0.5},"geometry":{"type":"Polygon","coordinates":[[[-108.238164,36.753705],[-108.238168,36.753615],[-108.238056,36.753612],[-108.238052,36.753702],[-108.238164,36.753705]]]}},{"type":"Feature","properties":{"class":"extent","min_prob":0.5},"geometry":{"type":"Polygon","coordinates":[[[-108.237717,36.753695],[-108.23772,36.753605],[-108.237608,36.753602],[-108.237605,36.753692],[-108.237717,36.753695]]]}},{"type":"Feature","properties":{"class":"extent","min_prob":0.5},"geometry":{"type":"Polygon","coordinates":[[[-108.240407,36.753667],[-108.24041,36.753577],[-108.240298,36.753574],[-108.240295,36.753664],[-108.240407,36.753667]]]}},{"type":"Feature","properties":{"class":"extent","min_prob":0.5},"geometry":{"type":"Polygon","coordinates":[[[-108.219248,36.753174],[-108.219251,36.753084],[-108.219139,36.753081],[-108.219136,36.753171],[-108.219248,36.753174]]]}},{"type":"Feature","properties":{"class":"extent","min_prob":0.5},"geometry":{"type":"Polygon","coordinates":[[[-108.23637,36.753754],[-108.23638,36.753483],[-108.236268,36.753481],[-108.236274,36.7533],[-108.236162,36.753298],[-108.236152,36.753568],[-108.236264,36.753571],[-108.236258,36.753751],[-108.23637,36.753754]]]}},{"type":"Feature","properties":{"class":"extent","min_prob":0.5},"geometry":{"type":"Polygon","coordinates":[[[-108.218204,36.754141],[-108.218211,36.753961],[-108.218323,36.753964],[-108.218326,36.753874],[-108.218438,36.753876],[-108.218444,36.753696],[-108.218556,36.753699],[-108.218573,36.753248],[-108.218685,36.753251],[-108.218694,36.752981],[-108.218582,36.752978],[-108.218586,36.752888],[-108.218474,36.752885],[-108.218464,36.753156],[-108.218352,36.753153],[-108.218336,36.753603],[-108.218112,36.753598],[-108.218102,36.753868],[-108.21799,36.753866],[-108.21798,36.754136],[-108.218204,36.754141]]]}},{"type":"Feature","properties":{"class":"extent","min_prob":0.5},"geometry":{"type":"Polygon","coordinates":[[[-108.237384,36.753597],[-108.237387,36.753507],[-108.237499,36.753509],[-108.237506,36.753329],[-108.237394,36.753326],[-108.237397,36.753236],[-108.237285,36.753234],[-108.237278,36.753414],[-108.237166,36.753411],[-108.23717,36.753321],[-108.237058,36.753319],[-108.237051,36.753499],[-108.236939,36.753496],[-108.236936,36.753586],[-108.237384,36.753597]]]}},{"type":"Feature","properties":{"class":"extent","min_prob":0.5},"geometry":{"type":"Polygon","coordinates":[[[-108.238177,36.753345],[-108.23818,36.753255],[-108.238069,36.753252],[-108.238065,36.753342],[-108.238177,36.753345]]]}},{"type":"Feature","properties":{"class":"extent","min_prob":0.5},"geometry":{"type":"Polygon","coordinates":[[[-108.236501,36.753216],[-108.236504,36.753126],[-108.236392,36.753123],[-108.236389,36.753213],[-108.236501,36.753216]]]}},{"type":"Feature","properties":{"class":"extent","min_prob":0.5},"geometry":{"type":"Polygon","coordinates":[[[-108.236943,36.753406],[-108.236946,36.753316],[-108.237058,36.753319],[-108.237061,36.753229],[-108.236949,36.753226],[-108.236955,36.753046],[-108.236508,36.753035],[-108.236504,36.753126],[-108.23684,36.753133],[-108.236837,36.753223],[-108.236725,36.753221],[-108.236722,36.753311],[-108.236834,36.753313],[-108.236831,36.753404],[-108.236943,36.753406]]]}},{"type":"Feature","properties":{"class":"extent","min_prob":0.5},"geometry":{"type":"Polygon","coordinates":[[[-108.237288,36.753144],[-108.237291,36.753054],[-108.237179,36.753051],[-108.237176,36.753141],[-108.237288,36.753144]]]}},{"type":"Feature","properties":{"class":"extent","min_prob":0.5},"geometry":{"type":"Polygon","coordinates":[[[-108.21904,36.752718],[-108.219043,36.752628],[-108.218931,36.752626],[-108.218928,36.752716],[-108.21904,36.752718]]]}},{"type":"Feature","properties":{"class":"extent","min_prob":0.5},"geometry":{"type":"Polygon","coordinates":[[[-108.242994,36.753366],[-108.243004,36.753096],[-108.242892,36.753093],[-108.242889,36.753184],[-108.242777,36.753181],[-108.242783,36.753001],[-108.24256,36.752996],[-108.242556,36.753086],[-108.242444,36.753083],[-108.242441,36.753173],[-108.242329,36.753171],[-108.242323,36.753351],[-108.242994,36.753366]]]}},{"type":"Feature","properties":{"class":"extent","min_prob":0.5},"geometry":{"type":"Polygon","coordinates":[[[-108.241533,36.753513],[-108.241542,36.753242],[-108.241766,36.753248],[-108.241769,36.753158],[-108.242105,36.753165],[-108.242109,36.753075],[-108.24222,36.753078],[-108.242224,36.752988],[-108.24256,36.752996],[-108.242563,36.752906],[-108.242787,36.752911],[-108.242793,36.752731],[-108.242345,36.75272],[-108.242349,36.75263],[-108.242237,36.752627],[-108.242233,36.752718],[-108.242121,36.752715],[-108.242118,36.752805],[-108.242006,36.752802],[-108.242003,36.752893],[-108.241891,36.75289],[-108.241888,36.75298],[-108.241664,36.752975],[-108.241661,36.753065],[-108.241549,36.753062],[-108.241546,36.753152],[-108.241434,36.75315],[-108.24143,36.75324],[-108.241318,36.753237],[-108.241315,36.753327],[-108.241203,36.753325],[-108.2412,36.753415],[-108.241312,36.753417],[-108.241309,36.753508],[-108.241533,36.753513]]]}},{"type":"Feature","properties":{"class":"extent","min_prob":0.5},"geometry":{"type":"Polygon","coordinates":[[[-108.248727,36.752868],[-108.24873,36.752778],[-108.248394,36.75277],[-108.248391,36.75286],[-108.248727,36.752868]]]}},{"type":"Feature","properties":{"class":"extent","min_prob":0.5},"geometry":{"type":"Polygon","coordinates":[[[-108.239956,36.753747],[-108.239962,36.753566],[-108.240298,36.753574],[-108.240301,36.753484],[-108.240189,36.753482],[-108.240192,36.753391],[-108.239969,36.753386],[-108.239978,36.753116],[-108.24009,36.753119],[-108.240103,36.752758],[-108.240215,36.752761],[-108.240218,36.752671],[-108.240106,36.752668],[-108.240116,36.752398],[-108.240004,36.752395],[-108.240001,36.752485],[-108.239889,36.752483],[-108.239863,36.753204],[-108.239751,36.753201],[-108.239748,36.753291],[-108.23986,36.753294],[-108.239857,36.753384],[-108.239745,36.753381],[-108.239735,36.753651],[-108.239847,36.753654],[-108.239844,36.753744],[-108.239956,36.753747]]]}},{"type":"Feature","properties":{"class":"extent","min_prob":0.5},"geometry":{"type":"Polygon","coordinates":[[[-108.232958,36.752051],[-108.232961,36.751961],[-108.232849,36.751959],[-108.232846,36.752049],[-108.232958,36.752051]]]}},{"type":"Feature","properties":{"class":"extent","min_prob":0.5},"geometry":{"type":"Polygon","coordinates":[[[-108.239332,36.75238],[-108.239342,36.752109],[-108.23923,36.752107],[-108.239233,36.752017],[-108.239121,36.752014],[-108.239108,36.752375],[-108.239332,36.75238]]]}},{"type":"Feature","properties":{"class":"extent","min_prob":0.5},"geometry":{"type":"Polygon","coordinates":[[[-108.239006,36.752102],[-108.239009,36.752012],[-108.238785,36.752006],[-108.238782,36.752096],[-108.239006,36.752102]]]}},{"type":"Feature","properties":{"class":"extent","min_prob":0.5},"geometry":{"type":"Polygon","coordinates":[[[-108.240455,36.752316],[-108.240458,36.752226],[-108.240346,36.752223],[-108.24035,36.752133],[-108.240462,36.752135],[-108.240468,36.751955],[-108.240244,36.75195],[-108.240238,36.75213],[-108.240126,36.752128],[-108.240119,36.752308],[-108.240455,36.752316]]]}},{"type":"Feature","properties":{"class":"extent","min_prob":0.5},"geometry":{"type":"Polygon","coordinates":[[[-108.244943,36.752149],[-108.244946,36.752059],[-108.244834,36.752057],[-108.244831,36.752147],[-108.244943,36.752149]]]}},{"type":"Feature","properties":{"class":"extent","min_prob":0.5},"geometry":{"type":"Polygon","coordinates":[[[-108.220538,36.751581],[-108.220541,36.751491],[-108.220429,36.751489],[-108.220426,36.751579],[-108.220538,36.751581]]]}},{"type":"Feature","properties":{"class":"extent","min_prob":0.5},"geometry":{"type":"Polygon","coordinates":[[[-108.244722,36.752054],[-108.244725,36.751964],[-108.244613,36.751961],[-108.24461,36.752051],[-108.244722,36.752054]]]}},{"type":"Feature","properties":{"class":"extent","min_prob":0.5},"geometry":{"type":"Polygon","coordinates":[[[-108.23946,36.751932],[-108.239467,36.751752],[-108.239355,36.751749],[-108.239348,36.751929],[-108.23946,36.751932]]]}},{"type":"Feature","properties":{"class":"extent","min_prob":0.5},"geometry":{"type":"Polygon","coordinates":[[[-108.240695,36.75187],[-108.240698,36.75178],[-108.240586,36.751778],[-108.240583,36.751868],[-108.240695,36.75187]]]}},{"type":"Feature","properties":{"class":"extent","min_prob":0.5},"geometry":{"type":"Polygon","coordinates":[[[-108.218644,36.751266],[-108.218651,36.751086],[-108.218539,36.751084],[-108.218532,36.751264],[-108.218644,36.751266]]]}},{"type":"Feature","properties":{"class":"extent","min_prob":0.5},"geometry":{"type":"Polygon","coordinates":[[[-108.239582,36.751664],[-108.239585,36.751574],[-108.239473,36.751572],[-108.23947,36.751662],[-108.239582,36.751664]]]}},{"type":"Feature","properties":{"class":"extent","min_prob":0.5},"geometry":{"type":"Polygon","coordinates":[[[-108.239473,36.751572],[-108.239477,36.751481],[-108.239365,36.751479],[-108.239361,36.751569],[-108.239473,36.751572]]]}},{"type":"Feature","properties":{"class":"extent","min_prob":0.5},"geometry":{"type":"Polygon","coordinates":[[[-108.237679,36.75162],[-108.237682,36.75153],[-108.237794,36.751533],[-108.237797,36.751442],[-108.237573,36.751437],[-108.237567,36.751617],[-108.237679,36.75162]]]}},{"type":"Feature","properties":{"class":"extent","min_prob":0.5},"geometry":{"type":"Polygon","coordinates":[[[-108.239589,36.751484],[-108.239592,36.751394],[-108.23948,36.751391],[-108.239477,36.751481],[-108.239589,36.751484]]]}},{"type":"Feature","properties":{"class":"extent","min_prob":0.5},"geometry":{"type":"Polygon","coordinates":[[[-108.24004,36.751404],[-108.240043,36.751314],[-108.239931,36.751312],[-108.239928,36.751402],[-108.24004,36.751404]]]}},{"type":"Feature","properties":{"class":"extent","min_prob":0.5},"geometry":{"type":"Polygon","coordinates":[[[-108.237689,36.75135],[-108.237692,36.75126],[-108.23758,36.751257],[-108.237577,36.751347],[-108.237689,36.75135]]]}},{"type":"Feature","properties":{"class":"extent","min_prob":0.5},"geometry":{"type":"Polygon","coordinates":[[[-108.238252,36.751273],[-108.238258,36.751093],[-108.238146,36.75109],[-108.23814,36.75127],[-108.238252,36.751273]]]}},{"type":"Feature","properties":{"class":"extent","min_prob":0.5},"geometry":{"type":"Polygon","coordinates":[[[-108.237919,36.751175],[-108.237922,36.751085],[-108.23781,36.751082],[-108.237807,36.751172],[-108.237919,36.751175]]]}},{"type":"Feature","properties":{"class":"extent","min_prob":0.5},"geometry":{"type":"Polygon","coordinates":[[[-108.220007,36.750757],[-108.22001,36.750667],[-108.219898,36.750665],[-108.219895,36.750755],[-108.220007,36.750757]]]}},{"type":"Feature","properties":{"class":"extent","min_prob":0.5},"geometry":{"type":"Polygon","coordinates":[[[-108.239378,36.751119],[-108.239381,36.751028],[-108.239269,36.751026],[-108.239266,36.751116],[-108.239378,36.751119]]]}},{"type":"Feature","properties":{"class":"extent","min_prob":0.5},"geometry":{"type":"Polygon","coordinates":[[[-108.236467,36.751051],[-108.23647,36.750961],[-108.236358,36.750958],[-108.236355,36.751048],[-108.236467,36.751051]]]}},{"type":"Feature","properties":{"class":"extent","min_prob":0.5},"geometry":{"type":"Polygon","coordinates":[[[-108.220231,36.750763],[-108.220241,36.750492],[-108.220017,36.750487],[-108.22001,36.750667],[-108.220122,36.75067],[-108.220119,36.75076],[-108.220231,36.750763]]]}},{"type":"Feature","properties":{"class":"extent","min_prob":0.5},"geometry":{"type":"Polygon","coordinates":[[[-108.239157,36.751023],[-108.23916,36.750933],[-108.239048,36.750931],[-108.239045,36.751021],[-108.239157,36.751023]]]}},{"type":"Feature","properties":{"class":"extent","min_prob":0.5},"geometry":{"type":"Polygon","coordinates":[[[-108.236918,36.750971],[-108.236921,36.750881],[-108.236809,36.750879],[-108.236806,36.750969],[-108.236918,36.750971]]]}},{"type":"Feature","properties":{"class":"extent","min_prob":0.5},"geometry":{"type":"Polygon","coordinates":[[[-108.238824,36.750925],[-108.238827,36.750835],[-108.238716,36.750833],[-108.238712,36.750923],[-108.238824,36.750925]]]}},{"type":"Feature","properties":{"class":"extent","min_prob":0.5},"geometry":{"type":"Polygon","coordinates":[[[-108.220577,36.7505],[-108.22058,36.75041],[-108.220468,36.750408],[-108.220465,36.750498],[-108.220577,36.7505]]]}},{"type":"Feature","properties":{"class":"extent","min_prob":0.5},"geometry":{"type":"Polygon","coordinates":[[[-108.219688,36.750299],[-108.219691,36.750209],[-108.219579,36.750206],[-108.219576,36.750296],[-108.219688,36.750299]]]}},{"type":"Feature","properties":{"class":"extent","min_prob":0.5},"geometry":{"type":"Polygon","coordinates":[[[-108.238722,36.750653],[-108.238725,36.750562],[-108.238613,36.75056],[-108.23861,36.75065],[-108.238722,36.750653]]]}},{"type":"Feature","properties":{"class":"extent","min_prob":0.5},"geometry":{"type":"Polygon","coordinates":[[[-108.220362,36.750225],[-108.220366,36.750135],[-108.220254,36.750132],[-108.22025,36.750222],[-108.220362,36.750225]]]}},{"type":"Feature","properties":{"class":"extent","min_prob":0.5},"geometry":{"type":"Polygon","coordinates":[[[-108.224613,36.750414],[-108.224623,36.750144],[-108.224511,36.750141],[-108.224501,36.750412],[-108.224613,36.750414]]]}},{"type":"Feature","properties":{"class":"extent","min_prob":0.5},"geometry":{"type":"Polygon","coordinates":[[[-108.239621,36.750583],[-108.239624,36.750493],[-108.239512,36.750491],[-108.239509,36.750581],[-108.239621,36.750583]]]}},{"type":"Feature","properties":{"class":"extent","min_prob":0.5},"geometry":{"type":"Polygon","coordinates":[[[-108.267938,36.751418],[-108.267941,36.751327],[-108.268053,36.75133],[-108.26806,36.75115],[-108.267948,36.751147],[-108.267951,36.751057],[-108.267839,36.751055],[-108.267833,36.751235],[-108.267721,36.751232],[-108.267717,36.751322],[-108.267605,36.75132],[-108.267602,36.75141],[-108.267938,36.751418]]]}},{"type":"Feature","properties":{"class":"extent","min_prob":0.5},"geometry":{"type":"Polygon","coordinates":[[[-108.238949,36.750568],[-108.238952,36.750478],[-108.2394,36.750488],[-108.239407,36.750308],[-108.239295,36.750305],[-108.239291,36.750395],[-108.238844,36.750385],[-108.23884,36.750475],[-108.238728,36.750472],[-108.238725,36.750562],[-108.238949,36.750568]]]}},{"type":"Feature","properties":{"class":"extent","min_prob":0.5},"geometry":{"type":"Polygon","coordinates":[[[-108.219924,36.749944],[-108.219928,36.749854],[-108.219704,36.749849],[-108.219701,36.749939],[-108.219924,36.749944]]]}},{"type":"Feature","properties":{"class":"extent","min_prob":0.5},"geometry":{"type":"Polygon","coordinates":[[[-108.220583,36.75032],[-108.220593,36.75005],[-108.220481,36.750047],[-108.220484,36.749957],[-108.220372,36.749954],[-108.220379,36.749774],[-108.220267,36.749772],[-108.220257,36.750042],[-108.220369,36.750045],[-108.220366,36.750135],[-108.220478,36.750137],[-108.220471,36.750317],[-108.220583,36.75032]]]}},{"type":"Feature","properties":{"class":"extent","min_prob":0.5},"geometry":{"type":"Polygon","coordinates":[[[-108.223734,36.749943],[-108.223737,36.749853],[-108.223625,36.74985],[-108.223622,36.74994],[-108.223734,36.749943]]]}},{"type":"Feature","properties":{"class":"extent","min_prob":0.5},"geometry":{"type":"Polygon","coordinates":[[[-108.224294,36.749956],[-108.2243,36.749776],[-108.224188,36.749773],[-108.224182,36.749953],[-108.224294,36.749956]]]}},{"type":"Feature","properties":{"class":"extent","min_prob":0.5},"geometry":{"type":"Polygon","coordinates":[[[-108.253963,36.750555],[-108.253967,36.750465],[-108.253855,36.750462],[-108.253851,36.750552],[-108.253963,36.750555]]]}},{"type":"Feature","properties":{"class":"extent","min_prob":0.5},"geometry":{"type":"Polygon","coordinates":[[[-108.220267,36.749772],[-108.22027,36.749682],[-108.220158,36.749679],[-108.220155,36.749769],[-108.220267,36.749772]]]}},{"type":"Feature","properties":{"class":"extent","min_prob":0.5},"geometry":{"type":"Polygon","coordinates":[[[-108.216352,36.74959],[-108.216358,36.74941],[-108.216246,36.749407],[-108.21624,36.749587],[-108.216352,36.74959]]]}},{"type":"Feature","properties":{"class":"extent","min_prob":0.5},"geometry":{"type":"Polygon","coordinates":[[[-108.250285,36.750019],[-108.250288,36.749929],[-108.250064,36.749924],[-108.250061,36.750014],[-108.250285,36.750019]]]}},{"type":"Feature","properties":{"class":"extent","min_prob":0.5},"geometry":{"type":"Polygon","coordinates":[[[-108.240881,36.749801],[-108.240885,36.749711],[-108.240773,36.749708],[-108.240769,36.749798],[-108.240881,36.749801]]]}},{"type":"Feature","properties":{"class":"extent","min_prob":0.5},"geometry":{"type":"Polygon","coordinates":[[[-108.216928,36.749153],[-108.216934,36.748972],[-108.216822,36.74897],[-108.216816,36.74915],[-108.216928,36.749153]]]}},{"type":"Feature","properties":{"class":"extent","min_prob":0.5},"geometry":{"type":"Polygon","coordinates":[[[-108.310634,36.751219],[-108.310637,36.751129],[-108.310526,36.751126],[-108.310522,36.751216],[-108.310634,36.751219]]]}},{"type":"Feature","properties":{"class":"extent","min_prob":0.5},"geometry":{"type":"Polygon","coordinates":[[[-108.24257,36.74957],[-108.242573,36.74948],[-108.242461,36.749477],[-108.242458,36.749567],[-108.24257,36.74957]]]}},{"type":"Feature","properties":{"class":"extent","min_prob":0.5},"geometry":{"type":"Polygon","coordinates":[[[-108.238655,36.749389],[-108.238658,36.749299],[-108.238547,36.749296],[-108.238543,36.749386],[-108.238655,36.749389]]]}},{"type":"Feature","properties":{"class":"extent","min_prob":0.5},"geometry":{"type":"Polygon","coordinates":[[[-108.247157,36.749766],[-108.24717,36.749406],[-108.247058,36.749403],[-108.247045,36.749764],[-108.247157,36.749766]]]}},{"type":"Feature","properties":{"class":"extent","min_prob":0.5},"geometry":{"type":"Polygon","coordinates":[[[-108.247502,36.749504],[-108.247506,36.749414],[-108.247394,36.749411],[-108.24739,36.749501],[-108.247502,36.749504]]]}},{"type":"Feature","properties":{"class":"extent","min_prob":0.5},"geometry":{"type":"Polygon","coordinates":[[[-108.247282,36.749408],[-108.247285,36.749318],[-108.247173,36.749316],[-108.24717,36.749406],[-108.247282,36.749408]]]}},{"type":"Feature","properties":{"class":"extent","min_prob":0.5},"geometry":{"type":"Polygon","coordinates":[[[-108.247061,36.749313],[-108.247064,36.749223],[-108.246952,36.74922],[-108.246949,36.749311],[-108.247061,36.749313]]]}},{"type":"Feature","properties":{"class":"extent","min_prob":0.5},"geometry":{"type":"Polygon","coordinates":[[[-108.246725,36.749305],[-108.246728,36.749215],[-108.246616,36.749213],[-108.246613,36.749303],[-108.246725,36.749305]]]}},{"type":"Feature","properties":{"class":"extent","min_prob":0.5},"geometry":{"type":"Polygon","coordinates":[[[-108.242695,36.749212],[-108.242698,36.749122],[-108.242586,36.749119],[-108.242583,36.749209],[-108.242695,36.749212]]]}},{"type":"Feature","properties":{"class":"extent","min_prob":0.5},"geometry":{"type":"Polygon","coordinates":[[[-108.246616,36.749213],[-108.24662,36.749123],[-108.246396,36.749117],[-108.246393,36.749207],[-108.246616,36.749213]]]}},{"type":"Feature","properties":{"class":"extent","min_prob":0.5},"geometry":{"type":"Polygon","coordinates":[[[-108.220085,36.748595],[-108.220088,36.748505],[-108.219976,36.748503],[-108.219973,36.748593],[-108.220085,36.748595]]]}},{"type":"Feature","properties":{"class":"extent","min_prob":0.5},"geometry":{"type":"Polygon","coordinates":[[[-108.220424,36.748513],[-108.220427,36.748423],[-108.220316,36.74842],[-108.220312,36.74851],[-108.220424,36.748513]]]}},{"type":"Feature","properties":{"class":"extent","min_prob":0.5},"geometry":{"type":"Polygon","coordinates":[[[-108.247067,36.749133],[-108.247071,36.749043],[-108.246959,36.74904],[-108.246962,36.74895],[-108.24685,36.748948],[-108.246847,36.749038],[-108.246735,36.749035],[-108.246732,36.749125],[-108.247067,36.749133]]]}},{"type":"Feature","properties":{"class":"extent","min_prob":0.5},"geometry":{"type":"Polygon","coordinates":[[[-108.224457,36.748517],[-108.224461,36.748427],[-108.224349,36.748424],[-108.224346,36.748515],[-108.224457,36.748517]]]}},{"type":"Feature","properties":{"class":"extent","min_prob":0.5},"geometry":{"type":"Polygon","coordinates":[[[-108.216684,36.749688],[-108.216691,36.749508],[-108.216803,36.74951],[-108.2168,36.7496],[-108.216912,36.749603],[-108.216915,36.749513],[-108.217027,36.749516],[-108.21703,36.749425],[-108.217142,36.749428],[-108.217136,36.749608],[-108.217247,36.749611],[-108.217254,36.749431],[-108.217366,36.749433],[-108.217369,36.749343],[-108.217481,36.749346],[-108.217484,36.749256],[-108.217596,36.749258],[-108.2176,36.749168],[-108.217488,36.749166],[-108.217491,36.749076],[-108.217603,36.749078],[-108.217609,36.748898],[-108.217721,36.748901],[-108.217728,36.748721],[-108.217504,36.748715],[-108.217507,36.748625],[-108.217731,36.74863],[-108.217734,36.74854],[-108.217622,36.748538],[-108.217629,36.748358],[-108.217181,36.748347],[-108.217184,36.748257],[-108.217072,36.748254],[-108.217076,36.748164],[-108.216964,36.748162],[-108.21696,36.748252],[-108.216849,36.748249],[-108.216852,36.748159],[-108.21674,36.748156],[-108.216717,36.748787],[-108.216605,36.748784],[-108.216595,36.749055],[-108.216483,36.749052],[-108.216474,36.749322],[-108.216362,36.74932],[-108.216358,36.74941],[-108.21647,36.749412],[-108.216461,36.749683],[-108.216684,36.749688]],[[-108.21703,36.749425],[-108.216918,36.749423],[-108.216921,36.749333],[-108.216809,36.74933],[-108.216813,36.74924],[-108.216701,36.749237],[-108.216714,36.748877],[-108.21705,36.748885],[-108.21704,36.749155],[-108.217264,36.74916],[-108.21726,36.749251],[-108.217149,36.749248],[-108.217145,36.749338],[-108.217033,36.749335],[-108.21703,36.749425]],[[-108.216806,36.74942],[-108.216694,36.749418],[-108.216698,36.749328],[-108.216809,36.74933],[-108.216806,36.74942]],[[-108.217609,36.748898],[-108.217497,36.748895],[-108.217501,36.748805],[-108.217613,36.748808],[-108.217609,36.748898]],[[-108.217175,36.748527],[-108.217063,36.748525],[-108.217066,36.748435],[-108.217178,36.748437],[-108.217175,36.748527]]]}},{"type":"Feature","properties":{"class":"extent","min_prob":0.5},"geometry":{"type":"Polygon","coordinates":[[[-108.21752,36.748265],[-108.217523,36.748175],[-108.217411,36.748172],[-108.217408,36.748262],[-108.21752,36.748265]]]}},{"type":"Feature","properties":{"class":"extent","min_prob":0.5},"geometry":{"type":"Polygon","coordinates":[[[-108.246405,36.748847],[-108.246409,36.748757],[-108.246297,36.748754],[-108.246294,36.748845],[-108.246405,36.748847]]]}},{"type":"Feature","properties":{"class":"extent","min_prob":0.5},"geometry":{"type":"Polygon","coordinates":[[[-108.218643,36.748201],[-108.218646,36.748111],[-108.218534,36.748108],[-108.218531,36.748198],[-108.218643,36.748201]]]}},{"type":"Feature","properties":{"class":"extent","min_prob":0.5},"geometry":{"type":"Polygon","coordinates":[[[-108.217296,36.74826],[-108.2173,36.74817],[-108.217411,36.748172],[-108.217415,36.748082],[-108.217303,36.748079],[-108.217306,36.747989],[-108.217194,36.747987],[-108.217184,36.748257],[-108.217296,36.74826]]]}},{"type":"Feature","properties":{"class":"extent","min_prob":0.5},"geometry":{"type":"Polygon","coordinates":[[[-108.24361,36.748692],[-108.243613,36.748602],[-108.243501,36.7486],[-108.243498,36.74869],[-108.24361,36.748692]]]}},{"type":"Feature","properties":{"class":"extent","min_prob":0.5},"geometry":{"type":"Polygon","coordinates":[[[-108.224131,36.748239],[-108.224135,36.748149],[-108.224023,36.748146],[-108.224019,36.748236],[-108.224131,36.748239]]]}},{"type":"Feature","properties":{"class":"extent","min_prob":0.5},"geometry":{"type":"Polygon","coordinates":[[[-108.2463,36.748664],[-108.246303,36.748574],[-108.246191,36.748572],[-108.246188,36.748662],[-108.2463,36.748664]]]}},{"type":"Feature","properties":{"class":"extent","min_prob":0.5},"geometry":{"type":"Polygon","coordinates":[[[-108.220105,36.748055],[-108.220108,36.747965],[-108.219996,36.747962],[-108.219993,36.748052],[-108.220105,36.748055]]]}},{"type":"Feature","properties":{"class":"extent","min_prob":0.5},"geometry":{"type":"Polygon","coordinates":[[[-108.21697,36.747982],[-108.216973,36.747891],[-108.216862,36.747889],[-108.216858,36.747979],[-108.21697,36.747982]]]}},{"type":"Feature","properties":{"class":"extent","min_prob":0.5},"geometry":{"type":"Polygon","coordinates":[[[-108.223572,36.748226],[-108.223581,36.747956],[-108.223358,36.747951],[-108.223354,36.748041],[-108.223466,36.748043],[-108.22346,36.748223],[-108.223572,36.748226]]]}},{"type":"Feature","properties":{"class":"extent","min_prob":0.5},"geometry":{"type":"Polygon","coordinates":[[[-108.219996,36.747962],[-108.219999,36.747872],[-108.219887,36.747869],[-108.219884,36.74796],[-108.219996,36.747962]]]}},{"type":"Feature","properties":{"class":"extent","min_prob":0.5},"geometry":{"type":"Polygon","coordinates":[[[-108.218653,36.747931],[-108.218656,36.747841],[-108.218544,36.747838],[-108.218541,36.747928],[-108.218653,36.747931]]]}},{"type":"Feature","properties":{"class":"extent","min_prob":0.5},"geometry":{"type":"Polygon","coordinates":[[[-108.217197,36.747897],[-108.217201,36.747807],[-108.217089,36.747804],[-108.217085,36.747894],[-108.217197,36.747897]]]}},{"type":"Feature","properties":{"class":"extent","min_prob":0.5},"geometry":{"type":"Polygon","coordinates":[[[-108.21674,36.748156],[-108.216743,36.748066],[-108.216855,36.748069],[-108.216858,36.747979],[-108.216746,36.747976],[-108.216756,36.747706],[-108.216644,36.747703],[-108.216638,36.747884],[-108.216526,36.747881],[-108.216519,36.748061],[-108.216631,36.748064],[-108.216628,36.748154],[-108.21674,36.748156]]]}},{"type":"Feature","properties":{"class":"extent","min_prob":0.5},"geometry":{"type":"Polygon","coordinates":[[[-108.217425,36.747812],[-108.217428,36.747722],[-108.217316,36.747719],[-108.217313,36.747809],[-108.217425,36.747812]]]}},{"type":"Feature","properties":{"class":"extent","min_prob":0.5},"geometry":{"type":"Polygon","coordinates":[[[-108.217089,36.747804],[-108.217092,36.747714],[-108.21698,36.747711],[-108.216977,36.747801],[-108.217089,36.747804]]]}},{"type":"Feature","properties":{"class":"extent","min_prob":0.5},"geometry":{"type":"Polygon","coordinates":[[[-108.216532,36.747701],[-108.216539,36.747521],[-108.216203,36.747513],[-108.216196,36.747693],[-108.216532,36.747701]]]}},{"type":"Feature","properties":{"class":"extent","min_prob":0.5},"geometry":{"type":"Polygon","coordinates":[[[-108.22314,36.747765],[-108.223147,36.747585],[-108.223035,36.747582],[-108.223028,36.747763],[-108.22314,36.747765]]]}},{"type":"Feature","properties":{"class":"extent","min_prob":0.5},"geometry":{"type":"Polygon","coordinates":[[[-108.21721,36.747536],[-108.217214,36.747446],[-108.217102,36.747444],[-108.217098,36.747534],[-108.21721,36.747536]]]}},{"type":"Feature","properties":{"class":"extent","min_prob":0.5},"geometry":{"type":"Polygon","coordinates":[[[-108.216203,36.747513],[-108.216206,36.747423],[-108.216094,36.74742],[-108.216091,36.74751],[-108.216203,36.747513]]]}},{"type":"Feature","properties":{"class":"extent","min_prob":0.5},"geometry":{"type":"Polygon","coordinates":[[[-108.215979,36.747508],[-108.215982,36.747417],[-108.21587,36.747415],[-108.215867,36.747505],[-108.215979,36.747508]]]}},{"type":"Feature","properties":{"class":"extent","min_prob":0.5},"geometry":{"type":"Polygon","coordinates":[[[-108.223482,36.747593],[-108.223486,36.747503],[-108.22315,36.747495],[-108.223147,36.747585],[-108.223482,36.747593]]]}},{"type":"Feature","properties":{"class":"extent","min_prob":0.5},"geometry":{"type":"Polygon","coordinates":[[[-108.218109,36.747467],[-108.218112,36.747377],[-108.218001,36.747374],[-108.217997,36.747465],[-108.218109,36.747467]]]}},{"type":"Feature","properties":{"class":"extent","min_prob":0.5},"geometry":{"type":"Polygon","coordinates":[[[-108.217885,36.747462],[-108.217889,36.747372],[-108.217553,36.747364],[-108.217549,36.747454],[-108.217885,36.747462]]]}},{"type":"Feature","properties":{"class":"extent","min_prob":0.5},"geometry":{"type":"Polygon","coordinates":[[[-108.217438,36.747451],[-108.217441,36.747361],[-108.217329,36.747359],[-108.217326,36.747449],[-108.217438,36.747451]]]}},{"type":"Feature","properties":{"class":"extent","min_prob":0.5},"geometry":{"type":"Polygon","coordinates":[[[-108.217102,36.747444],[-108.217105,36.747354],[-108.216993,36.747351],[-108.21699,36.747441],[-108.217102,36.747444]]]}},{"type":"Feature","properties":{"class":"extent","min_prob":0.5},"geometry":{"type":"Polygon","coordinates":[[[-108.216766,36.747436],[-108.216769,36.747346],[-108.216657,36.747343],[-108.216654,36.747433],[-108.216766,36.747436]]]}},{"type":"Feature","properties":{"class":"extent","min_prob":0.5},"geometry":{"type":"Polygon","coordinates":[[[-108.218001,36.747374],[-108.218004,36.747284],[-108.217892,36.747282],[-108.217889,36.747372],[-108.218001,36.747374]]]}},{"type":"Feature","properties":{"class":"extent","min_prob":0.5},"geometry":{"type":"Polygon","coordinates":[[[-108.217553,36.747364],[-108.217556,36.747274],[-108.217444,36.747271],[-108.217441,36.747361],[-108.217553,36.747364]]]}},{"type":"Feature","properties":{"class":"extent","min_prob":0.5},"geometry":{"type":"Polygon","coordinates":[[[-108.21778,36.747279],[-108.217783,36.747189],[-108.217559,36.747184],[-108.217556,36.747274],[-108.21778,36.747279]]]}},{"type":"Feature","properties":{"class":"extent","min_prob":0.5},"geometry":{"type":"Polygon","coordinates":[[[-108.216325,36.747245],[-108.216328,36.747155],[-108.216104,36.74715],[-108.216101,36.74724],[-108.216325,36.747245]]]}},{"type":"Feature","properties":{"class":"extent","min_prob":0.5},"geometry":{"type":"Polygon","coordinates":[[[-108.242075,36.747755],[-108.242078,36.747665],[-108.241966,36.747662],[-108.241963,36.747752],[-108.242075,36.747755]]]}},{"type":"Feature","properties":{"class":"extent","min_prob":0.5},"geometry":{"type":"Polygon","coordinates":[[[-108.222926,36.74749],[-108.222939,36.747129],[-108.222715,36.747124],[-108.222712,36.747214],[-108.2226,36.747212],[-108.222597,36.747302],[-108.222821,36.747307],[-108.222814,36.747487],[-108.222926,36.74749]]]}},{"type":"Feature","properties":{"class":"extent","min_prob":0.5},"geometry":{"type":"Polygon","coordinates":[[[-108.2226,36.747212],[-108.222603,36.747121],[-108.222491,36.747119],[-108.222488,36.747209],[-108.2226,36.747212]]]}},{"type":"Feature","properties":{"class":"extent","min_prob":0.5},"geometry":{"type":"Polygon","coordinates":[[[-108.216443,36.747068],[-108.216446,36.746977],[-108.216334,36.746975],[-108.216331,36.747065],[-108.216443,36.747068]]]}},{"type":"Feature","properties":{"class":"extent","min_prob":0.5},"geometry":{"type":"Polygon","coordinates":[[[-108.216219,36.747062],[-108.216222,36.746972],[-108.216111,36.74697],[-108.216107,36.74706],[-108.216219,36.747062]]]}},{"type":"Feature","properties":{"class":"extent","min_prob":0.5},"geometry":{"type":"Polygon","coordinates":[[[-108.222491,36.747119],[-108.222494,36.747029],[-108.222383,36.747026],[-108.222379,36.747116],[-108.222491,36.747119]]]}},{"type":"Feature","properties":{"class":"extent","min_prob":0.5},"geometry":{"type":"Polygon","coordinates":[[[-108.215762,36.747322],[-108.215768,36.747142],[-108.21588,36.747145],[-108.215883,36.747054],[-108.215771,36.747052],[-108.215775,36.746962],[-108.215887,36.746964],[-108.215893,36.746784],[-108.215781,36.746782],[-108.215778,36.746872],[-108.215666,36.746869],[-108.215669,36.746779],[-108.215557,36.746776],[-108.215554,36.746866],[-108.215442,36.746864],[-108.215436,36.747044],[-108.215548,36.747047],[-108.215541,36.747227],[-108.215653,36.747229],[-108.21565,36.747319],[-108.215762,36.747322]]]}},{"type":"Feature","properties":{"class":"extent","min_prob":0.5},"geometry":{"type":"Polygon","coordinates":[[[-108.218353,36.746932],[-108.218356,36.746842],[-108.21802,36.746834],[-108.218017,36.746924],[-108.218353,36.746932]]]}},{"type":"Feature","properties":{"class":"extent","min_prob":0.5},"geometry":{"type":"Polygon","coordinates":[[[-108.218912,36.746945],[-108.218919,36.746765],[-108.218807,36.746762],[-108.2188,36.746942],[-108.218912,36.746945]]]}},{"type":"Feature","properties":{"class":"extent","min_prob":0.5},"geometry":{"type":"Polygon","coordinates":[[[-108.21802,36.746834],[-108.218023,36.746744],[-108.217911,36.746741],[-108.217908,36.746831],[-108.21802,36.746834]]]}},{"type":"Feature","properties":{"class":"extent","min_prob":0.5},"geometry":{"type":"Polygon","coordinates":[[[-108.216453,36.746797],[-108.216456,36.746707],[-108.216344,36.746705],[-108.216341,36.746795],[-108.216453,36.746797]]]}},{"type":"Feature","properties":{"class":"extent","min_prob":0.5},"geometry":{"type":"Polygon","coordinates":[[[-108.22261,36.746941],[-108.222616,36.746761],[-108.222504,36.746758],[-108.222498,36.746939],[-108.22261,36.746941]]]}},{"type":"Feature","properties":{"class":"extent","min_prob":0.5},"geometry":{"type":"Polygon","coordinates":[[[-108.221721,36.74674],[-108.221724,36.74665],[-108.2215,36.746645],[-108.221497,36.746735],[-108.221721,36.74674]]]}},{"type":"Feature","properties":{"class":"extent","min_prob":0.5},"geometry":{"type":"Polygon","coordinates":[[[-108.218474,36.746664],[-108.218478,36.746574],[-108.218366,36.746572],[-108.218362,36.746662],[-108.218474,36.746664]]]}},{"type":"Feature","properties":{"class":"extent","min_prob":0.5},"geometry":{"type":"Polygon","coordinates":[[[-108.217243,36.746635],[-108.217246,36.746545],[-108.217134,36.746543],[-108.217131,36.746633],[-108.217243,36.746635]]]}},{"type":"Feature","properties":{"class":"extent","min_prob":0.5},"geometry":{"type":"Polygon","coordinates":[[[-108.222383,36.747026],[-108.222386,36.746936],[-108.222274,36.746933],[-108.222284,36.746663],[-108.222172,36.746661],[-108.222175,36.74657],[-108.221951,36.746565],[-108.221948,36.746655],[-108.22206,36.746658],[-108.222056,36.746748],[-108.222168,36.746751],[-108.222159,36.747021],[-108.222383,36.747026]]]}},{"type":"Feature","properties":{"class":"extent","min_prob":0.5},"geometry":{"type":"Polygon","coordinates":[[[-108.228882,36.746997],[-108.228885,36.746907],[-108.228773,36.746905],[-108.22878,36.746725],[-108.228668,36.746722],[-108.228661,36.746902],[-108.228437,36.746897],[-108.228434,36.746987],[-108.228882,36.746997]]]}},{"type":"Feature","properties":{"class":"extent","min_prob":0.5},"geometry":{"type":"Polygon","coordinates":[[[-108.228322,36.746984],[-108.228328,36.746804],[-108.228552,36.746809],[-108.228556,36.746719],[-108.228108,36.746709],[-108.228101,36.746889],[-108.228213,36.746892],[-108.22821,36.746982],[-108.228322,36.746984]]]}},{"type":"Feature","properties":{"class":"extent","min_prob":0.5},"geometry":{"type":"Polygon","coordinates":[[[-108.218366,36.746572],[-108.218369,36.746481],[-108.218257,36.746479],[-108.218254,36.746569],[-108.218366,36.746572]]]}},{"type":"Feature","properties":{"class":"extent","min_prob":0.5},"geometry":{"type":"Polygon","coordinates":[[[-108.216239,36.746522],[-108.216245,36.746342],[-108.216133,36.746339],[-108.216127,36.746519],[-108.216239,36.746522]]]}},{"type":"Feature","properties":{"class":"extent","min_prob":0.5},"geometry":{"type":"Polygon","coordinates":[[[-108.217694,36.746556],[-108.217697,36.746466],[-108.217809,36.746468],[-108.217812,36.746378],[-108.217589,36.746373],[-108.217582,36.746553],[-108.217694,36.746556]]]}},{"type":"Feature","properties":{"class":"extent","min_prob":0.5},"geometry":{"type":"Polygon","coordinates":[[[-108.217473,36.746461],[-108.217477,36.74637],[-108.217365,36.746368],[-108.217361,36.746458],[-108.217473,36.746461]]]}},{"type":"Feature","properties":{"class":"extent","min_prob":0.5},"geometry":{"type":"Polygon","coordinates":[[[-108.217217,36.747356],[-108.21722,36.747266],[-108.217332,36.747269],[-108.217335,36.747179],[-108.217223,36.747176],[-108.21723,36.746996],[-108.217118,36.746993],[-108.217121,36.746903],[-108.216897,36.746898],[-108.216901,36.746808],[-108.217013,36.74681],[-108.217022,36.74654],[-108.217134,36.746543],[-108.217138,36.746453],[-108.216914,36.746447],[-108.216917,36.746357],[-108.217141,36.746363],[-108.217147,36.746182],[-108.217035,36.74618],[-108.217032,36.74627],[-108.216808,36.746265],[-108.216805,36.746355],[-108.216581,36.74635],[-108.216584,36.746259],[-108.216472,36.746257],[-108.216469,36.746347],[-108.216357,36.746344],[-108.216354,36.746434],[-108.216578,36.74644],[-108.216575,36.74653],[-108.216686,36.746532],[-108.21668,36.746712],[-108.216792,36.746715],[-108.216789,36.746805],[-108.216677,36.746803],[-108.216673,36.746893],[-108.21645,36.746887],[-108.216446,36.746977],[-108.216894,36.746988],[-108.216891,36.747078],[-108.216779,36.747075],[-108.216772,36.747256],[-108.216884,36.747258],[-108.216881,36.747348],[-108.216993,36.747351],[-108.216996,36.747261],[-108.217108,36.747263],[-108.217105,36.747354],[-108.217217,36.747356]],[[-108.217115,36.747083],[-108.217003,36.747081],[-108.217006,36.746991],[-108.217118,36.746993],[-108.217115,36.747083]],[[-108.216904,36.746718],[-108.216792,36.746715],[-108.216795,36.746625],[-108.216907,36.746628],[-108.216904,36.746718]]]}},{"type":"Feature","properties":{"class":"extent","min_prob":0.5},"geometry":{"type":"Polygon","coordinates":[[[-108.243563,36.746888],[-108.243566,36.746798],[-108.243454,36.746795],[-108.243451,36.746885],[-108.243563,36.746888]]]}},{"type":"Feature","properties":{"class":"extent","min_prob":0.5},"geometry":{"type":"Polygon","coordinates":[[[-108.21748,36.74628],[-108.217483,36.74619],[-108.217371,36.746188],[-108.217368,36.746278],[-108.21748,36.74628]]]}},{"type":"Feature","properties":{"class":"extent","min_prob":0.5},"geometry":{"type":"Polygon","coordinates":[[[-108.216248,36.746252],[-108.216252,36.746161],[-108.21614,36.746159],[-108.216137,36.746249],[-108.216248,36.746252]]]}},{"type":"Feature","properties":{"class":"extent","min_prob":0.5},"geometry":{"type":"Polygon","coordinates":[[[-108.222073,36.746298],[-108.222076,36.746208],[-108.221964,36.746205],[-108.221961,36.746295],[-108.222073,36.746298]]]}},{"type":"Feature","properties":{"class":"extent","min_prob":0.5},"geometry":{"type":"Polygon","coordinates":[[[-108.216472,36.746257],[-108.216476,36.746167],[-108.216588,36.746169],[-108.216591,36.746079],[-108.216367,36.746074],[-108.21636,36.746254],[-108.216472,36.746257]]]}},{"type":"Feature","properties":{"class":"extent","min_prob":0.5},"geometry":{"type":"Polygon","coordinates":[[[-108.216028,36.746156],[-108.216031,36.746066],[-108.215919,36.746064],[-108.215916,36.746154],[-108.216028,36.746156]]]}},{"type":"Feature","properties":{"class":"extent","min_prob":0.5},"geometry":{"type":"Polygon","coordinates":[[[-108.23842,36.746588],[-108.238423,36.746498],[-108.238311,36.746496],[-108.238308,36.746586],[-108.23842,36.746588]]]}},{"type":"Feature","properties":{"class":"extent","min_prob":0.5},"geometry":{"type":"Polygon","coordinates":[[[-108.215919,36.746064],[-108.215922,36.745973],[-108.215811,36.745971],[-108.215807,36.746061],[-108.215919,36.746064]]]}},{"type":"Feature","properties":{"class":"extent","min_prob":0.5},"geometry":{"type":"Polygon","coordinates":[[[-108.238311,36.746496],[-108.238314,36.746405],[-108.238202,36.746403],[-108.238199,36.746493],[-108.238311,36.746496]]]}},{"type":"Feature","properties":{"class":"extent","min_prob":0.5},"geometry":{"type":"Polygon","coordinates":[[[-108.218158,36.746116],[-108.218161,36.746026],[-108.218273,36.746028],[-108.218276,36.745938],[-108.217941,36.745931],[-108.217934,36.746111],[-108.218158,36.746116]]]}},{"type":"Feature","properties":{"class":"extent","min_prob":0.5},"geometry":{"type":"Polygon","coordinates":[[[-108.216034,36.745976],[-108.216038,36.745886],[-108.215926,36.745883],[-108.215922,36.745973],[-108.216034,36.745976]]]}},{"type":"Feature","properties":{"class":"extent","min_prob":0.5},"geometry":{"type":"Polygon","coordinates":[[[-108.217035,36.74618],[-108.217042,36.746],[-108.217154,36.746002],[-108.21716,36.745822],[-108.217048,36.745819],[-108.217045,36.74591],[-108.216485,36.745896],[-108.216482,36.745987],[-108.216594,36.745989],[-108.216591,36.746079],[-108.216815,36.746084],[-108.216811,36.746175],[-108.217035,36.74618]]]}},{"type":"Feature","properties":{"class":"extent","min_prob":0.5},"geometry":{"type":"Polygon","coordinates":[[[-108.217381,36.745917],[-108.217384,36.745827],[-108.217272,36.745825],[-108.217269,36.745915],[-108.217381,36.745917]]]}},{"type":"Feature","properties":{"class":"extent","min_prob":0.5},"geometry":{"type":"Polygon","coordinates":[[[-108.215811,36.745971],[-108.215814,36.745881],[-108.215926,36.745883],[-108.215929,36.745793],[-108.215705,36.745788],[-108.215699,36.745968],[-108.215811,36.745971]]]}},{"type":"Feature","properties":{"class":"extent","min_prob":0.5},"geometry":{"type":"Polygon","coordinates":[[[-108.220742,36.745906],[-108.220746,36.745816],[-108.220634,36.745813],[-108.22063,36.745903],[-108.220742,36.745906]]]}},{"type":"Feature","properties":{"class":"extent","min_prob":0.5},"geometry":{"type":"Polygon","coordinates":[[[-108.216489,36.745806],[-108.216492,36.745716],[-108.21638,36.745714],[-108.216377,36.745804],[-108.216489,36.745806]]]}},{"type":"Feature","properties":{"class":"extent","min_prob":0.5},"geometry":{"type":"Polygon","coordinates":[[[-108.216153,36.745799],[-108.216156,36.745708],[-108.215932,36.745703],[-108.215929,36.745793],[-108.216153,36.745799]]]}},{"type":"Feature","properties":{"class":"extent","min_prob":0.5},"geometry":{"type":"Polygon","coordinates":[[[-108.242686,36.746327],[-108.24269,36.746236],[-108.242578,36.746234],[-108.242574,36.746324],[-108.242686,36.746327]]]}},{"type":"Feature","properties":{"class":"extent","min_prob":0.5},"geometry":{"type":"Polygon","coordinates":[[[-108.21797,36.74512],[-108.217973,36.74503],[-108.217861,36.745027],[-108.217858,36.745117],[-108.21797,36.74512]]]}},{"type":"Feature","properties":{"class":"extent","min_prob":0.5},"geometry":{"type":"Polygon","coordinates":[[[-108.209012,36.745],[-108.209015,36.74491],[-108.209127,36.744913],[-108.20913,36.744822],[-108.209242,36.744825],[-108.209245,36.744735],[-108.208909,36.744727],[-108.208913,36.744637],[-108.208801,36.744634],[-108.208791,36.744905],[-108.208903,36.744907],[-108.2089,36.744997],[-108.209012,36.745]]]}},{"type":"Feature","properties":{"class":"extent","min_prob":0.5},"geometry":{"type":"Polygon","coordinates":[[[-108.202217,36.747004],[-108.202308,36.744482],[-108.202196,36.744479],[-108.2022,36.744389],[-108.200297,36.744344],[-108.200254,36.745515],[-108.200366,36.745518],[-108.200327,36.746599],[-108.201558,36.746628],[-108.201555,36.746718],[-108.201667,36.746721],[-108.201657,36.746991],[-108.202217,36.747004]]]}},{"type":"Feature","properties":{"class":"extent","min_prob":0.5},"geometry":{"type":"Polygon","coordinates":[[[-108.254719,36.745072],[-108.254722,36.744982],[-108.25461,36.74498],[-108.254607,36.74507],[-108.254719,36.745072]]]}},{"type":"Feature","properties":{"class":"extent","min_prob":0.5},"geometry":{"type":"Polygon","coordinates":[[[-108.238273,36.744421],[-108.238276,36.744331],[-108.238165,36.744328],[-108.238161,36.744418],[-108.238273,36.744421]]]}},{"type":"Feature","properties":{"class":"extent","min_prob":0.5},"geometry":{"type":"Polygon","coordinates":[[[-108.214171,36.74485],[-108.21418,36.74458],[-108.214292,36.744583],[-108.214289,36.744673],[-108.214401,36.744676],[-108.214398,36.744766],[-108.21451,36.744768],[-108.214516,36.744588],[-108.214628,36.744591],[-108.214631,36.744501],[-108.214519,36.744498],[-108.214523,36.744408],[-108.214411,36.744405],[-108.214414,36.744315],[-108.214526,36.744318],[-108.214545,36.743777],[-108.214098,36.743767],[-108.214101,36.743677],[-108.213989,36.743674],[-108.213976,36.744034],[-108.213752,36.744029],[-108.213749,36.744119],[-108.213637,36.744117],[-108.213627,36.744387],[-108.213515,36.744384],[-108.213512,36.744474],[-108.213624,36.744477],[-108.213621,36.744567],[-108.213733,36.74457],[-108.213729,36.74466],[-108.213841,36.744662],[-108.213838,36.744753],[-108.21395,36.744755],[-108.213947,36.744845],[-108.214171,36.74485]],[[-108.214085,36.744127],[-108.213973,36.744125],[-108.213976,36.744034],[-108.214088,36.744037],[-108.214085,36.744127]]]}},{"type":"Feature","properties":{"class":"extent","min_prob":0.5},"geometry":{"type":"Polygon","coordinates":[[[-108.239281,36.744444],[-108.239287,36.744264],[-108.239063,36.744259],[-108.23906,36.744349],[-108.239172,36.744352],[-108.239169,36.744442],[-108.239281,36.744444]]]}},{"type":"Feature","properties":{"class":"extent","min_prob":0.5},"geometry":{"type":"Polygon","coordinates":[[[-108.237941,36.744323],[-108.237944,36.744233],[-108.237832,36.74423],[-108.237829,36.74432],[-108.237941,36.744323]]]}},{"type":"Feature","properties":{"class":"extent","min_prob":0.5},"geometry":{"type":"Polygon","coordinates":[[[-108.238619,36.744158],[-108.238622,36.744068],[-108.23851,36.744066],[-108.238507,36.744156],[-108.238619,36.744158]]]}},{"type":"Feature","properties":{"class":"extent","min_prob":0.5},"geometry":{"type":"Polygon","coordinates":[[[-108.238846,36.744074],[-108.238849,36.743983],[-108.238625,36.743978],[-108.238622,36.744068],[-108.238846,36.744074]]]}},{"type":"Feature","properties":{"class":"extent","min_prob":0.5},"geometry":{"type":"Polygon","coordinates":[[[-108.271427,36.744645],[-108.271431,36.744555],[-108.271319,36.744553],[-108.271315,36.744643],[-108.271427,36.744645]]]}},{"type":"Feature","properties":{"class":"extent","min_prob":0.5},"geometry":{"type":"Polygon","coordinates":[[[-108.239412,36.743906],[-108.239415,36.743816],[-108.239303,36.743814],[-108.2393,36.743904],[-108.239412,36.743906]]]}},{"type":"Feature","properties":{"class":"extent","min_prob":0.5},"geometry":{"type":"Polygon","coordinates":[[[-108.253072,36.744133],[-108.253075,36.744042],[-108.252963,36.74404],[-108.25296,36.74413],[-108.253072,36.744133]]]}},{"type":"Feature","properties":{"class":"extent","min_prob":0.5},"geometry":{"type":"Polygon","coordinates":[[[-108.2202,36.754729],[-108.220203,36.754639],[-108.220315,36.754642],[-108.220325,36.754371],[-108.220437,36.754374],[-108.220443,36.754194],[-108.220555,36.754196],[-108.220562,36.754016],[-108.220674,36.754019],[-108.220683,36.753749],[-108.220795,36.753751],[-108.220802,36.753571],[-108.220914,36.753574],[-108.220917,36.753484],[-108.221029,36.753486],[-108.221036,36.753306],[-108.221147,36.753309],[-108.221154,36.753128],[-108.221266,36.753131],[-108.221272,36.752951],[-108.221384,36.752953],[-108.221391,36.752773],[-108.221503,36.752776],[-108.221506,36.752686],[-108.221618,36.752688],[-108.221621,36.752598],[-108.221733,36.752601],[-108.22174,36.752421],[-108.221852,36.752423],[-108.221858,36.752243],[-108.221746,36.752241],[-108.221756,36.75197],[-108.221644,36.751968],[-108.221654,36.751697],[-108.221542,36.751695],[-108.221555,36.751335],[-108.221443,36.751332],[-108.221449,36.751152],[-108.221561,36.751154],[-108.221565,36.751064],[-108.221453,36.751062],[-108.221462,36.750791],[-108.221574,36.750794],[-108.221578,36.750704],[-108.22169,36.750707],[-108.221677,36.751067],[-108.221789,36.75107],[-108.221844,36.749538],[-108.221956,36.749541],[-108.221959,36.749451],[-108.222071,36.749453],[-108.222077,36.749273],[-108.222189,36.749276],[-108.222193,36.749186],[-108.22264,36.749196],[-108.222644,36.749106],[-108.222868,36.749111],[-108.222871,36.749021],[-108.223095,36.749026],[-108.223088,36.749206],[-108.2232,36.749209],[-108.223197,36.749299],[-108.223085,36.749297],[-108.223078,36.749477],[-108.22319,36.749479],[-108.223187,36.749569],[-108.223299,36.749572],[-108.223296,36.749662],[-108.223408,36.749665],[-108.223411,36.749575],[-108.223523,36.749577],[-108.22352,36.749667],[-108.223744,36.749673],[-108.223737,36.749853],[-108.223849,36.749855],[-108.223852,36.749765],[-108.223964,36.749768],[-108.223961,36.749858],[-108.224073,36.749861],[-108.224079,36.74968],[-108.223856,36.749675],[-108.223859,36.749585],[-108.223971,36.749588],[-108.22398,36.749317],[-108.223645,36.74931],[-108.223664,36.748769],[-108.223552,36.748767],[-108.223559,36.748586],[-108.223447,36.748584],[-108.223453,36.748404],[-108.223341,36.748401],[-108.223345,36.748311],[-108.223233,36.748308],[-108.223236,36.748218],[-108.223124,36.748216],[-108.22313,36.748035],[-108.223242,36.748038],[-108.223246,36.747948],[-108.223358,36.747951],[-108.223361,36.74786],[-108.223025,36.747853],[-108.223028,36.747763],[-108.222916,36.74776],[-108.22292,36.74767],[-108.222696,36.747665],[-108.222702,36.747484],[-108.222478,36.747479],[-108.222485,36.747299],[-108.222373,36.747296],[-108.222376,36.747206],[-108.222264,36.747204],[-108.222267,36.747114],[-108.222155,36.747111],[-108.222159,36.747021],[-108.222047,36.747018],[-108.222053,36.746838],[-108.221829,36.746833],[-108.221833,36.746743],[-108.221721,36.74674],[-108.221714,36.74692],[-108.221602,36.746918],[-108.221599,36.747008],[-108.221711,36.74701],[-108.221708,36.747101],[-108.221372,36.747093],[-108.221378,36.746913],[-108.220931,36.746902],[-108.220927,36.746992],[-108.221039,36.746995],[-108.221036,36.747085],[-108.220812,36.74708],[-108.220802,36.74735],[-108.220914,36.747352],[-108.220911,36.747443],[-108.221023,36.747445],[-108.22102,36.747535],[-108.220908,36.747533],[-108.220905,36.747623],[-108.221016,36.747625],[-108.221013,36.747715],[-108.220789,36.74771],[-108.220793,36.74762],[-108.220569,36.747615],[-108.220578,36.747345],[-108.22069,36.747347],[-108.220694,36.747257],[-108.220358,36.747249],[-108.220364,36.747069],[-108.220476,36.747072],[-108.220486,36.746801],[-108.220374,36.746799],[-108.220377,36.746709],[-108.220265,36.746706],[-108.220272,36.746526],[-108.220496,36.746531],[-108.220499,36.746441],[-108.220611,36.746444],[-108.220608,36.746534],[-108.221167,36.746547],[-108.221174,36.746367],[-108.221062,36.746364],[-108.221065,36.746274],[-108.220841,36.746269],[-108.220845,36.746179],[-108.220733,36.746176],[-108.220736,36.746086],[-108.220624,36.746083],[-108.220627,36.745993],[-108.220515,36.745991],[-108.220519,36.745901],[-108.220407,36.745898],[-108.22041,36.745808],[-108.220186,36.745803],[-108.220189,36.745713],[-108.219965,36.745707],[-108.219969,36.745617],[-108.219745,36.745612],[-108.219748,36.745522],[-108.219636,36.745519],[-108.219643,36.745339],[-108.219531,36.745337],[-108.219537,36.745156],[-108.219425,36.745154],[-108.219428,36.745064],[-108.219316,36.745061],[-108.21932,36.744971],[-108.219096,36.744966],[-108.219099,36.744876],[-108.218987,36.744873],[-108.21899,36.744783],[-108.218767,36.744778],[-108.21877,36.744688],[-108.218546,36.744682],[-108.218549,36.744592],[-108.218325,36.744587],[-108.218329,36.744497],[-108.218217,36.744494],[-108.21822,36.744404],[-108.217996,36.744399],[-108.217999,36.744309],[-108.217887,36.744306],[-108.217891,36.744216],[-108.217779,36.744214],[-108.217782,36.744124],[-108.21767,36.744121],[-108.217673,36.744031],[-108.217561,36.744028],[-108.217564,36.743938],[-108.217453,36.743936],[-108.217456,36.743845],[-108.217344,36.743843],[-108.217347,36.743753],[-108.217235,36.74375],[-108.217242,36.74357],[-108.21713,36.743567],[-108.217133,36.743477],[-108.217021,36.743475],[-108.217024,36.743385],[-108.216912,36.743382],[-108.216916,36.743292],[-108.216804,36.743289],[-108.21681,36.743109],[-108.216586,36.743104],[-108.21659,36.743014],[-108.216478,36.743011],[-108.216481,36.742921],[-108.216369,36.742918],[-108.216372,36.742828],[-108.216148,36.742823],[-108.216152,36.742733],[-108.215928,36.742728],[-108.215911,36.743178],[-108.2158,36.743176],[-108.21579,36.743446],[-108.215902,36.743448],[-108.215898,36.743539],[-108.21601,36.743541],[-108.216007,36.743631],[-108.216119,36.743634],[-108.216116,36.743724],[-108.216228,36.743727],[-108.216218,36.743997],[-108.215882,36.743989],[-108.215879,36.744079],[-108.215767,36.744076],[-108.21576,36.744257],[-108.215649,36.744254],[-108.215645,36.744344],[-108.215757,36.744347],[-108.215744,36.744707],[-108.215856,36.74471],[-108.215846,36.74498],[-108.215958,36.744983],[-108.215962,36.744892],[-108.216073,36.744895],[-108.21607,36.744985],[-108.216294,36.74499],[-108.216291,36.74508],[-108.216403,36.745083],[-108.216406,36.744993],[-108.216518,36.744996],[-108.216511,36.745176],[-108.2164,36.745173],[-108.216393,36.745353],[-108.216617,36.745359],[-108.21662,36.745268],[-108.216732,36.745271],[-108.216735,36.745181],[-108.217071,36.745189],[-108.217074,36.745099],[-108.217298,36.745104],[-108.217305,36.744924],[-108.217417,36.744926],[-108.21741,36.745107],[-108.217522,36.745109],[-108.217529,36.744929],[-108.217641,36.744932],[-108.217634,36.745112],[-108.217746,36.745115],[-108.217756,36.744844],[-108.217868,36.744847],[-108.217864,36.744937],[-108.217976,36.74494],[-108.217973,36.74503],[-108.218757,36.745048],[-108.218754,36.745138],[-108.218977,36.745143],[-108.218974,36.745233],[-108.219198,36.745239],[-108.21913,36.74713],[-108.219018,36.747128],[-108.219021,36.747038],[-108.218797,36.747032],[-108.2188,36.746942],[-108.218688,36.74694],[-108.218692,36.74685],[-108.218468,36.746844],[-108.218461,36.747025],[-108.218573,36.747027],[-108.21857,36.747117],[-108.218346,36.747112],[-108.218349,36.747022],[-108.218125,36.747017],[-108.218122,36.747107],[-108.218234,36.747109],[-108.218231,36.7472],[-108.218455,36.747205],[-108.218452,36.747295],[-108.218787,36.747303],[-108.218778,36.747573],[-108.21889,36.747576],[-108.218893,36.747486],[-108.219229,36.747493],[-108.219225,36.747583],[-108.219449,36.747589],[-108.219446,36.747679],[-108.219558,36.747681],[-108.219561,36.747591],[-108.219673,36.747594],[-108.219667,36.747774],[-108.219779,36.747777],[-108.219775,36.747867],[-108.219887,36.747869],[-108.219891,36.747779],[-108.220002,36.747782],[-108.219999,36.747872],[-108.220111,36.747875],[-108.220108,36.747965],[-108.22022,36.747967],[-108.220217,36.748057],[-108.220105,36.748055],[-108.220098,36.748235],[-108.22021,36.748238],[-108.220207,36.748328],[-108.220095,36.748325],[-108.220092,36.748415],[-108.220316,36.74842],[-108.220319,36.74833],[-108.220655,36.748338],[-108.220651,36.748428],[-108.220763,36.748431],[-108.22076,36.748521],[-108.220536,36.748516],[-108.22053,36.748696],[-108.220642,36.748699],[-108.220645,36.748608],[-108.220757,36.748611],[-108.220754,36.748701],[-108.220866,36.748704],[-108.220862,36.748794],[-108.22075,36.748791],[-108.220744,36.748971],[-108.220856,36.748974],[-108.220846,36.749244],[-108.220734,36.749242],[-108.220741,36.749061],[-108.220629,36.749059],[-108.220632,36.748969],[-108.220408,36.748964],[-108.220405,36.749054],[-108.220517,36.749056],[-108.22051,36.749236],[-108.220398,36.749234],[-108.220395,36.749324],[-108.220619,36.749329],[-108.220612,36.749509],[-108.220836,36.749515],[-108.22083,36.749695],[-108.220718,36.749692],[-108.220715,36.749782],[-108.220826,36.749785],[-108.22081,36.750235],[-108.220698,36.750233],[-108.220695,36.750323],[-108.220807,36.750325],[-108.220797,36.750596],[-108.220573,36.75059],[-108.22057,36.75068],[-108.220682,36.750683],[-108.220679,36.750773],[-108.220791,36.750776],[-108.220787,36.750866],[-108.220899,36.750868],[-108.220883,36.751319],[-108.220995,36.751321],[-108.220982,36.751682],[-108.22087,36.751679],[-108.22086,36.751949],[-108.220748,36.751947],[-108.220732,36.752397],[-108.22062,36.752395],[-108.22061,36.752665],[-108.220499,36.752662],[-108.220489,36.752933],[-108.220377,36.75293],[-108.220367,36.7532],[-108.220255,36.753198],[-108.220245,36.753468],[-108.220133,36.753465],[-108.220117,36.753916],[-108.220005,36.753913],[-108.219995,36.754183],[-108.219883,36.754181],[-108.219877,36.754361],[-108.219765,36.754358],[-108.219762,36.754448],[-108.21965,36.754446],[-108.219647,36.754536],[-108.219535,36.754533],[-108.219531,36.754623],[-108.219419,36.754621],[-108.219416,36.754711],[-108.2202,36.754729]],[[-108.223418,36.749394],[-108.223306,36.749392],[-108.223309,36.749302],[-108.223421,36.749304],[-108.223418,36.749394]],[[-108.222561,36.748293],[-108.222225,36.748285],[-108.222228,36.748195],[-108.222116,36.748192],[-108.222123,36.748012],[-108.222011,36.748009],[-108.222014,36.747919],[-108.222126,36.747922],[-108.222129,36.747832],[-108.222017,36.747829],[-108.22203,36.747469],[-108.221919,36.747466],[-108.221922,36.747376],[-108.222146,36.747381],[-108.222139,36.747561],[-108.222363,36.747567],[-108.22236,36.747657],[-108.222472,36.747659],[-108.222465,36.74784],[-108.222577,36.747842],[-108.222574,36.747932],[-108.222686,36.747935],[-108.222679,36.748115],[-108.222791,36.748118],[-108.222788,36.748208],[-108.222564,36.748202],[-108.222561,36.748293]],[[-108.219344,36.747406],[-108.219232,36.747403],[-108.219235,36.747313],[-108.219347,36.747316],[-108.219344,36.747406]],[[-108.219011,36.747308],[-108.218899,36.747305],[-108.218903,36.747215],[-108.219014,36.747218],[-108.219011,36.747308]],[[-108.218794,36.747123],[-108.218682,36.74712],[-108.218685,36.74703],[-108.218797,36.747032],[-108.218794,36.747123]],[[-108.216185,36.744898],[-108.216073,36.744895],[-108.216077,36.744805],[-108.216189,36.744808],[-108.216185,36.744898]]]}},{"type":"Feature","properties":{"class":"extent","min_prob":0.5},"geometry":{"type":"Polygon","coordinates":[[[-108.210552,36.742692],[-108.210555,36.742602],[-108.210443,36.742599],[-108.21044,36.742689],[-108.210552,36.742692]]]}},{"type":"Feature","properties":{"class":"extent","min_prob":0.5},"geometry":{"type":"Polygon","coordinates":[[[-108.210328,36.742687],[-108.210331,36.742597],[-108.210219,36.742594],[-108.210216,36.742684],[-108.210328,36.742687]]]}},{"type":"Feature","properties":{"class":"extent","min_prob":0.5},"geometry":{"type":"Polygon","coordinates":[[[-108.250641,36.743175],[-108.250645,36.743085],[-108.250421,36.74308],[-108.250418,36.74317],[-108.250641,36.743175]]]}},{"type":"Feature","properties":{"class":"extent","min_prob":0.5},"geometry":{"type":"Polygon","coordinates":[[[-108.210798,36.742067],[-108.210802,36.741976],[-108.21069,36.741974],[-108.210686,36.742064],[-108.210798,36.742067]]]}},{"type":"Feature","properties":{"class":"extent","min_prob":0.5},"geometry":{"type":"Polygon","coordinates":[[[-108.21069,36.741974],[-108.210693,36.741884],[-108.210581,36.741881],[-108.210578,36.741971],[-108.21069,36.741974]]]}},{"type":"Feature","properties":{"class":"extent","min_prob":0.5},"geometry":{"type":"Polygon","coordinates":[[[-108.214723,36.741978],[-108.214726,36.741888],[-108.214614,36.741886],[-108.214611,36.741976],[-108.214723,36.741978]]]}},{"type":"Feature","properties":{"class":"extent","min_prob":0.5},"geometry":{"type":"Polygon","coordinates":[[[-108.214275,36.741968],[-108.214278,36.741878],[-108.214166,36.741875],[-108.214163,36.741965],[-108.214275,36.741968]]]}},{"type":"Feature","properties":{"class":"extent","min_prob":0.5},"geometry":{"type":"Polygon","coordinates":[[[-108.215282,36.741991],[-108.215289,36.741811],[-108.215065,36.741806],[-108.215058,36.741986],[-108.215282,36.741991]]]}},{"type":"Feature","properties":{"class":"extent","min_prob":0.5},"geometry":{"type":"Polygon","coordinates":[[[-108.214614,36.741886],[-108.214617,36.741795],[-108.214281,36.741788],[-108.214278,36.741878],[-108.214614,36.741886]]]}},{"type":"Feature","properties":{"class":"extent","min_prob":0.5},"geometry":{"type":"Polygon","coordinates":[[[-108.214844,36.741711],[-108.214851,36.74153],[-108.214739,36.741528],[-108.214732,36.741708],[-108.214844,36.741711]]]}},{"type":"Feature","properties":{"class":"extent","min_prob":0.5},"geometry":{"type":"Polygon","coordinates":[[[-108.214288,36.741607],[-108.214291,36.741517],[-108.214179,36.741515],[-108.214176,36.741605],[-108.214288,36.741607]]]}},{"type":"Feature","properties":{"class":"extent","min_prob":0.5},"geometry":{"type":"Polygon","coordinates":[[[-108.21463,36.741435],[-108.214633,36.741345],[-108.214521,36.741342],[-108.214518,36.741432],[-108.21463,36.741435]]]}},{"type":"Feature","properties":{"class":"extent","min_prob":0.5},"geometry":{"type":"Polygon","coordinates":[[[-108.214406,36.74143],[-108.214413,36.74125],[-108.214301,36.741247],[-108.214294,36.741427],[-108.214406,36.74143]]]}},{"type":"Feature","properties":{"class":"extent","min_prob":0.5},"geometry":{"type":"Polygon","coordinates":[[[-108.213412,36.741046],[-108.213415,36.740956],[-108.213303,36.740953],[-108.2133,36.741043],[-108.213412,36.741046]]]}},{"type":"Feature","properties":{"class":"extent","min_prob":0.5},"geometry":{"type":"Polygon","coordinates":[[[-108.213188,36.741041],[-108.213191,36.740951],[-108.213079,36.740948],[-108.213076,36.741038],[-108.213188,36.741041]]]}},{"type":"Feature","properties":{"class":"extent","min_prob":0.5},"geometry":{"type":"Polygon","coordinates":[[[-108.213748,36.741054],[-108.213754,36.740874],[-108.213642,36.740871],[-108.213636,36.741051],[-108.213748,36.741054]]]}},{"type":"Feature","properties":{"class":"extent","min_prob":0.5},"geometry":{"type":"Polygon","coordinates":[[[-108.213527,36.740958],[-108.21353,36.740868],[-108.213642,36.740871],[-108.213646,36.740781],[-108.213422,36.740776],[-108.213415,36.740956],[-108.213527,36.740958]]]}},{"type":"Feature","properties":{"class":"extent","min_prob":0.5},"geometry":{"type":"Polygon","coordinates":[[[-108.213425,36.740686],[-108.213428,36.740595],[-108.213316,36.740593],[-108.213313,36.740683],[-108.213425,36.740686]]]}},{"type":"Feature","properties":{"class":"extent","min_prob":0.5},"geometry":{"type":"Polygon","coordinates":[[[-108.213431,36.740505],[-108.213435,36.740415],[-108.213211,36.74041],[-108.213208,36.7405],[-108.213431,36.740505]]]}},{"type":"Feature","properties":{"class":"extent","min_prob":0.5},"geometry":{"type":"Polygon","coordinates":[[[-108.213096,36.740498],[-108.213099,36.740407],[-108.212987,36.740405],[-108.212984,36.740495],[-108.213096,36.740498]]]}},{"type":"Feature","properties":{"class":"extent","min_prob":0.5},"geometry":{"type":"Polygon","coordinates":[[[-108.242765,36.741009],[-108.242768,36.740919],[-108.242656,36.740916],[-108.242653,36.741006],[-108.242765,36.741009]]]}},{"type":"Feature","properties":{"class":"extent","min_prob":0.5},"geometry":{"type":"Polygon","coordinates":[[[-108.213214,36.74032],[-108.213217,36.74023],[-108.213105,36.740227],[-108.213102,36.740317],[-108.213214,36.74032]]]}},{"type":"Feature","properties":{"class":"extent","min_prob":0.5},"geometry":{"type":"Polygon","coordinates":[[[-108.212878,36.740312],[-108.212882,36.740222],[-108.21277,36.740219],[-108.212766,36.74031],[-108.212878,36.740312]]]}},{"type":"Feature","properties":{"class":"extent","min_prob":0.5},"geometry":{"type":"Polygon","coordinates":[[[-108.212993,36.740225],[-108.212997,36.740135],[-108.212885,36.740132],[-108.212882,36.740222],[-108.212993,36.740225]]]}},{"type":"Feature","properties":{"class":"extent","min_prob":0.5},"geometry":{"type":"Polygon","coordinates":[[[-108.21277,36.740219],[-108.212773,36.740129],[-108.212661,36.740127],[-108.212658,36.740217],[-108.21277,36.740219]]]}},{"type":"Feature","properties":{"class":"extent","min_prob":0.5},"geometry":{"type":"Polygon","coordinates":[[[-108.242992,36.740924],[-108.242998,36.740744],[-108.242886,36.740741],[-108.24288,36.740921],[-108.242992,36.740924]]]}},{"type":"Feature","properties":{"class":"extent","min_prob":0.5},"geometry":{"type":"Polygon","coordinates":[[[-108.24289,36.740651],[-108.242893,36.740561],[-108.242781,36.740558],[-108.242778,36.740648],[-108.24289,36.740651]]]}},{"type":"Feature","properties":{"class":"extent","min_prob":0.5},"geometry":{"type":"Polygon","coordinates":[[[-108.243008,36.740474],[-108.243011,36.740383],[-108.242899,36.740381],[-108.242896,36.740471],[-108.243008,36.740474]]]}},{"type":"Feature","properties":{"class":"extent","min_prob":0.5},"geometry":{"type":"Polygon","coordinates":[[[-108.214129,36.7398],[-108.214132,36.73971],[-108.21402,36.739708],[-108.214017,36.739798],[-108.214129,36.7398]]]}},{"type":"Feature","properties":{"class":"extent","min_prob":0.5},"geometry":{"type":"Polygon","coordinates":[[[-108.243353,36.740211],[-108.243357,36.740121],[-108.243245,36.740118],[-108.243241,36.740208],[-108.243353,36.740211]]]}},{"type":"Feature","properties":{"class":"extent","min_prob":0.5},"geometry":{"type":"Polygon","coordinates":[[[-108.210564,36.739266],[-108.210567,36.739176],[-108.210455,36.739173],[-108.210452,36.739263],[-108.210564,36.739266]]]}},{"type":"Feature","properties":{"class":"extent","min_prob":0.5},"geometry":{"type":"Polygon","coordinates":[[[-108.212921,36.739141],[-108.212924,36.739051],[-108.212812,36.739048],[-108.212809,36.739138],[-108.212921,36.739141]]]}},{"type":"Feature","properties":{"class":"extent","min_prob":0.5},"geometry":{"type":"Polygon","coordinates":[[[-108.244041,36.739776],[-108.244044,36.739686],[-108.243932,36.739683],[-108.243929,36.739774],[-108.244041,36.739776]]]}},{"type":"Feature","properties":{"class":"extent","min_prob":0.5},"geometry":{"type":"Polygon","coordinates":[[[-108.2596,36.740136],[-108.259603,36.740046],[-108.259827,36.740051],[-108.25983,36.739961],[-108.259607,36.739956],[-108.25961,36.739865],[-108.259498,36.739863],[-108.259488,36.740133],[-108.2596,36.740136]]]}},{"type":"Feature","properties":{"class":"extent","min_prob":0.5},"geometry":{"type":"Polygon","coordinates":[[[-108.244268,36.739691],[-108.244271,36.739601],[-108.244159,36.739599],[-108.244163,36.739508],[-108.244051,36.739506],[-108.244044,36.739686],[-108.244268,36.739691]]]}},{"type":"Feature","properties":{"class":"extent","min_prob":0.5},"geometry":{"type":"Polygon","coordinates":[[[-108.259162,36.739855],[-108.259165,36.739765],[-108.259053,36.739762],[-108.25905,36.739853],[-108.259162,36.739855]]]}},{"type":"Feature","properties":{"class":"extent","min_prob":0.5},"geometry":{"type":"Polygon","coordinates":[[[-108.258945,36.73967],[-108.258948,36.73958],[-108.258836,36.739577],[-108.258833,36.739667],[-108.258945,36.73967]]]}},{"type":"Feature","properties":{"class":"extent","min_prob":0.5},"geometry":{"type":"Polygon","coordinates":[[[-108.214744,36.738282],[-108.214751,36.738102],[-108.214639,36.738099],[-108.214632,36.73828],[-108.214744,36.738282]]]}},{"type":"Feature","properties":{"class":"extent","min_prob":0.5},"geometry":{"type":"Polygon","coordinates":[[[-108.246875,36.73885],[-108.246878,36.73876],[-108.246766,36.738757],[-108.246763,36.738847],[-108.246875,36.73885]]]}},{"type":"Feature","properties":{"class":"extent","min_prob":0.5},"geometry":{"type":"Polygon","coordinates":[[[-108.214639,36.738099],[-108.214642,36.738009],[-108.21453,36.738007],[-108.214527,36.738097],[-108.214639,36.738099]]]}},{"type":"Feature","properties":{"class":"extent","min_prob":0.5},"geometry":{"type":"Polygon","coordinates":[[[-108.213747,36.737988],[-108.21375,36.737898],[-108.213638,36.737896],[-108.213635,36.737986],[-108.213747,36.737988]]]}},{"type":"Feature","properties":{"class":"extent","min_prob":0.5},"geometry":{"type":"Polygon","coordinates":[[[-108.24722,36.738588],[-108.247224,36.738497],[-108.247112,36.738495],[-108.247108,36.738585],[-108.24722,36.738588]]]}},{"type":"Feature","properties":{"class":"extent","min_prob":0.5},"geometry":{"type":"Polygon","coordinates":[[[-108.211179,36.737748],[-108.211182,36.737658],[-108.21107,36.737655],[-108.211067,36.737745],[-108.211179,36.737748]]]}},{"type":"Feature","properties":{"class":"extent","min_prob":0.5},"geometry":{"type":"Polygon","coordinates":[[[-108.209052,36.737698],[-108.209055,36.737608],[-108.208943,36.737605],[-108.20894,36.737695],[-108.209052,36.737698]]]}},{"type":"Feature","properties":{"class":"extent","min_prob":0.5},"geometry":{"type":"Polygon","coordinates":[[[-108.216219,36.737776],[-108.216229,36.737505],[-108.216117,36.737503],[-108.21611,36.737683],[-108.215998,36.73768],[-108.215995,36.73777],[-108.216219,36.737776]]]}},{"type":"Feature","properties":{"class":"extent","min_prob":0.5},"geometry":{"type":"Polygon","coordinates":[[[-108.21398,36.737723],[-108.213983,36.737633],[-108.214095,36.737636],[-108.214099,36.737546],[-108.213987,36.737543],[-108.213993,36.737363],[-108.213881,36.73736],[-108.213868,36.737721],[-108.21398,36.737723]]]}},{"type":"Feature","properties":{"class":"extent","min_prob":0.5},"geometry":{"type":"Polygon","coordinates":[[[-108.227658,36.737412],[-108.227661,36.737322],[-108.22755,36.737319],[-108.227546,36.737409],[-108.227658,36.737412]]]}},{"type":"Feature","properties":{"class":"extent","min_prob":0.5},"geometry":{"type":"Polygon","coordinates":[[[-108.228109,36.737332],[-108.228112,36.737242],[-108.228001,36.737239],[-108.227997,36.73733],[-108.228109,36.737332]]]}},{"type":"Feature","properties":{"class":"extent","min_prob":0.5},"geometry":{"type":"Polygon","coordinates":[[[-108.227438,36.737316],[-108.227441,36.737226],[-108.227329,36.737224],[-108.227326,36.737314],[-108.227438,36.737316]]]}},{"type":"Feature","properties":{"class":"extent","min_prob":0.5},"geometry":{"type":"Polygon","coordinates":[[[-108.254087,36.737664],[-108.25409,36.737574],[-108.253978,36.737572],[-108.253975,36.737662],[-108.254087,36.737664]]]}},{"type":"Feature","properties":{"class":"extent","min_prob":0.5},"geometry":{"type":"Polygon","coordinates":[[[-108.249952,36.737388],[-108.249955,36.737298],[-108.249843,36.737296],[-108.24984,36.737386],[-108.249952,36.737388]]]}},{"type":"Feature","properties":{"class":"extent","min_prob":0.5},"geometry":{"type":"Polygon","coordinates":[[[-108.225669,36.736644],[-108.225673,36.736554],[-108.225561,36.736551],[-108.225558,36.736642],[-108.225669,36.736644]]]}},{"type":"Feature","properties":{"class":"extent","min_prob":0.5},"geometry":{"type":"Polygon","coordinates":[[[-108.255002,36.737144],[-108.255005,36.737054],[-108.254893,36.737052],[-108.25489,36.737142],[-108.255002,36.737144]]]}},{"type":"Feature","properties":{"class":"extent","min_prob":0.5},"geometry":{"type":"Polygon","coordinates":[[[-108.292614,36.737917],[-108.292618,36.737826],[-108.292506,36.737824],[-108.292503,36.737914],[-108.292614,36.737917]]]}},{"type":"Feature","properties":{"class":"extent","min_prob":0.5},"geometry":{"type":"Polygon","coordinates":[[[-108.21874,36.736212],[-108.218743,36.736122],[-108.218631,36.736119],[-108.218628,36.736209],[-108.21874,36.736212]]]}},{"type":"Feature","properties":{"class":"extent","min_prob":0.5},"geometry":{"type":"Polygon","coordinates":[[[-108.215046,36.736125],[-108.215049,36.736035],[-108.214937,36.736033],[-108.214934,36.736123],[-108.215046,36.736125]]]}},{"type":"Feature","properties":{"class":"extent","min_prob":0.5},"geometry":{"type":"Polygon","coordinates":[[[-108.216165,36.736152],[-108.216172,36.735971],[-108.215948,36.735966],[-108.215942,36.736146],[-108.216165,36.736152]]]}},{"type":"Feature","properties":{"class":"extent","min_prob":0.5},"geometry":{"type":"Polygon","coordinates":[[[-108.225347,36.736276],[-108.22535,36.736186],[-108.225238,36.736183],[-108.225235,36.736273],[-108.225347,36.736276]]]}},{"type":"Feature","properties":{"class":"extent","min_prob":0.5},"geometry":{"type":"Polygon","coordinates":[[[-108.240522,36.753579],[-108.240528,36.753399],[-108.240752,36.753404],[-108.240755,36.753314],[-108.240643,36.753312],[-108.240647,36.753222],[-108.240759,36.753224],[-108.240778,36.752684],[-108.24089,36.752686],[-108.240893,36.752596],[-108.241005,36.752599],[-108.241008,36.752509],[-108.24112,36.752511],[-108.241124,36.752421],[-108.241236,36.752424],[-108.241245,36.752154],[-108.241357,36.752156],[-108.24136,36.752066],[-108.241584,36.752071],[-108.241587,36.751981],[-108.241699,36.751984],[-108.241703,36.751894],[-108.241927,36.751899],[-108.24193,36.751809],[-108.242042,36.751811],[-108.242045,36.751721],[-108.242157,36.751724],[-108.24216,36.751634],[-108.242272,36.751637],[-108.242275,36.751546],[-108.242387,36.751549],[-108.242391,36.751459],[-108.242502,36.751462],[-108.242506,36.751371],[-108.242618,36.751374],[-108.242624,36.751194],[-108.242512,36.751191],[-108.242532,36.750651],[-108.242196,36.750643],[-108.242215,36.750102],[-108.242439,36.750108],[-108.242442,36.750018],[-108.242218,36.750012],[-108.242221,36.749922],[-108.242333,36.749925],[-108.242337,36.749835],[-108.242225,36.749832],[-108.242228,36.749742],[-108.242116,36.749739],[-108.242122,36.749559],[-108.242234,36.749562],[-108.242238,36.749472],[-108.242461,36.749477],[-108.242474,36.749117],[-108.242362,36.749114],[-108.242366,36.749024],[-108.242254,36.749021],[-108.242263,36.748751],[-108.242151,36.748749],[-108.242155,36.748658],[-108.242267,36.748661],[-108.24227,36.748571],[-108.242382,36.748574],[-108.242385,36.748483],[-108.242273,36.748481],[-108.242276,36.748391],[-108.242164,36.748388],[-108.242158,36.748568],[-108.242046,36.748566],[-108.242056,36.748296],[-108.242168,36.748298],[-108.242171,36.748208],[-108.242507,36.748216],[-108.242503,36.748306],[-108.242391,36.748303],[-108.242388,36.748393],[-108.2425,36.748396],[-108.242491,36.748666],[-108.242602,36.748669],[-108.242606,36.748579],[-108.242718,36.748581],[-108.242711,36.748762],[-108.242599,36.748759],[-108.24259,36.749029],[-108.242702,36.749032],[-108.242698,36.749122],[-108.24281,36.749124],[-108.242813,36.749034],[-108.242925,36.749037],[-108.242932,36.748857],[-108.24282,36.748854],[-108.242826,36.748674],[-108.242938,36.748677],[-108.242942,36.748587],[-108.243053,36.748589],[-108.243057,36.748499],[-108.243169,36.748502],[-108.243165,36.748592],[-108.243389,36.748597],[-108.243396,36.748417],[-108.243508,36.748419],[-108.243505,36.748509],[-108.243616,36.748512],[-108.243613,36.748602],[-108.243725,36.748605],[-108.243722,36.748695],[-108.243834,36.748697],[-108.243827,36.748878],[-108.243939,36.74888],[-108.243943,36.74879],[-108.244055,36.748793],[-108.244058,36.748703],[-108.24417,36.748705],[-108.244167,36.748795],[-108.244838,36.748811],[-108.244845,36.748631],[-108.244621,36.748625],[-108.244624,36.748535],[-108.244736,36.748538],[-108.244739,36.748448],[-108.244851,36.74845],[-108.244874,36.74782],[-108.244986,36.747822],[-108.245005,36.747282],[-108.245117,36.747285],[-108.245136,36.746744],[-108.245248,36.746747],[-108.245255,36.746566],[-108.245367,36.746569],[-108.24537,36.746479],[-108.245258,36.746476],[-108.245264,36.746296],[-108.245152,36.746294],[-108.245156,36.746203],[-108.244932,36.746198],[-108.244925,36.746378],[-108.244813,36.746376],[-108.244817,36.746286],[-108.244593,36.746281],[-108.244596,36.746191],[-108.244708,36.746193],[-108.244711,36.746103],[-108.244487,36.746098],[-108.244484,36.746188],[-108.244372,36.746185],[-108.244369,36.746275],[-108.244145,36.74627],[-108.244142,36.74636],[-108.24403,36.746358],[-108.244033,36.746268],[-108.243921,36.746265],[-108.243915,36.746445],[-108.243803,36.746443],[-108.243806,36.746353],[-108.243694,36.74635],[-108.2437,36.74617],[-108.243476,36.746165],[-108.243473,36.746255],[-108.243361,36.746252],[-108.243358,36.746342],[-108.243246,36.74634],[-108.243243,36.74643],[-108.242683,36.746417],[-108.242673,36.746687],[-108.242561,36.746684],[-108.242558,36.746774],[-108.242446,36.746772],[-108.242453,36.746592],[-108.242565,36.746594],[-108.242568,36.746504],[-108.242456,36.746502],[-108.242459,36.746411],[-108.242347,36.746409],[-108.242351,36.746319],[-108.242462,36.746321],[-108.242475,36.745961],[-108.242587,36.745964],[-108.242584,36.746054],[-108.242696,36.746056],[-108.242702,36.745876],[-108.242814,36.745879],[-108.242821,36.745699],[-108.242933,36.745701],[-108.242939,36.745521],[-108.243051,36.745524],[-108.243058,36.745343],[-108.24317,36.745346],[-108.243173,36.745256],[-108.243285,36.745259],[-108.243288,36.745168],[-108.2434,36.745171],[-108.243422,36.74454],[-108.243534,36.744543],[-108.243538,36.744453],[-108.24365,36.744456],[-108.243646,36.744546],[-108.24387,36.744551],[-108.243893,36.74392],[-108.244005,36.743923],[-108.244008,36.743833],[-108.24412,36.743835],[-108.244126,36.743655],[-108.244238,36.743658],[-108.244242,36.743568],[-108.244353,36.74357],[-108.244357,36.74348],[-108.244469,36.743483],[-108.244472,36.743393],[-108.244584,36.743395],[-108.244587,36.743305],[-108.244475,36.743303],[-108.244478,36.743212],[-108.24459,36.743215],[-108.244593,36.743125],[-108.244705,36.743128],[-108.244709,36.743037],[-108.244933,36.743043],[-108.244939,36.742862],[-108.245051,36.742865],[-108.245054,36.742775],[-108.245278,36.74278],[-108.245281,36.74269],[-108.245841,36.742703],[-108.245838,36.742793],[-108.246285,36.742803],[-108.246282,36.742894],[-108.246618,36.742901],[-108.246621,36.742811],[-108.246733,36.742814],[-108.246736,36.742724],[-108.246848,36.742726],[-108.246852,36.742636],[-108.246964,36.742639],[-108.246967,36.742549],[-108.247303,36.742557],[-108.247309,36.742376],[-108.247533,36.742382],[-108.247539,36.742201],[-108.247763,36.742207],[-108.24777,36.742026],[-108.247658,36.742024],[-108.247677,36.741483],[-108.247789,36.741486],[-108.247783,36.741666],[-108.247894,36.741669],[-108.247898,36.741579],[-108.24801,36.741581],[-108.248013,36.741491],[-108.247901,36.741488],[-108.247907,36.741308],[-108.248019,36.741311],[-108.248026,36.741131],[-108.248138,36.741133],[-108.248144,36.740953],[-108.248256,36.740956],[-108.248253,36.741046],[-108.248365,36.741048],[-108.248394,36.740238],[-108.248506,36.74024],[-108.248525,36.7397],[-108.248637,36.739702],[-108.248643,36.739522],[-108.248979,36.73953],[-108.248982,36.73944],[-108.24943,36.73945],[-108.249433,36.73936],[-108.249545,36.739363],[-108.249552,36.739182],[-108.249776,36.739188],[-108.249779,36.739098],[-108.250115,36.739105],[-108.250118,36.739015],[-108.25023,36.739018],[-108.250233,36.738928],[-108.250345,36.73893],[-108.250348,36.73884],[-108.25046,36.738843],[-108.250466,36.738663],[-108.250578,36.738665],[-108.250582,36.738575],[-108.250693,36.738578],[-108.250719,36.737857],[-108.250607,36.737854],[-108.250614,36.737674],[-108.250502,36.737672],[-108.250508,36.737491],[-108.250284,36.737486],[-108.250288,36.737396],[-108.250064,36.737391],[-108.25006,36.737481],[-108.249949,36.737479],[-108.249942,36.737659],[-108.249606,36.737651],[-108.24961,36.737561],[-108.249721,36.737563],[-108.249725,36.737473],[-108.249613,36.737471],[-108.249616,36.737381],[-108.249728,36.737383],[-108.249731,36.737293],[-108.249843,36.737296],[-108.249846,36.737206],[-108.249734,36.737203],[-108.249738,36.737113],[-108.249514,36.737108],[-108.249517,36.737018],[-108.249293,36.737013],[-108.249287,36.737193],[-108.249175,36.73719],[-108.249165,36.73746],[-108.249053,36.737458],[-108.249047,36.737638],[-108.248823,36.737633],[-108.24882,36.737723],[-108.248708,36.73772],[-108.248704,36.73781],[-108.248257,36.7378],[-108.24826,36.73771],[-108.248036,36.737705],[-108.248039,36.737615],[-108.247815,36.73761],[-108.247812,36.7377],[-108.2477,36.737697],[-108.247697,36.737787],[-108.247585,36.737785],[-108.247582,36.737875],[-108.24747,36.737872],[-108.247457,36.738232],[-108.247345,36.73823],[-108.247339,36.73841],[-108.247227,36.738407],[-108.247224,36.738497],[-108.247336,36.7385],[-108.247329,36.73868],[-108.247441,36.738683],[-108.247438,36.738773],[-108.24755,36.738775],[-108.247546,36.738866],[-108.247435,36.738863],[-108.247431,36.738953],[-108.247319,36.73895],[-108.247323,36.73886],[-108.247211,36.738858],[-108.247207,36.738948],[-108.246648,36.738935],[-108.246641,36.739115],[-108.246529,36.739113],[-108.246526,36.739203],[-108.246638,36.739205],[-108.246635,36.739295],[-108.245516,36.739269],[-108.245519,36.739179],[-108.245407,36.739177],[-108.24541,36.739087],[-108.245186,36.739081],[-108.245193,36.738901],[-108.245081,36.738899],[-108.245094,36.738538],[-108.245206,36.738541],[-108.245212,36.738361],[-108.245324,36.738363],[-108.245327,36.738273],[-108.245439,36.738276],[-108.245442,36.738186],[-108.245778,36.738193],[-108.245781,36.738103],[-108.245893,36.738106],[-108.24589,36.738196],[-108.246114,36.738201],[-108.246117,36.738111],[-108.246229,36.738114],[-108.246232,36.738024],[-108.246344,36.738026],[-108.246351,36.737846],[-108.246463,36.737849],[-108.246469,36.737669],[-108.246581,36.737671],[-108.246584,36.737581],[-108.246696,36.737584],[-108.246706,36.737313],[-108.246818,36.737316],[-108.246827,36.737046],[-108.246939,36.737048],[-108.246946,36.736868],[-108.246834,36.736866],[-108.246837,36.736775],[-108.246725,36.736773],[-108.246728,36.736683],[-108.246504,36.736678],[-108.246508,36.736587],[-108.246284,36.736582],[-108.246277,36.736762],[-108.246165,36.73676],[-108.246162,36.73685],[-108.24605,36.736847],[-108.246044,36.737028],[-108.246156,36.73703],[-108.246153,36.73712],[-108.246041,36.737118],[-108.246034,36.737298],[-108.246146,36.7373],[-108.24614,36.737481],[-108.246028,36.737478],[-108.246021,36.737658],[-108.245909,36.737656],[-108.245906,36.737746],[-108.245794,36.737743],[-108.245797,36.737653],[-108.245686,36.73765],[-108.245682,36.73774],[-108.24557,36.737738],[-108.245564,36.737918],[-108.245004,36.737905],[-108.245001,36.737995],[-108.244889,36.737993],[-108.244883,36.738173],[-108.244771,36.73817],[-108.244764,36.73835],[-108.244428,36.738343],[-108.244432,36.738252],[-108.24432,36.73825],[-108.244313,36.73843],[-108.244201,36.738427],[-108.244198,36.738518],[-108.244086,36.738515],[-108.244077,36.738785],[-108.2443,36.73879],[-108.244297,36.73888],[-108.244521,36.738886],[-108.244515,36.739066],[-108.244627,36.739068],[-108.24462,36.739249],[-108.244508,36.739246],[-108.244505,36.739336],[-108.244617,36.739339],[-108.24461,36.739519],[-108.244387,36.739514],[-108.24438,36.739694],[-108.244268,36.739691],[-108.244265,36.739781],[-108.244153,36.739779],[-108.24415,36.739869],[-108.244038,36.739866],[-108.244035,36.739956],[-108.243923,36.739954],[-108.24392,36.740044],[-108.243584,36.740036],[-108.243577,36.740216],[-108.243689,36.740219],[-108.243686,36.740309],[-108.24335,36.740301],[-108.243347,36.740391],[-108.243235,36.740389],[-108.243232,36.740479],[-108.24312,36.740476],[-108.243113,36.740656],[-108.243225,36.740659],[-108.243222,36.740749],[-108.24311,36.740746],[-108.243104,36.740927],[-108.242992,36.740924],[-108.242989,36.741014],[-108.242877,36.741011],[-108.242873,36.741102],[-108.242761,36.741099],[-108.242755,36.741279],[-108.242867,36.741282],[-108.24287,36.741192],[-108.242982,36.741194],[-108.242985,36.741104],[-108.243545,36.741117],[-108.243542,36.741207],[-108.243654,36.74121],[-108.243651,36.7413],[-108.243539,36.741297],[-108.243535,36.741387],[-108.243311,36.741382],[-108.243305,36.741562],[-108.243081,36.741557],[-108.243075,36.741737],[-108.242963,36.741735],[-108.242956,36.741915],[-108.242844,36.741912],[-108.242841,36.742002],[-108.242729,36.742],[-108.242726,36.74209],[-108.242502,36.742085],[-108.242499,36.742175],[-108.242163,36.742167],[-108.242173,36.741897],[-108.242061,36.741894],[-108.242054,36.742074],[-108.241942,36.742072],[-108.241936,36.742252],[-108.241824,36.742249],[-108.241818,36.742429],[-108.241706,36.742427],[-108.241699,36.742607],[-108.241587,36.742604],[-108.241581,36.742785],[-108.241469,36.742782],[-108.241462,36.742962],[-108.24135,36.74296],[-108.241344,36.74314],[-108.241232,36.743137],[-108.241226,36.743317],[-108.241114,36.743315],[-108.241101,36.743675],[-108.241213,36.743678],[-108.241209,36.743768],[-108.241657,36.743778],[-108.24166,36.743688],[-108.241437,36.743683],[-108.24144,36.743593],[-108.241664,36.743598],[-108.24167,36.743418],[-108.241782,36.74342],[-108.241785,36.74333],[-108.241897,36.743333],[-108.24191,36.742973],[-108.242022,36.742975],[-108.242025,36.742885],[-108.242137,36.742888],[-108.242134,36.742978],[-108.242246,36.74298],[-108.242249,36.74289],[-108.242473,36.742895],[-108.242476,36.742805],[-108.242588,36.742808],[-108.242591,36.742718],[-108.242703,36.74272],[-108.2427,36.742811],[-108.242812,36.742813],[-108.242819,36.742633],[-108.242931,36.742636],[-108.242934,36.742546],[-108.243046,36.742548],[-108.243055,36.742278],[-108.242943,36.742275],[-108.242947,36.742185],[-108.243059,36.742188],[-108.243062,36.742098],[-108.243398,36.742105],[-108.243401,36.742015],[-108.243625,36.742021],[-108.243621,36.742111],[-108.243733,36.742113],[-108.243737,36.742023],[-108.243849,36.742026],[-108.243855,36.741846],[-108.243967,36.741848],[-108.243964,36.741938],[-108.244076,36.741941],[-108.244063,36.742301],[-108.243951,36.742299],[-108.243948,36.742389],[-108.243724,36.742384],[-108.243717,36.742564],[-108.243829,36.742566],[-108.243816,36.742927],[-108.243704,36.742924],[-108.243701,36.743014],[-108.243589,36.743012],[-108.24357,36.743552],[-108.243458,36.743549],[-108.243452,36.74373],[-108.24334,36.743727],[-108.243336,36.743817],[-108.243224,36.743815],[-108.243221,36.743905],[-108.242997,36.743899],[-108.242994,36.74399],[-108.24277,36.743984],[-108.242767,36.744074],[-108.242655,36.744072],[-108.242652,36.744162],[-108.24254,36.744159],[-108.242533,36.744339],[-108.242421,36.744337],[-108.242415,36.744517],[-108.242303,36.744514],[-108.242297,36.744695],[-108.242185,36.744692],[-108.242181,36.744782],[-108.24207,36.74478],[-108.242063,36.74496],[-108.241951,36.744957],[-108.241948,36.745047],[-108.24206,36.74505],[-108.242057,36.74514],[-108.242169,36.745142],[-108.242143,36.745863],[-108.242255,36.745866],[-108.242251,36.745956],[-108.24214,36.745953],[-108.242127,36.746314],[-108.242015,36.746311],[-108.242011,36.746401],[-108.2419,36.746398],[-108.241896,36.746489],[-108.24212,36.746494],[-108.24211,36.746764],[-108.241887,36.746759],[-108.241883,36.746849],[-108.241771,36.746846],[-108.241762,36.747117],[-108.241426,36.747109],[-108.241419,36.747289],[-108.241308,36.747286],[-108.241304,36.747376],[-108.241416,36.747379],[-108.241413,36.747469],[-108.241301,36.747467],[-108.241298,36.747557],[-108.241186,36.747554],[-108.241167,36.748095],[-108.241278,36.748097],[-108.241285,36.747917],[-108.241509,36.747922],[-108.241506,36.748012],[-108.241394,36.74801],[-108.24139,36.7481],[-108.241502,36.748102],[-108.241499,36.748192],[-108.241387,36.74819],[-108.241384,36.74828],[-108.241496,36.748283],[-108.241493,36.748373],[-108.241381,36.74837],[-108.241378,36.74846],[-108.241266,36.748458],[-108.241262,36.748548],[-108.24115,36.748545],[-108.241147,36.748635],[-108.241035,36.748632],[-108.241032,36.748723],[-108.241144,36.748725],[-108.241141,36.748815],[-108.241253,36.748818],[-108.241246,36.748998],[-108.24147,36.749003],[-108.241467,36.749093],[-108.241355,36.749091],[-108.241348,36.749271],[-108.241237,36.749268],[-108.24124,36.749178],[-108.241016,36.749173],[-108.241013,36.749263],[-108.241125,36.749266],[-108.241115,36.749536],[-108.241227,36.749539],[-108.24122,36.749719],[-108.240996,36.749714],[-108.240987,36.749984],[-108.240875,36.749981],[-108.240872,36.750071],[-108.240984,36.750074],[-108.24098,36.750164],[-108.240868,36.750161],[-108.240865,36.750251],[-108.240753,36.750249],[-108.240747,36.750429],[-108.240635,36.750426],[-108.240628,36.750607],[-108.240516,36.750604],[-108.240507,36.750874],[-108.240395,36.750872],[-108.240382,36.751232],[-108.240494,36.751235],[-108.240487,36.751415],[-108.240599,36.751417],[-108.240596,36.751507],[-108.240708,36.75151],[-108.240711,36.75142],[-108.240823,36.751423],[-108.240826,36.751332],[-108.24105,36.751338],[-108.241047,36.751428],[-108.240935,36.751425],[-108.240929,36.751605],[-108.240817,36.751603],[-108.24081,36.751783],[-108.240922,36.751786],[-108.240919,36.751876],[-108.240807,36.751873],[-108.240804,36.751963],[-108.240692,36.751961],[-108.240682,36.752231],[-108.24057,36.752228],[-108.240567,36.752318],[-108.240679,36.752321],[-108.240676,36.752411],[-108.240564,36.752408],[-108.240554,36.752679],[-108.240442,36.752676],[-108.240439,36.752766],[-108.240551,36.752769],[-108.240548,36.752859],[-108.240436,36.752856],[-108.240426,36.753126],[-108.240314,36.753124],[-108.240304,36.753394],[-108.240416,36.753397],[-108.24041,36.753577],[-108.240522,36.753579]],[[-108.241824,36.751626],[-108.241712,36.751624],[-108.241725,36.751263],[-108.241837,36.751266],[-108.241847,36.750996],[-108.241959,36.750998],[-108.241962,36.750908],[-108.242074,36.750911],[-108.242068,36.751091],[-108.241956,36.751088],[-108.241952,36.751178],[-108.242064,36.751181],[-108.242058,36.751361],[-108.241946,36.751358],[-108.241943,36.751449],[-108.241831,36.751446],[-108.241824,36.751626]],[[-108.242113,36.74983],[-108.242001,36.749827],[-108.242004,36.749737],[-108.242116,36.749739],[-108.242113,36.74983]],[[-108.24178,36.749732],[-108.241668,36.749729],[-108.241671,36.749639],[-108.241783,36.749642],[-108.24178,36.749732]],[[-108.241556,36.749727],[-108.241444,36.749724],[-108.241448,36.749634],[-108.241559,36.749636],[-108.241556,36.749727]],[[-108.244285,36.748618],[-108.244173,36.748615],[-108.244176,36.748525],[-108.244288,36.748528],[-108.244285,36.748618]],[[-108.2444,36.74853],[-108.244288,36.748528],[-108.244295,36.748347],[-108.244407,36.74835],[-108.2444,36.74853]],[[-108.244739,36.748448],[-108.244515,36.748443],[-108.244518,36.748353],[-108.244742,36.748358],[-108.244739,36.748448]],[[-108.244634,36.748265],[-108.244522,36.748263],[-108.244525,36.748172],[-108.244637,36.748175],[-108.244634,36.748265]],[[-108.244525,36.748172],[-108.244301,36.748167],[-108.244304,36.748077],[-108.244528,36.748082],[-108.244525,36.748172]],[[-108.243182,36.748141],[-108.24307,36.748139],[-108.243073,36.748049],[-108.243185,36.748051],[-108.243182,36.748141]],[[-108.242513,36.748036],[-108.242401,36.748033],[-108.242404,36.747943],[-108.242516,36.747946],[-108.242513,36.748036]],[[-108.242177,36.748028],[-108.242065,36.748025],[-108.242072,36.747845],[-108.24196,36.747842],[-108.241963,36.747752],[-108.241851,36.74775],[-108.241854,36.74766],[-108.241966,36.747662],[-108.24197,36.747572],[-108.242081,36.747575],[-108.242085,36.747485],[-108.242197,36.747487],[-108.2422,36.747397],[-108.242312,36.7474],[-108.242315,36.74731],[-108.242651,36.747318],[-108.242654,36.747227],[-108.242766,36.74723],[-108.242769,36.74714],[-108.242657,36.747137],[-108.242661,36.747047],[-108.242772,36.74705],[-108.242776,36.74696],[-108.242888,36.746962],[-108.242891,36.746872],[-108.242779,36.74687],[-108.242792,36.746509],[-108.242904,36.746512],[-108.242901,36.746602],[-108.243013,36.746605],[-108.243016,36.746515],[-108.24324,36.74652],[-108.243243,36.74643],[-108.243355,36.746432],[-108.243352,36.746522],[-108.243575,36.746528],[-108.243579,36.746437],[-108.243691,36.74644],[-108.243678,36.7468],[-108.24379,36.746803],[-108.243786,36.746893],[-108.243674,36.74689],[-108.243671,36.746981],[-108.243895,36.746986],[-108.243898,36.746896],[-108.24401,36.746898],[-108.244007,36.746988],[-108.244343,36.746996],[-108.24434,36.747086],[-108.244228,36.747084],[-108.244221,36.747264],[-108.244109,36.747261],[-108.244106,36.747351],[-108.243882,36.747346],[-108.243879,36.747436],[-108.243991,36.747439],[-108.243988,36.747529],[-108.243764,36.747524],[-108.243761,36.747614],[-108.243985,36.747619],[-108.243975,36.747889],[-108.243079,36.747868],[-108.243076,36.747959],[-108.242964,36.747956],[-108.242967,36.747866],[-108.242184,36.747848],[-108.242177,36.748028]],[[-108.242542,36.747225],[-108.24243,36.747222],[-108.242433,36.747132],[-108.242545,36.747135],[-108.242542,36.747225]],[[-108.242321,36.74713],[-108.24221,36.747127],[-108.242213,36.747037],[-108.242325,36.747039],[-108.242321,36.74713]],[[-108.242664,36.746957],[-108.242552,36.746955],[-108.242555,36.746865],[-108.242667,36.746867],[-108.242664,36.746957]],[[-108.244234,36.746903],[-108.244122,36.746901],[-108.244125,36.746811],[-108.244237,36.746813],[-108.244234,36.746903]],[[-108.243902,36.746806],[-108.24379,36.746803],[-108.243793,36.746713],[-108.243905,36.746715],[-108.243902,36.746806]],[[-108.242344,36.746499],[-108.242232,36.746496],[-108.242235,36.746406],[-108.242347,36.746409],[-108.242344,36.746499]],[[-108.243582,36.746347],[-108.24347,36.746345],[-108.243473,36.746255],[-108.243585,36.746257],[-108.243582,36.746347]],[[-108.242495,36.745421],[-108.242271,36.745415],[-108.242284,36.745055],[-108.242396,36.745058],[-108.242405,36.744787],[-108.242517,36.74479],[-108.242524,36.74461],[-108.242636,36.744612],[-108.242632,36.744702],[-108.242744,36.744705],[-108.242738,36.744885],[-108.242626,36.744883],[-108.242623,36.744973],[-108.242735,36.744975],[-108.242728,36.745155],[-108.242616,36.745153],[-108.242613,36.745243],[-108.242501,36.74524],[-108.242495,36.745421]],[[-108.243557,36.743912],[-108.243445,36.74391],[-108.243452,36.74373],[-108.243675,36.743735],[-108.243672,36.743825],[-108.24356,36.743822],[-108.243557,36.743912]],[[-108.245487,36.74008],[-108.245375,36.740078],[-108.245378,36.739987],[-108.245266,36.739985],[-108.245269,36.739895],[-108.245157,36.739892],[-108.24518,36.739262],[-108.245292,36.739264],[-108.245288,36.739354],[-108.245512,36.739359],[-108.245509,36.73945],[-108.245733,36.739455],[-108.245727,36.739635],[-108.245839,36.739637],[-108.245832,36.739818],[-108.24572,36.739815],[-108.245714,36.739995],[-108.24549,36.73999],[-108.245487,36.74008]],[[-108.247857,36.739594],[-108.247745,36.739591],[-108.247761,36.739141],[-108.247873,36.739144],[-108.247866,36.739324],[-108.247978,36.739326],[-108.247972,36.739507],[-108.24786,36.739504],[-108.247857,36.739594]],[[-108.247646,36.739229],[-108.247422,36.739223],[-108.247425,36.739133],[-108.247201,36.739128],[-108.247204,36.739038],[-108.247428,36.739043],[-108.247431,36.738953],[-108.247655,36.738958],[-108.247652,36.739048],[-108.24754,36.739046],[-108.247537,36.739136],[-108.247649,36.739138],[-108.247646,36.739229]]]}},{"type":"Feature","properties":{"class":"extent","min_prob":0.5},"geometry":{"type":"Polygon","coordinates":[[[-108.292842,36.737832],[-108.292848,36.737651],[-108.292736,36.737649],[-108.29273,36.737829],[-108.292842,36.737832]]]}},{"type":"Feature","properties":{"class":"extent","min_prob":0.5},"geometry":{"type":"Polygon","coordinates":[[[-108.216063,36.735879],[-108.216067,36.735789],[-108.215955,36.735786],[-108.215951,36.735876],[-108.216063,36.735879]]]}},{"type":"Feature","properties":{"class":"extent","min_prob":0.5},"geometry":{"type":"Polygon","coordinates":[[[-108.215395,36.735773],[-108.215398,36.735683],[-108.215286,36.73568],[-108.215283,36.73577],[-108.215395,36.735773]]]}},{"type":"Feature","properties":{"class":"extent","min_prob":0.5},"geometry":{"type":"Polygon","coordinates":[[[-108.215059,36.735765],[-108.215062,36.735675],[-108.214951,36.735672],[-108.214947,36.735762],[-108.215059,36.735765]]]}},{"type":"Feature","properties":{"class":"extent","min_prob":0.5},"geometry":{"type":"Polygon","coordinates":[[[-108.225561,36.736551],[-108.225564,36.736461],[-108.225452,36.736459],[-108.225455,36.736369],[-108.225343,36.736366],[-108.22534,36.736456],[-108.225228,36.736454],[-108.225235,36.736273],[-108.225123,36.736271],[-108.225126,36.736181],[-108.225238,36.736183],[-108.225241,36.736093],[-108.224794,36.736083],[-108.224797,36.735993],[-108.224685,36.73599],[-108.224691,36.73581],[-108.224579,36.735807],[-108.224576,36.735897],[-108.224464,36.735895],[-108.224458,36.736075],[-108.22457,36.736077],[-108.224566,36.736168],[-108.224678,36.73617],[-108.224672,36.73635],[-108.224896,36.736356],[-108.224892,36.736446],[-108.225004,36.736448],[-108.225001,36.736538],[-108.225561,36.736551]]]}},{"type":"Feature","properties":{"class":"extent","min_prob":0.5},"geometry":{"type":"Polygon","coordinates":[[[-108.216406,36.735706],[-108.216409,36.735616],[-108.216857,36.735627],[-108.216866,36.735356],[-108.216754,36.735354],[-108.216751,36.735444],[-108.216639,36.735441],[-108.216636,36.735531],[-108.216524,36.735529],[-108.216527,36.735439],[-108.216415,36.735436],[-108.216419,36.735346],[-108.215859,36.735333],[-108.215856,36.735423],[-108.215632,36.735418],[-108.215635,36.735328],[-108.215523,36.735325],[-108.215517,36.735505],[-108.215741,36.73551],[-108.215737,36.735601],[-108.215849,36.735603],[-108.215852,36.735513],[-108.2163,36.735524],[-108.216294,36.735704],[-108.216406,36.735706]]]}},{"type":"Feature","properties":{"class":"extent","min_prob":0.5},"geometry":{"type":"Polygon","coordinates":[[[-108.24717,36.736873],[-108.247176,36.736693],[-108.2474,36.736698],[-108.24741,36.736428],[-108.247521,36.736431],[-108.247525,36.736341],[-108.247413,36.736338],[-108.247419,36.736158],[-108.247531,36.73616],[-108.247534,36.73607],[-108.247199,36.736062],[-108.247182,36.736513],[-108.247071,36.73651],[-108.247061,36.736781],[-108.246949,36.736778],[-108.246946,36.736868],[-108.24717,36.736873]]]}},{"type":"Feature","properties":{"class":"extent","min_prob":0.5},"geometry":{"type":"Polygon","coordinates":[[[-108.227601,36.735878],[-108.227605,36.735788],[-108.227717,36.73579],[-108.22772,36.7357],[-108.227384,36.735692],[-108.227387,36.735602],[-108.227275,36.7356],[-108.227279,36.73551],[-108.226831,36.735499],[-108.226824,36.735679],[-108.227048,36.735685],[-108.227045,36.735775],[-108.227269,36.73578],[-108.227266,36.73587],[-108.227601,36.735878]]]}},{"type":"Feature","properties":{"class":"extent","min_prob":0.5},"geometry":{"type":"Polygon","coordinates":[[[-108.247538,36.73598],[-108.247541,36.73589],[-108.247429,36.735887],[-108.247426,36.735978],[-108.247538,36.73598]]]}},{"type":"Feature","properties":{"class":"extent","min_prob":0.5},"geometry":{"type":"Polygon","coordinates":[[[-108.282578,36.736606],[-108.282582,36.736516],[-108.28247,36.736513],[-108.282466,36.736603],[-108.282578,36.736606]]]}},{"type":"Feature","properties":{"class":"extent","min_prob":0.5},"geometry":{"type":"Polygon","coordinates":[[[-108.258849,36.736061],[-108.258852,36.735971],[-108.25874,36.735968],[-108.258737,36.736059],[-108.258849,36.736061]]]}},{"type":"Feature","properties":{"class":"extent","min_prob":0.5},"geometry":{"type":"Polygon","coordinates":[[[-108.23512,36.735512],[-108.235123,36.735422],[-108.235011,36.735419],[-108.235008,36.735509],[-108.23512,36.735512]]]}},{"type":"Feature","properties":{"class":"extent","min_prob":0.5},"geometry":{"type":"Polygon","coordinates":[[[-108.276537,36.736377],[-108.27654,36.736287],[-108.276428,36.736285],[-108.276425,36.736375],[-108.276537,36.736377]]]}},{"type":"Feature","properties":{"class":"extent","min_prob":0.5},"geometry":{"type":"Polygon","coordinates":[[[-108.229606,36.736195],[-108.229616,36.735925],[-108.230064,36.735935],[-108.23007,36.735755],[-108.230182,36.735758],[-108.230179,36.735848],[-108.230403,36.735853],[-108.230406,36.735763],[-108.230518,36.735765],[-108.230515,36.735855],[-108.230739,36.735861],[-108.230745,36.73568],[-108.230633,36.735678],[-108.23064,36.735498],[-108.230416,36.735492],[-108.230413,36.735583],[-108.230189,36.735577],[-108.230185,36.735667],[-108.229514,36.735652],[-108.229517,36.735562],[-108.229405,36.735559],[-108.229408,36.735469],[-108.22952,36.735472],[-108.229524,36.735382],[-108.229412,36.735379],[-108.229415,36.735289],[-108.229527,36.735291],[-108.22953,36.735201],[-108.229306,36.735196],[-108.229287,36.735737],[-108.229175,36.735734],[-108.229178,36.735644],[-108.228954,36.735639],[-108.228951,36.735729],[-108.228615,36.735721],[-108.228619,36.735631],[-108.228507,36.735628],[-108.22851,36.735538],[-108.228398,36.735536],[-108.228395,36.735626],[-108.228171,36.735621],[-108.228174,36.73553],[-108.22795,36.735525],[-108.22794,36.735795],[-108.228276,36.735803],[-108.228279,36.735713],[-108.228391,36.735716],[-108.228388,36.735806],[-108.228612,36.735811],[-108.228609,36.735901],[-108.229392,36.735919],[-108.229389,36.73601],[-108.229277,36.736007],[-108.229271,36.736187],[-108.229606,36.736195]]]}},{"type":"Feature","properties":{"class":"extent","min_prob":0.5},"geometry":{"type":"Polygon","coordinates":[[[-108.276873,36.736385],[-108.276879,36.736205],[-108.276767,36.736202],[-108.276761,36.736382],[-108.276873,36.736385]]]}},{"type":"Feature","properties":{"class":"extent","min_prob":0.5},"geometry":{"type":"Polygon","coordinates":[[[-108.264452,36.73601],[-108.264455,36.73592],[-108.264343,36.735917],[-108.26434,36.736007],[-108.264452,36.73601]]]}},{"type":"Feature","properties":{"class":"extent","min_prob":0.5},"geometry":{"type":"Polygon","coordinates":[[[-108.248999,36.735834],[-108.249009,36.735563],[-108.248897,36.735561],[-108.2489,36.735471],[-108.248788,36.735468],[-108.248782,36.735648],[-108.24867,36.735646],[-108.248673,36.735556],[-108.248561,36.735553],[-108.248564,36.735463],[-108.248452,36.73546],[-108.248449,36.73555],[-108.248337,36.735548],[-108.248334,36.735638],[-108.248558,36.735643],[-108.248555,36.735733],[-108.248667,36.735736],[-108.248663,36.735826],[-108.248999,36.735834]]]}},{"type":"Feature","properties":{"class":"extent","min_prob":0.5},"geometry":{"type":"Polygon","coordinates":[[[-108.264119,36.735912],[-108.264126,36.735732],[-108.263902,36.735727],[-108.263899,36.735817],[-108.26401,36.735819],[-108.264007,36.735909],[-108.264119,36.735912]]]}},{"type":"Feature","properties":{"class":"extent","min_prob":0.5},"geometry":{"type":"Polygon","coordinates":[[[-108.283934,36.736276],[-108.283938,36.736186],[-108.283826,36.736183],[-108.283822,36.736273],[-108.283934,36.736276]]]}},{"type":"Feature","properties":{"class":"extent","min_prob":0.5},"geometry":{"type":"Polygon","coordinates":[[[-108.247432,36.735797],[-108.247439,36.735617],[-108.247327,36.735615],[-108.247336,36.735344],[-108.247224,36.735342],[-108.247228,36.735252],[-108.247004,36.735247],[-108.247,36.735337],[-108.246665,36.735329],[-108.246661,36.735419],[-108.246773,36.735422],[-108.24677,36.735512],[-108.246994,36.735517],[-108.246991,36.735607],[-108.247215,36.735612],[-108.247211,36.735702],[-108.247323,36.735705],[-108.24732,36.735795],[-108.247432,36.735797]]]}},{"type":"Feature","properties":{"class":"extent","min_prob":0.5},"geometry":{"type":"Polygon","coordinates":[[[-108.253045,36.735476],[-108.253048,36.735386],[-108.252936,36.735384],[-108.252933,36.735474],[-108.253045,36.735476]]]}},{"type":"Feature","properties":{"class":"extent","min_prob":0.5},"geometry":{"type":"Polygon","coordinates":[[[-108.249239,36.735388],[-108.249242,36.735298],[-108.24913,36.735296],[-108.249127,36.735386],[-108.249239,36.735388]]]}},{"type":"Feature","properties":{"class":"extent","min_prob":0.5},"geometry":{"type":"Polygon","coordinates":[[[-108.209693,36.744745],[-108.209696,36.744655],[-108.20992,36.744661],[-108.209923,36.744571],[-108.210371,36.744581],[-108.210374,36.744491],[-108.210598,36.744496],[-108.210602,36.744406],[-108.210713,36.744409],[-108.210717,36.744319],[-108.210941,36.744324],[-108.210944,36.744234],[-108.211168,36.744239],[-108.211171,36.744149],[-108.211395,36.744154],[-108.211392,36.744244],[-108.21128,36.744242],[-108.211276,36.744332],[-108.2115,36.744337],[-108.211497,36.744427],[-108.211609,36.74443],[-108.211606,36.74452],[-108.211942,36.744528],[-108.211938,36.744618],[-108.21205,36.74462],[-108.212053,36.74453],[-108.212389,36.744538],[-108.212393,36.744448],[-108.212728,36.744456],[-108.212725,36.744546],[-108.212837,36.744549],[-108.212844,36.744369],[-108.212955,36.744371],[-108.212959,36.744281],[-108.213071,36.744284],[-108.213074,36.744194],[-108.21285,36.744188],[-108.212857,36.744008],[-108.212969,36.744011],[-108.212975,36.743831],[-108.212863,36.743828],[-108.212866,36.743738],[-108.212754,36.743735],[-108.212751,36.743825],[-108.212639,36.743823],[-108.212629,36.744093],[-108.212518,36.74409],[-108.212514,36.744181],[-108.21229,36.744175],[-108.212294,36.744085],[-108.21207,36.74408],[-108.21208,36.74381],[-108.212303,36.743815],[-108.21231,36.743635],[-108.212422,36.743637],[-108.212428,36.743457],[-108.212316,36.743455],[-108.212313,36.743545],[-108.212201,36.743542],[-108.212198,36.743632],[-108.212086,36.74363],[-108.212089,36.743539],[-108.211977,36.743537],[-108.211981,36.743447],[-108.211645,36.743439],[-108.211642,36.743529],[-108.21153,36.743526],[-108.211536,36.743346],[-108.211424,36.743344],[-108.211427,36.743253],[-108.211651,36.743259],[-108.211658,36.743079],[-108.21177,36.743081],[-108.211773,36.742991],[-108.211661,36.742988],[-108.211668,36.742808],[-108.21178,36.742811],[-108.211783,36.742721],[-108.211895,36.742723],[-108.211901,36.742543],[-108.211789,36.742541],[-108.211802,36.74218],[-108.21169,36.742178],[-108.211707,36.741727],[-108.211819,36.74173],[-108.211822,36.74164],[-108.212158,36.741648],[-108.212151,36.741828],[-108.212263,36.74183],[-108.212247,36.742281],[-108.212359,36.742283],[-108.212352,36.742464],[-108.212464,36.742466],[-108.212461,36.742556],[-108.212685,36.742562],[-108.212682,36.742652],[-108.213353,36.742667],[-108.213356,36.742577],[-108.213468,36.74258],[-108.213472,36.74249],[-108.213584,36.742493],[-108.213587,36.742402],[-108.213699,36.742405],[-108.213696,36.742495],[-108.214031,36.742503],[-108.214035,36.742413],[-108.214594,36.742426],[-108.214598,36.742336],[-108.214709,36.742339],[-108.214706,36.742429],[-108.21493,36.742434],[-108.214927,36.742524],[-108.215039,36.742527],[-108.215036,36.742617],[-108.215147,36.742619],[-108.215144,36.742709],[-108.215256,36.742712],[-108.215253,36.742802],[-108.215365,36.742805],[-108.215362,36.742895],[-108.215473,36.742897],[-108.21547,36.742988],[-108.215582,36.74299],[-108.215595,36.74263],[-108.215483,36.742627],[-108.215487,36.742537],[-108.215375,36.742534],[-108.215378,36.742444],[-108.215266,36.742442],[-108.215269,36.742352],[-108.215157,36.742349],[-108.21516,36.742259],[-108.214825,36.742251],[-108.214828,36.742161],[-108.214716,36.742158],[-108.214719,36.742068],[-108.214607,36.742066],[-108.214604,36.742156],[-108.21438,36.742151],[-108.214383,36.74206],[-108.21416,36.742055],[-108.214163,36.741965],[-108.214051,36.741963],[-108.214048,36.742053],[-108.213712,36.742045],[-108.213715,36.741955],[-108.213603,36.741952],[-108.213606,36.741862],[-108.213383,36.741857],[-108.213386,36.741767],[-108.213274,36.741764],[-108.213284,36.741494],[-108.213172,36.741491],[-108.213178,36.741311],[-108.213066,36.741308],[-108.213073,36.741128],[-108.212961,36.741126],[-108.212971,36.740855],[-108.213306,36.740863],[-108.21331,36.740773],[-108.213198,36.74077],[-108.213201,36.74068],[-108.213089,36.740678],[-108.213092,36.740588],[-108.21298,36.740585],[-108.212984,36.740495],[-108.212872,36.740492],[-108.212875,36.740402],[-108.212763,36.7404],[-108.212766,36.74031],[-108.212543,36.740304],[-108.212546,36.740214],[-108.212434,36.740212],[-108.212437,36.740121],[-108.212325,36.740119],[-108.212332,36.739939],[-108.21222,36.739936],[-108.212213,36.740116],[-108.211877,36.740108],[-108.211881,36.740018],[-108.211321,36.740005],[-108.211318,36.740095],[-108.21143,36.740098],[-108.211426,36.740188],[-108.211538,36.740191],[-108.211535,36.740281],[-108.210864,36.740265],[-108.210867,36.740175],[-108.210755,36.740172],[-108.210758,36.740082],[-108.210422,36.740074],[-108.210416,36.740254],[-108.210304,36.740252],[-108.210301,36.740342],[-108.210189,36.740339],[-108.210192,36.740249],[-108.209968,36.740244],[-108.209984,36.739793],[-108.209872,36.739791],[-108.209882,36.739521],[-108.209994,36.739523],[-108.210001,36.739343],[-108.209889,36.73934],[-108.209892,36.73925],[-108.210116,36.739256],[-108.210113,36.739346],[-108.210225,36.739348],[-108.210221,36.739438],[-108.210445,36.739444],[-108.210439,36.739624],[-108.210551,36.739626],[-108.21056,36.739356],[-108.210448,36.739354],[-108.210452,36.739263],[-108.21034,36.739261],[-108.210343,36.739171],[-108.210231,36.739168],[-108.210234,36.739078],[-108.210458,36.739083],[-108.210465,36.738903],[-108.210577,36.738906],[-108.210573,36.738996],[-108.210909,36.739004],[-108.210912,36.738914],[-108.210689,36.738908],[-108.210692,36.738818],[-108.211252,36.738831],[-108.211248,36.738921],[-108.211136,36.738919],[-108.21113,36.739099],[-108.211242,36.739102],[-108.211235,36.739282],[-108.211123,36.739279],[-108.211113,36.739549],[-108.211225,36.739552],[-108.211232,36.739372],[-108.211344,36.739375],[-108.211341,36.739465],[-108.211676,36.739473],[-108.21166,36.739923],[-108.211772,36.739926],[-108.211775,36.739835],[-108.211887,36.739838],[-108.21189,36.739748],[-108.212002,36.739751],[-108.211999,36.739841],[-108.212223,36.739846],[-108.212226,36.739756],[-108.212338,36.739759],[-108.212345,36.739578],[-108.212457,36.739581],[-108.212463,36.739401],[-108.212575,36.739403],[-108.212578,36.739313],[-108.21269,36.739316],[-108.2127,36.739046],[-108.212812,36.739048],[-108.212822,36.738778],[-108.212934,36.738781],[-108.212943,36.73851],[-108.213055,36.738513],[-108.213062,36.738333],[-108.213174,36.738336],[-108.21318,36.738155],[-108.213292,36.738158],[-108.213299,36.737978],[-108.213411,36.73798],[-108.213414,36.73789],[-108.213526,36.737893],[-108.213536,36.737623],[-108.213648,36.737625],[-108.213654,36.737445],[-108.213766,36.737448],[-108.213779,36.737087],[-108.213891,36.73709],[-108.213894,36.737],[-108.214006,36.737003],[-108.214013,36.736822],[-108.214125,36.736825],[-108.214131,36.736645],[-108.214243,36.736647],[-108.214246,36.736557],[-108.214358,36.73656],[-108.214365,36.73638],[-108.214477,36.736382],[-108.214483,36.736202],[-108.214707,36.736208],[-108.21471,36.736117],[-108.214598,36.736115],[-108.214602,36.736025],[-108.214826,36.73603],[-108.214829,36.73594],[-108.214941,36.735943],[-108.214947,36.735762],[-108.214835,36.73576],[-108.214839,36.73567],[-108.214951,36.735672],[-108.21496,36.735402],[-108.215072,36.735405],[-108.215082,36.735134],[-108.215194,36.735137],[-108.2152,36.734957],[-108.215312,36.734959],[-108.215316,36.734869],[-108.215428,36.734872],[-108.215437,36.734602],[-108.215549,36.734604],[-108.215556,36.734424],[-108.21522,36.734416],[-108.215217,36.734506],[-108.215105,36.734504],[-108.215102,36.734594],[-108.21499,36.734591],[-108.214986,36.734681],[-108.214874,36.734679],[-108.214868,36.734859],[-108.214756,36.734856],[-108.214746,36.735127],[-108.214634,36.735124],[-108.214631,36.735214],[-108.214519,36.735211],[-108.214516,36.735301],[-108.214404,36.735299],[-108.214401,36.735389],[-108.214177,36.735384],[-108.214161,36.735834],[-108.213937,36.735829],[-108.213927,36.736099],[-108.213815,36.736096],[-108.213812,36.736187],[-108.2137,36.736184],[-108.213706,36.736004],[-108.213259,36.735993],[-108.213262,36.735903],[-108.212366,36.735882],[-108.21237,36.735792],[-108.212258,36.73579],[-108.212255,36.73588],[-108.212143,36.735877],[-108.212149,36.735697],[-108.212261,36.735699],[-108.212268,36.735519],[-108.212156,36.735517],[-108.212159,36.735427],[-108.212047,36.735424],[-108.21205,36.735334],[-108.212162,36.735336],[-108.212169,36.735156],[-108.211721,36.735146],[-108.211718,36.735236],[-108.211606,36.735233],[-108.211612,36.735053],[-108.210941,36.735037],[-108.210931,36.735308],[-108.210819,36.735305],[-108.210813,36.735485],[-108.210701,36.735483],[-108.210694,36.735663],[-108.210582,36.73566],[-108.210579,36.73575],[-108.210467,36.735748],[-108.210477,36.735477],[-108.210365,36.735475],[-108.210362,36.735565],[-108.21025,36.735562],[-108.210246,36.735652],[-108.210134,36.73565],[-108.210138,36.735559],[-108.209914,36.735554],[-108.209911,36.735644],[-108.209799,36.735642],[-108.209795,36.735732],[-108.209684,36.735729],[-108.20968,36.735819],[-108.209792,36.735822],[-108.209789,36.735912],[-108.209453,36.735904],[-108.209456,36.735814],[-108.209344,36.735811],[-108.209348,36.735721],[-108.20946,36.735724],[-108.209463,36.735634],[-108.209575,36.735636],[-108.209578,36.735546],[-108.209802,36.735552],[-108.209808,36.735371],[-108.209697,36.735369],[-108.2097,36.735279],[-108.209924,36.735284],[-108.209927,36.735194],[-108.209815,36.735191],[-108.209818,36.735101],[-108.209482,36.735093],[-108.209486,36.735003],[-108.209262,36.734998],[-108.209255,36.735178],[-108.209032,36.735173],[-108.209028,36.735263],[-108.207237,36.735221],[-108.207241,36.735131],[-108.207017,36.735126],[-108.20701,36.735306],[-108.207122,36.735308],[-108.207109,36.735669],[-108.207221,36.735671],[-108.207218,36.735761],[-108.207106,36.735759],[-108.207103,36.735849],[-108.207327,36.735854],[-108.207323,36.735944],[-108.207435,36.735947],[-108.207432,36.736037],[-108.207768,36.736045],[-108.207764,36.736135],[-108.208548,36.736153],[-108.208545,36.736243],[-108.20944,36.736264],[-108.209434,36.736445],[-108.209322,36.736442],[-108.209325,36.736352],[-108.209101,36.736347],[-108.209098,36.736437],[-108.208986,36.736434],[-108.208983,36.736524],[-108.209095,36.736527],[-108.209091,36.736617],[-108.208979,36.736614],[-108.208976,36.736704],[-108.208752,36.736699],[-108.208749,36.736789],[-108.208861,36.736792],[-108.208858,36.736882],[-108.208746,36.736879],[-108.208736,36.737149],[-108.208624,36.737147],[-108.208617,36.737327],[-108.208505,36.737324],[-108.208509,36.737234],[-108.208397,36.737232],[-108.2084,36.737142],[-108.208288,36.737139],[-108.208285,36.737229],[-108.208173,36.737226],[-108.208163,36.737497],[-108.208387,36.737502],[-108.20839,36.737412],[-108.208726,36.73742],[-108.208723,36.73751],[-108.209059,36.737518],[-108.209055,36.737608],[-108.209167,36.73761],[-108.209164,36.737701],[-108.209276,36.737703],[-108.209273,36.737793],[-108.209049,36.737788],[-108.209046,36.737878],[-108.208934,36.737875],[-108.20893,36.737966],[-108.208818,36.737963],[-108.208812,36.738143],[-108.208924,36.738146],[-108.208921,36.738236],[-108.208809,36.738233],[-108.208805,36.738323],[-108.208693,36.738321],[-108.208684,36.738591],[-108.208572,36.738588],[-108.208565,36.738768],[-108.208453,36.738766],[-108.208447,36.738946],[-108.208335,36.738943],[-108.208332,36.739033],[-108.208891,36.739047],[-108.208888,36.739137],[-108.208776,36.739134],[-108.208769,36.739314],[-108.208993,36.739319],[-108.20899,36.739409],[-108.209214,36.739415],[-108.209224,36.739144],[-108.209336,36.739147],[-108.209329,36.739327],[-108.209441,36.73933],[-108.209435,36.73951],[-108.209323,36.739507],[-108.209313,36.739778],[-108.209089,36.739772],[-108.209082,36.739953],[-108.209306,36.739958],[-108.209303,36.740048],[-108.209191,36.740045],[-108.209185,36.740225],[-108.209296,36.740228],[-108.209293,36.740318],[-108.209181,36.740316],[-108.209168,36.740676],[-108.20928,36.740679],[-108.209277,36.740769],[-108.209389,36.740771],[-108.209392,36.740681],[-108.209504,36.740684],[-108.209501,36.740774],[-108.209613,36.740777],[-108.2096,36.741137],[-108.209376,36.741132],[-108.209363,36.741492],[-108.209475,36.741495],[-108.209462,36.741855],[-108.209238,36.74185],[-108.209234,36.74194],[-108.209123,36.741937],[-108.209119,36.742027],[-108.209007,36.742025],[-108.209001,36.742205],[-108.208889,36.742202],[-108.208882,36.742382],[-108.208994,36.742385],[-108.208981,36.742745],[-108.209093,36.742748],[-108.2091,36.742568],[-108.209212,36.74257],[-108.209215,36.74248],[-108.209327,36.742483],[-108.209324,36.742573],[-108.209547,36.742578],[-108.209551,36.742488],[-108.209775,36.742493],[-108.209762,36.742854],[-108.20965,36.742851],[-108.209646,36.742941],[-108.209758,36.742944],[-108.209755,36.743034],[-108.209643,36.743031],[-108.209637,36.743211],[-108.209525,36.743209],[-108.209518,36.743389],[-108.209406,36.743386],[-108.209403,36.743476],[-108.209291,36.743474],[-108.209288,36.743564],[-108.208952,36.743556],[-108.208949,36.743646],[-108.208613,36.743638],[-108.208606,36.743818],[-108.208494,36.743816],[-108.208471,36.744446],[-108.208695,36.744452],[-108.208692,36.744542],[-108.209028,36.74455],[-108.209025,36.74464],[-108.209472,36.74465],[-108.209485,36.74429],[-108.209597,36.744292],[-108.209581,36.744743],[-108.209693,36.744745]],[[-108.210539,36.743052],[-108.210315,36.743047],[-108.210318,36.742957],[-108.210206,36.742954],[-108.210209,36.742864],[-108.210097,36.742862],[-108.210101,36.742772],[-108.210213,36.742774],[-108.210216,36.742684],[-108.210104,36.742681],[-108.21012,36.742231],[-108.210008,36.742228],[-108.210015,36.742048],[-108.210574,36.742061],[-108.210578,36.741971],[-108.210466,36.741969],[-108.210469,36.741879],[-108.210357,36.741876],[-108.210354,36.741966],[-108.210242,36.741963],[-108.210245,36.741873],[-108.210133,36.741871],[-108.21014,36.74169],[-108.210028,36.741688],[-108.210031,36.741598],[-108.210367,36.741606],[-108.210373,36.741425],[-108.210597,36.741431],[-108.210601,36.741341],[-108.210712,36.741343],[-108.210709,36.741433],[-108.211157,36.741444],[-108.21115,36.741624],[-108.211038,36.741621],[-108.211029,36.741892],[-108.211141,36.741894],[-108.211134,36.742074],[-108.211246,36.742077],[-108.211236,36.742347],[-108.2109,36.742339],[-108.210897,36.74243],[-108.211009,36.742432],[-108.211006,36.742522],[-108.210894,36.74252],[-108.210891,36.74261],[-108.211115,36.742615],[-108.211111,36.742705],[-108.210999,36.742702],[-108.210996,36.742793],[-108.210884,36.74279],[-108.210881,36.74288],[-108.210545,36.742872],[-108.210539,36.743052]],[[-108.212289,36.74111],[-108.211953,36.741102],[-108.21196,36.740922],[-108.212072,36.740924],[-108.212075,36.740834],[-108.212299,36.74084],[-108.212296,36.74093],[-108.212408,36.740932],[-108.212404,36.741022],[-108.212293,36.74102],[-108.212289,36.74111]],[[-108.212411,36.740842],[-108.212299,36.74084],[-108.212306,36.740659],[-108.212418,36.740662],[-108.212411,36.740842]],[[-108.211983,36.740291],[-108.211871,36.740289],[-108.211874,36.740198],[-108.211986,36.740201],[-108.211983,36.740291]],[[-108.211874,36.740198],[-108.211762,36.740196],[-108.211766,36.740106],[-108.211877,36.740108],[-108.211874,36.740198]],[[-108.210007,36.739163],[-108.209895,36.73916],[-108.209899,36.73907],[-108.21001,36.739073],[-108.210007,36.739163]],[[-108.210715,36.738188],[-108.209931,36.738169],[-108.209934,36.738079],[-108.210382,36.73809],[-108.210385,36.738],[-108.210497,36.738002],[-108.210504,36.737822],[-108.211064,36.737835],[-108.211067,36.737745],[-108.210955,36.737743],[-108.210961,36.737562],[-108.210849,36.73756],[-108.210853,36.73747],[-108.210741,36.737467],[-108.210744,36.737377],[-108.210632,36.737374],[-108.210635,36.737284],[-108.210412,36.737279],[-108.210421,36.737009],[-108.210309,36.737006],[-108.210313,36.736916],[-108.210201,36.736913],[-108.210214,36.736553],[-108.210326,36.736556],[-108.210329,36.736466],[-108.210441,36.736468],[-108.210451,36.736198],[-108.210563,36.736201],[-108.210566,36.73611],[-108.210678,36.736113],[-108.210675,36.736203],[-108.210786,36.736206],[-108.21079,36.736116],[-108.210902,36.736118],[-108.210905,36.736028],[-108.210569,36.73602],[-108.210572,36.73593],[-108.210684,36.735933],[-108.210688,36.735843],[-108.211135,36.735853],[-108.211132,36.735943],[-108.211244,36.735946],[-108.211234,36.736216],[-108.211458,36.736222],[-108.211461,36.736131],[-108.211573,36.736134],[-108.21157,36.736224],[-108.211682,36.736227],[-108.211675,36.736407],[-108.211451,36.736402],[-108.211445,36.736582],[-108.211333,36.736579],[-108.211313,36.73712],[-108.211537,36.737125],[-108.211534,36.737215],[-108.211646,36.737218],[-108.211649,36.737128],[-108.211985,36.737136],[-108.211982,36.737226],[-108.212094,36.737228],[-108.21209,36.737318],[-108.211979,36.737316],[-108.211972,36.737496],[-108.211748,36.737491],[-108.211745,36.737581],[-108.211633,36.737578],[-108.211636,36.737488],[-108.211524,36.737485],[-108.211521,36.737575],[-108.211409,36.737573],[-108.211416,36.737393],[-108.211304,36.73739],[-108.211291,36.73775],[-108.211403,36.737753],[-108.211399,36.737843],[-108.211511,36.737846],[-108.211514,36.737756],[-108.211626,36.737758],[-108.211623,36.737848],[-108.211959,36.737856],[-108.211962,36.737766],[-108.212074,36.737769],[-108.212071,36.737859],[-108.212295,36.737864],[-108.212298,36.737774],[-108.21241,36.737777],[-108.212407,36.737867],[-108.212631,36.737872],[-108.212624,36.738052],[-108.212512,36.73805],[-108.212509,36.73814],[-108.212285,36.738134],[-108.212288,36.738044],[-108.212176,36.738042],[-108.21218,36.737952],[-108.211844,36.737944],[-108.211837,36.738124],[-108.211725,36.738121],[-108.211729,36.738031],[-108.211617,36.738029],[-108.21162,36.737938],[-108.210836,36.73792],[-108.210833,36.73801],[-108.210721,36.738008],[-108.210715,36.738188]],[[-108.212186,36.737771],[-108.212074,36.737769],[-108.212077,36.737679],[-108.212189,36.737681],[-108.212186,36.737771]],[[-108.208956,36.737245],[-108.208733,36.73724],[-108.208736,36.737149],[-108.20896,36.737155],[-108.208956,36.737245]],[[-108.211988,36.737045],[-108.211876,36.737043],[-108.21188,36.736953],[-108.211992,36.736955],[-108.211988,36.737045]],[[-108.208107,36.735963],[-108.207995,36.73596],[-108.207998,36.73587],[-108.207774,36.735865],[-108.207787,36.735504],[-108.207899,36.735507],[-108.207902,36.735417],[-108.208238,36.735425],[-108.208235,36.735515],[-108.208347,36.735517],[-108.20835,36.735427],[-108.208798,36.735438],[-108.208791,36.735618],[-108.208679,36.735615],[-108.208676,36.735706],[-108.208452,36.7357],[-108.208446,36.73588],[-108.20811,36.735873],[-108.208107,36.735963]],[[-108.214829,36.73594],[-108.214717,36.735937],[-108.21472,36.735847],[-108.214832,36.73585],[-108.214829,36.73594]],[[-108.209249,36.735358],[-108.209137,36.735356],[-108.20914,36.735266],[-108.209252,36.735268],[-108.209249,36.735358]],[[-108.211826,36.735329],[-108.211714,36.735326],[-108.211718,36.735236],[-108.21183,36.735239],[-108.211826,36.735329]]]}},{"type":"Feature","properties":{"class":"extent","min_prob":0.5},"geometry":{"type":"Polygon","coordinates":[[[-108.21207,36.734793],[-108.21208,36.734523],[-108.211968,36.73452],[-108.211974,36.73434],[-108.212086,36.734343],[-108.212089,36.734253],[-108.211866,36.734248],[-108.211862,36.734338],[-108.211638,36.734332],[-108.211632,36.734513],[-108.21152,36.73451],[-108.211517,36.7346],[-108.211405,36.734597],[-108.211408,36.734507],[-108.211296,36.734505],[-108.211293,36.734595],[-108.211181,36.734592],[-108.211178,36.734682],[-108.211625,36.734693],[-108.211622,36.734783],[-108.211734,36.734785],[-108.211741,36.734605],[-108.211964,36.734611],[-108.211958,36.734791],[-108.21207,36.734793]]]}},{"type":"Feature","properties":{"class":"extent","min_prob":0.5},"geometry":{"type":"Polygon","coordinates":[[[-108.209163,36.734635],[-108.209166,36.734545],[-108.209502,36.734553],[-108.209505,36.734463],[-108.209393,36.73446],[-108.2094,36.73428],[-108.209512,36.734283],[-108.209518,36.734102],[-108.209295,36.734097],[-108.209291,36.734187],[-108.209179,36.734185],[-108.209173,36.734365],[-108.208949,36.734359],[-108.208946,36.73445],[-108.209058,36.734452],[-108.209051,36.734632],[-108.209163,36.734635]]]}},{"type":"Feature","properties":{"class":"extent","min_prob":0.5},"geometry":{"type":"Polygon","coordinates":[[[-108.240745,36.734831],[-108.240749,36.734741],[-108.240637,36.734738],[-108.240633,36.734828],[-108.240745,36.734831]]]}},{"type":"Feature","properties":{"class":"extent","min_prob":0.5},"geometry":{"type":"Polygon","coordinates":[[[-108.238734,36.734694],[-108.238737,36.734604],[-108.238625,36.734601],[-108.238622,36.734692],[-108.238734,36.734694]]]}},{"type":"Feature","properties":{"class":"extent","min_prob":0.5},"geometry":{"type":"Polygon","coordinates":[[[-108.24913,36.735296],[-108.249134,36.735206],[-108.249469,36.735213],[-108.249476,36.735033],[-108.249364,36.735031],[-108.249367,36.734941],[-108.249255,36.734938],[-108.249258,36.734848],[-108.249146,36.734845],[-108.24915,36.734755],[-108.248926,36.73475],[-108.248923,36.73484],[-108.248811,36.734838],[-108.248807,36.734928],[-108.249031,36.734933],[-108.249028,36.735023],[-108.248916,36.73502],[-108.24891,36.7352],[-108.249022,36.735203],[-108.249018,36.735293],[-108.24913,36.735296]]]}},{"type":"Feature","properties":{"class":"extent","min_prob":0.5},"geometry":{"type":"Polygon","coordinates":[[[-108.224187,36.734265],[-108.22419,36.734175],[-108.224078,36.734173],[-108.224075,36.734263],[-108.224187,36.734265]]]}},{"type":"Feature","properties":{"class":"extent","min_prob":0.5},"geometry":{"type":"Polygon","coordinates":[[[-108.322241,36.736423],[-108.322244,36.736333],[-108.322132,36.736331],[-108.322129,36.736421],[-108.322241,36.736423]]]}},{"type":"Feature","properties":{"class":"extent","min_prob":0.5},"geometry":{"type":"Polygon","coordinates":[[[-108.322132,36.736331],[-108.322136,36.736241],[-108.322024,36.736238],[-108.322021,36.736328],[-108.322132,36.736331]]]}},{"type":"Feature","properties":{"class":"extent","min_prob":0.5},"geometry":{"type":"Polygon","coordinates":[[[-108.321909,36.736326],[-108.321912,36.736236],[-108.3218,36.736233],[-108.321797,36.736323],[-108.321909,36.736326]]]}},{"type":"Feature","properties":{"class":"extent","min_prob":0.5},"geometry":{"type":"Polygon","coordinates":[[[-108.224928,36.735455],[-108.224948,36.734914],[-108.22506,36.734917],[-108.225056,36.735007],[-108.225504,36.735017],[-108.225507,36.734927],[-108.225283,36.734922],[-108.225287,36.734832],[-108.225734,36.734842],[-108.225741,36.734662],[-108.225181,36.734649],[-108.225178,36.734739],[-108.225066,36.734737],[-108.225069,36.734647],[-108.224957,36.734644],[-108.224961,36.734554],[-108.225073,36.734556],[-108.225086,36.734196],[-108.225533,36.734207],[-108.225536,36.734117],[-108.225425,36.734114],[-108.225428,36.734024],[-108.225204,36.734019],[-108.225207,36.733928],[-108.225095,36.733926],[-108.225092,36.734016],[-108.224868,36.734011],[-108.224871,36.733921],[-108.224759,36.733918],[-108.224756,36.734008],[-108.224644,36.734006],[-108.224635,36.734276],[-108.224747,36.734278],[-108.224737,36.734549],[-108.224625,36.734546],[-108.224631,36.734366],[-108.224519,36.734363],[-108.224532,36.734003],[-108.22442,36.734],[-108.224414,36.73418],[-108.224302,36.734178],[-108.224296,36.734358],[-108.223848,36.734348],[-108.223851,36.734257],[-108.222956,36.734237],[-108.222959,36.734147],[-108.222735,36.734141],[-108.222725,36.734412],[-108.223397,36.734427],[-108.223394,36.734517],[-108.224289,36.734538],[-108.224286,36.734628],[-108.22451,36.734634],[-108.224506,36.734724],[-108.224618,36.734726],[-108.224615,36.734816],[-108.224727,36.734819],[-108.224708,36.735359],[-108.224819,36.735362],[-108.224816,36.735452],[-108.224928,36.735455]],[[-108.224516,36.734453],[-108.224404,36.734451],[-108.224407,36.734361],[-108.224519,36.734363],[-108.224516,36.734453]]]}},{"type":"Feature","properties":{"class":"extent","min_prob":0.5},"geometry":{"type":"Polygon","coordinates":[[[-108.322248,36.736243],[-108.322251,36.736153],[-108.322139,36.736151],[-108.322136,36.736241],[-108.322248,36.736243]]]}},{"type":"Feature","properties":{"class":"extent","min_prob":0.5},"geometry":{"type":"Polygon","coordinates":[[[-108.25274,36.737723],[-108.252747,36.737543],[-108.25353,36.737561],[-108.253534,36.737471],[-108.253981,36.737482],[-108.253985,36.737391],[-108.254432,36.737402],[-108.254435,36.737312],[-108.2541,36.737304],[-108.254103,36.737214],[-108.254327,36.737219],[-108.25433,36.737129],[-108.254778,36.737139],[-108.254781,36.737049],[-108.254893,36.737052],[-108.254899,36.736872],[-108.255123,36.736877],[-108.255133,36.736607],[-108.254797,36.736599],[-108.2548,36.736509],[-108.254688,36.736506],[-108.254685,36.736596],[-108.254461,36.736591],[-108.254464,36.736501],[-108.254017,36.736491],[-108.254013,36.736581],[-108.253678,36.736573],[-108.253681,36.736483],[-108.253233,36.736473],[-108.253236,36.736382],[-108.252901,36.736375],[-108.252904,36.736285],[-108.25268,36.736279],[-108.252683,36.736189],[-108.252571,36.736187],[-108.252574,36.736097],[-108.252462,36.736094],[-108.252459,36.736184],[-108.252347,36.736182],[-108.252344,36.736272],[-108.252232,36.736269],[-108.252229,36.736359],[-108.252005,36.736354],[-108.252008,36.736264],[-108.251896,36.736261],[-108.2519,36.736171],[-108.251788,36.736169],[-108.251801,36.735808],[-108.251577,36.735803],[-108.251583,36.735623],[-108.251471,36.73562],[-108.251478,36.73544],[-108.251366,36.735438],[-108.251362,36.735528],[-108.251139,36.735522],[-108.251148,36.735252],[-108.25126,36.735255],[-108.251263,36.735165],[-108.251151,36.735162],[-108.251155,36.735072],[-108.251043,36.735069],[-108.251046,36.734979],[-108.250934,36.734977],[-108.250937,36.734887],[-108.250713,36.734882],[-108.250717,36.734791],[-108.250605,36.734789],[-108.250608,36.734699],[-108.250384,36.734694],[-108.250387,36.734604],[-108.250163,36.734598],[-108.25017,36.734418],[-108.249946,36.734413],[-108.249943,36.734503],[-108.249831,36.7345],[-108.249824,36.734681],[-108.249489,36.734673],[-108.249482,36.734853],[-108.249706,36.734858],[-108.249703,36.734948],[-108.249927,36.734954],[-108.249923,36.735044],[-108.250147,36.735049],[-108.250144,36.735139],[-108.250256,36.735141],[-108.250253,36.735232],[-108.250365,36.735234],[-108.250362,36.735324],[-108.250585,36.735329],[-108.250582,36.735419],[-108.250694,36.735422],[-108.250678,36.735872],[-108.250566,36.73587],[-108.250547,36.73641],[-108.250435,36.736408],[-108.250428,36.736588],[-108.250205,36.736583],[-108.250201,36.736673],[-108.250089,36.73667],[-108.250086,36.73676],[-108.249974,36.736758],[-108.249971,36.736848],[-108.250083,36.736851],[-108.25008,36.736941],[-108.250304,36.736946],[-108.2503,36.737036],[-108.250412,36.737038],[-108.250409,36.737129],[-108.250521,36.737131],[-108.250518,36.737221],[-108.250742,36.737226],[-108.250745,36.737136],[-108.250857,36.737139],[-108.25086,36.737049],[-108.250972,36.737051],[-108.250978,36.736871],[-108.25109,36.736874],[-108.251094,36.736784],[-108.251206,36.736786],[-108.251212,36.736606],[-108.251436,36.736611],[-108.251439,36.736521],[-108.251551,36.736524],[-108.251554,36.736434],[-108.25189,36.736441],[-108.251884,36.736622],[-108.251772,36.736619],[-108.251765,36.736799],[-108.251653,36.736797],[-108.251644,36.737067],[-108.251756,36.73707],[-108.251752,36.73716],[-108.251864,36.737162],[-108.251861,36.737252],[-108.251973,36.737255],[-108.25197,36.737345],[-108.252082,36.737348],[-108.252078,36.737438],[-108.25219,36.73744],[-108.252187,36.73753],[-108.252411,36.737535],[-108.252408,36.737626],[-108.252632,36.737631],[-108.252628,36.737721],[-108.25274,36.737723]],[[-108.25267,36.73655],[-108.252558,36.736547],[-108.252562,36.736457],[-108.252673,36.73646],[-108.25267,36.73655]],[[-108.252562,36.736457],[-108.25245,36.736454],[-108.252453,36.736364],[-108.252565,36.736367],[-108.252562,36.736457]],[[-108.252453,36.736364],[-108.252341,36.736362],[-108.252344,36.736272],[-108.252456,36.736274],[-108.252453,36.736364]],[[-108.251781,36.736349],[-108.251669,36.736346],[-108.251673,36.736256],[-108.251784,36.736259],[-108.251781,36.736349]]]}},{"type":"Feature","properties":{"class":"extent","min_prob":0.5},"geometry":{"type":"Polygon","coordinates":[[[-108.249489,36.734673],[-108.249492,36.734583],[-108.24938,36.73458],[-108.249386,36.7344],[-108.249274,36.734397],[-108.249265,36.734668],[-108.249489,36.734673]]]}},{"type":"Feature","properties":{"class":"extent","min_prob":0.5},"geometry":{"type":"Polygon","coordinates":[[[-108.239501,36.735163],[-108.239505,36.735073],[-108.23984,36.73508],[-108.239844,36.73499],[-108.240291,36.735001],[-108.240288,36.735091],[-108.2404,36.735093],[-108.240403,36.735003],[-108.240627,36.735009],[-108.240624,36.735099],[-108.240736,36.735101],[-108.240742,36.734921],[-108.240518,36.734916],[-108.240522,36.734826],[-108.24041,36.734823],[-108.240413,36.734733],[-108.240301,36.734731],[-108.240298,36.734821],[-108.240074,36.734815],[-108.240071,36.734905],[-108.239287,36.734887],[-108.239284,36.734977],[-108.238948,36.73497],[-108.238951,36.73488],[-108.238839,36.734877],[-108.238843,36.734787],[-108.238619,36.734782],[-108.238622,36.734692],[-108.23851,36.734689],[-108.23852,36.734419],[-108.238408,36.734416],[-108.238411,36.734326],[-108.238747,36.734334],[-108.23875,36.734244],[-108.238414,36.734236],[-108.238418,36.734146],[-108.238306,36.734143],[-108.238289,36.734594],[-108.238178,36.734591],[-108.238171,36.734771],[-108.238283,36.734774],[-108.238277,36.734954],[-108.238612,36.734962],[-108.238609,36.735052],[-108.238945,36.73506],[-108.238942,36.73515],[-108.239501,36.735163]],[[-108.238836,36.734967],[-108.238724,36.734964],[-108.238727,36.734874],[-108.238839,36.734877],[-108.238836,36.734967]]]}},{"type":"Feature","properties":{"class":"extent","min_prob":0.5},"geometry":{"type":"Polygon","coordinates":[[[-108.322363,36.736156],[-108.322366,36.736066],[-108.322254,36.736063],[-108.322251,36.736153],[-108.322363,36.736156]]]}},{"type":"Feature","properties":{"class":"extent","min_prob":0.5},"geometry":{"type":"Polygon","coordinates":[[[-108.255485,36.736164],[-108.255491,36.735984],[-108.255267,36.735978],[-108.25527,36.735888],[-108.254935,36.735881],[-108.254938,36.735791],[-108.254714,36.735785],[-108.254727,36.735425],[-108.254839,36.735428],[-108.254842,36.735338],[-108.255066,36.735343],[-108.255069,36.735253],[-108.255181,36.735255],[-108.255187,36.735075],[-108.255075,36.735072],[-108.255072,36.735163],[-108.254848,36.735157],[-108.254852,36.735067],[-108.25474,36.735065],[-108.254736,36.735155],[-108.254624,36.735152],[-108.254628,36.735062],[-108.254516,36.73506],[-108.254519,36.734969],[-108.254407,36.734967],[-108.254417,36.734697],[-108.254305,36.734694],[-108.254308,36.734604],[-108.254196,36.734601],[-108.254199,36.734511],[-108.253751,36.734501],[-108.253755,36.734411],[-108.253643,36.734408],[-108.253633,36.734679],[-108.253745,36.734681],[-108.253742,36.734771],[-108.254078,36.734779],[-108.254074,36.734869],[-108.254186,36.734872],[-108.254183,36.734962],[-108.253959,36.734957],[-108.253956,36.735047],[-108.254068,36.735049],[-108.254065,36.735139],[-108.254177,36.735142],[-108.254167,36.735412],[-108.253831,36.735404],[-108.253828,36.735494],[-108.253716,36.735492],[-108.253719,36.735402],[-108.253607,36.735399],[-108.253601,36.735579],[-108.253937,36.735587],[-108.253934,36.735677],[-108.254157,36.735682],[-108.254151,36.735863],[-108.254823,36.735878],[-108.254819,36.735968],[-108.255043,36.735973],[-108.25504,36.736063],[-108.255152,36.736066],[-108.255149,36.736156],[-108.255485,36.736164]],[[-108.254292,36.735054],[-108.25418,36.735052],[-108.254183,36.734962],[-108.254295,36.734964],[-108.254292,36.735054]]]}},{"type":"Feature","properties":{"class":"extent","min_prob":0.5},"geometry":{"type":"Polygon","coordinates":[[[-108.249051,36.734392],[-108.249054,36.734302],[-108.248942,36.7343],[-108.248939,36.73439],[-108.249051,36.734392]]]}},{"type":"Feature","properties":{"class":"extent","min_prob":0.5},"geometry":{"type":"Polygon","coordinates":[[[-108.238421,36.734056],[-108.238424,36.733966],[-108.238312,36.733963],[-108.238309,36.734053],[-108.238421,36.734056]]]}},{"type":"Feature","properties":{"class":"extent","min_prob":0.5},"geometry":{"type":"Polygon","coordinates":[[[-108.322254,36.736063],[-108.322263,36.735793],[-108.322151,36.73579],[-108.322142,36.736061],[-108.322254,36.736063]]]}},{"type":"Feature","properties":{"class":"extent","min_prob":0.5},"geometry":{"type":"Polygon","coordinates":[[[-108.266742,36.73462],[-108.266745,36.73453],[-108.266633,36.734527],[-108.26663,36.734617],[-108.266742,36.73462]]]}},{"type":"Feature","properties":{"class":"extent","min_prob":0.5},"geometry":{"type":"Polygon","coordinates":[[[-108.249057,36.734212],[-108.24906,36.734122],[-108.248948,36.734119],[-108.248945,36.73421],[-108.249057,36.734212]]]}},{"type":"Feature","properties":{"class":"extent","min_prob":0.5},"geometry":{"type":"Polygon","coordinates":[[[-108.245245,36.734304],[-108.245248,36.734214],[-108.245472,36.734219],[-108.245479,36.734039],[-108.245367,36.734037],[-108.24537,36.733946],[-108.244922,36.733936],[-108.244909,36.734296],[-108.245021,36.734299],[-108.245028,36.734119],[-108.24514,36.734121],[-108.245133,36.734302],[-108.245245,36.734304]]]}},{"type":"Feature","properties":{"class":"extent","min_prob":0.5},"geometry":{"type":"Polygon","coordinates":[[[-108.294839,36.735172],[-108.294843,36.735082],[-108.294731,36.735079],[-108.294727,36.73517],[-108.294839,36.735172]]]}},{"type":"Feature","properties":{"class":"extent","min_prob":0.5},"geometry":{"type":"Polygon","coordinates":[[[-108.266972,36.734445],[-108.266975,36.734355],[-108.266863,36.734352],[-108.26686,36.734442],[-108.266972,36.734445]]]}},{"type":"Feature","properties":{"class":"extent","min_prob":0.5},"geometry":{"type":"Polygon","coordinates":[[[-108.232079,36.735982],[-108.232082,36.735892],[-108.232641,36.735905],[-108.232645,36.735815],[-108.233764,36.735841],[-108.233767,36.735751],[-108.234103,36.735759],[-108.234106,36.735669],[-108.234218,36.735671],[-108.234221,36.735581],[-108.234445,36.735586],[-108.234448,36.735496],[-108.234672,36.735501],[-108.234676,36.735411],[-108.234899,36.735417],[-108.234903,36.735326],[-108.235686,36.735345],[-108.235689,36.735255],[-108.236361,36.73527],[-108.236364,36.73518],[-108.236924,36.735193],[-108.236927,36.735103],[-108.237487,36.735116],[-108.23749,36.735026],[-108.237826,36.735034],[-108.237829,36.734944],[-108.237941,36.734946],[-108.237944,36.734856],[-108.237272,36.734841],[-108.237276,36.73475],[-108.237164,36.734748],[-108.237157,36.734928],[-108.236933,36.734923],[-108.23693,36.735013],[-108.236818,36.73501],[-108.236822,36.73492],[-108.23671,36.734918],[-108.236706,36.735008],[-108.236594,36.735005],[-108.236604,36.734735],[-108.236492,36.734732],[-108.236505,36.734372],[-108.236617,36.734374],[-108.236633,36.733924],[-108.236297,36.733916],[-108.236304,36.733736],[-108.236192,36.733733],[-108.236198,36.733553],[-108.236087,36.733551],[-108.236051,36.734542],[-108.235939,36.734539],[-108.235933,36.734719],[-108.236044,36.734722],[-108.236041,36.734812],[-108.236153,36.734815],[-108.23615,36.734905],[-108.236038,36.734902],[-108.236035,36.734992],[-108.235923,36.734989],[-108.23592,36.73508],[-108.235808,36.735077],[-108.235804,36.735167],[-108.235357,36.735157],[-108.23536,36.735067],[-108.235248,36.735064],[-108.235245,36.735154],[-108.234685,36.735141],[-108.234682,36.735231],[-108.234458,36.735226],[-108.234455,36.735316],[-108.234231,36.735311],[-108.234228,36.735401],[-108.234004,36.735396],[-108.234001,36.735486],[-108.233777,36.735481],[-108.233774,36.735571],[-108.233326,36.73556],[-108.233329,36.73547],[-108.233217,36.735468],[-108.233214,36.735558],[-108.233102,36.735555],[-108.233105,36.735465],[-108.232322,36.735447],[-108.232319,36.735537],[-108.231983,36.735529],[-108.23198,36.735619],[-108.23142,36.735606],[-108.231413,36.735786],[-108.231525,36.735789],[-108.231522,36.735879],[-108.231858,36.735887],[-108.231855,36.735977],[-108.232079,36.735982]]]}},{"type":"Feature","properties":{"class":"extent","min_prob":0.5},"geometry":{"type":"Polygon","coordinates":[[[-108.245312,36.735568],[-108.245318,36.735388],[-108.245094,36.735383],[-108.245098,36.735293],[-108.244986,36.73529],[-108.244989,36.7352],[-108.244765,36.735195],[-108.244768,36.735105],[-108.24488,36.735107],[-108.244883,36.735017],[-108.245107,36.735022],[-108.245111,36.734932],[-108.245334,36.734937],[-108.245338,36.734847],[-108.24545,36.73485],[-108.245456,36.73467],[-108.245232,36.734665],[-108.245235,36.734574],[-108.245012,36.734569],[-108.245018,36.734389],[-108.244794,36.734384],[-108.244797,36.734294],[-108.244685,36.734291],[-108.244705,36.733751],[-108.244593,36.733748],[-108.244596,36.733658],[-108.24426,36.73365],[-108.244257,36.73374],[-108.244369,36.733743],[-108.244366,36.733833],[-108.244478,36.733836],[-108.244458,36.734376],[-108.244346,36.734374],[-108.24435,36.734283],[-108.244238,36.734281],[-108.244247,36.734011],[-108.244359,36.734013],[-108.244363,36.733923],[-108.244251,36.73392],[-108.244254,36.73383],[-108.244142,36.733828],[-108.244126,36.734278],[-108.24379,36.73427],[-108.243787,36.734361],[-108.243899,36.734363],[-108.243895,36.734453],[-108.244007,36.734456],[-108.244004,36.734546],[-108.243892,36.734543],[-108.243883,36.734814],[-108.243995,36.734816],[-108.243991,36.734906],[-108.243767,36.734901],[-108.243771,36.734811],[-108.243435,36.734803],[-108.243438,36.734713],[-108.243214,36.734708],[-108.243211,36.734798],[-108.242987,36.734793],[-108.24299,36.734703],[-108.242655,36.734695],[-108.242661,36.734515],[-108.242549,36.734512],[-108.242546,36.734602],[-108.241874,36.734587],[-108.241878,36.734497],[-108.24143,36.734486],[-108.241423,36.734666],[-108.241311,36.734664],[-108.241315,36.734574],[-108.241203,36.734571],[-108.2412,36.734661],[-108.241088,36.734659],[-108.241084,36.734749],[-108.240861,36.734744],[-108.240857,36.734834],[-108.240969,36.734836],[-108.240963,36.735016],[-108.241075,36.735019],[-108.241078,36.734929],[-108.241302,36.734934],[-108.241299,36.735024],[-108.241411,36.735027],[-108.241414,36.734937],[-108.241638,36.734942],[-108.241641,36.734852],[-108.242312,36.734867],[-108.242316,36.734777],[-108.242539,36.734782],[-108.242536,36.734873],[-108.243096,36.734886],[-108.243093,36.734976],[-108.243428,36.734983],[-108.243425,36.735073],[-108.243761,36.735081],[-108.243755,36.735261],[-108.243866,36.735264],[-108.24387,36.735174],[-108.243982,36.735177],[-108.243978,36.735267],[-108.244426,36.735277],[-108.244423,36.735367],[-108.244983,36.73538],[-108.244979,36.73547],[-108.245203,36.735475],[-108.2452,36.735565],[-108.245312,36.735568]],[[-108.244682,36.734381],[-108.24457,36.734379],[-108.244573,36.734289],[-108.244685,36.734291],[-108.244682,36.734381]]]}},{"type":"Feature","properties":{"class":"extent","min_prob":0.5},"geometry":{"type":"Polygon","coordinates":[[[-108.207862,36.733432],[-108.207869,36.733252],[-108.207981,36.733255],[-108.208,36.732714],[-108.207777,36.732709],[-108.20777,36.732889],[-108.207546,36.732884],[-108.207549,36.732794],[-108.207438,36.732791],[-108.207434,36.732881],[-108.207322,36.732879],[-108.207326,36.732789],[-108.207214,36.732786],[-108.20721,36.732876],[-108.207099,36.732873],[-108.207092,36.733054],[-108.206868,36.733048],[-108.206865,36.733138],[-108.206977,36.733141],[-108.20697,36.733321],[-108.207642,36.733337],[-108.207645,36.733247],[-108.207757,36.73325],[-108.20775,36.73343],[-108.207862,36.733432]],[[-108.207645,36.733247],[-108.207533,36.733244],[-108.207536,36.733154],[-108.207648,36.733157],[-108.207645,36.733247]]]}},{"type":"Feature","properties":{"class":"extent","min_prob":0.5},"geometry":{"type":"Polygon","coordinates":[[[-108.24749,36.734176],[-108.247493,36.734086],[-108.247605,36.734088],[-108.247608,36.733998],[-108.24772,36.734001],[-108.247724,36.733911],[-108.247835,36.733913],[-108.247839,36.733823],[-108.247727,36.733821],[-108.247733,36.73364],[-108.247621,36.733638],[-108.247618,36.733728],[-108.247282,36.73372],[-108.247279,36.73381],[-108.247167,36.733808],[-108.247161,36.733988],[-108.247273,36.73399],[-108.247269,36.734081],[-108.247381,36.734083],[-108.247378,36.734173],[-108.24749,36.734176]]]}},{"type":"Feature","properties":{"class":"extent","min_prob":0.5},"geometry":{"type":"Polygon","coordinates":[[[-108.320491,36.735212],[-108.320494,36.735122],[-108.320382,36.735119],[-108.320379,36.735209],[-108.320491,36.735212]]]}},{"type":"Feature","properties":{"class":"extent","min_prob":0.5},"geometry":{"type":"Polygon","coordinates":[[[-108.24852,36.733569],[-108.248523,36.733478],[-108.248411,36.733476],[-108.248408,36.733566],[-108.24852,36.733569]]]}},{"type":"Feature","properties":{"class":"extent","min_prob":0.5},"geometry":{"type":"Polygon","coordinates":[[[-108.248411,36.733476],[-108.248414,36.733386],[-108.248191,36.733381],[-108.248187,36.733471],[-108.248411,36.733476]]]}},{"type":"Feature","properties":{"class":"extent","min_prob":0.5},"geometry":{"type":"Polygon","coordinates":[[[-108.238891,36.733436],[-108.238894,36.733345],[-108.239006,36.733348],[-108.239016,36.733078],[-108.238904,36.733075],[-108.238907,36.732985],[-108.238683,36.73298],[-108.238687,36.73289],[-108.238575,36.732887],[-108.238571,36.732977],[-108.23846,36.732975],[-108.238447,36.733335],[-108.238782,36.733343],[-108.238779,36.733433],[-108.238891,36.733436]]]}},{"type":"Feature","properties":{"class":"extent","min_prob":0.5},"geometry":{"type":"Polygon","coordinates":[[[-108.256291,36.735551],[-108.2563,36.735281],[-108.256412,36.735284],[-108.256415,36.735194],[-108.256527,36.735196],[-108.25653,36.735106],[-108.256307,36.735101],[-108.25631,36.735011],[-108.256086,36.735006],[-108.256089,36.734916],[-108.255977,36.734913],[-108.255984,36.734733],[-108.255872,36.73473],[-108.255875,36.73464],[-108.255763,36.734638],[-108.255769,36.734457],[-108.255657,36.734455],[-108.255661,36.734365],[-108.255549,36.734362],[-108.255552,36.734272],[-108.25544,36.734269],[-108.255443,36.734179],[-108.255219,36.734174],[-108.255226,36.733994],[-108.255338,36.733997],[-108.255341,36.733906],[-108.255229,36.733904],[-108.255232,36.733814],[-108.25512,36.733811],[-108.255124,36.733721],[-108.255235,36.733724],[-108.255239,36.733634],[-108.255127,36.733631],[-108.255143,36.733181],[-108.255031,36.733178],[-108.255028,36.733268],[-108.254804,36.733263],[-108.254794,36.733533],[-108.254906,36.733536],[-108.254893,36.733896],[-108.254781,36.733894],[-108.254775,36.734074],[-108.254887,36.734076],[-108.254884,36.734166],[-108.254996,36.734169],[-108.254989,36.734349],[-108.255101,36.734352],[-108.255098,36.734442],[-108.25521,36.734444],[-108.255207,36.734535],[-108.255318,36.734537],[-108.255312,36.734717],[-108.255424,36.73472],[-108.255418,36.7349],[-108.255529,36.734903],[-108.25552,36.735173],[-108.255744,36.735178],[-108.255741,36.735268],[-108.255517,36.735263],[-108.25551,36.735443],[-108.255734,36.735448],[-108.255737,36.735358],[-108.255961,36.735363],[-108.255958,36.735453],[-108.25607,36.735456],[-108.256067,36.735546],[-108.256291,36.735551]]]}},{"type":"Feature","properties":{"class":"extent","min_prob":0.5},"geometry":{"type":"Polygon","coordinates":[[[-108.22972,36.733042],[-108.229736,36.732591],[-108.229512,36.732586],[-108.229509,36.732676],[-108.229397,36.732674],[-108.2294,36.732584],[-108.229288,36.732581],[-108.229279,36.732851],[-108.229502,36.732857],[-108.229496,36.733037],[-108.22972,36.733042]]]}},{"type":"Feature","properties":{"class":"extent","min_prob":0.5},"geometry":{"type":"Polygon","coordinates":[[[-108.212701,36.732825],[-108.212708,36.732644],[-108.21282,36.732647],[-108.212823,36.732557],[-108.212711,36.732554],[-108.212714,36.732464],[-108.212938,36.732469],[-108.212945,36.732289],[-108.212833,36.732287],[-108.212836,36.732197],[-108.2125,36.732189],[-108.212494,36.732369],[-108.211822,36.732353],[-108.211819,36.732443],[-108.211931,36.732446],[-108.211924,36.732626],[-108.212148,36.732631],[-108.212145,36.732721],[-108.212369,36.732727],[-108.212372,36.732637],[-108.212484,36.732639],[-108.212481,36.732729],[-108.212592,36.732732],[-108.212589,36.732822],[-108.212701,36.732825]]]}},{"type":"Feature","properties":{"class":"extent","min_prob":0.5},"geometry":{"type":"Polygon","coordinates":[[[-108.262527,36.733441],[-108.26253,36.733351],[-108.262418,36.733348],[-108.262415,36.733438],[-108.262527,36.733441]]]}},{"type":"Feature","properties":{"class":"extent","min_prob":0.5},"geometry":{"type":"Polygon","coordinates":[[[-108.268907,36.733588],[-108.26891,36.733498],[-108.269022,36.7335],[-108.269025,36.73341],[-108.268913,36.733407],[-108.268916,36.733317],[-108.268692,36.733312],[-108.268686,36.733492],[-108.268798,36.733495],[-108.268795,36.733585],[-108.268907,36.733588]]]}},{"type":"Feature","properties":{"class":"extent","min_prob":0.5},"geometry":{"type":"Polygon","coordinates":[[[-108.262309,36.733256],[-108.262316,36.733075],[-108.262204,36.733073],[-108.262197,36.733253],[-108.262309,36.733256]]]}},{"type":"Feature","properties":{"class":"extent","min_prob":0.5},"geometry":{"type":"Polygon","coordinates":[[[-108.271267,36.733371],[-108.27127,36.733281],[-108.271158,36.733279],[-108.271155,36.733369],[-108.271267,36.733371]]]}},{"type":"Feature","properties":{"class":"extent","min_prob":0.5},"geometry":{"type":"Polygon","coordinates":[[[-108.269476,36.73333],[-108.269479,36.73324],[-108.269367,36.733238],[-108.269364,36.733328],[-108.269476,36.73333]]]}},{"type":"Feature","properties":{"class":"extent","min_prob":0.5},"geometry":{"type":"Polygon","coordinates":[[[-108.286377,36.733717],[-108.28638,36.733627],[-108.286268,36.733624],[-108.286271,36.733534],[-108.286159,36.733532],[-108.286153,36.733712],[-108.286377,36.733717]]]}},{"type":"Feature","properties":{"class":"extent","min_prob":0.5},"geometry":{"type":"Polygon","coordinates":[[[-108.268347,36.733575],[-108.26835,36.733485],[-108.268462,36.733487],[-108.268472,36.733217],[-108.268584,36.73322],[-108.26858,36.73331],[-108.268692,36.733312],[-108.268699,36.733132],[-108.268363,36.733124],[-108.26836,36.733214],[-108.268136,36.733209],[-108.268133,36.733299],[-108.267909,36.733294],[-108.267906,36.733384],[-108.268018,36.733387],[-108.268014,36.733477],[-108.268126,36.73348],[-108.268123,36.73357],[-108.268347,36.733575]],[[-108.268353,36.733395],[-108.268241,36.733392],[-108.268245,36.733302],[-108.268356,36.733305],[-108.268353,36.733395]]]}},{"type":"Feature","properties":{"class":"extent","min_prob":0.5},"geometry":{"type":"Polygon","coordinates":[[[-108.287055,36.733552],[-108.287058,36.733462],[-108.286946,36.73346],[-108.286943,36.73355],[-108.287055,36.733552]]]}},{"type":"Feature","properties":{"class":"extent","min_prob":0.5},"geometry":{"type":"Polygon","coordinates":[[[-108.286495,36.733539],[-108.286498,36.733449],[-108.286386,36.733447],[-108.286383,36.733537],[-108.286495,36.733539]]]}},{"type":"Feature","properties":{"class":"extent","min_prob":0.5},"geometry":{"type":"Polygon","coordinates":[[[-108.268923,36.733137],[-108.268926,36.733047],[-108.268814,36.733045],[-108.268811,36.733135],[-108.268923,36.733137]]]}},{"type":"Feature","properties":{"class":"extent","min_prob":0.5},"geometry":{"type":"Polygon","coordinates":[[[-108.25314,36.735929],[-108.253144,36.735839],[-108.253256,36.735842],[-108.253259,36.735752],[-108.253035,36.735747],[-108.253038,36.735657],[-108.252926,36.735654],[-108.252933,36.735474],[-108.252821,36.735471],[-108.252824,36.735381],[-108.252712,36.735379],[-108.252709,36.735469],[-108.252597,36.735466],[-108.2526,36.735376],[-108.252488,36.735373],[-108.252491,36.735283],[-108.252379,36.735281],[-108.252383,36.735191],[-108.252271,36.735188],[-108.252274,36.735098],[-108.25205,36.735093],[-108.252053,36.735003],[-108.251941,36.735],[-108.251945,36.73491],[-108.252057,36.734913],[-108.25206,36.734822],[-108.252284,36.734828],[-108.25228,36.734918],[-108.252392,36.73492],[-108.252399,36.73474],[-108.252623,36.734745],[-108.252629,36.734565],[-108.252853,36.73457],[-108.25285,36.73466],[-108.252962,36.734663],[-108.252968,36.734483],[-108.25308,36.734485],[-108.253083,36.734395],[-108.253195,36.734398],[-108.253192,36.734488],[-108.253304,36.734491],[-108.253307,36.7344],[-108.253419,36.734403],[-108.253422,36.734313],[-108.253198,36.734308],[-108.253201,36.734218],[-108.252978,36.734213],[-108.252981,36.734122],[-108.252869,36.73412],[-108.252872,36.73403],[-108.252648,36.734025],[-108.252651,36.733935],[-108.25254,36.733932],[-108.252546,36.733752],[-108.252434,36.733749],[-108.252437,36.733659],[-108.252549,36.733662],[-108.252556,36.733482],[-108.252668,36.733484],[-108.252674,36.733304],[-108.252786,36.733307],[-108.252799,36.732946],[-108.252911,36.732949],[-108.252914,36.732859],[-108.252802,36.732856],[-108.252812,36.732586],[-108.252476,36.732578],[-108.252473,36.732668],[-108.251801,36.732653],[-108.251798,36.732743],[-108.251574,36.732738],[-108.251571,36.732828],[-108.251459,36.732825],[-108.251452,36.733005],[-108.251341,36.733003],[-108.251337,36.733093],[-108.251225,36.73309],[-108.251222,36.73318],[-108.251334,36.733183],[-108.251321,36.733543],[-108.251433,36.733546],[-108.25143,36.733636],[-108.251318,36.733633],[-108.251315,36.733723],[-108.250867,36.733713],[-108.250864,36.733803],[-108.250752,36.7338],[-108.250755,36.73371],[-108.250084,36.733695],[-108.25008,36.733785],[-108.250192,36.733788],[-108.250189,36.733878],[-108.250301,36.73388],[-108.250298,36.73397],[-108.25041,36.733973],[-108.250407,36.734063],[-108.25063,36.734068],[-108.250627,36.734158],[-108.250739,36.734161],[-108.250736,36.734251],[-108.250848,36.734254],[-108.250841,36.734434],[-108.251065,36.734439],[-108.251062,36.734529],[-108.251174,36.734532],[-108.251171,36.734622],[-108.251283,36.734624],[-108.251279,36.734714],[-108.251503,36.734719],[-108.2515,36.73481],[-108.251612,36.734812],[-108.251609,36.734902],[-108.251721,36.734905],[-108.251718,36.734995],[-108.251829,36.734997],[-108.251826,36.735088],[-108.251938,36.73509],[-108.251935,36.73518],[-108.252047,36.735183],[-108.252044,36.735273],[-108.252268,36.735278],[-108.252261,36.735458],[-108.252373,36.735461],[-108.25237,36.735551],[-108.252482,36.735554],[-108.252479,36.735644],[-108.25259,36.735646],[-108.252587,36.735736],[-108.252811,36.735741],[-108.252808,36.735832],[-108.253032,36.735837],[-108.253029,36.735927],[-108.25314,36.735929]],[[-108.25206,36.734822],[-108.251948,36.73482],[-108.251951,36.73473],[-108.252063,36.734732],[-108.25206,36.734822]]]}},{"type":"Feature","properties":{"class":"extent","min_prob":0.5},"geometry":{"type":"Polygon","coordinates":[[[-108.286275,36.733444],[-108.286278,36.733354],[-108.286166,36.733352],[-108.286163,36.733442],[-108.286275,36.733444]]]}},{"type":"Feature","properties":{"class":"extent","min_prob":0.5},"geometry":{"type":"Polygon","coordinates":[[[-108.270493,36.733083],[-108.270496,36.732993],[-108.270384,36.73299],[-108.270381,36.733081],[-108.270493,36.733083]]]}},{"type":"Feature","properties":{"class":"extent","min_prob":0.5},"geometry":{"type":"Polygon","coordinates":[[[-108.285942,36.733346],[-108.285945,36.733256],[-108.285833,36.733254],[-108.28583,36.733344],[-108.285942,36.733346]]]}},{"type":"Feature","properties":{"class":"extent","min_prob":0.5},"geometry":{"type":"Polygon","coordinates":[[[-108.260643,36.732857],[-108.260653,36.732586],[-108.260541,36.732584],[-108.260531,36.732854],[-108.260643,36.732857]]]}},{"type":"Feature","properties":{"class":"extent","min_prob":0.5},"geometry":{"type":"Polygon","coordinates":[[[-108.286169,36.733261],[-108.286172,36.733171],[-108.28606,36.733169],[-108.286057,36.733259],[-108.286169,36.733261]]]}},{"type":"Feature","properties":{"class":"extent","min_prob":0.5},"geometry":{"type":"Polygon","coordinates":[[[-108.269719,36.732795],[-108.269722,36.732705],[-108.26961,36.732702],[-108.269607,36.732792],[-108.269719,36.732795]]]}},{"type":"Feature","properties":{"class":"extent","min_prob":0.5},"geometry":{"type":"Polygon","coordinates":[[[-108.249796,36.732336],[-108.249799,36.732246],[-108.249687,36.732243],[-108.249684,36.732333],[-108.249796,36.732336]]]}},{"type":"Feature","properties":{"class":"extent","min_prob":0.5},"geometry":{"type":"Polygon","coordinates":[[[-108.272629,36.732862],[-108.272635,36.732681],[-108.272411,36.732676],[-108.272408,36.732766],[-108.272296,36.732764],[-108.272293,36.732854],[-108.272629,36.732862]]]}},{"type":"Feature","properties":{"class":"extent","min_prob":0.5},"geometry":{"type":"Polygon","coordinates":[[[-108.270394,36.73272],[-108.270397,36.73263],[-108.270285,36.732627],[-108.270282,36.732718],[-108.270394,36.73272]]]}},{"type":"Feature","properties":{"class":"extent","min_prob":0.5},"geometry":{"type":"Polygon","coordinates":[[[-108.286393,36.733267],[-108.286406,36.732906],[-108.286294,36.732904],[-108.28629,36.732994],[-108.286178,36.732991],[-108.286175,36.733081],[-108.286287,36.733084],[-108.286281,36.733264],[-108.286393,36.733267]]]}},{"type":"Feature","properties":{"class":"extent","min_prob":0.5},"geometry":{"type":"Polygon","coordinates":[[[-108.272411,36.732676],[-108.272415,36.732586],[-108.272191,36.732581],[-108.272188,36.732671],[-108.272411,36.732676]]]}},{"type":"Feature","properties":{"class":"extent","min_prob":0.5},"geometry":{"type":"Polygon","coordinates":[[[-108.270285,36.732627],[-108.270288,36.732537],[-108.270176,36.732535],[-108.270179,36.732445],[-108.270067,36.732442],[-108.270061,36.732622],[-108.270285,36.732627]]]}},{"type":"Feature","properties":{"class":"extent","min_prob":0.5},"geometry":{"type":"Polygon","coordinates":[[[-108.272638,36.732591],[-108.272642,36.732501],[-108.27253,36.732499],[-108.272527,36.732589],[-108.272638,36.732591]]]}},{"type":"Feature","properties":{"class":"extent","min_prob":0.5},"geometry":{"type":"Polygon","coordinates":[[[-108.323349,36.733563],[-108.323352,36.733473],[-108.32324,36.73347],[-108.323237,36.733561],[-108.323349,36.733563]]]}},{"type":"Feature","properties":{"class":"extent","min_prob":0.5},"geometry":{"type":"Polygon","coordinates":[[[-108.275555,36.732478],[-108.275558,36.732388],[-108.275446,36.732385],[-108.275443,36.732475],[-108.275555,36.732478]]]}},{"type":"Feature","properties":{"class":"extent","min_prob":0.5},"geometry":{"type":"Polygon","coordinates":[[[-108.274548,36.732455],[-108.274551,36.732365],[-108.274439,36.732362],[-108.274436,36.732452],[-108.274548,36.732455]]]}},{"type":"Feature","properties":{"class":"extent","min_prob":0.5},"geometry":{"type":"Polygon","coordinates":[[[-108.261228,36.732149],[-108.261232,36.732059],[-108.261008,36.732054],[-108.261005,36.732144],[-108.261228,36.732149]]]}},{"type":"Feature","properties":{"class":"extent","min_prob":0.5},"geometry":{"type":"Polygon","coordinates":[[[-108.249911,36.732248],[-108.249914,36.732158],[-108.250026,36.732161],[-108.250033,36.731981],[-108.250145,36.731983],[-108.250148,36.731893],[-108.25026,36.731896],[-108.250263,36.731806],[-108.250039,36.7318],[-108.250036,36.731891],[-108.249924,36.731888],[-108.249921,36.731978],[-108.249809,36.731975],[-108.249799,36.732246],[-108.249911,36.732248]]]}},{"type":"Feature","properties":{"class":"extent","min_prob":0.5},"geometry":{"type":"Polygon","coordinates":[[[-108.303764,36.733031],[-108.303767,36.73294],[-108.303655,36.732938],[-108.303652,36.733028],[-108.303764,36.733031]]]}},{"type":"Feature","properties":{"class":"extent","min_prob":0.5},"geometry":{"type":"Polygon","coordinates":[[[-108.250375,36.731808],[-108.250378,36.731718],[-108.250266,36.731716],[-108.250263,36.731806],[-108.250375,36.731808]]]}},{"type":"Feature","properties":{"class":"extent","min_prob":0.5},"geometry":{"type":"Polygon","coordinates":[[[-108.287752,36.732847],[-108.287755,36.732757],[-108.287643,36.732754],[-108.287646,36.732664],[-108.287758,36.732667],[-108.287765,36.732486],[-108.287317,36.732476],[-108.287314,36.732566],[-108.287202,36.732564],[-108.287192,36.732834],[-108.287752,36.732847]],[[-108.287534,36.732662],[-108.287422,36.732659],[-108.287426,36.732569],[-108.287537,36.732571],[-108.287534,36.732662]]]}},{"type":"Feature","properties":{"class":"extent","min_prob":0.5},"geometry":{"type":"Polygon","coordinates":[[[-108.304103,36.732948],[-108.304106,36.732858],[-108.303994,36.732855],[-108.303991,36.732946],[-108.304103,36.732948]]]}},{"type":"Feature","properties":{"class":"extent","min_prob":0.5},"geometry":{"type":"Polygon","coordinates":[[[-108.273659,36.732254],[-108.273665,36.732074],[-108.273553,36.732071],[-108.273547,36.732251],[-108.273659,36.732254]]]}},{"type":"Feature","properties":{"class":"extent","min_prob":0.5},"geometry":{"type":"Polygon","coordinates":[[[-108.304218,36.732861],[-108.304221,36.73277],[-108.304109,36.732768],[-108.304106,36.732858],[-108.304218,36.732861]]]}},{"type":"Feature","properties":{"class":"extent","min_prob":0.5},"geometry":{"type":"Polygon","coordinates":[[[-108.274109,36.732174],[-108.274113,36.732084],[-108.273889,36.732079],[-108.273886,36.732169],[-108.274109,36.732174]]]}},{"type":"Feature","properties":{"class":"extent","min_prob":0.5},"geometry":{"type":"Polygon","coordinates":[[[-108.324816,36.733235],[-108.32482,36.733145],[-108.324708,36.733143],[-108.324705,36.733233],[-108.324816,36.733235]]]}},{"type":"Feature","properties":{"class":"extent","min_prob":0.5},"geometry":{"type":"Polygon","coordinates":[[[-108.237402,36.731237],[-108.237405,36.731147],[-108.237293,36.731144],[-108.23729,36.731234],[-108.237402,36.731237]]]}},{"type":"Feature","properties":{"class":"extent","min_prob":0.5},"geometry":{"type":"Polygon","coordinates":[[[-108.288442,36.732322],[-108.288446,36.732231],[-108.288334,36.732229],[-108.28833,36.732319],[-108.288442,36.732322]]]}},{"type":"Feature","properties":{"class":"extent","min_prob":0.5},"geometry":{"type":"Polygon","coordinates":[[[-108.304224,36.73268],[-108.304231,36.7325],[-108.304119,36.732498],[-108.304116,36.732588],[-108.304004,36.732585],[-108.304,36.732675],[-108.304224,36.73268]]]}},{"type":"Feature","properties":{"class":"extent","min_prob":0.5},"geometry":{"type":"Polygon","coordinates":[[[-108.274791,36.731919],[-108.274794,36.731829],[-108.274682,36.731827],[-108.274685,36.731737],[-108.274573,36.731734],[-108.274567,36.731914],[-108.274791,36.731919]]]}},{"type":"Feature","properties":{"class":"extent","min_prob":0.5},"geometry":{"type":"Polygon","coordinates":[[[-108.304119,36.732498],[-108.304122,36.732408],[-108.30401,36.732405],[-108.304007,36.732495],[-108.304119,36.732498]]]}},{"type":"Feature","properties":{"class":"extent","min_prob":0.5},"geometry":{"type":"Polygon","coordinates":[[[-108.288896,36.732152],[-108.2889,36.732061],[-108.288788,36.732059],[-108.288785,36.732149],[-108.288896,36.732152]]]}},{"type":"Feature","properties":{"class":"extent","min_prob":0.5},"geometry":{"type":"Polygon","coordinates":[[[-108.282517,36.732006],[-108.28252,36.731916],[-108.282408,36.731913],[-108.282405,36.732003],[-108.282517,36.732006]]]}},{"type":"Feature","properties":{"class":"extent","min_prob":0.5},"geometry":{"type":"Polygon","coordinates":[[[-108.274458,36.731822],[-108.274461,36.731731],[-108.274349,36.731729],[-108.274346,36.731819],[-108.274458,36.731822]]]}},{"type":"Feature","properties":{"class":"extent","min_prob":0.5},"geometry":{"type":"Polygon","coordinates":[[[-108.27401,36.731811],[-108.274013,36.731721],[-108.273901,36.731719],[-108.273898,36.731809],[-108.27401,36.731811]]]}},{"type":"Feature","properties":{"class":"extent","min_prob":0.5},"geometry":{"type":"Polygon","coordinates":[[[-108.303562,36.732395],[-108.303565,36.732305],[-108.303453,36.732302],[-108.30345,36.732392],[-108.303562,36.732395]]]}},{"type":"Feature","properties":{"class":"extent","min_prob":0.5},"geometry":{"type":"Polygon","coordinates":[[[-108.236282,36.731211],[-108.236299,36.730761],[-108.236187,36.730758],[-108.23619,36.730668],[-108.235966,36.730663],[-108.235963,36.730753],[-108.236075,36.730755],[-108.236072,36.730846],[-108.23596,36.730843],[-108.235953,36.731023],[-108.236065,36.731026],[-108.236068,36.730936],[-108.23618,36.730938],[-108.236171,36.731208],[-108.236282,36.731211]]]}},{"type":"Feature","properties":{"class":"extent","min_prob":0.5},"geometry":{"type":"Polygon","coordinates":[[[-108.237517,36.73115],[-108.23752,36.731059],[-108.237856,36.731067],[-108.237859,36.730977],[-108.237747,36.730975],[-108.23775,36.730885],[-108.237526,36.730879],[-108.237533,36.730699],[-108.237309,36.730694],[-108.237296,36.731054],[-108.237408,36.731057],[-108.237405,36.731147],[-108.237517,36.73115]]]}},{"type":"Feature","properties":{"class":"extent","min_prob":0.5},"geometry":{"type":"Polygon","coordinates":[[[-108.216583,36.733907],[-108.216586,36.733817],[-108.217145,36.73383],[-108.217149,36.73374],[-108.217261,36.733743],[-108.217264,36.733653],[-108.217488,36.733658],[-108.217491,36.733568],[-108.217603,36.733571],[-108.217609,36.73339],[-108.217721,36.733393],[-108.217725,36.733303],[-108.217836,36.733305],[-108.21784,36.733215],[-108.217952,36.733218],[-108.217955,36.733128],[-108.218179,36.733133],[-108.218182,36.733043],[-108.218294,36.733046],[-108.218297,36.732956],[-108.218521,36.732961],[-108.218524,36.732871],[-108.218636,36.732873],[-108.218639,36.732783],[-108.218751,36.732786],[-108.218755,36.732696],[-108.218978,36.732701],[-108.218982,36.732611],[-108.219206,36.732616],[-108.219209,36.732526],[-108.219321,36.732529],[-108.219324,36.732439],[-108.219548,36.732444],[-108.219551,36.732354],[-108.219775,36.732359],[-108.219781,36.732179],[-108.219893,36.732181],[-108.219903,36.731911],[-108.220015,36.731914],[-108.220018,36.731824],[-108.220242,36.731829],[-108.220245,36.731739],[-108.220693,36.731749],[-108.22069,36.731839],[-108.220802,36.731842],[-108.220805,36.731752],[-108.221141,36.73176],[-108.221144,36.73167],[-108.221368,36.731675],[-108.221371,36.731585],[-108.221819,36.731595],[-108.221822,36.731505],[-108.222158,36.731513],[-108.222161,36.731423],[-108.222385,36.731428],[-108.222388,36.731338],[-108.222612,36.731343],[-108.222615,36.731253],[-108.222727,36.731256],[-108.22273,36.731166],[-108.222842,36.731168],[-108.222849,36.730988],[-108.222961,36.730991],[-108.222964,36.730901],[-108.223076,36.730903],[-108.223079,36.730813],[-108.223303,36.730819],[-108.223306,36.730728],[-108.223418,36.730731],[-108.223421,36.730641],[-108.223533,36.730644],[-108.223543,36.730373],[-108.223319,36.730368],[-108.223316,36.730458],[-108.223092,36.730453],[-108.223086,36.730633],[-108.222974,36.730631],[-108.222967,36.730811],[-108.222631,36.730803],[-108.222628,36.730893],[-108.222404,36.730888],[-108.222401,36.730978],[-108.222177,36.730973],[-108.222174,36.731063],[-108.22195,36.731057],[-108.221947,36.731148],[-108.221723,36.731142],[-108.22172,36.731232],[-108.221496,36.731227],[-108.221493,36.731317],[-108.221381,36.731315],[-108.221378,36.731405],[-108.221154,36.731399],[-108.22115,36.73149],[-108.221039,36.731487],[-108.221035,36.731577],[-108.220588,36.731567],[-108.220591,36.731476],[-108.220367,36.731471],[-108.22037,36.731381],[-108.220258,36.731379],[-108.220255,36.731469],[-108.220031,36.731463],[-108.220025,36.731644],[-108.219913,36.731641],[-108.21991,36.731731],[-108.219798,36.731728],[-108.219794,36.731819],[-108.219571,36.731813],[-108.219567,36.731903],[-108.219344,36.731898],[-108.21934,36.731988],[-108.219116,36.731983],[-108.219113,36.732073],[-108.218889,36.732068],[-108.218886,36.732158],[-108.218774,36.732155],[-108.218771,36.732245],[-108.218547,36.73224],[-108.218544,36.73233],[-108.218432,36.732328],[-108.218429,36.732418],[-108.218317,36.732415],[-108.21831,36.732595],[-108.218198,36.732593],[-108.218195,36.732683],[-108.218083,36.73268],[-108.21808,36.73277],[-108.217856,36.732765],[-108.217853,36.732855],[-108.217741,36.732852],[-108.217738,36.732943],[-108.217626,36.73294],[-108.217622,36.73303],[-108.217399,36.733025],[-108.217395,36.733115],[-108.217283,36.733112],[-108.21728,36.733202],[-108.217168,36.7332],[-108.217165,36.73329],[-108.217053,36.733287],[-108.21705,36.733377],[-108.216938,36.733375],[-108.216935,36.733465],[-108.216711,36.733459],[-108.216708,36.73355],[-108.216596,36.733547],[-108.216592,36.733637],[-108.21648,36.733634],[-108.216477,36.733724],[-108.216253,36.733719],[-108.21625,36.733809],[-108.216362,36.733812],[-108.216359,36.733902],[-108.216583,36.733907]]]}},{"type":"Feature","properties":{"class":"extent","min_prob":0.5},"geometry":{"type":"Polygon","coordinates":[[[-108.323934,36.732855],[-108.32394,36.732675],[-108.323828,36.732672],[-108.323822,36.732852],[-108.323934,36.732855]]]}},{"type":"Feature","properties":{"class":"extent","min_prob":0.5},"geometry":{"type":"Polygon","coordinates":[[[-108.22934,36.73114],[-108.229343,36.73105],[-108.229455,36.731052],[-108.229462,36.730872],[-108.229126,36.730864],[-108.229129,36.730774],[-108.228793,36.730766],[-108.228797,36.730676],[-108.228685,36.730674],[-108.228691,36.730493],[-108.228579,36.730491],[-108.228576,36.730581],[-108.228352,36.730576],[-108.228349,36.730666],[-108.228461,36.730668],[-108.228458,36.730758],[-108.228234,36.730753],[-108.228227,36.730933],[-108.228339,36.730936],[-108.228333,36.731116],[-108.228892,36.731129],[-108.228896,36.731039],[-108.22912,36.731044],[-108.229116,36.731134],[-108.22934,36.73114]],[[-108.228682,36.730764],[-108.22857,36.730761],[-108.228573,36.730671],[-108.228685,36.730674],[-108.228682,36.730764]]]}},{"type":"Feature","properties":{"class":"extent","min_prob":0.5},"geometry":{"type":"Polygon","coordinates":[[[-108.303453,36.732302],[-108.303457,36.732212],[-108.303345,36.73221],[-108.303342,36.7323],[-108.303453,36.732302]]]}},{"type":"Feature","properties":{"class":"extent","min_prob":0.5},"geometry":{"type":"Polygon","coordinates":[[[-108.263384,36.731387],[-108.263387,36.731297],[-108.263275,36.731294],[-108.263272,36.731384],[-108.263384,36.731387]]]}},{"type":"Feature","properties":{"class":"extent","min_prob":0.5},"geometry":{"type":"Polygon","coordinates":[[[-108.251357,36.732552],[-108.25136,36.732462],[-108.251472,36.732465],[-108.251475,36.732375],[-108.251699,36.73238],[-108.251702,36.73229],[-108.251814,36.732292],[-108.251817,36.732202],[-108.251929,36.732205],[-108.251932,36.732115],[-108.252044,36.732117],[-108.252057,36.731757],[-108.252169,36.731759],[-108.252172,36.731669],[-108.25206,36.731667],[-108.252063,36.731577],[-108.251952,36.731574],[-108.251955,36.731484],[-108.251843,36.731481],[-108.251846,36.731391],[-108.251734,36.731389],[-108.251737,36.731299],[-108.251625,36.731296],[-108.251629,36.731206],[-108.251517,36.731203],[-108.251526,36.730933],[-108.251414,36.730931],[-108.251408,36.731111],[-108.251296,36.731108],[-108.251293,36.731198],[-108.251405,36.731201],[-108.251402,36.731291],[-108.25129,36.731288],[-108.251274,36.731739],[-108.251162,36.731736],[-108.251158,36.731826],[-108.25127,36.731829],[-108.251267,36.731919],[-108.251155,36.731916],[-108.251152,36.732006],[-108.25104,36.732004],[-108.251034,36.732184],[-108.251146,36.732187],[-108.251136,36.732457],[-108.251248,36.73246],[-108.251245,36.73255],[-108.251357,36.732552]]]}},{"type":"Feature","properties":{"class":"extent","min_prob":0.5},"geometry":{"type":"Polygon","coordinates":[[[-108.323828,36.732672],[-108.323831,36.732582],[-108.323719,36.73258],[-108.323716,36.73267],[-108.323828,36.732672]]]}},{"type":"Feature","properties":{"class":"extent","min_prob":0.5},"geometry":{"type":"Polygon","coordinates":[[[-108.322709,36.732647],[-108.322712,36.732557],[-108.3226,36.732554],[-108.322597,36.732645],[-108.322709,36.732647]]]}},{"type":"Feature","properties":{"class":"extent","min_prob":0.5},"geometry":{"type":"Polygon","coordinates":[[[-108.303901,36.732312],[-108.303911,36.732042],[-108.303799,36.73204],[-108.303796,36.73213],[-108.303684,36.732127],[-108.30368,36.732217],[-108.303569,36.732215],[-108.303565,36.732305],[-108.303901,36.732312]]]}},{"type":"Feature","properties":{"class":"extent","min_prob":0.5},"geometry":{"type":"Polygon","coordinates":[[[-108.30346,36.732122],[-108.303463,36.732032],[-108.303351,36.732029],[-108.303348,36.732119],[-108.30346,36.732122]]]}},{"type":"Feature","properties":{"class":"extent","min_prob":0.5},"geometry":{"type":"Polygon","coordinates":[[[-108.284992,36.731702],[-108.284995,36.731612],[-108.284883,36.731609],[-108.28488,36.731699],[-108.284992,36.731702]]]}},{"type":"Feature","properties":{"class":"extent","min_prob":0.5},"geometry":{"type":"Polygon","coordinates":[[[-108.325149,36.733333],[-108.325155,36.733153],[-108.325379,36.733158],[-108.325376,36.733248],[-108.325488,36.733251],[-108.325494,36.73307],[-108.325159,36.733063],[-108.325162,36.732973],[-108.324826,36.732965],[-108.324832,36.732785],[-108.324608,36.73278],[-108.324611,36.73269],[-108.324276,36.732682],[-108.324285,36.732412],[-108.324173,36.73241],[-108.324164,36.73268],[-108.324052,36.732677],[-108.324045,36.732857],[-108.324157,36.73286],[-108.324154,36.73295],[-108.324266,36.732953],[-108.324269,36.732863],[-108.324381,36.732865],[-108.324378,36.732955],[-108.32449,36.732958],[-108.324487,36.733048],[-108.324599,36.73305],[-108.324602,36.73296],[-108.324714,36.732963],[-108.324711,36.733053],[-108.324823,36.733055],[-108.32482,36.733145],[-108.325043,36.73315],[-108.325037,36.733331],[-108.325149,36.733333]]]}},{"type":"Feature","properties":{"class":"extent","min_prob":0.5},"geometry":{"type":"Polygon","coordinates":[[[-108.322155,36.732454],[-108.322158,36.732364],[-108.322046,36.732362],[-108.322043,36.732452],[-108.322155,36.732454]]]}},{"type":"Feature","properties":{"class":"extent","min_prob":0.5},"geometry":{"type":"Polygon","coordinates":[[[-108.321931,36.732449],[-108.321934,36.732359],[-108.321823,36.732357],[-108.321819,36.732447],[-108.321931,36.732449]]]}},{"type":"Feature","properties":{"class":"extent","min_prob":0.5},"geometry":{"type":"Polygon","coordinates":[[[-108.304023,36.732045],[-108.304026,36.731955],[-108.303914,36.731952],[-108.303911,36.732042],[-108.304023,36.732045]]]}},{"type":"Feature","properties":{"class":"extent","min_prob":0.5},"geometry":{"type":"Polygon","coordinates":[[[-108.256479,36.736547],[-108.256482,36.736457],[-108.256818,36.736465],[-108.256825,36.736285],[-108.256713,36.736282],[-108.256719,36.736102],[-108.256831,36.736105],[-108.256828,36.736195],[-108.25694,36.736197],[-108.256936,36.736288],[-108.257048,36.73629],[-108.257052,36.7362],[-108.257164,36.736203],[-108.257167,36.736112],[-108.257391,36.736118],[-108.257394,36.736028],[-108.257618,36.736033],[-108.257621,36.735943],[-108.257733,36.735945],[-108.257736,36.735855],[-108.25796,36.73586],[-108.257963,36.73577],[-108.258075,36.735773],[-108.258078,36.735683],[-108.258302,36.735688],[-108.258305,36.735598],[-108.258641,36.735606],[-108.258644,36.735515],[-108.258756,36.735518],[-108.258759,36.735428],[-108.258871,36.73543],[-108.258875,36.73534],[-108.259098,36.735346],[-108.259102,36.735255],[-108.259214,36.735258],[-108.25922,36.735078],[-108.259332,36.73508],[-108.259335,36.73499],[-108.259447,36.734993],[-108.25945,36.734903],[-108.259562,36.734905],[-108.259565,36.734815],[-108.259677,36.734818],[-108.25968,36.734728],[-108.259792,36.73473],[-108.259799,36.73455],[-108.259911,36.734553],[-108.259914,36.734463],[-108.260026,36.734465],[-108.260029,36.734375],[-108.260253,36.73438],[-108.260256,36.73429],[-108.260368,36.734293],[-108.260371,36.734203],[-108.260483,36.734205],[-108.260486,36.734115],[-108.260598,36.734118],[-108.260602,36.734028],[-108.260713,36.73403],[-108.26072,36.73385],[-108.260944,36.733855],[-108.26095,36.733675],[-108.261062,36.733678],[-108.261065,36.733588],[-108.261177,36.73359],[-108.261184,36.73341],[-108.261295,36.733413],[-108.261299,36.733323],[-108.261411,36.733325],[-108.261414,36.733235],[-108.261526,36.733238],[-108.261529,36.733147],[-108.261641,36.73315],[-108.261647,36.73297],[-108.261759,36.732972],[-108.261766,36.732792],[-108.261878,36.732795],[-108.261881,36.732705],[-108.261993,36.732707],[-108.261999,36.732527],[-108.262111,36.73253],[-108.262114,36.73244],[-108.262226,36.732442],[-108.262236,36.732172],[-108.26246,36.732177],[-108.262463,36.732087],[-108.262687,36.732092],[-108.26269,36.732002],[-108.262802,36.732005],[-108.262805,36.731915],[-108.263029,36.73192],[-108.263032,36.73183],[-108.263144,36.731832],[-108.263147,36.731742],[-108.263371,36.731747],[-108.263374,36.731657],[-108.263486,36.73166],[-108.263489,36.73157],[-108.263601,36.731572],[-108.263604,36.731482],[-108.263716,36.731485],[-108.26372,36.731395],[-108.263831,36.731397],[-108.263835,36.731307],[-108.263947,36.73131],[-108.26395,36.73122],[-108.264062,36.731222],[-108.264065,36.731132],[-108.264177,36.731135],[-108.26418,36.731045],[-108.263956,36.731039],[-108.263953,36.73113],[-108.263841,36.731127],[-108.263838,36.731217],[-108.263726,36.731214],[-108.263723,36.731305],[-108.263499,36.731299],[-108.263496,36.73139],[-108.263384,36.731387],[-108.263381,36.731477],[-108.263269,36.731474],[-108.263265,36.731565],[-108.263154,36.731562],[-108.26315,36.731652],[-108.262926,36.731647],[-108.262923,36.731737],[-108.262699,36.731732],[-108.262696,36.731822],[-108.262472,36.731817],[-108.262469,36.731907],[-108.262245,36.731902],[-108.262242,36.731992],[-108.26213,36.731989],[-108.262133,36.731899],[-108.26135,36.731881],[-108.261347,36.731971],[-108.261235,36.731969],[-108.261232,36.732059],[-108.261455,36.732064],[-108.261446,36.732334],[-108.26167,36.732339],[-108.261666,36.732429],[-108.261443,36.732424],[-108.261436,36.732604],[-108.261212,36.732599],[-108.261206,36.732779],[-108.260758,36.732769],[-108.260755,36.732859],[-108.261203,36.732869],[-108.2612,36.73296],[-108.261088,36.732957],[-108.261075,36.733317],[-108.260963,36.733315],[-108.260957,36.733495],[-108.260845,36.733492],[-108.260841,36.733582],[-108.260729,36.73358],[-108.260726,36.73367],[-108.260502,36.733665],[-108.260496,36.733845],[-108.260384,36.733842],[-108.260381,36.733933],[-108.260157,36.733927],[-108.260151,36.734108],[-108.259927,36.734102],[-108.25992,36.734283],[-108.259808,36.73428],[-108.259802,36.73446],[-108.25969,36.734458],[-108.259687,36.734548],[-108.259351,36.73454],[-108.259348,36.73463],[-108.259012,36.734622],[-108.259009,36.734712],[-108.258785,36.734707],[-108.258782,36.734797],[-108.25867,36.734795],[-108.258663,36.734975],[-108.25844,36.73497],[-108.258436,36.73506],[-108.258101,36.735052],[-108.258097,36.735142],[-108.257986,36.73514],[-108.257982,36.73523],[-108.25787,36.735227],[-108.257867,36.735317],[-108.257755,36.735315],[-108.257746,36.735585],[-108.257634,36.735582],[-108.25763,36.735672],[-108.257407,36.735667],[-108.257403,36.735757],[-108.257291,36.735755],[-108.257295,36.735665],[-108.257183,36.735662],[-108.25718,36.735752],[-108.257068,36.73575],[-108.257071,36.735659],[-108.256959,36.735657],[-108.256956,36.735747],[-108.256844,36.735744],[-108.256847,36.735654],[-108.256511,36.735647],[-108.256514,36.735556],[-108.256291,36.735551],[-108.256287,36.735641],[-108.256175,36.735639],[-108.256172,36.735729],[-108.256284,36.735731],[-108.256281,36.735822],[-108.256169,36.735819],[-108.256166,36.735909],[-108.256278,36.735912],[-108.256274,36.736002],[-108.256051,36.735997],[-108.256047,36.736087],[-108.255712,36.736079],[-108.255708,36.736169],[-108.255485,36.736164],[-108.255481,36.736254],[-108.255705,36.736259],[-108.255702,36.736349],[-108.255814,36.736352],[-108.255817,36.736262],[-108.255929,36.736264],[-108.255926,36.736354],[-108.256038,36.736357],[-108.256035,36.736447],[-108.25637,36.736455],[-108.256367,36.736545],[-108.256479,36.736547]]]}},{"type":"Feature","properties":{"class":"extent","min_prob":0.5},"geometry":{"type":"Polygon","coordinates":[[[-108.2428,36.730641],[-108.242803,36.730551],[-108.242691,36.730548],[-108.242688,36.730638],[-108.2428,36.730641]]]}},{"type":"Feature","properties":{"class":"extent","min_prob":0.5},"geometry":{"type":"Polygon","coordinates":[[[-108.323604,36.732667],[-108.323607,36.732577],[-108.323383,36.732572],[-108.323386,36.732482],[-108.323051,36.732474],[-108.323054,36.732384],[-108.322942,36.732382],[-108.322945,36.732292],[-108.322385,36.732279],[-108.322382,36.732369],[-108.32283,36.732379],[-108.322827,36.732469],[-108.322939,36.732472],[-108.322936,36.732562],[-108.323159,36.732567],[-108.323156,36.732657],[-108.323604,36.732667]]]}},{"type":"Feature","properties":{"class":"extent","min_prob":0.5},"geometry":{"type":"Polygon","coordinates":[[[-108.227351,36.730372],[-108.227358,36.730192],[-108.22691,36.730181],[-108.226914,36.730091],[-108.226466,36.730081],[-108.226459,36.730261],[-108.226795,36.730269],[-108.226792,36.730359],[-108.227351,36.730372]]]}},{"type":"Feature","properties":{"class":"extent","min_prob":0.5},"geometry":{"type":"Polygon","coordinates":[[[-108.321711,36.732354],[-108.321714,36.732264],[-108.321602,36.732261],[-108.321599,36.732352],[-108.321711,36.732354]]]}},{"type":"Feature","properties":{"class":"extent","min_prob":0.5},"geometry":{"type":"Polygon","coordinates":[[[-108.289027,36.731614],[-108.289031,36.731524],[-108.288919,36.731521],[-108.288915,36.731611],[-108.289027,36.731614]]]}},{"type":"Feature","properties":{"class":"extent","min_prob":0.5},"geometry":{"type":"Polygon","coordinates":[[[-108.321602,36.732261],[-108.321605,36.732171],[-108.321493,36.732169],[-108.32149,36.732259],[-108.321602,36.732261]]]}},{"type":"Feature","properties":{"class":"extent","min_prob":0.5},"geometry":{"type":"Polygon","coordinates":[[[-108.303133,36.731844],[-108.303137,36.731754],[-108.303025,36.731752],[-108.303021,36.731842],[-108.303133,36.731844]]]}},{"type":"Feature","properties":{"class":"extent","min_prob":0.5},"geometry":{"type":"Polygon","coordinates":[[[-108.275331,36.732473],[-108.275337,36.732293],[-108.275785,36.732303],[-108.275788,36.732213],[-108.276124,36.73222],[-108.27613,36.73204],[-108.276242,36.732043],[-108.276239,36.732133],[-108.276463,36.732138],[-108.276466,36.732048],[-108.276578,36.73205],[-108.276581,36.73196],[-108.277029,36.731971],[-108.277032,36.731881],[-108.277368,36.731888],[-108.277371,36.731798],[-108.277595,36.731803],[-108.277598,36.731713],[-108.277486,36.731711],[-108.277489,36.731621],[-108.277266,36.731615],[-108.277269,36.731525],[-108.276933,36.731518],[-108.276936,36.731428],[-108.276824,36.731425],[-108.276827,36.731335],[-108.276604,36.73133],[-108.276607,36.73124],[-108.276383,36.731235],[-108.276386,36.731144],[-108.27605,36.731137],[-108.276054,36.731047],[-108.275158,36.731026],[-108.275155,36.731116],[-108.274931,36.731111],[-108.274934,36.731021],[-108.274487,36.731011],[-108.27448,36.731191],[-108.274368,36.731188],[-108.274365,36.731278],[-108.274253,36.731276],[-108.27425,36.731366],[-108.274474,36.731371],[-108.274467,36.731551],[-108.274579,36.731554],[-108.274586,36.731374],[-108.27481,36.731379],[-108.274803,36.731559],[-108.274691,36.731556],[-108.274688,36.731647],[-108.2748,36.731649],[-108.274794,36.731829],[-108.274906,36.731832],[-108.274902,36.731922],[-108.274791,36.731919],[-108.274781,36.73219],[-108.274893,36.732192],[-108.27489,36.732282],[-108.274778,36.73228],[-108.274775,36.73237],[-108.274998,36.732375],[-108.274995,36.732465],[-108.275331,36.732473]],[[-108.275027,36.731564],[-108.274915,36.731562],[-108.274918,36.731471],[-108.27503,36.731474],[-108.275027,36.731564]]]}},{"type":"Feature","properties":{"class":"extent","min_prob":0.5},"geometry":{"type":"Polygon","coordinates":[[[-108.322165,36.732184],[-108.322168,36.732094],[-108.322056,36.732091],[-108.322053,36.732181],[-108.322165,36.732184]]]}},{"type":"Feature","properties":{"class":"extent","min_prob":0.5},"geometry":{"type":"Polygon","coordinates":[[[-108.320821,36.732154],[-108.320825,36.732064],[-108.320713,36.732061],[-108.320709,36.732151],[-108.320821,36.732154]]]}},{"type":"Feature","properties":{"class":"extent","min_prob":0.5},"geometry":{"type":"Polygon","coordinates":[[[-108.274372,36.731098],[-108.274375,36.731008],[-108.274263,36.731006],[-108.27426,36.731096],[-108.274372,36.731098]]]}},{"type":"Feature","properties":{"class":"extent","min_prob":0.5},"geometry":{"type":"Polygon","coordinates":[[[-108.282293,36.732001],[-108.282296,36.731911],[-108.282408,36.731913],[-108.282411,36.731823],[-108.282523,36.731826],[-108.28252,36.731916],[-108.282632,36.731918],[-108.282635,36.731828],[-108.282859,36.731833],[-108.282862,36.731743],[-108.282526,36.731736],[-108.282529,36.731646],[-108.282417,36.731643],[-108.282421,36.731553],[-108.282197,36.731548],[-108.282194,36.731638],[-108.282082,36.731635],[-108.282085,36.731545],[-108.281973,36.731543],[-108.281976,36.731453],[-108.281864,36.73145],[-108.281867,36.73136],[-108.281755,36.731357],[-108.281759,36.731267],[-108.281647,36.731265],[-108.28165,36.731175],[-108.281426,36.73117],[-108.281429,36.73108],[-108.281317,36.731077],[-108.281314,36.731167],[-108.281202,36.731164],[-108.281205,36.731074],[-108.280981,36.731069],[-108.280978,36.731159],[-108.280866,36.731157],[-108.28087,36.731067],[-108.280646,36.731062],[-108.280642,36.731152],[-108.280531,36.731149],[-108.280527,36.731239],[-108.279744,36.731221],[-108.279741,36.731311],[-108.279405,36.731304],[-108.279402,36.731394],[-108.27929,36.731391],[-108.279287,36.731481],[-108.279175,36.731479],[-108.279172,36.731569],[-108.278724,36.731559],[-108.278721,36.731649],[-108.278945,36.731654],[-108.278941,36.731744],[-108.28062,36.731782],[-108.280617,36.731872],[-108.280953,36.73188],[-108.28095,36.73197],[-108.281062,36.731973],[-108.281065,36.731883],[-108.281289,36.731888],[-108.281285,36.731978],[-108.281397,36.73198],[-108.281401,36.73189],[-108.282184,36.731908],[-108.282181,36.731998],[-108.282293,36.732001]]]}},{"type":"Feature","properties":{"class":"extent","min_prob":0.5},"geometry":{"type":"Polygon","coordinates":[[[-108.234364,36.731617],[-108.234367,36.731527],[-108.234479,36.73153],[-108.234482,36.73144],[-108.234594,36.731442],[-108.234597,36.731352],[-108.234485,36.73135],[-108.234488,36.73126],[-108.234712,36.731265],[-108.234716,36.731175],[-108.234827,36.731177],[-108.234834,36.730997],[-108.23517,36.731005],[-108.235173,36.730915],[-108.235397,36.73092],[-108.2354,36.73083],[-108.235512,36.730832],[-108.235525,36.730472],[-108.235413,36.73047],[-108.235423,36.730199],[-108.235311,36.730197],[-108.235301,36.730467],[-108.235077,36.730462],[-108.235074,36.730552],[-108.234962,36.730549],[-108.234959,36.730639],[-108.234735,36.730634],[-108.234738,36.730544],[-108.234626,36.730541],[-108.234617,36.730812],[-108.234393,36.730806],[-108.234396,36.730716],[-108.234284,36.730714],[-108.234287,36.730624],[-108.234175,36.730621],[-108.234179,36.730531],[-108.233843,36.730523],[-108.233849,36.730343],[-108.233961,36.730346],[-108.233964,36.730256],[-108.233853,36.730253],[-108.233856,36.730163],[-108.233968,36.730165],[-108.233974,36.729985],[-108.233862,36.729983],[-108.233859,36.730073],[-108.233635,36.730068],[-108.233638,36.729977],[-108.233191,36.729967],[-108.233187,36.730057],[-108.232516,36.730042],[-108.232506,36.730312],[-108.23273,36.730317],[-108.232727,36.730407],[-108.233063,36.730415],[-108.233066,36.730325],[-108.232954,36.730322],[-108.23296,36.730142],[-108.233296,36.73015],[-108.233299,36.73006],[-108.233411,36.730062],[-108.233408,36.730152],[-108.23352,36.730155],[-108.233517,36.730245],[-108.233741,36.73025],[-108.233731,36.730521],[-108.233619,36.730518],[-108.233616,36.730608],[-108.233728,36.730611],[-108.233715,36.730971],[-108.233827,36.730974],[-108.233823,36.731064],[-108.233711,36.731061],[-108.233708,36.731151],[-108.233932,36.731156],[-108.233919,36.731517],[-108.234031,36.731519],[-108.234028,36.731609],[-108.234364,36.731617]]]}},{"type":"Feature","properties":{"class":"extent","min_prob":0.5},"geometry":{"type":"Polygon","coordinates":[[[-108.322056,36.732091],[-108.322059,36.732001],[-108.321947,36.731999],[-108.321944,36.732089],[-108.322056,36.732091]]]}},{"type":"Feature","properties":{"class":"extent","min_prob":0.5},"geometry":{"type":"Polygon","coordinates":[[[-108.321048,36.732069],[-108.321052,36.731979],[-108.32094,36.731976],[-108.320936,36.732066],[-108.321048,36.732069]]]}},{"type":"Feature","properties":{"class":"extent","min_prob":0.5},"geometry":{"type":"Polygon","coordinates":[[[-108.321832,36.732086],[-108.321838,36.731906],[-108.321502,36.731899],[-108.321499,36.731989],[-108.321723,36.731994],[-108.32172,36.732084],[-108.321832,36.732086]]]}},{"type":"Feature","properties":{"class":"extent","min_prob":0.5},"geometry":{"type":"Polygon","coordinates":[[[-108.32038,36.731963],[-108.320383,36.731873],[-108.320159,36.731868],[-108.320156,36.731958],[-108.32038,36.731963]]]}},{"type":"Feature","properties":{"class":"extent","min_prob":0.5},"geometry":{"type":"Polygon","coordinates":[[[-108.303799,36.73204],[-108.303808,36.731769],[-108.30392,36.731772],[-108.303923,36.731682],[-108.303811,36.731679],[-108.303818,36.731499],[-108.303706,36.731496],[-108.303709,36.731406],[-108.303597,36.731404],[-108.303594,36.731494],[-108.303482,36.731491],[-108.303479,36.731581],[-108.303367,36.731579],[-108.30336,36.731759],[-108.303249,36.731757],[-108.303245,36.731847],[-108.303693,36.731857],[-108.30369,36.731947],[-108.303578,36.731944],[-108.303575,36.732034],[-108.303799,36.73204]],[[-108.303584,36.731764],[-108.303472,36.731762],[-108.303476,36.731672],[-108.303587,36.731674],[-108.303584,36.731764]]]}},{"type":"Feature","properties":{"class":"extent","min_prob":0.5},"geometry":{"type":"Polygon","coordinates":[[[-108.227473,36.730104],[-108.22748,36.729924],[-108.227592,36.729927],[-108.227598,36.729747],[-108.227486,36.729744],[-108.227489,36.729654],[-108.22693,36.729641],[-108.226923,36.729821],[-108.227147,36.729826],[-108.227141,36.730006],[-108.227253,36.730009],[-108.227249,36.730099],[-108.227473,36.730104]]]}},{"type":"Feature","properties":{"class":"extent","min_prob":0.5},"geometry":{"type":"Polygon","coordinates":[[[-108.289939,36.731184],[-108.289942,36.731093],[-108.28983,36.731091],[-108.289827,36.731181],[-108.289939,36.731184]]]}},{"type":"Feature","properties":{"class":"extent","min_prob":0.5},"geometry":{"type":"Polygon","coordinates":[[[-108.289603,36.731176],[-108.289606,36.731086],[-108.289494,36.731083],[-108.289491,36.731173],[-108.289603,36.731176]]]}},{"type":"Feature","properties":{"class":"extent","min_prob":0.5},"geometry":{"type":"Polygon","coordinates":[[[-108.319938,36.731773],[-108.319942,36.731683],[-108.31983,36.731681],[-108.319827,36.731771],[-108.319938,36.731773]]]}},{"type":"Feature","properties":{"class":"extent","min_prob":0.5},"geometry":{"type":"Polygon","coordinates":[[[-108.259946,36.730406],[-108.259949,36.730316],[-108.259837,36.730314],[-108.259834,36.730404],[-108.259946,36.730406]]]}},{"type":"Feature","properties":{"class":"extent","min_prob":0.5},"geometry":{"type":"Polygon","coordinates":[[[-108.259163,36.730388],[-108.259166,36.730298],[-108.259054,36.730295],[-108.259051,36.730386],[-108.259163,36.730388]]]}},{"type":"Feature","properties":{"class":"extent","min_prob":0.5},"geometry":{"type":"Polygon","coordinates":[[[-108.270611,36.732905],[-108.270614,36.732815],[-108.270838,36.732821],[-108.270841,36.73273],[-108.270953,36.732733],[-108.27095,36.732823],[-108.271062,36.732826],[-108.271068,36.732645],[-108.271404,36.732653],[-108.271398,36.732833],[-108.271622,36.732838],[-108.271628,36.732658],[-108.271516,36.732656],[-108.271522,36.732476],[-108.271634,36.732478],[-108.271637,36.732388],[-108.271749,36.732391],[-108.271743,36.732571],[-108.271855,36.732573],[-108.271852,36.732663],[-108.27174,36.732661],[-108.271733,36.732841],[-108.271845,36.732844],[-108.271849,36.732754],[-108.27196,36.732756],[-108.271967,36.732576],[-108.272191,36.732581],[-108.272194,36.732491],[-108.27197,36.732486],[-108.271973,36.732396],[-108.272197,36.732401],[-108.2722,36.732311],[-108.272312,36.732313],[-108.272315,36.732223],[-108.272427,36.732226],[-108.272421,36.732406],[-108.272533,36.732409],[-108.272542,36.732138],[-108.272654,36.732141],[-108.272658,36.732051],[-108.272769,36.732053],[-108.272766,36.732143],[-108.272878,36.732146],[-108.272875,36.732236],[-108.272651,36.732231],[-108.272645,36.732411],[-108.272757,36.732414],[-108.27276,36.732324],[-108.273096,36.732331],[-108.273099,36.732241],[-108.273211,36.732244],[-108.273214,36.732154],[-108.273102,36.732151],[-108.273108,36.731971],[-108.273332,36.731976],[-108.273329,36.732066],[-108.273441,36.732069],[-108.273447,36.731889],[-108.273559,36.731891],[-108.273563,36.731801],[-108.273674,36.731804],[-108.273678,36.731714],[-108.273901,36.731719],[-108.273908,36.731538],[-108.27402,36.731541],[-108.274023,36.731451],[-108.274135,36.731454],[-108.274141,36.731273],[-108.274253,36.731276],[-108.27426,36.731096],[-108.273476,36.731078],[-108.273473,36.731168],[-108.273249,36.731163],[-108.273252,36.731073],[-108.27314,36.73107],[-108.273137,36.73116],[-108.273025,36.731158],[-108.273028,36.731068],[-108.272805,36.731062],[-108.272808,36.730972],[-108.272472,36.730965],[-108.272475,36.730874],[-108.272251,36.730869],[-108.272255,36.730779],[-108.272143,36.730777],[-108.272146,36.730687],[-108.271922,36.730681],[-108.271925,36.730591],[-108.271701,36.730586],[-108.271704,36.730496],[-108.271593,36.730494],[-108.271589,36.730584],[-108.271477,36.730581],[-108.271481,36.730491],[-108.271369,36.730488],[-108.271366,36.730579],[-108.271254,36.730576],[-108.271257,36.730486],[-108.270697,36.730473],[-108.270694,36.730563],[-108.270582,36.730561],[-108.270579,36.730651],[-108.270691,36.730653],[-108.270688,36.730743],[-108.270576,36.730741],[-108.270572,36.730831],[-108.270684,36.730833],[-108.270681,36.730923],[-108.270569,36.730921],[-108.270547,36.731552],[-108.270435,36.731549],[-108.270429,36.731729],[-108.270093,36.731721],[-108.27009,36.731812],[-108.269978,36.731809],[-108.269981,36.731719],[-108.269869,36.731716],[-108.269866,36.731806],[-108.269642,36.731801],[-108.269639,36.731891],[-108.269527,36.731889],[-108.269514,36.732249],[-108.26985,36.732257],[-108.269853,36.732167],[-108.270525,36.732182],[-108.270518,36.732362],[-108.270406,36.73236],[-108.270403,36.73245],[-108.270291,36.732447],[-108.270288,36.732537],[-108.2704,36.73254],[-108.270397,36.73263],[-108.270509,36.732633],[-108.270505,36.732723],[-108.270394,36.73272],[-108.27039,36.73281],[-108.270502,36.732813],[-108.270499,36.732903],[-108.270611,36.732905]],[[-108.272881,36.732056],[-108.272769,36.732053],[-108.272773,36.731963],[-108.272885,36.731966],[-108.272881,36.732056]],[[-108.273108,36.731971],[-108.272997,36.731968],[-108.273,36.731878],[-108.273112,36.731881],[-108.273108,36.731971]],[[-108.273335,36.731886],[-108.273224,36.731883],[-108.273227,36.731793],[-108.273339,36.731796],[-108.273335,36.731886]]]}},{"type":"Feature","properties":{"class":"extent","min_prob":0.5},"geometry":{"type":"Polygon","coordinates":[[[-108.273153,36.73071],[-108.273156,36.73062],[-108.273044,36.730617],[-108.273048,36.730527],[-108.272936,36.730524],[-108.272929,36.730705],[-108.273153,36.73071]]]}},{"type":"Feature","properties":{"class":"extent","min_prob":0.5},"geometry":{"type":"Polygon","coordinates":[[[-108.319721,36.731588],[-108.319724,36.731498],[-108.319612,36.731495],[-108.319609,36.731585],[-108.319721,36.731588]]]}},{"type":"Feature","properties":{"class":"extent","min_prob":0.5},"geometry":{"type":"Polygon","coordinates":[[[-108.261065,36.730432],[-108.261069,36.730342],[-108.260845,36.730337],[-108.260848,36.730247],[-108.26096,36.730249],[-108.260963,36.730159],[-108.260739,36.730154],[-108.260733,36.730334],[-108.260621,36.730332],[-108.260618,36.730422],[-108.261065,36.730432]]]}},{"type":"Feature","properties":{"class":"extent","min_prob":0.5},"geometry":{"type":"Polygon","coordinates":[[[-108.259169,36.730208],[-108.259172,36.730118],[-108.25906,36.730115],[-108.259057,36.730205],[-108.259169,36.730208]]]}},{"type":"Feature","properties":{"class":"extent","min_prob":0.5},"geometry":{"type":"Polygon","coordinates":[[[-108.239695,36.729758],[-108.239698,36.729667],[-108.239586,36.729665],[-108.239583,36.729755],[-108.239695,36.729758]]]}},{"type":"Feature","properties":{"class":"extent","min_prob":0.5},"geometry":{"type":"Polygon","coordinates":[[[-108.319497,36.731583],[-108.3195,36.731493],[-108.319612,36.731495],[-108.319615,36.731405],[-108.319168,36.731395],[-108.319161,36.731575],[-108.319497,36.731583]]]}},{"type":"Feature","properties":{"class":"extent","min_prob":0.5},"geometry":{"type":"Polygon","coordinates":[[[-108.318941,36.73148],[-108.318944,36.73139],[-108.318832,36.731388],[-108.318829,36.731478],[-108.318941,36.73148]]]}},{"type":"Feature","properties":{"class":"extent","min_prob":0.5},"geometry":{"type":"Polygon","coordinates":[[[-108.308307,36.73124],[-108.30831,36.73115],[-108.308199,36.731147],[-108.308195,36.731238],[-108.308307,36.73124]]]}},{"type":"Feature","properties":{"class":"extent","min_prob":0.5},"geometry":{"type":"Polygon","coordinates":[[[-108.306852,36.731207],[-108.306855,36.731117],[-108.306743,36.731114],[-108.30674,36.731205],[-108.306852,36.731207]]]}},{"type":"Feature","properties":{"class":"extent","min_prob":0.5},"geometry":{"type":"Polygon","coordinates":[[[-108.258837,36.73011],[-108.25884,36.73002],[-108.258728,36.730017],[-108.258725,36.730108],[-108.258837,36.73011]]]}},{"type":"Feature","properties":{"class":"extent","min_prob":0.5},"geometry":{"type":"Polygon","coordinates":[[[-108.3073,36.731217],[-108.307303,36.731127],[-108.307191,36.731125],[-108.307194,36.731035],[-108.306859,36.731027],[-108.306855,36.731117],[-108.307079,36.731122],[-108.307076,36.731212],[-108.3073,36.731217]]]}},{"type":"Feature","properties":{"class":"extent","min_prob":0.5},"geometry":{"type":"Polygon","coordinates":[[[-108.30652,36.731109],[-108.306523,36.731019],[-108.306411,36.731017],[-108.306408,36.731107],[-108.30652,36.731109]]]}},{"type":"Feature","properties":{"class":"extent","min_prob":0.5},"geometry":{"type":"Polygon","coordinates":[[[-108.304505,36.731064],[-108.304508,36.730974],[-108.304396,36.730971],[-108.304393,36.731061],[-108.304505,36.731064]]]}},{"type":"Feature","properties":{"class":"extent","min_prob":0.5},"geometry":{"type":"Polygon","coordinates":[[[-108.25907,36.736156],[-108.259073,36.736066],[-108.259297,36.736071],[-108.2593,36.735981],[-108.259636,36.735989],[-108.259639,36.735899],[-108.259751,36.735902],[-108.259757,36.735721],[-108.259869,36.735724],[-108.259872,36.735634],[-108.259984,36.735636],[-108.259987,36.735546],[-108.260099,36.735549],[-108.260103,36.735459],[-108.260214,36.735461],[-108.260218,36.735371],[-108.260442,36.735377],[-108.260445,36.735286],[-108.260557,36.735289],[-108.260553,36.735379],[-108.260665,36.735382],[-108.260656,36.735652],[-108.260432,36.735647],[-108.260429,36.735737],[-108.260205,36.735732],[-108.260202,36.735822],[-108.26009,36.735819],[-108.260087,36.735909],[-108.260422,36.735917],[-108.260426,36.735827],[-108.260649,36.735832],[-108.260653,36.735742],[-108.261212,36.735755],[-108.261219,36.735575],[-108.261331,36.735577],[-108.261334,36.735487],[-108.261558,36.735492],[-108.261561,36.735402],[-108.261673,36.735405],[-108.261676,36.735315],[-108.262012,36.735323],[-108.262015,36.735232],[-108.262463,36.735243],[-108.262469,36.735063],[-108.262693,36.735068],[-108.262696,36.734978],[-108.262808,36.73498],[-108.262805,36.73507],[-108.263029,36.735075],[-108.263026,36.735166],[-108.263137,36.735168],[-108.263144,36.734988],[-108.26348,36.734996],[-108.263483,36.734906],[-108.263707,36.734911],[-108.26371,36.734821],[-108.263934,36.734826],[-108.263937,36.734736],[-108.264049,36.734738],[-108.264052,36.734648],[-108.264164,36.734651],[-108.264167,36.734561],[-108.264279,36.734563],[-108.264282,36.734473],[-108.264618,36.734481],[-108.264621,36.734391],[-108.264845,36.734396],[-108.264848,36.734306],[-108.26496,36.734308],[-108.264957,36.734398],[-108.265181,36.734404],[-108.265184,36.734314],[-108.265296,36.734316],[-108.265299,36.734226],[-108.265523,36.734231],[-108.26552,36.734321],[-108.265632,36.734324],[-108.265635,36.734234],[-108.265859,36.734239],[-108.265865,36.734059],[-108.265977,36.734061],[-108.26598,36.733971],[-108.266204,36.733976],[-108.266207,36.733886],[-108.266543,36.733894],[-108.266546,36.733804],[-108.26677,36.733809],[-108.266774,36.733719],[-108.267109,36.733727],[-108.267113,36.733637],[-108.267336,36.733642],[-108.26734,36.733552],[-108.267675,36.733559],[-108.267679,36.733469],[-108.267902,36.733474],[-108.267906,36.733384],[-108.267794,36.733382],[-108.267797,36.733292],[-108.267909,36.733294],[-108.267912,36.733204],[-108.268024,36.733207],[-108.268027,36.733117],[-108.268139,36.733119],[-108.268142,36.733029],[-108.268366,36.733034],[-108.268372,36.732854],[-108.268484,36.732857],[-108.268488,36.732767],[-108.2686,36.732769],[-108.268635,36.731778],[-108.268523,36.731776],[-108.268526,36.731685],[-108.268414,36.731683],[-108.268404,36.731953],[-108.268292,36.731951],[-108.268286,36.732131],[-108.268062,36.732126],[-108.268081,36.731585],[-108.268193,36.731588],[-108.26819,36.731678],[-108.268302,36.73168],[-108.268308,36.7315],[-108.268532,36.731505],[-108.268535,36.731415],[-108.268647,36.731418],[-108.268657,36.731148],[-108.268209,36.731137],[-108.268206,36.731227],[-108.267758,36.731217],[-108.267774,36.730767],[-108.26867,36.730787],[-108.268673,36.730697],[-108.268785,36.7307],[-108.268791,36.730519],[-108.268679,36.730517],[-108.268683,36.730427],[-108.268794,36.730429],[-108.268798,36.730339],[-108.268574,36.730334],[-108.268571,36.730424],[-108.268459,36.730422],[-108.268455,36.730512],[-108.26812,36.730504],[-108.268123,36.730414],[-108.267899,36.730409],[-108.267902,36.730319],[-108.268126,36.730324],[-108.268129,36.730234],[-108.268017,36.730231],[-108.268021,36.730141],[-108.267797,36.730136],[-108.2678,36.730046],[-108.267352,36.730036],[-108.267349,36.730126],[-108.267013,36.730118],[-108.26701,36.730208],[-108.266786,36.730203],[-108.266783,36.730293],[-108.266559,36.730288],[-108.266556,36.730378],[-108.266444,36.730375],[-108.266438,36.730556],[-108.266326,36.730553],[-108.266329,36.730463],[-108.266105,36.730458],[-108.266102,36.730548],[-108.266214,36.73055],[-108.266211,36.73064],[-108.265875,36.730633],[-108.265872,36.730723],[-108.26576,36.73072],[-108.265757,36.73081],[-108.265645,36.730808],[-108.265641,36.730898],[-108.265418,36.730893],[-108.265414,36.730983],[-108.265302,36.73098],[-108.265299,36.73107],[-108.265187,36.731068],[-108.265181,36.731248],[-108.265069,36.731245],[-108.265066,36.731335],[-108.264954,36.731333],[-108.264948,36.731513],[-108.264836,36.731511],[-108.264839,36.73142],[-108.264727,36.731418],[-108.264724,36.731508],[-108.2645,36.731503],[-108.26449,36.731773],[-108.264378,36.73177],[-108.264369,36.732041],[-108.264033,36.732033],[-108.26403,36.732123],[-108.263806,36.732118],[-108.263803,36.732208],[-108.263691,36.732205],[-108.263694,36.732115],[-108.263582,36.732113],[-108.263585,36.732023],[-108.263473,36.73202],[-108.26347,36.73211],[-108.263246,36.732105],[-108.26324,36.732285],[-108.263016,36.73228],[-108.263013,36.73237],[-108.262901,36.732368],[-108.262898,36.732458],[-108.262786,36.732455],[-108.262783,36.732545],[-108.262671,36.732543],[-108.262667,36.732633],[-108.262555,36.73263],[-108.262549,36.73281],[-108.262437,36.732808],[-108.262431,36.732988],[-108.262319,36.732985],[-108.262316,36.733075],[-108.262539,36.733081],[-108.262543,36.732991],[-108.262655,36.732993],[-108.262648,36.733173],[-108.26276,36.733176],[-108.262757,36.733266],[-108.262869,36.733269],[-108.262859,36.733539],[-108.262747,36.733536],[-108.262741,36.733716],[-108.262629,36.733714],[-108.262626,36.733804],[-108.262514,36.733801],[-108.262517,36.733711],[-108.262293,36.733706],[-108.262296,36.733616],[-108.262408,36.733619],[-108.262415,36.733438],[-108.262191,36.733433],[-108.262188,36.733523],[-108.262076,36.733521],[-108.262073,36.733611],[-108.262185,36.733613],[-108.262178,36.733794],[-108.26173,36.733783],[-108.261734,36.733693],[-108.261622,36.733691],[-108.261618,36.733781],[-108.261507,36.733778],[-108.261503,36.733868],[-108.261391,36.733866],[-108.261385,36.734046],[-108.261161,36.734041],[-108.261155,36.734221],[-108.261043,36.734218],[-108.26104,36.734308],[-108.260928,36.734306],[-108.260924,36.734396],[-108.260813,36.734393],[-108.260806,36.734573],[-108.260582,36.734568],[-108.260576,36.734748],[-108.260464,36.734746],[-108.260461,36.734836],[-108.260349,36.734833],[-108.260346,36.734923],[-108.260234,36.734921],[-108.260227,36.735101],[-108.260115,36.735099],[-108.260112,36.735189],[-108.26,36.735186],[-108.259994,36.735366],[-108.259882,36.735364],[-108.259879,36.735454],[-108.259655,36.735449],[-108.259652,36.735539],[-108.25954,36.735536],[-108.259536,36.735626],[-108.259425,36.735624],[-108.259421,36.735714],[-108.259309,36.735711],[-108.259306,36.735801],[-108.259194,36.735799],[-108.259191,36.735889],[-108.258967,36.735884],[-108.258961,36.736064],[-108.258849,36.736061],[-108.258846,36.736151],[-108.25907,36.736156]],[[-108.262814,36.7348],[-108.262703,36.734797],[-108.262706,36.734707],[-108.262818,36.73471],[-108.262814,36.7348]],[[-108.263042,36.734715],[-108.262818,36.73471],[-108.262821,36.73462],[-108.263045,36.734625],[-108.263042,36.734715]],[[-108.263381,36.734633],[-108.263045,36.734625],[-108.263048,36.734535],[-108.263272,36.73454],[-108.263275,36.73445],[-108.263387,36.734453],[-108.263381,36.734633]],[[-108.263608,36.734548],[-108.263496,36.734545],[-108.263502,36.734365],[-108.263838,36.734373],[-108.263835,36.734463],[-108.263611,36.734458],[-108.263608,36.734548]],[[-108.264062,36.734378],[-108.263838,36.734373],[-108.263841,36.734283],[-108.264065,36.734288],[-108.264062,36.734378]],[[-108.265645,36.733963],[-108.265533,36.733961],[-108.265536,36.733871],[-108.265648,36.733873],[-108.265645,36.733963]],[[-108.265421,36.733958],[-108.265309,36.733956],[-108.265312,36.733866],[-108.265424,36.733868],[-108.265421,36.733958]],[[-108.265872,36.733879],[-108.265648,36.733873],[-108.265651,36.733783],[-108.265427,36.733778],[-108.26543,36.733688],[-108.265542,36.733691],[-108.265549,36.73351],[-108.265437,36.733508],[-108.26544,36.733418],[-108.265328,36.733415],[-108.265331,36.733325],[-108.265219,36.733323],[-108.265226,36.733142],[-108.26545,36.733148],[-108.265453,36.733057],[-108.265565,36.73306],[-108.265562,36.73315],[-108.265673,36.733153],[-108.26567,36.733243],[-108.265782,36.733245],[-108.265785,36.733155],[-108.265897,36.733158],[-108.265894,36.733248],[-108.266118,36.733253],[-108.266121,36.733163],[-108.266233,36.733166],[-108.266236,36.733075],[-108.266348,36.733078],[-108.266342,36.733258],[-108.266454,36.733261],[-108.266451,36.733351],[-108.266562,36.733353],[-108.266556,36.733534],[-108.266444,36.733531],[-108.266441,36.733621],[-108.266329,36.733619],[-108.266326,36.733709],[-108.266214,36.733706],[-108.266211,36.733796],[-108.265875,36.733788],[-108.265872,36.733879]],[[-108.265322,36.733595],[-108.26521,36.733593],[-108.265213,36.733503],[-108.265325,36.733505],[-108.265322,36.733595]],[[-108.264874,36.733585],[-108.264762,36.733583],[-108.264765,36.733492],[-108.264877,36.733495],[-108.264874,36.733585]],[[-108.265344,36.732965],[-108.265232,36.732962],[-108.265235,36.732872],[-108.2649,36.732864],[-108.264903,36.732774],[-108.264791,36.732772],[-108.264788,36.732862],[-108.264676,36.732859],[-108.264679,36.732769],[-108.264455,36.732764],[-108.264465,36.732494],[-108.264577,36.732496],[-108.26458,36.732406],[-108.264692,36.732409],[-108.264695,36.732319],[-108.264583,36.732316],[-108.264586,36.732226],[-108.264698,36.732229],[-108.264701,36.732139],[-108.264813,36.732141],[-108.26482,36.731961],[-108.264932,36.731964],[-108.264935,36.731873],[-108.265047,36.731876],[-108.26505,36.731786],[-108.265274,36.731791],[-108.26527,36.731881],[-108.265382,36.731884],[-108.265379,36.731974],[-108.265491,36.731976],[-108.265488,36.732066],[-108.2656,36.732069],[-108.265597,36.732159],[-108.265932,36.732167],[-108.265936,36.732077],[-108.26616,36.732082],[-108.266163,36.731992],[-108.266275,36.731994],[-108.266265,36.732265],[-108.266153,36.732262],[-108.266156,36.732172],[-108.266044,36.732169],[-108.266041,36.73226],[-108.265929,36.732257],[-108.265926,36.732347],[-108.265814,36.732344],[-108.265811,36.732435],[-108.265923,36.732437],[-108.265916,36.732617],[-108.266252,36.732625],[-108.266249,36.732715],[-108.265689,36.732702],[-108.265683,36.732882],[-108.265347,36.732875],[-108.265344,36.732965]],[[-108.264599,36.731866],[-108.264487,36.731863],[-108.26449,36.731773],[-108.264602,36.731776],[-108.264599,36.731866]],[[-108.265165,36.731698],[-108.264941,36.731693],[-108.264948,36.731513],[-108.265059,36.731516],[-108.265063,36.731426],[-108.265175,36.731428],[-108.265171,36.731518],[-108.265283,36.731521],[-108.26528,36.731611],[-108.265168,36.731608],[-108.265165,36.731698]],[[-108.267778,36.730677],[-108.267666,36.730674],[-108.267669,36.730584],[-108.267781,36.730586],[-108.267778,36.730677]],[[-108.268117,36.730594],[-108.267893,36.730589],[-108.267896,36.730499],[-108.26812,36.730504],[-108.268117,36.730594]],[[-108.266665,36.730471],[-108.266553,36.730468],[-108.266556,36.730378],[-108.266668,36.730381],[-108.266665,36.730471]]]}},{"type":"Feature","properties":{"class":"extent","min_prob":0.5},"geometry":{"type":"Polygon","coordinates":[[[-108.308202,36.731057],[-108.308205,36.730967],[-108.308093,36.730965],[-108.30809,36.731055],[-108.308202,36.731057]]]}},{"type":"Feature","properties":{"class":"extent","min_prob":0.5},"geometry":{"type":"Polygon","coordinates":[[[-108.258955,36.729933],[-108.258958,36.729842],[-108.258846,36.72984],[-108.258843,36.72993],[-108.258955,36.729933]]]}},{"type":"Feature","properties":{"class":"extent","min_prob":0.5},"geometry":{"type":"Polygon","coordinates":[[[-108.296884,36.731161],[-108.296903,36.730621],[-108.29668,36.730616],[-108.296676,36.730706],[-108.295893,36.730688],[-108.29589,36.730778],[-108.296002,36.730781],[-108.295998,36.730871],[-108.296222,36.730876],[-108.296219,36.730966],[-108.296331,36.730968],[-108.296328,36.731058],[-108.296552,36.731064],[-108.296549,36.731154],[-108.296884,36.731161]]]}},{"type":"Feature","properties":{"class":"extent","min_prob":0.5},"geometry":{"type":"Polygon","coordinates":[[[-108.31839,36.731197],[-108.318393,36.731107],[-108.318282,36.731105],[-108.318278,36.731195],[-108.31839,36.731197]]]}},{"type":"Feature","properties":{"class":"extent","min_prob":0.5},"geometry":{"type":"Polygon","coordinates":[[[-108.285564,36.731354],[-108.285567,36.731264],[-108.285903,36.731272],[-108.285906,36.731182],[-108.286242,36.731189],[-108.286245,36.731099],[-108.286581,36.731107],[-108.286584,36.731017],[-108.286808,36.731022],[-108.286811,36.730932],[-108.287035,36.730937],[-108.287038,36.730847],[-108.287262,36.730852],[-108.287265,36.730762],[-108.287489,36.730767],[-108.287492,36.730677],[-108.287716,36.730682],[-108.287719,36.730592],[-108.288055,36.7306],[-108.288058,36.73051],[-108.28817,36.730512],[-108.288173,36.730422],[-108.287614,36.730409],[-108.28761,36.730499],[-108.287275,36.730492],[-108.287271,36.730582],[-108.287048,36.730577],[-108.287044,36.730667],[-108.286709,36.730659],[-108.286705,36.730749],[-108.286482,36.730744],[-108.286478,36.730834],[-108.286367,36.730832],[-108.286363,36.730922],[-108.286028,36.730914],[-108.286024,36.731004],[-108.285913,36.731002],[-108.285909,36.731092],[-108.285574,36.731084],[-108.28557,36.731174],[-108.285347,36.731169],[-108.285343,36.731259],[-108.28512,36.731254],[-108.285116,36.731344],[-108.285564,36.731354]]]}},{"type":"Feature","properties":{"class":"extent","min_prob":0.5},"geometry":{"type":"Polygon","coordinates":[[[-108.307975,36.731142],[-108.307978,36.731052],[-108.307866,36.73105],[-108.307869,36.73096],[-108.307757,36.730957],[-108.30776,36.730867],[-108.307648,36.730864],[-108.307651,36.730774],[-108.30754,36.730772],[-108.307533,36.730952],[-108.307309,36.730947],[-108.307303,36.731127],[-108.307527,36.731132],[-108.30753,36.731042],[-108.307642,36.731045],[-108.307639,36.731135],[-108.307975,36.731142]]]}},{"type":"Feature","properties":{"class":"extent","min_prob":0.5},"geometry":{"type":"Polygon","coordinates":[[[-108.318282,36.731105],[-108.318285,36.731015],[-108.318173,36.731012],[-108.31817,36.731102],[-108.318282,36.731105]]]}},{"type":"Feature","properties":{"class":"extent","min_prob":0.5},"geometry":{"type":"Polygon","coordinates":[[[-108.317946,36.731097],[-108.317949,36.731007],[-108.317837,36.731005],[-108.317834,36.731095],[-108.317946,36.731097]]]}},{"type":"Feature","properties":{"class":"extent","min_prob":0.5},"geometry":{"type":"Polygon","coordinates":[[[-108.31761,36.73109],[-108.317613,36.730999],[-108.317501,36.730997],[-108.317498,36.731087],[-108.31761,36.73109]]]}},{"type":"Feature","properties":{"class":"extent","min_prob":0.5},"geometry":{"type":"Polygon","coordinates":[[[-108.317274,36.731082],[-108.317277,36.730992],[-108.317165,36.730989],[-108.317162,36.731079],[-108.317274,36.731082]]]}},{"type":"Feature","properties":{"class":"extent","min_prob":0.5},"geometry":{"type":"Polygon","coordinates":[[[-108.290188,36.730468],[-108.290191,36.730378],[-108.290079,36.730375],[-108.290076,36.730465],[-108.290188,36.730468]]]}},{"type":"Feature","properties":{"class":"extent","min_prob":0.5},"geometry":{"type":"Polygon","coordinates":[[[-108.256272,36.72978],[-108.256275,36.72969],[-108.256163,36.729688],[-108.25617,36.729508],[-108.256058,36.729505],[-108.256055,36.729595],[-108.255943,36.729593],[-108.255936,36.729773],[-108.256272,36.72978]]]}},{"type":"Feature","properties":{"class":"extent","min_prob":0.5},"geometry":{"type":"Polygon","coordinates":[[[-108.227173,36.729106],[-108.227176,36.729016],[-108.227288,36.729018],[-108.227291,36.728928],[-108.22718,36.728925],[-108.227183,36.728835],[-108.226735,36.728825],[-108.226725,36.729095],[-108.227173,36.729106]]]}},{"type":"Feature","properties":{"class":"extent","min_prob":0.5},"geometry":{"type":"Polygon","coordinates":[[[-108.317725,36.731002],[-108.317728,36.730912],[-108.317616,36.730909],[-108.317613,36.730999],[-108.317725,36.731002]]]}},{"type":"Feature","properties":{"class":"extent","min_prob":0.5},"geometry":{"type":"Polygon","coordinates":[[[-108.317389,36.730994],[-108.317392,36.730904],[-108.31728,36.730902],[-108.317277,36.730992],[-108.317389,36.730994]]]}},{"type":"Feature","properties":{"class":"extent","min_prob":0.5},"geometry":{"type":"Polygon","coordinates":[[[-108.307316,36.730767],[-108.307319,36.730677],[-108.307207,36.730674],[-108.307204,36.730764],[-108.307316,36.730767]]]}},{"type":"Feature","properties":{"class":"extent","min_prob":0.5},"geometry":{"type":"Polygon","coordinates":[[[-108.265792,36.729819],[-108.265795,36.729729],[-108.265683,36.729727],[-108.26568,36.729817],[-108.265792,36.729819]]]}},{"type":"Feature","properties":{"class":"extent","min_prob":0.5},"geometry":{"type":"Polygon","coordinates":[[[-108.255495,36.729582],[-108.255498,36.729492],[-108.255386,36.72949],[-108.255383,36.72958],[-108.255495,36.729582]]]}},{"type":"Feature","properties":{"class":"extent","min_prob":0.5},"geometry":{"type":"Polygon","coordinates":[[[-108.317616,36.730909],[-108.317619,36.730819],[-108.317507,36.730817],[-108.317504,36.730907],[-108.317616,36.730909]]]}},{"type":"Feature","properties":{"class":"extent","min_prob":0.5},"geometry":{"type":"Polygon","coordinates":[[[-108.316721,36.730889],[-108.316724,36.730799],[-108.316612,36.730797],[-108.316609,36.730887],[-108.316721,36.730889]]]}},{"type":"Feature","properties":{"class":"extent","min_prob":0.5},"geometry":{"type":"Polygon","coordinates":[[[-108.290194,36.730288],[-108.290197,36.730198],[-108.290085,36.730195],[-108.290082,36.730285],[-108.290194,36.730288]]]}},{"type":"Feature","properties":{"class":"extent","min_prob":0.5},"geometry":{"type":"Polygon","coordinates":[[[-108.248783,36.729337],[-108.248786,36.729247],[-108.248674,36.729244],[-108.248671,36.729334],[-108.248783,36.729337]]]}},{"type":"Feature","properties":{"class":"extent","min_prob":0.5},"geometry":{"type":"Polygon","coordinates":[[[-108.307543,36.730682],[-108.307546,36.730592],[-108.307658,36.730594],[-108.307661,36.730504],[-108.307437,36.730499],[-108.307431,36.730679],[-108.307543,36.730682]]]}},{"type":"Feature","properties":{"class":"extent","min_prob":0.5},"geometry":{"type":"Polygon","coordinates":[[[-108.289638,36.730185],[-108.289641,36.730095],[-108.289417,36.73009],[-108.289414,36.73018],[-108.289638,36.730185]]]}},{"type":"Feature","properties":{"class":"extent","min_prob":0.5},"geometry":{"type":"Polygon","coordinates":[[[-108.255278,36.729397],[-108.255281,36.729307],[-108.255169,36.729304],[-108.255166,36.729394],[-108.255278,36.729397]]]}},{"type":"Feature","properties":{"class":"extent","min_prob":0.5},"geometry":{"type":"Polygon","coordinates":[[[-108.316615,36.730706],[-108.316618,36.730616],[-108.316506,36.730614],[-108.316503,36.730704],[-108.316615,36.730706]]]}},{"type":"Feature","properties":{"class":"extent","min_prob":0.5},"geometry":{"type":"Polygon","coordinates":[[[-108.315272,36.730676],[-108.315275,36.730586],[-108.315163,36.730584],[-108.31516,36.730674],[-108.315272,36.730676]]]}},{"type":"Feature","properties":{"class":"extent","min_prob":0.5},"geometry":{"type":"Polygon","coordinates":[[[-108.310347,36.730565],[-108.31035,36.730475],[-108.310238,36.730472],[-108.310235,36.730562],[-108.310347,36.730565]]]}},{"type":"Feature","properties":{"class":"extent","min_prob":0.5},"geometry":{"type":"Polygon","coordinates":[[[-108.303967,36.73042],[-108.303971,36.73033],[-108.303859,36.730328],[-108.303855,36.730418],[-108.303967,36.73042]]]}},{"type":"Feature","properties":{"class":"extent","min_prob":0.5},"geometry":{"type":"Polygon","coordinates":[[[-108.294006,36.730194],[-108.294009,36.730104],[-108.293897,36.730102],[-108.293894,36.730192],[-108.294006,36.730194]]]}},{"type":"Feature","properties":{"class":"extent","min_prob":0.5},"geometry":{"type":"Polygon","coordinates":[[[-108.291767,36.730143],[-108.291771,36.730053],[-108.291659,36.730051],[-108.291656,36.730141],[-108.291767,36.730143]]]}},{"type":"Feature","properties":{"class":"extent","min_prob":0.5},"geometry":{"type":"Polygon","coordinates":[[[-108.252595,36.729245],[-108.252598,36.729155],[-108.252486,36.729152],[-108.252483,36.729242],[-108.252595,36.729245]]]}},{"type":"Feature","properties":{"class":"extent","min_prob":0.5},"geometry":{"type":"Polygon","coordinates":[[[-108.318173,36.731012],[-108.318179,36.730832],[-108.317955,36.730827],[-108.317958,36.730737],[-108.31807,36.730739],[-108.318076,36.730559],[-108.317965,36.730557],[-108.317961,36.730647],[-108.317849,36.730644],[-108.317843,36.730824],[-108.317731,36.730822],[-108.317728,36.730912],[-108.317952,36.730917],[-108.317949,36.731007],[-108.318173,36.731012]]]}},{"type":"Feature","properties":{"class":"extent","min_prob":0.5},"geometry":{"type":"Polygon","coordinates":[[[-108.314939,36.730578],[-108.314942,36.730488],[-108.314831,36.730486],[-108.314827,36.730576],[-108.314939,36.730578]]]}},{"type":"Feature","properties":{"class":"extent","min_prob":0.5},"geometry":{"type":"Polygon","coordinates":[[[-108.307981,36.730962],[-108.307984,36.730872],[-108.308432,36.730882],[-108.308435,36.730792],[-108.308771,36.7308],[-108.308768,36.73089],[-108.30888,36.730892],[-108.308883,36.730802],[-108.308995,36.730805],[-108.308998,36.730715],[-108.30911,36.730717],[-108.309113,36.730627],[-108.309449,36.730635],[-108.309445,36.730725],[-108.309222,36.73072],[-108.309218,36.73081],[-108.309666,36.73082],[-108.309669,36.73073],[-108.310005,36.730737],[-108.310008,36.730647],[-108.309896,36.730645],[-108.309903,36.730465],[-108.309679,36.73046],[-108.309676,36.73055],[-108.309452,36.730545],[-108.309455,36.730455],[-108.309231,36.730449],[-108.309228,36.73054],[-108.309116,36.730537],[-108.309122,36.730357],[-108.308898,36.730352],[-108.308895,36.730442],[-108.309007,36.730444],[-108.309004,36.730534],[-108.308556,36.730524],[-108.308559,36.730434],[-108.308783,36.730439],[-108.308786,36.730349],[-108.308451,36.730342],[-108.308448,36.730432],[-108.308224,36.730427],[-108.308221,36.730517],[-108.308109,36.730514],[-108.308105,36.730604],[-108.307994,36.730602],[-108.307997,36.730512],[-108.307885,36.730509],[-108.307888,36.730419],[-108.307776,36.730417],[-108.30777,36.730597],[-108.307658,36.730594],[-108.307651,36.730774],[-108.307763,36.730777],[-108.30776,36.730867],[-108.307872,36.73087],[-108.307869,36.73096],[-108.307981,36.730962]],[[-108.307987,36.730782],[-108.307875,36.730779],[-108.307878,36.730689],[-108.30799,36.730692],[-108.307987,36.730782]],[[-108.308998,36.730715],[-108.308886,36.730712],[-108.308889,36.730622],[-108.309001,36.730625],[-108.308998,36.730715]],[[-108.30855,36.730705],[-108.308438,36.730702],[-108.308441,36.730612],[-108.308553,36.730614],[-108.30855,36.730705]],[[-108.308326,36.730699],[-108.308102,36.730694],[-108.308105,36.730604],[-108.308329,36.730609],[-108.308326,36.730699]]]}},{"type":"Feature","properties":{"class":"extent","min_prob":0.5},"geometry":{"type":"Polygon","coordinates":[[[-108.308224,36.730427],[-108.308227,36.730337],[-108.308003,36.730332],[-108.308,36.730422],[-108.308224,36.730427]]]}},{"type":"Feature","properties":{"class":"extent","min_prob":0.5},"geometry":{"type":"Polygon","coordinates":[[[-108.289974,36.730193],[-108.289983,36.729922],[-108.290095,36.729925],[-108.290092,36.730015],[-108.290204,36.730017],[-108.29021,36.729837],[-108.289874,36.72983],[-108.289871,36.72992],[-108.289647,36.729915],[-108.289641,36.730095],[-108.289865,36.7301],[-108.289862,36.73019],[-108.289974,36.730193]]]}},{"type":"Feature","properties":{"class":"extent","min_prob":0.5},"geometry":{"type":"Polygon","coordinates":[[[-108.308898,36.730352],[-108.308902,36.730262],[-108.30879,36.730259],[-108.308786,36.730349],[-108.308898,36.730352]]]}},{"type":"Feature","properties":{"class":"extent","min_prob":0.5},"geometry":{"type":"Polygon","coordinates":[[[-108.305429,36.730273],[-108.305432,36.730183],[-108.304984,36.730173],[-108.304981,36.730263],[-108.305429,36.730273]]]}},{"type":"Feature","properties":{"class":"extent","min_prob":0.5},"geometry":{"type":"Polygon","coordinates":[[[-108.328912,36.731434],[-108.328918,36.731254],[-108.328694,36.731249],[-108.3287,36.731069],[-108.328588,36.731066],[-108.328601,36.730706],[-108.328489,36.730703],[-108.328492,36.730613],[-108.32838,36.730611],[-108.328383,36.730521],[-108.328159,36.730516],[-108.328156,36.730606],[-108.328044,36.730603],[-108.328035,36.730873],[-108.327923,36.730871],[-108.327917,36.731051],[-108.328029,36.731054],[-108.328026,36.731144],[-108.328138,36.731146],[-108.328134,36.731236],[-108.328246,36.731239],[-108.328243,36.731329],[-108.328467,36.731334],[-108.328464,36.731424],[-108.328912,36.731434]]]}},{"type":"Feature","properties":{"class":"extent","min_prob":0.5},"geometry":{"type":"Polygon","coordinates":[[[-108.304082,36.730333],[-108.304086,36.730243],[-108.304309,36.730248],[-108.304313,36.730158],[-108.304872,36.73017],[-108.304875,36.73008],[-108.304652,36.730075],[-108.304655,36.729985],[-108.304543,36.729983],[-108.304546,36.729893],[-108.304322,36.729887],[-108.304319,36.729978],[-108.304095,36.729973],[-108.304098,36.729882],[-108.303986,36.72988],[-108.303983,36.72997],[-108.303871,36.729967],[-108.303874,36.729877],[-108.30365,36.729872],[-108.303644,36.730052],[-108.303532,36.73005],[-108.303529,36.73014],[-108.303641,36.730143],[-108.303638,36.730233],[-108.30375,36.730235],[-108.303747,36.730325],[-108.303859,36.730328],[-108.303862,36.730238],[-108.303974,36.73024],[-108.303971,36.73033],[-108.304082,36.730333]]]}},{"type":"Feature","properties":{"class":"extent","min_prob":0.5},"geometry":{"type":"Polygon","coordinates":[[[-108.286187,36.729565],[-108.28619,36.729475],[-108.286078,36.729473],[-108.286075,36.729563],[-108.286187,36.729565]]]}},{"type":"Feature","properties":{"class":"extent","min_prob":0.5},"geometry":{"type":"Polygon","coordinates":[[[-108.309237,36.730269],[-108.309244,36.730089],[-108.309356,36.730092],[-108.309359,36.730002],[-108.309247,36.729999],[-108.30925,36.729909],[-108.309138,36.729906],[-108.309135,36.729996],[-108.308575,36.729984],[-108.308572,36.730074],[-108.30846,36.730071],[-108.308463,36.729981],[-108.308239,36.729976],[-108.30823,36.730246],[-108.30879,36.730259],[-108.308793,36.730169],[-108.309129,36.730177],[-108.309125,36.730267],[-108.309237,36.730269]]]}},{"type":"Feature","properties":{"class":"extent","min_prob":0.5},"geometry":{"type":"Polygon","coordinates":[[[-108.318201,36.730201],[-108.318204,36.730111],[-108.318092,36.730109],[-108.318089,36.730199],[-108.318201,36.730201]]]}},{"type":"Feature","properties":{"class":"extent","min_prob":0.5},"geometry":{"type":"Polygon","coordinates":[[[-108.267835,36.729055],[-108.267838,36.728965],[-108.267726,36.728962],[-108.267723,36.729052],[-108.267835,36.729055]]]}},{"type":"Feature","properties":{"class":"extent","min_prob":0.5},"geometry":{"type":"Polygon","coordinates":[[[-108.29154,36.730228],[-108.291547,36.730048],[-108.291659,36.730051],[-108.291662,36.729961],[-108.29155,36.729958],[-108.291553,36.729868],[-108.291441,36.729865],[-108.291444,36.729775],[-108.291332,36.729773],[-108.291336,36.729683],[-108.291448,36.729685],[-108.291454,36.729505],[-108.291342,36.729502],[-108.291345,36.729412],[-108.291121,36.729407],[-108.291118,36.729497],[-108.290894,36.729492],[-108.290891,36.729582],[-108.290779,36.72958],[-108.290776,36.72967],[-108.290552,36.729665],[-108.290549,36.729755],[-108.290437,36.729752],[-108.290434,36.729842],[-108.290322,36.72984],[-108.290319,36.72993],[-108.290543,36.729935],[-108.290546,36.729845],[-108.290882,36.729853],[-108.290878,36.729943],[-108.29099,36.729945],[-108.290987,36.730035],[-108.291099,36.730038],[-108.291096,36.730128],[-108.291208,36.730131],[-108.291205,36.730221],[-108.29154,36.730228]]]}},{"type":"Feature","properties":{"class":"extent","min_prob":0.5},"geometry":{"type":"Polygon","coordinates":[[[-108.267279,36.728952],[-108.267282,36.728862],[-108.26717,36.728859],[-108.267167,36.728949],[-108.267279,36.728952]]]}},{"type":"Feature","properties":{"class":"extent","min_prob":0.5},"geometry":{"type":"Polygon","coordinates":[[[-108.284182,36.729249],[-108.284185,36.729159],[-108.284073,36.729156],[-108.28407,36.729246],[-108.284182,36.729249]]]}},{"type":"Feature","properties":{"class":"extent","min_prob":0.5},"geometry":{"type":"Polygon","coordinates":[[[-108.284073,36.729156],[-108.284076,36.729066],[-108.283965,36.729064],[-108.283961,36.729154],[-108.284073,36.729156]]]}},{"type":"Feature","properties":{"class":"extent","min_prob":0.5},"geometry":{"type":"Polygon","coordinates":[[[-108.26818,36.728792],[-108.268184,36.728702],[-108.268072,36.7287],[-108.268068,36.72879],[-108.26818,36.728792]]]}},{"type":"Feature","properties":{"class":"extent","min_prob":0.5},"geometry":{"type":"Polygon","coordinates":[[[-108.235836,36.728045],[-108.235839,36.727955],[-108.235727,36.727952],[-108.235724,36.728042],[-108.235836,36.728045]]]}},{"type":"Feature","properties":{"class":"extent","min_prob":0.5},"geometry":{"type":"Polygon","coordinates":[[[-108.220839,36.727696],[-108.220843,36.727605],[-108.220731,36.727603],[-108.220727,36.727693],[-108.220839,36.727696]]]}},{"type":"Feature","properties":{"class":"extent","min_prob":0.5},"geometry":{"type":"Polygon","coordinates":[[[-108.24168,36.730615],[-108.24169,36.730345],[-108.241802,36.730347],[-108.241815,36.729987],[-108.241927,36.72999],[-108.241924,36.73008],[-108.242036,36.730082],[-108.242032,36.730172],[-108.242256,36.730178],[-108.242247,36.730448],[-108.242358,36.73045],[-108.242362,36.73036],[-108.242697,36.730368],[-108.242694,36.730458],[-108.242806,36.730461],[-108.242803,36.730551],[-108.242915,36.730554],[-108.242918,36.730463],[-108.24303,36.730466],[-108.243082,36.729025],[-108.24297,36.729022],[-108.242973,36.728932],[-108.243085,36.728935],[-108.243101,36.728484],[-108.242989,36.728482],[-108.242992,36.728391],[-108.243104,36.728394],[-108.243111,36.728214],[-108.242999,36.728211],[-108.243005,36.728031],[-108.242893,36.728028],[-108.242874,36.728569],[-108.242762,36.728566],[-108.242755,36.728747],[-108.242867,36.728749],[-108.242861,36.728929],[-108.242637,36.728924],[-108.24264,36.728834],[-108.242416,36.728829],[-108.242413,36.728919],[-108.242301,36.728916],[-108.242298,36.729006],[-108.242186,36.729004],[-108.24218,36.729184],[-108.242292,36.729187],[-108.242288,36.729277],[-108.242177,36.729274],[-108.242173,36.729364],[-108.241949,36.729359],[-108.241946,36.729449],[-108.241499,36.729439],[-108.241502,36.729349],[-108.241726,36.729354],[-108.241729,36.729264],[-108.241505,36.729259],[-108.241508,36.729168],[-108.241732,36.729174],[-108.241739,36.728994],[-108.241515,36.728988],[-108.241511,36.729078],[-108.2414,36.729076],[-108.241393,36.729256],[-108.241281,36.729253],[-108.241278,36.729343],[-108.241054,36.729338],[-108.241051,36.729428],[-108.240715,36.729421],[-108.240712,36.729511],[-108.2406,36.729508],[-108.240594,36.729688],[-108.240482,36.729686],[-108.240478,36.729776],[-108.240143,36.729768],[-108.240146,36.729678],[-108.240034,36.729675],[-108.240037,36.729585],[-108.239925,36.729583],[-108.239922,36.729673],[-108.23981,36.72967],[-108.239804,36.72985],[-108.240027,36.729855],[-108.240024,36.729946],[-108.240136,36.729948],[-108.24013,36.730128],[-108.240465,36.730136],[-108.240469,36.730046],[-108.240693,36.730051],[-108.240689,36.730141],[-108.240801,36.730144],[-108.240798,36.730234],[-108.241134,36.730242],[-108.241127,36.730422],[-108.241239,36.730425],[-108.241246,36.730244],[-108.241358,36.730247],[-108.241354,36.730337],[-108.241466,36.73034],[-108.24146,36.73052],[-108.241572,36.730522],[-108.241569,36.730612],[-108.24168,36.730615]]]}},{"type":"Feature","properties":{"class":"extent","min_prob":0.5},"geometry":{"type":"Polygon","coordinates":[[[-108.323912,36.73024],[-108.323915,36.73015],[-108.324139,36.730155],[-108.324149,36.729884],[-108.324037,36.729882],[-108.324034,36.729972],[-108.32381,36.729967],[-108.3238,36.730237],[-108.323912,36.73024]]]}},{"type":"Feature","properties":{"class":"extent","min_prob":0.5},"geometry":{"type":"Polygon","coordinates":[[[-108.284297,36.729161],[-108.284303,36.728981],[-108.28408,36.728976],[-108.284076,36.729066],[-108.284188,36.729069],[-108.284185,36.729159],[-108.284297,36.729161]]]}},{"type":"Feature","properties":{"class":"extent","min_prob":0.5},"geometry":{"type":"Polygon","coordinates":[[[-108.2337,36.728266],[-108.233703,36.728176],[-108.233927,36.728181],[-108.23393,36.728091],[-108.234042,36.728093],[-108.234055,36.727733],[-108.233943,36.727731],[-108.23394,36.727821],[-108.233604,36.727813],[-108.233601,36.727903],[-108.233489,36.7279],[-108.233486,36.72799],[-108.233374,36.727988],[-108.233371,36.728078],[-108.233482,36.72808],[-108.233476,36.728261],[-108.2337,36.728266]]]}},{"type":"Feature","properties":{"class":"extent","min_prob":0.5},"geometry":{"type":"Polygon","coordinates":[[[-108.285982,36.72902],[-108.285985,36.728929],[-108.285874,36.728927],[-108.28587,36.729017],[-108.285982,36.72902]]]}},{"type":"Feature","properties":{"class":"extent","min_prob":0.5},"geometry":{"type":"Polygon","coordinates":[[[-108.284751,36.728991],[-108.284754,36.728901],[-108.284642,36.728899],[-108.284639,36.728989],[-108.284751,36.728991]]]}},{"type":"Feature","properties":{"class":"extent","min_prob":0.5},"geometry":{"type":"Polygon","coordinates":[[[-108.284415,36.728984],[-108.284419,36.728894],[-108.284307,36.728891],[-108.284303,36.728981],[-108.284415,36.728984]]]}},{"type":"Feature","properties":{"class":"extent","min_prob":0.5},"geometry":{"type":"Polygon","coordinates":[[[-108.245355,36.728086],[-108.245359,36.727995],[-108.245135,36.72799],[-108.245132,36.72808],[-108.245355,36.728086]]]}},{"type":"Feature","properties":{"class":"extent","min_prob":0.5},"geometry":{"type":"Polygon","coordinates":[[[-108.235954,36.727867],[-108.235958,36.727777],[-108.235846,36.727775],[-108.235842,36.727865],[-108.235954,36.727867]]]}},{"type":"Feature","properties":{"class":"extent","min_prob":0.5},"geometry":{"type":"Polygon","coordinates":[[[-108.246353,36.728379],[-108.246356,36.728289],[-108.246244,36.728286],[-108.246254,36.728016],[-108.245806,36.728006],[-108.245809,36.727916],[-108.245698,36.727913],[-108.245694,36.728003],[-108.245582,36.728001],[-108.245579,36.728091],[-108.245467,36.728088],[-108.245464,36.728178],[-108.245688,36.728183],[-108.245685,36.728274],[-108.245908,36.728279],[-108.245905,36.728369],[-108.246353,36.728379]]]}},{"type":"Feature","properties":{"class":"extent","min_prob":0.5},"geometry":{"type":"Polygon","coordinates":[[[-108.246366,36.728019],[-108.246369,36.727929],[-108.246257,36.727926],[-108.246254,36.728016],[-108.246366,36.728019]]]}},{"type":"Feature","properties":{"class":"extent","min_prob":0.5},"geometry":{"type":"Polygon","coordinates":[[[-108.220625,36.72742],[-108.220628,36.72733],[-108.220517,36.727327],[-108.220513,36.727417],[-108.220625,36.72742]]]}},{"type":"Feature","properties":{"class":"extent","min_prob":0.5},"geometry":{"type":"Polygon","coordinates":[[[-108.284534,36.728806],[-108.284537,36.728716],[-108.284425,36.728714],[-108.284422,36.728804],[-108.284534,36.728806]]]}},{"type":"Feature","properties":{"class":"extent","min_prob":0.5},"geometry":{"type":"Polygon","coordinates":[[[-108.228462,36.727513],[-108.228466,36.727423],[-108.228354,36.72742],[-108.228351,36.72751],[-108.228462,36.727513]]]}},{"type":"Feature","properties":{"class":"extent","min_prob":0.5},"geometry":{"type":"Polygon","coordinates":[[[-108.28431,36.728801],[-108.284313,36.728711],[-108.284201,36.728708],[-108.284204,36.728618],[-108.28398,36.728613],[-108.283977,36.728703],[-108.284089,36.728706],[-108.284086,36.728796],[-108.28431,36.728801]]]}},{"type":"Feature","properties":{"class":"extent","min_prob":0.5},"geometry":{"type":"Polygon","coordinates":[[[-108.220517,36.727327],[-108.220523,36.727147],[-108.220411,36.727145],[-108.220408,36.727235],[-108.220296,36.727232],[-108.220293,36.727322],[-108.220517,36.727327]]]}},{"type":"Feature","properties":{"class":"extent","min_prob":0.5},"geometry":{"type":"Polygon","coordinates":[[[-108.284649,36.728719],[-108.284652,36.728629],[-108.28454,36.728626],[-108.284537,36.728716],[-108.284649,36.728719]]]}},{"type":"Feature","properties":{"class":"extent","min_prob":0.5},"geometry":{"type":"Polygon","coordinates":[[[-108.284425,36.728714],[-108.284428,36.728623],[-108.284316,36.728621],[-108.284313,36.728711],[-108.284425,36.728714]]]}},{"type":"Feature","properties":{"class":"extent","min_prob":0.5},"geometry":{"type":"Polygon","coordinates":[[[-108.220296,36.727232],[-108.220299,36.727142],[-108.220187,36.727139],[-108.220184,36.727229],[-108.220296,36.727232]]]}},{"type":"Feature","properties":{"class":"extent","min_prob":0.5},"geometry":{"type":"Polygon","coordinates":[[[-108.248648,36.733121],[-108.248654,36.732941],[-108.248542,36.732938],[-108.248549,36.732758],[-108.248437,36.732755],[-108.248443,36.732575],[-108.248667,36.73258],[-108.248664,36.73267],[-108.248776,36.732673],[-108.248782,36.732493],[-108.248894,36.732495],[-108.248891,36.732585],[-108.249003,36.732588],[-108.249006,36.732498],[-108.24923,36.732503],[-108.249236,36.732323],[-108.249125,36.73232],[-108.249131,36.73214],[-108.249243,36.732143],[-108.249246,36.732053],[-108.249694,36.732063],[-108.2497,36.731883],[-108.249924,36.731888],[-108.24993,36.731708],[-108.250042,36.73171],[-108.250046,36.73162],[-108.250158,36.731623],[-108.250164,36.731443],[-108.250052,36.73144],[-108.250055,36.73135],[-108.250167,36.731353],[-108.25017,36.731262],[-108.250282,36.731265],[-108.250289,36.731085],[-108.250401,36.731087],[-108.250407,36.730907],[-108.250519,36.73091],[-108.250525,36.73073],[-108.250637,36.730732],[-108.250641,36.730642],[-108.250529,36.73064],[-108.250535,36.730459],[-108.250647,36.730462],[-108.250653,36.730282],[-108.250765,36.730284],[-108.250772,36.730104],[-108.250884,36.730107],[-108.25089,36.729927],[-108.251002,36.729929],[-108.251009,36.729749],[-108.25112,36.729752],[-108.25113,36.729481],[-108.251242,36.729484],[-108.251248,36.729304],[-108.251025,36.729299],[-108.251028,36.729209],[-108.25114,36.729211],[-108.251149,36.728941],[-108.251037,36.728938],[-108.251041,36.728848],[-108.251153,36.728851],[-108.251156,36.728761],[-108.251044,36.728758],[-108.251054,36.728488],[-108.250942,36.728485],[-108.250951,36.728215],[-108.250839,36.728212],[-108.250846,36.728032],[-108.250622,36.728027],[-108.250619,36.728117],[-108.250507,36.728115],[-108.250494,36.728475],[-108.250382,36.728472],[-108.250388,36.728292],[-108.250277,36.72829],[-108.250286,36.728019],[-108.250174,36.728017],[-108.250181,36.727837],[-108.250069,36.727834],[-108.250072,36.727744],[-108.24996,36.727741],[-108.249957,36.727831],[-108.249733,36.727826],[-108.24973,36.727916],[-108.249394,36.727909],[-108.249391,36.727999],[-108.249279,36.727996],[-108.249282,36.727906],[-108.249058,36.727901],[-108.249055,36.727991],[-108.248943,36.727988],[-108.24894,36.728078],[-108.249052,36.728081],[-108.249049,36.728171],[-108.248937,36.728168],[-108.248933,36.728259],[-108.249045,36.728261],[-108.249036,36.728531],[-108.248924,36.728529],[-108.248921,36.728619],[-108.248809,36.728616],[-108.248818,36.728346],[-108.248706,36.728343],[-108.248703,36.728434],[-108.248479,36.728428],[-108.248483,36.728338],[-108.248371,36.728336],[-108.248374,36.728246],[-108.24815,36.72824],[-108.248153,36.72815],[-108.248041,36.728148],[-108.248045,36.728058],[-108.247933,36.728055],[-108.247936,36.727965],[-108.247824,36.727962],[-108.247827,36.727872],[-108.247603,36.727867],[-108.247597,36.728047],[-108.247485,36.728045],[-108.247479,36.728225],[-108.247367,36.728222],[-108.247357,36.728493],[-108.247469,36.728495],[-108.247459,36.728765],[-108.247571,36.728768],[-108.247536,36.729759],[-108.247648,36.729762],[-108.247628,36.730302],[-108.24774,36.730305],[-108.247721,36.730845],[-108.247833,36.730848],[-108.24783,36.730938],[-108.248054,36.730943],[-108.24805,36.731033],[-108.247826,36.731028],[-108.247814,36.731388],[-108.247926,36.731391],[-108.247916,36.731661],[-108.248028,36.731664],[-108.247976,36.733105],[-108.248424,36.733116],[-108.248427,36.733025],[-108.248539,36.733028],[-108.248536,36.733118],[-108.248648,36.733121]],[[-108.248805,36.731862],[-108.248581,36.731857],[-108.248587,36.731677],[-108.248699,36.731679],[-108.248696,36.731769],[-108.248808,36.731772],[-108.248805,36.731862]],[[-108.248587,36.731677],[-108.248364,36.731672],[-108.248367,36.731581],[-108.248479,36.731584],[-108.248485,36.731404],[-108.248597,36.731406],[-108.248587,36.731677]],[[-108.250049,36.73153],[-108.249825,36.731525],[-108.249828,36.731435],[-108.250052,36.73144],[-108.250049,36.73153]],[[-108.248485,36.731404],[-108.248373,36.731401],[-108.248376,36.731311],[-108.248265,36.731309],[-108.248268,36.731218],[-108.248156,36.731216],[-108.248165,36.730946],[-108.248054,36.730943],[-108.248057,36.730853],[-108.248169,36.730856],[-108.248172,36.730765],[-108.248508,36.730773],[-108.248504,36.730863],[-108.248281,36.730858],[-108.248277,36.730948],[-108.248389,36.730951],[-108.24838,36.731221],[-108.248492,36.731224],[-108.248485,36.731404]],[[-108.248655,36.729785],[-108.248431,36.72978],[-108.248438,36.729599],[-108.248549,36.729602],[-108.248559,36.729332],[-108.248447,36.729329],[-108.248441,36.729509],[-108.248329,36.729507],[-108.248345,36.729056],[-108.248457,36.729059],[-108.248454,36.729149],[-108.248566,36.729152],[-108.248572,36.728971],[-108.248684,36.728974],[-108.248687,36.728884],[-108.248799,36.728887],[-108.248802,36.728796],[-108.248914,36.728799],[-108.248921,36.728619],[-108.249033,36.728621],[-108.249029,36.728712],[-108.249365,36.728719],[-108.249355,36.72899],[-108.249244,36.728987],[-108.249237,36.729167],[-108.249349,36.72917],[-108.249346,36.72926],[-108.24901,36.729252],[-108.249004,36.729432],[-108.248892,36.72943],[-108.248888,36.72952],[-108.248777,36.729517],[-108.24877,36.729697],[-108.248658,36.729695],[-108.248655,36.729785]],[[-108.249445,36.729623],[-108.249109,36.729615],[-108.249112,36.729525],[-108.249448,36.729533],[-108.249445,36.729623]],[[-108.249112,36.729525],[-108.249,36.729522],[-108.249004,36.729432],[-108.249116,36.729435],[-108.249112,36.729525]],[[-108.249464,36.729082],[-108.249352,36.72908],[-108.249355,36.72899],[-108.249467,36.728992],[-108.249464,36.729082]]]}},{"type":"Feature","properties":{"class":"extent","min_prob":0.5},"geometry":{"type":"Polygon","coordinates":[[[-108.28454,36.728626],[-108.284543,36.728536],[-108.284431,36.728533],[-108.284428,36.728623],[-108.28454,36.728626]]]}},{"type":"Feature","properties":{"class":"extent","min_prob":0.5},"geometry":{"type":"Polygon","coordinates":[[[-108.310602,36.729669],[-108.310606,36.729579],[-108.310718,36.729581],[-108.310736,36.729041],[-108.310401,36.729033],[-108.310394,36.729213],[-108.310506,36.729216],[-108.3105,36.729396],[-108.310388,36.729394],[-108.310382,36.729574],[-108.31027,36.729571],[-108.310273,36.729481],[-108.310049,36.729476],[-108.310046,36.729566],[-108.310158,36.729569],[-108.310155,36.729659],[-108.310602,36.729669]],[[-108.310606,36.729579],[-108.310494,36.729576],[-108.310497,36.729486],[-108.310609,36.729489],[-108.310606,36.729579]]]}},{"type":"Feature","properties":{"class":"extent","min_prob":0.5},"geometry":{"type":"Polygon","coordinates":[[[-108.291678,36.72951],[-108.291681,36.72942],[-108.291905,36.729425],[-108.291908,36.729335],[-108.292468,36.729348],[-108.292471,36.729258],[-108.292918,36.729268],[-108.292922,36.729178],[-108.293033,36.72918],[-108.29304,36.729],[-108.293152,36.729003],[-108.293155,36.728913],[-108.293267,36.728915],[-108.29327,36.728825],[-108.293382,36.728828],[-108.293385,36.728737],[-108.293273,36.728735],[-108.293276,36.728645],[-108.292829,36.728635],[-108.292825,36.728725],[-108.292714,36.728722],[-108.29271,36.728812],[-108.292487,36.728807],[-108.292483,36.728897],[-108.292259,36.728892],[-108.292256,36.728982],[-108.292032,36.728977],[-108.292029,36.729067],[-108.291917,36.729065],[-108.291914,36.729155],[-108.291467,36.729145],[-108.291463,36.729235],[-108.291575,36.729237],[-108.291572,36.729327],[-108.29146,36.729325],[-108.291457,36.729415],[-108.291569,36.729417],[-108.291566,36.729508],[-108.291678,36.72951]]]}},{"type":"Feature","properties":{"class":"extent","min_prob":0.5},"geometry":{"type":"Polygon","coordinates":[[[-108.229147,36.727168],[-108.22915,36.727078],[-108.229038,36.727075],[-108.229035,36.727165],[-108.229147,36.727168]]]}},{"type":"Feature","properties":{"class":"extent","min_prob":0.5},"geometry":{"type":"Polygon","coordinates":[[[-108.228581,36.727335],[-108.228584,36.727245],[-108.228472,36.727243],[-108.228475,36.727152],[-108.228699,36.727158],[-108.228702,36.727068],[-108.228367,36.72706],[-108.228357,36.72733],[-108.228581,36.727335]]]}},{"type":"Feature","properties":{"class":"extent","min_prob":0.5},"geometry":{"type":"Polygon","coordinates":[[[-108.229374,36.727083],[-108.229377,36.726993],[-108.229265,36.72699],[-108.229262,36.727081],[-108.229374,36.727083]]]}},{"type":"Feature","properties":{"class":"extent","min_prob":0.5},"geometry":{"type":"Polygon","coordinates":[[[-108.228926,36.727073],[-108.22893,36.726983],[-108.228706,36.726977],[-108.228702,36.727068],[-108.228926,36.727073]]]}},{"type":"Feature","properties":{"class":"extent","min_prob":0.5},"geometry":{"type":"Polygon","coordinates":[[[-108.25052,36.727754],[-108.250526,36.727574],[-108.250414,36.727571],[-108.250417,36.727481],[-108.250305,36.727479],[-108.250309,36.727389],[-108.249973,36.727381],[-108.249966,36.727561],[-108.250078,36.727564],[-108.250075,36.727654],[-108.250187,36.727656],[-108.250184,36.727746],[-108.25052,36.727754]]]}},{"type":"Feature","properties":{"class":"extent","min_prob":0.5},"geometry":{"type":"Polygon","coordinates":[[[-108.284441,36.728263],[-108.284444,36.728173],[-108.284332,36.72817],[-108.284329,36.728261],[-108.284441,36.728263]]]}},{"type":"Feature","properties":{"class":"extent","min_prob":0.5},"geometry":{"type":"Polygon","coordinates":[[[-108.277837,36.728112],[-108.277841,36.728022],[-108.277617,36.728017],[-108.277614,36.728107],[-108.277837,36.728112]]]}},{"type":"Feature","properties":{"class":"extent","min_prob":0.5},"geometry":{"type":"Polygon","coordinates":[[[-108.267541,36.727876],[-108.267544,36.727786],[-108.267432,36.727783],[-108.267429,36.727873],[-108.267541,36.727876]]]}},{"type":"Feature","properties":{"class":"extent","min_prob":0.5},"geometry":{"type":"Polygon","coordinates":[[[-108.266757,36.727858],[-108.266761,36.727768],[-108.266537,36.727763],[-108.266534,36.727853],[-108.266757,36.727858]]]}},{"type":"Feature","properties":{"class":"extent","min_prob":0.5},"geometry":{"type":"Polygon","coordinates":[[[-108.268436,36.727897],[-108.268443,36.727716],[-108.268331,36.727714],[-108.268327,36.727804],[-108.268216,36.727801],[-108.268212,36.727891],[-108.268436,36.727897]]]}},{"type":"Feature","properties":{"class":"extent","min_prob":0.5},"geometry":{"type":"Polygon","coordinates":[[[-108.326966,36.729407],[-108.326969,36.729317],[-108.327081,36.729319],[-108.327084,36.729229],[-108.326972,36.729227],[-108.326975,36.729136],[-108.326751,36.729131],[-108.326748,36.729222],[-108.326636,36.729219],[-108.326642,36.729039],[-108.326754,36.729041],[-108.326757,36.728951],[-108.326422,36.728944],[-108.326412,36.729214],[-108.326524,36.729217],[-108.326521,36.729307],[-108.326633,36.729309],[-108.32663,36.729399],[-108.326966,36.729407]]]}},{"type":"Feature","properties":{"class":"extent","min_prob":0.5},"geometry":{"type":"Polygon","coordinates":[[[-108.229496,36.726816],[-108.229499,36.726725],[-108.229387,36.726723],[-108.229384,36.726813],[-108.229496,36.726816]]]}},{"type":"Feature","properties":{"class":"extent","min_prob":0.5},"geometry":{"type":"Polygon","coordinates":[[[-108.229272,36.72681],[-108.229275,36.72672],[-108.229163,36.726718],[-108.22916,36.726808],[-108.229272,36.72681]]]}},{"type":"Feature","properties":{"class":"extent","min_prob":0.5},"geometry":{"type":"Polygon","coordinates":[[[-108.228712,36.726797],[-108.228715,36.726707],[-108.228604,36.726705],[-108.2286,36.726795],[-108.228712,36.726797]]]}},{"type":"Feature","properties":{"class":"extent","min_prob":0.5},"geometry":{"type":"Polygon","coordinates":[[[-108.235293,36.727582],[-108.235315,36.726951],[-108.235203,36.726948],[-108.235206,36.726858],[-108.235095,36.726856],[-108.235098,36.726766],[-108.234874,36.72676],[-108.234871,36.72685],[-108.234759,36.726848],[-108.234756,36.726938],[-108.23442,36.72693],[-108.234417,36.72702],[-108.234529,36.727023],[-108.234525,36.727113],[-108.234637,36.727116],[-108.234634,36.727206],[-108.234746,36.727208],[-108.234736,36.727478],[-108.235072,36.727486],[-108.235069,36.727576],[-108.235293,36.727582]]]}},{"type":"Feature","properties":{"class":"extent","min_prob":0.5},"geometry":{"type":"Polygon","coordinates":[[[-108.229387,36.726723],[-108.22939,36.726633],[-108.229278,36.72663],[-108.229275,36.72672],[-108.229387,36.726723]]]}},{"type":"Feature","properties":{"class":"extent","min_prob":0.5},"geometry":{"type":"Polygon","coordinates":[[[-108.24501,36.728348],[-108.245016,36.728168],[-108.244904,36.728165],[-108.244908,36.728075],[-108.24502,36.728078],[-108.245032,36.727717],[-108.244921,36.727715],[-108.244917,36.727805],[-108.244805,36.727802],[-108.244815,36.727532],[-108.244591,36.727527],[-108.244598,36.727347],[-108.244374,36.727342],[-108.244371,36.727432],[-108.244259,36.727429],[-108.244262,36.727339],[-108.24415,36.727336],[-108.244147,36.727426],[-108.244035,36.727424],[-108.244032,36.727514],[-108.24392,36.727511],[-108.243923,36.727421],[-108.243811,36.727419],[-108.243814,36.727329],[-108.24359,36.727323],[-108.243594,36.727233],[-108.243258,36.727225],[-108.243255,36.727316],[-108.243143,36.727313],[-108.243152,36.727043],[-108.243264,36.727045],[-108.243268,36.726955],[-108.242932,36.726947],[-108.242935,36.726857],[-108.242823,36.726855],[-108.24282,36.726945],[-108.242708,36.726942],[-108.242711,36.726852],[-108.242375,36.726844],[-108.242372,36.726934],[-108.242148,36.726929],[-108.242152,36.726839],[-108.241928,36.726834],[-108.241925,36.726924],[-108.241813,36.726921],[-108.241809,36.727012],[-108.241921,36.727014],[-108.241918,36.727104],[-108.242254,36.727112],[-108.242247,36.727292],[-108.242583,36.7273],[-108.24258,36.72739],[-108.242692,36.727393],[-108.242689,36.727483],[-108.242801,36.727485],[-108.242797,36.727575],[-108.242909,36.727578],[-108.2429,36.727848],[-108.243012,36.727851],[-108.243021,36.727581],[-108.243245,36.727586],[-108.243242,36.727676],[-108.243354,36.727679],[-108.243357,36.727588],[-108.243469,36.727591],[-108.243462,36.727771],[-108.243574,36.727774],[-108.243578,36.727684],[-108.243801,36.727689],[-108.243798,36.727779],[-108.244022,36.727784],[-108.244019,36.727874],[-108.244131,36.727877],[-108.244134,36.727787],[-108.244246,36.727789],[-108.244243,36.727879],[-108.244355,36.727882],[-108.244351,36.727972],[-108.244575,36.727977],[-108.244572,36.728067],[-108.244684,36.72807],[-108.244674,36.72834],[-108.24501,36.728348]]]}},{"type":"Feature","properties":{"class":"extent","min_prob":0.5},"geometry":{"type":"Polygon","coordinates":[[[-108.267106,36.727505],[-108.267109,36.727415],[-108.266997,36.727413],[-108.266994,36.727503],[-108.267106,36.727505]]]}},{"type":"Feature","properties":{"class":"extent","min_prob":0.5},"geometry":{"type":"Polygon","coordinates":[[[-108.241813,36.726921],[-108.241816,36.726831],[-108.241704,36.726829],[-108.241701,36.726919],[-108.241813,36.726921]]]}},{"type":"Feature","properties":{"class":"extent","min_prob":0.5},"geometry":{"type":"Polygon","coordinates":[[[-108.192542,36.72658],[-108.192545,36.72649],[-108.192769,36.726495],[-108.192772,36.726405],[-108.192996,36.72641],[-108.192999,36.72632],[-108.193111,36.726323],[-108.193114,36.726233],[-108.193338,36.726238],[-108.193342,36.726148],[-108.193453,36.726151],[-108.193457,36.726061],[-108.193904,36.726071],[-108.193908,36.725981],[-108.194915,36.726005],[-108.194918,36.725915],[-108.195366,36.725925],[-108.195369,36.725835],[-108.195145,36.72583],[-108.195148,36.72574],[-108.194925,36.725735],[-108.194928,36.725645],[-108.193361,36.725608],[-108.193358,36.725698],[-108.193134,36.725692],[-108.193131,36.725783],[-108.192907,36.725777],[-108.192904,36.725867],[-108.19268,36.725862],[-108.192677,36.725952],[-108.192453,36.725947],[-108.19245,36.726037],[-108.192338,36.726034],[-108.192318,36.726575],[-108.192542,36.72658]]]}},{"type":"Feature","properties":{"class":"extent","min_prob":0.5},"geometry":{"type":"Polygon","coordinates":[[[-108.234989,36.726673],[-108.234992,36.726583],[-108.23488,36.72658],[-108.234877,36.72667],[-108.234989,36.726673]]]}},{"type":"Feature","properties":{"class":"extent","min_prob":0.5},"geometry":{"type":"Polygon","coordinates":[[[-108.294066,36.728482],[-108.294069,36.728392],[-108.294181,36.728395],[-108.294184,36.728305],[-108.294408,36.72831],[-108.294411,36.72822],[-108.294523,36.728222],[-108.294526,36.728132],[-108.29475,36.728137],[-108.294753,36.728047],[-108.294865,36.72805],[-108.294872,36.72787],[-108.29476,36.727867],[-108.294757,36.727957],[-108.294421,36.72795],[-108.294415,36.72813],[-108.294303,36.728127],[-108.294306,36.728037],[-108.294194,36.728035],[-108.294187,36.728215],[-108.294076,36.728212],[-108.294072,36.728302],[-108.293849,36.728297],[-108.293845,36.728387],[-108.293957,36.72839],[-108.293954,36.72848],[-108.294066,36.728482]]]}},{"type":"Feature","properties":{"class":"extent","min_prob":0.5},"geometry":{"type":"Polygon","coordinates":[[[-108.2407,36.726715],[-108.240703,36.726625],[-108.240591,36.726623],[-108.240588,36.726713],[-108.2407,36.726715]]]}},{"type":"Feature","properties":{"class":"extent","min_prob":0.5},"geometry":{"type":"Polygon","coordinates":[[[-108.230832,36.727027],[-108.230835,36.726937],[-108.231619,36.726955],[-108.231622,36.726865],[-108.23207,36.726875],[-108.232073,36.726785],[-108.233192,36.726811],[-108.233195,36.726721],[-108.233755,36.726734],[-108.233752,36.726824],[-108.233863,36.726827],[-108.23386,36.726917],[-108.233972,36.72692],[-108.233969,36.72701],[-108.234081,36.727012],[-108.234087,36.726832],[-108.234199,36.726835],[-108.234202,36.726745],[-108.234314,36.726747],[-108.234318,36.726657],[-108.23443,36.72666],[-108.234426,36.72675],[-108.23465,36.726755],[-108.234653,36.726665],[-108.234765,36.726668],[-108.234769,36.726578],[-108.23488,36.72658],[-108.234887,36.7264],[-108.234775,36.726397],[-108.234772,36.726488],[-108.233653,36.726461],[-108.233649,36.726552],[-108.233426,36.726546],[-108.233422,36.726636],[-108.232975,36.726626],[-108.232971,36.726716],[-108.231964,36.726693],[-108.231961,36.726783],[-108.231849,36.72678],[-108.231852,36.72669],[-108.231517,36.726682],[-108.231513,36.726772],[-108.23017,36.726741],[-108.230167,36.726831],[-108.229943,36.726826],[-108.22994,36.726916],[-108.230052,36.726919],[-108.230049,36.727009],[-108.230832,36.727027]]]}},{"type":"Feature","properties":{"class":"extent","min_prob":0.5},"geometry":{"type":"Polygon","coordinates":[[[-108.293302,36.727924],[-108.293305,36.727834],[-108.293641,36.727842],[-108.293644,36.727752],[-108.293196,36.727741],[-108.29319,36.727922],[-108.293302,36.727924]]]}},{"type":"Feature","properties":{"class":"extent","min_prob":0.5},"geometry":{"type":"Polygon","coordinates":[[[-108.240591,36.726623],[-108.240595,36.726533],[-108.240483,36.72653],[-108.240479,36.72662],[-108.240591,36.726623]]]}},{"type":"Feature","properties":{"class":"extent","min_prob":0.5},"geometry":{"type":"Polygon","coordinates":[[[-108.251641,36.730846],[-108.251651,36.730575],[-108.251763,36.730578],[-108.25176,36.730668],[-108.251984,36.730673],[-108.251987,36.730583],[-108.252099,36.730586],[-108.252102,36.730496],[-108.25199,36.730493],[-108.251993,36.730403],[-108.252105,36.730406],[-108.252112,36.730225],[-108.252,36.730223],[-108.252003,36.730133],[-108.252115,36.730135],[-108.252134,36.729595],[-108.252246,36.729597],[-108.252243,36.729687],[-108.252355,36.72969],[-108.252364,36.72942],[-108.252252,36.729417],[-108.252256,36.729327],[-108.252368,36.72933],[-108.252374,36.72915],[-108.252486,36.729152],[-108.252489,36.729062],[-108.252601,36.729065],[-108.252608,36.728884],[-108.252719,36.728887],[-108.252723,36.728797],[-108.252835,36.7288],[-108.252838,36.728709],[-108.25295,36.728712],[-108.252956,36.728532],[-108.252508,36.728521],[-108.252515,36.728341],[-108.252627,36.728344],[-108.25263,36.728254],[-108.252854,36.728259],[-108.252867,36.727899],[-108.252755,36.727896],[-108.252758,36.727806],[-108.252646,36.727803],[-108.252649,36.727713],[-108.252537,36.727711],[-108.252541,36.727621],[-108.252429,36.727618],[-108.252432,36.727528],[-108.25232,36.727525],[-108.252323,36.727435],[-108.252211,36.727433],[-108.252214,36.727343],[-108.252103,36.72734],[-108.252106,36.72725],[-108.251994,36.727247],[-108.252,36.727067],[-108.251888,36.727065],[-108.251895,36.726884],[-108.251783,36.726882],[-108.251786,36.726792],[-108.251674,36.726789],[-108.251677,36.726699],[-108.251565,36.726696],[-108.251562,36.726787],[-108.25145,36.726784],[-108.251421,36.727595],[-108.251533,36.727597],[-108.251517,36.728048],[-108.251629,36.72805],[-108.25162,36.728321],[-108.251731,36.728323],[-108.251728,36.728413],[-108.25184,36.728416],[-108.251837,36.728506],[-108.251949,36.728509],[-108.251958,36.728238],[-108.25207,36.728241],[-108.252058,36.728601],[-108.251946,36.728599],[-108.251904,36.72977],[-108.251792,36.729767],[-108.251779,36.730128],[-108.251667,36.730125],[-108.251654,36.730485],[-108.251542,36.730483],[-108.25153,36.730843],[-108.251641,36.730846]],[[-108.251878,36.730491],[-108.251766,36.730488],[-108.251769,36.730398],[-108.251881,36.7304],[-108.251878,36.730491]],[[-108.251885,36.73031],[-108.251773,36.730308],[-108.251776,36.730218],[-108.251888,36.73022],[-108.251885,36.73031]]]}},{"type":"Feature","properties":{"class":"extent","min_prob":0.5},"geometry":{"type":"Polygon","coordinates":[[[-108.324037,36.729882],[-108.324071,36.728891],[-108.324183,36.728893],[-108.324199,36.728443],[-108.324087,36.72844],[-108.32409,36.72835],[-108.323978,36.728348],[-108.323925,36.729879],[-108.324037,36.729882]]]}},{"type":"Feature","properties":{"class":"extent","min_prob":0.5},"geometry":{"type":"Polygon","coordinates":[[[-108.227942,36.726419],[-108.227948,36.726239],[-108.227836,36.726236],[-108.22784,36.726146],[-108.227728,36.726143],[-108.227724,36.726233],[-108.227501,36.726228],[-108.227497,36.726318],[-108.227385,36.726316],[-108.227382,36.726406],[-108.227718,36.726413],[-108.227721,36.726323],[-108.227833,36.726326],[-108.22783,36.726416],[-108.227942,36.726419]]]}},{"type":"Feature","properties":{"class":"extent","min_prob":0.5},"geometry":{"type":"Polygon","coordinates":[[[-108.292077,36.727716],[-108.29208,36.727626],[-108.291968,36.727623],[-108.291965,36.727713],[-108.292077,36.727716]]]}},{"type":"Feature","properties":{"class":"extent","min_prob":0.5},"geometry":{"type":"Polygon","coordinates":[[[-108.266,36.727119],[-108.266006,36.726939],[-108.265894,36.726937],[-108.265888,36.727117],[-108.266,36.727119]]]}},{"type":"Feature","properties":{"class":"extent","min_prob":0.5},"geometry":{"type":"Polygon","coordinates":[[[-108.293983,36.727669],[-108.293986,36.727579],[-108.293762,36.727574],[-108.293759,36.727664],[-108.293983,36.727669]]]}},{"type":"Feature","properties":{"class":"extent","min_prob":0.5},"geometry":{"type":"Polygon","coordinates":[[[-108.26757,36.727065],[-108.267573,36.726975],[-108.267461,36.726973],[-108.267458,36.727063],[-108.26757,36.727065]]]}},{"type":"Feature","properties":{"class":"extent","min_prob":0.5},"geometry":{"type":"Polygon","coordinates":[[[-108.265555,36.727019],[-108.265558,36.726929],[-108.265446,36.726926],[-108.265443,36.727016],[-108.265555,36.727019]]]}},{"type":"Feature","properties":{"class":"extent","min_prob":0.5},"geometry":{"type":"Polygon","coordinates":[[[-108.295777,36.72762],[-108.29578,36.72753],[-108.295668,36.727527],[-108.295665,36.727617],[-108.295777,36.72762]]]}},{"type":"Feature","properties":{"class":"extent","min_prob":0.5},"geometry":{"type":"Polygon","coordinates":[[[-108.293202,36.727561],[-108.293206,36.727471],[-108.293094,36.727469],[-108.29309,36.727559],[-108.293202,36.727561]]]}},{"type":"Feature","properties":{"class":"extent","min_prob":0.5},"geometry":{"type":"Polygon","coordinates":[[[-108.265782,36.726934],[-108.265785,36.726844],[-108.265673,36.726841],[-108.26567,36.726931],[-108.265782,36.726934]]]}},{"type":"Feature","properties":{"class":"extent","min_prob":0.5},"geometry":{"type":"Polygon","coordinates":[[[-108.231872,36.72615],[-108.231875,36.726059],[-108.231763,36.726057],[-108.23176,36.726147],[-108.231872,36.72615]]]}},{"type":"Feature","properties":{"class":"extent","min_prob":0.5},"geometry":{"type":"Polygon","coordinates":[[[-108.197179,36.725337],[-108.197183,36.725247],[-108.196959,36.725242],[-108.196955,36.725332],[-108.197179,36.725337]]]}},{"type":"Feature","properties":{"class":"extent","min_prob":0.5},"geometry":{"type":"Polygon","coordinates":[[[-108.192798,36.725685],[-108.192802,36.725594],[-108.193025,36.7256],[-108.193029,36.72551],[-108.193253,36.725515],[-108.193256,36.725425],[-108.193704,36.725435],[-108.193707,36.725345],[-108.193819,36.725348],[-108.193822,36.725258],[-108.193934,36.725261],[-108.193937,36.72517],[-108.193601,36.725163],[-108.193598,36.725253],[-108.193039,36.725239],[-108.193035,36.725329],[-108.1927,36.725322],[-108.192696,36.725412],[-108.192473,36.725406],[-108.192469,36.725496],[-108.192357,36.725494],[-108.192351,36.725674],[-108.192798,36.725685]]]}},{"type":"Feature","properties":{"class":"extent","min_prob":0.5},"geometry":{"type":"Polygon","coordinates":[[[-108.240367,36.726617],[-108.240371,36.726527],[-108.240259,36.726525],[-108.240262,36.726435],[-108.24015,36.726432],[-108.240153,36.726342],[-108.239929,36.726337],[-108.239933,36.726247],[-108.239821,36.726244],[-108.239824,36.726154],[-108.239712,36.726151],[-108.239709,36.726242],[-108.239597,36.726239],[-108.239591,36.726419],[-108.239926,36.726427],[-108.239923,36.726517],[-108.240147,36.726522],[-108.240144,36.726612],[-108.240367,36.726617]]]}},{"type":"Feature","properties":{"class":"extent","min_prob":0.5},"geometry":{"type":"Polygon","coordinates":[[[-108.294322,36.727587],[-108.294325,36.727497],[-108.294101,36.727491],[-108.294104,36.727401],[-108.293992,36.727399],[-108.293986,36.727579],[-108.294322,36.727587]]]}},{"type":"Feature","properties":{"class":"extent","min_prob":0.5},"geometry":{"type":"Polygon","coordinates":[[[-108.225463,36.726812],[-108.22547,36.726632],[-108.225358,36.726629],[-108.225377,36.726088],[-108.225266,36.726086],[-108.225269,36.725996],[-108.225381,36.725998],[-108.225387,36.725818],[-108.225163,36.725813],[-108.225154,36.726083],[-108.225042,36.726081],[-108.225035,36.726261],[-108.224923,36.726258],[-108.224917,36.726438],[-108.224805,36.726436],[-108.224802,36.726526],[-108.224914,36.726528],[-108.22491,36.726618],[-108.225134,36.726624],[-108.225131,36.726714],[-108.225355,36.726719],[-108.225352,36.726809],[-108.225463,36.726812]]]}},{"type":"Feature","properties":{"class":"extent","min_prob":0.5},"geometry":{"type":"Polygon","coordinates":[[[-108.232323,36.72607],[-108.232326,36.72598],[-108.232214,36.725977],[-108.232211,36.726067],[-108.232323,36.72607]]]}},{"type":"Feature","properties":{"class":"extent","min_prob":0.5},"geometry":{"type":"Polygon","coordinates":[[[-108.229749,36.72601],[-108.229752,36.72592],[-108.22964,36.725917],[-108.229637,36.726007],[-108.229749,36.72601]]]}},{"type":"Feature","properties":{"class":"extent","min_prob":0.5},"geometry":{"type":"Polygon","coordinates":[[[-108.229525,36.726005],[-108.229528,36.725915],[-108.229416,36.725912],[-108.229413,36.726002],[-108.229525,36.726005]]]}},{"type":"Feature","properties":{"class":"extent","min_prob":0.5},"geometry":{"type":"Polygon","coordinates":[[[-108.244189,36.726255],[-108.244192,36.726165],[-108.24408,36.726163],[-108.244077,36.726253],[-108.244189,36.726255]]]}},{"type":"Feature","properties":{"class":"extent","min_prob":0.5},"geometry":{"type":"Polygon","coordinates":[[[-108.294779,36.727327],[-108.294782,36.727236],[-108.294558,36.727231],[-108.294555,36.727321],[-108.294779,36.727327]]]}},{"type":"Feature","properties":{"class":"extent","min_prob":0.5},"geometry":{"type":"Polygon","coordinates":[[[-108.290862,36.727237],[-108.290865,36.727147],[-108.290753,36.727145],[-108.29075,36.727235],[-108.290862,36.727237]]]}},{"type":"Feature","properties":{"class":"extent","min_prob":0.5},"geometry":{"type":"Polygon","coordinates":[[[-108.258965,36.726507],[-108.258968,36.726416],[-108.258744,36.726411],[-108.258741,36.726501],[-108.258965,36.726507]]]}},{"type":"Feature","properties":{"class":"extent","min_prob":0.5},"geometry":{"type":"Polygon","coordinates":[[[-108.232553,36.725895],[-108.232556,36.725805],[-108.232444,36.725802],[-108.232441,36.725892],[-108.232553,36.725895]]]}},{"type":"Feature","properties":{"class":"extent","min_prob":0.5},"geometry":{"type":"Polygon","coordinates":[[[-108.229643,36.725827],[-108.229646,36.725737],[-108.229534,36.725735],[-108.229531,36.725825],[-108.229643,36.725827]]]}},{"type":"Feature","properties":{"class":"extent","min_prob":0.5},"geometry":{"type":"Polygon","coordinates":[[[-108.294894,36.727239],[-108.294897,36.727149],[-108.294785,36.727146],[-108.294782,36.727236],[-108.294894,36.727239]]]}},{"type":"Feature","properties":{"class":"extent","min_prob":0.5},"geometry":{"type":"Polygon","coordinates":[[[-108.237536,36.730609],[-108.237539,36.730519],[-108.237651,36.730522],[-108.237655,36.730431],[-108.237878,36.730437],[-108.237875,36.730527],[-108.237987,36.730529],[-108.23799,36.730439],[-108.238326,36.730447],[-108.238323,36.730537],[-108.238435,36.73054],[-108.238441,36.73036],[-108.237434,36.730336],[-108.237444,36.730066],[-108.237332,36.730063],[-108.237335,36.729973],[-108.237447,36.729976],[-108.237453,36.729796],[-108.237565,36.729798],[-108.237572,36.729618],[-108.237684,36.729621],[-108.237687,36.729531],[-108.237799,36.729533],[-108.237802,36.729443],[-108.237914,36.729446],[-108.23792,36.729266],[-108.238032,36.729268],[-108.238036,36.729178],[-108.238147,36.729181],[-108.238151,36.729091],[-108.237927,36.729085],[-108.237937,36.728815],[-108.238496,36.728828],[-108.23847,36.729549],[-108.238582,36.729551],[-108.238585,36.729461],[-108.238697,36.729464],[-108.238726,36.728653],[-108.238838,36.728656],[-108.238842,36.728566],[-108.23873,36.728563],[-108.238739,36.728293],[-108.238851,36.728295],[-108.238854,36.728205],[-108.238966,36.728208],[-108.238973,36.728028],[-108.239085,36.72803],[-108.239088,36.72794],[-108.2392,36.727943],[-108.239203,36.727853],[-108.239539,36.727861],[-108.239542,36.72777],[-108.239766,36.727776],[-108.239769,36.727686],[-108.239881,36.727688],[-108.239884,36.727598],[-108.239996,36.727601],[-108.239999,36.727511],[-108.240335,36.727518],[-108.240345,36.727248],[-108.240457,36.727251],[-108.24046,36.727161],[-108.240124,36.727153],[-108.240121,36.727243],[-108.239897,36.727238],[-108.239894,36.727328],[-108.239782,36.727325],[-108.239779,36.727415],[-108.239555,36.72741],[-108.239552,36.7275],[-108.239328,36.727495],[-108.239325,36.727585],[-108.238989,36.727577],[-108.238986,36.727667],[-108.238874,36.727665],[-108.238877,36.727575],[-108.238765,36.727572],[-108.238768,36.727482],[-108.238545,36.727477],[-108.238538,36.727657],[-108.238426,36.727654],[-108.238416,36.727925],[-108.238305,36.727922],[-108.238301,36.728012],[-108.238189,36.72801],[-108.238183,36.72819],[-108.238071,36.728187],[-108.238068,36.728277],[-108.237956,36.728275],[-108.237953,36.728365],[-108.237841,36.728362],[-108.237838,36.728452],[-108.237949,36.728455],[-108.237946,36.728545],[-108.23761,36.728537],[-108.23762,36.728267],[-108.237508,36.728264],[-108.237521,36.727904],[-108.237409,36.727901],[-108.237419,36.727631],[-108.237307,36.727628],[-108.23731,36.727538],[-108.237422,36.727541],[-108.237432,36.727271],[-108.237544,36.727273],[-108.237541,36.727363],[-108.237652,36.727366],[-108.237656,36.727276],[-108.23788,36.727281],[-108.237883,36.727191],[-108.237771,36.727188],[-108.237774,36.727098],[-108.237438,36.72709],[-108.237442,36.727],[-108.237553,36.727003],[-108.237557,36.726913],[-108.237669,36.726915],[-108.237672,36.726825],[-108.237896,36.726831],[-108.237899,36.726741],[-108.238235,36.726748],[-108.238238,36.726658],[-108.238462,36.726663],[-108.238465,36.726573],[-108.238689,36.726579],[-108.238692,36.726488],[-108.238804,36.726491],[-108.238807,36.726401],[-108.239031,36.726406],[-108.239034,36.726316],[-108.239258,36.726321],[-108.239261,36.726231],[-108.239149,36.726229],[-108.239153,36.726138],[-108.239041,36.726136],[-108.239044,36.726046],[-108.238932,36.726043],[-108.238935,36.725953],[-108.238599,36.725945],[-108.238603,36.725855],[-108.238491,36.725853],[-108.238494,36.725763],[-108.238382,36.72576],[-108.238379,36.72585],[-108.238155,36.725845],[-108.238158,36.725755],[-108.237599,36.725742],[-108.237595,36.725832],[-108.237484,36.725829],[-108.237487,36.725739],[-108.236144,36.725708],[-108.236141,36.725798],[-108.235805,36.72579],[-108.235802,36.72588],[-108.235354,36.72587],[-108.235351,36.72596],[-108.234903,36.72595],[-108.234887,36.7264],[-108.234999,36.726403],[-108.234992,36.726583],[-108.235328,36.726591],[-108.235322,36.726771],[-108.235434,36.726773],[-108.235417,36.727224],[-108.235529,36.727226],[-108.235516,36.727587],[-108.236076,36.7276],[-108.236069,36.72778],[-108.236181,36.727783],[-108.236152,36.728593],[-108.236264,36.728596],[-108.236261,36.728686],[-108.236373,36.728689],[-108.23637,36.728779],[-108.236482,36.728781],[-108.236478,36.728871],[-108.236702,36.728877],[-108.236683,36.729417],[-108.236571,36.729415],[-108.236561,36.729685],[-108.236673,36.729687],[-108.23667,36.729777],[-108.236558,36.729775],[-108.236555,36.729865],[-108.236443,36.729862],[-108.236446,36.729772],[-108.23611,36.729764],[-108.236107,36.729855],[-108.236331,36.72986],[-108.236324,36.73004],[-108.236436,36.730043],[-108.236433,36.730133],[-108.236545,36.730135],[-108.236542,36.730225],[-108.236654,36.730228],[-108.236657,36.730138],[-108.236769,36.73014],[-108.236772,36.73005],[-108.236884,36.730053],[-108.236887,36.729963],[-108.236999,36.729965],[-108.236996,36.730056],[-108.23722,36.730061],[-108.237204,36.730511],[-108.237316,36.730514],[-108.237312,36.730604],[-108.237536,36.730609]]]}},{"type":"Feature","properties":{"class":"extent","min_prob":0.5},"geometry":{"type":"Polygon","coordinates":[[[-108.2312,36.726134],[-108.231203,36.726044],[-108.231315,36.726046],[-108.231319,36.725956],[-108.231207,36.725954],[-108.23121,36.725864],[-108.231434,36.725869],[-108.23143,36.725959],[-108.231542,36.725962],[-108.231539,36.726052],[-108.231763,36.726057],[-108.231766,36.725967],[-108.231654,36.725964],[-108.231658,36.725874],[-108.231881,36.725879],[-108.231891,36.725609],[-108.231779,36.725606],[-108.231776,36.725697],[-108.231552,36.725691],[-108.231555,36.725601],[-108.231332,36.725596],[-108.231328,36.725686],[-108.231104,36.725681],[-108.231108,36.725591],[-108.230772,36.725583],[-108.230765,36.725763],[-108.230542,36.725758],[-108.230538,36.725848],[-108.230427,36.725845],[-108.23043,36.725755],[-108.230206,36.72575],[-108.230212,36.72557],[-108.2301,36.725567],[-108.230097,36.725657],[-108.229762,36.72565],[-108.229755,36.72583],[-108.229867,36.725832],[-108.229864,36.725922],[-108.230199,36.72593],[-108.230193,36.72611],[-108.2312,36.726134]]]}},{"type":"Feature","properties":{"class":"extent","min_prob":0.5},"geometry":{"type":"Polygon","coordinates":[[[-108.279791,36.726714],[-108.279794,36.726624],[-108.279682,36.726622],[-108.279679,36.726712],[-108.279791,36.726714]]]}},{"type":"Feature","properties":{"class":"extent","min_prob":0.5},"geometry":{"type":"Polygon","coordinates":[[[-108.270502,36.726501],[-108.270505,36.726411],[-108.270393,36.726409],[-108.27039,36.726499],[-108.270502,36.726501]]]}},{"type":"Feature","properties":{"class":"extent","min_prob":0.5},"geometry":{"type":"Polygon","coordinates":[[[-108.268935,36.726465],[-108.268938,36.726375],[-108.268714,36.72637],[-108.268711,36.72646],[-108.268935,36.726465]]]}},{"type":"Feature","properties":{"class":"extent","min_prob":0.5},"geometry":{"type":"Polygon","coordinates":[[[-108.232563,36.725625],[-108.232566,36.725535],[-108.232454,36.725532],[-108.232451,36.725622],[-108.232563,36.725625]]]}},{"type":"Feature","properties":{"class":"extent","min_prob":0.5},"geometry":{"type":"Polygon","coordinates":[[[-108.229989,36.725565],[-108.229995,36.725385],[-108.229883,36.725382],[-108.229877,36.725562],[-108.229989,36.725565]]]}},{"type":"Feature","properties":{"class":"extent","min_prob":0.5},"geometry":{"type":"Polygon","coordinates":[[[-108.231559,36.725511],[-108.231562,36.725421],[-108.23145,36.725418],[-108.231447,36.725509],[-108.231559,36.725511]]]}},{"type":"Feature","properties":{"class":"extent","min_prob":0.5},"geometry":{"type":"Polygon","coordinates":[[[-108.279906,36.726627],[-108.279912,36.726447],[-108.279801,36.726444],[-108.279794,36.726624],[-108.279906,36.726627]]]}},{"type":"Feature","properties":{"class":"extent","min_prob":0.5},"geometry":{"type":"Polygon","coordinates":[[[-108.269725,36.726303],[-108.269728,36.726213],[-108.269616,36.726211],[-108.269613,36.726301],[-108.269725,36.726303]]]}},{"type":"Feature","properties":{"class":"extent","min_prob":0.5},"geometry":{"type":"Polygon","coordinates":[[[-108.230331,36.725392],[-108.230334,36.725302],[-108.230222,36.7253],[-108.230219,36.72539],[-108.230331,36.725392]]]}},{"type":"Feature","properties":{"class":"extent","min_prob":0.5},"geometry":{"type":"Polygon","coordinates":[[[-108.250031,36.725759],[-108.250034,36.725669],[-108.24981,36.725664],[-108.249807,36.725754],[-108.250031,36.725759]]]}},{"type":"Feature","properties":{"class":"extent","min_prob":0.5},"geometry":{"type":"Polygon","coordinates":[[[-108.230222,36.7253],[-108.230225,36.72521],[-108.230113,36.725207],[-108.23011,36.725297],[-108.230222,36.7253]]]}},{"type":"Feature","properties":{"class":"extent","min_prob":0.5},"geometry":{"type":"Polygon","coordinates":[[[-108.280251,36.726364],[-108.280255,36.726274],[-108.280143,36.726271],[-108.280139,36.726362],[-108.280251,36.726364]]]}},{"type":"Feature","properties":{"class":"extent","min_prob":0.5},"geometry":{"type":"Polygon","coordinates":[[[-108.269395,36.726115],[-108.269399,36.726025],[-108.269287,36.726023],[-108.269283,36.726113],[-108.269395,36.726115]]]}},{"type":"Feature","properties":{"class":"extent","min_prob":0.5},"geometry":{"type":"Polygon","coordinates":[[[-108.292562,36.726645],[-108.292569,36.726465],[-108.292457,36.726462],[-108.292451,36.726642],[-108.292562,36.726645]]]}},{"type":"Feature","properties":{"class":"extent","min_prob":0.5},"geometry":{"type":"Polygon","coordinates":[[[-108.276555,36.72637],[-108.276558,36.72628],[-108.27667,36.726282],[-108.276673,36.726192],[-108.276561,36.72619],[-108.276564,36.726099],[-108.276453,36.726097],[-108.276443,36.726367],[-108.276555,36.72637]]]}},{"type":"Feature","properties":{"class":"extent","min_prob":0.5},"geometry":{"type":"Polygon","coordinates":[[[-108.242622,36.726219],[-108.242625,36.726129],[-108.242737,36.726131],[-108.24274,36.726041],[-108.242964,36.726047],[-108.242967,36.725956],[-108.243191,36.725962],[-108.243194,36.725872],[-108.243642,36.725882],[-108.243645,36.725792],[-108.243869,36.725797],[-108.243872,36.725707],[-108.243984,36.72571],[-108.243987,36.725619],[-108.244323,36.725627],[-108.244326,36.725537],[-108.24455,36.725542],[-108.244557,36.725362],[-108.244333,36.725357],[-108.24433,36.725447],[-108.24377,36.725434],[-108.243767,36.725524],[-108.243543,36.725519],[-108.24354,36.725609],[-108.243092,36.725599],[-108.243089,36.725689],[-108.242977,36.725686],[-108.242974,36.725776],[-108.24275,36.725771],[-108.242747,36.725861],[-108.242523,36.725856],[-108.24252,36.725946],[-108.242296,36.725941],[-108.242293,36.726031],[-108.242181,36.726028],[-108.242184,36.725938],[-108.241177,36.725915],[-108.241173,36.726005],[-108.241285,36.726008],[-108.241282,36.726098],[-108.241394,36.7261],[-108.241391,36.72619],[-108.242622,36.726219]]]}},{"type":"Feature","properties":{"class":"extent","min_prob":0.5},"geometry":{"type":"Polygon","coordinates":[[[-108.293567,36.726758],[-108.293573,36.726578],[-108.293461,36.726575],[-108.293464,36.726485],[-108.29324,36.72648],[-108.293243,36.72639],[-108.292908,36.726382],[-108.292905,36.726472],[-108.292793,36.72647],[-108.292789,36.72656],[-108.293349,36.726573],[-108.293346,36.726663],[-108.293458,36.726665],[-108.293455,36.726755],[-108.293567,36.726758]]]}},{"type":"Feature","properties":{"class":"extent","min_prob":0.5},"geometry":{"type":"Polygon","coordinates":[[[-108.267713,36.726167],[-108.267726,36.725807],[-108.267614,36.725804],[-108.267602,36.726164],[-108.267713,36.726167]]]}},{"type":"Feature","properties":{"class":"extent","min_prob":0.5},"geometry":{"type":"Polygon","coordinates":[[[-108.294248,36.726503],[-108.294251,36.726413],[-108.294139,36.72641],[-108.294136,36.7265],[-108.294248,36.726503]]]}},{"type":"Feature","properties":{"class":"extent","min_prob":0.5},"geometry":{"type":"Polygon","coordinates":[[[-108.293797,36.726583],[-108.2938,36.726493],[-108.293912,36.726495],[-108.293915,36.726405],[-108.293579,36.726398],[-108.293576,36.726488],[-108.293688,36.72649],[-108.293685,36.72658],[-108.293797,36.726583]]]}},{"type":"Feature","properties":{"class":"extent","min_prob":0.5},"geometry":{"type":"Polygon","coordinates":[[[-108.26929,36.725933],[-108.269293,36.725843],[-108.269181,36.72584],[-108.269178,36.72593],[-108.26929,36.725933]]]}},{"type":"Feature","properties":{"class":"extent","min_prob":0.5},"geometry":{"type":"Polygon","coordinates":[[[-108.236499,36.725175],[-108.236502,36.725085],[-108.23639,36.725083],[-108.236387,36.725173],[-108.236499,36.725175]]]}},{"type":"Feature","properties":{"class":"extent","min_prob":0.5},"geometry":{"type":"Polygon","coordinates":[[[-108.251825,36.725711],[-108.251828,36.725621],[-108.25194,36.725623],[-108.251949,36.725353],[-108.251837,36.72535],[-108.251831,36.72553],[-108.251719,36.725528],[-108.251713,36.725708],[-108.251825,36.725711]]]}},{"type":"Feature","properties":{"class":"extent","min_prob":0.5},"geometry":{"type":"Polygon","coordinates":[[[-108.302621,36.73048],[-108.302624,36.73039],[-108.303408,36.730408],[-108.303414,36.730228],[-108.302183,36.7302],[-108.30218,36.73029],[-108.302068,36.730287],[-108.302071,36.730197],[-108.301735,36.730189],[-108.301738,36.730099],[-108.301514,36.730094],[-108.301518,36.730004],[-108.301406,36.730002],[-108.301409,36.729912],[-108.301297,36.729909],[-108.301294,36.729999],[-108.30107,36.729994],[-108.301067,36.730084],[-108.300955,36.730082],[-108.300958,36.729992],[-108.300846,36.729989],[-108.300849,36.729899],[-108.300737,36.729896],[-108.300744,36.729716],[-108.300632,36.729714],[-108.300635,36.729624],[-108.300523,36.729621],[-108.30052,36.729711],[-108.300408,36.729709],[-108.300405,36.729799],[-108.300293,36.729796],[-108.30029,36.729886],[-108.299842,36.729876],[-108.299839,36.729966],[-108.299727,36.729964],[-108.299724,36.730054],[-108.299276,36.730043],[-108.299273,36.730134],[-108.299161,36.730131],[-108.299158,36.730221],[-108.299046,36.730219],[-108.299049,36.730129],[-108.298377,36.730113],[-108.298381,36.730023],[-108.298269,36.730021],[-108.298265,36.730111],[-108.298154,36.730108],[-108.298157,36.730018],[-108.297933,36.730013],[-108.29793,36.730103],[-108.297594,36.730095],[-108.297597,36.730005],[-108.297149,36.729995],[-108.297146,36.730085],[-108.297034,36.730083],[-108.297044,36.729812],[-108.297156,36.729815],[-108.297165,36.729545],[-108.297277,36.729547],[-108.297293,36.729097],[-108.297405,36.729099],[-108.297414,36.728829],[-108.297302,36.728827],[-108.297315,36.728466],[-108.297203,36.728464],[-108.297257,36.726932],[-108.297145,36.72693],[-108.297164,36.726389],[-108.297276,36.726392],[-108.297279,36.726301],[-108.296943,36.726294],[-108.29694,36.726384],[-108.296828,36.726381],[-108.296822,36.726562],[-108.296934,36.726564],[-108.296931,36.726654],[-108.296819,36.726652],[-108.296815,36.726742],[-108.29648,36.726734],[-108.296473,36.726914],[-108.29625,36.726909],[-108.296246,36.726999],[-108.296358,36.727002],[-108.296355,36.727092],[-108.295907,36.727082],[-108.295898,36.727352],[-108.295786,36.727349],[-108.29578,36.72753],[-108.296115,36.727537],[-108.296119,36.727447],[-108.296231,36.72745],[-108.296234,36.72736],[-108.296346,36.727362],[-108.296349,36.727272],[-108.296461,36.727275],[-108.296467,36.727094],[-108.296579,36.727097],[-108.296582,36.727007],[-108.296694,36.727009],[-108.296697,36.726919],[-108.296809,36.726922],[-108.296705,36.729895],[-108.296817,36.729897],[-108.296807,36.730168],[-108.296695,36.730165],[-108.296692,36.730255],[-108.29658,36.730253],[-108.296577,36.730343],[-108.296913,36.73035],[-108.296916,36.73026],[-108.297028,36.730263],[-108.297031,36.730173],[-108.297143,36.730175],[-108.29714,36.730265],[-108.298595,36.730299],[-108.298592,36.730389],[-108.298816,36.730394],[-108.298819,36.730304],[-108.299043,36.730309],[-108.299039,36.730399],[-108.299935,36.730419],[-108.299938,36.730329],[-108.300162,36.730334],[-108.300159,36.730424],[-108.300271,36.730427],[-108.300274,36.730337],[-108.300498,36.730342],[-108.300494,36.730432],[-108.30139,36.730452],[-108.301393,36.730362],[-108.302512,36.730387],[-108.302509,36.730478],[-108.302621,36.73048]],[[-108.301393,36.730362],[-108.301281,36.73036],[-108.301284,36.730269],[-108.301396,36.730272],[-108.301393,36.730362]]]}},{"type":"Feature","properties":{"class":"extent","min_prob":0.5},"geometry":{"type":"Polygon","coordinates":[[[-108.229567,36.724834],[-108.22957,36.724744],[-108.229458,36.724741],[-108.229455,36.724831],[-108.229567,36.724834]]]}},{"type":"Feature","properties":{"class":"extent","min_prob":0.5},"geometry":{"type":"Polygon","coordinates":[[[-108.224643,36.724719],[-108.224646,36.724629],[-108.224534,36.724626],[-108.224531,36.724716],[-108.224643,36.724719]]]}},{"type":"Feature","properties":{"class":"extent","min_prob":0.5},"geometry":{"type":"Polygon","coordinates":[[[-108.239639,36.725068],[-108.239645,36.724888],[-108.239533,36.724885],[-108.239527,36.725065],[-108.239639,36.725068]]]}},{"type":"Feature","properties":{"class":"extent","min_prob":0.5},"geometry":{"type":"Polygon","coordinates":[[[-108.232032,36.724801],[-108.232039,36.724621],[-108.231927,36.724618],[-108.23192,36.724798],[-108.232032,36.724801]]]}},{"type":"Feature","properties":{"class":"extent","min_prob":0.5},"geometry":{"type":"Polygon","coordinates":[[[-108.295044,36.72616],[-108.295047,36.72607],[-108.294935,36.726068],[-108.294932,36.726158],[-108.295044,36.72616]]]}},{"type":"Feature","properties":{"class":"extent","min_prob":0.5},"geometry":{"type":"Polygon","coordinates":[[[-108.239533,36.724885],[-108.239537,36.724795],[-108.239425,36.724792],[-108.239422,36.724882],[-108.239533,36.724885]]]}},{"type":"Feature","properties":{"class":"extent","min_prob":0.5},"geometry":{"type":"Polygon","coordinates":[[[-108.229573,36.724653],[-108.229577,36.724563],[-108.229465,36.724561],[-108.229461,36.724651],[-108.229573,36.724653]]]}},{"type":"Feature","properties":{"class":"extent","min_prob":0.5},"geometry":{"type":"Polygon","coordinates":[[[-108.249516,36.727641],[-108.249528,36.727281],[-108.249417,36.727278],[-108.249426,36.727008],[-108.249538,36.72701],[-108.249545,36.72683],[-108.249656,36.726833],[-108.249673,36.726382],[-108.249337,36.726374],[-108.249343,36.726194],[-108.249231,36.726192],[-108.249235,36.726102],[-108.249123,36.726099],[-108.249126,36.726009],[-108.249238,36.726012],[-108.249241,36.725921],[-108.249689,36.725932],[-108.249698,36.725662],[-108.24981,36.725664],[-108.249813,36.725574],[-108.24959,36.725569],[-108.249593,36.725479],[-108.249481,36.725476],[-108.249484,36.725386],[-108.249036,36.725376],[-108.249043,36.725196],[-108.248931,36.725193],[-108.248934,36.725103],[-108.248263,36.725087],[-108.248266,36.724997],[-108.248154,36.724995],[-108.248157,36.724905],[-108.248045,36.724902],[-108.248042,36.724992],[-108.24793,36.724989],[-108.247933,36.724899],[-108.247262,36.724884],[-108.247259,36.724974],[-108.247035,36.724969],[-108.247032,36.725059],[-108.246696,36.725051],[-108.246693,36.725141],[-108.246469,36.725136],[-108.246466,36.725226],[-108.246242,36.725221],[-108.246239,36.725311],[-108.245903,36.725303],[-108.2459,36.725393],[-108.245676,36.725388],[-108.245673,36.725478],[-108.245561,36.725476],[-108.245557,36.725566],[-108.245334,36.725561],[-108.24533,36.725651],[-108.245107,36.725645],[-108.245103,36.725735],[-108.244879,36.72573],[-108.244876,36.72582],[-108.244652,36.725815],[-108.244649,36.725905],[-108.244425,36.7259],[-108.244422,36.72599],[-108.24431,36.725988],[-108.244307,36.726078],[-108.244195,36.726075],[-108.244192,36.726165],[-108.244416,36.72617],[-108.244419,36.72608],[-108.245426,36.726104],[-108.245429,36.726014],[-108.24722,36.726055],[-108.247217,36.726145],[-108.247776,36.726158],[-108.247773,36.726248],[-108.247997,36.726253],[-108.247994,36.726343],[-108.24833,36.726351],[-108.248326,36.726441],[-108.248438,36.726444],[-108.248435,36.726534],[-108.248547,36.726537],[-108.248544,36.726627],[-108.248656,36.726629],[-108.248643,36.72699],[-108.248531,36.726987],[-108.248528,36.727077],[-108.248416,36.727074],[-108.248409,36.727255],[-108.248633,36.72726],[-108.24863,36.72735],[-108.248742,36.727352],[-108.248739,36.727443],[-108.248962,36.727448],[-108.248966,36.727358],[-108.249189,36.727363],[-108.249186,36.727453],[-108.249298,36.727456],[-108.249292,36.727636],[-108.249516,36.727641]],[[-108.248336,36.726171],[-108.248112,36.726166],[-108.248115,36.726076],[-108.248003,36.726073],[-108.248007,36.725983],[-108.247895,36.72598],[-108.247898,36.72589],[-108.24801,36.725893],[-108.248013,36.725803],[-108.247677,36.725795],[-108.247674,36.725885],[-108.247562,36.725883],[-108.247569,36.725702],[-108.247457,36.7257],[-108.247454,36.72579],[-108.247342,36.725787],[-108.247338,36.725877],[-108.247226,36.725875],[-108.24723,36.725785],[-108.247118,36.725782],[-108.247121,36.725692],[-108.247009,36.725689],[-108.247006,36.72578],[-108.246782,36.725774],[-108.246785,36.725684],[-108.246673,36.725682],[-108.246677,36.725592],[-108.247124,36.725602],[-108.247127,36.725512],[-108.247239,36.725514],[-108.247236,36.725605],[-108.247572,36.725612],[-108.247575,36.725522],[-108.247687,36.725525],[-108.24769,36.725435],[-108.248026,36.725443],[-108.248029,36.725352],[-108.248141,36.725355],[-108.248144,36.725265],[-108.248256,36.725268],[-108.248259,36.725177],[-108.248371,36.72518],[-108.248358,36.72554],[-108.248247,36.725538],[-108.24824,36.725718],[-108.248128,36.725715],[-108.248125,36.725805],[-108.248237,36.725808],[-108.248234,36.725898],[-108.248122,36.725896],[-108.248119,36.725986],[-108.248454,36.725993],[-108.248451,36.726083],[-108.248339,36.726081],[-108.248336,36.726171]]]}},{"type":"Feature","properties":{"class":"extent","min_prob":0.5},"geometry":{"type":"Polygon","coordinates":[[[-108.230242,36.724759],[-108.230251,36.724489],[-108.230139,36.724486],[-108.23013,36.724757],[-108.230242,36.724759]]]}},{"type":"Feature","properties":{"class":"extent","min_prob":0.5},"geometry":{"type":"Polygon","coordinates":[[[-108.297394,36.726214],[-108.2974,36.726034],[-108.297288,36.726031],[-108.297285,36.726121],[-108.297173,36.726119],[-108.29717,36.726209],[-108.297394,36.726214]]]}},{"type":"Feature","properties":{"class":"extent","min_prob":0.5},"geometry":{"type":"Polygon","coordinates":[[[-108.230024,36.724574],[-108.230027,36.724484],[-108.229916,36.724481],[-108.229912,36.724571],[-108.230024,36.724574]]]}},{"type":"Feature","properties":{"class":"extent","min_prob":0.5},"geometry":{"type":"Polygon","coordinates":[[[-108.2298,36.724569],[-108.229804,36.724479],[-108.22958,36.724473],[-108.229577,36.724563],[-108.2298,36.724569]]]}},{"type":"Feature","properties":{"class":"extent","min_prob":0.5},"geometry":{"type":"Polygon","coordinates":[[[-108.318547,36.726693],[-108.318556,36.726422],[-108.318221,36.726415],[-108.318218,36.726505],[-108.318106,36.726502],[-108.318109,36.726412],[-108.317997,36.72641],[-108.317994,36.7265],[-108.317658,36.726492],[-108.317655,36.726582],[-108.318438,36.7266],[-108.318435,36.72669],[-108.318547,36.726693]]]}},{"type":"Feature","properties":{"class":"extent","min_prob":0.5},"geometry":{"type":"Polygon","coordinates":[[[-108.315196,36.726437],[-108.315199,36.726347],[-108.315087,36.726344],[-108.315084,36.726434],[-108.315196,36.726437]]]}},{"type":"Feature","properties":{"class":"extent","min_prob":0.5},"geometry":{"type":"Polygon","coordinates":[[[-108.297512,36.726036],[-108.297515,36.725946],[-108.297403,36.725944],[-108.2974,36.726034],[-108.297512,36.726036]]]}},{"type":"Feature","properties":{"class":"extent","min_prob":0.5},"geometry":{"type":"Polygon","coordinates":[[[-108.229916,36.724481],[-108.229919,36.724391],[-108.229807,36.724388],[-108.229804,36.724479],[-108.229916,36.724481]]]}},{"type":"Feature","properties":{"class":"extent","min_prob":0.5},"geometry":{"type":"Polygon","coordinates":[[[-108.277944,36.731451],[-108.277947,36.731361],[-108.278394,36.731371],[-108.278398,36.731281],[-108.27851,36.731283],[-108.278513,36.731193],[-108.278401,36.731191],[-108.278404,36.7311],[-108.278516,36.731103],[-108.278519,36.731013],[-108.278407,36.73101],[-108.27841,36.73092],[-108.278522,36.730923],[-108.278525,36.730833],[-108.278637,36.730835],[-108.278634,36.730925],[-108.27897,36.730933],[-108.278967,36.731023],[-108.279079,36.731026],[-108.279076,36.731116],[-108.279411,36.731124],[-108.279414,36.731033],[-108.279526,36.731036],[-108.27953,36.730946],[-108.279865,36.730954],[-108.279869,36.730863],[-108.27998,36.730866],[-108.279984,36.730776],[-108.27976,36.730771],[-108.279763,36.730681],[-108.279875,36.730683],[-108.279884,36.730413],[-108.280108,36.730418],[-108.280105,36.730508],[-108.280329,36.730513],[-108.280326,36.730603],[-108.280662,36.730611],[-108.280658,36.730701],[-108.28133,36.730717],[-108.281327,36.730807],[-108.281774,36.730817],[-108.281771,36.730907],[-108.281995,36.730912],[-108.281992,36.731002],[-108.282104,36.731005],[-108.28211,36.730825],[-108.281998,36.730822],[-108.282005,36.730642],[-108.281893,36.730639],[-108.281899,36.730459],[-108.281787,36.730457],[-108.281794,36.730276],[-108.281682,36.730274],[-108.281685,36.730184],[-108.281573,36.730181],[-108.281582,36.729911],[-108.28147,36.729908],[-108.281474,36.729818],[-108.281362,36.729816],[-108.281365,36.729726],[-108.281253,36.729723],[-108.281256,36.729633],[-108.281144,36.72963],[-108.281141,36.72972],[-108.281029,36.729718],[-108.281035,36.729538],[-108.280924,36.729535],[-108.280927,36.729445],[-108.281039,36.729448],[-108.281045,36.729267],[-108.280933,36.729265],[-108.280936,36.729175],[-108.281048,36.729177],[-108.281051,36.729087],[-108.281163,36.72909],[-108.281154,36.72936],[-108.281266,36.729363],[-108.281259,36.729543],[-108.281371,36.729545],[-108.281368,36.729636],[-108.28148,36.729638],[-108.281477,36.729728],[-108.281589,36.729731],[-108.281586,36.729821],[-108.281697,36.729823],[-108.281694,36.729913],[-108.281806,36.729916],[-108.2818,36.730096],[-108.281912,36.730099],[-108.281905,36.730279],[-108.282017,36.730281],[-108.282014,36.730372],[-108.282126,36.730374],[-108.282117,36.730644],[-108.282229,36.730647],[-108.282225,36.730737],[-108.282337,36.73074],[-108.282328,36.73101],[-108.28244,36.731012],[-108.282436,36.731103],[-108.28266,36.731108],[-108.282657,36.731198],[-108.283441,36.731216],[-108.283437,36.731306],[-108.283661,36.731311],[-108.283664,36.731221],[-108.283776,36.731223],[-108.283789,36.730863],[-108.283677,36.73086],[-108.283674,36.73095],[-108.283338,36.730943],[-108.283341,36.730853],[-108.283229,36.73085],[-108.283236,36.73067],[-108.283012,36.730665],[-108.283018,36.730485],[-108.282794,36.73048],[-108.282804,36.730209],[-108.282692,36.730207],[-108.282695,36.730117],[-108.282359,36.730109],[-108.282363,36.730019],[-108.282251,36.730016],[-108.28226,36.729746],[-108.282036,36.729741],[-108.28204,36.729651],[-108.281928,36.729648],[-108.281934,36.729468],[-108.282046,36.729471],[-108.282043,36.729561],[-108.282267,36.729566],[-108.282263,36.729656],[-108.282599,36.729664],[-108.282593,36.729844],[-108.282705,36.729846],[-108.282708,36.729756],[-108.28282,36.729759],[-108.282817,36.729849],[-108.282929,36.729851],[-108.282925,36.729942],[-108.283037,36.729944],[-108.283034,36.730034],[-108.283146,36.730037],[-108.283133,36.730397],[-108.283357,36.730402],[-108.28336,36.730312],[-108.283472,36.730315],[-108.283469,36.730405],[-108.283581,36.730407],[-108.283584,36.730317],[-108.283808,36.730322],[-108.283811,36.730232],[-108.284147,36.73024],[-108.284144,36.73033],[-108.284256,36.730333],[-108.284253,36.730423],[-108.284588,36.73043],[-108.284585,36.73052],[-108.284697,36.730523],[-108.284694,36.730613],[-108.285142,36.730623],[-108.285139,36.730713],[-108.28525,36.730716],[-108.285247,36.730806],[-108.285359,36.730809],[-108.285362,36.730719],[-108.285698,36.730726],[-108.285701,36.730636],[-108.285925,36.730641],[-108.285928,36.730551],[-108.28604,36.730554],[-108.286043,36.730464],[-108.286267,36.730469],[-108.286277,36.730198],[-108.286165,36.730196],[-108.286178,36.729836],[-108.286066,36.729833],[-108.286069,36.729743],[-108.286181,36.729745],[-108.286184,36.729655],[-108.28596,36.72965],[-108.28597,36.72938],[-108.285858,36.729377],[-108.285864,36.729197],[-108.28564,36.729192],[-108.285643,36.729102],[-108.285755,36.729105],[-108.285762,36.728924],[-108.285874,36.728927],[-108.285877,36.728837],[-108.285653,36.728832],[-108.28565,36.728922],[-108.285538,36.728919],[-108.285535,36.729009],[-108.285311,36.729004],[-108.285317,36.728824],[-108.284869,36.728814],[-108.284873,36.728724],[-108.284761,36.728721],[-108.284754,36.728901],[-108.284866,36.728904],[-108.284863,36.728994],[-108.284751,36.728991],[-108.284745,36.729172],[-108.284857,36.729174],[-108.284854,36.729264],[-108.284742,36.729262],[-108.284738,36.729352],[-108.284627,36.729349],[-108.284623,36.729439],[-108.284511,36.729437],[-108.284518,36.729257],[-108.284406,36.729254],[-108.284403,36.729344],[-108.284067,36.729337],[-108.28407,36.729246],[-108.283958,36.729244],[-108.283961,36.729154],[-108.283849,36.729151],[-108.283856,36.728971],[-108.283744,36.728968],[-108.28375,36.728788],[-108.283638,36.728786],[-108.283629,36.729056],[-108.283741,36.729059],[-108.283731,36.729329],[-108.283619,36.729326],[-108.283616,36.729416],[-108.283504,36.729414],[-108.283514,36.729144],[-108.283402,36.729141],[-108.283405,36.729051],[-108.283293,36.729048],[-108.283299,36.728868],[-108.283411,36.728871],[-108.283414,36.728781],[-108.283303,36.728778],[-108.283306,36.728688],[-108.283194,36.728685],[-108.283197,36.728595],[-108.283085,36.728593],[-108.283088,36.728503],[-108.282864,36.728498],[-108.282868,36.728407],[-108.28242,36.728397],[-108.282423,36.728307],[-108.282199,36.728302],[-108.282196,36.728392],[-108.28186,36.728384],[-108.281857,36.728475],[-108.281633,36.728469],[-108.28163,36.72856],[-108.280735,36.728539],[-108.280738,36.728449],[-108.280626,36.728446],[-108.280629,36.728356],[-108.280517,36.728354],[-108.28052,36.728264],[-108.280408,36.728261],[-108.280415,36.728081],[-108.280303,36.728078],[-108.280309,36.727898],[-108.280197,36.727896],[-108.28021,36.727535],[-108.280098,36.727533],[-108.280101,36.727443],[-108.279989,36.72744],[-108.279996,36.72726],[-108.279884,36.727257],[-108.279887,36.727167],[-108.279775,36.727165],[-108.279778,36.727075],[-108.279666,36.727072],[-108.279673,36.726892],[-108.279561,36.726889],[-108.279564,36.726799],[-108.279452,36.726797],[-108.279455,36.726707],[-108.279343,36.726704],[-108.279346,36.726614],[-108.279235,36.726611],[-108.279238,36.726521],[-108.279014,36.726516],[-108.279017,36.726426],[-108.278122,36.726406],[-108.278125,36.726315],[-108.278013,36.726313],[-108.27801,36.726403],[-108.277003,36.72638],[-108.277006,36.72629],[-108.276782,36.726285],[-108.276779,36.726375],[-108.276667,36.726372],[-108.276664,36.726462],[-108.276552,36.72646],[-108.276549,36.72655],[-108.276437,36.726547],[-108.27644,36.726457],[-108.276328,36.726455],[-108.276325,36.726545],[-108.276213,36.726542],[-108.276216,36.726452],[-108.275992,36.726447],[-108.275989,36.726537],[-108.275877,36.726534],[-108.275864,36.726895],[-108.275976,36.726897],[-108.275973,36.726987],[-108.275749,36.726982],[-108.275756,36.726802],[-108.27542,36.726795],[-108.275423,36.726704],[-108.274975,36.726694],[-108.274988,36.726334],[-108.2751,36.726336],[-108.27511,36.726066],[-108.275221,36.726069],[-108.275225,36.725979],[-108.275448,36.725984],[-108.275452,36.725894],[-108.27534,36.725891],[-108.275349,36.725621],[-108.275125,36.725616],[-108.275129,36.725526],[-108.274681,36.725515],[-108.274687,36.725335],[-108.27424,36.725325],[-108.274236,36.725415],[-108.274125,36.725412],[-108.274121,36.725502],[-108.273674,36.725492],[-108.273671,36.725582],[-108.273447,36.725577],[-108.27345,36.725487],[-108.273226,36.725482],[-108.273223,36.725572],[-108.272887,36.725564],[-108.272884,36.725654],[-108.27266,36.725649],[-108.272657,36.725739],[-108.272321,36.725732],[-108.272318,36.725822],[-108.272094,36.725817],[-108.272091,36.725907],[-108.271979,36.725904],[-108.271976,36.725994],[-108.272088,36.725997],[-108.272085,36.726087],[-108.272196,36.726089],[-108.272193,36.72618],[-108.272305,36.726182],[-108.272302,36.726272],[-108.27219,36.72627],[-108.272187,36.72636],[-108.272299,36.726362],[-108.272296,36.726452],[-108.272408,36.726455],[-108.272401,36.726635],[-108.272177,36.72663],[-108.272181,36.72654],[-108.271957,36.726535],[-108.271954,36.726625],[-108.27173,36.72662],[-108.271733,36.72653],[-108.271621,36.726527],[-108.271608,36.726887],[-108.271496,36.726885],[-108.271499,36.726795],[-108.271388,36.726792],[-108.271381,36.726972],[-108.270934,36.726962],[-108.270937,36.726872],[-108.270713,36.726867],[-108.27071,36.726957],[-108.270598,36.726954],[-108.270591,36.727135],[-108.270815,36.72714],[-108.270806,36.72741],[-108.27047,36.727402],[-108.270476,36.727222],[-108.270252,36.727217],[-108.270249,36.727307],[-108.270137,36.727305],[-108.270134,36.727395],[-108.270022,36.727392],[-108.270016,36.727572],[-108.270128,36.727575],[-108.270121,36.727755],[-108.269898,36.72775],[-108.269891,36.72793],[-108.269443,36.72792],[-108.26944,36.72801],[-108.269328,36.728007],[-108.269325,36.728097],[-108.269213,36.728095],[-108.26921,36.728185],[-108.268539,36.728169],[-108.268532,36.72835],[-108.268196,36.728342],[-108.2682,36.728252],[-108.268311,36.728254],[-108.268318,36.728074],[-108.268206,36.728072],[-108.268212,36.727891],[-108.2681,36.727889],[-108.268097,36.727979],[-108.267985,36.727976],[-108.267982,36.728066],[-108.26787,36.728064],[-108.267864,36.728244],[-108.267752,36.728242],[-108.267746,36.728422],[-108.267634,36.728419],[-108.267627,36.728599],[-108.267515,36.728597],[-108.267509,36.728777],[-108.267397,36.728774],[-108.267391,36.728955],[-108.267279,36.728952],[-108.267275,36.729042],[-108.267052,36.729037],[-108.267045,36.729217],[-108.266933,36.729215],[-108.266937,36.729124],[-108.266825,36.729122],[-108.266821,36.729212],[-108.266598,36.729207],[-108.266594,36.729297],[-108.266482,36.729294],[-108.266479,36.729384],[-108.266591,36.729387],[-108.266588,36.729477],[-108.266364,36.729472],[-108.266374,36.729202],[-108.266262,36.729199],[-108.266255,36.729379],[-108.266143,36.729377],[-108.266147,36.729287],[-108.266035,36.729284],[-108.266016,36.729825],[-108.265904,36.729822],[-108.2659,36.729912],[-108.265789,36.729909],[-108.265785,36.73],[-108.265673,36.729997],[-108.26567,36.730087],[-108.265558,36.730085],[-108.265555,36.730175],[-108.265443,36.730172],[-108.26544,36.730262],[-108.265328,36.73026],[-108.265325,36.73035],[-108.265213,36.730347],[-108.26521,36.730437],[-108.264986,36.730432],[-108.264983,36.730522],[-108.264871,36.73052],[-108.264868,36.73061],[-108.264756,36.730607],[-108.264752,36.730697],[-108.264529,36.730692],[-108.264525,36.730782],[-108.264413,36.730779],[-108.26441,36.73087],[-108.264298,36.730867],[-108.264295,36.730957],[-108.264183,36.730955],[-108.26418,36.731045],[-108.264404,36.73105],[-108.264407,36.73096],[-108.264631,36.730965],[-108.264634,36.730875],[-108.264746,36.730877],[-108.264749,36.730787],[-108.264973,36.730792],[-108.264976,36.730702],[-108.265088,36.730705],[-108.265091,36.730615],[-108.265315,36.73062],[-108.265318,36.73053],[-108.26543,36.730532],[-108.265434,36.730442],[-108.265545,36.730445],[-108.265549,36.730355],[-108.265661,36.730357],[-108.265664,36.730267],[-108.265776,36.73027],[-108.265779,36.73018],[-108.265891,36.730182],[-108.265894,36.730092],[-108.266006,36.730095],[-108.266009,36.730005],[-108.266121,36.730007],[-108.266124,36.729917],[-108.266348,36.729922],[-108.266351,36.729832],[-108.266463,36.729835],[-108.266466,36.729745],[-108.266578,36.729747],[-108.266582,36.729657],[-108.267141,36.72967],[-108.267144,36.72958],[-108.26748,36.729588],[-108.267483,36.729498],[-108.267595,36.7295],[-108.267598,36.72941],[-108.26771,36.729413],[-108.26772,36.729142],[-108.267608,36.72914],[-108.267605,36.72923],[-108.267493,36.729227],[-108.267499,36.729047],[-108.267611,36.72905],[-108.267614,36.72896],[-108.267726,36.728962],[-108.267733,36.728782],[-108.267845,36.728785],[-108.267851,36.728604],[-108.267963,36.728607],[-108.26796,36.728697],[-108.268072,36.7287],[-108.268075,36.72861],[-108.268187,36.728612],[-108.268184,36.728702],[-108.268519,36.72871],[-108.268523,36.72862],[-108.269082,36.728633],[-108.269085,36.728543],[-108.269309,36.728548],[-108.269312,36.728458],[-108.269424,36.72846],[-108.269427,36.72837],[-108.269651,36.728375],[-108.269655,36.728285],[-108.26999,36.728293],[-108.269987,36.728383],[-108.269875,36.72838],[-108.269872,36.728471],[-108.26976,36.728468],[-108.269757,36.728558],[-108.269645,36.728555],[-108.269642,36.728646],[-108.26953,36.728643],[-108.269523,36.728823],[-108.269412,36.728821],[-108.269408,36.728911],[-108.269296,36.728908],[-108.269293,36.728998],[-108.269405,36.729001],[-108.269402,36.729091],[-108.269514,36.729093],[-108.269511,36.729184],[-108.269623,36.729186],[-108.269619,36.729276],[-108.270739,36.729302],[-108.270735,36.729392],[-108.270847,36.729395],[-108.270844,36.729485],[-108.270956,36.729487],[-108.270953,36.729577],[-108.271065,36.72958],[-108.271062,36.72967],[-108.272069,36.729693],[-108.272072,36.729603],[-108.272296,36.729608],[-108.272299,36.729518],[-108.272747,36.729528],[-108.27275,36.729438],[-108.272862,36.729441],[-108.272865,36.729351],[-108.273089,36.729356],[-108.273092,36.729266],[-108.273316,36.729271],[-108.273319,36.729181],[-108.273431,36.729183],[-108.273434,36.729093],[-108.273658,36.729098],[-108.273661,36.729008],[-108.273773,36.729011],[-108.27377,36.729101],[-108.273882,36.729103],[-108.273885,36.729013],[-108.274333,36.729024],[-108.274336,36.728934],[-108.274672,36.728941],[-108.274675,36.728851],[-108.274787,36.728854],[-108.274784,36.728944],[-108.275008,36.728949],[-108.275004,36.729039],[-108.274557,36.729029],[-108.274554,36.729119],[-108.27433,36.729114],[-108.274327,36.729204],[-108.273767,36.729191],[-108.273764,36.729281],[-108.27354,36.729276],[-108.273537,36.729366],[-108.273201,36.729358],[-108.273198,36.729448],[-108.272974,36.729443],[-108.272971,36.729533],[-108.272859,36.729531],[-108.272856,36.729621],[-108.27252,36.729613],[-108.272517,36.729703],[-108.272181,36.729696],[-108.272178,36.729786],[-108.271506,36.72977],[-108.271503,36.72986],[-108.271279,36.729855],[-108.271276,36.729945],[-108.271052,36.72994],[-108.271046,36.73012],[-108.271381,36.730128],[-108.271378,36.730218],[-108.271938,36.730231],[-108.271935,36.730321],[-108.272159,36.730326],[-108.272155,36.730416],[-108.272379,36.730421],[-108.272376,36.730512],[-108.2726,36.730517],[-108.272597,36.730607],[-108.272821,36.730612],[-108.272827,36.730432],[-108.272715,36.730429],[-108.272725,36.730159],[-108.273172,36.730169],[-108.273169,36.730259],[-108.273057,36.730257],[-108.273054,36.730347],[-108.273166,36.730349],[-108.273163,36.730439],[-108.273387,36.730445],[-108.273383,36.730535],[-108.273719,36.730542],[-108.273713,36.730723],[-108.273489,36.730717],[-108.273486,36.730807],[-108.274045,36.73082],[-108.274048,36.73073],[-108.274832,36.730748],[-108.274835,36.730658],[-108.275059,36.730663],[-108.275056,36.730753],[-108.27528,36.730758],[-108.275292,36.730398],[-108.275069,36.730393],[-108.275072,36.730303],[-108.275407,36.730311],[-108.275404,36.730401],[-108.275516,36.730403],[-108.275513,36.730493],[-108.275737,36.730498],[-108.275734,36.730589],[-108.275958,36.730594],[-108.275961,36.730504],[-108.276073,36.730506],[-108.276066,36.730686],[-108.276178,36.730689],[-108.276188,36.730419],[-108.2763,36.730421],[-108.276297,36.730511],[-108.276744,36.730522],[-108.276738,36.730702],[-108.27685,36.730704],[-108.276847,36.730794],[-108.276959,36.730797],[-108.276955,36.730887],[-108.277179,36.730892],[-108.277176,36.730982],[-108.277288,36.730985],[-108.277285,36.731075],[-108.277397,36.731077],[-108.27739,36.731258],[-108.277614,36.731263],[-108.277611,36.731353],[-108.277835,36.731358],[-108.277832,36.731448],[-108.277944,36.731451]],[[-108.275065,36.730483],[-108.274953,36.73048],[-108.274957,36.73039],[-108.275069,36.730393],[-108.275065,36.730483]],[[-108.276303,36.730331],[-108.276191,36.730329],[-108.276194,36.730238],[-108.276082,36.730236],[-108.276085,36.730146],[-108.275973,36.730143],[-108.275977,36.730053],[-108.276089,36.730056],[-108.276092,36.729966],[-108.276316,36.729971],[-108.276303,36.730331]],[[-108.275855,36.730321],[-108.275743,36.730318],[-108.275746,36.730228],[-108.275858,36.730231],[-108.275855,36.730321]],[[-108.2847,36.730433],[-108.284588,36.73043],[-108.284592,36.73034],[-108.284704,36.730343],[-108.2847,36.730433]],[[-108.275635,36.730226],[-108.275523,36.730223],[-108.275529,36.730043],[-108.275641,36.730045],[-108.275635,36.730226]],[[-108.275862,36.730141],[-108.27575,36.730138],[-108.275753,36.730048],[-108.275865,36.730051],[-108.275862,36.730141]],[[-108.281013,36.730168],[-108.280789,36.730163],[-108.280793,36.730073],[-108.280681,36.730071],[-108.280684,36.729981],[-108.280572,36.729978],[-108.280575,36.729888],[-108.280239,36.72988],[-108.280242,36.72979],[-108.280466,36.729795],[-108.280476,36.729525],[-108.280364,36.729522],[-108.280367,36.729432],[-108.280255,36.72943],[-108.280262,36.72925],[-108.280485,36.729255],[-108.280482,36.729345],[-108.280594,36.729347],[-108.280591,36.729437],[-108.280703,36.72944],[-108.2807,36.72953],[-108.280588,36.729527],[-108.280585,36.729618],[-108.280697,36.72962],[-108.280693,36.72971],[-108.280805,36.729713],[-108.280802,36.729803],[-108.280914,36.729805],[-108.280904,36.730076],[-108.281016,36.730078],[-108.281013,36.730168]],[[-108.275977,36.730053],[-108.275865,36.730051],[-108.275868,36.72996],[-108.275756,36.729958],[-108.275759,36.729868],[-108.275983,36.729873],[-108.275977,36.730053]],[[-108.281128,36.730081],[-108.281016,36.730078],[-108.28102,36.729988],[-108.281132,36.729991],[-108.281128,36.730081]],[[-108.281467,36.729998],[-108.281355,36.729996],[-108.281359,36.729906],[-108.28147,36.729908],[-108.281467,36.729998]],[[-108.275759,36.729868],[-108.275535,36.729863],[-108.275542,36.729683],[-108.275654,36.729685],[-108.27565,36.729775],[-108.275762,36.729778],[-108.275759,36.729868]],[[-108.276776,36.729621],[-108.276664,36.729618],[-108.276667,36.729528],[-108.276779,36.729531],[-108.276776,36.729621]],[[-108.279242,36.729587],[-108.279018,36.729582],[-108.279024,36.729402],[-108.278912,36.729399],[-108.278922,36.729129],[-108.278474,36.729118],[-108.278477,36.729028],[-108.278365,36.729026],[-108.278375,36.728756],[-108.279158,36.728774],[-108.279155,36.728864],[-108.279267,36.728866],[-108.27927,36.728776],[-108.279382,36.728779],[-108.279379,36.728869],[-108.279491,36.728871],[-108.279488,36.728961],[-108.279711,36.728966],[-108.279708,36.729057],[-108.280044,36.729064],[-108.280031,36.729425],[-108.279919,36.729422],[-108.279916,36.729512],[-108.279804,36.72951],[-108.279811,36.729329],[-108.279699,36.729327],[-108.279702,36.729237],[-108.27959,36.729234],[-108.279596,36.729054],[-108.279373,36.729049],[-108.279376,36.728959],[-108.279152,36.728954],[-108.279142,36.729224],[-108.279366,36.729229],[-108.279357,36.729499],[-108.279245,36.729497],[-108.279242,36.729587]],[[-108.276443,36.729523],[-108.27622,36.729518],[-108.276229,36.729247],[-108.276341,36.72925],[-108.276344,36.72916],[-108.27668,36.729168],[-108.276677,36.729258],[-108.276789,36.72926],[-108.276786,36.72935],[-108.276562,36.729345],[-108.276559,36.729435],[-108.276447,36.729433],[-108.276443,36.729523]],[[-108.285855,36.729467],[-108.285743,36.729465],[-108.285746,36.729375],[-108.285858,36.729377],[-108.285855,36.729467]],[[-108.284064,36.729427],[-108.28384,36.729421],[-108.283843,36.729331],[-108.284067,36.729337],[-108.284064,36.729427]],[[-108.285186,36.729362],[-108.285074,36.72936],[-108.285077,36.729269],[-108.285189,36.729272],[-108.285186,36.729362]],[[-108.275113,36.729132],[-108.275001,36.729129],[-108.275004,36.729039],[-108.275116,36.729042],[-108.275113,36.729132]],[[-108.275452,36.729049],[-108.27534,36.729047],[-108.275343,36.728957],[-108.275455,36.728959],[-108.275452,36.729049]],[[-108.275903,36.728969],[-108.275567,36.728962],[-108.27557,36.728872],[-108.275906,36.728879],[-108.275903,36.728969]],[[-108.276354,36.72889],[-108.275906,36.728879],[-108.275909,36.728789],[-108.276357,36.7288],[-108.276354,36.72889]],[[-108.285199,36.729002],[-108.285087,36.728999],[-108.28509,36.728909],[-108.285202,36.728912],[-108.285199,36.729002]],[[-108.276693,36.728807],[-108.276469,36.728802],[-108.276475,36.728622],[-108.276699,36.728627],[-108.276693,36.728807]],[[-108.274342,36.728753],[-108.273895,36.728743],[-108.273911,36.728293],[-108.274023,36.728295],[-108.274029,36.728115],[-108.274141,36.728118],[-108.27415,36.727847],[-108.274262,36.72785],[-108.274269,36.72767],[-108.274381,36.727672],[-108.274384,36.727582],[-108.274496,36.727585],[-108.274493,36.727675],[-108.27494,36.727685],[-108.274937,36.727775],[-108.275161,36.72778],[-108.275167,36.7276],[-108.275279,36.727603],[-108.275273,36.727783],[-108.275609,36.727791],[-108.275612,36.727701],[-108.275836,36.727706],[-108.275832,36.727796],[-108.276056,36.727801],[-108.276063,36.727621],[-108.276175,36.727623],[-108.276171,36.727713],[-108.276283,36.727716],[-108.27628,36.727806],[-108.276504,36.727811],[-108.276501,36.727901],[-108.276613,36.727904],[-108.276616,36.727814],[-108.27684,36.727819],[-108.276833,36.727999],[-108.277617,36.728017],[-108.277623,36.727837],[-108.277959,36.727844],[-108.277962,36.727754],[-108.27785,36.727752],[-108.277853,36.727662],[-108.278077,36.727667],[-108.278068,36.727937],[-108.277844,36.727932],[-108.277841,36.728022],[-108.2784,36.728035],[-108.278397,36.728125],[-108.277837,36.728112],[-108.277834,36.728202],[-108.277499,36.728195],[-108.277495,36.728285],[-108.277271,36.72828],[-108.277268,36.72837],[-108.277044,36.728364],[-108.277048,36.728274],[-108.276936,36.728272],[-108.276933,36.728362],[-108.276821,36.728359],[-108.276824,36.728269],[-108.276712,36.728267],[-108.276709,36.728357],[-108.276373,36.728349],[-108.27637,36.728439],[-108.276146,36.728434],[-108.276143,36.728524],[-108.275919,36.728519],[-108.275916,36.728609],[-108.27558,36.728601],[-108.275577,36.728692],[-108.275465,36.728689],[-108.275471,36.728509],[-108.275359,36.728506],[-108.275362,36.728416],[-108.275251,36.728414],[-108.275254,36.728323],[-108.275142,36.728321],[-108.275145,36.728231],[-108.275033,36.728228],[-108.275036,36.728138],[-108.274924,36.728136],[-108.274928,36.728046],[-108.274816,36.728043],[-108.274812,36.728133],[-108.274365,36.728123],[-108.274342,36.728753]],[[-108.276811,36.72863],[-108.276699,36.728627],[-108.276702,36.728537],[-108.276814,36.72854],[-108.276811,36.72863]],[[-108.278515,36.727947],[-108.27818,36.72794],[-108.278186,36.727759],[-108.278298,36.727762],[-108.278295,36.727852],[-108.278519,36.727857],[-108.278515,36.727947]],[[-108.271036,36.727235],[-108.270924,36.727232],[-108.270927,36.727142],[-108.271039,36.727145],[-108.271036,36.727235]],[[-108.275305,36.726882],[-108.275193,36.726879],[-108.275196,36.726789],[-108.275308,36.726792],[-108.275305,36.726882]]]}},{"type":"Feature","properties":{"class":"extent","min_prob":0.5},"geometry":{"type":"Polygon","coordinates":[[[-108.252298,36.725],[-108.252304,36.72482],[-108.251969,36.724812],[-108.251965,36.724902],[-108.252189,36.724908],[-108.252186,36.724998],[-108.252298,36.725]]]}},{"type":"Feature","properties":{"class":"extent","min_prob":0.5},"geometry":{"type":"Polygon","coordinates":[[[-108.239319,36.72461],[-108.239323,36.72452],[-108.239099,36.724514],[-108.239095,36.724604],[-108.239319,36.72461]]]}},{"type":"Feature","properties":{"class":"extent","min_prob":0.5},"geometry":{"type":"Polygon","coordinates":[[[-108.319903,36.726363],[-108.319906,36.726272],[-108.319794,36.72627],[-108.319791,36.72636],[-108.319903,36.726363]]]}},{"type":"Feature","properties":{"class":"extent","min_prob":0.5},"geometry":{"type":"Polygon","coordinates":[[[-108.294161,36.72578],[-108.294164,36.72569],[-108.294052,36.725687],[-108.294049,36.725777],[-108.294161,36.72578]]]}},{"type":"Feature","properties":{"class":"extent","min_prob":0.5},"geometry":{"type":"Polygon","coordinates":[[[-108.277485,36.725399],[-108.277488,36.725309],[-108.277377,36.725307],[-108.277373,36.725397],[-108.277485,36.725399]]]}},{"type":"Feature","properties":{"class":"extent","min_prob":0.5},"geometry":{"type":"Polygon","coordinates":[[[-108.232384,36.724358],[-108.232391,36.724178],[-108.232279,36.724175],[-108.232275,36.724266],[-108.232052,36.72426],[-108.232048,36.72435],[-108.232384,36.724358]]]}},{"type":"Feature","properties":{"class":"extent","min_prob":0.5},"geometry":{"type":"Polygon","coordinates":[[[-108.231936,36.724348],[-108.231943,36.724168],[-108.231607,36.72416],[-108.231604,36.72425],[-108.231716,36.724253],[-108.231713,36.724343],[-108.231936,36.724348]]]}},{"type":"Feature","properties":{"class":"extent","min_prob":0.5},"geometry":{"type":"Polygon","coordinates":[[[-108.231265,36.724332],[-108.231271,36.724152],[-108.231048,36.724147],[-108.231044,36.724237],[-108.231156,36.72424],[-108.231153,36.72433],[-108.231265,36.724332]]]}},{"type":"Feature","properties":{"class":"extent","min_prob":0.5},"geometry":{"type":"Polygon","coordinates":[[[-108.318227,36.726235],[-108.31823,36.726145],[-108.318006,36.726139],[-108.318003,36.72623],[-108.318227,36.726235]]]}},{"type":"Feature","properties":{"class":"extent","min_prob":0.5},"geometry":{"type":"Polygon","coordinates":[[[-108.31722,36.726212],[-108.317223,36.726122],[-108.317111,36.726119],[-108.317108,36.726209],[-108.31722,36.726212]]]}},{"type":"Feature","properties":{"class":"extent","min_prob":0.5},"geometry":{"type":"Polygon","coordinates":[[[-108.239214,36.724427],[-108.239217,36.724337],[-108.239105,36.724334],[-108.239102,36.724424],[-108.239214,36.724427]]]}},{"type":"Feature","properties":{"class":"extent","min_prob":0.5},"geometry":{"type":"Polygon","coordinates":[[[-108.231492,36.724247],[-108.231495,36.724157],[-108.231383,36.724155],[-108.23138,36.724245],[-108.231492,36.724247]]]}},{"type":"Feature","properties":{"class":"extent","min_prob":0.5},"geometry":{"type":"Polygon","coordinates":[[[-108.277712,36.725314],[-108.277719,36.725134],[-108.277607,36.725131],[-108.2776,36.725312],[-108.277712,36.725314]]]}},{"type":"Feature","properties":{"class":"extent","min_prob":0.5},"geometry":{"type":"Polygon","coordinates":[[[-108.316439,36.726104],[-108.316442,36.726014],[-108.316331,36.726012],[-108.316327,36.726102],[-108.316439,36.726104]]]}},{"type":"Feature","properties":{"class":"extent","min_prob":0.5},"geometry":{"type":"Polygon","coordinates":[[[-108.252311,36.72464],[-108.252314,36.72455],[-108.252202,36.724547],[-108.252199,36.724637],[-108.252311,36.72464]]]}},{"type":"Feature","properties":{"class":"extent","min_prob":0.5},"geometry":{"type":"Polygon","coordinates":[[[-108.236084,36.724264],[-108.236087,36.724174],[-108.235975,36.724171],[-108.235972,36.724261],[-108.236084,36.724264]]]}},{"type":"Feature","properties":{"class":"extent","min_prob":0.5},"geometry":{"type":"Polygon","coordinates":[[[-108.233622,36.724207],[-108.233625,36.724117],[-108.233513,36.724114],[-108.23351,36.724204],[-108.233622,36.724207]]]}},{"type":"Feature","properties":{"class":"extent","min_prob":0.5},"geometry":{"type":"Polygon","coordinates":[[[-108.232614,36.724183],[-108.232618,36.724093],[-108.232394,36.724088],[-108.232391,36.724178],[-108.232614,36.724183]]]}},{"type":"Feature","properties":{"class":"extent","min_prob":0.5},"geometry":{"type":"Polygon","coordinates":[[[-108.197051,36.725785],[-108.197054,36.725695],[-108.197949,36.725716],[-108.197953,36.725626],[-108.198288,36.725634],[-108.198292,36.725544],[-108.198627,36.725552],[-108.198634,36.725371],[-108.199194,36.725385],[-108.199197,36.725294],[-108.199421,36.7253],[-108.199424,36.72521],[-108.199648,36.725215],[-108.199651,36.725125],[-108.199987,36.725133],[-108.19999,36.725043],[-108.200102,36.725045],[-108.200105,36.724955],[-108.200217,36.724958],[-108.20022,36.724868],[-108.200332,36.72487],[-108.200336,36.72478],[-108.200448,36.724783],[-108.200451,36.724693],[-108.200563,36.724695],[-108.200569,36.724515],[-108.200681,36.724518],[-108.200684,36.724428],[-108.200796,36.72443],[-108.2008,36.72434],[-108.200688,36.724338],[-108.200691,36.724248],[-108.200915,36.724253],[-108.200925,36.723983],[-108.201036,36.723985],[-108.201043,36.723805],[-108.200931,36.723803],[-108.200938,36.723622],[-108.200826,36.72362],[-108.200822,36.72371],[-108.200711,36.723707],[-108.200704,36.723887],[-108.200592,36.723885],[-108.200595,36.723795],[-108.200483,36.723792],[-108.20049,36.723612],[-108.200602,36.723614],[-108.200605,36.723524],[-108.200381,36.723519],[-108.200385,36.723429],[-108.200161,36.723424],[-108.200154,36.723604],[-108.200042,36.723601],[-108.200046,36.723511],[-108.199598,36.723501],[-108.199608,36.72323],[-108.199496,36.723228],[-108.199493,36.723318],[-108.199381,36.723315],[-108.199378,36.723405],[-108.199489,36.723408],[-108.199483,36.723588],[-108.199259,36.723583],[-108.199256,36.723673],[-108.199815,36.723686],[-108.199812,36.723776],[-108.200036,36.723781],[-108.200026,36.724052],[-108.200138,36.724054],[-108.200135,36.724144],[-108.200023,36.724142],[-108.20002,36.724232],[-108.199908,36.724229],[-108.199904,36.724319],[-108.199792,36.724317],[-108.199789,36.724407],[-108.199453,36.724399],[-108.19945,36.724489],[-108.199338,36.724486],[-108.199332,36.724666],[-108.199444,36.724669],[-108.19944,36.724759],[-108.199328,36.724757],[-108.199325,36.724847],[-108.199213,36.724844],[-108.19921,36.724934],[-108.199098,36.724931],[-108.199101,36.724841],[-108.198989,36.724839],[-108.198986,36.724929],[-108.198874,36.724926],[-108.198871,36.725016],[-108.198759,36.725014],[-108.198756,36.725104],[-108.198868,36.725106],[-108.198861,36.725287],[-108.197966,36.725265],[-108.197969,36.725175],[-108.198081,36.725178],[-108.198084,36.725088],[-108.197972,36.725085],[-108.197979,36.724905],[-108.198091,36.724908],[-108.198097,36.724728],[-108.197762,36.72472],[-108.197758,36.72481],[-108.197647,36.724807],[-108.197643,36.724897],[-108.197531,36.724895],[-108.197522,36.725165],[-108.197633,36.725167],[-108.19762,36.725528],[-108.197508,36.725525],[-108.197505,36.725615],[-108.197057,36.725605],[-108.197061,36.725515],[-108.196949,36.725512],[-108.196946,36.725602],[-108.196834,36.725599],[-108.196837,36.725509],[-108.196725,36.725507],[-108.196722,36.725597],[-108.19661,36.725594],[-108.19662,36.725324],[-108.196844,36.725329],[-108.196847,36.725239],[-108.196735,36.725236],[-108.196738,36.725146],[-108.196626,36.725144],[-108.196639,36.724783],[-108.196527,36.724781],[-108.196531,36.724691],[-108.196195,36.724683],[-108.196192,36.724773],[-108.19608,36.72477],[-108.196077,36.72486],[-108.195741,36.724852],[-108.195734,36.725033],[-108.19551,36.725027],[-108.195517,36.724847],[-108.195629,36.72485],[-108.195632,36.72476],[-108.195968,36.724768],[-108.195971,36.724677],[-108.195859,36.724675],[-108.195863,36.724585],[-108.195974,36.724587],[-108.195984,36.724317],[-108.195872,36.724314],[-108.195869,36.724405],[-108.195757,36.724402],[-108.195751,36.724582],[-108.195527,36.724577],[-108.195524,36.724667],[-108.195076,36.724656],[-108.195073,36.724746],[-108.194737,36.724739],[-108.194734,36.724829],[-108.194398,36.724821],[-108.194395,36.724911],[-108.194283,36.724908],[-108.194266,36.725359],[-108.194714,36.725369],[-108.194717,36.725279],[-108.194941,36.725284],[-108.194938,36.725374],[-108.195274,36.725382],[-108.19527,36.725472],[-108.19583,36.725486],[-108.195826,36.725576],[-108.195938,36.725578],[-108.195942,36.725488],[-108.196054,36.725491],[-108.19605,36.725581],[-108.196498,36.725591],[-108.196495,36.725682],[-108.196942,36.725692],[-108.196939,36.725782],[-108.197051,36.725785]],[[-108.199197,36.725294],[-108.199085,36.725292],[-108.199088,36.725202],[-108.1992,36.725204],[-108.199197,36.725294]],[[-108.195392,36.725205],[-108.19528,36.725202],[-108.195283,36.725112],[-108.194948,36.725104],[-108.194954,36.724924],[-108.195066,36.724927],[-108.195063,36.725017],[-108.19551,36.725027],[-108.195507,36.725117],[-108.195395,36.725115],[-108.195392,36.725205]]]}},{"type":"Feature","properties":{"class":"extent","min_prob":0.5},"geometry":{"type":"Polygon","coordinates":[[[-108.242677,36.724687],[-108.24268,36.724597],[-108.242568,36.724595],[-108.242574,36.724415],[-108.242686,36.724417],[-108.242693,36.724237],[-108.242581,36.724234],[-108.242578,36.724325],[-108.242466,36.724322],[-108.242453,36.724682],[-108.242677,36.724687]]]}},{"type":"Feature","properties":{"class":"extent","min_prob":0.5},"geometry":{"type":"Polygon","coordinates":[[[-108.316666,36.726019],[-108.316669,36.725929],[-108.316558,36.725926],[-108.316554,36.726017],[-108.316666,36.726019]]]}},{"type":"Feature","properties":{"class":"extent","min_prob":0.5},"geometry":{"type":"Polygon","coordinates":[[[-108.291932,36.725459],[-108.291935,36.725368],[-108.291823,36.725366],[-108.29182,36.725456],[-108.291932,36.725459]]]}},{"type":"Feature","properties":{"class":"extent","min_prob":0.5},"geometry":{"type":"Polygon","coordinates":[[[-108.247838,36.724446],[-108.247841,36.724356],[-108.247729,36.724354],[-108.247726,36.724444],[-108.247838,36.724446]]]}},{"type":"Feature","properties":{"class":"extent","min_prob":0.5},"geometry":{"type":"Polygon","coordinates":[[[-108.233289,36.724109],[-108.233292,36.724019],[-108.23318,36.724016],[-108.233177,36.724106],[-108.233289,36.724109]]]}},{"type":"Feature","properties":{"class":"extent","min_prob":0.5},"geometry":{"type":"Polygon","coordinates":[[[-108.19994,36.723328],[-108.199944,36.723238],[-108.199832,36.723236],[-108.199828,36.723326],[-108.19994,36.723328]]]}},{"type":"Feature","properties":{"class":"extent","min_prob":0.5},"geometry":{"type":"Polygon","coordinates":[[[-108.294276,36.725692],[-108.294279,36.725602],[-108.294391,36.725605],[-108.294394,36.725515],[-108.294282,36.725512],[-108.294286,36.725422],[-108.294174,36.725419],[-108.294177,36.725329],[-108.293953,36.725324],[-108.293947,36.725504],[-108.294059,36.725507],[-108.294055,36.725597],[-108.294167,36.7256],[-108.294164,36.72569],[-108.294276,36.725692]]]}},{"type":"Feature","properties":{"class":"extent","min_prob":0.5},"geometry":{"type":"Polygon","coordinates":[[[-108.277492,36.725219],[-108.277495,36.725129],[-108.277607,36.725131],[-108.27761,36.725041],[-108.277386,36.725036],[-108.277389,36.724946],[-108.277277,36.724944],[-108.277268,36.725214],[-108.277492,36.725219]]]}},{"type":"Feature","properties":{"class":"extent","min_prob":0.5},"geometry":{"type":"Polygon","coordinates":[[[-108.277159,36.725121],[-108.277165,36.724941],[-108.277054,36.724938],[-108.277047,36.725119],[-108.277159,36.725121]]]}},{"type":"Feature","properties":{"class":"extent","min_prob":0.5},"geometry":{"type":"Polygon","coordinates":[[[-108.327526,36.726173],[-108.327529,36.726083],[-108.327417,36.726081],[-108.327414,36.726171],[-108.327526,36.726173]]]}},{"type":"Feature","properties":{"class":"extent","min_prob":0.5},"geometry":{"type":"Polygon","coordinates":[[[-108.294397,36.725424],[-108.294401,36.725334],[-108.294289,36.725332],[-108.294286,36.725422],[-108.294397,36.725424]]]}},{"type":"Feature","properties":{"class":"extent","min_prob":0.5},"geometry":{"type":"Polygon","coordinates":[[[-108.292047,36.725371],[-108.29205,36.725281],[-108.291938,36.725278],[-108.291935,36.725368],[-108.292047,36.725371]]]}},{"type":"Feature","properties":{"class":"extent","min_prob":0.5},"geometry":{"type":"Polygon","coordinates":[[[-108.237433,36.724115],[-108.237436,36.724025],[-108.237324,36.724022],[-108.237321,36.724112],[-108.237433,36.724115]]]}},{"type":"Feature","properties":{"class":"extent","min_prob":0.5},"geometry":{"type":"Polygon","coordinates":[[[-108.19972,36.723233],[-108.199723,36.723143],[-108.199611,36.72314],[-108.199608,36.72323],[-108.19972,36.723233]]]}},{"type":"Feature","properties":{"class":"extent","min_prob":0.5},"geometry":{"type":"Polygon","coordinates":[[[-108.199496,36.723228],[-108.199499,36.723138],[-108.199387,36.723135],[-108.199384,36.723225],[-108.199496,36.723228]]]}},{"type":"Feature","properties":{"class":"extent","min_prob":0.5},"geometry":{"type":"Polygon","coordinates":[[[-108.258469,36.724692],[-108.258479,36.724422],[-108.258367,36.724419],[-108.258364,36.724509],[-108.258252,36.724507],[-108.258249,36.724597],[-108.258361,36.724599],[-108.258357,36.724689],[-108.258469,36.724692]]]}},{"type":"Feature","properties":{"class":"extent","min_prob":0.5},"geometry":{"type":"Polygon","coordinates":[[[-108.31242,36.725743],[-108.312423,36.725653],[-108.312311,36.72565],[-108.312308,36.72574],[-108.31242,36.725743]]]}},{"type":"Feature","properties":{"class":"extent","min_prob":0.5},"geometry":{"type":"Polygon","coordinates":[[[-108.294289,36.725332],[-108.294292,36.725242],[-108.29418,36.725239],[-108.294177,36.725329],[-108.294289,36.725332]]]}},{"type":"Feature","properties":{"class":"extent","min_prob":0.5},"geometry":{"type":"Polygon","coordinates":[[[-108.276158,36.724918],[-108.276161,36.724828],[-108.276049,36.724825],[-108.276046,36.724915],[-108.276158,36.724918]]]}},{"type":"Feature","properties":{"class":"extent","min_prob":0.5},"geometry":{"type":"Polygon","coordinates":[[[-108.232176,36.723903],[-108.23218,36.723813],[-108.232068,36.72381],[-108.232064,36.7239],[-108.232176,36.723903]]]}},{"type":"Feature","properties":{"class":"extent","min_prob":0.5},"geometry":{"type":"Polygon","coordinates":[[[-108.294068,36.725237],[-108.294071,36.725147],[-108.293847,36.725141],[-108.293844,36.725232],[-108.294068,36.725237]]]}},{"type":"Feature","properties":{"class":"extent","min_prob":0.5},"geometry":{"type":"Polygon","coordinates":[[[-108.232515,36.72382],[-108.232519,36.72373],[-108.232407,36.723728],[-108.232403,36.723818],[-108.232515,36.72382]]]}},{"type":"Feature","properties":{"class":"extent","min_prob":0.5},"geometry":{"type":"Polygon","coordinates":[[[-108.328952,36.730263],[-108.329021,36.728281],[-108.328797,36.728276],[-108.3288,36.728186],[-108.328912,36.728188],[-108.328915,36.728098],[-108.328803,36.728096],[-108.328806,36.728005],[-108.328695,36.728003],[-108.328704,36.727733],[-108.32848,36.727728],[-108.328474,36.727908],[-108.328586,36.72791],[-108.328576,36.728181],[-108.328353,36.728176],[-108.328349,36.728266],[-108.328237,36.728263],[-108.328234,36.728353],[-108.327899,36.728346],[-108.327902,36.728256],[-108.32779,36.728253],[-108.327793,36.728163],[-108.327905,36.728166],[-108.327908,36.728075],[-108.327796,36.728073],[-108.327802,36.727893],[-108.327914,36.727895],[-108.32792,36.727715],[-108.328032,36.727718],[-108.328042,36.727447],[-108.328154,36.72745],[-108.328157,36.72736],[-108.327933,36.727355],[-108.327942,36.727084],[-108.32783,36.727082],[-108.327837,36.726902],[-108.327949,36.726904],[-108.327952,36.726814],[-108.328064,36.726817],[-108.328057,36.726997],[-108.328281,36.727002],[-108.328291,36.726732],[-108.328402,36.726734],[-108.328399,36.726824],[-108.328623,36.726829],[-108.32862,36.726919],[-108.328508,36.726917],[-108.328502,36.727097],[-108.328614,36.7271],[-108.328611,36.72719],[-108.328499,36.727187],[-108.328489,36.727457],[-108.328601,36.72746],[-108.328598,36.72755],[-108.328486,36.727547],[-108.328483,36.727638],[-108.328707,36.727643],[-108.328726,36.727102],[-108.32895,36.727107],[-108.328956,36.726927],[-108.328844,36.726924],[-108.328847,36.726834],[-108.328735,36.726832],[-108.328738,36.726742],[-108.32885,36.726744],[-108.328875,36.726023],[-108.328763,36.726021],[-108.328769,36.725841],[-108.328658,36.725838],[-108.328651,36.726018],[-108.328316,36.726011],[-108.328312,36.726101],[-108.328201,36.726098],[-108.328204,36.726008],[-108.328092,36.726006],[-108.328089,36.726096],[-108.327641,36.726086],[-108.327638,36.726176],[-108.327526,36.726173],[-108.327523,36.726264],[-108.327635,36.726266],[-108.327628,36.726446],[-108.32774,36.726449],[-108.327737,36.726539],[-108.327625,36.726536],[-108.327619,36.726717],[-108.327731,36.726719],[-108.327678,36.728251],[-108.327342,36.728243],[-108.327345,36.728153],[-108.327121,36.728148],[-108.327118,36.728238],[-108.327006,36.728236],[-108.327009,36.728145],[-108.326674,36.728138],[-108.326677,36.728048],[-108.326565,36.728045],[-108.326587,36.727415],[-108.326699,36.727417],[-108.326705,36.727237],[-108.326481,36.727232],[-108.326431,36.728673],[-108.326543,36.728676],[-108.32654,36.728766],[-108.326652,36.728769],[-108.326664,36.728408],[-108.327,36.728416],[-108.326997,36.728506],[-108.327109,36.728508],[-108.327112,36.728418],[-108.327224,36.728421],[-108.327218,36.728601],[-108.32733,36.728603],[-108.327326,36.728694],[-108.326991,36.728686],[-108.326988,36.728776],[-108.327099,36.728779],[-108.327096,36.728869],[-108.327544,36.728879],[-108.327528,36.729329],[-108.327864,36.729337],[-108.327867,36.729247],[-108.327979,36.729249],[-108.327976,36.729339],[-108.328088,36.729342],[-108.328085,36.729432],[-108.327973,36.729429],[-108.32797,36.729519],[-108.327858,36.729517],[-108.327852,36.729697],[-108.327628,36.729692],[-108.327625,36.729782],[-108.327849,36.729787],[-108.327842,36.729967],[-108.32773,36.729965],[-108.327727,36.730055],[-108.327839,36.730058],[-108.327836,36.730148],[-108.328172,36.730155],[-108.328178,36.729975],[-108.32829,36.729977],[-108.328287,36.730068],[-108.328399,36.73007],[-108.328393,36.73025],[-108.328505,36.730253],[-108.328508,36.730163],[-108.32862,36.730165],[-108.328616,36.730255],[-108.328952,36.730263]],[[-108.328291,36.726732],[-108.328179,36.726729],[-108.328182,36.726639],[-108.328294,36.726642],[-108.328291,36.726732]]]}},{"type":"Feature","properties":{"class":"extent","min_prob":0.5},"geometry":{"type":"Polygon","coordinates":[[[-108.277281,36.724854],[-108.277287,36.724673],[-108.277175,36.724671],[-108.277169,36.724851],[-108.277281,36.724854]]]}},{"type":"Feature","properties":{"class":"extent","min_prob":0.5},"geometry":{"type":"Polygon","coordinates":[[[-108.313097,36.725578],[-108.313101,36.725488],[-108.312989,36.725485],[-108.312985,36.725575],[-108.313097,36.725578]]]}},{"type":"Feature","properties":{"class":"extent","min_prob":0.5},"geometry":{"type":"Polygon","coordinates":[[[-108.242581,36.724234],[-108.242584,36.724144],[-108.243256,36.72416],[-108.243262,36.72398],[-108.243374,36.723982],[-108.243377,36.723892],[-108.243041,36.723884],[-108.243038,36.723975],[-108.242479,36.723962],[-108.242469,36.724232],[-108.242581,36.724234]]]}},{"type":"Feature","properties":{"class":"extent","min_prob":0.5},"geometry":{"type":"Polygon","coordinates":[[[-108.311307,36.725537],[-108.311313,36.725357],[-108.311201,36.725355],[-108.311195,36.725535],[-108.311307,36.725537]]]}},{"type":"Feature","properties":{"class":"extent","min_prob":0.5},"geometry":{"type":"Polygon","coordinates":[[[-108.259937,36.724365],[-108.259943,36.724185],[-108.259831,36.724182],[-108.259825,36.724362],[-108.259937,36.724365]]]}},{"type":"Feature","properties":{"class":"extent","min_prob":0.5},"geometry":{"type":"Polygon","coordinates":[[[-108.231726,36.723982],[-108.231729,36.723892],[-108.231841,36.723895],[-108.231847,36.723715],[-108.232071,36.72372],[-108.232074,36.72363],[-108.231962,36.723627],[-108.231966,36.723537],[-108.231406,36.723524],[-108.231399,36.723704],[-108.231511,36.723707],[-108.231502,36.723977],[-108.231726,36.723982]]]}},{"type":"Feature","properties":{"class":"extent","min_prob":0.5},"geometry":{"type":"Polygon","coordinates":[[[-108.19973,36.722963],[-108.199736,36.722783],[-108.199624,36.72278],[-108.199618,36.72296],[-108.19973,36.722963]]]}},{"type":"Feature","properties":{"class":"extent","min_prob":0.5},"geometry":{"type":"Polygon","coordinates":[[[-108.317689,36.725591],[-108.317692,36.725501],[-108.317581,36.725499],[-108.317577,36.725589],[-108.317689,36.725591]]]}},{"type":"Feature","properties":{"class":"extent","min_prob":0.5},"geometry":{"type":"Polygon","coordinates":[[[-108.276615,36.724658],[-108.276619,36.724568],[-108.276507,36.724565],[-108.276503,36.724655],[-108.276615,36.724658]]]}},{"type":"Feature","properties":{"class":"extent","min_prob":0.5},"geometry":{"type":"Polygon","coordinates":[[[-108.274489,36.724609],[-108.274492,36.724519],[-108.27438,36.724517],[-108.274377,36.724607],[-108.274489,36.724609]]]}},{"type":"Feature","properties":{"class":"extent","min_prob":0.5},"geometry":{"type":"Polygon","coordinates":[[[-108.22083,36.727966],[-108.220833,36.727876],[-108.220721,36.727873],[-108.220724,36.727783],[-108.220612,36.72778],[-108.220619,36.7276],[-108.220731,36.727603],[-108.220734,36.727513],[-108.220846,36.727515],[-108.220849,36.727425],[-108.220625,36.72742],[-108.220622,36.72751],[-108.220286,36.727502],[-108.220289,36.727412],[-108.220178,36.72741],[-108.220181,36.727319],[-108.220069,36.727317],[-108.220075,36.727137],[-108.220187,36.727139],[-108.220191,36.727049],[-108.220302,36.727052],[-108.220306,36.726962],[-108.220194,36.726959],[-108.220197,36.726869],[-108.220085,36.726866],[-108.220088,36.726776],[-108.219976,36.726774],[-108.21998,36.726684],[-108.219868,36.726681],[-108.219871,36.726591],[-108.219759,36.726588],[-108.219762,36.726498],[-108.21965,36.726496],[-108.219654,36.726406],[-108.219542,36.726403],[-108.219545,36.726313],[-108.219433,36.72631],[-108.219436,36.72622],[-108.219324,36.726218],[-108.219337,36.725857],[-108.219226,36.725855],[-108.219245,36.725314],[-108.219133,36.725311],[-108.219143,36.725041],[-108.219031,36.725039],[-108.219086,36.723507],[-108.219198,36.72351],[-108.219205,36.72333],[-108.219317,36.723332],[-108.21932,36.723242],[-108.218984,36.723234],[-108.218981,36.723324],[-108.218869,36.723322],[-108.218862,36.723502],[-108.218751,36.723499],[-108.218744,36.723679],[-108.218632,36.723677],[-108.218626,36.723857],[-108.218514,36.723854],[-108.218475,36.724935],[-108.218363,36.724933],[-108.218356,36.725113],[-108.218468,36.725116],[-108.218462,36.725296],[-108.218574,36.725298],[-108.21857,36.725388],[-108.218682,36.725391],[-108.218669,36.725751],[-108.218781,36.725754],[-108.218762,36.726295],[-108.218874,36.726297],[-108.21887,36.726387],[-108.218982,36.72639],[-108.218976,36.72657],[-108.219088,36.726573],[-108.219081,36.726753],[-108.219193,36.726755],[-108.21919,36.726846],[-108.219302,36.726848],[-108.219298,36.726938],[-108.219522,36.726943],[-108.219516,36.727124],[-108.21974,36.727129],[-108.219733,36.727309],[-108.219845,36.727312],[-108.219839,36.727492],[-108.21995,36.727494],[-108.219937,36.727855],[-108.220049,36.727857],[-108.220046,36.727947],[-108.22027,36.727953],[-108.220273,36.727863],[-108.220385,36.727865],[-108.220382,36.727955],[-108.22083,36.727966]]]}},{"type":"Feature","properties":{"class":"extent","min_prob":0.5},"geometry":{"type":"Polygon","coordinates":[[[-108.232854,36.723738],[-108.232861,36.723558],[-108.232749,36.723555],[-108.232752,36.723465],[-108.232528,36.72346],[-108.232525,36.72355],[-108.232637,36.723553],[-108.232634,36.723643],[-108.232746,36.723645],[-108.232742,36.723735],[-108.232854,36.723738]]]}},{"type":"Feature","properties":{"class":"extent","min_prob":0.5},"geometry":{"type":"Polygon","coordinates":[[[-108.240244,36.72382],[-108.24025,36.723639],[-108.240138,36.723637],[-108.240132,36.723817],[-108.240244,36.72382]]]}},{"type":"Feature","properties":{"class":"extent","min_prob":0.5},"geometry":{"type":"Polygon","coordinates":[[[-108.240471,36.723735],[-108.240474,36.723645],[-108.240362,36.723642],[-108.240359,36.723732],[-108.240471,36.723735]]]}},{"type":"Feature","properties":{"class":"extent","min_prob":0.5},"geometry":{"type":"Polygon","coordinates":[[[-108.311646,36.725455],[-108.311655,36.725185],[-108.311543,36.725182],[-108.311534,36.725452],[-108.311646,36.725455]]]}},{"type":"Feature","properties":{"class":"extent","min_prob":0.5},"geometry":{"type":"Polygon","coordinates":[[[-108.275723,36.724547],[-108.27573,36.724367],[-108.275394,36.72436],[-108.275388,36.72454],[-108.275499,36.724542],[-108.275503,36.724452],[-108.275615,36.724455],[-108.275611,36.724545],[-108.275723,36.724547]]]}},{"type":"Feature","properties":{"class":"extent","min_prob":0.5},"geometry":{"type":"Polygon","coordinates":[[[-108.312211,36.725287],[-108.312215,36.725197],[-108.312103,36.725195],[-108.3121,36.725285],[-108.312211,36.725287]]]}},{"type":"Feature","properties":{"class":"extent","min_prob":0.5},"geometry":{"type":"Polygon","coordinates":[[[-108.256026,36.724095],[-108.25603,36.724005],[-108.256142,36.724007],[-108.256148,36.723827],[-108.256036,36.723824],[-108.256033,36.723914],[-108.255921,36.723912],[-108.255914,36.724092],[-108.256026,36.724095]]]}},{"type":"Feature","properties":{"class":"extent","min_prob":0.5},"geometry":{"type":"Polygon","coordinates":[[[-108.229474,36.724291],[-108.229481,36.72411],[-108.229705,36.724116],[-108.229708,36.724025],[-108.22982,36.724028],[-108.229813,36.724208],[-108.229925,36.724211],[-108.229932,36.724031],[-108.230044,36.724033],[-108.230047,36.723943],[-108.230159,36.723946],[-108.230156,36.724036],[-108.230267,36.724039],[-108.230271,36.723948],[-108.230383,36.723951],[-108.230386,36.723861],[-108.230498,36.723864],[-108.230501,36.723773],[-108.230613,36.723776],[-108.230623,36.723506],[-108.230735,36.723508],[-108.230738,36.723418],[-108.231073,36.723426],[-108.23108,36.723246],[-108.230744,36.723238],[-108.230741,36.723328],[-108.230629,36.723326],[-108.230626,36.723416],[-108.23029,36.723408],[-108.230287,36.723498],[-108.229951,36.72349],[-108.229954,36.7234],[-108.229395,36.723387],[-108.229385,36.723657],[-108.229273,36.723655],[-108.22926,36.724015],[-108.229372,36.724018],[-108.229362,36.724288],[-108.229474,36.724291]]]}},{"type":"Feature","properties":{"class":"extent","min_prob":0.5},"geometry":{"type":"Polygon","coordinates":[[[-108.312327,36.7252],[-108.31233,36.72511],[-108.312218,36.725107],[-108.312215,36.725197],[-108.312327,36.7252]]]}},{"type":"Feature","properties":{"class":"extent","min_prob":0.5},"geometry":{"type":"Polygon","coordinates":[[[-108.282668,36.724526],[-108.282672,36.724436],[-108.28256,36.724433],[-108.282556,36.724523],[-108.282668,36.724526]]]}},{"type":"Feature","properties":{"class":"extent","min_prob":0.5},"geometry":{"type":"Polygon","coordinates":[[[-108.229301,36.726],[-108.229304,36.725909],[-108.229416,36.725912],[-108.229429,36.725552],[-108.229317,36.725549],[-108.229314,36.725639],[-108.229202,36.725637],[-108.229205,36.725547],[-108.228646,36.725533],[-108.228649,36.725443],[-108.228425,36.725438],[-108.228428,36.725348],[-108.228316,36.725345],[-108.22832,36.725255],[-108.228208,36.725253],[-108.228211,36.725163],[-108.227987,36.725157],[-108.227994,36.724977],[-108.227882,36.724975],[-108.227888,36.724795],[-108.227776,36.724792],[-108.227783,36.724612],[-108.227895,36.724614],[-108.227911,36.724164],[-108.227575,36.724156],[-108.227578,36.724066],[-108.227355,36.724061],[-108.227358,36.723971],[-108.227134,36.723965],[-108.22714,36.723785],[-108.227029,36.723783],[-108.227032,36.723693],[-108.22692,36.72369],[-108.226923,36.7236],[-108.226811,36.723597],[-108.226814,36.723507],[-108.226479,36.723499],[-108.226482,36.723409],[-108.22637,36.723407],[-108.226373,36.723317],[-108.226149,36.723311],[-108.226153,36.723221],[-108.226041,36.723219],[-108.226044,36.723129],[-108.22582,36.723123],[-108.225823,36.723033],[-108.2256,36.723028],[-108.225596,36.723118],[-108.225708,36.723121],[-108.225702,36.723301],[-108.225814,36.723304],[-108.225811,36.723394],[-108.225922,36.723396],[-108.225916,36.723576],[-108.22614,36.723582],[-108.226137,36.723672],[-108.226248,36.723674],[-108.226245,36.723764],[-108.226357,36.723767],[-108.226351,36.723947],[-108.226463,36.72395],[-108.226459,36.72404],[-108.226571,36.724043],[-108.226565,36.724223],[-108.226677,36.724225],[-108.226673,36.724315],[-108.226785,36.724318],[-108.226779,36.724498],[-108.226891,36.724501],[-108.226887,36.724591],[-108.226999,36.724593],[-108.226996,36.724684],[-108.227108,36.724686],[-108.227102,36.724866],[-108.227213,36.724869],[-108.22721,36.724959],[-108.227322,36.724962],[-108.227319,36.725052],[-108.227431,36.725054],[-108.227428,36.725144],[-108.227539,36.725147],[-108.227536,36.725237],[-108.22776,36.725242],[-108.227757,36.725332],[-108.227869,36.725335],[-108.227865,36.725425],[-108.227977,36.725428],[-108.227974,36.725518],[-108.228198,36.725523],[-108.228195,36.725613],[-108.228307,36.725616],[-108.228303,36.725706],[-108.228527,36.725711],[-108.228524,36.725801],[-108.228636,36.725804],[-108.228633,36.725894],[-108.228857,36.725899],[-108.228853,36.725989],[-108.229301,36.726]]]}},{"type":"Feature","properties":{"class":"extent","min_prob":0.5},"geometry":{"type":"Polygon","coordinates":[[[-108.293304,36.724678],[-108.293307,36.724588],[-108.293195,36.724586],[-108.293192,36.724676],[-108.293304,36.724678]]]}},{"type":"Feature","properties":{"class":"extent","min_prob":0.5},"geometry":{"type":"Polygon","coordinates":[[[-108.280657,36.72439],[-108.28066,36.7243],[-108.280548,36.724297],[-108.280545,36.724387],[-108.280657,36.72439]]]}},{"type":"Feature","properties":{"class":"extent","min_prob":0.5},"geometry":{"type":"Polygon","coordinates":[[[-108.259505,36.723904],[-108.259509,36.723814],[-108.259397,36.723812],[-108.259393,36.723902],[-108.259505,36.723904]]]}},{"type":"Feature","properties":{"class":"extent","min_prob":0.5},"geometry":{"type":"Polygon","coordinates":[[[-108.258834,36.723889],[-108.258837,36.723799],[-108.258725,36.723796],[-108.258722,36.723886],[-108.258834,36.723889]]]}},{"type":"Feature","properties":{"class":"extent","min_prob":0.5},"geometry":{"type":"Polygon","coordinates":[[[-108.256036,36.723824],[-108.256039,36.723734],[-108.255927,36.723732],[-108.255924,36.723822],[-108.256036,36.723824]]]}},{"type":"Feature","properties":{"class":"extent","min_prob":0.5},"geometry":{"type":"Polygon","coordinates":[[[-108.25156,36.723721],[-108.251563,36.723631],[-108.251451,36.723628],[-108.251448,36.723718],[-108.25156,36.723721]]]}},{"type":"Feature","properties":{"class":"extent","min_prob":0.5},"geometry":{"type":"Polygon","coordinates":[[[-108.231192,36.723249],[-108.231195,36.723158],[-108.231083,36.723156],[-108.23108,36.723246],[-108.231192,36.723249]]]}},{"type":"Feature","properties":{"class":"extent","min_prob":0.5},"geometry":{"type":"Polygon","coordinates":[[[-108.200305,36.722526],[-108.200309,36.722435],[-108.199861,36.722425],[-108.199858,36.722515],[-108.200305,36.722526]]]}},{"type":"Feature","properties":{"class":"extent","min_prob":0.5},"geometry":{"type":"Polygon","coordinates":[[[-108.199186,36.722499],[-108.19919,36.722409],[-108.199078,36.722406],[-108.199075,36.722497],[-108.199186,36.722499]]]}},{"type":"Feature","properties":{"class":"extent","min_prob":0.5},"geometry":{"type":"Polygon","coordinates":[[[-108.317891,36.726227],[-108.317897,36.726047],[-108.317786,36.726044],[-108.317789,36.725954],[-108.317677,36.725952],[-108.317683,36.725772],[-108.317571,36.725769],[-108.317577,36.725589],[-108.317465,36.725586],[-108.317484,36.725046],[-108.317372,36.725043],[-108.317369,36.725133],[-108.317257,36.725131],[-108.317254,36.725221],[-108.317366,36.725223],[-108.31736,36.725404],[-108.317248,36.725401],[-108.317245,36.725491],[-108.317133,36.725489],[-108.31713,36.725579],[-108.317018,36.725576],[-108.317015,36.725666],[-108.316791,36.725661],[-108.316785,36.725841],[-108.316673,36.725839],[-108.316669,36.725929],[-108.316781,36.725932],[-108.316775,36.726112],[-108.317111,36.726119],[-108.317114,36.726029],[-108.317226,36.726032],[-108.317223,36.726122],[-108.317559,36.726129],[-108.317562,36.726039],[-108.317674,36.726042],[-108.31767,36.726132],[-108.317782,36.726134],[-108.317779,36.726225],[-108.317891,36.726227]],[[-108.317002,36.726027],[-108.31689,36.726024],[-108.316896,36.725844],[-108.317232,36.725852],[-108.317229,36.725942],[-108.317005,36.725937],[-108.317002,36.726027]]]}},{"type":"Feature","properties":{"class":"extent","min_prob":0.5},"geometry":{"type":"Polygon","coordinates":[[[-108.311549,36.725002],[-108.311553,36.724912],[-108.311441,36.724909],[-108.311437,36.724999],[-108.311549,36.725002]]]}},{"type":"Feature","properties":{"class":"extent","min_prob":0.5},"geometry":{"type":"Polygon","coordinates":[[[-108.282451,36.724341],[-108.282454,36.724251],[-108.282342,36.724248],[-108.282339,36.724338],[-108.282451,36.724341]]]}},{"type":"Feature","properties":{"class":"extent","min_prob":0.5},"geometry":{"type":"Polygon","coordinates":[[[-108.256151,36.723737],[-108.256154,36.723647],[-108.256042,36.723644],[-108.256039,36.723734],[-108.256151,36.723737]]]}},{"type":"Feature","properties":{"class":"extent","min_prob":0.5},"geometry":{"type":"Polygon","coordinates":[[[-108.238022,36.723317],[-108.238025,36.723227],[-108.237913,36.723225],[-108.23791,36.723315],[-108.238022,36.723317]]]}},{"type":"Feature","properties":{"class":"extent","min_prob":0.5},"geometry":{"type":"Polygon","coordinates":[[[-108.311991,36.725192],[-108.311994,36.725102],[-108.312106,36.725105],[-108.312109,36.725015],[-108.311997,36.725012],[-108.312003,36.724832],[-108.311668,36.724824],[-108.311658,36.725095],[-108.31177,36.725097],[-108.311767,36.725187],[-108.311991,36.725192]]]}},{"type":"Feature","properties":{"class":"extent","min_prob":0.5},"geometry":{"type":"Polygon","coordinates":[[[-108.319045,36.725261],[-108.319048,36.725171],[-108.319272,36.725176],[-108.319278,36.724996],[-108.319054,36.724991],[-108.319051,36.725081],[-108.318715,36.725074],[-108.318709,36.725254],[-108.319045,36.725261]]]}},{"type":"Feature","properties":{"class":"extent","min_prob":0.5},"geometry":{"type":"Polygon","coordinates":[[[-108.251675,36.723633],[-108.251681,36.723453],[-108.251569,36.723451],[-108.251563,36.723631],[-108.251675,36.723633]]]}},{"type":"Feature","properties":{"class":"extent","min_prob":0.5},"geometry":{"type":"Polygon","coordinates":[[[-108.312336,36.72493],[-108.312339,36.724839],[-108.312227,36.724837],[-108.312224,36.724927],[-108.312336,36.72493]]]}},{"type":"Feature","properties":{"class":"extent","min_prob":0.5},"geometry":{"type":"Polygon","coordinates":[[[-108.293758,36.724508],[-108.293761,36.724418],[-108.293649,36.724416],[-108.293646,36.724506],[-108.293758,36.724508]]]}},{"type":"Feature","properties":{"class":"extent","min_prob":0.5},"geometry":{"type":"Polygon","coordinates":[[[-108.238137,36.72323],[-108.23814,36.72314],[-108.238028,36.723137],[-108.238025,36.723227],[-108.238137,36.72323]]]}},{"type":"Feature","properties":{"class":"extent","min_prob":0.5},"geometry":{"type":"Polygon","coordinates":[[[-108.237913,36.723225],[-108.237916,36.723134],[-108.237804,36.723132],[-108.237801,36.723222],[-108.237913,36.723225]]]}},{"type":"Feature","properties":{"class":"extent","min_prob":0.5},"geometry":{"type":"Polygon","coordinates":[[[-108.312115,36.724834],[-108.312118,36.724744],[-108.312006,36.724742],[-108.312003,36.724832],[-108.312115,36.724834]]]}},{"type":"Feature","properties":{"class":"extent","min_prob":0.5},"geometry":{"type":"Polygon","coordinates":[[[-108.282569,36.724163],[-108.282572,36.724073],[-108.28246,36.72407],[-108.282457,36.72416],[-108.282569,36.724163]]]}},{"type":"Feature","properties":{"class":"extent","min_prob":0.5},"geometry":{"type":"Polygon","coordinates":[[[-108.280667,36.72412],[-108.28067,36.724029],[-108.280558,36.724027],[-108.280555,36.724117],[-108.280667,36.72412]]]}},{"type":"Feature","properties":{"class":"extent","min_prob":0.5},"geometry":{"type":"Polygon","coordinates":[[[-108.282,36.72442],[-108.282016,36.72397],[-108.281904,36.723967],[-108.281888,36.724418],[-108.282,36.72442]]]}},{"type":"Feature","properties":{"class":"extent","min_prob":0.5},"geometry":{"type":"Polygon","coordinates":[[[-108.254143,36.72351],[-108.25415,36.72333],[-108.254038,36.723327],[-108.254031,36.723508],[-108.254143,36.72351]]]}},{"type":"Feature","properties":{"class":"extent","min_prob":0.5},"geometry":{"type":"Polygon","coordinates":[[[-108.312566,36.724754],[-108.312569,36.724664],[-108.312345,36.724659],[-108.312342,36.724749],[-108.312566,36.724754]]]}},{"type":"Feature","properties":{"class":"extent","min_prob":0.5},"geometry":{"type":"Polygon","coordinates":[[[-108.25202,36.723371],[-108.252023,36.723281],[-108.251911,36.723278],[-108.251908,36.723368],[-108.25202,36.723371]]]}},{"type":"Feature","properties":{"class":"extent","min_prob":0.5},"geometry":{"type":"Polygon","coordinates":[[[-108.251572,36.723361],[-108.251576,36.723271],[-108.251464,36.723268],[-108.25146,36.723358],[-108.251572,36.723361]]]}},{"type":"Feature","properties":{"class":"extent","min_prob":0.5},"geometry":{"type":"Polygon","coordinates":[[[-108.219231,36.722609],[-108.219234,36.722519],[-108.219122,36.722516],[-108.219119,36.722606],[-108.219231,36.722609]]]}},{"type":"Feature","properties":{"class":"extent","min_prob":0.5},"geometry":{"type":"Polygon","coordinates":[[[-108.250345,36.723242],[-108.250348,36.723152],[-108.250236,36.723149],[-108.250233,36.723239],[-108.250345,36.723242]]]}},{"type":"Feature","properties":{"class":"extent","min_prob":0.5},"geometry":{"type":"Polygon","coordinates":[[[-108.311229,36.724544],[-108.311232,36.724454],[-108.311121,36.724451],[-108.311117,36.724541],[-108.311229,36.724544]]]}},{"type":"Feature","properties":{"class":"extent","min_prob":0.5},"geometry":{"type":"Polygon","coordinates":[[[-108.283586,36.723916],[-108.283589,36.723826],[-108.283477,36.723823],[-108.283474,36.723913],[-108.283586,36.723916]]]}},{"type":"Feature","properties":{"class":"extent","min_prob":0.5},"geometry":{"type":"Polygon","coordinates":[[[-108.251019,36.723168],[-108.251022,36.723077],[-108.250911,36.723075],[-108.250907,36.723165],[-108.251019,36.723168]]]}},{"type":"Feature","properties":{"class":"extent","min_prob":0.5},"geometry":{"type":"Polygon","coordinates":[[[-108.219461,36.722434],[-108.219464,36.722344],[-108.21924,36.722339],[-108.219237,36.722429],[-108.219461,36.722434]]]}},{"type":"Feature","properties":{"class":"extent","min_prob":0.5},"geometry":{"type":"Polygon","coordinates":[[[-108.28773,36.72392],[-108.287733,36.72383],[-108.287621,36.723828],[-108.287618,36.723918],[-108.28773,36.72392]]]}},{"type":"Feature","properties":{"class":"extent","min_prob":0.5},"geometry":{"type":"Polygon","coordinates":[[[-108.266131,36.723426],[-108.266134,36.723336],[-108.266022,36.723333],[-108.266019,36.723423],[-108.266131,36.723426]]]}},{"type":"Feature","properties":{"class":"extent","min_prob":0.5},"geometry":{"type":"Polygon","coordinates":[[[-108.250911,36.723075],[-108.250914,36.722985],[-108.250802,36.722982],[-108.250799,36.723072],[-108.250911,36.723075]]]}},{"type":"Feature","properties":{"class":"extent","min_prob":0.5},"geometry":{"type":"Polygon","coordinates":[[[-108.223269,36.722433],[-108.223272,36.722343],[-108.22316,36.72234],[-108.223157,36.72243],[-108.223269,36.722433]]]}},{"type":"Feature","properties":{"class":"extent","min_prob":0.5},"geometry":{"type":"Polygon","coordinates":[[[-108.27408,36.723518],[-108.274083,36.723428],[-108.273971,36.723425],[-108.273968,36.723515],[-108.27408,36.723518]]]}},{"type":"Feature","properties":{"class":"extent","min_prob":0.5},"geometry":{"type":"Polygon","coordinates":[[[-108.220363,36.722275],[-108.220366,36.722185],[-108.220254,36.722182],[-108.220251,36.722272],[-108.220363,36.722275]]]}},{"type":"Feature","properties":{"class":"extent","min_prob":0.5},"geometry":{"type":"Polygon","coordinates":[[[-108.219691,36.722259],[-108.219695,36.722169],[-108.219583,36.722166],[-108.219579,36.722256],[-108.219691,36.722259]]]}},{"type":"Feature","properties":{"class":"extent","min_prob":0.5},"geometry":{"type":"Polygon","coordinates":[[[-108.225292,36.725365],[-108.225295,36.725275],[-108.225183,36.725272],[-108.225202,36.724732],[-108.22509,36.724729],[-108.225094,36.724639],[-108.224982,36.724637],[-108.224991,36.724366],[-108.22488,36.724364],[-108.224883,36.724274],[-108.225107,36.724279],[-108.22511,36.724189],[-108.225222,36.724191],[-108.225225,36.724101],[-108.225113,36.724099],[-108.225116,36.724009],[-108.224893,36.724003],[-108.224896,36.723913],[-108.22512,36.723919],[-108.225123,36.723828],[-108.225235,36.723831],[-108.225232,36.723921],[-108.225343,36.723924],[-108.22534,36.724014],[-108.225452,36.724016],[-108.225449,36.724107],[-108.225561,36.724109],[-108.225558,36.724199],[-108.225669,36.724202],[-108.225666,36.724292],[-108.225778,36.724295],[-108.225775,36.724385],[-108.225887,36.724387],[-108.22588,36.724567],[-108.225992,36.72457],[-108.225986,36.72475],[-108.22621,36.724755],[-108.226206,36.724845],[-108.226318,36.724848],[-108.226315,36.724938],[-108.226427,36.724941],[-108.226424,36.725031],[-108.226536,36.725033],[-108.226532,36.725124],[-108.226644,36.725126],[-108.226654,36.724856],[-108.226542,36.724853],[-108.226545,36.724763],[-108.226433,36.724761],[-108.226437,36.724671],[-108.226325,36.724668],[-108.226328,36.724578],[-108.226216,36.724575],[-108.226222,36.724395],[-108.226111,36.724392],[-108.226114,36.724302],[-108.226002,36.7243],[-108.226005,36.72421],[-108.225893,36.724207],[-108.2259,36.724027],[-108.225788,36.724024],[-108.225791,36.723934],[-108.225679,36.723932],[-108.225689,36.723661],[-108.225577,36.723659],[-108.22558,36.723569],[-108.225468,36.723566],[-108.225475,36.723386],[-108.225363,36.723383],[-108.225366,36.723293],[-108.225254,36.723291],[-108.225257,36.7232],[-108.225146,36.723198],[-108.225152,36.723018],[-108.22504,36.723015],[-108.225043,36.722925],[-108.224931,36.722922],[-108.224935,36.722832],[-108.224823,36.72283],[-108.224829,36.722649],[-108.224605,36.722644],[-108.224609,36.722554],[-108.224497,36.722552],[-108.224494,36.722642],[-108.224382,36.722639],[-108.224372,36.722909],[-108.224484,36.722912],[-108.224477,36.723092],[-108.224589,36.723095],[-108.224586,36.723185],[-108.224474,36.723182],[-108.224471,36.723272],[-108.224583,36.723275],[-108.22458,36.723365],[-108.224468,36.723362],[-108.224464,36.723452],[-108.224352,36.72345],[-108.224356,36.72336],[-108.224244,36.723357],[-108.224247,36.723267],[-108.224135,36.723264],[-108.224138,36.723174],[-108.224026,36.723172],[-108.224033,36.722992],[-108.223921,36.722989],[-108.223924,36.722899],[-108.224036,36.722901],[-108.224039,36.722811],[-108.223928,36.722809],[-108.223934,36.722629],[-108.223822,36.722626],[-108.223825,36.722536],[-108.223713,36.722533],[-108.22372,36.722353],[-108.223608,36.72235],[-108.223615,36.72217],[-108.223279,36.722162],[-108.223272,36.722343],[-108.223384,36.722345],[-108.223374,36.722616],[-108.223263,36.722613],[-108.223256,36.722793],[-108.22348,36.722798],[-108.223477,36.722888],[-108.223589,36.722891],[-108.223592,36.722801],[-108.223704,36.722804],[-108.223697,36.722984],[-108.223585,36.722981],[-108.223582,36.723071],[-108.223246,36.723063],[-108.22324,36.723244],[-108.223128,36.723241],[-108.223125,36.723331],[-108.222901,36.723326],[-108.222898,36.723416],[-108.22301,36.723418],[-108.223006,36.723509],[-108.223118,36.723511],[-108.223121,36.723421],[-108.223233,36.723424],[-108.22323,36.723514],[-108.223678,36.723524],[-108.223675,36.723614],[-108.223786,36.723617],[-108.22379,36.723527],[-108.223902,36.723529],[-108.223905,36.723439],[-108.224017,36.723442],[-108.22401,36.723622],[-108.224122,36.723625],[-108.224125,36.723535],[-108.224349,36.72354],[-108.224346,36.72363],[-108.224458,36.723633],[-108.224451,36.723813],[-108.224563,36.723815],[-108.22456,36.723905],[-108.224448,36.723903],[-108.224445,36.723993],[-108.224557,36.723996],[-108.224554,36.724086],[-108.224442,36.724083],[-108.224438,36.724173],[-108.22455,36.724176],[-108.224541,36.724446],[-108.224652,36.724449],[-108.224649,36.724539],[-108.224761,36.724541],[-108.224758,36.724631],[-108.22487,36.724634],[-108.224867,36.724724],[-108.224643,36.724719],[-108.22464,36.724809],[-108.224751,36.724812],[-108.224745,36.724992],[-108.224969,36.724997],[-108.224959,36.725267],[-108.225071,36.72527],[-108.225068,36.72536],[-108.225292,36.725365]],[[-108.223464,36.723249],[-108.223352,36.723246],[-108.223355,36.723156],[-108.223467,36.723159],[-108.223464,36.723249]]]}},{"type":"Feature","properties":{"class":"extent","min_prob":0.5},"geometry":{"type":"Polygon","coordinates":[[[-108.224382,36.722639],[-108.224388,36.722459],[-108.2245,36.722461],[-108.224507,36.722281],[-108.224395,36.722279],[-108.224398,36.722189],[-108.224062,36.722181],[-108.224056,36.722361],[-108.224168,36.722364],[-108.224164,36.722454],[-108.223829,36.722446],[-108.223825,36.722536],[-108.224273,36.722546],[-108.22427,36.722636],[-108.224382,36.722639]]]}},{"type":"Feature","properties":{"class":"extent","min_prob":0.5},"geometry":{"type":"Polygon","coordinates":[[[-108.266697,36.723258],[-108.2667,36.723168],[-108.266588,36.723166],[-108.266585,36.723256],[-108.266697,36.723258]]]}},{"type":"Feature","properties":{"class":"extent","min_prob":0.5},"geometry":{"type":"Polygon","coordinates":[[[-108.19706,36.722449],[-108.197067,36.722269],[-108.197179,36.722272],[-108.197185,36.722091],[-108.197297,36.722094],[-108.1973,36.722004],[-108.197189,36.722001],[-108.197195,36.721821],[-108.197307,36.721824],[-108.19731,36.721734],[-108.197422,36.721736],[-108.197432,36.721466],[-108.19732,36.721463],[-108.197317,36.721554],[-108.196869,36.721543],[-108.196866,36.721633],[-108.196754,36.72163],[-108.196747,36.721811],[-108.196859,36.721813],[-108.19685,36.722083],[-108.196738,36.722081],[-108.196731,36.722261],[-108.196843,36.722264],[-108.196836,36.722444],[-108.19706,36.722449]]]}},{"type":"Feature","properties":{"class":"extent","min_prob":0.5},"geometry":{"type":"Polygon","coordinates":[[[-108.219909,36.722444],[-108.219912,36.722354],[-108.220248,36.722362],[-108.220251,36.722272],[-108.220139,36.722269],[-108.220142,36.722179],[-108.220254,36.722182],[-108.220261,36.722002],[-108.220149,36.721999],[-108.220145,36.722089],[-108.219922,36.722084],[-108.219918,36.722174],[-108.219806,36.722172],[-108.219803,36.722262],[-108.219691,36.722259],[-108.219688,36.722349],[-108.219576,36.722346],[-108.219573,36.722437],[-108.219909,36.722444]]]}},{"type":"Feature","properties":{"class":"extent","min_prob":0.5},"geometry":{"type":"Polygon","coordinates":[[[-108.219356,36.722251],[-108.219359,36.722161],[-108.219583,36.722166],[-108.219586,36.722076],[-108.219474,36.722074],[-108.219477,36.721984],[-108.219253,36.721978],[-108.219244,36.722249],[-108.219356,36.722251]]]}},{"type":"Feature","properties":{"class":"extent","min_prob":0.5},"geometry":{"type":"Polygon","coordinates":[[[-108.236602,36.722292],[-108.236609,36.722112],[-108.236497,36.72211],[-108.23649,36.72229],[-108.236602,36.722292]]]}},{"type":"Feature","properties":{"class":"extent","min_prob":0.5},"geometry":{"type":"Polygon","coordinates":[[[-108.219484,36.721803],[-108.219487,36.721713],[-108.219375,36.721711],[-108.219372,36.721801],[-108.219484,36.721803]]]}},{"type":"Feature","properties":{"class":"extent","min_prob":0.5},"geometry":{"type":"Polygon","coordinates":[[[-108.251252,36.726058],[-108.251255,36.725968],[-108.251591,36.725976],[-108.251594,36.725886],[-108.251482,36.725883],[-108.251486,36.725793],[-108.25115,36.725785],[-108.25116,36.725515],[-108.251271,36.725518],[-108.251265,36.725698],[-108.251377,36.7257],[-108.251387,36.72543],[-108.251499,36.725433],[-108.251508,36.725162],[-108.25162,36.725165],[-108.251623,36.725075],[-108.251847,36.72508],[-108.251854,36.7249],[-108.251742,36.724897],[-108.251745,36.724807],[-108.251633,36.724805],[-108.251639,36.724624],[-108.251751,36.724627],[-108.251754,36.724537],[-108.251643,36.724534],[-108.251652,36.724264],[-108.25154,36.724262],[-108.25155,36.723991],[-108.251326,36.723986],[-108.251329,36.723896],[-108.251217,36.723893],[-108.251224,36.723713],[-108.250888,36.723705],[-108.250895,36.723525],[-108.250783,36.723523],[-108.250786,36.723433],[-108.25101,36.723438],[-108.251006,36.723528],[-108.251118,36.72353],[-108.251115,36.723621],[-108.251227,36.723623],[-108.251233,36.723443],[-108.251122,36.72344],[-108.251131,36.72317],[-108.251019,36.723168],[-108.251013,36.723348],[-108.250901,36.723345],[-108.250904,36.723255],[-108.250792,36.723252],[-108.250795,36.723162],[-108.250684,36.72316],[-108.25068,36.72325],[-108.250568,36.723247],[-108.250565,36.723337],[-108.250229,36.72333],[-108.250223,36.72351],[-108.250111,36.723507],[-108.250114,36.723417],[-108.249891,36.723412],[-108.249897,36.723232],[-108.249785,36.723229],[-108.249788,36.723139],[-108.250124,36.723147],[-108.250127,36.723057],[-108.250015,36.723054],[-108.250018,36.722964],[-108.249907,36.722961],[-108.24991,36.722871],[-108.249798,36.722869],[-108.249804,36.722689],[-108.24958,36.722683],[-108.249577,36.722774],[-108.249465,36.722771],[-108.249475,36.722501],[-108.249139,36.722493],[-108.249136,36.722583],[-108.249248,36.722586],[-108.249245,36.722676],[-108.249357,36.722678],[-108.24935,36.722858],[-108.249462,36.722861],[-108.249459,36.722951],[-108.249235,36.722946],[-108.249242,36.722766],[-108.248011,36.722737],[-108.248007,36.722827],[-108.247895,36.722825],[-108.247892,36.722915],[-108.24778,36.722912],[-108.247777,36.723002],[-108.247329,36.722992],[-108.247323,36.723172],[-108.247099,36.723167],[-108.247096,36.723257],[-108.247208,36.72326],[-108.247205,36.72335],[-108.247317,36.723352],[-108.247313,36.723442],[-108.247201,36.72344],[-108.247198,36.72353],[-108.247086,36.723527],[-108.247083,36.723617],[-108.246747,36.72361],[-108.246751,36.72352],[-108.246639,36.723517],[-108.246642,36.723427],[-108.246754,36.723429],[-108.246757,36.723339],[-108.246869,36.723342],[-108.246875,36.723162],[-108.246987,36.723164],[-108.24699,36.723074],[-108.247214,36.72308],[-108.247218,36.722989],[-108.246882,36.722982],[-108.246885,36.722892],[-108.246773,36.722889],[-108.246783,36.722619],[-108.246447,36.722611],[-108.24645,36.722521],[-108.246226,36.722516],[-108.24623,36.722426],[-108.246006,36.72242],[-108.246009,36.72233],[-108.245785,36.722325],[-108.245788,36.722235],[-108.245677,36.722232],[-108.245673,36.722323],[-108.245561,36.72232],[-108.245558,36.72241],[-108.245446,36.722407],[-108.24544,36.722588],[-108.245552,36.72259],[-108.245542,36.72286],[-108.245654,36.722863],[-108.245638,36.723314],[-108.24575,36.723316],[-108.245737,36.723676],[-108.245625,36.723674],[-108.245622,36.723764],[-108.245846,36.723769],[-108.245839,36.723949],[-108.245615,36.723944],[-108.245612,36.724034],[-108.2455,36.724032],[-108.245497,36.724122],[-108.245385,36.724119],[-108.245369,36.72457],[-108.245257,36.724567],[-108.245244,36.724927],[-108.245132,36.724925],[-108.245126,36.725105],[-108.244902,36.7251],[-108.244899,36.72519],[-108.244787,36.725187],[-108.244784,36.725277],[-108.244672,36.725275],[-108.244669,36.725365],[-108.244892,36.72537],[-108.244896,36.72528],[-108.245119,36.725285],[-108.245123,36.725195],[-108.245346,36.7252],[-108.24535,36.72511],[-108.245574,36.725115],[-108.245577,36.725025],[-108.245689,36.725028],[-108.245692,36.724938],[-108.245916,36.724943],[-108.245919,36.724853],[-108.246143,36.724858],[-108.246146,36.724768],[-108.246258,36.72477],[-108.246261,36.72468],[-108.246149,36.724678],[-108.246152,36.724588],[-108.246488,36.724595],[-108.246485,36.724686],[-108.246597,36.724688],[-108.2466,36.724598],[-108.246712,36.724601],[-108.246715,36.724511],[-108.246939,36.724516],[-108.246942,36.724426],[-108.247502,36.724439],[-108.247505,36.724349],[-108.247617,36.724351],[-108.247627,36.724081],[-108.24785,36.724086],[-108.247844,36.724266],[-108.247956,36.724269],[-108.247949,36.724449],[-108.248173,36.724454],[-108.24817,36.724544],[-108.248618,36.724555],[-108.248614,36.724645],[-108.248838,36.72465],[-108.248832,36.72483],[-108.249168,36.724838],[-108.249164,36.724928],[-108.249388,36.724933],[-108.249385,36.725023],[-108.249609,36.725028],[-108.249606,36.725118],[-108.249829,36.725124],[-108.249826,36.725214],[-108.25005,36.725219],[-108.250047,36.725309],[-108.250271,36.725314],[-108.250267,36.725404],[-108.250379,36.725407],[-108.250376,36.725497],[-108.2506,36.725502],[-108.250597,36.725592],[-108.250709,36.725595],[-108.250705,36.725685],[-108.250929,36.72569],[-108.250926,36.72578],[-108.251038,36.725783],[-108.251032,36.725963],[-108.251143,36.725965],[-108.25114,36.726056],[-108.251252,36.726058]],[[-108.251044,36.725602],[-108.250933,36.7256],[-108.250936,36.72551],[-108.251048,36.725512],[-108.251044,36.725602]],[[-108.250936,36.72551],[-108.250712,36.725505],[-108.250715,36.725415],[-108.250939,36.72542],[-108.250936,36.72551]],[[-108.251387,36.72543],[-108.251275,36.725427],[-108.251278,36.725337],[-108.25139,36.72534],[-108.251387,36.72543]],[[-108.250494,36.725319],[-108.250271,36.725314],[-108.250274,36.725224],[-108.250498,36.725229],[-108.250494,36.725319]],[[-108.251393,36.72525],[-108.251281,36.725247],[-108.251291,36.724977],[-108.251403,36.72498],[-108.251393,36.72525]],[[-108.251738,36.724987],[-108.251626,36.724985],[-108.25163,36.724895],[-108.251742,36.724897],[-108.251738,36.724987]],[[-108.250843,36.724967],[-108.250731,36.724964],[-108.250738,36.724784],[-108.25085,36.724787],[-108.250843,36.724967]],[[-108.249842,36.724763],[-108.24973,36.724761],[-108.249734,36.724671],[-108.249846,36.724673],[-108.249842,36.724763]],[[-108.249395,36.724753],[-108.249283,36.72475],[-108.249286,36.72466],[-108.249398,36.724663],[-108.249395,36.724753]],[[-108.250293,36.724683],[-108.250181,36.724681],[-108.250184,36.724591],[-108.250296,36.724593],[-108.250293,36.724683]],[[-108.249286,36.72466],[-108.249174,36.724658],[-108.24918,36.724477],[-108.249292,36.72448],[-108.249286,36.72466]],[[-108.251527,36.724622],[-108.251416,36.724619],[-108.251419,36.724529],[-108.251307,36.724527],[-108.251316,36.724256],[-108.251428,36.724259],[-108.251422,36.724439],[-108.251534,36.724442],[-108.251527,36.724622]],[[-108.250184,36.724591],[-108.250073,36.724588],[-108.250076,36.724498],[-108.250188,36.724501],[-108.250184,36.724591]],[[-108.248957,36.724472],[-108.248845,36.72447],[-108.248848,36.72438],[-108.24896,36.724382],[-108.248957,36.724472]],[[-108.250418,36.724326],[-108.250194,36.724321],[-108.250197,36.72423],[-108.249973,36.724225],[-108.249977,36.724135],[-108.250089,36.724138],[-108.250095,36.723958],[-108.250319,36.723963],[-108.250322,36.723873],[-108.25021,36.72387],[-108.250213,36.72378],[-108.250661,36.72379],[-108.250658,36.72388],[-108.250546,36.723878],[-108.250539,36.724058],[-108.250651,36.724061],[-108.250648,36.724151],[-108.250536,36.724148],[-108.250533,36.724238],[-108.250421,36.724236],[-108.250418,36.724326]],[[-108.249523,36.724305],[-108.249411,36.724302],[-108.249414,36.724212],[-108.249526,36.724215],[-108.249523,36.724305]],[[-108.251093,36.724251],[-108.250981,36.724249],[-108.250984,36.724158],[-108.250872,36.724156],[-108.250875,36.724066],[-108.250987,36.724068],[-108.25099,36.723978],[-108.251102,36.723981],[-108.251093,36.724251]],[[-108.248966,36.724202],[-108.248854,36.724199],[-108.248861,36.724019],[-108.248973,36.724022],[-108.248986,36.723661],[-108.249097,36.723664],[-108.249101,36.723574],[-108.249213,36.723577],[-108.249197,36.724027],[-108.249085,36.724024],[-108.249081,36.724114],[-108.24897,36.724112],[-108.248966,36.724202]],[[-108.25132,36.724166],[-108.251208,36.724164],[-108.251214,36.723983],[-108.251326,36.723986],[-108.25132,36.724166]],[[-108.247854,36.723996],[-108.247742,36.723993],[-108.247745,36.723903],[-108.247857,36.723906],[-108.247854,36.723996]],[[-108.250878,36.723976],[-108.250767,36.723973],[-108.25077,36.723883],[-108.250882,36.723886],[-108.250878,36.723976]],[[-108.24786,36.723816],[-108.247524,36.723808],[-108.247528,36.723718],[-108.247416,36.723715],[-108.247422,36.723535],[-108.24731,36.723533],[-108.247313,36.723442],[-108.247425,36.723445],[-108.247428,36.723355],[-108.247876,36.723365],[-108.24787,36.723545],[-108.247982,36.723548],[-108.247975,36.723728],[-108.247863,36.723726],[-108.24786,36.723816]],[[-108.25044,36.723695],[-108.250329,36.723693],[-108.250332,36.723602],[-108.250444,36.723605],[-108.25044,36.723695]],[[-108.249436,36.723582],[-108.249213,36.723577],[-108.249216,36.723486],[-108.24944,36.723492],[-108.249436,36.723582]],[[-108.24967,36.723317],[-108.249558,36.723314],[-108.249561,36.723224],[-108.249673,36.723227],[-108.24967,36.723317]],[[-108.249222,36.723306],[-108.248998,36.723301],[-108.249002,36.723211],[-108.249225,36.723216],[-108.249222,36.723306]],[[-108.249676,36.723136],[-108.249564,36.723134],[-108.249568,36.723044],[-108.24968,36.723046],[-108.249676,36.723136]],[[-108.246767,36.723069],[-108.246655,36.723067],[-108.246658,36.722976],[-108.246546,36.722974],[-108.246549,36.722884],[-108.246773,36.722889],[-108.246767,36.723069]],[[-108.249568,36.723044],[-108.249456,36.723041],[-108.249459,36.722951],[-108.249571,36.722954],[-108.249568,36.723044]],[[-108.249011,36.722941],[-108.248899,36.722938],[-108.248903,36.722848],[-108.249015,36.722851],[-108.249011,36.722941]],[[-108.248116,36.72292],[-108.248004,36.722917],[-108.248007,36.722827],[-108.248119,36.72283],[-108.248116,36.72292]]]}},{"type":"Feature","properties":{"class":"extent","min_prob":0.5},"geometry":{"type":"Polygon","coordinates":[[[-108.196541,36.72442],[-108.196544,36.72433],[-108.196656,36.724333],[-108.196662,36.724153],[-108.196886,36.724158],[-108.196896,36.723888],[-108.197008,36.72389],[-108.197014,36.72371],[-108.197238,36.723716],[-108.197241,36.723625],[-108.197353,36.723628],[-108.197357,36.723538],[-108.197692,36.723546],[-108.197699,36.723366],[-108.197587,36.723363],[-108.19759,36.723273],[-108.197702,36.723276],[-108.197705,36.723186],[-108.197817,36.723188],[-108.197821,36.723098],[-108.197933,36.723101],[-108.197936,36.723011],[-108.19816,36.723016],[-108.198156,36.723106],[-108.198268,36.723109],[-108.198265,36.723199],[-108.198601,36.723207],[-108.198604,36.723117],[-108.198716,36.723119],[-108.198726,36.722849],[-108.198838,36.722852],[-108.198834,36.722942],[-108.198946,36.722944],[-108.198943,36.723034],[-108.199055,36.723037],[-108.199052,36.723127],[-108.199164,36.72313],[-108.19917,36.72295],[-108.199282,36.722952],[-108.199289,36.722772],[-108.1994,36.722775],[-108.199404,36.722685],[-108.199292,36.722682],[-108.199295,36.722592],[-108.199519,36.722597],[-108.199522,36.722507],[-108.199634,36.72251],[-108.199637,36.72242],[-108.199749,36.722422],[-108.199753,36.722332],[-108.199529,36.722327],[-108.199532,36.722237],[-108.19942,36.722234],[-108.199423,36.722144],[-108.199311,36.722141],[-108.199305,36.722322],[-108.199193,36.722319],[-108.19919,36.722409],[-108.199302,36.722412],[-108.199298,36.722502],[-108.199186,36.722499],[-108.19918,36.722679],[-108.198956,36.722674],[-108.198966,36.722404],[-108.199078,36.722406],[-108.199084,36.722226],[-108.198972,36.722224],[-108.198979,36.722043],[-108.199091,36.722046],[-108.199094,36.721956],[-108.199318,36.721961],[-108.199325,36.721781],[-108.199436,36.721784],[-108.199433,36.721874],[-108.199657,36.721879],[-108.19966,36.721789],[-108.199548,36.721786],[-108.199552,36.721696],[-108.199887,36.721704],[-108.199894,36.721524],[-108.199782,36.721521],[-108.199789,36.721341],[-108.199677,36.721339],[-108.199683,36.721158],[-108.199459,36.721153],[-108.199456,36.721243],[-108.199344,36.721241],[-108.199338,36.721421],[-108.199226,36.721418],[-108.199222,36.721508],[-108.199111,36.721506],[-108.199107,36.721596],[-108.198995,36.721593],[-108.198989,36.721773],[-108.198877,36.721771],[-108.198874,36.721861],[-108.198762,36.721858],[-108.198758,36.721948],[-108.198647,36.721946],[-108.198643,36.722036],[-108.198531,36.722033],[-108.198528,36.722123],[-108.198416,36.72212],[-108.19841,36.722301],[-108.198298,36.722298],[-108.198294,36.722388],[-108.198183,36.722385],[-108.198179,36.722475],[-108.198067,36.722473],[-108.198064,36.722563],[-108.197952,36.72256],[-108.197949,36.72265],[-108.197837,36.722648],[-108.197834,36.722738],[-108.19761,36.722733],[-108.197607,36.722823],[-108.197495,36.72282],[-108.197491,36.72291],[-108.19738,36.722907],[-108.197376,36.722998],[-108.197153,36.722992],[-108.197149,36.723082],[-108.197037,36.72308],[-108.197034,36.72317],[-108.196922,36.723167],[-108.196916,36.723347],[-108.196804,36.723345],[-108.1968,36.723435],[-108.196688,36.723432],[-108.196682,36.723612],[-108.19657,36.72361],[-108.196567,36.7237],[-108.196455,36.723697],[-108.196452,36.723787],[-108.19634,36.723785],[-108.196333,36.723965],[-108.196221,36.723962],[-108.196218,36.724052],[-108.196106,36.72405],[-108.196103,36.72414],[-108.195991,36.724137],[-108.195984,36.724317],[-108.196096,36.72432],[-108.196099,36.72423],[-108.196211,36.724232],[-108.196208,36.724322],[-108.196432,36.724328],[-108.196429,36.724418],[-108.196541,36.72442]],[[-108.197584,36.723453],[-108.197472,36.723451],[-108.197475,36.72336],[-108.197587,36.723363],[-108.197584,36.723453]],[[-108.199173,36.72286],[-108.199061,36.722857],[-108.199065,36.722767],[-108.199177,36.722769],[-108.199173,36.72286]],[[-108.198736,36.722579],[-108.198624,36.722576],[-108.198627,36.722486],[-108.198739,36.722489],[-108.198736,36.722579]]]}},{"type":"Feature","properties":{"class":"extent","min_prob":0.5},"geometry":{"type":"Polygon","coordinates":[[[-108.251381,36.722455],[-108.251384,36.722364],[-108.251272,36.722362],[-108.251269,36.722452],[-108.251381,36.722455]]]}},{"type":"Feature","properties":{"class":"extent","min_prob":0.5},"geometry":{"type":"Polygon","coordinates":[[[-108.249143,36.722403],[-108.249146,36.722313],[-108.249034,36.72231],[-108.249031,36.7224],[-108.249143,36.722403]]]}},{"type":"Feature","properties":{"class":"extent","min_prob":0.5},"geometry":{"type":"Polygon","coordinates":[[[-108.236721,36.722115],[-108.236724,36.722025],[-108.236612,36.722022],[-108.236609,36.722112],[-108.236721,36.722115]]]}},{"type":"Feature","properties":{"class":"extent","min_prob":0.5},"geometry":{"type":"Polygon","coordinates":[[[-108.22083,36.721745],[-108.220833,36.721655],[-108.220721,36.721652],[-108.220718,36.721742],[-108.22083,36.721745]]]}},{"type":"Feature","properties":{"class":"extent","min_prob":0.5},"geometry":{"type":"Polygon","coordinates":[[[-108.225402,36.722302],[-108.225405,36.722212],[-108.225293,36.722209],[-108.225296,36.722119],[-108.225184,36.722117],[-108.225191,36.721937],[-108.225079,36.721934],[-108.225089,36.721664],[-108.224977,36.721661],[-108.224974,36.721751],[-108.22475,36.721746],[-108.224747,36.721836],[-108.224858,36.721839],[-108.224855,36.721929],[-108.224967,36.721931],[-108.224961,36.722112],[-108.225073,36.722114],[-108.225066,36.722294],[-108.225402,36.722302]]]}},{"type":"Feature","properties":{"class":"extent","min_prob":0.5},"geometry":{"type":"Polygon","coordinates":[[[-108.236948,36.72203],[-108.236951,36.72194],[-108.236727,36.721935],[-108.236724,36.722025],[-108.236948,36.72203]]]}},{"type":"Feature","properties":{"class":"extent","min_prob":0.5},"geometry":{"type":"Polygon","coordinates":[[[-108.224184,36.721913],[-108.224187,36.721823],[-108.224635,36.721833],[-108.224638,36.721743],[-108.22475,36.721746],[-108.224753,36.721656],[-108.224529,36.721651],[-108.224526,36.721741],[-108.224078,36.72173],[-108.224075,36.72182],[-108.223851,36.721815],[-108.223848,36.721905],[-108.224184,36.721913]]]}},{"type":"Feature","properties":{"class":"extent","min_prob":0.5},"geometry":{"type":"Polygon","coordinates":[[[-108.241635,36.722499],[-108.241638,36.722409],[-108.24175,36.722412],[-108.241753,36.722322],[-108.241865,36.722324],[-108.241878,36.721964],[-108.241766,36.721962],[-108.241763,36.722052],[-108.241651,36.722049],[-108.241648,36.722139],[-108.241536,36.722136],[-108.241539,36.722046],[-108.241427,36.722044],[-108.241418,36.722314],[-108.241306,36.722311],[-108.241302,36.722402],[-108.241414,36.722404],[-108.241411,36.722494],[-108.241635,36.722499]]]}},{"type":"Feature","properties":{"class":"extent","min_prob":0.5},"geometry":{"type":"Polygon","coordinates":[[[-108.248583,36.72239],[-108.248593,36.72212],[-108.248481,36.722117],[-108.248474,36.722297],[-108.248362,36.722295],[-108.248359,36.722385],[-108.248583,36.72239]]]}},{"type":"Feature","properties":{"class":"extent","min_prob":0.5},"geometry":{"type":"Polygon","coordinates":[[[-108.220721,36.721652],[-108.220728,36.721472],[-108.220392,36.721464],[-108.220389,36.721554],[-108.220613,36.721559],[-108.220609,36.721649],[-108.220721,36.721652]]]}},{"type":"Feature","properties":{"class":"extent","min_prob":0.5},"geometry":{"type":"Polygon","coordinates":[[[-108.282275,36.722984],[-108.282278,36.722894],[-108.282166,36.722892],[-108.282163,36.722982],[-108.282275,36.722984]]]}},{"type":"Feature","properties":{"class":"extent","min_prob":0.5},"geometry":{"type":"Polygon","coordinates":[[[-108.241651,36.722049],[-108.241654,36.721959],[-108.241542,36.721956],[-108.241539,36.722046],[-108.241651,36.722049]]]}},{"type":"Feature","properties":{"class":"extent","min_prob":0.5},"geometry":{"type":"Polygon","coordinates":[[[-108.224977,36.721661],[-108.22498,36.721571],[-108.224868,36.721568],[-108.224865,36.721659],[-108.224977,36.721661]]]}},{"type":"Feature","properties":{"class":"extent","min_prob":0.5},"geometry":{"type":"Polygon","coordinates":[[[-108.23468,36.722789],[-108.234684,36.722699],[-108.234907,36.722704],[-108.234911,36.722614],[-108.235135,36.722619],[-108.235138,36.722529],[-108.23525,36.722532],[-108.235253,36.722441],[-108.235365,36.722444],[-108.235368,36.722354],[-108.235704,36.722362],[-108.235707,36.722272],[-108.235819,36.722274],[-108.235822,36.722184],[-108.235934,36.722187],[-108.235937,36.722097],[-108.236049,36.722099],[-108.236052,36.722009],[-108.236164,36.722012],[-108.236168,36.721922],[-108.236279,36.721924],[-108.236283,36.721834],[-108.236171,36.721832],[-108.236174,36.721742],[-108.236062,36.721739],[-108.236059,36.721829],[-108.235723,36.721821],[-108.23572,36.721911],[-108.235608,36.721909],[-108.235605,36.721999],[-108.235269,36.721991],[-108.235266,36.722081],[-108.235042,36.722076],[-108.235039,36.722166],[-108.234927,36.722163],[-108.234933,36.721983],[-108.234821,36.721981],[-108.234818,36.722071],[-108.234706,36.722068],[-108.234703,36.722158],[-108.234144,36.722145],[-108.234147,36.722055],[-108.234035,36.722052],[-108.234032,36.722143],[-108.23392,36.72214],[-108.233923,36.72205],[-108.233811,36.722047],[-108.233808,36.722137],[-108.23336,36.722127],[-108.233357,36.722217],[-108.233469,36.72222],[-108.233466,36.72231],[-108.233354,36.722307],[-108.23335,36.722397],[-108.233686,36.722405],[-108.233683,36.722495],[-108.233907,36.7225],[-108.233913,36.72232],[-108.234025,36.722323],[-108.234022,36.722413],[-108.234134,36.722415],[-108.234131,36.722505],[-108.234019,36.722503],[-108.234009,36.722773],[-108.234121,36.722776],[-108.234124,36.722686],[-108.234236,36.722688],[-108.234233,36.722778],[-108.234345,36.722781],[-108.234348,36.722691],[-108.23446,36.722693],[-108.234457,36.722784],[-108.23468,36.722789]]]}},{"type":"Feature","properties":{"class":"extent","min_prob":0.5},"geometry":{"type":"Polygon","coordinates":[[[-108.249152,36.722133],[-108.249155,36.722042],[-108.249043,36.72204],[-108.24904,36.72213],[-108.249152,36.722133]]]}},{"type":"Feature","properties":{"class":"extent","min_prob":0.5},"geometry":{"type":"Polygon","coordinates":[[[-108.240529,36.722113],[-108.240535,36.721933],[-108.240423,36.72193],[-108.24043,36.72175],[-108.240318,36.721748],[-108.240315,36.721838],[-108.240203,36.721835],[-108.240199,36.721925],[-108.239864,36.721917],[-108.239861,36.722007],[-108.239972,36.72201],[-108.239969,36.7221],[-108.240529,36.722113]]]}},{"type":"Feature","properties":{"class":"extent","min_prob":0.5},"geometry":{"type":"Polygon","coordinates":[[[-108.238076,36.721786],[-108.23808,36.721696],[-108.237968,36.721693],[-108.237965,36.721783],[-108.238076,36.721786]]]}},{"type":"Feature","properties":{"class":"extent","min_prob":0.5},"geometry":{"type":"Polygon","coordinates":[[[-108.313496,36.723784],[-108.313502,36.723603],[-108.31339,36.723601],[-108.313393,36.723511],[-108.31317,36.723506],[-108.313173,36.723416],[-108.312949,36.723411],[-108.312952,36.723321],[-108.312728,36.723315],[-108.312719,36.723586],[-108.312943,36.723591],[-108.31294,36.723681],[-108.313163,36.723686],[-108.31316,36.723776],[-108.313496,36.723784]]]}},{"type":"Feature","properties":{"class":"extent","min_prob":0.5},"geometry":{"type":"Polygon","coordinates":[[[-108.237399,36.72195],[-108.237402,36.72186],[-108.237737,36.721868],[-108.237741,36.721778],[-108.237853,36.721781],[-108.237856,36.72169],[-108.237744,36.721688],[-108.237747,36.721598],[-108.237635,36.721595],[-108.237632,36.721685],[-108.237184,36.721675],[-108.237181,36.721765],[-108.237069,36.721762],[-108.237066,36.721852],[-108.236954,36.72185],[-108.236951,36.72194],[-108.237399,36.72195]]]}},{"type":"Feature","properties":{"class":"extent","min_prob":0.5},"geometry":{"type":"Polygon","coordinates":[[[-108.254086,36.721976],[-108.254089,36.721886],[-108.253977,36.721883],[-108.253974,36.721973],[-108.254086,36.721976]]]}},{"type":"Feature","properties":{"class":"extent","min_prob":0.5},"geometry":{"type":"Polygon","coordinates":[[[-108.248494,36.721757],[-108.248497,36.721667],[-108.248385,36.721664],[-108.248382,36.721754],[-108.248494,36.721757]]]}},{"type":"Feature","properties":{"class":"extent","min_prob":0.5},"geometry":{"type":"Polygon","coordinates":[[[-108.241552,36.721686],[-108.241562,36.721416],[-108.241338,36.721411],[-108.241335,36.721501],[-108.241447,36.721503],[-108.24144,36.721683],[-108.241552,36.721686]]]}},{"type":"Feature","properties":{"class":"extent","min_prob":0.5},"geometry":{"type":"Polygon","coordinates":[[[-108.237191,36.721495],[-108.237194,36.721405],[-108.23753,36.721412],[-108.237533,36.721322],[-108.236974,36.721309],[-108.23697,36.721399],[-108.237082,36.721402],[-108.237079,36.721492],[-108.237191,36.721495]]]}},{"type":"Feature","properties":{"class":"extent","min_prob":0.5},"geometry":{"type":"Polygon","coordinates":[[[-108.316497,36.730884],[-108.316503,36.730704],[-108.316391,36.730701],[-108.316398,36.730521],[-108.316509,36.730524],[-108.316513,36.730434],[-108.316625,36.730436],[-108.316637,36.730076],[-108.316861,36.730081],[-108.316858,36.730171],[-108.31697,36.730173],[-108.316973,36.730083],[-108.317085,36.730086],[-108.317079,36.730266],[-108.317526,36.730276],[-108.317523,36.730366],[-108.317747,36.730371],[-108.317744,36.730461],[-108.317856,36.730464],[-108.317859,36.730374],[-108.317971,36.730376],[-108.317968,36.730466],[-108.31808,36.730469],[-108.318089,36.730199],[-108.317977,36.730196],[-108.31798,36.730106],[-108.318092,36.730109],[-108.318095,36.730019],[-108.318207,36.730021],[-108.318204,36.730111],[-108.320555,36.730164],[-108.320551,36.730254],[-108.320663,36.730257],[-108.320666,36.730167],[-108.32145,36.730184],[-108.321447,36.730274],[-108.321559,36.730277],[-108.321556,36.730367],[-108.321444,36.730364],[-108.321441,36.730455],[-108.323343,36.730497],[-108.323346,36.730407],[-108.323906,36.73042],[-108.323909,36.73033],[-108.323797,36.730327],[-108.3238,36.730237],[-108.323353,36.730227],[-108.32335,36.730317],[-108.323238,36.730315],[-108.323241,36.730225],[-108.323129,36.730222],[-108.323126,36.730312],[-108.321783,36.730282],[-108.321786,36.730192],[-108.322905,36.730217],[-108.322911,36.730037],[-108.322575,36.730029],[-108.322579,36.729939],[-108.322131,36.729929],[-108.322128,36.730019],[-108.322016,36.730017],[-108.322013,36.730107],[-108.321789,36.730102],[-108.321792,36.730012],[-108.321904,36.730014],[-108.321907,36.729924],[-108.321571,36.729917],[-108.321568,36.730007],[-108.321344,36.730002],[-108.321347,36.729911],[-108.321235,36.729909],[-108.321232,36.729999],[-108.320897,36.729992],[-108.320893,36.730082],[-108.320782,36.730079],[-108.320785,36.729989],[-108.320673,36.729986],[-108.32067,36.730077],[-108.320558,36.730074],[-108.320564,36.729894],[-108.320452,36.729891],[-108.320449,36.729981],[-108.319665,36.729964],[-108.319672,36.729784],[-108.31956,36.729781],[-108.319566,36.729601],[-108.319678,36.729603],[-108.319687,36.729333],[-108.319575,36.729331],[-108.319582,36.72915],[-108.319694,36.729153],[-108.31975,36.727531],[-108.319862,36.727534],[-108.319865,36.727444],[-108.319977,36.727446],[-108.319986,36.727176],[-108.319874,36.727173],[-108.319881,36.726993],[-108.319657,36.726988],[-108.31966,36.726898],[-108.319436,36.726893],[-108.319433,36.726983],[-108.319209,36.726978],[-108.319206,36.727068],[-108.318982,36.727063],[-108.318979,36.727153],[-108.318755,36.727148],[-108.318758,36.727058],[-108.31887,36.727061],[-108.318873,36.726971],[-108.319097,36.726976],[-108.319104,36.726795],[-108.318992,36.726793],[-108.318995,36.726703],[-108.318547,36.726693],[-108.318541,36.726873],[-108.318653,36.726875],[-108.31865,36.726965],[-108.318538,36.726963],[-108.318535,36.727053],[-108.318311,36.727048],[-108.318308,36.727138],[-108.317972,36.727131],[-108.317969,36.727221],[-108.317633,36.727213],[-108.317636,36.727123],[-108.317524,36.72712],[-108.317521,36.727211],[-108.316849,36.727195],[-108.316853,36.727105],[-108.316517,36.727098],[-108.31651,36.727278],[-108.316287,36.727273],[-108.31629,36.727183],[-108.316066,36.727178],[-108.316069,36.727088],[-108.315621,36.727077],[-108.315631,36.726807],[-108.315519,36.726805],[-108.315522,36.726715],[-108.31541,36.726712],[-108.315413,36.726622],[-108.315077,36.726614],[-108.315084,36.726434],[-108.314972,36.726432],[-108.314978,36.726251],[-108.314754,36.726246],[-108.314757,36.726156],[-108.314534,36.726151],[-108.31454,36.725971],[-108.314428,36.725969],[-108.314425,36.726059],[-108.314313,36.726056],[-108.314332,36.725516],[-108.31422,36.725513],[-108.314223,36.725423],[-108.314335,36.725426],[-108.314338,36.725335],[-108.314226,36.725333],[-108.314232,36.725153],[-108.314344,36.725155],[-108.314347,36.725065],[-108.314795,36.725075],[-108.314789,36.725255],[-108.314901,36.725258],[-108.314904,36.725168],[-108.31524,36.725175],[-108.315246,36.724995],[-108.31547,36.725],[-108.315467,36.72509],[-108.31569,36.725095],[-108.315697,36.724915],[-108.316256,36.724928],[-108.316253,36.725018],[-108.316589,36.725026],[-108.316586,36.725116],[-108.31681,36.725121],[-108.316813,36.725031],[-108.317037,36.725036],[-108.317033,36.725126],[-108.316922,36.725123],[-108.316918,36.725213],[-108.317142,36.725218],[-108.317145,36.725128],[-108.317257,36.725131],[-108.317264,36.724951],[-108.317152,36.724948],[-108.317155,36.724858],[-108.317491,36.724866],[-108.317494,36.724775],[-108.317606,36.724778],[-108.317599,36.724958],[-108.317711,36.724961],[-108.317714,36.724871],[-108.31805,36.724878],[-108.318056,36.724698],[-108.317944,36.724695],[-108.317941,36.724786],[-108.317829,36.724783],[-108.317833,36.724693],[-108.316825,36.72467],[-108.316828,36.72458],[-108.316605,36.724575],[-108.316608,36.724485],[-108.316384,36.72448],[-108.316381,36.72457],[-108.316157,36.724565],[-108.31616,36.724475],[-108.315712,36.724465],[-108.315716,36.724375],[-108.315492,36.72437],[-108.315489,36.72446],[-108.315377,36.724457],[-108.31538,36.724367],[-108.314372,36.724344],[-108.314376,36.724254],[-108.313816,36.724242],[-108.313819,36.724152],[-108.313707,36.724149],[-108.313704,36.724239],[-108.313592,36.724237],[-108.313595,36.724147],[-108.313372,36.724141],[-108.313368,36.724232],[-108.313145,36.724226],[-108.313148,36.724136],[-108.312812,36.724129],[-108.312815,36.724039],[-108.312703,36.724036],[-108.312706,36.723946],[-108.312594,36.723944],[-108.312601,36.723763],[-108.312489,36.723761],[-108.312492,36.723671],[-108.312268,36.723666],[-108.312271,36.723576],[-108.312159,36.723573],[-108.312162,36.723483],[-108.31205,36.72348],[-108.312054,36.72339],[-108.311942,36.723388],[-108.311945,36.723298],[-108.311833,36.723295],[-108.311836,36.723205],[-108.311724,36.723203],[-108.311727,36.723113],[-108.311503,36.723107],[-108.31151,36.722927],[-108.311286,36.722922],[-108.311276,36.723192],[-108.311165,36.72319],[-108.311158,36.72337],[-108.311046,36.723368],[-108.311028,36.723908],[-108.310916,36.723906],[-108.310912,36.723996],[-108.310129,36.723978],[-108.310126,36.724068],[-108.310014,36.724066],[-108.310005,36.724336],[-108.309893,36.724333],[-108.309889,36.724423],[-108.309666,36.724418],[-108.309659,36.724599],[-108.309547,36.724596],[-108.309551,36.724506],[-108.309327,36.724501],[-108.30933,36.724411],[-108.309106,36.724406],[-108.309109,36.724316],[-108.308885,36.724311],[-108.308889,36.72422],[-108.308665,36.724215],[-108.308668,36.724125],[-108.308444,36.72412],[-108.308447,36.72403],[-108.308223,36.724025],[-108.308217,36.724205],[-108.308329,36.724208],[-108.308323,36.724388],[-108.308435,36.72439],[-108.308431,36.724481],[-108.308767,36.724488],[-108.308764,36.724578],[-108.308988,36.724583],[-108.308985,36.724673],[-108.309209,36.724678],[-108.309205,36.724769],[-108.309317,36.724771],[-108.309314,36.724861],[-108.309538,36.724866],[-108.309535,36.724956],[-108.309647,36.724959],[-108.309644,36.725049],[-108.309756,36.725052],[-108.309752,36.725142],[-108.309864,36.725144],[-108.309861,36.725234],[-108.309973,36.725237],[-108.30997,36.725327],[-108.310082,36.725329],[-108.310079,36.725419],[-108.310191,36.725422],[-108.310187,36.725512],[-108.310411,36.725517],[-108.310408,36.725607],[-108.31052,36.72561],[-108.310517,36.7257],[-108.310741,36.725705],[-108.310738,36.725795],[-108.310962,36.7258],[-108.310958,36.72589],[-108.311294,36.725898],[-108.311291,36.725988],[-108.311515,36.725993],[-108.311512,36.726083],[-108.311624,36.726086],[-108.31162,36.726176],[-108.311844,36.726181],[-108.311841,36.726271],[-108.312177,36.726278],[-108.312174,36.726368],[-108.312845,36.726384],[-108.312836,36.726654],[-108.312724,36.726651],[-108.31268,36.727913],[-108.312792,36.727915],[-108.312789,36.728005],[-108.312677,36.728003],[-108.312658,36.728543],[-108.31277,36.728546],[-108.312764,36.728726],[-108.312652,36.728724],[-108.312645,36.728904],[-108.312533,36.728901],[-108.31253,36.728991],[-108.312418,36.728989],[-108.312415,36.729079],[-108.312191,36.729074],[-108.312188,36.729164],[-108.311964,36.729159],[-108.311961,36.729249],[-108.311849,36.729246],[-108.311853,36.729156],[-108.311181,36.729141],[-108.311172,36.729411],[-108.311283,36.729414],[-108.31128,36.729504],[-108.311168,36.729501],[-108.311162,36.729682],[-108.311274,36.729684],[-108.311268,36.729864],[-108.31138,36.729867],[-108.311377,36.729957],[-108.3116,36.729962],[-108.311604,36.729872],[-108.311715,36.729875],[-108.311719,36.729784],[-108.311942,36.729789],[-108.31193,36.73015],[-108.312042,36.730152],[-108.312039,36.730242],[-108.312151,36.730245],[-108.312147,36.730335],[-108.312259,36.730338],[-108.312263,36.730248],[-108.312598,36.730255],[-108.312601,36.730165],[-108.312825,36.73017],[-108.312832,36.72999],[-108.312944,36.729992],[-108.312947,36.729902],[-108.313059,36.729905],[-108.313055,36.729995],[-108.313279,36.73],[-108.313276,36.73009],[-108.313612,36.730098],[-108.313615,36.730008],[-108.313727,36.73001],[-108.313724,36.7301],[-108.313836,36.730103],[-108.313833,36.730193],[-108.314056,36.730198],[-108.314053,36.730288],[-108.314837,36.730306],[-108.314834,36.730396],[-108.314946,36.730398],[-108.314949,36.730308],[-108.315061,36.730311],[-108.315058,36.730401],[-108.315169,36.730403],[-108.315166,36.730493],[-108.315278,36.730496],[-108.315281,36.730406],[-108.315393,36.730408],[-108.315384,36.730679],[-108.315944,36.730691],[-108.31594,36.730781],[-108.316052,36.730784],[-108.316049,36.730874],[-108.316273,36.730879],[-108.316276,36.730789],[-108.316388,36.730792],[-108.316385,36.730882],[-108.316497,36.730884]],[[-108.317532,36.730096],[-108.317421,36.730093],[-108.317424,36.730003],[-108.317536,36.730006],[-108.317532,36.730096]],[[-108.317309,36.730091],[-108.317197,36.730088],[-108.3172,36.729998],[-108.317312,36.730001],[-108.317309,36.730091]],[[-108.317651,36.729918],[-108.317539,36.729916],[-108.317542,36.729826],[-108.317654,36.729828],[-108.317651,36.729918]],[[-108.317735,36.727486],[-108.317288,36.727476],[-108.317291,36.727386],[-108.317739,36.727396],[-108.317735,36.727486]],[[-108.317176,36.727473],[-108.316728,36.727463],[-108.316731,36.727373],[-108.316507,36.727368],[-108.31651,36.727278],[-108.316846,36.727285],[-108.316843,36.727376],[-108.317179,36.727383],[-108.317176,36.727473]],[[-108.315513,36.726985],[-108.315289,36.72698],[-108.315292,36.72689],[-108.315516,36.726895],[-108.315513,36.726985]],[[-108.313408,36.726306],[-108.313296,36.726304],[-108.313302,36.726123],[-108.313414,36.726126],[-108.313408,36.726306]],[[-108.31319,36.726121],[-108.312743,36.726111],[-108.312746,36.726021],[-108.31241,36.726013],[-108.312413,36.725923],[-108.312301,36.725921],[-108.312308,36.72574],[-108.312196,36.725738],[-108.312199,36.725648],[-108.311863,36.72564],[-108.31186,36.72573],[-108.311972,36.725733],[-108.311969,36.725823],[-108.311745,36.725818],[-108.311748,36.725728],[-108.311524,36.725723],[-108.311527,36.725633],[-108.31108,36.725622],[-108.311083,36.725532],[-108.310971,36.72553],[-108.310974,36.72544],[-108.310862,36.725437],[-108.310868,36.725257],[-108.310533,36.725249],[-108.310536,36.725159],[-108.310424,36.725157],[-108.310427,36.725067],[-108.310539,36.725069],[-108.310542,36.724979],[-108.310654,36.724982],[-108.310651,36.725072],[-108.310763,36.725074],[-108.310772,36.724804],[-108.310884,36.724807],[-108.310887,36.724716],[-108.310999,36.724719],[-108.311009,36.724449],[-108.310897,36.724446],[-108.3109,36.724356],[-108.311459,36.724369],[-108.311463,36.724279],[-108.311686,36.724284],[-108.311683,36.724374],[-108.312131,36.724384],[-108.312128,36.724474],[-108.311904,36.724469],[-108.311901,36.724559],[-108.312125,36.724564],[-108.312122,36.724654],[-108.312345,36.724659],[-108.312349,36.724569],[-108.312908,36.724582],[-108.312911,36.724492],[-108.312799,36.724489],[-108.312802,36.724399],[-108.313026,36.724404],[-108.313023,36.724494],[-108.313247,36.724499],[-108.313244,36.724589],[-108.31302,36.724584],[-108.313017,36.724674],[-108.313353,36.724682],[-108.313356,36.724592],[-108.313692,36.7246],[-108.313688,36.72469],[-108.313577,36.724687],[-108.313573,36.724777],[-108.313461,36.724775],[-108.313458,36.724865],[-108.313346,36.724862],[-108.31335,36.724772],[-108.313126,36.724767],[-108.313123,36.724857],[-108.312899,36.724852],[-108.312896,36.724942],[-108.312336,36.72493],[-108.31233,36.72511],[-108.312442,36.725112],[-108.312438,36.725202],[-108.312327,36.7252],[-108.312323,36.72529],[-108.312435,36.725292],[-108.312429,36.725473],[-108.312877,36.725483],[-108.31288,36.725393],[-108.313328,36.725403],[-108.313334,36.725223],[-108.313446,36.725225],[-108.313443,36.725315],[-108.313555,36.725318],[-108.313561,36.725138],[-108.313673,36.72514],[-108.313679,36.72496],[-108.313791,36.724962],[-108.313794,36.724872],[-108.313906,36.724875],[-108.313903,36.724965],[-108.314015,36.724967],[-108.314012,36.725058],[-108.3139,36.725055],[-108.313893,36.725235],[-108.314005,36.725238],[-108.313999,36.725418],[-108.313887,36.725415],[-108.31389,36.725325],[-108.313778,36.725323],[-108.313772,36.725503],[-108.31366,36.7255],[-108.313657,36.725591],[-108.313769,36.725593],[-108.313766,36.725683],[-108.313542,36.725678],[-108.313536,36.725858],[-108.313424,36.725856],[-108.313421,36.725946],[-108.313309,36.725943],[-108.313306,36.726033],[-108.313194,36.726031],[-108.31319,36.726121]],[[-108.312656,36.725388],[-108.312544,36.725385],[-108.31255,36.725205],[-108.312662,36.725207],[-108.312656,36.725388]],[[-108.312886,36.725212],[-108.312662,36.725207],[-108.312665,36.725117],[-108.312889,36.725122],[-108.312886,36.725212]],[[-108.313679,36.72496],[-108.313567,36.724957],[-108.31357,36.724867],[-108.313682,36.72487],[-108.313679,36.72496]],[[-108.31191,36.724289],[-108.311686,36.724284],[-108.31169,36.724194],[-108.311913,36.724199],[-108.31191,36.724289]],[[-108.31169,36.724194],[-108.311578,36.724191],[-108.311581,36.724101],[-108.311693,36.724104],[-108.31169,36.724194]]]}},{"type":"Feature","properties":{"class":"extent","min_prob":0.5},"geometry":{"type":"Polygon","coordinates":[[[-108.236612,36.722022],[-108.236618,36.721842],[-108.236842,36.721847],[-108.236855,36.721487],[-108.236967,36.721489],[-108.23697,36.721399],[-108.236858,36.721397],[-108.236865,36.721217],[-108.236641,36.721211],[-108.236628,36.721572],[-108.236516,36.721569],[-108.23651,36.721749],[-108.236398,36.721747],[-108.236388,36.722017],[-108.236612,36.722022]]]}},{"type":"Feature","properties":{"class":"extent","min_prob":0.5},"geometry":{"type":"Polygon","coordinates":[[[-108.220149,36.721999],[-108.220152,36.721909],[-108.220264,36.721912],[-108.22027,36.721732],[-108.220382,36.721734],[-108.220389,36.721554],[-108.220277,36.721551],[-108.22028,36.721461],[-108.220392,36.721464],[-108.220395,36.721374],[-108.220619,36.721379],[-108.220626,36.721199],[-108.220514,36.721196],[-108.220517,36.721106],[-108.220405,36.721104],[-108.220408,36.721013],[-108.220296,36.721011],[-108.220306,36.720741],[-108.21997,36.720733],[-108.219964,36.720913],[-108.220188,36.720918],[-108.220181,36.721098],[-108.220069,36.721096],[-108.22006,36.721366],[-108.219724,36.721358],[-108.219727,36.721268],[-108.219615,36.721265],[-108.219605,36.721536],[-108.219382,36.72153],[-108.219378,36.721621],[-108.219602,36.721626],[-108.219599,36.721716],[-108.219935,36.721724],[-108.219925,36.721994],[-108.220149,36.721999]],[[-108.220398,36.721284],[-108.220287,36.721281],[-108.22029,36.721191],[-108.220402,36.721194],[-108.220398,36.721284]],[[-108.22029,36.721191],[-108.220178,36.721188],[-108.220181,36.721098],[-108.220293,36.721101],[-108.22029,36.721191]]]}},{"type":"Feature","properties":{"class":"extent","min_prob":0.5},"geometry":{"type":"Polygon","coordinates":[[[-108.292238,36.723121],[-108.292241,36.723031],[-108.292465,36.723036],[-108.292468,36.722946],[-108.292804,36.722954],[-108.292807,36.722864],[-108.293031,36.722869],[-108.293034,36.722779],[-108.293146,36.722781],[-108.293149,36.722691],[-108.293373,36.722696],[-108.293376,36.722606],[-108.293712,36.722614],[-108.293718,36.722434],[-108.293607,36.722431],[-108.293603,36.722521],[-108.293044,36.722508],[-108.293041,36.722599],[-108.292929,36.722596],[-108.292932,36.722506],[-108.29282,36.722503],[-108.292823,36.722413],[-108.292711,36.722411],[-108.292708,36.722501],[-108.292596,36.722498],[-108.292599,36.722408],[-108.292375,36.722403],[-108.292369,36.722583],[-108.292145,36.722578],[-108.292142,36.722668],[-108.29203,36.722666],[-108.292024,36.722846],[-108.2918,36.722841],[-108.291797,36.722931],[-108.291685,36.722928],[-108.291679,36.723109],[-108.292238,36.723121]]]}},{"type":"Feature","properties":{"class":"extent","min_prob":0.5},"geometry":{"type":"Polygon","coordinates":[[[-108.311286,36.722922],[-108.311289,36.722832],[-108.311177,36.72283],[-108.311174,36.72292],[-108.311286,36.722922]]]}},{"type":"Feature","properties":{"class":"extent","min_prob":0.5},"geometry":{"type":"Polygon","coordinates":[[[-108.283979,36.722302],[-108.283982,36.722212],[-108.28387,36.722209],[-108.283867,36.722299],[-108.283979,36.722302]]]}},{"type":"Feature","properties":{"class":"extent","min_prob":0.5},"geometry":{"type":"Polygon","coordinates":[[[-108.202919,36.721505],[-108.202922,36.721415],[-108.203258,36.721423],[-108.203261,36.721333],[-108.203485,36.721338],[-108.203488,36.721248],[-108.203824,36.721256],[-108.203827,36.721166],[-108.204051,36.721171],[-108.204054,36.721081],[-108.204166,36.721084],[-108.204169,36.720994],[-108.204505,36.721001],[-108.204508,36.720911],[-108.204732,36.720917],[-108.204735,36.720826],[-108.205071,36.720834],[-108.205074,36.720744],[-108.205298,36.72075],[-108.205301,36.720659],[-108.205637,36.720667],[-108.20564,36.720577],[-108.205976,36.720585],[-108.205979,36.720495],[-108.206315,36.720503],[-108.206318,36.720413],[-108.206206,36.72041],[-108.206209,36.72032],[-108.20565,36.720307],[-108.205647,36.720397],[-108.205535,36.720394],[-108.205532,36.720485],[-108.20542,36.720482],[-108.205423,36.720392],[-108.205311,36.720389],[-108.205308,36.720479],[-108.204972,36.720471],[-108.204965,36.720652],[-108.204854,36.720649],[-108.20485,36.720739],[-108.204738,36.720736],[-108.204742,36.720646],[-108.204518,36.720641],[-108.204521,36.720551],[-108.204409,36.720548],[-108.204416,36.720368],[-108.203744,36.720352],[-108.203741,36.720442],[-108.203405,36.720435],[-108.203402,36.720525],[-108.20329,36.720522],[-108.203293,36.720432],[-108.202846,36.720421],[-108.202839,36.720602],[-108.202951,36.720604],[-108.202948,36.720694],[-108.20306,36.720697],[-108.203053,36.720877],[-108.202718,36.720869],[-108.202695,36.7215],[-108.202919,36.721505]],[[-108.204515,36.720731],[-108.204403,36.720729],[-108.204406,36.720638],[-108.204518,36.720641],[-108.204515,36.720731]]]}},{"type":"Feature","properties":{"class":"extent","min_prob":0.5},"geometry":{"type":"Polygon","coordinates":[[[-108.311177,36.72283],[-108.31118,36.722739],[-108.311068,36.722737],[-108.311065,36.722827],[-108.311177,36.72283]]]}},{"type":"Feature","properties":{"class":"extent","min_prob":0.5},"geometry":{"type":"Polygon","coordinates":[[[-108.266188,36.721804],[-108.266191,36.721714],[-108.266079,36.721711],[-108.266076,36.721801],[-108.266188,36.721804]]]}},{"type":"Feature","properties":{"class":"extent","min_prob":0.5},"geometry":{"type":"Polygon","coordinates":[[[-108.315766,36.722933],[-108.315769,36.722843],[-108.315881,36.722846],[-108.315884,36.722756],[-108.31566,36.722751],[-108.315654,36.722931],[-108.315766,36.722933]]]}},{"type":"Feature","properties":{"class":"extent","min_prob":0.5},"geometry":{"type":"Polygon","coordinates":[[[-108.242355,36.721164],[-108.242358,36.721074],[-108.242246,36.721071],[-108.242243,36.721161],[-108.242355,36.721164]]]}},{"type":"Feature","properties":{"class":"extent","min_prob":0.5},"geometry":{"type":"Polygon","coordinates":[[[-108.238998,36.721086],[-108.239001,36.720996],[-108.238777,36.720991],[-108.238774,36.721081],[-108.238998,36.721086]]]}},{"type":"Feature","properties":{"class":"extent","min_prob":0.5},"geometry":{"type":"Polygon","coordinates":[[[-108.236871,36.721036],[-108.236875,36.720946],[-108.236763,36.720944],[-108.236759,36.721034],[-108.236871,36.721036]]]}},{"type":"Feature","properties":{"class":"extent","min_prob":0.5},"geometry":{"type":"Polygon","coordinates":[[[-108.208451,36.720283],[-108.208454,36.720193],[-108.208342,36.72019],[-108.208339,36.72028],[-108.208451,36.720283]]]}},{"type":"Feature","properties":{"class":"extent","min_prob":0.5},"geometry":{"type":"Polygon","coordinates":[[[-108.202856,36.720151],[-108.202859,36.720061],[-108.202747,36.720058],[-108.202744,36.720149],[-108.202856,36.720151]]]}},{"type":"Feature","properties":{"class":"extent","min_prob":0.5},"geometry":{"type":"Polygon","coordinates":[[[-108.31096,36.722644],[-108.310966,36.722464],[-108.310742,36.722459],[-108.310739,36.722549],[-108.310851,36.722552],[-108.310848,36.722642],[-108.31096,36.722644]]]}},{"type":"Feature","properties":{"class":"extent","min_prob":0.5},"geometry":{"type":"Polygon","coordinates":[[[-108.278732,36.721821],[-108.278735,36.721731],[-108.278623,36.721729],[-108.27862,36.721819],[-108.278732,36.721821]]]}},{"type":"Feature","properties":{"class":"extent","min_prob":0.5},"geometry":{"type":"Polygon","coordinates":[[[-108.262505,36.721449],[-108.262508,36.721359],[-108.262396,36.721356],[-108.262393,36.721446],[-108.262505,36.721449]]]}},{"type":"Feature","properties":{"class":"extent","min_prob":0.5},"geometry":{"type":"Polygon","coordinates":[[[-108.253552,36.721242],[-108.253555,36.721152],[-108.253443,36.72115],[-108.25344,36.72124],[-108.253552,36.721242]]]}},{"type":"Feature","properties":{"class":"extent","min_prob":0.5},"geometry":{"type":"Polygon","coordinates":[[[-108.312728,36.723315],[-108.312731,36.723225],[-108.312619,36.723223],[-108.312623,36.723133],[-108.312511,36.72313],[-108.312514,36.72304],[-108.312402,36.723038],[-108.312405,36.722947],[-108.312293,36.722945],[-108.312296,36.722855],[-108.312184,36.722852],[-108.312188,36.722762],[-108.312076,36.72276],[-108.312079,36.72267],[-108.311967,36.722667],[-108.31197,36.722577],[-108.311858,36.722574],[-108.311861,36.722484],[-108.311749,36.722482],[-108.311752,36.722392],[-108.311641,36.722389],[-108.311631,36.72266],[-108.311743,36.722662],[-108.31174,36.722752],[-108.311852,36.722755],[-108.311849,36.722845],[-108.311961,36.722847],[-108.311957,36.722937],[-108.312181,36.722942],[-108.312178,36.723033],[-108.31229,36.723035],[-108.312287,36.723125],[-108.312399,36.723128],[-108.312396,36.723218],[-108.312508,36.72322],[-108.312504,36.72331],[-108.312728,36.723315]]]}},{"type":"Feature","properties":{"class":"extent","min_prob":0.5},"geometry":{"type":"Polygon","coordinates":[[[-108.243359,36.721277],[-108.243362,36.721187],[-108.243474,36.72119],[-108.24348,36.721009],[-108.243592,36.721012],[-108.243599,36.720832],[-108.243487,36.720829],[-108.243483,36.720919],[-108.243372,36.720917],[-108.243365,36.721097],[-108.243029,36.721089],[-108.243026,36.721179],[-108.242579,36.721169],[-108.242575,36.721259],[-108.243359,36.721277]]]}},{"type":"Feature","properties":{"class":"extent","min_prob":0.5},"geometry":{"type":"Polygon","coordinates":[[[-108.265865,36.721436],[-108.265868,36.721346],[-108.265756,36.721343],[-108.265753,36.721433],[-108.265865,36.721436]]]}},{"type":"Feature","properties":{"class":"extent","min_prob":0.5},"geometry":{"type":"Polygon","coordinates":[[[-108.211222,36.721069],[-108.211229,36.720889],[-108.211341,36.720891],[-108.211344,36.720801],[-108.211456,36.720804],[-108.211469,36.720444],[-108.211581,36.720446],[-108.211597,36.719996],[-108.211373,36.719991],[-108.211357,36.720441],[-108.211245,36.720438],[-108.211235,36.720709],[-108.211123,36.720706],[-108.211114,36.720976],[-108.211002,36.720974],[-108.210998,36.721064],[-108.211222,36.721069]]]}},{"type":"Feature","properties":{"class":"extent","min_prob":0.5},"geometry":{"type":"Polygon","coordinates":[[[-108.32854,36.72277],[-108.328543,36.72268],[-108.328431,36.722677],[-108.328428,36.722767],[-108.32854,36.72277]]]}},{"type":"Feature","properties":{"class":"extent","min_prob":0.5},"geometry":{"type":"Polygon","coordinates":[[[-108.240318,36.721748],[-108.240327,36.721477],[-108.240439,36.72148],[-108.240443,36.72139],[-108.240331,36.721387],[-108.240334,36.721297],[-108.240446,36.7213],[-108.240449,36.72121],[-108.240337,36.721207],[-108.240344,36.721027],[-108.240232,36.721024],[-108.240235,36.720934],[-108.240123,36.720932],[-108.240126,36.720842],[-108.240014,36.720839],[-108.240018,36.720749],[-108.239906,36.720746],[-108.239909,36.720656],[-108.239797,36.720654],[-108.239794,36.720744],[-108.239682,36.720741],[-108.239679,36.720831],[-108.239567,36.720829],[-108.239576,36.720558],[-108.239465,36.720556],[-108.239461,36.720646],[-108.239237,36.720641],[-108.239231,36.720821],[-108.239119,36.720818],[-108.239116,36.720908],[-108.239228,36.720911],[-108.239225,36.721001],[-108.239113,36.720998],[-108.239106,36.721178],[-108.239554,36.721189],[-108.239551,36.721279],[-108.239774,36.721284],[-108.239771,36.721374],[-108.240107,36.721382],[-108.240104,36.721472],[-108.240216,36.721475],[-108.240206,36.721745],[-108.240318,36.721748]]]}},{"type":"Feature","properties":{"class":"extent","min_prob":0.5},"geometry":{"type":"Polygon","coordinates":[[[-108.241459,36.721143],[-108.241469,36.720873],[-108.241581,36.720875],[-108.241584,36.720785],[-108.241472,36.720783],[-108.241479,36.720602],[-108.241367,36.7206],[-108.241357,36.72087],[-108.241245,36.720867],[-108.241239,36.721048],[-108.240903,36.72104],[-108.2409,36.72113],[-108.241459,36.721143]]]}},{"type":"Feature","properties":{"class":"extent","min_prob":0.5},"geometry":{"type":"Polygon","coordinates":[[[-108.328879,36.722687],[-108.328882,36.722597],[-108.32877,36.722595],[-108.328767,36.722685],[-108.328879,36.722687]]]}},{"type":"Feature","properties":{"class":"extent","min_prob":0.5},"geometry":{"type":"Polygon","coordinates":[[[-108.315673,36.72239],[-108.315676,36.7223],[-108.315564,36.722298],[-108.315561,36.722388],[-108.315673,36.72239]]]}},{"type":"Feature","properties":{"class":"extent","min_prob":0.5},"geometry":{"type":"Polygon","coordinates":[[[-108.328655,36.722682],[-108.328661,36.722502],[-108.328549,36.7225],[-108.328543,36.72268],[-108.328655,36.722682]]]}},{"type":"Feature","properties":{"class":"extent","min_prob":0.5},"geometry":{"type":"Polygon","coordinates":[[[-108.316012,36.722308],[-108.316015,36.722218],[-108.315903,36.722215],[-108.3159,36.722305],[-108.316012,36.722308]]]}},{"type":"Feature","properties":{"class":"extent","min_prob":0.5},"geometry":{"type":"Polygon","coordinates":[[[-108.239353,36.720553],[-108.239356,36.720463],[-108.239244,36.72046],[-108.239241,36.72055],[-108.239353,36.720553]]]}},{"type":"Feature","properties":{"class":"extent","min_prob":0.5},"geometry":{"type":"Polygon","coordinates":[[[-108.245066,36.720505],[-108.245069,36.720415],[-108.244958,36.720413],[-108.244954,36.720503],[-108.245066,36.720505]]]}},{"type":"Feature","properties":{"class":"extent","min_prob":0.5},"geometry":{"type":"Polygon","coordinates":[[[-108.218892,36.722691],[-108.218895,36.722601],[-108.219007,36.722604],[-108.21901,36.722514],[-108.218898,36.722511],[-108.218905,36.722331],[-108.218793,36.722328],[-108.218809,36.721878],[-108.219145,36.721886],[-108.219155,36.721615],[-108.218931,36.72161],[-108.218934,36.72152],[-108.218822,36.721517],[-108.218829,36.721337],[-108.21894,36.72134],[-108.218953,36.720979],[-108.219177,36.720985],[-108.219181,36.720895],[-108.219292,36.720897],[-108.219296,36.720807],[-108.219408,36.72081],[-108.219395,36.72117],[-108.219618,36.721175],[-108.219635,36.720725],[-108.219523,36.720722],[-108.219526,36.720632],[-108.219638,36.720635],[-108.219641,36.720545],[-108.219753,36.720547],[-108.21975,36.720637],[-108.219862,36.72064],[-108.219858,36.72073],[-108.21997,36.720733],[-108.219974,36.720643],[-108.220197,36.720648],[-108.220201,36.720558],[-108.220089,36.720555],[-108.220092,36.720465],[-108.21998,36.720463],[-108.219983,36.720372],[-108.21976,36.720367],[-108.219763,36.720277],[-108.219651,36.720274],[-108.219654,36.720184],[-108.219542,36.720182],[-108.219545,36.720092],[-108.219322,36.720086],[-108.219325,36.719996],[-108.219101,36.719991],[-108.219104,36.719901],[-108.218881,36.719896],[-108.218884,36.719806],[-108.21866,36.719801],[-108.218663,36.71971],[-108.218216,36.7197],[-108.218199,36.72015],[-108.218087,36.720148],[-108.218084,36.720238],[-108.217972,36.720235],[-108.217969,36.720325],[-108.218081,36.720328],[-108.218074,36.720508],[-108.218298,36.720513],[-108.218285,36.720874],[-108.218397,36.720876],[-108.218374,36.721507],[-108.218263,36.721504],[-108.218253,36.721775],[-108.218365,36.721777],[-108.218355,36.722047],[-108.218467,36.72205],[-108.218457,36.72232],[-108.218569,36.722323],[-108.218559,36.722593],[-108.218783,36.722598],[-108.21878,36.722688],[-108.218892,36.722691]],[[-108.219296,36.720807],[-108.219184,36.720805],[-108.219187,36.720714],[-108.219299,36.720717],[-108.219296,36.720807]],[[-108.219421,36.720449],[-108.218973,36.720439],[-108.218976,36.720349],[-108.219424,36.720359],[-108.219421,36.720449]]]}},{"type":"Feature","properties":{"class":"extent","min_prob":0.5},"geometry":{"type":"Polygon","coordinates":[[[-108.287741,36.729961],[-108.287745,36.729871],[-108.288192,36.729881],[-108.288195,36.729791],[-108.288307,36.729794],[-108.28831,36.729704],[-108.288534,36.729709],[-108.288538,36.729619],[-108.288761,36.729624],[-108.288765,36.729534],[-108.288988,36.729539],[-108.288992,36.729449],[-108.289215,36.729454],[-108.289219,36.729364],[-108.289442,36.729369],[-108.289446,36.729279],[-108.289669,36.729284],[-108.289673,36.729194],[-108.289896,36.729199],[-108.2899,36.729109],[-108.290235,36.729117],[-108.290239,36.729026],[-108.290462,36.729032],[-108.290466,36.728941],[-108.290689,36.728947],[-108.290693,36.728856],[-108.291028,36.728864],[-108.291032,36.728774],[-108.291143,36.728777],[-108.291147,36.728687],[-108.291482,36.728694],[-108.291489,36.728514],[-108.291936,36.728524],[-108.29194,36.728434],[-108.292275,36.728442],[-108.292278,36.728352],[-108.292502,36.728357],[-108.292505,36.728267],[-108.292617,36.728269],[-108.292621,36.728179],[-108.292844,36.728184],[-108.292848,36.728094],[-108.29296,36.728097],[-108.292963,36.728007],[-108.293075,36.728009],[-108.293078,36.727919],[-108.292742,36.727911],[-108.292739,36.728001],[-108.292627,36.727999],[-108.292624,36.728089],[-108.292512,36.728086],[-108.292515,36.727996],[-108.292291,36.727991],[-108.292294,36.727901],[-108.291959,36.727894],[-108.291955,36.727984],[-108.291732,36.727979],[-108.291738,36.727798],[-108.291626,36.727796],[-108.291635,36.727526],[-108.291747,36.727528],[-108.291754,36.727348],[-108.291866,36.72735],[-108.291872,36.72717],[-108.291984,36.727173],[-108.291997,36.726812],[-108.29222,36.726818],[-108.292227,36.726637],[-108.292339,36.72664],[-108.292348,36.72637],[-108.292796,36.72638],[-108.292799,36.72629],[-108.292911,36.726292],[-108.292914,36.726202],[-108.293026,36.726205],[-108.293023,36.726295],[-108.293359,36.726302],[-108.293355,36.726393],[-108.293467,36.726395],[-108.293474,36.726215],[-108.293586,36.726217],[-108.293592,36.726037],[-108.293704,36.72604],[-108.293701,36.72613],[-108.293813,36.726132],[-108.293809,36.726223],[-108.293921,36.726225],[-108.293924,36.726135],[-108.294036,36.726138],[-108.29404,36.726047],[-108.294263,36.726053],[-108.294267,36.725962],[-108.294378,36.725965],[-108.294372,36.726145],[-108.294148,36.72614],[-108.294145,36.72623],[-108.294033,36.726228],[-108.29403,36.726318],[-108.294254,36.726323],[-108.294251,36.726413],[-108.294475,36.726418],[-108.294478,36.726328],[-108.294366,36.726325],[-108.294369,36.726235],[-108.294481,36.726238],[-108.294487,36.726058],[-108.294599,36.72606],[-108.294574,36.726781],[-108.294462,36.726778],[-108.294468,36.726598],[-108.294021,36.726588],[-108.294017,36.726678],[-108.293906,36.726676],[-108.293909,36.726585],[-108.293797,36.726583],[-108.293787,36.726853],[-108.293899,36.726856],[-108.293896,36.726946],[-108.293784,36.726943],[-108.293775,36.727214],[-108.293663,36.727211],[-108.293666,36.727121],[-108.293554,36.727118],[-108.293557,36.727028],[-108.293445,36.727026],[-108.293452,36.726846],[-108.29334,36.726843],[-108.293336,36.726933],[-108.293113,36.726928],[-108.293106,36.727108],[-108.292994,36.727106],[-108.292991,36.727196],[-108.292879,36.727193],[-108.292873,36.727373],[-108.293321,36.727384],[-108.293317,36.727474],[-108.293429,36.727476],[-108.293426,36.727566],[-108.29365,36.727571],[-108.293653,36.727481],[-108.293765,36.727484],[-108.293768,36.727394],[-108.29388,36.727396],[-108.293883,36.727306],[-108.293995,36.727309],[-108.293998,36.727219],[-108.29411,36.727221],[-108.294107,36.727311],[-108.294219,36.727314],[-108.294222,36.727224],[-108.294446,36.727229],[-108.294452,36.727049],[-108.294564,36.727051],[-108.294568,36.726961],[-108.294679,36.726964],[-108.294683,36.726874],[-108.294795,36.726876],[-108.294791,36.726966],[-108.294903,36.726969],[-108.294906,36.726879],[-108.295018,36.726881],[-108.295022,36.726791],[-108.295469,36.726801],[-108.295466,36.726891],[-108.295578,36.726894],[-108.295581,36.726804],[-108.295693,36.726806],[-108.295699,36.726626],[-108.295923,36.726631],[-108.29593,36.726451],[-108.296041,36.726454],[-108.296045,36.726364],[-108.296157,36.726366],[-108.296163,36.726186],[-108.296051,36.726183],[-108.296054,36.726093],[-108.296166,36.726096],[-108.296172,36.725916],[-108.296284,36.725918],[-108.296287,36.725828],[-108.296511,36.725833],[-108.296514,36.725743],[-108.296626,36.725746],[-108.29663,36.725656],[-108.296853,36.725661],[-108.296857,36.725571],[-108.296745,36.725568],[-108.296748,36.725478],[-108.29686,36.72548],[-108.296863,36.72539],[-108.296975,36.725393],[-108.296987,36.725033],[-108.297099,36.725035],[-108.297102,36.724945],[-108.297326,36.72495],[-108.297336,36.72468],[-108.297448,36.724682],[-108.297467,36.724142],[-108.297579,36.724144],[-108.297582,36.724054],[-108.29747,36.724052],[-108.297482,36.723691],[-108.297594,36.723694],[-108.29761,36.723243],[-108.297722,36.723246],[-108.297735,36.722886],[-108.297847,36.722888],[-108.297856,36.722618],[-108.29808,36.722623],[-108.298083,36.722533],[-108.297859,36.722528],[-108.297862,36.722438],[-108.29831,36.722448],[-108.298313,36.722358],[-108.298425,36.72236],[-108.298428,36.72227],[-108.29854,36.722273],[-108.298543,36.722183],[-108.298767,36.722188],[-108.29877,36.722098],[-108.299106,36.722105],[-108.299109,36.722015],[-108.299221,36.722018],[-108.299227,36.721838],[-108.298556,36.721822],[-108.298559,36.721732],[-108.298223,36.721725],[-108.298227,36.721634],[-108.298003,36.721629],[-108.298006,36.721539],[-108.297782,36.721534],[-108.297779,36.721624],[-108.297667,36.721622],[-108.297664,36.721712],[-108.29744,36.721707],[-108.297437,36.721797],[-108.297325,36.721794],[-108.297322,36.721884],[-108.297098,36.721879],[-108.297095,36.721969],[-108.296983,36.721967],[-108.29698,36.722057],[-108.296756,36.722052],[-108.296753,36.722142],[-108.296529,36.722137],[-108.296526,36.722227],[-108.296414,36.722224],[-108.296411,36.722315],[-108.296187,36.722309],[-108.296184,36.7224],[-108.296072,36.722397],[-108.296069,36.722487],[-108.295957,36.722485],[-108.295954,36.722575],[-108.295842,36.722572],[-108.295838,36.722662],[-108.295727,36.72266],[-108.29572,36.72284],[-108.295608,36.722837],[-108.295599,36.723108],[-108.295487,36.723105],[-108.295484,36.723195],[-108.295372,36.723193],[-108.295369,36.723283],[-108.295257,36.72328],[-108.295254,36.72337],[-108.295142,36.723368],[-108.295139,36.723458],[-108.295027,36.723455],[-108.295023,36.723545],[-108.294912,36.723543],[-108.294908,36.723633],[-108.294685,36.723628],[-108.294681,36.723718],[-108.294569,36.723715],[-108.294566,36.723805],[-108.294454,36.723803],[-108.294451,36.723893],[-108.294227,36.723888],[-108.294224,36.723978],[-108.294112,36.723975],[-108.294109,36.724065],[-108.293885,36.72406],[-108.293882,36.72415],[-108.29377,36.724148],[-108.293767,36.724238],[-108.293655,36.724235],[-108.293652,36.724326],[-108.293764,36.724328],[-108.293761,36.724418],[-108.293873,36.724421],[-108.29387,36.724511],[-108.293758,36.724508],[-108.293754,36.724598],[-108.293419,36.724591],[-108.293416,36.724681],[-108.293304,36.724678],[-108.2933,36.724768],[-108.293189,36.724766],[-108.293185,36.724856],[-108.293073,36.724853],[-108.293077,36.724763],[-108.292853,36.724758],[-108.292843,36.725028],[-108.292731,36.725026],[-108.292735,36.724936],[-108.292511,36.724931],[-108.292508,36.725021],[-108.292396,36.725018],[-108.292386,36.725289],[-108.292274,36.725286],[-108.292271,36.725376],[-108.292159,36.725374],[-108.292156,36.725464],[-108.292044,36.725461],[-108.292038,36.725641],[-108.291926,36.725639],[-108.291923,36.725729],[-108.291811,36.725726],[-108.291801,36.725997],[-108.291689,36.725994],[-108.291686,36.726084],[-108.291798,36.726087],[-108.291792,36.726267],[-108.291568,36.726262],[-108.291565,36.726352],[-108.291341,36.726347],[-108.291338,36.726437],[-108.291226,36.726434],[-108.291216,36.726704],[-108.291104,36.726702],[-108.291101,36.726792],[-108.291213,36.726795],[-108.29121,36.726885],[-108.291098,36.726882],[-108.291092,36.727062],[-108.29098,36.72706],[-108.290973,36.72724],[-108.290862,36.727237],[-108.290855,36.727418],[-108.290631,36.727412],[-108.290628,36.727503],[-108.290852,36.727508],[-108.290849,36.727598],[-108.290513,36.72759],[-108.290507,36.72777],[-108.290395,36.727768],[-108.290392,36.727858],[-108.290168,36.727853],[-108.290165,36.727943],[-108.290053,36.72794],[-108.290046,36.72812],[-108.289934,36.728118],[-108.289931,36.728208],[-108.289819,36.728205],[-108.289816,36.728296],[-108.289704,36.728293],[-108.289698,36.728473],[-108.289586,36.728471],[-108.289583,36.728561],[-108.289471,36.728558],[-108.289468,36.728648],[-108.289356,36.728646],[-108.289353,36.728736],[-108.289241,36.728733],[-108.289238,36.728823],[-108.289014,36.728818],[-108.289011,36.728908],[-108.288899,36.728906],[-108.288895,36.728996],[-108.288672,36.728991],[-108.288668,36.729081],[-108.288445,36.729076],[-108.288441,36.729166],[-108.288218,36.729161],[-108.288214,36.729251],[-108.287991,36.729246],[-108.287987,36.729336],[-108.287652,36.729328],[-108.287648,36.729418],[-108.287089,36.729405],[-108.287086,36.729496],[-108.286638,36.729485],[-108.286635,36.729575],[-108.286411,36.72957],[-108.286405,36.729751],[-108.286517,36.729753],[-108.286513,36.729843],[-108.286625,36.729846],[-108.286622,36.729936],[-108.287406,36.729954],[-108.287409,36.729864],[-108.287521,36.729866],[-108.287518,36.729956],[-108.287741,36.729961]],[[-108.292509,36.728177],[-108.292285,36.728171],[-108.292288,36.728081],[-108.292512,36.728086],[-108.292509,36.728177]],[[-108.292173,36.728169],[-108.292061,36.728166],[-108.292064,36.728076],[-108.292176,36.728079],[-108.292173,36.728169]],[[-108.2913,36.727518],[-108.291076,36.727513],[-108.291079,36.727423],[-108.291191,36.727425],[-108.291194,36.727335],[-108.291306,36.727338],[-108.291316,36.727067],[-108.291427,36.72707],[-108.291431,36.72698],[-108.291543,36.726982],[-108.291533,36.727253],[-108.291421,36.72725],[-108.291415,36.72743],[-108.291303,36.727428],[-108.2913,36.727518]],[[-108.291754,36.727348],[-108.291642,36.727345],[-108.291645,36.727255],[-108.291757,36.727258],[-108.291754,36.727348]],[[-108.293212,36.727291],[-108.2931,36.727288],[-108.293103,36.727198],[-108.293215,36.727201],[-108.293212,36.727291]],[[-108.293998,36.727219],[-108.293887,36.727216],[-108.29389,36.727126],[-108.294002,36.727129],[-108.293998,36.727219]],[[-108.294337,36.727136],[-108.294225,36.727134],[-108.294229,36.727044],[-108.294341,36.727046],[-108.294337,36.727136]],[[-108.294117,36.727041],[-108.294005,36.727038],[-108.294011,36.726858],[-108.294123,36.726861],[-108.294117,36.727041]],[[-108.291654,36.726985],[-108.291543,36.726982],[-108.291546,36.726892],[-108.291658,36.726895],[-108.291654,36.726985]],[[-108.29177,36.726897],[-108.291658,36.726895],[-108.291664,36.726715],[-108.291776,36.726717],[-108.29177,36.726897]],[[-108.29435,36.726776],[-108.294238,36.726773],[-108.294241,36.726683],[-108.294353,36.726686],[-108.29435,36.726776]],[[-108.292,36.726722],[-108.291776,36.726717],[-108.291782,36.726537],[-108.291894,36.72654],[-108.291904,36.726269],[-108.292016,36.726272],[-108.292,36.726722]],[[-108.291664,36.726715],[-108.291552,36.726712],[-108.291555,36.726622],[-108.291667,36.726625],[-108.291664,36.726715]],[[-108.291782,36.726537],[-108.29167,36.726535],[-108.291673,36.726444],[-108.291785,36.726447],[-108.291782,36.726537]],[[-108.292233,36.726457],[-108.292121,36.726455],[-108.292124,36.726365],[-108.292236,36.726367],[-108.292233,36.726457]],[[-108.29537,36.726438],[-108.295258,36.726436],[-108.295261,36.726346],[-108.295373,36.726348],[-108.29537,36.726438]],[[-108.295261,36.726346],[-108.295037,36.726341],[-108.295041,36.726251],[-108.294929,36.726248],[-108.294932,36.726158],[-108.29482,36.726155],[-108.294826,36.725975],[-108.29505,36.72598],[-108.295047,36.72607],[-108.295159,36.726073],[-108.295168,36.725803],[-108.29528,36.725805],[-108.295277,36.725895],[-108.295389,36.725898],[-108.295376,36.726258],[-108.295264,36.726256],[-108.295261,36.726346]],[[-108.293592,36.726037],[-108.29348,36.726035],[-108.293483,36.725945],[-108.293595,36.725947],[-108.293592,36.726037]],[[-108.294158,36.72587],[-108.294046,36.725867],[-108.294049,36.725777],[-108.293825,36.725772],[-108.293828,36.725682],[-108.293381,36.725672],[-108.293374,36.725852],[-108.293151,36.725847],[-108.29316,36.725577],[-108.293496,36.725584],[-108.293499,36.725494],[-108.293835,36.725502],[-108.293841,36.725322],[-108.293058,36.725304],[-108.293061,36.725214],[-108.293397,36.725221],[-108.2934,36.725131],[-108.293735,36.725139],[-108.293739,36.725049],[-108.293962,36.725054],[-108.293966,36.724964],[-108.294078,36.724966],[-108.294071,36.725147],[-108.294183,36.725149],[-108.294189,36.724969],[-108.294301,36.724971],[-108.294295,36.725152],[-108.294407,36.725154],[-108.294404,36.725244],[-108.294516,36.725247],[-108.294509,36.725427],[-108.294397,36.725424],[-108.294394,36.725515],[-108.294506,36.725517],[-108.294503,36.725607],[-108.294391,36.725605],[-108.294388,36.725695],[-108.2945,36.725697],[-108.294497,36.725787],[-108.294161,36.72578],[-108.294158,36.72587]],[[-108.29584,36.725818],[-108.295728,36.725815],[-108.295731,36.725725],[-108.295843,36.725728],[-108.29584,36.725818]],[[-108.295616,36.725813],[-108.295504,36.72581],[-108.295507,36.72572],[-108.295283,36.725715],[-108.295286,36.725625],[-108.295175,36.725622],[-108.295178,36.725532],[-108.29529,36.725535],[-108.295296,36.725355],[-108.295408,36.725357],[-108.295411,36.725267],[-108.295523,36.72527],[-108.295526,36.72518],[-108.295862,36.725187],[-108.295865,36.725097],[-108.295977,36.7251],[-108.295974,36.72519],[-108.296198,36.725195],[-108.296191,36.725375],[-108.296079,36.725373],[-108.296076,36.725463],[-108.296188,36.725465],[-108.296182,36.725645],[-108.295734,36.725635],[-108.295731,36.725725],[-108.295619,36.725723],[-108.295616,36.725813]],[[-108.292262,36.725646],[-108.29215,36.725644],[-108.292153,36.725554],[-108.292265,36.725556],[-108.292262,36.725646]],[[-108.295178,36.725532],[-108.294842,36.725525],[-108.294845,36.725435],[-108.294733,36.725432],[-108.294736,36.725342],[-108.294848,36.725345],[-108.294851,36.725254],[-108.294963,36.725257],[-108.294957,36.725437],[-108.295181,36.725442],[-108.295178,36.725532]],[[-108.293163,36.725487],[-108.293051,36.725484],[-108.293054,36.725394],[-108.293166,36.725396],[-108.293163,36.725487]],[[-108.292492,36.725471],[-108.29238,36.725469],[-108.292383,36.725379],[-108.292495,36.725381],[-108.292492,36.725471]],[[-108.296418,36.72529],[-108.296306,36.725288],[-108.29631,36.725197],[-108.296198,36.725195],[-108.296201,36.725105],[-108.296313,36.725107],[-108.296316,36.725017],[-108.296428,36.72502],[-108.296418,36.72529]],[[-108.292837,36.725209],[-108.292613,36.725204],[-108.292616,36.725113],[-108.29284,36.725119],[-108.292837,36.725209]],[[-108.294634,36.725069],[-108.29441,36.725064],[-108.294413,36.724974],[-108.294637,36.724979],[-108.294634,36.725069]],[[-108.294973,36.724987],[-108.294861,36.724984],[-108.294864,36.724894],[-108.294752,36.724892],[-108.294755,36.724801],[-108.294867,36.724804],[-108.29487,36.724714],[-108.294982,36.724716],[-108.294973,36.724987]],[[-108.29363,36.724956],[-108.293518,36.724954],[-108.293521,36.724864],[-108.293633,36.724866],[-108.29363,36.724956]],[[-108.29307,36.724943],[-108.292958,36.724941],[-108.292962,36.724851],[-108.293073,36.724853],[-108.29307,36.724943]],[[-108.296543,36.724932],[-108.296431,36.72493],[-108.296437,36.72475],[-108.296549,36.724752],[-108.296543,36.724932]],[[-108.294308,36.724791],[-108.294196,36.724789],[-108.294199,36.724699],[-108.294311,36.724701],[-108.294308,36.724791]],[[-108.29386,36.724781],[-108.293748,36.724779],[-108.293751,36.724688],[-108.293863,36.724691],[-108.29386,36.724781]],[[-108.296661,36.724755],[-108.296549,36.724752],[-108.296562,36.724392],[-108.296674,36.724394],[-108.296671,36.724484],[-108.296783,36.724487],[-108.296776,36.724667],[-108.296664,36.724665],[-108.296661,36.724755]],[[-108.295094,36.724719],[-108.294982,36.724716],[-108.294986,36.724626],[-108.295097,36.724629],[-108.295094,36.724719]],[[-108.294535,36.724706],[-108.294423,36.724704],[-108.294426,36.724614],[-108.294538,36.724616],[-108.294535,36.724706]],[[-108.294426,36.724614],[-108.294314,36.724611],[-108.294317,36.724521],[-108.294429,36.724524],[-108.294426,36.724614]],[[-108.295436,36.724546],[-108.295213,36.724541],[-108.295216,36.724451],[-108.295328,36.724454],[-108.295353,36.723733],[-108.295577,36.723738],[-108.29558,36.723648],[-108.296028,36.723658],[-108.296021,36.723838],[-108.295909,36.723836],[-108.295912,36.723746],[-108.295689,36.723741],[-108.295685,36.723831],[-108.295574,36.723828],[-108.295567,36.724008],[-108.295455,36.724006],[-108.295452,36.724096],[-108.295564,36.724099],[-108.295555,36.724369],[-108.295443,36.724366],[-108.295436,36.724546]],[[-108.296901,36.724309],[-108.296789,36.724307],[-108.296792,36.724217],[-108.29668,36.724214],[-108.296686,36.724034],[-108.29691,36.724039],[-108.296901,36.724309]],[[-108.296913,36.723949],[-108.296801,36.723946],[-108.296805,36.723856],[-108.296917,36.723859],[-108.296913,36.723949]]]}},{"type":"Feature","properties":{"class":"extent","min_prob":0.5},"geometry":{"type":"Polygon","coordinates":[[[-108.272935,36.721057],[-108.272938,36.720967],[-108.272826,36.720965],[-108.272823,36.721055],[-108.272935,36.721057]]]}},{"type":"Feature","properties":{"class":"extent","min_prob":0.5},"geometry":{"type":"Polygon","coordinates":[[[-108.208234,36.723163],[-108.208238,36.723073],[-108.208685,36.723083],[-108.208689,36.722993],[-108.208577,36.72299],[-108.20858,36.7229],[-108.208692,36.722903],[-108.208695,36.722813],[-108.208807,36.722816],[-108.20881,36.722725],[-108.208698,36.722723],[-108.208702,36.722633],[-108.208925,36.722638],[-108.208935,36.722368],[-108.209271,36.722376],[-108.209274,36.722286],[-108.209386,36.722288],[-108.209389,36.722198],[-108.209501,36.722201],[-108.209505,36.722111],[-108.209616,36.722113],[-108.20962,36.722023],[-108.209732,36.722026],[-108.209725,36.722206],[-108.209837,36.722209],[-108.209834,36.722299],[-108.209946,36.722301],[-108.209955,36.722031],[-108.210179,36.722036],[-108.210186,36.721856],[-108.210298,36.721859],[-108.210307,36.721588],[-108.210196,36.721586],[-108.210192,36.721676],[-108.209969,36.721671],[-108.209975,36.72149],[-108.210087,36.721493],[-108.21009,36.721403],[-108.209978,36.7214],[-108.209985,36.72122],[-108.210097,36.721223],[-108.210103,36.721043],[-108.209991,36.72104],[-108.209995,36.72095],[-108.210107,36.720953],[-108.210113,36.720772],[-108.210225,36.720775],[-108.210248,36.720144],[-108.210136,36.720142],[-108.210146,36.719872],[-108.209922,36.719866],[-108.209928,36.719686],[-108.209816,36.719684],[-108.209823,36.719503],[-108.209711,36.719501],[-108.209714,36.719411],[-108.209602,36.719408],[-108.209599,36.719498],[-108.209487,36.719496],[-108.209474,36.719856],[-108.209362,36.719853],[-108.209359,36.719943],[-108.209135,36.719938],[-108.209132,36.720028],[-108.20902,36.720026],[-108.209023,36.719935],[-108.208688,36.719928],[-108.208684,36.720018],[-108.208461,36.720012],[-108.208454,36.720193],[-108.208566,36.720195],[-108.208563,36.720285],[-108.208451,36.720283],[-108.208444,36.720463],[-108.208556,36.720465],[-108.208553,36.720556],[-108.208665,36.720558],[-108.208662,36.720648],[-108.208885,36.720653],[-108.208889,36.720563],[-108.209001,36.720566],[-108.208994,36.720746],[-108.209106,36.720749],[-108.209103,36.720839],[-108.208991,36.720836],[-108.208987,36.720926],[-108.209099,36.720929],[-108.209096,36.721019],[-108.20932,36.721024],[-108.209317,36.721114],[-108.209205,36.721112],[-108.209201,36.721202],[-108.20909,36.721199],[-108.209086,36.721289],[-108.20931,36.721295],[-108.2093,36.721565],[-108.208853,36.721554],[-108.208843,36.721825],[-108.208731,36.721822],[-108.208725,36.722002],[-108.208613,36.721999],[-108.208606,36.72218],[-108.208494,36.722177],[-108.208497,36.722087],[-108.208386,36.722084],[-108.208389,36.721994],[-108.208165,36.721989],[-108.208162,36.722079],[-108.208274,36.722082],[-108.208267,36.722262],[-108.208155,36.722259],[-108.208152,36.722349],[-108.208488,36.722357],[-108.208481,36.722537],[-108.208369,36.722535],[-108.208363,36.722715],[-108.208475,36.722718],[-108.208465,36.722988],[-108.208353,36.722985],[-108.208356,36.722895],[-108.208132,36.72289],[-108.208139,36.72271],[-108.207915,36.722704],[-108.207912,36.722794],[-108.207688,36.722789],[-108.207695,36.722609],[-108.207583,36.722606],[-108.207586,36.722516],[-108.20725,36.722508],[-108.20724,36.722779],[-108.207352,36.722781],[-108.207349,36.722871],[-108.207461,36.722874],[-108.207458,36.722964],[-108.20757,36.722967],[-108.207566,36.723057],[-108.207678,36.723059],[-108.207681,36.722969],[-108.207793,36.722972],[-108.20779,36.723062],[-108.208014,36.723067],[-108.208011,36.723157],[-108.208234,36.723163]]]}},{"type":"Feature","properties":{"class":"extent","min_prob":0.5},"geometry":{"type":"Polygon","coordinates":[[[-108.206878,36.720426],[-108.206881,36.720336],[-108.20744,36.720349],[-108.207444,36.720259],[-108.207556,36.720262],[-108.207559,36.720172],[-108.207671,36.720174],[-108.207674,36.720084],[-108.207786,36.720087],[-108.207789,36.719997],[-108.208013,36.720002],[-108.208016,36.719912],[-108.208128,36.719914],[-108.208131,36.719824],[-108.208243,36.719827],[-108.208247,36.719737],[-108.208358,36.719739],[-108.208362,36.719649],[-108.208474,36.719652],[-108.208477,36.719562],[-108.208589,36.719565],[-108.208592,36.719474],[-108.208368,36.719469],[-108.208372,36.719379],[-108.20826,36.719377],[-108.208256,36.719467],[-108.208144,36.719464],[-108.208141,36.719554],[-108.208029,36.719551],[-108.208026,36.719642],[-108.207914,36.719639],[-108.207911,36.719729],[-108.207799,36.719726],[-108.207796,36.719816],[-108.207572,36.719811],[-108.207569,36.719901],[-108.207233,36.719893],[-108.20723,36.719983],[-108.207118,36.719981],[-108.207114,36.720071],[-108.207003,36.720068],[-108.206999,36.720158],[-108.206664,36.720151],[-108.20666,36.720241],[-108.206437,36.720235],[-108.20643,36.720416],[-108.206878,36.720426]]]}},{"type":"Feature","properties":{"class":"extent","min_prob":0.5},"geometry":{"type":"Polygon","coordinates":[[[-108.246527,36.720359],[-108.246531,36.720269],[-108.246419,36.720266],[-108.246416,36.720356],[-108.246527,36.720359]]]}},{"type":"Feature","properties":{"class":"extent","min_prob":0.5},"geometry":{"type":"Polygon","coordinates":[[[-108.245185,36.720328],[-108.245188,36.720238],[-108.245076,36.720235],[-108.245073,36.720325],[-108.245185,36.720328]]]}},{"type":"Feature","properties":{"class":"extent","min_prob":0.5},"geometry":{"type":"Polygon","coordinates":[[[-108.209487,36.719496],[-108.209491,36.719405],[-108.209379,36.719403],[-108.209375,36.719493],[-108.209487,36.719496]]]}},{"type":"Feature","properties":{"class":"extent","min_prob":0.5},"geometry":{"type":"Polygon","coordinates":[[[-108.206242,36.719419],[-108.206245,36.719329],[-108.20591,36.719321],[-108.205906,36.719411],[-108.206242,36.719419]]]}},{"type":"Feature","properties":{"class":"extent","min_prob":0.5},"geometry":{"type":"Polygon","coordinates":[[[-108.232879,36.726173],[-108.232882,36.726083],[-108.23333,36.726093],[-108.233333,36.726003],[-108.233557,36.726008],[-108.23356,36.725918],[-108.233896,36.725926],[-108.233899,36.725836],[-108.234123,36.725841],[-108.234126,36.725751],[-108.23435,36.725756],[-108.234353,36.725666],[-108.234577,36.725672],[-108.23458,36.725581],[-108.234804,36.725587],[-108.234807,36.725497],[-108.235031,36.725502],[-108.235034,36.725412],[-108.235482,36.725422],[-108.235485,36.725332],[-108.235709,36.725337],[-108.235712,36.725247],[-108.236048,36.725255],[-108.236051,36.725165],[-108.236275,36.72517],[-108.236278,36.72508],[-108.23639,36.725083],[-108.236393,36.724992],[-108.236505,36.724995],[-108.236502,36.725085],[-108.236614,36.725088],[-108.236617,36.724998],[-108.236841,36.725003],[-108.236838,36.725093],[-108.237062,36.725098],[-108.237058,36.725188],[-108.23717,36.725191],[-108.237174,36.725101],[-108.237286,36.725103],[-108.237282,36.725193],[-108.237842,36.725206],[-108.237839,36.725297],[-108.237951,36.725299],[-108.237957,36.725119],[-108.238181,36.725124],[-108.238178,36.725214],[-108.238066,36.725212],[-108.238062,36.725302],[-108.238286,36.725307],[-108.238283,36.725397],[-108.238507,36.725402],[-108.23851,36.725312],[-108.238734,36.725317],[-108.238731,36.725407],[-108.238843,36.72541],[-108.238849,36.72523],[-108.239073,36.725235],[-108.239086,36.724875],[-108.239198,36.724877],[-108.239204,36.724697],[-108.239092,36.724694],[-108.239089,36.724785],[-108.238977,36.724782],[-108.238996,36.724241],[-108.239108,36.724244],[-108.239115,36.724064],[-108.239003,36.724061],[-108.239006,36.723971],[-108.238894,36.723969],[-108.23891,36.723518],[-108.239022,36.723521],[-108.239026,36.723431],[-108.239361,36.723438],[-108.239358,36.723529],[-108.239918,36.723542],[-108.239914,36.723632],[-108.240138,36.723637],[-108.240141,36.723547],[-108.240477,36.723555],[-108.24048,36.723464],[-108.240592,36.723467],[-108.240589,36.723557],[-108.240701,36.72356],[-108.240704,36.72347],[-108.240816,36.723472],[-108.240819,36.723382],[-108.241043,36.723387],[-108.241046,36.723297],[-108.240934,36.723295],[-108.240941,36.723114],[-108.240829,36.723112],[-108.240842,36.722752],[-108.240954,36.722754],[-108.240957,36.722664],[-108.240845,36.722661],[-108.240852,36.722481],[-108.240963,36.722484],[-108.24097,36.722304],[-108.241082,36.722306],[-108.241092,36.722036],[-108.241203,36.722039],[-108.241207,36.721949],[-108.241319,36.721951],[-108.241322,36.721861],[-108.24121,36.721858],[-108.241216,36.721678],[-108.241328,36.721681],[-108.241335,36.721501],[-108.241223,36.721498],[-108.24122,36.721588],[-108.24066,36.721575],[-108.240654,36.721755],[-108.240765,36.721758],[-108.240762,36.721848],[-108.24065,36.721845],[-108.240625,36.722566],[-108.240736,36.722569],[-108.24073,36.722749],[-108.240506,36.722744],[-108.240493,36.723104],[-108.240381,36.723101],[-108.240375,36.723282],[-108.240263,36.723279],[-108.24026,36.723369],[-108.240148,36.723367],[-108.240151,36.723276],[-108.239815,36.723269],[-108.239822,36.723089],[-108.240046,36.723094],[-108.240052,36.722914],[-108.239604,36.722903],[-108.239592,36.723263],[-108.239256,36.723256],[-108.239259,36.723166],[-108.239147,36.723163],[-108.239144,36.723253],[-108.238696,36.723243],[-108.238699,36.723153],[-108.238811,36.723155],[-108.238815,36.723065],[-108.238703,36.723063],[-108.238709,36.722882],[-108.238821,36.722885],[-108.238824,36.722795],[-108.238712,36.722792],[-108.238716,36.722702],[-108.238828,36.722705],[-108.238831,36.722615],[-108.238719,36.722612],[-108.238725,36.722432],[-108.238613,36.722429],[-108.23862,36.722249],[-108.238508,36.722247],[-108.238524,36.721796],[-108.238636,36.721799],[-108.238642,36.721619],[-108.238754,36.721621],[-108.238758,36.721531],[-108.238646,36.721528],[-108.238652,36.721348],[-108.238764,36.721351],[-108.238767,36.721261],[-108.238655,36.721258],[-108.238688,36.720357],[-108.2388,36.72036],[-108.238803,36.72027],[-108.239027,36.720275],[-108.239017,36.720545],[-108.238905,36.720543],[-108.238902,36.720633],[-108.239126,36.720638],[-108.239132,36.720458],[-108.239244,36.72046],[-108.239247,36.72037],[-108.239359,36.720373],[-108.239356,36.720463],[-108.239468,36.720466],[-108.239477,36.720195],[-108.239254,36.72019],[-108.239257,36.7201],[-108.239033,36.720095],[-108.239036,36.720005],[-108.238924,36.720002],[-108.238921,36.720092],[-108.238697,36.720087],[-108.238694,36.720177],[-108.238358,36.720169],[-108.238349,36.72044],[-108.238461,36.720442],[-108.238444,36.720893],[-108.238333,36.72089],[-108.238329,36.72098],[-108.238553,36.720985],[-108.238531,36.721616],[-108.238419,36.721613],[-108.238412,36.721794],[-108.238076,36.721786],[-108.23807,36.721966],[-108.238182,36.721968],[-108.238175,36.722149],[-108.238287,36.722151],[-108.238274,36.722512],[-108.238498,36.722517],[-108.238479,36.723057],[-108.238255,36.723052],[-108.238245,36.723322],[-108.238357,36.723325],[-108.238361,36.723235],[-108.238584,36.72324],[-108.238578,36.72342],[-108.238466,36.723418],[-108.23846,36.723598],[-108.238571,36.7236],[-108.238562,36.723871],[-108.23845,36.723868],[-108.238453,36.723778],[-108.238341,36.723775],[-108.238344,36.723685],[-108.238121,36.72368],[-108.238124,36.72359],[-108.2379,36.723585],[-108.237903,36.723495],[-108.237679,36.72349],[-108.237683,36.723399],[-108.237571,36.723397],[-108.237574,36.723307],[-108.237686,36.723309],[-108.237692,36.723129],[-108.237468,36.723124],[-108.237472,36.723034],[-108.23736,36.723031],[-108.237357,36.723121],[-108.237245,36.723119],[-108.237248,36.723029],[-108.237136,36.723026],[-108.237133,36.723116],[-108.236909,36.723111],[-108.236915,36.722931],[-108.236803,36.722928],[-108.2368,36.723018],[-108.236688,36.723016],[-108.236695,36.722836],[-108.236583,36.722833],[-108.236599,36.722383],[-108.236487,36.72238],[-108.236477,36.72265],[-108.236366,36.722648],[-108.236362,36.722738],[-108.236474,36.72274],[-108.236465,36.723011],[-108.236353,36.723008],[-108.236356,36.722918],[-108.236244,36.722915],[-108.236241,36.723005],[-108.236017,36.723],[-108.23602,36.72291],[-108.235908,36.722907],[-108.235911,36.722817],[-108.236023,36.72282],[-108.23603,36.72264],[-108.235694,36.722632],[-108.235691,36.722722],[-108.235467,36.722717],[-108.235464,36.722807],[-108.235016,36.722797],[-108.235013,36.722887],[-108.234789,36.722881],[-108.234786,36.722972],[-108.23445,36.722964],[-108.234453,36.722874],[-108.234341,36.722871],[-108.234338,36.722961],[-108.234226,36.722959],[-108.234223,36.723049],[-108.233999,36.723043],[-108.233996,36.723133],[-108.233884,36.723131],[-108.233881,36.723221],[-108.233433,36.723211],[-108.23343,36.723301],[-108.233318,36.723298],[-108.233312,36.723478],[-108.233424,36.723481],[-108.233427,36.723391],[-108.233539,36.723393],[-108.233532,36.723574],[-108.233308,36.723568],[-108.233305,36.723658],[-108.233081,36.723653],[-108.233078,36.723743],[-108.233302,36.723748],[-108.233299,36.723839],[-108.233187,36.723836],[-108.233184,36.723926],[-108.233295,36.723929],[-108.233292,36.724019],[-108.233404,36.724021],[-108.233411,36.723841],[-108.233634,36.723846],[-108.233631,36.723936],[-108.233519,36.723934],[-108.233516,36.724024],[-108.23374,36.724029],[-108.233733,36.724209],[-108.233845,36.724212],[-108.233849,36.724122],[-108.234072,36.724127],[-108.234066,36.724307],[-108.233954,36.724305],[-108.233948,36.724485],[-108.233836,36.724482],[-108.233839,36.724392],[-108.233727,36.724389],[-108.233717,36.72466],[-108.233605,36.724657],[-108.233602,36.724747],[-108.233714,36.72475],[-108.233711,36.72484],[-108.233823,36.724843],[-108.233819,36.724933],[-108.233931,36.724935],[-108.233925,36.725115],[-108.233813,36.725113],[-108.23381,36.725203],[-108.233922,36.725205],[-108.233918,36.725296],[-108.233583,36.725288],[-108.233592,36.725018],[-108.233481,36.725015],[-108.233477,36.725105],[-108.233365,36.725102],[-108.233369,36.725012],[-108.233257,36.72501],[-108.233253,36.7251],[-108.233142,36.725097],[-108.233145,36.725007],[-108.233033,36.725004],[-108.23303,36.725095],[-108.232918,36.725092],[-108.232914,36.725182],[-108.233026,36.725185],[-108.233023,36.725275],[-108.233247,36.72528],[-108.233244,36.72537],[-108.23302,36.725365],[-108.233017,36.725455],[-108.233464,36.725465],[-108.233468,36.725375],[-108.233691,36.72538],[-108.233685,36.725561],[-108.233237,36.72555],[-108.233234,36.72564],[-108.233122,36.725638],[-108.233125,36.725548],[-108.233013,36.725545],[-108.233007,36.725725],[-108.232783,36.72572],[-108.23278,36.72581],[-108.232668,36.725807],[-108.232665,36.725898],[-108.232553,36.725895],[-108.23255,36.725985],[-108.232662,36.725988],[-108.232655,36.726168],[-108.232879,36.726173]],[[-108.234129,36.725661],[-108.233906,36.725656],[-108.233909,36.725566],[-108.233797,36.725563],[-108.2338,36.725473],[-108.234136,36.725481],[-108.234139,36.725391],[-108.234251,36.725393],[-108.234244,36.725574],[-108.234133,36.725571],[-108.234129,36.725661]],[[-108.233794,36.725653],[-108.233682,36.725651],[-108.233685,36.725561],[-108.233797,36.725563],[-108.233794,36.725653]],[[-108.234468,36.725579],[-108.234356,36.725576],[-108.234366,36.725306],[-108.234478,36.725309],[-108.234475,36.725399],[-108.234699,36.725404],[-108.234695,36.725494],[-108.234472,36.725489],[-108.234468,36.725579]],[[-108.234139,36.725391],[-108.234027,36.725388],[-108.23403,36.725298],[-108.234142,36.725301],[-108.234139,36.725391]],[[-108.237733,36.725114],[-108.237621,36.725111],[-108.237624,36.725021],[-108.237736,36.725024],[-108.237733,36.725114]],[[-108.238184,36.725034],[-108.237848,36.725026],[-108.237852,36.724936],[-108.238187,36.724944],[-108.238184,36.725034]],[[-108.233935,36.724845],[-108.233823,36.724843],[-108.233826,36.724752],[-108.233938,36.724755],[-108.233935,36.724845]],[[-108.236851,36.724733],[-108.236627,36.724727],[-108.23663,36.724637],[-108.236518,36.724635],[-108.236515,36.724725],[-108.235955,36.724712],[-108.235959,36.724622],[-108.235847,36.724619],[-108.23585,36.724529],[-108.235738,36.724526],[-108.235748,36.724256],[-108.23586,36.724259],[-108.235863,36.724169],[-108.235975,36.724171],[-108.235978,36.724081],[-108.236202,36.724086],[-108.236205,36.723996],[-108.236317,36.723999],[-108.23632,36.723909],[-108.236544,36.723914],[-108.236541,36.724004],[-108.237324,36.724022],[-108.237327,36.723932],[-108.237663,36.72394],[-108.237657,36.72412],[-108.237545,36.724118],[-108.237538,36.724298],[-108.237315,36.724293],[-108.237308,36.724473],[-108.237084,36.724468],[-108.237081,36.724558],[-108.236969,36.724555],[-108.236966,36.724645],[-108.236854,36.724643],[-108.236851,36.724733]],[[-108.234171,36.72449],[-108.234059,36.724487],[-108.234063,36.724397],[-108.234175,36.7244],[-108.234171,36.72449]],[[-108.234287,36.724403],[-108.234175,36.7244],[-108.234181,36.72422],[-108.234405,36.724225],[-108.234402,36.724315],[-108.23429,36.724312],[-108.234287,36.724403]],[[-108.234629,36.72423],[-108.234405,36.724225],[-108.234408,36.724135],[-108.234632,36.72414],[-108.234629,36.72423]],[[-108.234296,36.724132],[-108.234184,36.72413],[-108.234188,36.72404],[-108.234299,36.724042],[-108.234296,36.724132]],[[-108.234635,36.72405],[-108.234411,36.724045],[-108.234415,36.723955],[-108.234527,36.723957],[-108.23453,36.723867],[-108.234642,36.72387],[-108.234635,36.72405]],[[-108.233855,36.723942],[-108.233743,36.723939],[-108.233753,36.723669],[-108.233865,36.723671],[-108.233868,36.723581],[-108.234204,36.723589],[-108.2342,36.723679],[-108.234089,36.723677],[-108.234085,36.723767],[-108.233973,36.723764],[-108.23397,36.723854],[-108.233858,36.723852],[-108.233855,36.723942]],[[-108.233756,36.723579],[-108.233644,36.723576],[-108.233651,36.723396],[-108.233874,36.723401],[-108.233871,36.723491],[-108.233759,36.723489],[-108.233756,36.723579]],[[-108.240484,36.723374],[-108.240372,36.723372],[-108.240375,36.723282],[-108.240487,36.723284],[-108.240484,36.723374]]]}},{"type":"Feature","properties":{"class":"extent","min_prob":0.5},"geometry":{"type":"Polygon","coordinates":[[[-108.205545,36.720124],[-108.205548,36.720034],[-108.20566,36.720037],[-108.205663,36.719947],[-108.205775,36.719949],[-108.205772,36.720039],[-108.205884,36.720042],[-108.205887,36.719952],[-108.205999,36.719955],[-108.205995,36.720045],[-108.206107,36.720047],[-108.206111,36.719957],[-108.206446,36.719965],[-108.20645,36.719875],[-108.206785,36.719883],[-108.206792,36.719703],[-108.207016,36.719708],[-108.207022,36.719528],[-108.207134,36.71953],[-108.207131,36.719621],[-108.207355,36.719626],[-108.207358,36.719536],[-108.20747,36.719538],[-108.207473,36.719448],[-108.207585,36.719451],[-108.207591,36.719271],[-108.207032,36.719258],[-108.207029,36.719348],[-108.206581,36.719337],[-108.206575,36.719517],[-108.206239,36.719509],[-108.206236,36.719599],[-108.206459,36.719605],[-108.206456,36.719695],[-108.206344,36.719692],[-108.206338,36.719872],[-108.206226,36.71987],[-108.206229,36.71978],[-108.206117,36.719777],[-108.206124,36.719597],[-108.206012,36.719594],[-108.206015,36.719504],[-108.205903,36.719502],[-108.205906,36.719411],[-108.205795,36.719409],[-108.205791,36.719499],[-108.203441,36.719444],[-108.203438,36.719534],[-108.203102,36.719526],[-108.203099,36.719616],[-108.202987,36.719613],[-108.202981,36.719793],[-108.202869,36.719791],[-108.202859,36.720061],[-108.203083,36.720066],[-108.203086,36.719976],[-108.20331,36.719982],[-108.203313,36.719891],[-108.203537,36.719897],[-108.20354,36.719807],[-108.203988,36.719817],[-108.203991,36.719727],[-108.204662,36.719743],[-108.204659,36.719833],[-108.204771,36.719836],[-108.204768,36.719926],[-108.20488,36.719928],[-108.204876,36.720018],[-108.2051,36.720024],[-108.205097,36.720114],[-108.205545,36.720124]],[[-108.206114,36.719867],[-108.20589,36.719862],[-108.205893,36.719772],[-108.206117,36.719777],[-108.206114,36.719867]],[[-108.207246,36.719533],[-108.207134,36.71953],[-108.207137,36.71944],[-108.207249,36.719443],[-108.207246,36.719533]]]}},{"type":"Feature","properties":{"class":"extent","min_prob":0.5},"geometry":{"type":"Polygon","coordinates":[[[-108.277753,36.720987],[-108.277756,36.720897],[-108.277644,36.720895],[-108.277641,36.720985],[-108.277753,36.720987]]]}},{"type":"Feature","properties":{"class":"extent","min_prob":0.5},"geometry":{"type":"Polygon","coordinates":[[[-108.272605,36.720869],[-108.272608,36.720779],[-108.272497,36.720777],[-108.272493,36.720867],[-108.272605,36.720869]]]}},{"type":"Feature","properties":{"class":"extent","min_prob":0.5},"geometry":{"type":"Polygon","coordinates":[[[-108.258057,36.720535],[-108.25806,36.720445],[-108.257948,36.720442],[-108.257945,36.720532],[-108.258057,36.720535]]]}},{"type":"Feature","properties":{"class":"extent","min_prob":0.5},"geometry":{"type":"Polygon","coordinates":[[[-108.208483,36.719382],[-108.208487,36.719292],[-108.208375,36.719289],[-108.208372,36.719379],[-108.208483,36.719382]]]}},{"type":"Feature","properties":{"class":"extent","min_prob":0.5},"geometry":{"type":"Polygon","coordinates":[[[-108.240136,36.720571],[-108.240146,36.720301],[-108.240258,36.720304],[-108.240267,36.720033],[-108.240155,36.720031],[-108.240159,36.719941],[-108.239599,36.719928],[-108.239596,36.720018],[-108.239708,36.72002],[-108.239701,36.720201],[-108.239813,36.720203],[-108.23981,36.720293],[-108.239922,36.720296],[-108.239919,36.720386],[-108.24003,36.720388],[-108.240024,36.720569],[-108.240136,36.720571]]]}},{"type":"Feature","properties":{"class":"extent","min_prob":0.5},"geometry":{"type":"Polygon","coordinates":[[[-108.278428,36.720913],[-108.278431,36.720823],[-108.278319,36.72082],[-108.278316,36.72091],[-108.278428,36.720913]]]}},{"type":"Feature","properties":{"class":"extent","min_prob":0.5},"geometry":{"type":"Polygon","coordinates":[[[-108.245418,36.720063],[-108.245421,36.719972],[-108.245645,36.719978],[-108.245648,36.719888],[-108.245313,36.71988],[-108.245306,36.72006],[-108.245418,36.720063]]]}},{"type":"Feature","properties":{"class":"extent","min_prob":0.5},"geometry":{"type":"Polygon","coordinates":[[[-108.244862,36.71996],[-108.244865,36.719869],[-108.244753,36.719867],[-108.24475,36.719957],[-108.244862,36.71996]]]}},{"type":"Feature","properties":{"class":"extent","min_prob":0.5},"geometry":{"type":"Polygon","coordinates":[[[-108.20536,36.719038],[-108.205367,36.718858],[-108.205255,36.718855],[-108.205251,36.718945],[-108.205139,36.718943],[-108.205136,36.719033],[-108.20536,36.719038]]]}},{"type":"Feature","properties":{"class":"extent","min_prob":0.5},"geometry":{"type":"Polygon","coordinates":[[[-108.202678,36.718885],[-108.202681,36.718795],[-108.202569,36.718792],[-108.202566,36.718882],[-108.202678,36.718885]]]}},{"type":"Feature","properties":{"class":"extent","min_prob":0.5},"geometry":{"type":"Polygon","coordinates":[[[-108.203343,36.719081],[-108.203346,36.718991],[-108.203793,36.719001],[-108.2038,36.718821],[-108.203576,36.718816],[-108.203579,36.718726],[-108.203356,36.71872],[-108.203352,36.71881],[-108.20324,36.718808],[-108.203231,36.719078],[-108.203343,36.719081]]]}},{"type":"Feature","properties":{"class":"extent","min_prob":0.5},"geometry":{"type":"Polygon","coordinates":[[[-108.319176,36.721477],[-108.31918,36.721387],[-108.319068,36.721385],[-108.319065,36.721475],[-108.319176,36.721477]]]}},{"type":"Feature","properties":{"class":"extent","min_prob":0.5},"geometry":{"type":"Polygon","coordinates":[[[-108.245763,36.7198],[-108.245767,36.71971],[-108.245655,36.719707],[-108.245652,36.719797],[-108.245763,36.7198]]]}},{"type":"Feature","properties":{"class":"extent","min_prob":0.5},"geometry":{"type":"Polygon","coordinates":[[[-108.297021,36.720886],[-108.297024,36.720796],[-108.296912,36.720793],[-108.296909,36.720883],[-108.297021,36.720886]]]}},{"type":"Feature","properties":{"class":"extent","min_prob":0.5},"geometry":{"type":"Polygon","coordinates":[[[-108.28997,36.720725],[-108.289974,36.720635],[-108.289862,36.720633],[-108.289858,36.720723],[-108.28997,36.720725]]]}},{"type":"Feature","properties":{"class":"extent","min_prob":0.5},"geometry":{"type":"Polygon","coordinates":[[[-108.2048,36.719025],[-108.204804,36.718935],[-108.204916,36.718937],[-108.204919,36.718847],[-108.204695,36.718842],[-108.204708,36.718482],[-108.204484,36.718476],[-108.204475,36.718747],[-108.204251,36.718741],[-108.204254,36.718651],[-108.204142,36.718649],[-108.204136,36.718829],[-108.203912,36.718824],[-108.203905,36.719004],[-108.2048,36.719025]]]}},{"type":"Feature","properties":{"class":"extent","min_prob":0.5},"geometry":{"type":"Polygon","coordinates":[[[-108.315595,36.721397],[-108.315608,36.721036],[-108.315496,36.721034],[-108.315483,36.721394],[-108.315595,36.721397]]]}},{"type":"Feature","properties":{"class":"extent","min_prob":0.5},"geometry":{"type":"Polygon","coordinates":[[[-108.296468,36.720693],[-108.296471,36.720603],[-108.296359,36.7206],[-108.296356,36.72069],[-108.296468,36.720693]]]}},{"type":"Feature","properties":{"class":"extent","min_prob":0.5},"geometry":{"type":"Polygon","coordinates":[[[-108.298464,36.724435],[-108.298471,36.724255],[-108.298583,36.724257],[-108.298586,36.724167],[-108.298698,36.72417],[-108.298704,36.72399],[-108.298816,36.723992],[-108.298819,36.723902],[-108.299043,36.723907],[-108.299046,36.723817],[-108.299158,36.72382],[-108.299161,36.723729],[-108.299497,36.723737],[-108.2995,36.723647],[-108.299724,36.723652],[-108.299727,36.723562],[-108.299951,36.723567],[-108.299954,36.723477],[-108.300178,36.723482],[-108.300187,36.723212],[-108.300299,36.723214],[-108.300318,36.722674],[-108.30043,36.722676],[-108.30044,36.722406],[-108.300552,36.722409],[-108.300555,36.722318],[-108.300667,36.722321],[-108.30067,36.722231],[-108.300894,36.722236],[-108.300897,36.722146],[-108.301232,36.722154],[-108.301236,36.722063],[-108.301348,36.722066],[-108.301351,36.721976],[-108.301575,36.721981],[-108.301578,36.721891],[-108.301801,36.721896],[-108.301805,36.721806],[-108.302028,36.721811],[-108.302032,36.721721],[-108.302479,36.721731],[-108.302482,36.721641],[-108.30293,36.721651],[-108.302933,36.721561],[-108.304164,36.721589],[-108.304161,36.721679],[-108.305504,36.721709],[-108.305507,36.721619],[-108.306067,36.721632],[-108.30607,36.721542],[-108.306741,36.721557],[-108.306738,36.721647],[-108.307074,36.721655],[-108.307071,36.721745],[-108.307407,36.721752],[-108.307403,36.721843],[-108.307627,36.721848],[-108.307624,36.721938],[-108.307848,36.721943],[-108.307845,36.722033],[-108.307957,36.722035],[-108.307954,36.722126],[-108.308066,36.722128],[-108.308062,36.722218],[-108.308174,36.722221],[-108.308171,36.722311],[-108.308283,36.722313],[-108.308261,36.722944],[-108.308709,36.722954],[-108.308706,36.723044],[-108.308929,36.723049],[-108.308933,36.722959],[-108.309268,36.722967],[-108.309271,36.722877],[-108.309383,36.722879],[-108.30939,36.722699],[-108.309613,36.722704],[-108.309617,36.722614],[-108.309729,36.722616],[-108.309738,36.722346],[-108.309514,36.722341],[-108.309517,36.722251],[-108.309629,36.722254],[-108.309632,36.722164],[-108.309744,36.722166],[-108.309747,36.722076],[-108.310083,36.722084],[-108.310074,36.722354],[-108.310186,36.722356],[-108.310182,36.722446],[-108.310294,36.722449],[-108.310291,36.722539],[-108.310403,36.722542],[-108.310406,36.722451],[-108.310742,36.722459],[-108.310745,36.722369],[-108.310633,36.722366],[-108.310636,36.722276],[-108.310525,36.722274],[-108.310528,36.722184],[-108.310416,36.722181],[-108.310419,36.722091],[-108.310307,36.722089],[-108.31031,36.721999],[-108.310086,36.721993],[-108.310089,36.721903],[-108.309978,36.721901],[-108.309981,36.721811],[-108.309869,36.721808],[-108.309872,36.721718],[-108.30976,36.721716],[-108.309763,36.721625],[-108.309651,36.721623],[-108.309654,36.721533],[-108.309431,36.721528],[-108.309434,36.721438],[-108.309322,36.721435],[-108.309325,36.721345],[-108.309101,36.72134],[-108.309104,36.72125],[-108.308992,36.721247],[-108.308995,36.721157],[-108.30866,36.72115],[-108.308663,36.72106],[-108.308439,36.721055],[-108.308442,36.720964],[-108.308106,36.720957],[-108.30811,36.720867],[-108.307326,36.720849],[-108.307329,36.720759],[-108.305427,36.720716],[-108.305424,36.720806],[-108.304864,36.720793],[-108.304861,36.720883],[-108.304413,36.720873],[-108.30441,36.720963],[-108.303739,36.720948],[-108.303736,36.721038],[-108.303176,36.721025],[-108.303173,36.721116],[-108.302837,36.721108],[-108.302834,36.721198],[-108.302722,36.721196],[-108.302725,36.721105],[-108.302613,36.721103],[-108.30261,36.721193],[-108.302274,36.721185],[-108.302271,36.721275],[-108.301824,36.721265],[-108.30182,36.721355],[-108.301708,36.721353],[-108.301705,36.721443],[-108.301593,36.72144],[-108.30159,36.721531],[-108.301255,36.721523],[-108.301251,36.721613],[-108.301028,36.721608],[-108.301024,36.721698],[-108.300912,36.721695],[-108.300909,36.721786],[-108.300686,36.72178],[-108.300682,36.721871],[-108.30057,36.721868],[-108.300567,36.721958],[-108.300455,36.721956],[-108.300449,36.722136],[-108.300337,36.722133],[-108.30034,36.722043],[-108.300116,36.722038],[-108.300113,36.722128],[-108.299889,36.722123],[-108.299886,36.722213],[-108.299663,36.722208],[-108.299659,36.722298],[-108.299436,36.722293],[-108.299432,36.722383],[-108.299209,36.722378],[-108.299205,36.722468],[-108.298982,36.722463],[-108.298978,36.722553],[-108.298866,36.722551],[-108.298863,36.722641],[-108.298751,36.722638],[-108.298748,36.722728],[-108.298636,36.722726],[-108.298633,36.722816],[-108.298521,36.722813],[-108.298518,36.722903],[-108.298406,36.722901],[-108.298397,36.723171],[-108.298285,36.723169],[-108.298272,36.723529],[-108.298384,36.723531],[-108.298378,36.723712],[-108.298266,36.723709],[-108.298247,36.72425],[-108.298135,36.724247],[-108.298132,36.724337],[-108.298244,36.72434],[-108.298241,36.72443],[-108.298464,36.724435]],[[-108.300903,36.721966],[-108.300679,36.721961],[-108.300682,36.721871],[-108.300906,36.721876],[-108.300903,36.721966]],[[-108.309747,36.722076],[-108.309524,36.722071],[-108.309527,36.721981],[-108.309751,36.721986],[-108.309747,36.722076]],[[-108.309527,36.721981],[-108.309303,36.721976],[-108.309306,36.721886],[-108.309194,36.721883],[-108.309197,36.721793],[-108.309421,36.721798],[-108.309418,36.721888],[-108.30953,36.721891],[-108.309527,36.721981]]]}},{"type":"Feature","properties":{"class":"extent","min_prob":0.5},"geometry":{"type":"Polygon","coordinates":[[[-108.296695,36.720608],[-108.296698,36.720518],[-108.296586,36.720515],[-108.296583,36.720605],[-108.296695,36.720608]]]}},{"type":"Feature","properties":{"class":"extent","min_prob":0.5},"geometry":{"type":"Polygon","coordinates":[[[-108.209843,36.718963],[-108.209846,36.718873],[-108.21007,36.718878],[-108.210073,36.718788],[-108.209961,36.718785],[-108.209964,36.718695],[-108.210076,36.718698],[-108.210083,36.718518],[-108.209971,36.718515],[-108.209977,36.718335],[-108.209753,36.71833],[-108.20975,36.71842],[-108.209638,36.718417],[-108.209619,36.718958],[-108.209843,36.718963]]]}},{"type":"Feature","properties":{"class":"extent","min_prob":0.5},"geometry":{"type":"Polygon","coordinates":[[[-108.224983,36.721481],[-108.224987,36.721391],[-108.225098,36.721393],[-108.225105,36.721213],[-108.224993,36.721211],[-108.225,36.721031],[-108.224888,36.721028],[-108.224907,36.720487],[-108.224795,36.720485],[-108.224802,36.720305],[-108.224914,36.720307],[-108.224917,36.720217],[-108.224581,36.720209],[-108.224584,36.720119],[-108.224472,36.720117],[-108.224482,36.719846],[-108.22437,36.719844],[-108.224374,36.719754],[-108.224262,36.719751],[-108.224265,36.719661],[-108.224153,36.719658],[-108.224163,36.719388],[-108.224051,36.719385],[-108.224057,36.719205],[-108.223945,36.719203],[-108.223955,36.718932],[-108.223843,36.71893],[-108.223853,36.71866],[-108.223741,36.718657],[-108.223738,36.718747],[-108.223626,36.718744],[-108.223629,36.718654],[-108.223517,36.718652],[-108.223521,36.718562],[-108.223409,36.718559],[-108.223405,36.718649],[-108.223293,36.718647],[-108.22329,36.718737],[-108.223066,36.718731],[-108.22306,36.718912],[-108.223172,36.718914],[-108.223165,36.719094],[-108.223277,36.719097],[-108.223264,36.719457],[-108.223376,36.71946],[-108.223373,36.71955],[-108.223485,36.719553],[-108.223472,36.719913],[-108.223584,36.719916],[-108.22358,36.720006],[-108.223692,36.720008],[-108.223686,36.720188],[-108.223798,36.720191],[-108.223791,36.720371],[-108.223903,36.720374],[-108.223897,36.720554],[-108.224121,36.720559],[-108.224117,36.720649],[-108.224005,36.720647],[-108.224002,36.720737],[-108.224114,36.720739],[-108.224111,36.720829],[-108.224223,36.720832],[-108.224216,36.721012],[-108.224328,36.721015],[-108.224322,36.721195],[-108.224434,36.721198],[-108.224427,36.721378],[-108.224651,36.721383],[-108.224648,36.721473],[-108.224983,36.721481]]]}},{"type":"Feature","properties":{"class":"extent","min_prob":0.5},"geometry":{"type":"Polygon","coordinates":[[[-108.223066,36.718731],[-108.223073,36.718551],[-108.222961,36.718549],[-108.222955,36.718729],[-108.223066,36.718731]]]}},{"type":"Feature","properties":{"class":"extent","min_prob":0.5},"geometry":{"type":"Polygon","coordinates":[[[-108.274658,36.719835],[-108.274661,36.719744],[-108.274325,36.719737],[-108.274322,36.719827],[-108.274658,36.719835]]]}},{"type":"Feature","properties":{"class":"extent","min_prob":0.5},"geometry":{"type":"Polygon","coordinates":[[[-108.20482,36.718484],[-108.20483,36.718214],[-108.204942,36.718217],[-108.204945,36.718127],[-108.204833,36.718124],[-108.204836,36.718034],[-108.204613,36.718029],[-108.204609,36.718119],[-108.204721,36.718121],[-108.204718,36.718211],[-108.204606,36.718209],[-108.2046,36.718389],[-108.204711,36.718392],[-108.204708,36.718482],[-108.20482,36.718484]]]}},{"type":"Feature","properties":{"class":"extent","min_prob":0.5},"geometry":{"type":"Polygon","coordinates":[[[-108.26403,36.7195],[-108.264033,36.71941],[-108.263921,36.719408],[-108.263918,36.719498],[-108.26403,36.7195]]]}},{"type":"Feature","properties":{"class":"extent","min_prob":0.5},"geometry":{"type":"Polygon","coordinates":[[[-108.222178,36.71853],[-108.222181,36.71844],[-108.222069,36.718438],[-108.222066,36.718528],[-108.222178,36.71853]]]}},{"type":"Feature","properties":{"class":"extent","min_prob":0.5},"geometry":{"type":"Polygon","coordinates":[[[-108.27265,36.719608],[-108.272653,36.719518],[-108.272541,36.719516],[-108.272538,36.719606],[-108.27265,36.719608]]]}},{"type":"Feature","properties":{"class":"extent","min_prob":0.5},"geometry":{"type":"Polygon","coordinates":[[[-108.223524,36.718472],[-108.223527,36.718381],[-108.223415,36.718379],[-108.223412,36.718469],[-108.223524,36.718472]]]}},{"type":"Feature","properties":{"class":"extent","min_prob":0.5},"geometry":{"type":"Polygon","coordinates":[[[-108.324214,36.727992],[-108.324255,36.726821],[-108.324143,36.726819],[-108.324146,36.726729],[-108.324258,36.726731],[-108.324261,36.726641],[-108.324373,36.726644],[-108.324376,36.726553],[-108.324264,36.726551],[-108.324268,36.726461],[-108.32438,36.726463],[-108.324398,36.725923],[-108.324286,36.72592],[-108.324289,36.72583],[-108.324401,36.725833],[-108.324405,36.725743],[-108.324293,36.72574],[-108.324315,36.725109],[-108.324426,36.725112],[-108.324433,36.724932],[-108.324321,36.724929],[-108.324336,36.724479],[-108.324448,36.724481],[-108.324451,36.724391],[-108.32434,36.724389],[-108.324346,36.724209],[-108.324458,36.724211],[-108.324461,36.724121],[-108.324349,36.724118],[-108.324355,36.723938],[-108.324467,36.723941],[-108.324473,36.723761],[-108.324585,36.723763],[-108.324588,36.723673],[-108.3247,36.723675],[-108.324703,36.723585],[-108.325151,36.723595],[-108.325157,36.723415],[-108.325381,36.72342],[-108.325384,36.72333],[-108.325496,36.723333],[-108.325499,36.723243],[-108.325947,36.723253],[-108.325944,36.723343],[-108.326056,36.723345],[-108.326068,36.722985],[-108.326404,36.722992],[-108.326398,36.723173],[-108.32651,36.723175],[-108.326485,36.723896],[-108.326821,36.723903],[-108.326824,36.723813],[-108.327495,36.723828],[-108.327492,36.723919],[-108.327828,36.723926],[-108.327825,36.724016],[-108.328496,36.724031],[-108.328493,36.724121],[-108.328717,36.724126],[-108.328708,36.724397],[-108.328819,36.724399],[-108.328785,36.72539],[-108.328897,36.725393],[-108.328881,36.725843],[-108.329105,36.725848],[-108.329208,36.722875],[-108.328761,36.722865],[-108.328767,36.722685],[-108.328655,36.722682],[-108.328652,36.722773],[-108.32854,36.72277],[-108.328537,36.72286],[-108.328425,36.722858],[-108.328428,36.722767],[-108.328316,36.722765],[-108.328313,36.722855],[-108.328201,36.722853],[-108.328207,36.722672],[-108.328319,36.722675],[-108.328325,36.722495],[-108.328102,36.72249],[-108.328105,36.7224],[-108.327881,36.722395],[-108.327884,36.722304],[-108.327772,36.722302],[-108.327775,36.722212],[-108.327663,36.722209],[-108.327679,36.721759],[-108.327903,36.721764],[-108.327909,36.721584],[-108.327797,36.721581],[-108.3278,36.721491],[-108.327353,36.721481],[-108.327359,36.721301],[-108.327583,36.721306],[-108.327586,36.721216],[-108.328481,36.721236],[-108.328478,36.721326],[-108.328814,36.721334],[-108.328804,36.721604],[-108.328916,36.721606],[-108.328913,36.721696],[-108.329137,36.721701],[-108.329134,36.721792],[-108.329246,36.721794],[-108.329274,36.720983],[-108.328938,36.720976],[-108.328941,36.720886],[-108.328605,36.720878],[-108.328609,36.720788],[-108.328273,36.72078],[-108.328276,36.72069],[-108.327493,36.720673],[-108.327489,36.720763],[-108.327266,36.720758],[-108.327262,36.720848],[-108.327039,36.720843],[-108.327036,36.720933],[-108.326924,36.72093],[-108.326921,36.72102],[-108.326809,36.721018],[-108.326805,36.721108],[-108.326694,36.721106],[-108.32669,36.721196],[-108.326579,36.721193],[-108.326575,36.721283],[-108.326352,36.721278],[-108.326345,36.721458],[-108.326233,36.721456],[-108.32623,36.721546],[-108.326118,36.721543],[-108.326115,36.721634],[-108.326003,36.721631],[-108.326,36.721721],[-108.326224,36.721726],[-108.326221,36.721816],[-108.325997,36.721811],[-108.325994,36.721901],[-108.325882,36.721899],[-108.325879,36.721989],[-108.325767,36.721986],[-108.325764,36.722076],[-108.325652,36.722074],[-108.325649,36.722164],[-108.325537,36.722162],[-108.325531,36.722342],[-108.325419,36.722339],[-108.325416,36.722429],[-108.325192,36.722424],[-108.325189,36.722514],[-108.325077,36.722512],[-108.325074,36.722602],[-108.324962,36.722599],[-108.324959,36.72269],[-108.324847,36.722687],[-108.324834,36.723047],[-108.324722,36.723045],[-108.324725,36.722955],[-108.324613,36.722952],[-108.324607,36.723132],[-108.324495,36.72313],[-108.324492,36.72322],[-108.324268,36.723215],[-108.324262,36.723395],[-108.324374,36.723398],[-108.324365,36.723668],[-108.324141,36.723663],[-108.324147,36.723483],[-108.324035,36.72348],[-108.324026,36.72375],[-108.323802,36.723745],[-108.323808,36.723565],[-108.323584,36.72356],[-108.323578,36.72374],[-108.323466,36.723738],[-108.323463,36.723828],[-108.323239,36.723823],[-108.323236,36.723913],[-108.323124,36.723911],[-108.323121,36.724001],[-108.322897,36.723996],[-108.322894,36.724086],[-108.32267,36.724081],[-108.322667,36.724171],[-108.322443,36.724166],[-108.32244,36.724256],[-108.322328,36.724253],[-108.322325,36.724343],[-108.322437,36.724346],[-108.322431,36.724526],[-108.322319,36.724524],[-108.322316,36.724614],[-108.322204,36.724611],[-108.32221,36.724431],[-108.321874,36.724423],[-108.321871,36.724513],[-108.321535,36.724506],[-108.321532,36.724596],[-108.321644,36.724599],[-108.321641,36.724689],[-108.321081,36.724676],[-108.321078,36.724766],[-108.320854,36.724761],[-108.320861,36.724581],[-108.320749,36.724578],[-108.320746,36.724668],[-108.32041,36.724661],[-108.320413,36.724571],[-108.320301,36.724568],[-108.320298,36.724658],[-108.320186,36.724656],[-108.320183,36.724746],[-108.320071,36.724743],[-108.320074,36.724653],[-108.319962,36.724651],[-108.319959,36.724741],[-108.319847,36.724738],[-108.31985,36.724648],[-108.319738,36.724646],[-108.319735,36.724736],[-108.319511,36.724731],[-108.319502,36.725001],[-108.31939,36.724999],[-108.319387,36.725089],[-108.319499,36.725091],[-108.319496,36.725181],[-108.320167,36.725196],[-108.320155,36.725557],[-108.320043,36.725554],[-108.320036,36.725734],[-108.319925,36.725732],[-108.319921,36.725822],[-108.31981,36.725819],[-108.319803,36.726],[-108.319691,36.725997],[-108.319688,36.726087],[-108.3198,36.72609],[-108.319797,36.72618],[-108.319909,36.726182],[-108.319906,36.726272],[-108.320018,36.726275],[-108.320015,36.726365],[-108.319903,36.726363],[-108.3199,36.726453],[-108.320011,36.726455],[-108.320008,36.726545],[-108.320232,36.72655],[-108.320235,36.72646],[-108.320459,36.726465],[-108.320462,36.726375],[-108.320574,36.726378],[-108.320577,36.726288],[-108.320689,36.72629],[-108.320692,36.7262],[-108.320804,36.726203],[-108.320807,36.726112],[-108.320919,36.726115],[-108.320922,36.726025],[-108.321034,36.726027],[-108.321038,36.725937],[-108.321149,36.72594],[-108.321153,36.72585],[-108.321264,36.725852],[-108.321268,36.725762],[-108.32138,36.725765],[-108.321383,36.725675],[-108.321495,36.725677],[-108.321498,36.725587],[-108.32161,36.72559],[-108.321613,36.725499],[-108.321725,36.725502],[-108.321731,36.725322],[-108.321843,36.725324],[-108.321852,36.725054],[-108.321964,36.725057],[-108.321967,36.724966],[-108.322079,36.724969],[-108.322082,36.724879],[-108.322194,36.724881],[-108.322197,36.724791],[-108.322309,36.724794],[-108.322312,36.724704],[-108.322424,36.724706],[-108.322428,36.724616],[-108.322539,36.724619],[-108.322543,36.724529],[-108.322766,36.724534],[-108.32277,36.724444],[-108.322881,36.724446],[-108.322885,36.724356],[-108.323108,36.724361],[-108.323112,36.724271],[-108.323223,36.724273],[-108.323227,36.724183],[-108.323339,36.724186],[-108.323342,36.724096],[-108.323454,36.724098],[-108.323457,36.724008],[-108.323569,36.724011],[-108.323572,36.723921],[-108.324019,36.723931],[-108.323998,36.724561],[-108.324109,36.724564],[-108.324103,36.724744],[-108.323991,36.724742],[-108.323973,36.725282],[-108.323861,36.72528],[-108.323857,36.72537],[-108.323969,36.725372],[-108.323947,36.726003],[-108.323276,36.725988],[-108.32327,36.726168],[-108.323382,36.72617],[-108.323378,36.726261],[-108.323602,36.726266],[-108.323593,36.726536],[-108.323705,36.726538],[-108.323702,36.726628],[-108.323814,36.726631],[-108.323811,36.726721],[-108.324034,36.726726],[-108.324022,36.727086],[-108.324134,36.727089],[-108.324131,36.727179],[-108.324019,36.727177],[-108.323991,36.727987],[-108.324214,36.727992]],[[-108.328757,36.722955],[-108.328646,36.722953],[-108.328649,36.722863],[-108.328761,36.722865],[-108.328757,36.722955]],[[-108.325758,36.722257],[-108.325646,36.722254],[-108.325649,36.722164],[-108.325761,36.722167],[-108.325758,36.722257]]]}},{"type":"Feature","properties":{"class":"extent","min_prob":0.5},"geometry":{"type":"Polygon","coordinates":[[[-108.204497,36.718116],[-108.204501,36.718026],[-108.204613,36.718029],[-108.204616,36.717939],[-108.204504,36.717936],[-108.204507,36.717846],[-108.204172,36.717838],[-108.204168,36.717928],[-108.204056,36.717925],[-108.204053,36.718015],[-108.204165,36.718018],[-108.204162,36.718108],[-108.204497,36.718116]]]}},{"type":"Feature","properties":{"class":"extent","min_prob":0.5},"geometry":{"type":"Polygon","coordinates":[[[-108.264036,36.71932],[-108.264039,36.71923],[-108.263927,36.719228],[-108.263924,36.719318],[-108.264036,36.71932]]]}},{"type":"Feature","properties":{"class":"extent","min_prob":0.5},"geometry":{"type":"Polygon","coordinates":[[[-108.268404,36.71933],[-108.268407,36.71924],[-108.268295,36.719238],[-108.268292,36.719328],[-108.268404,36.71933]]]}},{"type":"Feature","properties":{"class":"extent","min_prob":0.5},"geometry":{"type":"Polygon","coordinates":[[[-108.26583,36.719271],[-108.265833,36.719181],[-108.265721,36.719179],[-108.265718,36.719269],[-108.26583,36.719271]]]}},{"type":"Feature","properties":{"class":"extent","min_prob":0.5},"geometry":{"type":"Polygon","coordinates":[[[-108.264602,36.719153],[-108.264605,36.719063],[-108.264493,36.71906],[-108.26449,36.71915],[-108.264602,36.719153]]]}},{"type":"Feature","properties":{"class":"extent","min_prob":0.5},"geometry":{"type":"Polygon","coordinates":[[[-108.224205,36.718217],[-108.224208,36.718127],[-108.224096,36.718124],[-108.224093,36.718214],[-108.224205,36.718217]]]}},{"type":"Feature","properties":{"class":"extent","min_prob":0.5},"geometry":{"type":"Polygon","coordinates":[[[-108.265721,36.719179],[-108.265728,36.718998],[-108.265616,36.718996],[-108.265609,36.719176],[-108.265721,36.719179]]]}},{"type":"Feature","properties":{"class":"extent","min_prob":0.5},"geometry":{"type":"Polygon","coordinates":[[[-108.264263,36.719235],[-108.264266,36.719145],[-108.264378,36.719148],[-108.264382,36.719058],[-108.26427,36.719055],[-108.264273,36.718965],[-108.264161,36.718962],[-108.264151,36.719233],[-108.264263,36.719235]]]}},{"type":"Feature","properties":{"class":"extent","min_prob":0.5},"geometry":{"type":"Polygon","coordinates":[[[-108.223076,36.718461],[-108.223083,36.718281],[-108.222971,36.718278],[-108.222974,36.718188],[-108.223198,36.718193],[-108.223201,36.718103],[-108.222977,36.718098],[-108.22298,36.718008],[-108.222869,36.718005],[-108.222852,36.718456],[-108.223076,36.718461]]]}},{"type":"Feature","properties":{"class":"extent","min_prob":0.5},"geometry":{"type":"Polygon","coordinates":[[[-108.298629,36.71975],[-108.298632,36.71966],[-108.29852,36.719658],[-108.298517,36.719748],[-108.298629,36.71975]]]}},{"type":"Feature","properties":{"class":"extent","min_prob":0.5},"geometry":{"type":"Polygon","coordinates":[[[-108.268637,36.719065],[-108.26864,36.718975],[-108.268528,36.718973],[-108.268525,36.719063],[-108.268637,36.719065]]]}},{"type":"Feature","properties":{"class":"extent","min_prob":0.5},"geometry":{"type":"Polygon","coordinates":[[[-108.223204,36.718013],[-108.223208,36.717923],[-108.223096,36.717921],[-108.223092,36.718011],[-108.223204,36.718013]]]}},{"type":"Feature","properties":{"class":"extent","min_prob":0.5},"geometry":{"type":"Polygon","coordinates":[[[-108.20373,36.717647],[-108.203734,36.717557],[-108.204741,36.717581],[-108.204747,36.717401],[-108.204635,36.717398],[-108.204632,36.717488],[-108.203289,36.717457],[-108.203286,36.717547],[-108.203062,36.717541],[-108.203059,36.717631],[-108.20373,36.717647]]]}},{"type":"Feature","properties":{"class":"extent","min_prob":0.5},"geometry":{"type":"Polygon","coordinates":[[[-108.223096,36.717921],[-108.223099,36.717831],[-108.222875,36.717825],[-108.222872,36.717915],[-108.223096,36.717921]]]}},{"type":"Feature","properties":{"class":"extent","min_prob":0.5},"geometry":{"type":"Polygon","coordinates":[[[-108.22276,36.717913],[-108.222763,36.717823],[-108.222651,36.71782],[-108.222648,36.71791],[-108.22276,36.717913]]]}},{"type":"Feature","properties":{"class":"extent","min_prob":0.5},"geometry":{"type":"Polygon","coordinates":[[[-108.298859,36.719575],[-108.298862,36.719485],[-108.29875,36.719482],[-108.298747,36.719573],[-108.298859,36.719575]]]}},{"type":"Feature","properties":{"class":"extent","min_prob":0.5},"geometry":{"type":"Polygon","coordinates":[[[-108.22377,36.717846],[-108.223774,36.717756],[-108.223662,36.717753],[-108.223658,36.717844],[-108.22377,36.717846]]]}},{"type":"Feature","properties":{"class":"extent","min_prob":0.5},"geometry":{"type":"Polygon","coordinates":[[[-108.269654,36.718818],[-108.269657,36.718728],[-108.269545,36.718725],[-108.269542,36.718816],[-108.269654,36.718818]]]}},{"type":"Feature","properties":{"class":"extent","min_prob":0.5},"geometry":{"type":"Polygon","coordinates":[[[-108.223326,36.717746],[-108.223329,36.717656],[-108.223217,36.717653],[-108.223214,36.717743],[-108.223326,36.717746]]]}},{"type":"Feature","properties":{"class":"extent","min_prob":0.5},"geometry":{"type":"Polygon","coordinates":[[[-108.223102,36.71774],[-108.223105,36.71765],[-108.222882,36.717645],[-108.222878,36.717735],[-108.223102,36.71774]]]}},{"type":"Feature","properties":{"class":"extent","min_prob":0.5},"geometry":{"type":"Polygon","coordinates":[[[-108.295396,36.719316],[-108.295399,36.719226],[-108.295287,36.719223],[-108.295284,36.719314],[-108.295396,36.719316]]]}},{"type":"Feature","properties":{"class":"extent","min_prob":0.5},"geometry":{"type":"Polygon","coordinates":[[[-108.222882,36.717645],[-108.222888,36.717465],[-108.222776,36.717462],[-108.22277,36.717643],[-108.222882,36.717645]]]}},{"type":"Feature","properties":{"class":"extent","min_prob":0.5},"geometry":{"type":"Polygon","coordinates":[[[-108.318341,36.719745],[-108.318344,36.719655],[-108.317896,36.719645],[-108.317893,36.719735],[-108.318341,36.719745]]]}},{"type":"Feature","properties":{"class":"extent","min_prob":0.5},"geometry":{"type":"Polygon","coordinates":[[[-108.304016,36.719422],[-108.304019,36.719332],[-108.303907,36.719329],[-108.303904,36.719419],[-108.304016,36.719422]]]}},{"type":"Feature","properties":{"class":"extent","min_prob":0.5},"geometry":{"type":"Polygon","coordinates":[[[-108.269325,36.71863],[-108.269328,36.71854],[-108.269216,36.718538],[-108.269213,36.718628],[-108.269325,36.71863]]]}},{"type":"Feature","properties":{"class":"extent","min_prob":0.5},"geometry":{"type":"Polygon","coordinates":[[[-108.26472,36.718975],[-108.264724,36.718885],[-108.264836,36.718888],[-108.264839,36.718798],[-108.265063,36.718803],[-108.265066,36.718713],[-108.265178,36.718715],[-108.265174,36.718805],[-108.265286,36.718808],[-108.265283,36.718898],[-108.265731,36.718908],[-108.265734,36.718818],[-108.265622,36.718816],[-108.265625,36.718726],[-108.265849,36.718731],[-108.265852,36.718641],[-108.26574,36.718638],[-108.265744,36.718548],[-108.265967,36.718553],[-108.265971,36.718463],[-108.265635,36.718455],[-108.265632,36.718545],[-108.26552,36.718543],[-108.265517,36.718633],[-108.265069,36.718623],[-108.265072,36.718533],[-108.26496,36.71853],[-108.264963,36.71844],[-108.264852,36.718437],[-108.264848,36.718527],[-108.264625,36.718522],[-108.264621,36.718612],[-108.264509,36.71861],[-108.264506,36.7187],[-108.26473,36.718705],[-108.264727,36.718795],[-108.264391,36.718787],[-108.264385,36.718968],[-108.264497,36.71897],[-108.2645,36.71888],[-108.264612,36.718883],[-108.264609,36.718973],[-108.26472,36.718975]]]}},{"type":"Feature","properties":{"class":"extent","min_prob":0.5},"geometry":{"type":"Polygon","coordinates":[[[-108.26552,36.718543],[-108.265523,36.718453],[-108.265075,36.718442],[-108.265072,36.718533],[-108.26552,36.718543]]]}},{"type":"Feature","properties":{"class":"extent","min_prob":0.5},"geometry":{"type":"Polygon","coordinates":[[[-108.211669,36.718014],[-108.211672,36.717924],[-108.211896,36.717929],[-108.211902,36.717749],[-108.212014,36.717752],[-108.212021,36.717571],[-108.212133,36.717574],[-108.212136,36.717484],[-108.212248,36.717487],[-108.212251,36.717396],[-108.212139,36.717394],[-108.212142,36.717304],[-108.212254,36.717306],[-108.212258,36.717216],[-108.212034,36.717211],[-108.212027,36.717391],[-108.211915,36.717389],[-108.211912,36.717479],[-108.2118,36.717476],[-108.211794,36.717656],[-108.211682,36.717654],[-108.211675,36.717834],[-108.211563,36.717831],[-108.211557,36.718011],[-108.211669,36.718014]]]}},{"type":"Feature","properties":{"class":"extent","min_prob":0.5},"geometry":{"type":"Polygon","coordinates":[[[-108.269552,36.718545],[-108.269555,36.718455],[-108.269331,36.71845],[-108.269328,36.71854],[-108.269552,36.718545]]]}},{"type":"Feature","properties":{"class":"extent","min_prob":0.5},"geometry":{"type":"Polygon","coordinates":[[[-108.223112,36.71747],[-108.223115,36.71738],[-108.223003,36.717377],[-108.223,36.717468],[-108.223112,36.71747]]]}},{"type":"Feature","properties":{"class":"extent","min_prob":0.5},"geometry":{"type":"Polygon","coordinates":[[[-108.211474,36.717198],[-108.211478,36.717108],[-108.211366,36.717105],[-108.211362,36.717195],[-108.211474,36.717198]]]}},{"type":"Feature","properties":{"class":"extent","min_prob":0.5},"geometry":{"type":"Polygon","coordinates":[[[-108.21102,36.717368],[-108.21103,36.717097],[-108.210918,36.717095],[-108.210921,36.717005],[-108.210698,36.716999],[-108.210694,36.717089],[-108.210582,36.717087],[-108.210576,36.717267],[-108.210912,36.717275],[-108.210908,36.717365],[-108.21102,36.717368]]]}},{"type":"Feature","properties":{"class":"extent","min_prob":0.5},"geometry":{"type":"Polygon","coordinates":[[[-108.303575,36.719231],[-108.303578,36.719141],[-108.303466,36.719139],[-108.303463,36.719229],[-108.303575,36.719231]]]}},{"type":"Feature","properties":{"class":"extent","min_prob":0.5},"geometry":{"type":"Polygon","coordinates":[[[-108.298539,36.719117],[-108.298542,36.719027],[-108.29843,36.719024],[-108.298427,36.719114],[-108.298539,36.719117]]]}},{"type":"Feature","properties":{"class":"extent","min_prob":0.5},"geometry":{"type":"Polygon","coordinates":[[[-108.303805,36.719056],[-108.303808,36.718966],[-108.303696,36.718964],[-108.303693,36.719054],[-108.303805,36.719056]]]}},{"type":"Feature","properties":{"class":"extent","min_prob":0.5},"geometry":{"type":"Polygon","coordinates":[[[-108.303581,36.719051],[-108.303584,36.718961],[-108.303472,36.718958],[-108.303469,36.719049],[-108.303581,36.719051]]]}},{"type":"Feature","properties":{"class":"extent","min_prob":0.5},"geometry":{"type":"Polygon","coordinates":[[[-108.303357,36.719046],[-108.30336,36.718956],[-108.303248,36.718953],[-108.303245,36.719043],[-108.303357,36.719046]]]}},{"type":"Feature","properties":{"class":"extent","min_prob":0.5},"geometry":{"type":"Polygon","coordinates":[[[-108.265309,36.718177],[-108.265312,36.718087],[-108.2652,36.718085],[-108.265197,36.718175],[-108.265309,36.718177]]]}},{"type":"Feature","properties":{"class":"extent","min_prob":0.5},"geometry":{"type":"Polygon","coordinates":[[[-108.223122,36.7172],[-108.223125,36.71711],[-108.223013,36.717107],[-108.22301,36.717197],[-108.223122,36.7172]]]}},{"type":"Feature","properties":{"class":"extent","min_prob":0.5},"geometry":{"type":"Polygon","coordinates":[[[-108.222786,36.717192],[-108.222789,36.717102],[-108.222677,36.717099],[-108.222674,36.717189],[-108.222786,36.717192]]]}},{"type":"Feature","properties":{"class":"extent","min_prob":0.5},"geometry":{"type":"Polygon","coordinates":[[[-108.21264,36.719028],[-108.212643,36.718938],[-108.212755,36.718941],[-108.212758,36.718851],[-108.212647,36.718848],[-108.212653,36.718668],[-108.212765,36.718671],[-108.212768,36.718581],[-108.21288,36.718583],[-108.212883,36.718493],[-108.213107,36.718498],[-108.213117,36.718228],[-108.213229,36.718231],[-108.213219,36.718501],[-108.213331,36.718504],[-108.213328,36.718594],[-108.21344,36.718596],[-108.213436,36.718686],[-108.213884,36.718697],[-108.213887,36.718607],[-108.213999,36.718609],[-108.214006,36.718429],[-108.213894,36.718427],[-108.213907,36.718066],[-108.213795,36.718064],[-108.213801,36.717884],[-108.213578,36.717878],[-108.213587,36.717608],[-108.213475,36.717605],[-108.213482,36.717425],[-108.21337,36.717423],[-108.213373,36.717333],[-108.213485,36.717335],[-108.213488,36.717245],[-108.213377,36.717242],[-108.213386,36.716972],[-108.213274,36.71697],[-108.213278,36.71688],[-108.213166,36.716877],[-108.213169,36.716787],[-108.212945,36.716782],[-108.212949,36.716691],[-108.212725,36.716686],[-108.212721,36.716776],[-108.212833,36.716779],[-108.21283,36.716869],[-108.212718,36.716866],[-108.212712,36.717047],[-108.212824,36.717049],[-108.212817,36.717229],[-108.212929,36.717232],[-108.212922,36.717412],[-108.213034,36.717415],[-108.213025,36.717685],[-108.212801,36.71768],[-108.212798,36.71777],[-108.212909,36.717773],[-108.212896,36.718133],[-108.212785,36.71813],[-108.212778,36.71831],[-108.212666,36.718308],[-108.212663,36.718398],[-108.212551,36.718395],[-108.212548,36.718485],[-108.212436,36.718483],[-108.212442,36.718303],[-108.212219,36.718297],[-108.212215,36.718387],[-108.21188,36.71838],[-108.211873,36.71856],[-108.212097,36.718565],[-108.212087,36.718835],[-108.212199,36.718838],[-108.212192,36.719018],[-108.21264,36.719028]],[[-108.213891,36.718517],[-108.213779,36.718514],[-108.213782,36.718424],[-108.213894,36.718427],[-108.213891,36.718517]]]}},{"type":"Feature","properties":{"class":"extent","min_prob":0.5},"geometry":{"type":"Polygon","coordinates":[[[-108.305378,36.718911],[-108.305381,36.718821],[-108.305269,36.718819],[-108.305266,36.718909],[-108.305378,36.718911]]]}},{"type":"Feature","properties":{"class":"extent","min_prob":0.5},"geometry":{"type":"Polygon","coordinates":[[[-108.244277,36.717512],[-108.244281,36.717422],[-108.244169,36.717419],[-108.244165,36.717509],[-108.244277,36.717512]]]}},{"type":"Feature","properties":{"class":"extent","min_prob":0.5},"geometry":{"type":"Polygon","coordinates":[[[-108.222387,36.722051],[-108.22239,36.721961],[-108.22295,36.721974],[-108.222953,36.721884],[-108.2234,36.721895],[-108.223404,36.721805],[-108.223292,36.721802],[-108.223298,36.721622],[-108.223186,36.721619],[-108.22319,36.721529],[-108.223078,36.721527],[-108.223084,36.721346],[-108.222972,36.721344],[-108.222976,36.721254],[-108.222864,36.721251],[-108.222877,36.720891],[-108.222765,36.720888],[-108.222778,36.720528],[-108.222666,36.720525],[-108.222669,36.720435],[-108.222557,36.720433],[-108.222567,36.720162],[-108.222455,36.72016],[-108.222458,36.72007],[-108.222346,36.720067],[-108.222353,36.719887],[-108.222241,36.719884],[-108.222244,36.719794],[-108.222356,36.719797],[-108.222359,36.719707],[-108.222247,36.719704],[-108.222251,36.719614],[-108.222139,36.719611],[-108.222142,36.719521],[-108.222366,36.719526],[-108.222372,36.719346],[-108.22226,36.719344],[-108.222264,36.719254],[-108.222152,36.719251],[-108.222158,36.719071],[-108.222046,36.719068],[-108.222053,36.718888],[-108.221941,36.718885],[-108.221944,36.718795],[-108.221832,36.718793],[-108.221839,36.718613],[-108.221727,36.71861],[-108.22173,36.71852],[-108.221618,36.718517],[-108.221621,36.718427],[-108.222069,36.718438],[-108.222076,36.718257],[-108.221964,36.718255],[-108.221967,36.718165],[-108.222191,36.71817],[-108.222213,36.717539],[-108.222325,36.717542],[-108.222329,36.717452],[-108.222105,36.717447],[-108.222108,36.717357],[-108.221884,36.717351],[-108.221887,36.717261],[-108.221776,36.717259],[-108.221772,36.717349],[-108.22166,36.717346],[-108.22167,36.717076],[-108.221446,36.717071],[-108.22145,36.716981],[-108.221114,36.716973],[-108.22112,36.716793],[-108.221008,36.71679],[-108.221005,36.71688],[-108.220893,36.716877],[-108.220887,36.717058],[-108.220999,36.71706],[-108.220995,36.71715],[-108.221107,36.717153],[-108.221104,36.717243],[-108.220992,36.71724],[-108.220989,36.71733],[-108.220877,36.717328],[-108.220884,36.717148],[-108.220772,36.717145],[-108.220775,36.717055],[-108.220439,36.717047],[-108.220436,36.717137],[-108.220548,36.71714],[-108.220538,36.71741],[-108.22065,36.717413],[-108.220644,36.717593],[-108.220755,36.717595],[-108.220749,36.717776],[-108.220861,36.717778],[-108.220854,36.717958],[-108.220966,36.717961],[-108.22096,36.718141],[-108.221072,36.718144],[-108.221065,36.718324],[-108.220729,36.718316],[-108.220723,36.718496],[-108.220835,36.718499],[-108.220832,36.718589],[-108.220944,36.718592],[-108.22094,36.718682],[-108.220828,36.718679],[-108.220819,36.718949],[-108.220931,36.718952],[-108.220934,36.718862],[-108.221269,36.71887],[-108.221263,36.71905],[-108.221487,36.719055],[-108.221484,36.719145],[-108.221372,36.719143],[-108.221368,36.719233],[-108.221033,36.719225],[-108.221029,36.719315],[-108.221141,36.719318],[-108.221138,36.719408],[-108.22069,36.719397],[-108.2207,36.719127],[-108.220588,36.719124],[-108.220592,36.719034],[-108.22048,36.719032],[-108.220483,36.718942],[-108.220371,36.718939],[-108.220365,36.719119],[-108.220476,36.719122],[-108.220473,36.719212],[-108.220249,36.719207],[-108.220253,36.719116],[-108.220141,36.719114],[-108.220137,36.719204],[-108.220026,36.719201],[-108.220029,36.719111],[-108.219917,36.719109],[-108.219914,36.719199],[-108.21969,36.719193],[-108.219687,36.719284],[-108.219351,36.719276],[-108.219357,36.719096],[-108.219246,36.719093],[-108.219242,36.719183],[-108.219018,36.719178],[-108.219028,36.718908],[-108.21914,36.71891],[-108.219143,36.71882],[-108.219031,36.718817],[-108.219035,36.718727],[-108.219147,36.71873],[-108.219153,36.71855],[-108.219265,36.718552],[-108.219272,36.718372],[-108.218488,36.718354],[-108.218456,36.719255],[-108.218679,36.71926],[-108.218676,36.71935],[-108.219012,36.719358],[-108.219009,36.719448],[-108.219121,36.719451],[-108.219117,36.719541],[-108.219229,36.719543],[-108.219226,36.719633],[-108.21945,36.719639],[-108.219447,36.719729],[-108.219558,36.719731],[-108.219555,36.719821],[-108.219667,36.719824],[-108.219664,36.719914],[-108.219776,36.719917],[-108.219773,36.720007],[-108.219996,36.720012],[-108.219993,36.720102],[-108.220105,36.720105],[-108.220102,36.720195],[-108.220214,36.720197],[-108.22021,36.720288],[-108.220434,36.720293],[-108.220431,36.720383],[-108.220543,36.720385],[-108.22054,36.720476],[-108.220652,36.720478],[-108.220645,36.720658],[-108.220757,36.720661],[-108.22075,36.720841],[-108.220862,36.720844],[-108.220859,36.720934],[-108.220971,36.720936],[-108.220964,36.721117],[-108.221076,36.721119],[-108.221073,36.721209],[-108.221185,36.721212],[-108.221182,36.721302],[-108.221294,36.721305],[-108.221287,36.721485],[-108.221399,36.721487],[-108.221396,36.721578],[-108.221508,36.72158],[-108.221501,36.72176],[-108.221613,36.721763],[-108.22161,36.721853],[-108.221722,36.721856],[-108.221715,36.722036],[-108.222387,36.722051]],[[-108.222531,36.721153],[-108.222419,36.721151],[-108.222426,36.72097],[-108.222538,36.720973],[-108.222531,36.721153]],[[-108.22209,36.720963],[-108.221978,36.72096],[-108.221981,36.72087],[-108.222093,36.720873],[-108.22209,36.720963]],[[-108.222205,36.720875],[-108.222093,36.720873],[-108.222097,36.720782],[-108.222208,36.720785],[-108.222205,36.720875]],[[-108.222327,36.720607],[-108.222215,36.720605],[-108.222218,36.720515],[-108.22233,36.720517],[-108.222327,36.720607]],[[-108.221771,36.720504],[-108.221659,36.720502],[-108.221662,36.720412],[-108.221774,36.720414],[-108.221771,36.720504]],[[-108.221784,36.720144],[-108.221672,36.720141],[-108.221675,36.720051],[-108.221787,36.720054],[-108.221784,36.720144]],[[-108.221621,36.718427],[-108.22151,36.718425],[-108.221513,36.718334],[-108.221625,36.718337],[-108.221621,36.718427]],[[-108.221305,36.717879],[-108.221193,36.717876],[-108.221197,36.717786],[-108.221308,36.717789],[-108.221305,36.717879]],[[-108.2212,36.717696],[-108.221088,36.717693],[-108.221091,36.717603],[-108.221203,36.717606],[-108.2212,36.717696]],[[-108.221094,36.717513],[-108.220982,36.717511],[-108.220986,36.717421],[-108.221098,36.717423],[-108.221094,36.717513]]]}},{"type":"Feature","properties":{"class":"extent","min_prob":0.5},"geometry":{"type":"Polygon","coordinates":[[[-108.24461,36.717609],[-108.244619,36.717339],[-108.244284,36.717331],[-108.244281,36.717422],[-108.244392,36.717424],[-108.244389,36.717514],[-108.244501,36.717517],[-108.244498,36.717607],[-108.24461,36.717609]]]}},{"type":"Feature","properties":{"class":"extent","min_prob":0.5},"geometry":{"type":"Polygon","coordinates":[[[-108.222901,36.717105],[-108.222904,36.717015],[-108.223128,36.71702],[-108.223131,36.71693],[-108.222796,36.716922],[-108.222799,36.716832],[-108.222687,36.716829],[-108.22268,36.717009],[-108.222792,36.717012],[-108.222789,36.717102],[-108.222901,36.717105]]]}},{"type":"Feature","properties":{"class":"extent","min_prob":0.5},"geometry":{"type":"Polygon","coordinates":[[[-108.306276,36.718842],[-108.306279,36.718752],[-108.306168,36.718749],[-108.306164,36.718839],[-108.306276,36.718842]]]}},{"type":"Feature","properties":{"class":"extent","min_prob":0.5},"geometry":{"type":"Polygon","coordinates":[[[-108.305157,36.718816],[-108.30516,36.718726],[-108.305048,36.718724],[-108.305045,36.718814],[-108.305157,36.718816]]]}},{"type":"Feature","properties":{"class":"extent","min_prob":0.5},"geometry":{"type":"Polygon","coordinates":[[[-108.303255,36.718773],[-108.303258,36.718683],[-108.303146,36.718681],[-108.303143,36.718771],[-108.303255,36.718773]]]}},{"type":"Feature","properties":{"class":"extent","min_prob":0.5},"geometry":{"type":"Polygon","coordinates":[[[-108.24484,36.717434],[-108.244843,36.717344],[-108.244731,36.717342],[-108.244728,36.717432],[-108.24484,36.717434]]]}},{"type":"Feature","properties":{"class":"extent","min_prob":0.5},"geometry":{"type":"Polygon","coordinates":[[[-108.220446,36.716867],[-108.220449,36.716777],[-108.220337,36.716774],[-108.220334,36.716864],[-108.220446,36.716867]]]}},{"type":"Feature","properties":{"class":"extent","min_prob":0.5},"geometry":{"type":"Polygon","coordinates":[[[-108.306951,36.718767],[-108.306954,36.718677],[-108.30673,36.718672],[-108.306727,36.718762],[-108.306951,36.718767]]]}},{"type":"Feature","properties":{"class":"extent","min_prob":0.5},"geometry":{"type":"Polygon","coordinates":[[[-108.305608,36.718736],[-108.305611,36.718646],[-108.305499,36.718644],[-108.305496,36.718734],[-108.305608,36.718736]]]}},{"type":"Feature","properties":{"class":"extent","min_prob":0.5},"geometry":{"type":"Polygon","coordinates":[[[-108.305272,36.718729],[-108.305275,36.718639],[-108.305164,36.718636],[-108.30516,36.718726],[-108.305272,36.718729]]]}},{"type":"Feature","properties":{"class":"extent","min_prob":0.5},"geometry":{"type":"Polygon","coordinates":[[[-108.304041,36.718701],[-108.304044,36.718611],[-108.303933,36.718608],[-108.303929,36.718698],[-108.304041,36.718701]]]}},{"type":"Feature","properties":{"class":"extent","min_prob":0.5},"geometry":{"type":"Polygon","coordinates":[[[-108.221008,36.71679],[-108.221012,36.7167],[-108.2209,36.716697],[-108.220897,36.716787],[-108.221008,36.71679]]]}},{"type":"Feature","properties":{"class":"extent","min_prob":0.5},"geometry":{"type":"Polygon","coordinates":[[[-108.30895,36.719263],[-108.308962,36.718902],[-108.309074,36.718905],[-108.309084,36.718635],[-108.308972,36.718632],[-108.308968,36.718722],[-108.308745,36.718717],[-108.308741,36.718807],[-108.30863,36.718805],[-108.308633,36.718715],[-108.308521,36.718712],[-108.308518,36.718802],[-108.308182,36.718795],[-108.308179,36.718885],[-108.308067,36.718882],[-108.308061,36.719062],[-108.308172,36.719065],[-108.308169,36.719155],[-108.308393,36.71916],[-108.308396,36.71907],[-108.30862,36.719075],[-108.308617,36.719165],[-108.308729,36.719168],[-108.308726,36.719258],[-108.30895,36.719263]]]}},{"type":"Feature","properties":{"class":"extent","min_prob":0.5},"geometry":{"type":"Polygon","coordinates":[[[-108.30807,36.718792],[-108.308076,36.718612],[-108.307964,36.718609],[-108.307958,36.71879],[-108.30807,36.718792]]]}},{"type":"Feature","properties":{"class":"extent","min_prob":0.5},"geometry":{"type":"Polygon","coordinates":[[[-108.306618,36.718669],[-108.306621,36.718579],[-108.306062,36.718566],[-108.306059,36.718656],[-108.306618,36.718669]]]}},{"type":"Feature","properties":{"class":"extent","min_prob":0.5},"geometry":{"type":"Polygon","coordinates":[[[-108.305947,36.718654],[-108.30595,36.718564],[-108.305614,36.718556],[-108.305611,36.718646],[-108.305947,36.718654]]]}},{"type":"Feature","properties":{"class":"extent","min_prob":0.5},"geometry":{"type":"Polygon","coordinates":[[[-108.305387,36.718641],[-108.30539,36.718551],[-108.305279,36.718549],[-108.305275,36.718639],[-108.305387,36.718641]]]}},{"type":"Feature","properties":{"class":"extent","min_prob":0.5},"geometry":{"type":"Polygon","coordinates":[[[-108.303923,36.718879],[-108.303929,36.718698],[-108.303817,36.718696],[-108.303814,36.718786],[-108.30359,36.718781],[-108.303594,36.718691],[-108.303706,36.718693],[-108.303709,36.718603],[-108.303933,36.718608],[-108.303936,36.718518],[-108.3036,36.718511],[-108.303597,36.718601],[-108.303485,36.718598],[-108.303479,36.718778],[-108.303367,36.718776],[-108.303364,36.718866],[-108.303923,36.718879]]]}},{"type":"Feature","properties":{"class":"extent","min_prob":0.5},"geometry":{"type":"Polygon","coordinates":[[[-108.244063,36.717236],[-108.244066,36.717146],[-108.243954,36.717143],[-108.243951,36.717234],[-108.244063,36.717236]]]}},{"type":"Feature","properties":{"class":"extent","min_prob":0.5},"geometry":{"type":"Polygon","coordinates":[[[-108.308297,36.718707],[-108.308303,36.718527],[-108.308191,36.718524],[-108.308185,36.718705],[-108.308297,36.718707]]]}},{"type":"Feature","properties":{"class":"extent","min_prob":0.5},"geometry":{"type":"Polygon","coordinates":[[[-108.307402,36.718687],[-108.307405,36.718597],[-108.307181,36.718592],[-108.307184,36.718502],[-108.307072,36.718499],[-108.307069,36.718589],[-108.306957,36.718587],[-108.306954,36.718677],[-108.307402,36.718687]]]}},{"type":"Feature","properties":{"class":"extent","min_prob":0.5},"geometry":{"type":"Polygon","coordinates":[[[-108.244178,36.717149],[-108.244181,36.717059],[-108.24407,36.717056],[-108.244066,36.717146],[-108.244178,36.717149]]]}},{"type":"Feature","properties":{"class":"extent","min_prob":0.5},"geometry":{"type":"Polygon","coordinates":[[[-108.306957,36.718587],[-108.306964,36.718406],[-108.306852,36.718404],[-108.306848,36.718494],[-108.306625,36.718489],[-108.306621,36.718579],[-108.306957,36.718587]]]}},{"type":"Feature","properties":{"class":"extent","min_prob":0.5},"geometry":{"type":"Polygon","coordinates":[[[-108.309422,36.718552],[-108.309426,36.718462],[-108.309202,36.718457],[-108.309199,36.718547],[-108.309422,36.718552]]]}},{"type":"Feature","properties":{"class":"extent","min_prob":0.5},"geometry":{"type":"Polygon","coordinates":[[[-108.307744,36.718514],[-108.307747,36.718424],[-108.307523,36.718419],[-108.30752,36.718509],[-108.307744,36.718514]]]}},{"type":"Feature","properties":{"class":"extent","min_prob":0.5},"geometry":{"type":"Polygon","coordinates":[[[-108.307408,36.718507],[-108.307411,36.718417],[-108.307187,36.718411],[-108.307184,36.718502],[-108.307408,36.718507]]]}},{"type":"Feature","properties":{"class":"extent","min_prob":0.5},"geometry":{"type":"Polygon","coordinates":[[[-108.302708,36.7184],[-108.302711,36.71831],[-108.302599,36.718308],[-108.302596,36.718398],[-108.302708,36.7184]]]}},{"type":"Feature","properties":{"class":"extent","min_prob":0.5},"geometry":{"type":"Polygon","coordinates":[[[-108.244293,36.717061],[-108.244297,36.716971],[-108.244185,36.716968],[-108.244181,36.717059],[-108.244293,36.717061]]]}},{"type":"Feature","properties":{"class":"extent","min_prob":0.5},"geometry":{"type":"Polygon","coordinates":[[[-108.208947,36.718942],[-108.208951,36.718852],[-108.209062,36.718854],[-108.209072,36.718584],[-108.209184,36.718587],[-108.209191,36.718407],[-108.209303,36.718409],[-108.209312,36.718139],[-108.209424,36.718142],[-108.209431,36.717961],[-108.209543,36.717964],[-108.209546,36.717874],[-108.20977,36.717879],[-108.209767,36.717969],[-108.209878,36.717972],[-108.209875,36.718062],[-108.209987,36.718065],[-108.20999,36.717975],[-108.210214,36.71798],[-108.210217,36.71789],[-108.210105,36.717887],[-108.210118,36.717527],[-108.209895,36.717522],[-108.209898,36.717431],[-108.21001,36.717434],[-108.210013,36.717344],[-108.210125,36.717347],[-108.210128,36.717257],[-108.21024,36.717259],[-108.210243,36.717169],[-108.210355,36.717172],[-108.210359,36.717082],[-108.21047,36.717084],[-108.210474,36.716994],[-108.210586,36.716997],[-108.210589,36.716907],[-108.210813,36.716912],[-108.210816,36.716822],[-108.210928,36.716824],[-108.210931,36.716734],[-108.211267,36.716742],[-108.211264,36.716832],[-108.211375,36.716835],[-108.211369,36.717015],[-108.211481,36.717018],[-108.211478,36.717108],[-108.211589,36.71711],[-108.211586,36.717201],[-108.211474,36.717198],[-108.211471,36.717288],[-108.211695,36.717293],[-108.211698,36.717203],[-108.21181,36.717206],[-108.211813,36.717116],[-108.211925,36.717118],[-108.211928,36.717028],[-108.212152,36.717033],[-108.212155,36.716943],[-108.212044,36.716941],[-108.21205,36.716761],[-108.211826,36.716755],[-108.21183,36.716665],[-108.211941,36.716668],[-108.211945,36.716578],[-108.212057,36.71658],[-108.21206,36.71649],[-108.211948,36.716488],[-108.211951,36.716398],[-108.211727,36.716392],[-108.211734,36.716212],[-108.21151,36.716207],[-108.211513,36.716117],[-108.211066,36.716106],[-108.211063,36.716196],[-108.210727,36.716189],[-108.210724,36.716279],[-108.210388,36.716271],[-108.210385,36.716361],[-108.210049,36.716353],[-108.210046,36.716443],[-108.209598,36.716433],[-108.209592,36.716613],[-108.20948,36.71661],[-108.209476,36.7167],[-108.2097,36.716705],[-108.209697,36.716796],[-108.209585,36.716793],[-108.209582,36.716883],[-108.209246,36.716875],[-108.20923,36.717326],[-108.209118,36.717323],[-108.209085,36.718224],[-108.208973,36.718221],[-108.208964,36.718491],[-108.208852,36.718489],[-108.208845,36.718669],[-108.208733,36.718666],[-108.208724,36.718937],[-108.208947,36.718942]]]}},{"type":"Feature","properties":{"class":"extent","min_prob":0.5},"geometry":{"type":"Polygon","coordinates":[[[-108.220571,36.716509],[-108.220577,36.716329],[-108.220465,36.716326],[-108.220459,36.716507],[-108.220571,36.716509]]]}},{"type":"Feature","properties":{"class":"extent","min_prob":0.5},"geometry":{"type":"Polygon","coordinates":[[[-108.309202,36.718457],[-108.309205,36.718367],[-108.309093,36.718364],[-108.30909,36.718455],[-108.309202,36.718457]]]}},{"type":"Feature","properties":{"class":"extent","min_prob":0.5},"geometry":{"type":"Polygon","coordinates":[[[-108.308754,36.718447],[-108.308757,36.718357],[-108.308645,36.718354],[-108.308642,36.718444],[-108.308754,36.718447]]]}},{"type":"Feature","properties":{"class":"extent","min_prob":0.5},"geometry":{"type":"Polygon","coordinates":[[[-108.308415,36.718529],[-108.308418,36.718439],[-108.30853,36.718442],[-108.308533,36.718352],[-108.308086,36.718342],[-108.308083,36.718432],[-108.307859,36.718427],[-108.307856,36.718517],[-108.308191,36.718524],[-108.308195,36.718434],[-108.308306,36.718437],[-108.308303,36.718527],[-108.308415,36.718529]]]}},{"type":"Feature","properties":{"class":"extent","min_prob":0.5},"geometry":{"type":"Polygon","coordinates":[[[-108.301256,36.718277],[-108.301259,36.718187],[-108.301147,36.718184],[-108.301144,36.718275],[-108.301256,36.718277]]]}},{"type":"Feature","properties":{"class":"extent","min_prob":0.5},"geometry":{"type":"Polygon","coordinates":[[[-108.222121,36.716996],[-108.22214,36.716456],[-108.222029,36.716453],[-108.222032,36.716363],[-108.22192,36.71636],[-108.221923,36.71627],[-108.221587,36.716262],[-108.221581,36.716443],[-108.221469,36.71644],[-108.221463,36.71662],[-108.221351,36.716618],[-108.221344,36.716798],[-108.22168,36.716806],[-108.221677,36.716896],[-108.222012,36.716904],[-108.222009,36.716994],[-108.222121,36.716996]]]}},{"type":"Feature","properties":{"class":"extent","min_prob":0.5},"geometry":{"type":"Polygon","coordinates":[[[-108.30047,36.718349],[-108.300473,36.718259],[-108.300697,36.718264],[-108.3007,36.718174],[-108.300588,36.718172],[-108.300591,36.718082],[-108.300479,36.718079],[-108.300476,36.718169],[-108.300252,36.718164],[-108.300246,36.718344],[-108.30047,36.718349]]]}},{"type":"Feature","properties":{"class":"extent","min_prob":0.5},"geometry":{"type":"Polygon","coordinates":[[[-108.243954,36.717143],[-108.243958,36.717053],[-108.24407,36.717056],[-108.244073,36.716966],[-108.244185,36.716968],[-108.244191,36.716788],[-108.244079,36.716786],[-108.244076,36.716876],[-108.24374,36.716868],[-108.243737,36.716958],[-108.243849,36.716961],[-108.243843,36.717141],[-108.243954,36.717143]]]}},{"type":"Feature","properties":{"class":"extent","min_prob":0.5},"geometry":{"type":"Polygon","coordinates":[[[-108.30775,36.718334],[-108.307753,36.718244],[-108.307529,36.718239],[-108.307526,36.718329],[-108.30775,36.718334]]]}},{"type":"Feature","properties":{"class":"extent","min_prob":0.5},"geometry":{"type":"Polygon","coordinates":[[[-108.303274,36.718233],[-108.303277,36.718143],[-108.303165,36.71814],[-108.303162,36.71823],[-108.303274,36.718233]]]}},{"type":"Feature","properties":{"class":"extent","min_prob":0.5},"geometry":{"type":"Polygon","coordinates":[[[-108.303827,36.718426],[-108.30383,36.718335],[-108.303606,36.71833],[-108.303609,36.71824],[-108.303721,36.718243],[-108.303724,36.718153],[-108.303613,36.71815],[-108.303616,36.71806],[-108.303504,36.718058],[-108.303501,36.718148],[-108.303389,36.718145],[-108.303382,36.718325],[-108.303494,36.718328],[-108.303491,36.718418],[-108.303827,36.718426]]]}},{"type":"Feature","properties":{"class":"extent","min_prob":0.5},"geometry":{"type":"Polygon","coordinates":[[[-108.27351,36.717464],[-108.273513,36.717374],[-108.273401,36.717371],[-108.273398,36.717461],[-108.27351,36.717464]]]}},{"type":"Feature","properties":{"class":"extent","min_prob":0.5},"geometry":{"type":"Polygon","coordinates":[[[-108.219679,36.716398],[-108.219682,36.716308],[-108.219906,36.716313],[-108.219909,36.716223],[-108.219797,36.716221],[-108.2198,36.716131],[-108.219688,36.716128],[-108.219692,36.716038],[-108.219244,36.716027],[-108.219241,36.716117],[-108.219017,36.716112],[-108.219014,36.716202],[-108.219126,36.716205],[-108.219122,36.716295],[-108.21957,36.716305],[-108.219567,36.716396],[-108.219679,36.716398]]]}},{"type":"Feature","properties":{"class":"extent","min_prob":0.5},"geometry":{"type":"Polygon","coordinates":[[[-108.303504,36.718058],[-108.303507,36.717967],[-108.303395,36.717965],[-108.303392,36.718055],[-108.303504,36.718058]]]}},{"type":"Feature","properties":{"class":"extent","min_prob":0.5},"geometry":{"type":"Polygon","coordinates":[[[-108.243628,36.716865],[-108.243635,36.716685],[-108.243747,36.716688],[-108.24375,36.716598],[-108.243526,36.716593],[-108.243523,36.716683],[-108.243411,36.71668],[-108.243408,36.71677],[-108.24352,36.716773],[-108.243517,36.716863],[-108.243628,36.716865]]]}},{"type":"Feature","properties":{"class":"extent","min_prob":0.5},"geometry":{"type":"Polygon","coordinates":[[[-108.221236,36.716705],[-108.221239,36.716615],[-108.221351,36.716618],[-108.221357,36.716437],[-108.221469,36.71644],[-108.221476,36.71626],[-108.221364,36.716257],[-108.221367,36.716167],[-108.221143,36.716162],[-108.221146,36.716072],[-108.220587,36.716059],[-108.22059,36.715969],[-108.220366,36.715963],[-108.220353,36.716324],[-108.220465,36.716326],[-108.220468,36.716236],[-108.22058,36.716239],[-108.220577,36.716329],[-108.220689,36.716332],[-108.220683,36.716512],[-108.220794,36.716514],[-108.220791,36.716605],[-108.221127,36.716612],[-108.221124,36.716702],[-108.221236,36.716705]]]}},{"type":"Feature","properties":{"class":"extent","min_prob":0.5},"geometry":{"type":"Polygon","coordinates":[[[-108.321969,36.718475],[-108.321975,36.718295],[-108.321863,36.718292],[-108.321857,36.718472],[-108.321969,36.718475]]]}},{"type":"Feature","properties":{"class":"extent","min_prob":0.5},"geometry":{"type":"Polygon","coordinates":[[[-108.201222,36.715785],[-108.201226,36.715695],[-108.201114,36.715692],[-108.201117,36.715602],[-108.201341,36.715607],[-108.201337,36.715698],[-108.201561,36.715703],[-108.201564,36.715613],[-108.201453,36.71561],[-108.201456,36.71552],[-108.200337,36.715494],[-108.200334,36.715584],[-108.200222,36.715581],[-108.200218,36.715671],[-108.200778,36.715684],[-108.200775,36.715774],[-108.201222,36.715785]],[[-108.201002,36.71569],[-108.20089,36.715687],[-108.200893,36.715597],[-108.201005,36.7156],[-108.201002,36.71569]]]}},{"type":"Feature","properties":{"class":"extent","min_prob":0.5},"geometry":{"type":"Polygon","coordinates":[[[-108.276202,36.717345],[-108.276205,36.717255],[-108.276093,36.717253],[-108.27609,36.717343],[-108.276202,36.717345]]]}},{"type":"Feature","properties":{"class":"extent","min_prob":0.5},"geometry":{"type":"Polygon","coordinates":[[[-108.243414,36.71659],[-108.243418,36.7165],[-108.243306,36.716497],[-108.243302,36.716587],[-108.243414,36.71659]]]}},{"type":"Feature","properties":{"class":"extent","min_prob":0.5},"geometry":{"type":"Polygon","coordinates":[[[-108.202236,36.715629],[-108.202239,36.715538],[-108.202015,36.715533],[-108.202012,36.715623],[-108.202236,36.715629]]]}},{"type":"Feature","properties":{"class":"extent","min_prob":0.5},"geometry":{"type":"Polygon","coordinates":[[[-108.20246,36.715634],[-108.202466,36.715454],[-108.202354,36.715451],[-108.202348,36.715631],[-108.20246,36.715634]]]}},{"type":"Feature","properties":{"class":"extent","min_prob":0.5},"geometry":{"type":"Polygon","coordinates":[[[-108.321863,36.718292],[-108.321866,36.718202],[-108.321754,36.718199],[-108.321751,36.718289],[-108.321863,36.718292]]]}},{"type":"Feature","properties":{"class":"extent","min_prob":0.5},"geometry":{"type":"Polygon","coordinates":[[[-108.298474,36.717763],[-108.298477,36.717673],[-108.298365,36.71767],[-108.298362,36.717761],[-108.298474,36.717763]]]}},{"type":"Feature","properties":{"class":"extent","min_prob":0.5},"geometry":{"type":"Polygon","coordinates":[[[-108.311235,36.717962],[-108.311238,36.717872],[-108.311126,36.717869],[-108.311123,36.71796],[-108.311235,36.717962]]]}},{"type":"Feature","properties":{"class":"extent","min_prob":0.5},"geometry":{"type":"Polygon","coordinates":[[[-108.31034,36.717942],[-108.310343,36.717852],[-108.310119,36.717847],[-108.310116,36.717937],[-108.31034,36.717942]]]}},{"type":"Feature","properties":{"class":"extent","min_prob":0.5},"geometry":{"type":"Polygon","coordinates":[[[-108.28337,36.717329],[-108.283373,36.717239],[-108.283261,36.717236],[-108.283258,36.717326],[-108.28337,36.717329]]]}},{"type":"Feature","properties":{"class":"extent","min_prob":0.5},"geometry":{"type":"Polygon","coordinates":[[[-108.243645,36.716415],[-108.243648,36.716325],[-108.243536,36.716322],[-108.243533,36.716412],[-108.243645,36.716415]]]}},{"type":"Feature","properties":{"class":"extent","min_prob":0.5},"geometry":{"type":"Polygon","coordinates":[[[-108.311126,36.717869],[-108.311129,36.717779],[-108.311017,36.717777],[-108.311014,36.717867],[-108.311126,36.717869]]]}},{"type":"Feature","properties":{"class":"extent","min_prob":0.5},"geometry":{"type":"Polygon","coordinates":[[[-108.22317,36.715849],[-108.223173,36.715759],[-108.223062,36.715756],[-108.223058,36.715846],[-108.22317,36.715849]]]}},{"type":"Feature","properties":{"class":"extent","min_prob":0.5},"geometry":{"type":"Polygon","coordinates":[[[-108.311241,36.717782],[-108.311244,36.717692],[-108.311132,36.717689],[-108.311129,36.717779],[-108.311241,36.717782]]]}},{"type":"Feature","properties":{"class":"extent","min_prob":0.5},"geometry":{"type":"Polygon","coordinates":[[[-108.315496,36.721034],[-108.315499,36.720944],[-108.315611,36.720946],[-108.315617,36.720766],[-108.315505,36.720763],[-108.315508,36.720673],[-108.31562,36.720676],[-108.315636,36.720225],[-108.315524,36.720223],[-108.315534,36.719953],[-108.315645,36.719955],[-108.315655,36.719685],[-108.315543,36.719682],[-108.31559,36.718331],[-108.315478,36.718328],[-108.315491,36.717968],[-108.315379,36.717965],[-108.315391,36.717605],[-108.315279,36.717603],[-108.315254,36.718323],[-108.315366,36.718326],[-108.31536,36.718506],[-108.315472,36.718509],[-108.315462,36.718779],[-108.31535,36.718776],[-108.315329,36.719407],[-108.31544,36.719409],[-108.315434,36.71959],[-108.314651,36.719572],[-108.314648,36.719662],[-108.313193,36.719629],[-108.31319,36.719719],[-108.313973,36.719737],[-108.31397,36.719827],[-108.313858,36.719825],[-108.313855,36.719915],[-108.313967,36.719917],[-108.313964,36.720007],[-108.314076,36.72001],[-108.314072,36.7201],[-108.314184,36.720102],[-108.314181,36.720193],[-108.314069,36.72019],[-108.314063,36.72037],[-108.314287,36.720375],[-108.314302,36.719925],[-108.314079,36.71992],[-108.314082,36.71983],[-108.314641,36.719842],[-108.314644,36.719752],[-108.315092,36.719762],[-108.315089,36.719852],[-108.315313,36.719857],[-108.31531,36.719948],[-108.315422,36.71995],[-108.315384,36.721031],[-108.315496,36.721034]]]}},{"type":"Feature","properties":{"class":"extent","min_prob":0.5},"geometry":{"type":"Polygon","coordinates":[[[-108.304645,36.717452],[-108.304648,36.717362],[-108.304536,36.71736],[-108.304533,36.71745],[-108.304645,36.717452]]]}},{"type":"Feature","properties":{"class":"extent","min_prob":0.5},"geometry":{"type":"Polygon","coordinates":[[[-108.30375,36.717432],[-108.303753,36.717342],[-108.303641,36.717339],[-108.303638,36.717429],[-108.30375,36.717432]]]}},{"type":"Feature","properties":{"class":"extent","min_prob":0.5},"geometry":{"type":"Polygon","coordinates":[[[-108.303302,36.717422],[-108.303305,36.717332],[-108.303193,36.717329],[-108.30319,36.717419],[-108.303302,36.717422]]]}},{"type":"Feature","properties":{"class":"extent","min_prob":0.5},"geometry":{"type":"Polygon","coordinates":[[[-108.312248,36.717805],[-108.312252,36.717715],[-108.31214,36.717712],[-108.312143,36.717622],[-108.312031,36.717619],[-108.312037,36.717439],[-108.311925,36.717437],[-108.311922,36.717527],[-108.31181,36.717524],[-108.311804,36.717704],[-108.312028,36.717709],[-108.312025,36.7178],[-108.312248,36.717805]]]}},{"type":"Feature","properties":{"class":"extent","min_prob":0.5},"geometry":{"type":"Polygon","coordinates":[[[-108.315951,36.717618],[-108.315954,36.717528],[-108.315842,36.717525],[-108.315839,36.717615],[-108.315951,36.717618]]]}},{"type":"Feature","properties":{"class":"extent","min_prob":0.5},"geometry":{"type":"Polygon","coordinates":[[[-108.315615,36.71761],[-108.315618,36.71752],[-108.315506,36.717518],[-108.315503,36.717608],[-108.315615,36.71761]]]}},{"type":"Feature","properties":{"class":"extent","min_prob":0.5},"geometry":{"type":"Polygon","coordinates":[[[-108.313141,36.717915],[-108.313147,36.717735],[-108.313371,36.71774],[-108.313374,36.71765],[-108.313598,36.717655],[-108.313591,36.717835],[-108.314039,36.717845],[-108.314042,36.717755],[-108.31449,36.717765],[-108.314496,36.717585],[-108.314384,36.717582],[-108.314387,36.717492],[-108.314163,36.717487],[-108.31416,36.717577],[-108.314048,36.717575],[-108.314051,36.717485],[-108.31394,36.717482],[-108.313936,36.717572],[-108.313601,36.717565],[-108.313604,36.717475],[-108.31338,36.71747],[-108.313377,36.71756],[-108.313265,36.717557],[-108.313262,36.717647],[-108.31315,36.717645],[-108.313153,36.717555],[-108.313041,36.717552],[-108.313044,36.717462],[-108.312932,36.717459],[-108.312929,36.71755],[-108.312817,36.717547],[-108.312814,36.717637],[-108.312926,36.71764],[-108.312923,36.71773],[-108.313035,36.717732],[-108.313029,36.717912],[-108.313141,36.717915]],[[-108.314381,36.717672],[-108.314269,36.71767],[-108.314272,36.71758],[-108.314384,36.717582],[-108.314381,36.717672]]]}},{"type":"Feature","properties":{"class":"extent","min_prob":0.5},"geometry":{"type":"Polygon","coordinates":[[[-108.312581,36.717902],[-108.312584,36.717812],[-108.31292,36.71782],[-108.312923,36.71773],[-108.312475,36.71772],[-108.312478,36.71763],[-108.312702,36.717635],[-108.312705,36.717544],[-108.312817,36.717547],[-108.31282,36.717457],[-108.312373,36.717447],[-108.31237,36.717537],[-108.312146,36.717532],[-108.312143,36.717622],[-108.312255,36.717624],[-108.312252,36.717715],[-108.312363,36.717717],[-108.31236,36.717807],[-108.312472,36.71781],[-108.312469,36.7179],[-108.312581,36.717902]]]}},{"type":"Feature","properties":{"class":"extent","min_prob":0.5},"geometry":{"type":"Polygon","coordinates":[[[-108.311251,36.717512],[-108.311254,36.717421],[-108.311142,36.717419],[-108.311139,36.717509],[-108.311251,36.717512]]]}},{"type":"Feature","properties":{"class":"extent","min_prob":0.5},"geometry":{"type":"Polygon","coordinates":[[[-108.302851,36.717502],[-108.302854,36.717412],[-108.302742,36.717409],[-108.302752,36.717139],[-108.302528,36.717134],[-108.302522,36.717314],[-108.30241,36.717311],[-108.302416,36.717131],[-108.302304,36.717129],[-108.302301,36.717219],[-108.302189,36.717216],[-108.302186,36.717306],[-108.302298,36.717309],[-108.302295,36.717399],[-108.302631,36.717407],[-108.302627,36.717497],[-108.302851,36.717502]]]}},{"type":"Feature","properties":{"class":"extent","min_prob":0.5},"geometry":{"type":"Polygon","coordinates":[[[-108.316178,36.717533],[-108.316181,36.717443],[-108.315957,36.717438],[-108.315954,36.717528],[-108.316178,36.717533]]]}},{"type":"Feature","properties":{"class":"extent","min_prob":0.5},"geometry":{"type":"Polygon","coordinates":[[[-108.31573,36.717523],[-108.315733,36.717433],[-108.315621,36.71743],[-108.315618,36.71752],[-108.31573,36.717523]]]}},{"type":"Feature","properties":{"class":"extent","min_prob":0.5},"geometry":{"type":"Polygon","coordinates":[[[-108.315506,36.717518],[-108.315509,36.717427],[-108.315398,36.717425],[-108.315394,36.717515],[-108.315506,36.717518]]]}},{"type":"Feature","properties":{"class":"extent","min_prob":0.5},"geometry":{"type":"Polygon","coordinates":[[[-108.31394,36.717482],[-108.313943,36.717392],[-108.313607,36.717385],[-108.313604,36.717475],[-108.31394,36.717482]]]}},{"type":"Feature","properties":{"class":"extent","min_prob":0.5},"geometry":{"type":"Polygon","coordinates":[[[-108.312373,36.717447],[-108.312376,36.717357],[-108.312264,36.717354],[-108.312261,36.717444],[-108.312373,36.717447]]]}},{"type":"Feature","properties":{"class":"extent","min_prob":0.5},"geometry":{"type":"Polygon","coordinates":[[[-108.312149,36.717442],[-108.312152,36.717352],[-108.31204,36.717349],[-108.312037,36.717439],[-108.312149,36.717442]]]}},{"type":"Feature","properties":{"class":"extent","min_prob":0.5},"geometry":{"type":"Polygon","coordinates":[[[-108.318072,36.724248],[-108.318075,36.724157],[-108.318523,36.724168],[-108.318529,36.723987],[-108.318865,36.723995],[-108.318862,36.724085],[-108.319086,36.72409],[-108.319089,36.724],[-108.318977,36.723997],[-108.31898,36.723907],[-108.319204,36.723912],[-108.319198,36.724093],[-108.319309,36.724095],[-108.319316,36.723915],[-108.319428,36.723917],[-108.319421,36.724098],[-108.319533,36.7241],[-108.319536,36.72401],[-108.320656,36.724035],[-108.320659,36.723945],[-108.320323,36.723938],[-108.320326,36.723848],[-108.320214,36.723845],[-108.320217,36.723755],[-108.320329,36.723757],[-108.320339,36.723487],[-108.320451,36.72349],[-108.32046,36.723219],[-108.320572,36.723222],[-108.320575,36.723132],[-108.321135,36.723144],[-108.321131,36.723235],[-108.321243,36.723237],[-108.32124,36.723327],[-108.321464,36.723332],[-108.321458,36.723512],[-108.321122,36.723505],[-108.321119,36.723595],[-108.321007,36.723592],[-108.321001,36.723773],[-108.320889,36.72377],[-108.320886,36.72386],[-108.320774,36.723858],[-108.320771,36.723948],[-108.321442,36.723963],[-108.321445,36.723873],[-108.321669,36.723878],[-108.321675,36.723698],[-108.321787,36.7237],[-108.321784,36.72379],[-108.321896,36.723793],[-108.321893,36.723883],[-108.322005,36.723885],[-108.322008,36.723795],[-108.322344,36.723803],[-108.32235,36.723623],[-108.322686,36.72363],[-108.322689,36.72354],[-108.322801,36.723543],[-108.322804,36.723453],[-108.323028,36.723458],[-108.323031,36.723367],[-108.323143,36.72337],[-108.323146,36.72328],[-108.32337,36.723285],[-108.323373,36.723195],[-108.323485,36.723197],[-108.323488,36.723107],[-108.3236,36.72311],[-108.323603,36.72302],[-108.323715,36.723022],[-108.323718,36.722932],[-108.32383,36.722935],[-108.323833,36.722845],[-108.323945,36.722847],[-108.323948,36.722757],[-108.32406,36.722759],[-108.324063,36.722669],[-108.324175,36.722672],[-108.324181,36.722492],[-108.324293,36.722494],[-108.324296,36.722404],[-108.324408,36.722407],[-108.324415,36.722226],[-108.324527,36.722229],[-108.32453,36.722139],[-108.324642,36.722141],[-108.324648,36.721961],[-108.324872,36.721966],[-108.324875,36.721876],[-108.324987,36.721879],[-108.324993,36.721698],[-108.325105,36.721701],[-108.325108,36.721611],[-108.32522,36.721613],[-108.325223,36.721523],[-108.325335,36.721526],[-108.325338,36.721436],[-108.32545,36.721438],[-108.325453,36.721348],[-108.325565,36.721351],[-108.325568,36.721261],[-108.32568,36.721263],[-108.325683,36.721173],[-108.325795,36.721176],[-108.325798,36.721085],[-108.326022,36.72109],[-108.326025,36.721],[-108.326137,36.721003],[-108.326143,36.720823],[-108.326367,36.720828],[-108.32637,36.720738],[-108.326594,36.720743],[-108.326597,36.720653],[-108.326709,36.720655],[-108.326712,36.720565],[-108.326824,36.720568],[-108.326827,36.720477],[-108.327051,36.720482],[-108.327054,36.720392],[-108.327166,36.720395],[-108.327169,36.720305],[-108.327393,36.72031],[-108.327396,36.72022],[-108.327508,36.720222],[-108.327505,36.720312],[-108.327953,36.720322],[-108.32795,36.720412],[-108.328733,36.72043],[-108.32873,36.72052],[-108.329066,36.720528],[-108.329062,36.720618],[-108.329286,36.720623],[-108.329293,36.720443],[-108.329069,36.720438],[-108.329072,36.720348],[-108.328848,36.720342],[-108.328851,36.720252],[-108.328627,36.720247],[-108.32863,36.720157],[-108.328407,36.720152],[-108.32841,36.720062],[-108.32785,36.72005],[-108.327853,36.719959],[-108.327182,36.719944],[-108.327194,36.719584],[-108.327082,36.719582],[-108.327086,36.719491],[-108.327197,36.719494],[-108.327207,36.719224],[-108.327319,36.719226],[-108.327322,36.719136],[-108.327098,36.719131],[-108.327104,36.718951],[-108.328671,36.718986],[-108.328674,36.718896],[-108.328786,36.718898],[-108.328783,36.718989],[-108.328895,36.718991],[-108.328901,36.718811],[-108.328118,36.718793],[-108.328115,36.718883],[-108.328003,36.718881],[-108.328006,36.718791],[-108.327894,36.718788],[-108.327891,36.718878],[-108.327779,36.718876],[-108.327782,36.718786],[-108.32767,36.718783],[-108.327667,36.718873],[-108.327219,36.718863],[-108.327222,36.718773],[-108.327111,36.718771],[-108.327107,36.718861],[-108.326324,36.718843],[-108.326321,36.718933],[-108.326209,36.718931],[-108.326212,36.718841],[-108.324981,36.718813],[-108.32499,36.718543],[-108.324879,36.71854],[-108.324904,36.717819],[-108.325127,36.717824],[-108.32513,36.717734],[-108.325019,36.717732],[-108.325022,36.717642],[-108.32491,36.717639],[-108.324913,36.717549],[-108.324801,36.717547],[-108.324757,36.718808],[-108.322855,36.718765],[-108.322858,36.718675],[-108.322746,36.718673],[-108.322743,36.718763],[-108.321959,36.718745],[-108.321966,36.718565],[-108.321742,36.71856],[-108.321733,36.71883],[-108.322964,36.718858],[-108.32296,36.718948],[-108.323072,36.71895],[-108.323075,36.71886],[-108.323299,36.718865],[-108.323284,36.719316],[-108.323172,36.719313],[-108.323162,36.719584],[-108.323274,36.719586],[-108.323259,36.720037],[-108.322811,36.720026],[-108.322808,36.720117],[-108.322248,36.720104],[-108.322245,36.720194],[-108.321686,36.720181],[-108.321682,36.720272],[-108.321459,36.720266],[-108.321455,36.720357],[-108.321232,36.720352],[-108.321229,36.720442],[-108.321117,36.720439],[-108.32111,36.720619],[-108.320998,36.720617],[-108.320995,36.720707],[-108.320883,36.720704],[-108.320887,36.720614],[-108.320775,36.720612],[-108.320778,36.720522],[-108.320666,36.720519],[-108.320656,36.720789],[-108.320768,36.720792],[-108.320765,36.720882],[-108.320653,36.720879],[-108.32065,36.72097],[-108.320426,36.720965],[-108.320423,36.721055],[-108.320311,36.721052],[-108.320308,36.721142],[-108.320084,36.721137],[-108.320081,36.721227],[-108.319969,36.721225],[-108.319966,36.721315],[-108.31963,36.721307],[-108.319627,36.721397],[-108.319292,36.72139],[-108.319288,36.72148],[-108.319176,36.721477],[-108.319173,36.721567],[-108.319061,36.721565],[-108.319058,36.721655],[-108.318946,36.721653],[-108.31895,36.721562],[-108.318838,36.72156],[-108.318834,36.72165],[-108.318611,36.721645],[-108.318608,36.721735],[-108.318496,36.721733],[-108.318492,36.721823],[-108.318381,36.72182],[-108.318377,36.72191],[-108.318042,36.721903],[-108.318039,36.721993],[-108.317927,36.72199],[-108.317923,36.72208],[-108.3177,36.722075],[-108.317703,36.721985],[-108.317591,36.721983],[-108.317588,36.722073],[-108.317476,36.72207],[-108.317473,36.72216],[-108.317361,36.722158],[-108.317364,36.722068],[-108.317252,36.722065],[-108.317249,36.722155],[-108.316913,36.722148],[-108.316923,36.721877],[-108.317034,36.72188],[-108.317031,36.72197],[-108.317255,36.721975],[-108.317265,36.721705],[-108.317488,36.72171],[-108.317491,36.72162],[-108.316932,36.721607],[-108.316929,36.721697],[-108.316817,36.721695],[-108.31682,36.721605],[-108.316708,36.721602],[-108.316702,36.721782],[-108.31659,36.72178],[-108.316587,36.72187],[-108.316363,36.721865],[-108.31636,36.721955],[-108.316248,36.721952],[-108.316245,36.722042],[-108.315797,36.722032],[-108.315794,36.722122],[-108.316018,36.722127],[-108.316015,36.722218],[-108.316127,36.72222],[-108.316123,36.72231],[-108.316012,36.722308],[-108.316008,36.722398],[-108.315896,36.722395],[-108.315893,36.722485],[-108.315781,36.722483],[-108.315778,36.722573],[-108.315666,36.72257],[-108.315663,36.72266],[-108.315887,36.722665],[-108.31589,36.722575],[-108.316002,36.722578],[-108.315999,36.722668],[-108.316111,36.722671],[-108.316108,36.722761],[-108.315996,36.722758],[-108.315993,36.722848],[-108.315881,36.722846],[-108.315878,36.722936],[-108.315766,36.722933],[-108.315763,36.723023],[-108.315651,36.723021],[-108.315654,36.722931],[-108.31543,36.722926],[-108.315446,36.722475],[-108.315558,36.722478],[-108.315561,36.722388],[-108.315449,36.722385],[-108.315452,36.722295],[-108.315564,36.722298],[-108.315567,36.722207],[-108.315455,36.722205],[-108.315461,36.722025],[-108.315573,36.722027],[-108.315592,36.721487],[-108.31548,36.721484],[-108.315483,36.721394],[-108.315371,36.721392],[-108.315368,36.721482],[-108.313913,36.721449],[-108.31391,36.721539],[-108.313574,36.721531],[-108.313534,36.722703],[-108.313646,36.722705],[-108.31363,36.723155],[-108.313518,36.723153],[-108.313521,36.723063],[-108.313409,36.72306],[-108.313403,36.723241],[-108.313515,36.723243],[-108.313512,36.723333],[-108.313736,36.723338],[-108.313732,36.723428],[-108.313844,36.723431],[-108.313841,36.723521],[-108.313953,36.723523],[-108.31395,36.723614],[-108.314174,36.723619],[-108.314171,36.723709],[-108.314394,36.723714],[-108.314391,36.723804],[-108.314839,36.723814],[-108.314836,36.723904],[-108.315172,36.723912],[-108.315168,36.724002],[-108.315616,36.724012],[-108.315613,36.724102],[-108.316732,36.724127],[-108.316729,36.724217],[-108.318072,36.724248]],[[-108.320211,36.723935],[-108.319987,36.72393],[-108.31999,36.72384],[-108.320214,36.723845],[-108.320211,36.723935]],[[-108.314516,36.723446],[-108.314404,36.723443],[-108.314407,36.723353],[-108.314519,36.723356],[-108.314516,36.723446]],[[-108.314855,36.723363],[-108.314743,36.723361],[-108.314746,36.723271],[-108.314858,36.723273],[-108.314855,36.723363]],[[-108.314631,36.723358],[-108.314519,36.723356],[-108.314522,36.723266],[-108.314298,36.723261],[-108.314301,36.723171],[-108.314749,36.723181],[-108.314746,36.723271],[-108.314634,36.723268],[-108.314631,36.723358]],[[-108.313851,36.723251],[-108.313739,36.723248],[-108.313742,36.723158],[-108.313854,36.723161],[-108.313851,36.723251]],[[-108.314973,36.723186],[-108.314861,36.723183],[-108.314864,36.723093],[-108.314976,36.723096],[-108.314973,36.723186]],[[-108.315088,36.723098],[-108.314976,36.723096],[-108.314979,36.723006],[-108.315091,36.723008],[-108.315088,36.723098]],[[-108.313969,36.723073],[-108.313745,36.723068],[-108.313748,36.722978],[-108.31386,36.72298],[-108.313863,36.72289],[-108.314087,36.722895],[-108.314084,36.722985],[-108.313972,36.722983],[-108.313969,36.723073]],[[-108.315315,36.723013],[-108.315203,36.723011],[-108.315209,36.72283],[-108.315321,36.722833],[-108.315315,36.723013]],[[-108.315094,36.722918],[-108.314982,36.722916],[-108.314985,36.722825],[-108.315097,36.722828],[-108.315094,36.722918]],[[-108.313978,36.722803],[-108.313866,36.7228],[-108.313869,36.72271],[-108.313981,36.722713],[-108.313978,36.722803]],[[-108.315324,36.722743],[-108.3151,36.722738],[-108.315104,36.722648],[-108.315327,36.722653],[-108.315324,36.722743]],[[-108.314765,36.72273],[-108.314653,36.722728],[-108.314659,36.722548],[-108.314995,36.722555],[-108.314992,36.722645],[-108.314768,36.72264],[-108.314765,36.72273]],[[-108.315331,36.722563],[-108.315219,36.72256],[-108.315222,36.72247],[-108.315334,36.722473],[-108.315331,36.722563]],[[-108.319944,36.721945],[-108.31972,36.72194],[-108.319724,36.72185],[-108.319835,36.721853],[-108.319839,36.721763],[-108.31995,36.721765],[-108.319954,36.721675],[-108.320066,36.721678],[-108.320069,36.721588],[-108.320292,36.721593],[-108.320296,36.721503],[-108.320408,36.721505],[-108.320404,36.721595],[-108.320516,36.721598],[-108.32051,36.721778],[-108.320062,36.721768],[-108.320059,36.721858],[-108.319947,36.721855],[-108.319944,36.721945]],[[-108.321178,36.721883],[-108.320843,36.721876],[-108.320846,36.721785],[-108.320734,36.721783],[-108.320737,36.721693],[-108.320625,36.72169],[-108.320628,36.7216],[-108.32074,36.721603],[-108.320743,36.721513],[-108.320855,36.721515],[-108.320852,36.721605],[-108.321076,36.72161],[-108.32107,36.721791],[-108.321182,36.721793],[-108.321178,36.721883]],[[-108.324695,36.72061],[-108.324359,36.720602],[-108.324368,36.720332],[-108.324592,36.720337],[-108.324595,36.720247],[-108.325043,36.720257],[-108.325046,36.720167],[-108.325382,36.720174],[-108.325385,36.720084],[-108.325497,36.720087],[-108.325487,36.720357],[-108.325152,36.72035],[-108.325149,36.72044],[-108.324813,36.720432],[-108.32481,36.720522],[-108.324698,36.72052],[-108.324695,36.72061]],[[-108.323619,36.719323],[-108.323507,36.719321],[-108.323514,36.719141],[-108.323626,36.719143],[-108.323619,36.719323]]]}},{"type":"Feature","properties":{"class":"extent","min_prob":0.5},"geometry":{"type":"Polygon","coordinates":[[[-108.311883,36.721854],[-108.311886,36.721764],[-108.311774,36.721761],[-108.311781,36.721581],[-108.311669,36.721578],[-108.311675,36.721398],[-108.311563,36.721396],[-108.311566,36.721306],[-108.311342,36.721301],[-108.311346,36.72121],[-108.311234,36.721208],[-108.311237,36.721118],[-108.311013,36.721113],[-108.311016,36.721023],[-108.310792,36.721018],[-108.310795,36.720928],[-108.310684,36.720925],[-108.31069,36.720745],[-108.310466,36.72074],[-108.310469,36.72065],[-108.310357,36.720647],[-108.31036,36.720557],[-108.310025,36.720549],[-108.310031,36.720369],[-108.310255,36.720374],[-108.310258,36.720284],[-108.310706,36.720294],[-108.310709,36.720204],[-108.311044,36.720212],[-108.311041,36.720302],[-108.311153,36.720304],[-108.311156,36.720214],[-108.311268,36.720217],[-108.311271,36.720127],[-108.311831,36.720139],[-108.311837,36.719959],[-108.311725,36.719957],[-108.311735,36.719686],[-108.311623,36.719684],[-108.311626,36.719594],[-108.311514,36.719591],[-108.311517,36.719501],[-108.311741,36.719506],[-108.311766,36.718786],[-108.311542,36.71878],[-108.311546,36.71869],[-108.311657,36.718693],[-108.311661,36.718603],[-108.311549,36.7186],[-108.311555,36.71842],[-108.311667,36.718423],[-108.311679,36.718062],[-108.311791,36.718065],[-108.311798,36.717885],[-108.31191,36.717887],[-108.311913,36.717797],[-108.311689,36.717792],[-108.311692,36.717702],[-108.31158,36.717699],[-108.311568,36.71806],[-108.31112,36.71805],[-108.311123,36.71796],[-108.310899,36.717954],[-108.310905,36.717774],[-108.310794,36.717772],[-108.310797,36.717682],[-108.310909,36.717684],[-108.310915,36.717504],[-108.310691,36.717499],[-108.310694,36.717409],[-108.310918,36.717414],[-108.310921,36.717324],[-108.310809,36.717321],[-108.310812,36.717231],[-108.310477,36.717224],[-108.31047,36.717404],[-108.310582,36.717406],[-108.310579,36.717496],[-108.310355,36.717491],[-108.310359,36.717401],[-108.310135,36.717396],[-108.310138,36.717306],[-108.310026,36.717304],[-108.310007,36.717844],[-108.309895,36.717842],[-108.309898,36.717752],[-108.309786,36.717749],[-108.30978,36.717929],[-108.309892,36.717932],[-108.309889,36.718022],[-108.309777,36.718019],[-108.309771,36.718199],[-108.309659,36.718197],[-108.309662,36.718107],[-108.30955,36.718104],[-108.309547,36.718194],[-108.309435,36.718192],[-108.309432,36.718282],[-108.30932,36.718279],[-108.309317,36.718369],[-108.309429,36.718372],[-108.309426,36.718462],[-108.309537,36.718465],[-108.309541,36.718375],[-108.309876,36.718382],[-108.309879,36.718292],[-108.309991,36.718295],[-108.309988,36.718385],[-108.310436,36.718395],[-108.310439,36.718305],[-108.310663,36.71831],[-108.310666,36.71822],[-108.31089,36.718225],[-108.310893,36.718135],[-108.311117,36.71814],[-108.311114,36.71823],[-108.311337,36.718235],[-108.311328,36.718505],[-108.31144,36.718508],[-108.311434,36.718688],[-108.311322,36.718685],[-108.311319,36.718775],[-108.31143,36.718778],[-108.311415,36.719228],[-108.311191,36.719223],[-108.311169,36.719854],[-108.311281,36.719857],[-108.311278,36.719947],[-108.310718,36.719934],[-108.310715,36.720024],[-108.310379,36.720016],[-108.310376,36.720107],[-108.31004,36.720099],[-108.310044,36.720009],[-108.309932,36.720006],[-108.309928,36.720096],[-108.309593,36.720089],[-108.30959,36.720179],[-108.309254,36.720171],[-108.309251,36.720261],[-108.308915,36.720254],[-108.308918,36.720164],[-108.308582,36.720156],[-108.308579,36.720246],[-108.308132,36.720236],[-108.308135,36.720146],[-108.307799,36.720138],[-108.307802,36.720048],[-108.307578,36.720043],[-108.307581,36.719953],[-108.30691,36.719938],[-108.306913,36.719848],[-108.306354,36.719835],[-108.306357,36.719745],[-108.306021,36.719738],[-108.306024,36.719647],[-108.305577,36.719637],[-108.30558,36.719547],[-108.305356,36.719542],[-108.305359,36.719452],[-108.305247,36.719449],[-108.305257,36.719179],[-108.305145,36.719177],[-108.305141,36.719267],[-108.30503,36.719264],[-108.30502,36.719535],[-108.304908,36.719532],[-108.304905,36.719622],[-108.304569,36.719614],[-108.304566,36.719705],[-108.303783,36.719687],[-108.303799,36.719236],[-108.303687,36.719234],[-108.303683,36.719324],[-108.303572,36.719321],[-108.303565,36.719502],[-108.303677,36.719504],[-108.303674,36.719594],[-108.303562,36.719592],[-108.303559,36.719682],[-108.303335,36.719677],[-108.303332,36.719767],[-108.303444,36.719769],[-108.303441,36.719859],[-108.303217,36.719854],[-108.303214,36.719944],[-108.303102,36.719942],[-108.303096,36.720122],[-108.30276,36.720114],[-108.302763,36.720024],[-108.302987,36.720029],[-108.30299,36.719939],[-108.302654,36.719932],[-108.302648,36.720112],[-108.302536,36.720109],[-108.302533,36.720199],[-108.302421,36.720197],[-108.302418,36.720287],[-108.302306,36.720284],[-108.302303,36.720375],[-108.301967,36.720367],[-108.301964,36.720457],[-108.30174,36.720452],[-108.301737,36.720542],[-108.301625,36.72054],[-108.301619,36.72072],[-108.301395,36.720715],[-108.301392,36.720805],[-108.301168,36.7208],[-108.301165,36.72089],[-108.301053,36.720887],[-108.301059,36.720707],[-108.300835,36.720702],[-108.300838,36.720612],[-108.300279,36.720599],[-108.300282,36.720509],[-108.299611,36.720494],[-108.299614,36.720404],[-108.299278,36.720396],[-108.299281,36.720306],[-108.299169,36.720303],[-108.299172,36.720213],[-108.298949,36.720208],[-108.298936,36.720569],[-108.299384,36.720579],[-108.29938,36.720669],[-108.299716,36.720677],[-108.299713,36.720767],[-108.300608,36.720787],[-108.300605,36.720877],[-108.300717,36.72088],[-108.300714,36.72097],[-108.300826,36.720972],[-108.300823,36.721062],[-108.301158,36.72107],[-108.301162,36.72098],[-108.301385,36.720985],[-108.301389,36.720895],[-108.301612,36.7209],[-108.301616,36.72081],[-108.302399,36.720828],[-108.302402,36.720737],[-108.303297,36.720758],[-108.3033,36.720668],[-108.303636,36.720675],[-108.303639,36.720585],[-108.304087,36.720595],[-108.30409,36.720505],[-108.304426,36.720513],[-108.304429,36.720423],[-108.304989,36.720435],[-108.304992,36.720345],[-108.305439,36.720355],[-108.305443,36.720265],[-108.30589,36.720276],[-108.305887,36.720366],[-108.305999,36.720368],[-108.306002,36.720278],[-108.307345,36.720308],[-108.307342,36.720399],[-108.308013,36.720414],[-108.30801,36.720504],[-108.30857,36.720517],[-108.308567,36.720607],[-108.308679,36.720609],[-108.308675,36.720699],[-108.308787,36.720702],[-108.30879,36.720612],[-108.308902,36.720614],[-108.308899,36.720704],[-108.309123,36.720709],[-108.30912,36.720799],[-108.309232,36.720802],[-108.309229,36.720892],[-108.309453,36.720897],[-108.309456,36.720807],[-108.309568,36.72081],[-108.309564,36.7209],[-108.309676,36.720902],[-108.30967,36.721082],[-108.310118,36.721093],[-108.310115,36.721183],[-108.310338,36.721188],[-108.310335,36.721278],[-108.310559,36.721283],[-108.310556,36.721373],[-108.31078,36.721378],[-108.310777,36.721468],[-108.310889,36.721471],[-108.310885,36.721561],[-108.311221,36.721568],[-108.311218,36.721658],[-108.31133,36.721661],[-108.311327,36.721751],[-108.311663,36.721759],[-108.311659,36.721849],[-108.311883,36.721854]],[[-108.309359,36.720354],[-108.309248,36.720352],[-108.309251,36.720261],[-108.309363,36.720264],[-108.309359,36.720354]],[[-108.303323,36.720037],[-108.303211,36.720034],[-108.303214,36.719944],[-108.303326,36.719947],[-108.303323,36.720037]],[[-108.310215,36.7183],[-108.310103,36.718297],[-108.310106,36.718207],[-108.310218,36.71821],[-108.310215,36.7183]],[[-108.310333,36.718122],[-108.31011,36.718117],[-108.310113,36.718027],[-108.310001,36.718024],[-108.310007,36.717844],[-108.310119,36.717847],[-108.310122,36.717757],[-108.310458,36.717764],[-108.310448,36.718034],[-108.310337,36.718032],[-108.310333,36.718122]],[[-108.310675,36.717949],[-108.310563,36.717947],[-108.310567,36.717857],[-108.310679,36.717859],[-108.310675,36.717949]],[[-108.31079,36.717862],[-108.310679,36.717859],[-108.310682,36.717769],[-108.310794,36.717772],[-108.31079,36.717862]]]}},{"type":"Feature","properties":{"class":"extent","min_prob":0.5},"geometry":{"type":"Polygon","coordinates":[[[-108.302077,36.717214],[-108.302084,36.717034],[-108.301972,36.717031],[-108.301969,36.717121],[-108.301857,36.717119],[-108.301854,36.717209],[-108.302077,36.717214]]]}},{"type":"Feature","properties":{"class":"extent","min_prob":0.5},"geometry":{"type":"Polygon","coordinates":[[[-108.315621,36.71743],[-108.315624,36.71734],[-108.315513,36.717337],[-108.315509,36.717427],[-108.315621,36.71743]]]}},{"type":"Feature","properties":{"class":"extent","min_prob":0.5},"geometry":{"type":"Polygon","coordinates":[[[-108.312824,36.717367],[-108.312827,36.717277],[-108.312715,36.717274],[-108.312712,36.717364],[-108.312824,36.717367]]]}},{"type":"Feature","properties":{"class":"extent","min_prob":0.5},"geometry":{"type":"Polygon","coordinates":[[[-108.311145,36.717329],[-108.311148,36.717239],[-108.311036,36.717236],[-108.311033,36.717326],[-108.311145,36.717329]]]}},{"type":"Feature","properties":{"class":"extent","min_prob":0.5},"geometry":{"type":"Polygon","coordinates":[[[-108.302304,36.717129],[-108.302307,36.717039],[-108.302196,36.717036],[-108.302192,36.717126],[-108.302304,36.717129]]]}},{"type":"Feature","properties":{"class":"extent","min_prob":0.5},"geometry":{"type":"Polygon","coordinates":[[[-108.301073,36.717101],[-108.301077,36.717011],[-108.300965,36.717008],[-108.300961,36.717098],[-108.301073,36.717101]]]}},{"type":"Feature","properties":{"class":"extent","min_prob":0.5},"geometry":{"type":"Polygon","coordinates":[[[-108.300738,36.717093],[-108.300741,36.717003],[-108.300629,36.717001],[-108.300626,36.717091],[-108.300738,36.717093]]]}},{"type":"Feature","properties":{"class":"extent","min_prob":0.5},"geometry":{"type":"Polygon","coordinates":[[[-108.313051,36.717282],[-108.313054,36.717192],[-108.312942,36.717189],[-108.312939,36.717279],[-108.313051,36.717282]]]}},{"type":"Feature","properties":{"class":"extent","min_prob":0.5},"geometry":{"type":"Polygon","coordinates":[[[-108.310477,36.717224],[-108.31048,36.717134],[-108.310368,36.717131],[-108.310365,36.717221],[-108.310477,36.717224]]]}},{"type":"Feature","properties":{"class":"extent","min_prob":0.5},"geometry":{"type":"Polygon","coordinates":[[[-108.301524,36.717021],[-108.301527,36.716931],[-108.301415,36.716928],[-108.301419,36.716838],[-108.301307,36.716836],[-108.3013,36.717016],[-108.301524,36.717021]]]}},{"type":"Feature","properties":{"class":"extent","min_prob":0.5},"geometry":{"type":"Polygon","coordinates":[[[-108.311711,36.717161],[-108.311714,36.717071],[-108.311602,36.717069],[-108.311599,36.717159],[-108.311711,36.717161]]]}},{"type":"Feature","properties":{"class":"extent","min_prob":0.5},"geometry":{"type":"Polygon","coordinates":[[[-108.307235,36.71706],[-108.307238,36.71697],[-108.307126,36.716967],[-108.307123,36.717058],[-108.307235,36.71706]]]}},{"type":"Feature","properties":{"class":"extent","min_prob":0.5},"geometry":{"type":"Polygon","coordinates":[[[-108.307011,36.717055],[-108.307014,36.716965],[-108.306902,36.716962],[-108.306899,36.717052],[-108.307011,36.717055]]]}},{"type":"Feature","properties":{"class":"extent","min_prob":0.5},"geometry":{"type":"Polygon","coordinates":[[[-108.313265,36.717557],[-108.313268,36.717467],[-108.31338,36.71747],[-108.313383,36.717379],[-108.313495,36.717382],[-108.313498,36.717292],[-108.313946,36.717302],[-108.313943,36.717392],[-108.314055,36.717395],[-108.314061,36.717214],[-108.313837,36.717209],[-108.313843,36.717029],[-108.31362,36.717024],[-108.313613,36.717204],[-108.313389,36.717199],[-108.313393,36.717109],[-108.313057,36.717102],[-108.313054,36.717192],[-108.313166,36.717194],[-108.313162,36.717284],[-108.313274,36.717287],[-108.313271,36.717377],[-108.313159,36.717374],[-108.313153,36.717555],[-108.313265,36.717557]]]}},{"type":"Feature","properties":{"class":"extent","min_prob":0.5},"geometry":{"type":"Polygon","coordinates":[[[-108.208535,36.714875],[-108.208538,36.714785],[-108.208426,36.714782],[-108.208429,36.714692],[-108.208317,36.714689],[-108.208321,36.714599],[-108.208097,36.714594],[-108.208094,36.714684],[-108.20787,36.714679],[-108.207867,36.714769],[-108.207978,36.714772],[-108.207975,36.714862],[-108.208535,36.714875]]]}},{"type":"Feature","properties":{"class":"extent","min_prob":0.5},"geometry":{"type":"Polygon","coordinates":[[[-108.314288,36.717129],[-108.314291,36.717039],[-108.314179,36.717037],[-108.314176,36.717127],[-108.314288,36.717129]]]}},{"type":"Feature","properties":{"class":"extent","min_prob":0.5},"geometry":{"type":"Polygon","coordinates":[[[-108.313505,36.717112],[-108.313508,36.717022],[-108.313396,36.717019],[-108.313393,36.717109],[-108.313505,36.717112]]]}},{"type":"Feature","properties":{"class":"extent","min_prob":0.5},"geometry":{"type":"Polygon","coordinates":[[[-108.219171,36.714944],[-108.219174,36.714854],[-108.219063,36.714851],[-108.219059,36.714941],[-108.219171,36.714944]]]}},{"type":"Feature","properties":{"class":"extent","min_prob":0.5},"geometry":{"type":"Polygon","coordinates":[[[-108.315522,36.717067],[-108.315525,36.716977],[-108.315413,36.716974],[-108.31541,36.717065],[-108.315522,36.717067]]]}},{"type":"Feature","properties":{"class":"extent","min_prob":0.5},"geometry":{"type":"Polygon","coordinates":[[[-108.311698,36.717522],[-108.311701,36.717432],[-108.31159,36.717429],[-108.311596,36.717249],[-108.311372,36.717244],[-108.311375,36.717154],[-108.311487,36.717156],[-108.31149,36.717066],[-108.311378,36.717064],[-108.311381,36.716974],[-108.311493,36.716976],[-108.311496,36.716886],[-108.311273,36.716881],[-108.311263,36.717151],[-108.311151,36.717149],[-108.311148,36.717239],[-108.31126,36.717241],[-108.311254,36.717421],[-108.311478,36.717427],[-108.311474,36.717517],[-108.311698,36.717522]]]}},{"type":"Feature","properties":{"class":"extent","min_prob":0.5},"geometry":{"type":"Polygon","coordinates":[[[-108.310262,36.716948],[-108.310265,36.716858],[-108.310154,36.716856],[-108.31015,36.716946],[-108.310262,36.716948]]]}},{"type":"Feature","properties":{"class":"extent","min_prob":0.5},"geometry":{"type":"Polygon","coordinates":[[[-108.3078,36.716893],[-108.307804,36.716802],[-108.307692,36.7168],[-108.307688,36.71689],[-108.3078,36.716893]]]}},{"type":"Feature","properties":{"class":"extent","min_prob":0.5},"geometry":{"type":"Polygon","coordinates":[[[-108.307353,36.716882],[-108.307356,36.716792],[-108.307244,36.71679],[-108.307241,36.71688],[-108.307353,36.716882]]]}},{"type":"Feature","properties":{"class":"extent","min_prob":0.5},"geometry":{"type":"Polygon","coordinates":[[[-108.307017,36.716875],[-108.30702,36.716785],[-108.306908,36.716782],[-108.306905,36.716872],[-108.307017,36.716875]]]}},{"type":"Feature","properties":{"class":"extent","min_prob":0.5},"geometry":{"type":"Polygon","coordinates":[[[-108.209999,36.714639],[-108.210002,36.714549],[-108.20989,36.714546],[-108.209887,36.714636],[-108.209999,36.714639]]]}},{"type":"Feature","properties":{"class":"extent","min_prob":0.5},"geometry":{"type":"Polygon","coordinates":[[[-108.215436,36.716028],[-108.215443,36.715848],[-108.215107,36.71584],[-108.21511,36.71575],[-108.214775,36.715742],[-108.214778,36.715652],[-108.214442,36.715645],[-108.214446,36.715554],[-108.214557,36.715557],[-108.214564,36.715377],[-108.214788,36.715382],[-108.214791,36.715292],[-108.215015,36.715297],[-108.215018,36.715207],[-108.215354,36.715215],[-108.215363,36.714945],[-108.215587,36.71495],[-108.215591,36.71486],[-108.21615,36.714873],[-108.216147,36.714963],[-108.216259,36.714966],[-108.216252,36.715146],[-108.216588,36.715154],[-108.216585,36.715244],[-108.216808,36.715249],[-108.216812,36.715159],[-108.2167,36.715156],[-108.216706,36.714976],[-108.216371,36.714968],[-108.216377,36.714788],[-108.216265,36.714786],[-108.216268,36.714696],[-108.216045,36.71469],[-108.216048,36.7146],[-108.215936,36.714598],[-108.215933,36.714688],[-108.215597,36.71468],[-108.215594,36.71477],[-108.21537,36.714765],[-108.215367,36.714855],[-108.215255,36.714852],[-108.215252,36.714942],[-108.21514,36.71494],[-108.215143,36.714849],[-108.215031,36.714847],[-108.215025,36.715027],[-108.214913,36.715024],[-108.214909,36.715115],[-108.214574,36.715107],[-108.21457,36.715197],[-108.214235,36.715189],[-108.214232,36.715279],[-108.21412,36.715276],[-108.214116,36.715366],[-108.213893,36.715361],[-108.213889,36.715451],[-108.213777,36.715449],[-108.213774,36.715539],[-108.21355,36.715533],[-108.213547,36.715624],[-108.213659,36.715626],[-108.213652,36.715806],[-108.2141,36.715817],[-108.214097,36.715907],[-108.214209,36.71591],[-108.214205,36.716],[-108.215436,36.716028]]]}},{"type":"Feature","properties":{"class":"extent","min_prob":0.5},"geometry":{"type":"Polygon","coordinates":[[[-108.315171,36.71751],[-108.315174,36.71742],[-108.315286,36.717422],[-108.315289,36.717332],[-108.315513,36.717337],[-108.315516,36.717247],[-108.315292,36.717242],[-108.315295,36.717152],[-108.315407,36.717155],[-108.31541,36.717065],[-108.315186,36.71706],[-108.315183,36.71715],[-108.314847,36.717142],[-108.314851,36.717052],[-108.314627,36.717047],[-108.314633,36.716867],[-108.314521,36.716864],[-108.314518,36.716954],[-108.314406,36.716952],[-108.3144,36.717132],[-108.314288,36.717129],[-108.314282,36.71731],[-108.31417,36.717307],[-108.314167,36.717397],[-108.31439,36.717402],[-108.314393,36.717312],[-108.314505,36.717315],[-108.314502,36.717405],[-108.314838,36.717412],[-108.314835,36.717502],[-108.315171,36.71751]],[[-108.315177,36.71733],[-108.315065,36.717327],[-108.315068,36.717237],[-108.31518,36.71724],[-108.315177,36.71733]],[[-108.314953,36.717325],[-108.314841,36.717322],[-108.314844,36.717232],[-108.314956,36.717235],[-108.314953,36.717325]],[[-108.314729,36.71732],[-108.314617,36.717317],[-108.31462,36.717227],[-108.314732,36.71723],[-108.314729,36.71732]]]}},{"type":"Feature","properties":{"class":"extent","min_prob":0.5},"geometry":{"type":"Polygon","coordinates":[[[-108.32089,36.720524],[-108.320896,36.720344],[-108.321008,36.720346],[-108.321011,36.720256],[-108.320899,36.720254],[-108.320902,36.720164],[-108.321014,36.720166],[-108.321017,36.720076],[-108.320905,36.720074],[-108.320927,36.719443],[-108.321039,36.719446],[-108.321042,36.719355],[-108.32093,36.719353],[-108.320959,36.718542],[-108.320847,36.71854],[-108.320859,36.718179],[-108.320971,36.718182],[-108.32099,36.717641],[-108.320878,36.717639],[-108.320887,36.717368],[-108.320775,36.717366],[-108.320779,36.717276],[-108.320667,36.717273],[-108.32067,36.717183],[-108.320782,36.717186],[-108.320788,36.717005],[-108.320452,36.716998],[-108.320449,36.717088],[-108.320561,36.717091],[-108.320552,36.717361],[-108.320664,36.717363],[-108.320654,36.717634],[-108.320766,36.717636],[-108.320707,36.719348],[-108.320818,36.71935],[-108.320815,36.719441],[-108.320591,36.719435],[-108.320588,36.719526],[-108.320253,36.719518],[-108.320249,36.719608],[-108.319354,36.719588],[-108.319351,36.719678],[-108.319015,36.71967],[-108.319028,36.71931],[-108.318916,36.719308],[-108.318903,36.719668],[-108.31868,36.719663],[-108.318676,36.719753],[-108.318788,36.719755],[-108.318779,36.720026],[-108.318891,36.720028],[-108.318875,36.720479],[-108.318987,36.720481],[-108.319012,36.719761],[-108.31946,36.719771],[-108.319463,36.719681],[-108.320023,36.719693],[-108.320019,36.719783],[-108.320579,36.719796],[-108.320582,36.719706],[-108.320694,36.719708],[-108.320691,36.719798],[-108.320803,36.719801],[-108.320778,36.720522],[-108.32089,36.720524]]]}},{"type":"Feature","properties":{"class":"extent","min_prob":0.5},"geometry":{"type":"Polygon","coordinates":[[[-108.315074,36.717057],[-108.315081,36.716877],[-108.314969,36.716874],[-108.314962,36.717054],[-108.315074,36.717057]]]}},{"type":"Feature","properties":{"class":"extent","min_prob":0.5},"geometry":{"type":"Polygon","coordinates":[[[-108.308587,36.71682],[-108.30859,36.71673],[-108.308366,36.716725],[-108.308363,36.716815],[-108.308587,36.71682]]]}},{"type":"Feature","properties":{"class":"extent","min_prob":0.5},"geometry":{"type":"Polygon","coordinates":[[[-108.308139,36.71681],[-108.308142,36.71672],[-108.307919,36.716715],[-108.307915,36.716805],[-108.308139,36.71681]]]}},{"type":"Feature","properties":{"class":"extent","min_prob":0.5},"geometry":{"type":"Polygon","coordinates":[[[-108.307468,36.716795],[-108.307471,36.716705],[-108.307359,36.716702],[-108.307356,36.716792],[-108.307468,36.716795]]]}},{"type":"Feature","properties":{"class":"extent","min_prob":0.5},"geometry":{"type":"Polygon","coordinates":[[[-108.302544,36.716683],[-108.302547,36.716593],[-108.302435,36.716591],[-108.302432,36.716681],[-108.302544,36.716683]]]}},{"type":"Feature","properties":{"class":"extent","min_prob":0.5},"geometry":{"type":"Polygon","coordinates":[[[-108.288108,36.716355],[-108.288111,36.716265],[-108.287999,36.716262],[-108.287996,36.716353],[-108.288108,36.716355]]]}},{"type":"Feature","properties":{"class":"extent","min_prob":0.5},"geometry":{"type":"Polygon","coordinates":[[[-108.316312,36.716905],[-108.316315,36.716814],[-108.316203,36.716812],[-108.3162,36.716902],[-108.316312,36.716905]]]}},{"type":"Feature","properties":{"class":"extent","min_prob":0.5},"geometry":{"type":"Polygon","coordinates":[[[-108.306576,36.716685],[-108.306579,36.716594],[-108.306467,36.716592],[-108.306464,36.716682],[-108.306576,36.716685]]]}},{"type":"Feature","properties":{"class":"extent","min_prob":0.5},"geometry":{"type":"Polygon","coordinates":[[[-108.314969,36.716874],[-108.314975,36.716694],[-108.314863,36.716692],[-108.31486,36.716782],[-108.314748,36.716779],[-108.314745,36.716869],[-108.314969,36.716874]]]}},{"type":"Feature","properties":{"class":"extent","min_prob":0.5},"geometry":{"type":"Polygon","coordinates":[[[-108.207646,36.714674],[-108.207656,36.714403],[-108.207768,36.714406],[-108.207774,36.714226],[-108.207662,36.714223],[-108.207659,36.714313],[-108.207435,36.714308],[-108.207429,36.714488],[-108.207317,36.714486],[-108.207314,36.714576],[-108.207537,36.714581],[-108.207534,36.714671],[-108.207646,36.714674]]]}},{"type":"Feature","properties":{"class":"extent","min_prob":0.5},"geometry":{"type":"Polygon","coordinates":[[[-108.31016,36.716675],[-108.310163,36.716585],[-108.310051,36.716583],[-108.310048,36.716673],[-108.31016,36.716675]]]}},{"type":"Feature","properties":{"class":"extent","min_prob":0.5},"geometry":{"type":"Polygon","coordinates":[[[-108.316535,36.71691],[-108.316539,36.71682],[-108.316762,36.716825],[-108.316766,36.716734],[-108.316654,36.716732],[-108.316657,36.716642],[-108.316545,36.716639],[-108.316542,36.716729],[-108.31643,36.716727],[-108.316424,36.716907],[-108.316535,36.71691]]]}},{"type":"Feature","properties":{"class":"extent","min_prob":0.5},"geometry":{"type":"Polygon","coordinates":[[[-108.310611,36.716595],[-108.310614,36.716505],[-108.310502,36.716503],[-108.310499,36.716593],[-108.310611,36.716595]]]}},{"type":"Feature","properties":{"class":"extent","min_prob":0.5},"geometry":{"type":"Polygon","coordinates":[[[-108.310275,36.716588],[-108.310278,36.716498],[-108.310166,36.716495],[-108.310163,36.716585],[-108.310275,36.716588]]]}},{"type":"Feature","properties":{"class":"extent","min_prob":0.5},"geometry":{"type":"Polygon","coordinates":[[[-108.307247,36.7167],[-108.30725,36.71661],[-108.307362,36.716612],[-108.307365,36.716522],[-108.307477,36.716525],[-108.30748,36.716435],[-108.307257,36.716429],[-108.307253,36.71652],[-108.307142,36.716517],[-108.307138,36.716607],[-108.307026,36.716605],[-108.307023,36.716695],[-108.307247,36.7167]]]}},{"type":"Feature","properties":{"class":"extent","min_prob":0.5},"geometry":{"type":"Polygon","coordinates":[[[-108.316877,36.716737],[-108.316884,36.716557],[-108.31666,36.716552],[-108.316657,36.716642],[-108.316769,36.716644],[-108.316766,36.716734],[-108.316877,36.716737]]]}},{"type":"Feature","properties":{"class":"extent","min_prob":0.5},"geometry":{"type":"Polygon","coordinates":[[[-108.313517,36.716751],[-108.31352,36.716661],[-108.313632,36.716664],[-108.313638,36.716484],[-108.313079,36.716471],[-108.313076,36.716561],[-108.313188,36.716564],[-108.313184,36.716654],[-108.313296,36.716656],[-108.3133,36.716566],[-108.313411,36.716569],[-108.313405,36.716749],[-108.313517,36.716751]]]}},{"type":"Feature","properties":{"class":"extent","min_prob":0.5},"geometry":{"type":"Polygon","coordinates":[[[-108.313859,36.716579],[-108.313862,36.716489],[-108.31375,36.716486],[-108.313747,36.716576],[-108.313859,36.716579]]]}},{"type":"Feature","properties":{"class":"extent","min_prob":0.5},"geometry":{"type":"Polygon","coordinates":[[[-108.310502,36.716503],[-108.310505,36.716413],[-108.310393,36.71641],[-108.31039,36.7165],[-108.310502,36.716503]]]}},{"type":"Feature","properties":{"class":"extent","min_prob":0.5},"geometry":{"type":"Polygon","coordinates":[[[-108.215386,36.714314],[-108.21539,36.714224],[-108.215278,36.714222],[-108.215274,36.714312],[-108.215386,36.714314]]]}},{"type":"Feature","properties":{"class":"extent","min_prob":0.5},"geometry":{"type":"Polygon","coordinates":[[[-108.200616,36.713968],[-108.200623,36.713787],[-108.200511,36.713785],[-108.200508,36.713875],[-108.200396,36.713872],[-108.200393,36.713962],[-108.200616,36.713968]]]}},{"type":"Feature","properties":{"class":"extent","min_prob":0.5},"geometry":{"type":"Polygon","coordinates":[[[-108.311624,36.716438],[-108.311627,36.716348],[-108.311515,36.716345],[-108.311512,36.716436],[-108.311624,36.716438]]]}},{"type":"Feature","properties":{"class":"extent","min_prob":0.5},"geometry":{"type":"Polygon","coordinates":[[[-108.321978,36.718204],[-108.321997,36.717664],[-108.321885,36.717661],[-108.321926,36.71649],[-108.321814,36.716488],[-108.321798,36.716938],[-108.321686,36.716936],[-108.321683,36.717026],[-108.321795,36.717028],[-108.321764,36.717929],[-108.321876,36.717932],[-108.321866,36.718202],[-108.321978,36.718204]]]}},{"type":"Feature","properties":{"class":"extent","min_prob":0.5},"geometry":{"type":"Polygon","coordinates":[[[-108.324916,36.717459],[-108.324919,36.717369],[-108.325031,36.717371],[-108.325034,36.717281],[-108.324922,36.717279],[-108.324944,36.716648],[-108.324832,36.716646],[-108.324835,36.716556],[-108.3245,36.716548],[-108.324497,36.716638],[-108.32472,36.716643],[-108.324708,36.717004],[-108.32482,36.717006],[-108.324804,36.717457],[-108.324916,36.717459]]]}},{"type":"Feature","properties":{"class":"extent","min_prob":0.5},"geometry":{"type":"Polygon","coordinates":[[[-108.313753,36.716396],[-108.313757,36.716306],[-108.313533,36.716301],[-108.31353,36.716391],[-108.313753,36.716396]]]}},{"type":"Feature","properties":{"class":"extent","min_prob":0.5},"geometry":{"type":"Polygon","coordinates":[[[-108.307599,36.716257],[-108.307602,36.716167],[-108.30749,36.716164],[-108.307487,36.716254],[-108.307599,36.716257]]]}},{"type":"Feature","properties":{"class":"extent","min_prob":0.5},"geometry":{"type":"Polygon","coordinates":[[[-108.207886,36.714229],[-108.207889,36.714138],[-108.208001,36.714141],[-108.208005,36.714051],[-108.207893,36.714048],[-108.207902,36.713778],[-108.207679,36.713773],[-108.207672,36.713953],[-108.20756,36.71395],[-108.207557,36.714041],[-108.207669,36.714043],[-108.207666,36.714133],[-108.207777,36.714136],[-108.207774,36.714226],[-108.207886,36.714229]]]}},{"type":"Feature","properties":{"class":"extent","min_prob":0.5},"geometry":{"type":"Polygon","coordinates":[[[-108.310508,36.716323],[-108.310514,36.716142],[-108.310403,36.71614],[-108.310396,36.71632],[-108.310508,36.716323]]]}},{"type":"Feature","properties":{"class":"extent","min_prob":0.5},"geometry":{"type":"Polygon","coordinates":[[[-108.313309,36.716296],[-108.313312,36.716206],[-108.3132,36.716203],[-108.313197,36.716293],[-108.313309,36.716296]]]}},{"type":"Feature","properties":{"class":"extent","min_prob":0.5},"geometry":{"type":"Polygon","coordinates":[[[-108.312414,36.716276],[-108.312417,36.716185],[-108.312305,36.716183],[-108.312302,36.716273],[-108.312414,36.716276]]]}},{"type":"Feature","properties":{"class":"extent","min_prob":0.5},"geometry":{"type":"Polygon","coordinates":[[[-108.310953,36.716423],[-108.310959,36.716243],[-108.311071,36.716245],[-108.311074,36.716155],[-108.31085,36.71615],[-108.310841,36.71642],[-108.310953,36.716423]]]}},{"type":"Feature","properties":{"class":"extent","min_prob":0.5},"geometry":{"type":"Polygon","coordinates":[[[-108.222038,36.716183],[-108.222045,36.716003],[-108.222157,36.716005],[-108.222163,36.715825],[-108.222051,36.715822],[-108.222064,36.715462],[-108.222176,36.715465],[-108.222179,36.715375],[-108.222067,36.715372],[-108.22209,36.714741],[-108.221978,36.714739],[-108.221982,36.714649],[-108.22187,36.714646],[-108.221876,36.714466],[-108.221429,36.714456],[-108.221432,36.714365],[-108.220537,36.714345],[-108.220543,36.714164],[-108.220431,36.714162],[-108.220428,36.714252],[-108.220204,36.714247],[-108.220207,36.714157],[-108.219648,36.714143],[-108.219655,36.713963],[-108.219431,36.713958],[-108.219427,36.714048],[-108.219204,36.714043],[-108.219207,36.713953],[-108.218983,36.713948],[-108.218977,36.714128],[-108.219089,36.71413],[-108.219085,36.71422],[-108.218861,36.714215],[-108.218855,36.714395],[-108.218967,36.714398],[-108.218957,36.714668],[-108.218733,36.714663],[-108.21873,36.714753],[-108.219066,36.714761],[-108.219069,36.714671],[-108.219181,36.714673],[-108.219174,36.714854],[-108.219286,36.714856],[-108.219283,36.714946],[-108.219171,36.714944],[-108.219168,36.715034],[-108.219056,36.715031],[-108.219046,36.715301],[-108.218934,36.715299],[-108.218938,36.715209],[-108.218602,36.715201],[-108.218599,36.715291],[-108.218487,36.715288],[-108.218497,36.715018],[-108.218385,36.715016],[-108.218388,36.714925],[-108.218164,36.71492],[-108.218167,36.71483],[-108.217944,36.714825],[-108.217937,36.715005],[-108.217713,36.715],[-108.217707,36.71518],[-108.217595,36.715177],[-108.217601,36.714997],[-108.217266,36.714989],[-108.217272,36.714809],[-108.21716,36.714807],[-108.217157,36.714897],[-108.217045,36.714894],[-108.217048,36.714804],[-108.216713,36.714796],[-108.216709,36.714886],[-108.216933,36.714891],[-108.21693,36.714981],[-108.216818,36.714979],[-108.216815,36.715069],[-108.216927,36.715072],[-108.216924,36.715162],[-108.217035,36.715164],[-108.217032,36.715254],[-108.217256,36.71526],[-108.217249,36.71544],[-108.217361,36.715442],[-108.217358,36.715532],[-108.21747,36.715535],[-108.217467,36.715625],[-108.217691,36.71563],[-108.217694,36.71554],[-108.217806,36.715543],[-108.217802,36.715633],[-108.218026,36.715638],[-108.21802,36.715818],[-108.218244,36.715824],[-108.218247,36.715734],[-108.218359,36.715736],[-108.218355,36.715826],[-108.218467,36.715829],[-108.218464,36.715919],[-108.218576,36.715922],[-108.218579,36.715832],[-108.218803,36.715837],[-108.2188,36.715927],[-108.219135,36.715935],[-108.219139,36.715845],[-108.219362,36.71585],[-108.219359,36.71594],[-108.219695,36.715948],[-108.219698,36.715858],[-108.220034,36.715866],[-108.220031,36.715956],[-108.220254,36.715961],[-108.220258,36.715871],[-108.220705,36.715881],[-108.220712,36.715701],[-108.2206,36.715698],[-108.220603,36.715608],[-108.220491,36.715606],[-108.220494,36.715516],[-108.220606,36.715518],[-108.220616,36.715248],[-108.220728,36.715251],[-108.220718,36.715521],[-108.220942,36.715526],[-108.220939,36.715616],[-108.221163,36.715621],[-108.221159,36.715711],[-108.221383,36.715717],[-108.221393,36.715446],[-108.221281,36.715444],[-108.221278,36.715534],[-108.221166,36.715531],[-108.221169,36.715441],[-108.221057,36.715439],[-108.22106,36.715349],[-108.221172,36.715351],[-108.221176,36.715261],[-108.221287,36.715264],[-108.221294,36.715084],[-108.221518,36.715089],[-108.221515,36.715179],[-108.221626,36.715181],[-108.221623,36.715272],[-108.221847,36.715277],[-108.22184,36.715457],[-108.221952,36.71546],[-108.221949,36.71555],[-108.221837,36.715547],[-108.221834,36.715637],[-108.22161,36.715632],[-108.221604,36.715812],[-108.221716,36.715815],[-108.221712,36.715905],[-108.221936,36.71591],[-108.221926,36.71618],[-108.222038,36.716183]],[[-108.219714,36.715407],[-108.219603,36.715405],[-108.219606,36.715315],[-108.219718,36.715317],[-108.219714,36.715407]],[[-108.219606,36.715315],[-108.219382,36.715309],[-108.219385,36.715219],[-108.219609,36.715224],[-108.219606,36.715315]],[[-108.221176,36.715261],[-108.221064,36.715258],[-108.221067,36.715168],[-108.221179,36.715171],[-108.221176,36.715261]],[[-108.219385,36.715219],[-108.219273,36.715217],[-108.219277,36.715127],[-108.219388,36.715129],[-108.219385,36.715219]],[[-108.219277,36.715127],[-108.219165,36.715124],[-108.219168,36.715034],[-108.21928,36.715036],[-108.219277,36.715127]],[[-108.22163,36.715091],[-108.221518,36.715089],[-108.221524,36.714909],[-108.221636,36.714911],[-108.22163,36.715091]],[[-108.221425,36.714546],[-108.221313,36.714543],[-108.221317,36.714453],[-108.221429,36.714456],[-108.221425,36.714546]],[[-108.219303,36.714406],[-108.219191,36.714403],[-108.219194,36.714313],[-108.219306,36.714316],[-108.219303,36.714406]],[[-108.219194,36.714313],[-108.219082,36.714311],[-108.219085,36.71422],[-108.219197,36.714223],[-108.219194,36.714313]]]}},{"type":"Feature","properties":{"class":"extent","min_prob":0.5},"geometry":{"type":"Polygon","coordinates":[[[-108.324391,36.716455],[-108.324394,36.716365],[-108.323499,36.716345],[-108.323496,36.716435],[-108.324391,36.716455]]]}},{"type":"Feature","properties":{"class":"extent","min_prob":0.5},"geometry":{"type":"Polygon","coordinates":[[[-108.312529,36.716188],[-108.312532,36.716098],[-108.31242,36.716095],[-108.312417,36.716185],[-108.312529,36.716188]]]}},{"type":"Feature","properties":{"class":"extent","min_prob":0.5},"geometry":{"type":"Polygon","coordinates":[[[-108.310403,36.71614],[-108.310406,36.71605],[-108.310294,36.716047],[-108.310291,36.716137],[-108.310403,36.71614]]]}},{"type":"Feature","properties":{"class":"extent","min_prob":0.5},"geometry":{"type":"Polygon","coordinates":[[[-108.205645,36.714266],[-108.205648,36.714176],[-108.205872,36.714181],[-108.205875,36.714091],[-108.205987,36.714094],[-108.20599,36.714004],[-108.205879,36.714001],[-108.205882,36.713911],[-108.20577,36.713908],[-108.205776,36.713728],[-108.205553,36.713723],[-108.205556,36.713633],[-108.205444,36.71363],[-108.205447,36.71354],[-108.205335,36.713538],[-108.205329,36.713718],[-108.205217,36.713715],[-108.20522,36.713625],[-108.204885,36.713617],[-108.204871,36.713977],[-108.205095,36.713983],[-108.205099,36.713893],[-108.205322,36.713898],[-108.205319,36.713988],[-108.205207,36.713985],[-108.205197,36.714256],[-108.205645,36.714266]]]}},{"type":"Feature","properties":{"class":"extent","min_prob":0.5},"geometry":{"type":"Polygon","coordinates":[[[-108.317008,36.716199],[-108.317011,36.716109],[-108.316899,36.716106],[-108.316896,36.716196],[-108.317008,36.716199]]]}},{"type":"Feature","properties":{"class":"extent","min_prob":0.5},"geometry":{"type":"Polygon","coordinates":[[[-108.31298,36.716108],[-108.312983,36.716018],[-108.312871,36.716015],[-108.312868,36.716106],[-108.31298,36.716108]]]}},{"type":"Feature","properties":{"class":"extent","min_prob":0.5},"geometry":{"type":"Polygon","coordinates":[[[-108.310518,36.716052],[-108.310521,36.715962],[-108.310409,36.71596],[-108.310406,36.71605],[-108.310518,36.716052]]]}},{"type":"Feature","properties":{"class":"extent","min_prob":0.5},"geometry":{"type":"Polygon","coordinates":[[[-108.216611,36.714523],[-108.216614,36.714433],[-108.216838,36.714438],[-108.216841,36.714348],[-108.217065,36.714354],[-108.217071,36.714173],[-108.217295,36.714179],[-108.217298,36.714088],[-108.217522,36.714094],[-108.217525,36.714004],[-108.217637,36.714006],[-108.217634,36.714096],[-108.217746,36.714099],[-108.217752,36.713919],[-108.217864,36.713921],[-108.217858,36.714102],[-108.21797,36.714104],[-108.217976,36.713924],[-108.218088,36.713927],[-108.218085,36.714017],[-108.218309,36.714022],[-108.218305,36.714112],[-108.218417,36.714115],[-108.21842,36.714025],[-108.218532,36.714027],[-108.218536,36.713937],[-108.218647,36.71394],[-108.218651,36.71385],[-108.218539,36.713847],[-108.218542,36.713757],[-108.21843,36.713754],[-108.218427,36.713844],[-108.218315,36.713842],[-108.218318,36.713752],[-108.217983,36.713744],[-108.217979,36.713834],[-108.21742,36.713821],[-108.217417,36.713911],[-108.217305,36.713908],[-108.217308,36.713818],[-108.217196,36.713816],[-108.21719,36.713996],[-108.216966,36.713991],[-108.216969,36.7139],[-108.216745,36.713895],[-108.216742,36.713985],[-108.216854,36.713988],[-108.216851,36.714078],[-108.216963,36.714081],[-108.216956,36.714261],[-108.216844,36.714258],[-108.216847,36.714168],[-108.216735,36.714165],[-108.216739,36.714075],[-108.216627,36.714073],[-108.21662,36.714253],[-108.216508,36.71425],[-108.216499,36.714521],[-108.216611,36.714523]]]}},{"type":"Feature","properties":{"class":"extent","min_prob":0.5},"geometry":{"type":"Polygon","coordinates":[[[-108.312871,36.716015],[-108.312874,36.715925],[-108.312762,36.715923],[-108.312759,36.716013],[-108.312871,36.716015]]]}},{"type":"Feature","properties":{"class":"extent","min_prob":0.5},"geometry":{"type":"Polygon","coordinates":[[[-108.311192,36.715977],[-108.311195,36.715887],[-108.311083,36.715885],[-108.31108,36.715975],[-108.311192,36.715977]]]}},{"type":"Feature","properties":{"class":"extent","min_prob":0.5},"geometry":{"type":"Polygon","coordinates":[[[-108.317636,36.717475],[-108.317639,36.717385],[-108.317751,36.717388],[-108.317754,36.717298],[-108.31809,36.717305],[-108.318093,36.717215],[-108.31854,36.717225],[-108.318544,36.717135],[-108.318879,36.717143],[-108.318876,36.717233],[-108.318988,36.717235],[-108.318994,36.717055],[-108.319106,36.717058],[-108.319109,36.716968],[-108.319221,36.71697],[-108.319224,36.71688],[-108.31956,36.716888],[-108.319563,36.716798],[-108.319675,36.7168],[-108.319678,36.71671],[-108.31979,36.716713],[-108.319793,36.716622],[-108.319905,36.716625],[-108.319911,36.716445],[-108.320135,36.71645],[-108.320138,36.71636],[-108.320474,36.716367],[-108.320477,36.716277],[-108.320589,36.71628],[-108.320595,36.7161],[-108.320148,36.716089],[-108.320145,36.71618],[-108.320033,36.716177],[-108.32003,36.716267],[-108.31947,36.716254],[-108.319479,36.715984],[-108.319368,36.715982],[-108.319358,36.716252],[-108.319246,36.716249],[-108.319243,36.71634],[-108.319131,36.716337],[-108.319134,36.716247],[-108.318911,36.716242],[-108.318907,36.716332],[-108.319019,36.716334],[-108.319016,36.716425],[-108.318792,36.71642],[-108.318789,36.71651],[-108.318565,36.716505],[-108.318569,36.716414],[-108.318457,36.716412],[-108.318454,36.716502],[-108.318342,36.7165],[-108.318335,36.71668],[-108.318223,36.716677],[-108.31822,36.716767],[-108.318108,36.716765],[-108.318105,36.716855],[-108.31777,36.716847],[-108.317763,36.717027],[-108.317428,36.71702],[-108.317424,36.71711],[-108.317201,36.717105],[-108.317207,36.716925],[-108.317319,36.716927],[-108.317322,36.716837],[-108.316986,36.71683],[-108.31698,36.71701],[-108.316868,36.717007],[-108.316871,36.716917],[-108.316759,36.716915],[-108.316756,36.717005],[-108.31642,36.716997],[-108.316414,36.717177],[-108.316526,36.71718],[-108.316523,36.71727],[-108.316635,36.717273],[-108.316632,36.717363],[-108.316296,36.717355],[-108.316308,36.716995],[-108.316197,36.716992],[-108.3162,36.716902],[-108.316088,36.7169],[-108.316082,36.71708],[-108.31597,36.717077],[-108.315966,36.717167],[-108.315631,36.71716],[-108.315634,36.71707],[-108.315522,36.717067],[-108.315516,36.717247],[-108.315628,36.71725],[-108.315624,36.71734],[-108.315736,36.717342],[-108.315733,36.717433],[-108.315845,36.717435],[-108.315848,36.717345],[-108.316072,36.71735],[-108.316075,36.71726],[-108.316187,36.717262],[-108.316181,36.717443],[-108.316852,36.717458],[-108.316855,36.717368],[-108.316967,36.71737],[-108.316964,36.71746],[-108.317636,36.717475]],[[-108.317086,36.717193],[-108.316974,36.71719],[-108.316977,36.7171],[-108.317089,36.717102],[-108.317086,36.717193]]]}},{"type":"Feature","properties":{"class":"extent","min_prob":0.5},"geometry":{"type":"Polygon","coordinates":[[[-108.314776,36.715968],[-108.314779,36.715878],[-108.314668,36.715876],[-108.314664,36.715966],[-108.314776,36.715968]]]}},{"type":"Feature","properties":{"class":"extent","min_prob":0.5},"geometry":{"type":"Polygon","coordinates":[[[-108.311419,36.715892],[-108.311422,36.715802],[-108.31131,36.7158],[-108.311307,36.71589],[-108.311419,36.715892]]]}},{"type":"Feature","properties":{"class":"extent","min_prob":0.5},"geometry":{"type":"Polygon","coordinates":[[[-108.221665,36.7141],[-108.221669,36.71401],[-108.221781,36.714013],[-108.22179,36.713743],[-108.221678,36.71374],[-108.221682,36.71365],[-108.221234,36.71364],[-108.221228,36.71382],[-108.221339,36.713822],[-108.221343,36.713732],[-108.221455,36.713735],[-108.221448,36.713915],[-108.221336,36.713912],[-108.221333,36.714002],[-108.221109,36.713997],[-108.221106,36.714087],[-108.221665,36.7141]]]}},{"type":"Feature","properties":{"class":"extent","min_prob":0.5},"geometry":{"type":"Polygon","coordinates":[[[-108.324291,36.716093],[-108.324295,36.716002],[-108.324071,36.715997],[-108.324068,36.716088],[-108.324291,36.716093]]]}},{"type":"Feature","properties":{"class":"extent","min_prob":0.5},"geometry":{"type":"Polygon","coordinates":[[[-108.208363,36.713428],[-108.208366,36.713338],[-108.208254,36.713336],[-108.208251,36.713426],[-108.208363,36.713428]]]}},{"type":"Feature","properties":{"class":"extent","min_prob":0.5},"geometry":{"type":"Polygon","coordinates":[[[-108.222794,36.713856],[-108.222804,36.713586],[-108.222692,36.713583],[-108.222682,36.713854],[-108.222794,36.713856]]]}},{"type":"Feature","properties":{"class":"extent","min_prob":0.5},"geometry":{"type":"Polygon","coordinates":[[[-108.316125,36.715818],[-108.316129,36.715728],[-108.316017,36.715726],[-108.316014,36.715816],[-108.316125,36.715818]]]}},{"type":"Feature","properties":{"class":"extent","min_prob":0.5},"geometry":{"type":"Polygon","coordinates":[[[-108.307061,36.715614],[-108.307064,36.715523],[-108.307288,36.715529],[-108.307291,36.715438],[-108.307179,36.715436],[-108.307182,36.715346],[-108.307071,36.715343],[-108.307067,36.715433],[-108.306844,36.715428],[-108.30684,36.715518],[-108.306952,36.715521],[-108.306949,36.715611],[-108.307061,36.715614]]]}},{"type":"Feature","properties":{"class":"extent","min_prob":0.5},"geometry":{"type":"Polygon","coordinates":[[[-108.325979,36.71586],[-108.325983,36.71577],[-108.325759,36.715765],[-108.325756,36.715855],[-108.325979,36.71586]]]}},{"type":"Feature","properties":{"class":"extent","min_prob":0.5},"geometry":{"type":"Polygon","coordinates":[[[-108.319937,36.715724],[-108.31994,36.715634],[-108.319828,36.715631],[-108.319825,36.715721],[-108.319937,36.715724]]]}},{"type":"Feature","properties":{"class":"extent","min_prob":0.5},"geometry":{"type":"Polygon","coordinates":[[[-108.318258,36.715686],[-108.318261,36.715596],[-108.318149,36.715594],[-108.318146,36.715684],[-108.318258,36.715686]]]}},{"type":"Feature","properties":{"class":"extent","min_prob":0.5},"geometry":{"type":"Polygon","coordinates":[[[-108.303934,36.715362],[-108.303937,36.715272],[-108.303825,36.71527],[-108.303822,36.71536],[-108.303934,36.715362]]]}},{"type":"Feature","properties":{"class":"extent","min_prob":0.5},"geometry":{"type":"Polygon","coordinates":[[[-108.194149,36.713184],[-108.194156,36.713004],[-108.194268,36.713007],[-108.194281,36.712646],[-108.193945,36.712638],[-108.193942,36.712728],[-108.194166,36.712734],[-108.194159,36.712914],[-108.194047,36.712911],[-108.194044,36.713001],[-108.193932,36.712999],[-108.193929,36.713089],[-108.194041,36.713091],[-108.194038,36.713181],[-108.194149,36.713184]]]}},{"type":"Feature","properties":{"class":"extent","min_prob":0.5},"geometry":{"type":"Polygon","coordinates":[[[-108.326878,36.71579],[-108.326881,36.7157],[-108.326769,36.715697],[-108.326766,36.715788],[-108.326878,36.71579]]]}},{"type":"Feature","properties":{"class":"extent","min_prob":0.5},"geometry":{"type":"Polygon","coordinates":[[[-108.320835,36.715654],[-108.320838,36.715564],[-108.320726,36.715561],[-108.320723,36.715652],[-108.320835,36.715654]]]}},{"type":"Feature","properties":{"class":"extent","min_prob":0.5},"geometry":{"type":"Polygon","coordinates":[[[-108.327546,36.715895],[-108.327549,36.715805],[-108.327661,36.715808],[-108.327664,36.715718],[-108.327329,36.71571],[-108.327332,36.71562],[-108.32722,36.715617],[-108.327217,36.715707],[-108.326993,36.715702],[-108.326987,36.715883],[-108.327099,36.715885],[-108.327102,36.715795],[-108.327214,36.715798],[-108.32721,36.715888],[-108.327546,36.715895]]]}},{"type":"Feature","properties":{"class":"extent","min_prob":0.5},"geometry":{"type":"Polygon","coordinates":[[[-108.326657,36.715695],[-108.32666,36.715605],[-108.326548,36.715602],[-108.326545,36.715692],[-108.326657,36.715695]]]}},{"type":"Feature","properties":{"class":"extent","min_prob":0.5},"geometry":{"type":"Polygon","coordinates":[[[-108.317705,36.715493],[-108.317708,36.715403],[-108.317596,36.715401],[-108.317593,36.715491],[-108.317705,36.715493]]]}},{"type":"Feature","properties":{"class":"extent","min_prob":0.5},"geometry":{"type":"Polygon","coordinates":[[[-108.313788,36.715405],[-108.313791,36.715315],[-108.313679,36.715312],[-108.313676,36.715402],[-108.313788,36.715405]]]}},{"type":"Feature","properties":{"class":"extent","min_prob":0.5},"geometry":{"type":"Polygon","coordinates":[[[-108.327879,36.715993],[-108.327882,36.715903],[-108.328441,36.715915],[-108.328445,36.715825],[-108.32878,36.715833],[-108.328777,36.715923],[-108.329225,36.715933],[-108.329231,36.715753],[-108.329119,36.71575],[-108.329122,36.71566],[-108.328787,36.715653],[-108.32879,36.715562],[-108.328678,36.71556],[-108.328675,36.71565],[-108.328451,36.715645],[-108.328448,36.715735],[-108.328112,36.715728],[-108.328115,36.715637],[-108.327779,36.71563],[-108.327773,36.71581],[-108.327661,36.715808],[-108.327655,36.715988],[-108.327879,36.715993]],[[-108.328109,36.715818],[-108.327885,36.715813],[-108.327888,36.715723],[-108.328112,36.715728],[-108.328109,36.715818]]]}},{"type":"Feature","properties":{"class":"extent","min_prob":0.5},"geometry":{"type":"Polygon","coordinates":[[[-108.328227,36.71564],[-108.32823,36.71555],[-108.328118,36.715547],[-108.328115,36.715637],[-108.328227,36.71564]]]}},{"type":"Feature","properties":{"class":"extent","min_prob":0.5},"geometry":{"type":"Polygon","coordinates":[[[-108.327108,36.715615],[-108.327111,36.715525],[-108.326999,36.715522],[-108.326996,36.715612],[-108.327108,36.715615]]]}},{"type":"Feature","properties":{"class":"extent","min_prob":0.5},"geometry":{"type":"Polygon","coordinates":[[[-108.329458,36.715668],[-108.329464,36.715487],[-108.329352,36.715485],[-108.329349,36.715575],[-108.329125,36.71557],[-108.329122,36.71566],[-108.329458,36.715668]]]}},{"type":"Feature","properties":{"class":"extent","min_prob":0.5},"geometry":{"type":"Polygon","coordinates":[[[-108.31357,36.71522],[-108.313574,36.71513],[-108.313462,36.715127],[-108.313459,36.715217],[-108.31357,36.71522]]]}},{"type":"Feature","properties":{"class":"extent","min_prob":0.5},"geometry":{"type":"Polygon","coordinates":[[[-108.325174,36.716473],[-108.325177,36.716383],[-108.325065,36.71638],[-108.325069,36.71629],[-108.325181,36.716293],[-108.325184,36.716203],[-108.325519,36.71621],[-108.325522,36.71612],[-108.325634,36.716123],[-108.325638,36.716033],[-108.325749,36.716035],[-108.325756,36.715855],[-108.325644,36.715852],[-108.325647,36.715762],[-108.325759,36.715765],[-108.325762,36.715675],[-108.325986,36.71568],[-108.325983,36.71577],[-108.326095,36.715772],[-108.326098,36.715682],[-108.32621,36.715685],[-108.326216,36.715505],[-108.326328,36.715507],[-108.326318,36.715777],[-108.32643,36.71578],[-108.326443,36.71542],[-108.325995,36.71541],[-108.325998,36.715319],[-108.325886,36.715317],[-108.32588,36.715497],[-108.325768,36.715495],[-108.325765,36.715585],[-108.325653,36.715582],[-108.32565,36.715672],[-108.325426,36.715667],[-108.325423,36.715757],[-108.325535,36.71576],[-108.325532,36.71585],[-108.325084,36.71584],[-108.325087,36.71575],[-108.324975,36.715747],[-108.324972,36.715837],[-108.32486,36.715835],[-108.324857,36.715925],[-108.324745,36.715922],[-108.324739,36.716103],[-108.324627,36.7161],[-108.32463,36.71601],[-108.324518,36.716007],[-108.324512,36.716188],[-108.3244,36.716185],[-108.324397,36.716275],[-108.324509,36.716278],[-108.324503,36.716458],[-108.325174,36.716473]]]}},{"type":"Feature","properties":{"class":"extent","min_prob":0.5},"geometry":{"type":"Polygon","coordinates":[[[-108.326555,36.715422],[-108.326558,36.715332],[-108.326446,36.715329],[-108.326443,36.71542],[-108.326555,36.715422]]]}},{"type":"Feature","properties":{"class":"extent","min_prob":0.5},"geometry":{"type":"Polygon","coordinates":[[[-108.3251,36.715389],[-108.325103,36.715299],[-108.324991,36.715297],[-108.324988,36.715387],[-108.3251,36.715389]]]}},{"type":"Feature","properties":{"class":"extent","min_prob":0.5},"geometry":{"type":"Polygon","coordinates":[[[-108.324093,36.715367],[-108.324096,36.715277],[-108.323984,36.715274],[-108.323981,36.715364],[-108.324093,36.715367]]]}},{"type":"Feature","properties":{"class":"extent","min_prob":0.5},"geometry":{"type":"Polygon","coordinates":[[[-108.314133,36.715142],[-108.314136,36.715052],[-108.314024,36.71505],[-108.314021,36.71514],[-108.314133,36.715142]]]}},{"type":"Feature","properties":{"class":"extent","min_prob":0.5},"geometry":{"type":"Polygon","coordinates":[[[-108.313909,36.715137],[-108.313912,36.715047],[-108.313801,36.715045],[-108.313797,36.715135],[-108.313909,36.715137]]]}},{"type":"Feature","properties":{"class":"extent","min_prob":0.5},"geometry":{"type":"Polygon","coordinates":[[[-108.313126,36.71512],[-108.313129,36.715029],[-108.313017,36.715027],[-108.313014,36.715117],[-108.313126,36.71512]]]}},{"type":"Feature","properties":{"class":"extent","min_prob":0.5},"geometry":{"type":"Polygon","coordinates":[[[-108.306729,36.715516],[-108.306735,36.715336],[-108.306623,36.715333],[-108.306629,36.715153],[-108.306517,36.71515],[-108.306524,36.71497],[-108.306635,36.714973],[-108.306639,36.714883],[-108.306415,36.714878],[-108.306412,36.714968],[-108.3063,36.714965],[-108.306297,36.715055],[-108.306409,36.715058],[-108.306405,36.715148],[-108.306293,36.715145],[-108.306287,36.715326],[-108.306175,36.715323],[-108.306172,36.715413],[-108.306508,36.715421],[-108.306505,36.715511],[-108.306729,36.715516]]]}},{"type":"Feature","properties":{"class":"extent","min_prob":0.5},"geometry":{"type":"Polygon","coordinates":[[[-108.312905,36.715024],[-108.312908,36.714934],[-108.312797,36.714932],[-108.312793,36.715022],[-108.312905,36.715024]]]}},{"type":"Feature","properties":{"class":"extent","min_prob":0.5},"geometry":{"type":"Polygon","coordinates":[[[-108.308541,36.714926],[-108.308544,36.714836],[-108.308432,36.714833],[-108.308429,36.714923],[-108.308541,36.714926]]]}},{"type":"Feature","properties":{"class":"extent","min_prob":0.5},"geometry":{"type":"Polygon","coordinates":[[[-108.299819,36.714548],[-108.299822,36.714458],[-108.29971,36.714455],[-108.299707,36.714545],[-108.299819,36.714548]]]}},{"type":"Feature","properties":{"class":"extent","min_prob":0.5},"geometry":{"type":"Polygon","coordinates":[[[-108.219924,36.712707],[-108.219927,36.712617],[-108.219815,36.712615],[-108.219812,36.712705],[-108.219924,36.712707]]]}},{"type":"Feature","properties":{"class":"extent","min_prob":0.5},"geometry":{"type":"Polygon","coordinates":[[[-108.193916,36.713449],[-108.193919,36.713359],[-108.194031,36.713362],[-108.194038,36.713181],[-108.193814,36.713176],[-108.193843,36.712365],[-108.194067,36.712371],[-108.194074,36.71219],[-108.194186,36.712193],[-108.194189,36.712103],[-108.194301,36.712106],[-108.194304,36.712016],[-108.19408,36.71201],[-108.194077,36.7121],[-108.193853,36.712095],[-108.193856,36.712005],[-108.193745,36.712002],[-108.193748,36.711912],[-108.193636,36.71191],[-108.193629,36.71209],[-108.193517,36.712087],[-108.193514,36.712177],[-108.19329,36.712172],[-108.193287,36.712262],[-108.193063,36.712257],[-108.19306,36.712347],[-108.192948,36.712344],[-108.192945,36.712434],[-108.192833,36.712432],[-108.192817,36.712882],[-108.192929,36.712885],[-108.192932,36.712795],[-108.193044,36.712797],[-108.193047,36.712707],[-108.193271,36.712712],[-108.193274,36.712622],[-108.193498,36.712628],[-108.193501,36.712538],[-108.193613,36.71254],[-108.19361,36.71263],[-108.193722,36.712633],[-108.193692,36.713444],[-108.193916,36.713449]]]}},{"type":"Feature","properties":{"class":"extent","min_prob":0.5},"geometry":{"type":"Polygon","coordinates":[[[-108.328917,36.715115],[-108.32892,36.715024],[-108.328808,36.715022],[-108.328805,36.715112],[-108.328917,36.715115]]]}},{"type":"Feature","properties":{"class":"extent","min_prob":0.5},"geometry":{"type":"Polygon","coordinates":[[[-108.219815,36.712615],[-108.219818,36.712525],[-108.219706,36.712522],[-108.219703,36.712612],[-108.219815,36.712615]]]}},{"type":"Feature","properties":{"class":"extent","min_prob":0.5},"geometry":{"type":"Polygon","coordinates":[[[-108.219706,36.712522],[-108.21971,36.712432],[-108.219598,36.712429],[-108.219595,36.712519],[-108.219706,36.712522]]]}},{"type":"Feature","properties":{"class":"extent","min_prob":0.5},"geometry":{"type":"Polygon","coordinates":[[[-108.304525,36.714474],[-108.304531,36.714294],[-108.304419,36.714291],[-108.304413,36.714472],[-108.304525,36.714474]]]}},{"type":"Feature","properties":{"class":"extent","min_prob":0.5},"geometry":{"type":"Polygon","coordinates":[[[-108.303857,36.714369],[-108.30386,36.714279],[-108.3033,36.714266],[-108.303297,36.714356],[-108.303857,36.714369]]]}},{"type":"Feature","properties":{"class":"extent","min_prob":0.5},"geometry":{"type":"Polygon","coordinates":[[[-108.300043,36.714553],[-108.300058,36.714102],[-108.299946,36.7141],[-108.299943,36.71419],[-108.299831,36.714187],[-108.299835,36.714097],[-108.299723,36.714095],[-108.29972,36.714185],[-108.299608,36.714182],[-108.299601,36.714362],[-108.299825,36.714368],[-108.299822,36.714458],[-108.299934,36.71446],[-108.299931,36.71455],[-108.300043,36.714553]]]}},{"type":"Feature","properties":{"class":"extent","min_prob":0.5},"geometry":{"type":"Polygon","coordinates":[[[-108.306434,36.714337],[-108.306437,36.714247],[-108.306325,36.714244],[-108.306322,36.714335],[-108.306434,36.714337]]]}},{"type":"Feature","properties":{"class":"extent","min_prob":0.5},"geometry":{"type":"Polygon","coordinates":[[[-108.203252,36.712316],[-108.203255,36.712226],[-108.203367,36.712229],[-108.203374,36.712049],[-108.203485,36.712051],[-108.203492,36.711871],[-108.20338,36.711869],[-108.203383,36.711779],[-108.203272,36.711776],[-108.203268,36.711866],[-108.203156,36.711863],[-108.203153,36.711953],[-108.203265,36.711956],[-108.203262,36.712046],[-108.203038,36.712041],[-108.203031,36.712221],[-108.203143,36.712224],[-108.20314,36.712314],[-108.203252,36.712316]]]}},{"type":"Feature","properties":{"class":"extent","min_prob":0.5},"geometry":{"type":"Polygon","coordinates":[[[-108.299946,36.7141],[-108.29995,36.71401],[-108.299838,36.714007],[-108.299835,36.714097],[-108.299946,36.7141]]]}},{"type":"Feature","properties":{"class":"extent","min_prob":0.5},"geometry":{"type":"Polygon","coordinates":[[[-108.302293,36.714243],[-108.3023,36.714063],[-108.302188,36.71406],[-108.302191,36.71397],[-108.302079,36.713968],[-108.302073,36.714148],[-108.302185,36.714151],[-108.302181,36.714241],[-108.302293,36.714243]]]}},{"type":"Feature","properties":{"class":"extent","min_prob":0.5},"geometry":{"type":"Polygon","coordinates":[[[-108.30465,36.714116],[-108.304653,36.714026],[-108.304541,36.714024],[-108.304538,36.714114],[-108.30465,36.714116]]]}},{"type":"Feature","properties":{"class":"extent","min_prob":0.5},"geometry":{"type":"Polygon","coordinates":[[[-108.203936,36.711972],[-108.203943,36.711792],[-108.204055,36.711794],[-108.204065,36.711524],[-108.203953,36.711521],[-108.203949,36.711612],[-108.203837,36.711609],[-108.203834,36.711699],[-108.203722,36.711696],[-108.203729,36.711516],[-108.203505,36.711511],[-108.203499,36.711691],[-108.20361,36.711694],[-108.203604,36.711874],[-108.203828,36.711879],[-108.203824,36.711969],[-108.203936,36.711972]]]}},{"type":"Feature","properties":{"class":"extent","min_prob":0.5},"geometry":{"type":"Polygon","coordinates":[[[-108.244787,36.712655],[-108.244793,36.712474],[-108.244681,36.712472],[-108.244675,36.712652],[-108.244787,36.712655]]]}},{"type":"Feature","properties":{"class":"extent","min_prob":0.5},"geometry":{"type":"Polygon","coordinates":[[[-108.31316,36.714129],[-108.313164,36.714038],[-108.313052,36.714036],[-108.313049,36.714126],[-108.31316,36.714129]]]}},{"type":"Feature","properties":{"class":"extent","min_prob":0.5},"geometry":{"type":"Polygon","coordinates":[[[-108.300068,36.713832],[-108.300071,36.713742],[-108.299959,36.713739],[-108.299956,36.71383],[-108.300068,36.713832]]]}},{"type":"Feature","properties":{"class":"extent","min_prob":0.5},"geometry":{"type":"Polygon","coordinates":[[[-108.304211,36.713836],[-108.304215,36.713746],[-108.304103,36.713743],[-108.304099,36.713833],[-108.304211,36.713836]]]}},{"type":"Feature","properties":{"class":"extent","min_prob":0.5},"geometry":{"type":"Polygon","coordinates":[[[-108.303988,36.713831],[-108.303991,36.713741],[-108.303767,36.713736],[-108.303764,36.713826],[-108.303988,36.713831]]]}},{"type":"Feature","properties":{"class":"extent","min_prob":0.5},"geometry":{"type":"Polygon","coordinates":[[[-108.303652,36.713823],[-108.303655,36.713733],[-108.303543,36.713731],[-108.30354,36.713821],[-108.303652,36.713823]]]}},{"type":"Feature","properties":{"class":"extent","min_prob":0.5},"geometry":{"type":"Polygon","coordinates":[[[-108.302197,36.71379],[-108.3022,36.7137],[-108.302088,36.713698],[-108.302085,36.713788],[-108.302197,36.71379]]]}},{"type":"Feature","properties":{"class":"extent","min_prob":0.5},"geometry":{"type":"Polygon","coordinates":[[[-108.2994,36.713727],[-108.299403,36.713637],[-108.299291,36.713634],[-108.299288,36.713724],[-108.2994,36.713727]]]}},{"type":"Feature","properties":{"class":"extent","min_prob":0.5},"geometry":{"type":"Polygon","coordinates":[[[-108.307795,36.713827],[-108.307799,36.713737],[-108.307687,36.713734],[-108.307684,36.713824],[-108.307795,36.713827]]]}},{"type":"Feature","properties":{"class":"extent","min_prob":0.5},"geometry":{"type":"Polygon","coordinates":[[[-108.299959,36.713739],[-108.299969,36.713469],[-108.299857,36.713467],[-108.299847,36.713737],[-108.299959,36.713739]]]}},{"type":"Feature","properties":{"class":"extent","min_prob":0.5},"geometry":{"type":"Polygon","coordinates":[[[-108.308246,36.713747],[-108.308249,36.713657],[-108.308137,36.713654],[-108.308134,36.713744],[-108.308246,36.713747]]]}},{"type":"Feature","properties":{"class":"extent","min_prob":0.5},"geometry":{"type":"Polygon","coordinates":[[[-108.302092,36.713608],[-108.302095,36.713517],[-108.301983,36.713515],[-108.30198,36.713605],[-108.302092,36.713608]]]}},{"type":"Feature","properties":{"class":"extent","min_prob":0.5},"geometry":{"type":"Polygon","coordinates":[[[-108.308016,36.713922],[-108.308029,36.713562],[-108.307917,36.713559],[-108.307914,36.713649],[-108.307802,36.713647],[-108.307799,36.713737],[-108.30791,36.713739],[-108.307904,36.71392],[-108.308016,36.713922]]]}},{"type":"Feature","properties":{"class":"extent","min_prob":0.5},"geometry":{"type":"Polygon","coordinates":[[[-108.313145,36.714579],[-108.313151,36.714399],[-108.312927,36.714394],[-108.31293,36.714304],[-108.313042,36.714306],[-108.313049,36.714126],[-108.312825,36.714121],[-108.312828,36.714031],[-108.312492,36.714023],[-108.312495,36.713933],[-108.312719,36.713938],[-108.312725,36.713758],[-108.312614,36.713756],[-108.312617,36.713665],[-108.312393,36.71366],[-108.31239,36.71375],[-108.312278,36.713748],[-108.312268,36.714018],[-108.31238,36.714021],[-108.312377,36.714111],[-108.312489,36.714113],[-108.312483,36.714294],[-108.312595,36.714296],[-108.312585,36.714566],[-108.313145,36.714579]],[[-108.312498,36.713843],[-108.312387,36.713841],[-108.31239,36.71375],[-108.312502,36.713753],[-108.312498,36.713843]]]}},{"type":"Feature","properties":{"class":"extent","min_prob":0.5},"geometry":{"type":"Polygon","coordinates":[[[-108.245139,36.712212],[-108.245142,36.712122],[-108.24503,36.712119],[-108.245027,36.712209],[-108.245139,36.712212]]]}},{"type":"Feature","properties":{"class":"extent","min_prob":0.5},"geometry":{"type":"Polygon","coordinates":[[[-108.220898,36.713632],[-108.220902,36.713542],[-108.221125,36.713547],[-108.221132,36.713367],[-108.22102,36.713364],[-108.221017,36.713454],[-108.220681,36.713446],[-108.220691,36.713176],[-108.220467,36.713171],[-108.220473,36.712991],[-108.220362,36.712988],[-108.220365,36.712898],[-108.220253,36.712895],[-108.220259,36.712715],[-108.220148,36.712713],[-108.220144,36.712803],[-108.220032,36.7128],[-108.220036,36.71271],[-108.219924,36.712707],[-108.219921,36.712797],[-108.219697,36.712792],[-108.219703,36.712612],[-108.219479,36.712607],[-108.219483,36.712517],[-108.219371,36.712514],[-108.219374,36.712424],[-108.219486,36.712427],[-108.219489,36.712336],[-108.219265,36.712331],[-108.219269,36.712241],[-108.219381,36.712244],[-108.219384,36.712154],[-108.21916,36.712148],[-108.219163,36.712058],[-108.219051,36.712056],[-108.219055,36.711966],[-108.218943,36.711963],[-108.218933,36.712233],[-108.218821,36.712231],[-108.218824,36.712141],[-108.218712,36.712138],[-108.218716,36.712048],[-108.218828,36.712051],[-108.218834,36.71187],[-108.218722,36.711868],[-108.218725,36.711778],[-108.218502,36.711772],[-108.218505,36.711682],[-108.218057,36.711672],[-108.218061,36.711582],[-108.217949,36.711579],[-108.217952,36.711489],[-108.21784,36.711486],[-108.217843,36.711396],[-108.217731,36.711394],[-108.217728,36.711484],[-108.217057,36.711468],[-108.217054,36.711558],[-108.216718,36.71155],[-108.216711,36.711731],[-108.216823,36.711733],[-108.21682,36.711823],[-108.216932,36.711826],[-108.216929,36.711916],[-108.217264,36.711924],[-108.217255,36.712194],[-108.217478,36.712199],[-108.217475,36.712289],[-108.217587,36.712292],[-108.217584,36.712382],[-108.217808,36.712387],[-108.217804,36.712477],[-108.217916,36.71248],[-108.217913,36.71257],[-108.218137,36.712575],[-108.218133,36.712665],[-108.218357,36.712671],[-108.218361,36.712581],[-108.218472,36.712583],[-108.218476,36.712493],[-108.218588,36.712496],[-108.218584,36.712586],[-108.218696,36.712588],[-108.218693,36.712679],[-108.218805,36.712681],[-108.218802,36.712771],[-108.218578,36.712766],[-108.218575,36.712856],[-108.218463,36.712853],[-108.218453,36.713124],[-108.218341,36.713121],[-108.218338,36.713211],[-108.219121,36.713229],[-108.219118,36.71332],[-108.21923,36.713322],[-108.219226,36.713412],[-108.219674,36.713423],[-108.219671,36.713513],[-108.220006,36.713521],[-108.220003,36.713611],[-108.220898,36.713632]],[[-108.219154,36.712329],[-108.219042,36.712326],[-108.219048,36.712146],[-108.21916,36.712148],[-108.219154,36.712329]],[[-108.218719,36.711958],[-108.218607,36.711955],[-108.21861,36.711865],[-108.218722,36.711868],[-108.218719,36.711958]]]}},{"type":"Feature","properties":{"class":"extent","min_prob":0.5},"geometry":{"type":"Polygon","coordinates":[[[-108.312837,36.713761],[-108.312844,36.71358],[-108.312732,36.713578],[-108.312725,36.713758],[-108.312837,36.713761]]]}},{"type":"Feature","properties":{"class":"extent","min_prob":0.5},"geometry":{"type":"Polygon","coordinates":[[[-108.299297,36.713454],[-108.299303,36.713274],[-108.299192,36.713271],[-108.299185,36.713451],[-108.299297,36.713454]]]}},{"type":"Feature","properties":{"class":"extent","min_prob":0.5},"geometry":{"type":"Polygon","coordinates":[[[-108.200107,36.715669],[-108.20011,36.715579],[-108.200222,36.715581],[-108.200225,36.715491],[-108.200001,36.715486],[-108.200011,36.715216],[-108.199899,36.715213],[-108.199906,36.715033],[-108.199794,36.71503],[-108.199807,36.71467],[-108.200031,36.714675],[-108.200037,36.714495],[-108.200149,36.714498],[-108.200156,36.714317],[-108.200268,36.71432],[-108.200277,36.71405],[-108.200389,36.714052],[-108.200393,36.713962],[-108.200169,36.713957],[-108.200165,36.714047],[-108.199942,36.714042],[-108.199938,36.714132],[-108.199826,36.714129],[-108.199823,36.714219],[-108.199711,36.714217],[-108.199708,36.714307],[-108.199596,36.714304],[-108.19959,36.714484],[-108.199478,36.714482],[-108.199471,36.714662],[-108.199359,36.714659],[-108.199356,36.714749],[-108.198908,36.714739],[-108.198912,36.714649],[-108.1988,36.714646],[-108.198803,36.714556],[-108.198691,36.714553],[-108.198721,36.713743],[-108.198609,36.71374],[-108.198625,36.71329],[-108.198737,36.713292],[-108.198744,36.713112],[-108.198967,36.713117],[-108.198971,36.713027],[-108.199418,36.713038],[-108.199415,36.713128],[-108.199639,36.713133],[-108.199642,36.713043],[-108.199978,36.713051],[-108.199981,36.712961],[-108.200428,36.712971],[-108.200425,36.713061],[-108.200313,36.713059],[-108.2003,36.713419],[-108.200412,36.713422],[-108.200406,36.713602],[-108.200517,36.713605],[-108.200514,36.713695],[-108.200626,36.713697],[-108.200623,36.713787],[-108.200847,36.713793],[-108.20085,36.713703],[-108.200962,36.713705],[-108.200959,36.713795],[-108.20107,36.713798],[-108.201074,36.713708],[-108.201186,36.71371],[-108.201189,36.71362],[-108.201636,36.713631],[-108.20164,36.713541],[-108.201752,36.713543],[-108.201755,36.713453],[-108.201979,36.713459],[-108.201982,36.713369],[-108.202094,36.713371],[-108.2021,36.713191],[-108.202212,36.713194],[-108.202206,36.713374],[-108.202318,36.713376],[-108.202324,36.713196],[-108.202548,36.713202],[-108.202545,36.713292],[-108.202768,36.713297],[-108.202772,36.713207],[-108.202884,36.713209],[-108.20289,36.713029],[-108.203114,36.713035],[-108.203117,36.712944],[-108.203453,36.712952],[-108.203456,36.712862],[-108.203344,36.71286],[-108.203347,36.71277],[-108.202788,36.712756],[-108.202785,36.712846],[-108.202673,36.712844],[-108.202679,36.712664],[-108.202791,36.712666],[-108.202795,36.712576],[-108.202459,36.712568],[-108.202452,36.712748],[-108.202564,36.712751],[-108.202558,36.712931],[-108.202446,36.712929],[-108.202449,36.712839],[-108.202225,36.712833],[-108.202222,36.712923],[-108.20211,36.712921],[-108.202113,36.712831],[-108.201778,36.712823],[-108.201781,36.712733],[-108.201333,36.712722],[-108.201347,36.712362],[-108.201235,36.712359],[-108.201238,36.712269],[-108.201014,36.712264],[-108.201004,36.712534],[-108.200892,36.712531],[-108.200883,36.712802],[-108.200771,36.712799],[-108.200774,36.712709],[-108.200662,36.712706],[-108.200659,36.712796],[-108.200547,36.712794],[-108.200553,36.712614],[-108.200665,36.712616],[-108.200678,36.712256],[-108.200455,36.712251],[-108.200468,36.71189],[-108.200915,36.711901],[-108.200919,36.711811],[-108.200807,36.711808],[-108.200823,36.711358],[-108.200375,36.711347],[-108.200379,36.711257],[-108.200491,36.71126],[-108.200494,36.71117],[-108.200606,36.711172],[-108.200612,36.710992],[-108.200389,36.710987],[-108.200385,36.711077],[-108.199938,36.711066],[-108.199931,36.711247],[-108.200043,36.711249],[-108.20004,36.711339],[-108.199816,36.711334],[-108.199813,36.711424],[-108.199925,36.711427],[-108.199921,36.711517],[-108.199809,36.711514],[-108.199806,36.711604],[-108.20003,36.71161],[-108.200033,36.711519],[-108.200257,36.711525],[-108.20026,36.711435],[-108.200372,36.711437],[-108.200369,36.711527],[-108.200481,36.71153],[-108.200474,36.71171],[-108.200362,36.711708],[-108.200356,36.711888],[-108.200244,36.711885],[-108.200241,36.711975],[-108.200017,36.71197],[-108.200014,36.71206],[-108.200126,36.712063],[-108.200119,36.712243],[-108.200007,36.71224],[-108.199997,36.71251],[-108.199773,36.712505],[-108.19978,36.712325],[-108.199444,36.712317],[-108.199441,36.712407],[-108.199329,36.712404],[-108.199336,36.712224],[-108.199448,36.712227],[-108.199454,36.712047],[-108.199566,36.712049],[-108.199569,36.711959],[-108.199457,36.711957],[-108.199461,36.711867],[-108.199237,36.711861],[-108.19924,36.711771],[-108.199016,36.711766],[-108.199013,36.711856],[-108.199125,36.711859],[-108.199115,36.712129],[-108.198891,36.712124],[-108.198888,36.712214],[-108.198776,36.712211],[-108.19878,36.712121],[-108.198668,36.712118],[-108.198658,36.712389],[-108.198434,36.712383],[-108.198431,36.712473],[-108.198319,36.712471],[-108.198316,36.712561],[-108.198651,36.712569],[-108.198655,36.712479],[-108.198878,36.712484],[-108.198882,36.712394],[-108.199105,36.712399],[-108.199102,36.712489],[-108.199326,36.712495],[-108.199323,36.712585],[-108.199435,36.712587],[-108.199431,36.712677],[-108.198872,36.712664],[-108.198869,36.712754],[-108.198309,36.712741],[-108.198293,36.713192],[-108.198181,36.713189],[-108.198178,36.713279],[-108.198289,36.713282],[-108.19828,36.713552],[-108.198168,36.713549],[-108.198164,36.713639],[-108.198276,36.713642],[-108.19826,36.714092],[-108.198148,36.71409],[-108.198145,36.71418],[-108.198257,36.714182],[-108.198237,36.714723],[-108.198349,36.714726],[-108.198346,36.714816],[-108.198234,36.714813],[-108.198231,36.714903],[-108.198342,36.714906],[-108.198339,36.714996],[-108.198451,36.714998],[-108.198458,36.714818],[-108.198793,36.714826],[-108.19879,36.714916],[-108.198902,36.714919],[-108.198892,36.715189],[-108.199228,36.715197],[-108.199224,36.715287],[-108.199336,36.71529],[-108.199333,36.71538],[-108.199445,36.715383],[-108.199438,36.715563],[-108.199998,36.715576],[-108.199995,36.715666],[-108.200107,36.715669]]]}},{"type":"Feature","properties":{"class":"extent","min_prob":0.5},"geometry":{"type":"Polygon","coordinates":[[[-108.311498,36.71364],[-108.311501,36.71355],[-108.311389,36.713548],[-108.311386,36.713638],[-108.311498,36.71364]]]}},{"type":"Feature","properties":{"class":"extent","min_prob":0.5},"geometry":{"type":"Polygon","coordinates":[[[-108.307469,36.713549],[-108.307472,36.713459],[-108.307248,36.713454],[-108.307245,36.713544],[-108.307469,36.713549]]]}},{"type":"Feature","properties":{"class":"extent","min_prob":0.5},"geometry":{"type":"Polygon","coordinates":[[[-108.304112,36.713473],[-108.304115,36.713383],[-108.30378,36.713375],[-108.303776,36.713465],[-108.304112,36.713473]]]}},{"type":"Feature","properties":{"class":"extent","min_prob":0.5},"geometry":{"type":"Polygon","coordinates":[[[-108.217057,36.711468],[-108.217063,36.711288],[-108.216951,36.711285],[-108.216945,36.711466],[-108.217057,36.711468]]]}},{"type":"Feature","properties":{"class":"extent","min_prob":0.5},"geometry":{"type":"Polygon","coordinates":[[[-108.312732,36.713578],[-108.312735,36.713488],[-108.312623,36.713485],[-108.31262,36.713575],[-108.312732,36.713578]]]}},{"type":"Feature","properties":{"class":"extent","min_prob":0.5},"geometry":{"type":"Polygon","coordinates":[[[-108.217287,36.711293],[-108.21729,36.711203],[-108.217178,36.711201],[-108.217175,36.711291],[-108.217287,36.711293]]]}},{"type":"Feature","properties":{"class":"extent","min_prob":0.5},"geometry":{"type":"Polygon","coordinates":[[[-108.198556,36.712116],[-108.198562,36.711936],[-108.198674,36.711938],[-108.198687,36.711578],[-108.198799,36.711581],[-108.198802,36.71149],[-108.198691,36.711488],[-108.198694,36.711398],[-108.198806,36.7114],[-108.198819,36.71104],[-108.199043,36.711045],[-108.199049,36.710865],[-108.199273,36.71087],[-108.199276,36.71078],[-108.199164,36.710778],[-108.199168,36.710688],[-108.198384,36.710669],[-108.198371,36.71103],[-108.198707,36.711037],[-108.1987,36.711218],[-108.198477,36.711212],[-108.198473,36.711302],[-108.198361,36.7113],[-108.198358,36.71139],[-108.198246,36.711387],[-108.198243,36.711477],[-108.198467,36.711483],[-108.198464,36.711573],[-108.198352,36.71157],[-108.198345,36.71175],[-108.198457,36.711753],[-108.198454,36.711843],[-108.19823,36.711838],[-108.198227,36.711928],[-108.198339,36.71193],[-108.198335,36.71202],[-108.198447,36.712023],[-108.198444,36.712113],[-108.198556,36.712116]]]}},{"type":"Feature","properties":{"class":"extent","min_prob":0.5},"geometry":{"type":"Polygon","coordinates":[[[-108.312626,36.713395],[-108.312629,36.713305],[-108.312517,36.713303],[-108.312514,36.713393],[-108.312626,36.713395]]]}},{"type":"Feature","properties":{"class":"extent","min_prob":0.5},"geometry":{"type":"Polygon","coordinates":[[[-108.301995,36.713155],[-108.301999,36.713064],[-108.301775,36.713059],[-108.301772,36.713149],[-108.301995,36.713155]]]}},{"type":"Feature","properties":{"class":"extent","min_prob":0.5},"geometry":{"type":"Polygon","coordinates":[[[-108.24504,36.711849],[-108.245043,36.711759],[-108.244931,36.711756],[-108.244928,36.711846],[-108.24504,36.711849]]]}},{"type":"Feature","properties":{"class":"extent","min_prob":0.5},"geometry":{"type":"Polygon","coordinates":[[[-108.306347,36.713614],[-108.30635,36.713524],[-108.306574,36.713529],[-108.306577,36.713439],[-108.306689,36.713441],[-108.306692,36.713351],[-108.30658,36.713349],[-108.306587,36.713168],[-108.306475,36.713166],[-108.306478,36.713076],[-108.306254,36.713071],[-108.306245,36.713341],[-108.306356,36.713343],[-108.306353,36.713434],[-108.306241,36.713431],[-108.306235,36.713611],[-108.306347,36.713614]]]}},{"type":"Feature","properties":{"class":"extent","min_prob":0.5},"geometry":{"type":"Polygon","coordinates":[[[-108.302424,36.713705],[-108.30243,36.713525],[-108.302654,36.71353],[-108.302664,36.71326],[-108.302552,36.713257],[-108.302555,36.713167],[-108.302667,36.71317],[-108.30267,36.71308],[-108.302446,36.713075],[-108.302449,36.712984],[-108.302114,36.712977],[-108.302104,36.713247],[-108.302216,36.71325],[-108.302213,36.71334],[-108.302101,36.713337],[-108.302095,36.713517],[-108.302207,36.71352],[-108.3022,36.7137],[-108.302424,36.713705]],[[-108.302328,36.713252],[-108.302216,36.71325],[-108.302219,36.71316],[-108.302331,36.713162],[-108.302328,36.713252]]]}},{"type":"Feature","properties":{"class":"extent","min_prob":0.5},"geometry":{"type":"Polygon","coordinates":[[[-108.297625,36.713236],[-108.297631,36.713055],[-108.297743,36.713058],[-108.29775,36.712878],[-108.297414,36.71287],[-108.297411,36.71296],[-108.297523,36.712963],[-108.297513,36.713233],[-108.297625,36.713236]]]}},{"type":"Feature","properties":{"class":"extent","min_prob":0.5},"geometry":{"type":"Polygon","coordinates":[[[-108.230382,36.711509],[-108.230388,36.711328],[-108.230276,36.711326],[-108.23027,36.711506],[-108.230382,36.711509]]]}},{"type":"Feature","properties":{"class":"extent","min_prob":0.5},"geometry":{"type":"Polygon","coordinates":[[[-108.304908,36.71313],[-108.304911,36.71304],[-108.304799,36.713038],[-108.304796,36.713128],[-108.304908,36.71313]]]}},{"type":"Feature","properties":{"class":"extent","min_prob":0.5},"geometry":{"type":"Polygon","coordinates":[[[-108.299649,36.713011],[-108.299652,36.712921],[-108.29954,36.712918],[-108.299537,36.713009],[-108.299649,36.713011]]]}},{"type":"Feature","properties":{"class":"extent","min_prob":0.5},"geometry":{"type":"Polygon","coordinates":[[[-108.244931,36.711756],[-108.244934,36.711666],[-108.244822,36.711664],[-108.244819,36.711754],[-108.244931,36.711756]]]}},{"type":"Feature","properties":{"class":"extent","min_prob":0.5},"geometry":{"type":"Polygon","coordinates":[[[-108.229822,36.711496],[-108.229832,36.711225],[-108.22972,36.711223],[-108.22971,36.711493],[-108.229822,36.711496]]]}},{"type":"Feature","properties":{"class":"extent","min_prob":0.5},"geometry":{"type":"Polygon","coordinates":[[[-108.30769,36.713644],[-108.307693,36.713554],[-108.307917,36.713559],[-108.30792,36.713469],[-108.308032,36.713472],[-108.308029,36.713562],[-108.308364,36.713569],[-108.308368,36.713479],[-108.308703,36.713487],[-108.308706,36.713397],[-108.308818,36.713399],[-108.308825,36.713219],[-108.308713,36.713217],[-108.30871,36.713307],[-108.308598,36.713304],[-108.308594,36.713394],[-108.308483,36.713392],[-108.308486,36.713302],[-108.308374,36.713299],[-108.308377,36.713209],[-108.308489,36.713211],[-108.308492,36.713121],[-108.30838,36.713119],[-108.308383,36.713029],[-108.308159,36.713024],[-108.308156,36.713114],[-108.308044,36.713111],[-108.308041,36.713201],[-108.307706,36.713194],[-108.307709,36.713104],[-108.307485,36.713099],[-108.307479,36.713279],[-108.307367,36.713276],[-108.307364,36.713366],[-108.307475,36.713369],[-108.307472,36.713459],[-108.307584,36.713461],[-108.307581,36.713552],[-108.307469,36.713549],[-108.307466,36.713639],[-108.30769,36.713644]],[[-108.307808,36.713467],[-108.307696,36.713464],[-108.307699,36.713374],[-108.307811,36.713376],[-108.307808,36.713467]],[[-108.308262,36.713296],[-108.30815,36.713294],[-108.308153,36.713204],[-108.308265,36.713206],[-108.308262,36.713296]]]}},{"type":"Feature","properties":{"class":"extent","min_prob":0.5},"geometry":{"type":"Polygon","coordinates":[[[-108.299857,36.713467],[-108.299863,36.713286],[-108.300087,36.713292],[-108.300099,36.712931],[-108.299988,36.712929],[-108.299991,36.712839],[-108.299767,36.712833],[-108.299761,36.713014],[-108.299649,36.713011],[-108.299642,36.713191],[-108.299754,36.713194],[-108.299751,36.713284],[-108.299639,36.713281],[-108.299633,36.713462],[-108.299857,36.713467]],[[-108.299984,36.713019],[-108.299872,36.713016],[-108.299876,36.712926],[-108.299988,36.712929],[-108.299984,36.713019]]]}},{"type":"Feature","properties":{"class":"extent","min_prob":0.5},"geometry":{"type":"Polygon","coordinates":[[[-108.29954,36.712918],[-108.299543,36.712828],[-108.299431,36.712826],[-108.299428,36.712916],[-108.29954,36.712918]]]}},{"type":"Feature","properties":{"class":"extent","min_prob":0.5},"geometry":{"type":"Polygon","coordinates":[[[-108.244822,36.711664],[-108.244825,36.711574],[-108.244714,36.711571],[-108.24471,36.711661],[-108.244822,36.711664]]]}},{"type":"Feature","properties":{"class":"extent","min_prob":0.5},"geometry":{"type":"Polygon","coordinates":[[[-108.218192,36.711044],[-108.218195,36.710954],[-108.218083,36.710951],[-108.21808,36.711041],[-108.218192,36.711044]]]}},{"type":"Feature","properties":{"class":"extent","min_prob":0.5},"geometry":{"type":"Polygon","coordinates":[[[-108.216382,36.711543],[-108.216385,36.711452],[-108.216497,36.711455],[-108.216504,36.711275],[-108.216056,36.711264],[-108.216063,36.711084],[-108.215839,36.711079],[-108.215836,36.711169],[-108.215724,36.711166],[-108.215727,36.711076],[-108.215615,36.711074],[-108.215619,36.710984],[-108.215395,36.710978],[-108.215401,36.710798],[-108.215177,36.710793],[-108.215174,36.710883],[-108.215062,36.71088],[-108.215056,36.711061],[-108.21528,36.711066],[-108.215276,36.711156],[-108.215388,36.711159],[-108.215385,36.711249],[-108.215497,36.711251],[-108.215494,36.711341],[-108.215717,36.711347],[-108.215714,36.711437],[-108.216274,36.71145],[-108.21627,36.71154],[-108.216382,36.711543]]]}},{"type":"Feature","properties":{"class":"extent","min_prob":0.5},"geometry":{"type":"Polygon","coordinates":[[[-108.230052,36.711321],[-108.230059,36.71114],[-108.229947,36.711138],[-108.229941,36.711318],[-108.230052,36.711321]]]}},{"type":"Feature","properties":{"class":"extent","min_prob":0.5},"geometry":{"type":"Polygon","coordinates":[[[-108.304659,36.713846],[-108.304665,36.713666],[-108.304777,36.713668],[-108.304774,36.713758],[-108.304886,36.713761],[-108.304892,36.713581],[-108.305004,36.713583],[-108.305014,36.713313],[-108.30479,36.713308],[-108.304796,36.713128],[-108.304684,36.713125],[-108.304687,36.713035],[-108.304799,36.713038],[-108.304802,36.712948],[-108.304914,36.71295],[-108.304917,36.71286],[-108.304582,36.712852],[-108.304575,36.713033],[-108.304464,36.71303],[-108.304467,36.71294],[-108.304355,36.712938],[-108.304348,36.713118],[-108.30446,36.71312],[-108.304457,36.71321],[-108.304569,36.713213],[-108.304566,36.713303],[-108.30423,36.713295],[-108.304221,36.713566],[-108.304333,36.713568],[-108.30433,36.713658],[-108.304553,36.713663],[-108.304547,36.713843],[-108.304659,36.713846]]]}},{"type":"Feature","properties":{"class":"extent","min_prob":0.5},"geometry":{"type":"Polygon","coordinates":[[[-108.227479,36.711261],[-108.227489,36.71099],[-108.227377,36.710988],[-108.227367,36.711258],[-108.227479,36.711261]]]}},{"type":"Feature","properties":{"class":"extent","min_prob":0.5},"geometry":{"type":"Polygon","coordinates":[[[-108.290607,36.712174],[-108.29061,36.712084],[-108.290498,36.712082],[-108.290495,36.712172],[-108.290607,36.712174]]]}},{"type":"Feature","properties":{"class":"extent","min_prob":0.5},"geometry":{"type":"Polygon","coordinates":[[[-108.226939,36.710707],[-108.226945,36.710527],[-108.226833,36.710524],[-108.226827,36.710705],[-108.226939,36.710707]]]}},{"type":"Feature","properties":{"class":"extent","min_prob":0.5},"geometry":{"type":"Polygon","coordinates":[[[-108.20209,36.710396],[-108.202096,36.710216],[-108.201425,36.7102],[-108.201432,36.71002],[-108.20132,36.710017],[-108.201326,36.709837],[-108.200991,36.709829],[-108.200987,36.709919],[-108.201099,36.709922],[-108.201096,36.710012],[-108.200984,36.710009],[-108.200981,36.710099],[-108.201204,36.710104],[-108.201201,36.710195],[-108.201313,36.710197],[-108.201307,36.710377],[-108.201642,36.710385],[-108.201645,36.710295],[-108.201869,36.7103],[-108.201866,36.71039],[-108.20209,36.710396]]]}},{"type":"Feature","properties":{"class":"extent","min_prob":0.5},"geometry":{"type":"Polygon","coordinates":[[[-108.227837,36.710638],[-108.227841,36.710548],[-108.227729,36.710545],[-108.227732,36.710455],[-108.22762,36.710453],[-108.227613,36.710633],[-108.227837,36.710638]]]}},{"type":"Feature","properties":{"class":"extent","min_prob":0.5},"geometry":{"type":"Polygon","coordinates":[[[-108.315343,36.712555],[-108.315346,36.712465],[-108.315234,36.712462],[-108.315231,36.712552],[-108.315343,36.712555]]]}},{"type":"Feature","properties":{"class":"extent","min_prob":0.5},"geometry":{"type":"Polygon","coordinates":[[[-108.216428,36.710281],[-108.216431,36.710191],[-108.216319,36.710189],[-108.216316,36.710279],[-108.216428,36.710281]]]}},{"type":"Feature","properties":{"class":"extent","min_prob":0.5},"geometry":{"type":"Polygon","coordinates":[[[-108.203209,36.710422],[-108.203212,36.710332],[-108.203659,36.710342],[-108.203663,36.710252],[-108.203775,36.710255],[-108.203778,36.710165],[-108.203666,36.710162],[-108.203676,36.709892],[-108.203564,36.709889],[-108.203567,36.709799],[-108.203455,36.709797],[-108.203445,36.710067],[-108.203334,36.710064],[-108.20333,36.710154],[-108.203107,36.710149],[-108.20311,36.710059],[-108.202886,36.710054],[-108.202889,36.709964],[-108.202777,36.709961],[-108.202784,36.709781],[-108.202672,36.709778],[-108.202669,36.709868],[-108.202445,36.709863],[-108.202442,36.709953],[-108.202218,36.709948],[-108.202215,36.710038],[-108.202438,36.710043],[-108.202435,36.710133],[-108.202547,36.710136],[-108.20255,36.710046],[-108.202774,36.710051],[-108.202768,36.710231],[-108.202991,36.710237],[-108.202988,36.710327],[-108.2031,36.710329],[-108.203097,36.710419],[-108.203209,36.710422]]]}},{"type":"Feature","properties":{"class":"extent","min_prob":0.5},"geometry":{"type":"Polygon","coordinates":[[[-108.312322,36.712487],[-108.312325,36.712397],[-108.312213,36.712394],[-108.312216,36.712304],[-108.312104,36.712301],[-108.312098,36.712482],[-108.312322,36.712487]]]}},{"type":"Feature","properties":{"class":"extent","min_prob":0.5},"geometry":{"type":"Polygon","coordinates":[[[-108.291288,36.711919],[-108.291291,36.711829],[-108.291179,36.711827],[-108.291176,36.711917],[-108.291288,36.711919]]]}},{"type":"Feature","properties":{"class":"extent","min_prob":0.5},"geometry":{"type":"Polygon","coordinates":[[[-108.22169,36.710314],[-108.221693,36.710224],[-108.221581,36.710221],[-108.221578,36.710312],[-108.22169,36.710314]]]}},{"type":"Feature","properties":{"class":"extent","min_prob":0.5},"geometry":{"type":"Polygon","coordinates":[[[-108.218781,36.710246],[-108.218784,36.710156],[-108.218672,36.710153],[-108.218669,36.710244],[-108.218781,36.710246]]]}},{"type":"Feature","properties":{"class":"extent","min_prob":0.5},"geometry":{"type":"Polygon","coordinates":[[[-108.217326,36.710212],[-108.217329,36.710122],[-108.217217,36.710119],[-108.217214,36.71021],[-108.217326,36.710212]]]}},{"type":"Feature","properties":{"class":"extent","min_prob":0.5},"geometry":{"type":"Polygon","coordinates":[[[-108.202445,36.709863],[-108.202448,36.709773],[-108.202336,36.70977],[-108.202333,36.709861],[-108.202445,36.709863]]]}},{"type":"Feature","properties":{"class":"extent","min_prob":0.5},"geometry":{"type":"Polygon","coordinates":[[[-108.291058,36.712094],[-108.291061,36.712004],[-108.291173,36.712007],[-108.291176,36.711917],[-108.291064,36.711914],[-108.291067,36.711824],[-108.290955,36.711822],[-108.290958,36.711732],[-108.290847,36.711729],[-108.290834,36.712089],[-108.291058,36.712094]]]}},{"type":"Feature","properties":{"class":"extent","min_prob":0.5},"geometry":{"type":"Polygon","coordinates":[[[-108.291403,36.711832],[-108.291406,36.711742],[-108.291294,36.711739],[-108.291291,36.711829],[-108.291403,36.711832]]]}},{"type":"Feature","properties":{"class":"extent","min_prob":0.5},"geometry":{"type":"Polygon","coordinates":[[[-108.291518,36.711744],[-108.291521,36.711654],[-108.291409,36.711652],[-108.291406,36.711742],[-108.291518,36.711744]]]}},{"type":"Feature","properties":{"class":"extent","min_prob":0.5},"geometry":{"type":"Polygon","coordinates":[[[-108.221137,36.710121],[-108.22114,36.710031],[-108.221028,36.710028],[-108.221025,36.710118],[-108.221137,36.710121]]]}},{"type":"Feature","properties":{"class":"extent","min_prob":0.5},"geometry":{"type":"Polygon","coordinates":[[[-108.220689,36.71011],[-108.220693,36.71002],[-108.220581,36.710018],[-108.220577,36.710108],[-108.220689,36.71011]]]}},{"type":"Feature","properties":{"class":"extent","min_prob":0.5},"geometry":{"type":"Polygon","coordinates":[[[-108.193813,36.710111],[-108.19382,36.70993],[-108.193708,36.709928],[-108.193711,36.709838],[-108.193935,36.709843],[-108.193938,36.709753],[-108.193827,36.70975],[-108.193836,36.70948],[-108.193948,36.709483],[-108.193952,36.709393],[-108.193616,36.709385],[-108.193609,36.709565],[-108.193721,36.709567],[-108.193715,36.709748],[-108.193603,36.709745],[-108.193599,36.709835],[-108.193488,36.709832],[-108.193491,36.709742],[-108.193379,36.70974],[-108.193376,36.70983],[-108.193264,36.709827],[-108.193257,36.710007],[-108.193481,36.710013],[-108.193478,36.710103],[-108.193813,36.710111]]]}},{"type":"Feature","properties":{"class":"extent","min_prob":0.5},"geometry":{"type":"Polygon","coordinates":[[[-108.31244,36.712309],[-108.312449,36.712039],[-108.312337,36.712036],[-108.312334,36.712126],[-108.312222,36.712124],[-108.312216,36.712304],[-108.31244,36.712309]]]}},{"type":"Feature","properties":{"class":"extent","min_prob":0.5},"geometry":{"type":"Polygon","coordinates":[[[-108.222692,36.713583],[-108.222718,36.712863],[-108.222606,36.71286],[-108.222622,36.71241],[-108.22251,36.712407],[-108.222514,36.712317],[-108.222402,36.712314],[-108.222408,36.712134],[-108.222296,36.712132],[-108.222299,36.712041],[-108.222188,36.712039],[-108.222197,36.711769],[-108.222085,36.711766],[-108.222089,36.711676],[-108.221977,36.711673],[-108.221983,36.711493],[-108.222095,36.711496],[-108.222102,36.711316],[-108.22199,36.711313],[-108.222006,36.710863],[-108.221782,36.710857],[-108.221785,36.710767],[-108.221562,36.710762],[-108.221568,36.710582],[-108.221456,36.710579],[-108.221469,36.710219],[-108.221581,36.710221],[-108.221584,36.710131],[-108.221137,36.710121],[-108.221134,36.710211],[-108.221022,36.710208],[-108.221025,36.710118],[-108.220913,36.710116],[-108.22092,36.709936],[-108.220696,36.70993],[-108.220693,36.71002],[-108.220804,36.710023],[-108.220801,36.710113],[-108.220689,36.71011],[-108.220683,36.710291],[-108.220235,36.71028],[-108.220238,36.71019],[-108.220127,36.710187],[-108.220123,36.710278],[-108.220011,36.710275],[-108.220015,36.710185],[-108.219903,36.710182],[-108.2199,36.710272],[-108.219676,36.710267],[-108.219679,36.710177],[-108.219567,36.710174],[-108.219564,36.710265],[-108.219452,36.710262],[-108.219455,36.710172],[-108.219343,36.710169],[-108.21934,36.710259],[-108.219116,36.710254],[-108.219113,36.710344],[-108.218889,36.710339],[-108.218893,36.710249],[-108.218781,36.710246],[-108.218777,36.710336],[-108.218554,36.710331],[-108.218557,36.710241],[-108.218333,36.710236],[-108.21833,36.710326],[-108.218218,36.710323],[-108.218221,36.710233],[-108.218109,36.710231],[-108.218103,36.710411],[-108.217991,36.710408],[-108.217994,36.710318],[-108.217659,36.71031],[-108.217655,36.7104],[-108.217543,36.710398],[-108.217547,36.710308],[-108.217435,36.710305],[-108.217438,36.710215],[-108.217326,36.710212],[-108.217323,36.710302],[-108.217211,36.7103],[-108.217214,36.71021],[-108.217102,36.710207],[-108.217099,36.710297],[-108.216763,36.710289],[-108.216767,36.710199],[-108.216543,36.710194],[-108.216536,36.710374],[-108.21676,36.710379],[-108.216757,36.710469],[-108.216981,36.710475],[-108.216977,36.710565],[-108.217425,36.710575],[-108.217419,36.710755],[-108.217866,36.710766],[-108.217863,36.710856],[-108.217751,36.710853],[-108.217748,36.710943],[-108.218083,36.710951],[-108.21809,36.710771],[-108.218426,36.710779],[-108.218432,36.710599],[-108.218544,36.710601],[-108.218547,36.710511],[-108.218659,36.710514],[-108.218656,36.710604],[-108.219103,36.710614],[-108.2191,36.710704],[-108.219212,36.710707],[-108.219215,36.710617],[-108.219439,36.710622],[-108.219436,36.710712],[-108.219771,36.71072],[-108.219768,36.71081],[-108.22044,36.710826],[-108.220436,36.710916],[-108.220772,36.710924],[-108.220769,36.711014],[-108.220992,36.711019],[-108.220989,36.711109],[-108.221101,36.711112],[-108.221095,36.711292],[-108.221207,36.711295],[-108.2212,36.711475],[-108.221312,36.711477],[-108.221315,36.711387],[-108.221539,36.711393],[-108.221532,36.711573],[-108.221756,36.711578],[-108.221747,36.711848],[-108.221635,36.711846],[-108.221625,36.712116],[-108.221513,36.712113],[-108.221516,36.712023],[-108.221404,36.712021],[-108.221408,36.711931],[-108.221296,36.711928],[-108.221292,36.712018],[-108.220845,36.712008],[-108.220842,36.712098],[-108.220618,36.712092],[-108.220615,36.712182],[-108.220503,36.71218],[-108.220499,36.71227],[-108.220611,36.712273],[-108.220602,36.712543],[-108.220714,36.712545],[-108.22071,36.712636],[-108.220934,36.712641],[-108.220931,36.712731],[-108.221043,36.712733],[-108.221039,36.712824],[-108.221151,36.712826],[-108.221148,36.712916],[-108.221372,36.712921],[-108.221369,36.713012],[-108.221704,36.713019],[-108.221701,36.713109],[-108.221813,36.713112],[-108.22181,36.713202],[-108.221922,36.713205],[-108.221915,36.713385],[-108.222027,36.713388],[-108.222024,36.713478],[-108.222136,36.71348],[-108.222132,36.71357],[-108.222468,36.713578],[-108.222471,36.713488],[-108.222583,36.713491],[-108.22258,36.713581],[-108.222692,36.713583]],[[-108.221836,36.712481],[-108.221724,36.712479],[-108.22173,36.712299],[-108.221842,36.712301],[-108.221836,36.712481]],[[-108.22173,36.712299],[-108.221618,36.712296],[-108.221625,36.712116],[-108.221737,36.712119],[-108.22173,36.712299]],[[-108.219887,36.710633],[-108.219775,36.71063],[-108.219778,36.71054],[-108.21989,36.710543],[-108.219887,36.710633]],[[-108.21933,36.71053],[-108.219107,36.710524],[-108.219113,36.710344],[-108.219337,36.710349],[-108.21933,36.71053]],[[-108.221236,36.710484],[-108.221124,36.710481],[-108.221127,36.710391],[-108.221239,36.710394],[-108.221236,36.710484]],[[-108.219893,36.710453],[-108.219781,36.71045],[-108.219784,36.71036],[-108.219896,36.710362],[-108.219893,36.710453]]]}},{"type":"Feature","properties":{"class":"extent","min_prob":0.5},"geometry":{"type":"Polygon","coordinates":[[[-108.311439,36.712106],[-108.311442,36.712016],[-108.31133,36.712013],[-108.311327,36.712103],[-108.311439,36.712106]]]}},{"type":"Feature","properties":{"class":"extent","min_prob":0.5},"geometry":{"type":"Polygon","coordinates":[[[-108.229979,36.710237],[-108.229983,36.710147],[-108.229759,36.710142],[-108.229756,36.710232],[-108.229979,36.710237]]]}},{"type":"Feature","properties":{"class":"extent","min_prob":0.5},"geometry":{"type":"Polygon","coordinates":[[[-108.229644,36.710229],[-108.229647,36.710139],[-108.229535,36.710137],[-108.229532,36.710227],[-108.229644,36.710229]]]}},{"type":"Feature","properties":{"class":"extent","min_prob":0.5},"geometry":{"type":"Polygon","coordinates":[[[-108.220469,36.710015],[-108.220475,36.709835],[-108.22014,36.709827],[-108.220136,36.709917],[-108.22036,36.709922],[-108.220357,36.710013],[-108.220469,36.710015]]]}},{"type":"Feature","properties":{"class":"extent","min_prob":0.5},"geometry":{"type":"Polygon","coordinates":[[[-108.230977,36.710531],[-108.23098,36.710441],[-108.231092,36.710443],[-108.231095,36.710353],[-108.231207,36.710356],[-108.23121,36.710266],[-108.230874,36.710258],[-108.230878,36.710168],[-108.230766,36.710165],[-108.230772,36.709985],[-108.230549,36.70998],[-108.230545,36.71007],[-108.230657,36.710072],[-108.230654,36.710163],[-108.230542,36.71016],[-108.230539,36.71025],[-108.230763,36.710255],[-108.230759,36.710345],[-108.230871,36.710348],[-108.230865,36.710528],[-108.230977,36.710531]]]}},{"type":"Feature","properties":{"class":"extent","min_prob":0.5},"geometry":{"type":"Polygon","coordinates":[[[-108.229426,36.710044],[-108.22943,36.709954],[-108.229318,36.709951],[-108.229315,36.710041],[-108.229426,36.710044]]]}},{"type":"Feature","properties":{"class":"extent","min_prob":0.5},"geometry":{"type":"Polygon","coordinates":[[[-108.22014,36.709827],[-108.220143,36.709737],[-108.220031,36.709734],[-108.220028,36.709825],[-108.22014,36.709827]]]}},{"type":"Feature","properties":{"class":"extent","min_prob":0.5},"geometry":{"type":"Polygon","coordinates":[[[-108.291978,36.711394],[-108.291981,36.711304],[-108.291869,36.711301],[-108.291866,36.711392],[-108.291978,36.711394]]]}},{"type":"Feature","properties":{"class":"extent","min_prob":0.5},"geometry":{"type":"Polygon","coordinates":[[[-108.227192,36.709902],[-108.227195,36.709812],[-108.226971,36.709806],[-108.226968,36.709896],[-108.227192,36.709902]]]}},{"type":"Feature","properties":{"class":"extent","min_prob":0.5},"geometry":{"type":"Polygon","coordinates":[[[-108.287944,36.711483],[-108.28795,36.711302],[-108.287838,36.7113],[-108.287844,36.71112],[-108.287732,36.711117],[-108.28772,36.711477],[-108.287944,36.711483]]]}},{"type":"Feature","properties":{"class":"extent","min_prob":0.5},"geometry":{"type":"Polygon","coordinates":[[[-108.292093,36.711307],[-108.292096,36.711216],[-108.291984,36.711214],[-108.291981,36.711304],[-108.292093,36.711307]]]}},{"type":"Feature","properties":{"class":"extent","min_prob":0.5},"geometry":{"type":"Polygon","coordinates":[[[-108.220482,36.709655],[-108.220485,36.709565],[-108.220373,36.709562],[-108.22037,36.709652],[-108.220482,36.709655]]]}},{"type":"Feature","properties":{"class":"extent","min_prob":0.5},"geometry":{"type":"Polygon","coordinates":[[[-108.227416,36.709907],[-108.227425,36.709637],[-108.227313,36.709634],[-108.227304,36.709904],[-108.227416,36.709907]]]}},{"type":"Feature","properties":{"class":"extent","min_prob":0.5},"geometry":{"type":"Polygon","coordinates":[[[-108.229433,36.709864],[-108.229439,36.709683],[-108.229327,36.709681],[-108.229321,36.709861],[-108.229433,36.709864]]]}},{"type":"Feature","properties":{"class":"extent","min_prob":0.5},"geometry":{"type":"Polygon","coordinates":[[[-108.311343,36.711653],[-108.311346,36.711563],[-108.311234,36.71156],[-108.311231,36.711651],[-108.311343,36.711653]]]}},{"type":"Feature","properties":{"class":"extent","min_prob":0.5},"geometry":{"type":"Polygon","coordinates":[[[-108.311986,36.712479],[-108.311992,36.712299],[-108.312104,36.712301],[-108.312111,36.712121],[-108.312222,36.712124],[-108.312226,36.712034],[-108.312337,36.712036],[-108.312341,36.711946],[-108.312117,36.711941],[-108.312129,36.711581],[-108.311906,36.711576],[-108.311909,36.711485],[-108.311797,36.711483],[-108.311794,36.711573],[-108.31157,36.711568],[-108.311567,36.711658],[-108.311679,36.711661],[-108.311672,36.711841],[-108.31156,36.711838],[-108.311551,36.712109],[-108.311439,36.712106],[-108.311436,36.712196],[-108.31166,36.712201],[-108.311654,36.712381],[-108.311877,36.712386],[-108.311874,36.712477],[-108.311986,36.712479]],[[-108.311772,36.712204],[-108.31166,36.712201],[-108.311663,36.712111],[-108.311775,36.712114],[-108.311772,36.712204]],[[-108.312002,36.712029],[-108.311666,36.712021],[-108.311672,36.711841],[-108.311784,36.711843],[-108.311781,36.711933],[-108.312005,36.711938],[-108.312002,36.712029]],[[-108.311896,36.711846],[-108.311784,36.711843],[-108.311787,36.711753],[-108.311899,36.711756],[-108.311896,36.711846]]]}},{"type":"Feature","properties":{"class":"extent","min_prob":0.5},"geometry":{"type":"Polygon","coordinates":[[[-108.303625,36.711388],[-108.303628,36.711298],[-108.303516,36.711296],[-108.303513,36.711386],[-108.303625,36.711388]]]}},{"type":"Feature","properties":{"class":"extent","min_prob":0.5},"geometry":{"type":"Polygon","coordinates":[[[-108.200908,36.709016],[-108.200911,36.708925],[-108.200799,36.708923],[-108.200796,36.709013],[-108.200908,36.709016]]]}},{"type":"Feature","properties":{"class":"extent","min_prob":0.5},"geometry":{"type":"Polygon","coordinates":[[[-108.30374,36.711301],[-108.303743,36.711211],[-108.303631,36.711208],[-108.303628,36.711298],[-108.30374,36.711301]]]}},{"type":"Feature","properties":{"class":"extent","min_prob":0.5},"geometry":{"type":"Polygon","coordinates":[[[-108.292886,36.711054],[-108.292889,36.710964],[-108.292777,36.710961],[-108.292774,36.711052],[-108.292886,36.711054]]]}},{"type":"Feature","properties":{"class":"extent","min_prob":0.5},"geometry":{"type":"Polygon","coordinates":[[[-108.31157,36.711568],[-108.311573,36.711478],[-108.311797,36.711483],[-108.3118,36.711393],[-108.311576,36.711388],[-108.311579,36.711298],[-108.311467,36.711295],[-108.311458,36.711565],[-108.31157,36.711568]]]}},{"type":"Feature","properties":{"class":"extent","min_prob":0.5},"geometry":{"type":"Polygon","coordinates":[[[-108.303631,36.711208],[-108.303634,36.711118],[-108.303523,36.711115],[-108.303519,36.711205],[-108.303631,36.711208]]]}},{"type":"Feature","properties":{"class":"extent","min_prob":0.5},"geometry":{"type":"Polygon","coordinates":[[[-108.229446,36.709503],[-108.229449,36.709413],[-108.229337,36.709411],[-108.229334,36.709501],[-108.229446,36.709503]]]}},{"type":"Feature","properties":{"class":"extent","min_prob":0.5},"geometry":{"type":"Polygon","coordinates":[[[-108.210053,36.710042],[-108.21006,36.709862],[-108.209948,36.709859],[-108.209951,36.709769],[-108.210063,36.709772],[-108.21007,36.709591],[-108.209958,36.709589],[-108.209961,36.709499],[-108.210073,36.709501],[-108.210089,36.709051],[-108.209977,36.709048],[-108.209984,36.708868],[-108.20976,36.708863],[-108.209727,36.709764],[-108.209616,36.709761],[-108.209609,36.709941],[-108.209721,36.709944],[-108.209718,36.710034],[-108.210053,36.710042]]]}},{"type":"Feature","properties":{"class":"extent","min_prob":0.5},"geometry":{"type":"Polygon","coordinates":[[[-108.230229,36.709522],[-108.230236,36.709341],[-108.230124,36.709339],[-108.230117,36.709519],[-108.230229,36.709522]]]}},{"type":"Feature","properties":{"class":"extent","min_prob":0.5},"geometry":{"type":"Polygon","coordinates":[[[-108.311915,36.711305],[-108.311918,36.711215],[-108.311806,36.711213],[-108.311803,36.711303],[-108.311915,36.711305]]]}},{"type":"Feature","properties":{"class":"extent","min_prob":0.5},"geometry":{"type":"Polygon","coordinates":[[[-108.303858,36.711123],[-108.303861,36.711033],[-108.30375,36.71103],[-108.303746,36.71112],[-108.303858,36.711123]]]}},{"type":"Feature","properties":{"class":"extent","min_prob":0.5},"geometry":{"type":"Polygon","coordinates":[[[-108.311694,36.71121],[-108.311697,36.71112],[-108.311586,36.711118],[-108.311582,36.711208],[-108.311694,36.71121]]]}},{"type":"Feature","properties":{"class":"extent","min_prob":0.5},"geometry":{"type":"Polygon","coordinates":[[[-108.305316,36.711066],[-108.305319,36.710976],[-108.305207,36.710973],[-108.305204,36.711063],[-108.305316,36.711066]]]}},{"type":"Feature","properties":{"class":"extent","min_prob":0.5},"geometry":{"type":"Polygon","coordinates":[[[-108.242547,36.709537],[-108.24255,36.709447],[-108.242438,36.709445],[-108.242435,36.709535],[-108.242547,36.709537]]]}},{"type":"Feature","properties":{"class":"extent","min_prob":0.5},"geometry":{"type":"Polygon","coordinates":[[[-108.305658,36.710893],[-108.305661,36.710803],[-108.305549,36.710801],[-108.305546,36.710891],[-108.305658,36.710893]]]}},{"type":"Feature","properties":{"class":"extent","min_prob":0.5},"geometry":{"type":"Polygon","coordinates":[[[-108.302938,36.711823],[-108.302944,36.711643],[-108.303056,36.711646],[-108.303059,36.711556],[-108.302947,36.711553],[-108.302954,36.711373],[-108.303066,36.711375],[-108.303062,36.711466],[-108.303286,36.711471],[-108.303296,36.7112],[-108.303184,36.711198],[-108.303187,36.711108],[-108.303411,36.711113],[-108.303414,36.711023],[-108.303526,36.711025],[-108.303529,36.710935],[-108.303305,36.71093],[-108.303308,36.71084],[-108.303196,36.710837],[-108.303203,36.710657],[-108.303091,36.710655],[-108.303088,36.710745],[-108.302976,36.710742],[-108.302973,36.710832],[-108.302861,36.71083],[-108.302851,36.7111],[-108.303075,36.711105],[-108.303072,36.711195],[-108.302848,36.71119],[-108.302842,36.71137],[-108.30273,36.711368],[-108.302724,36.711548],[-108.302835,36.711551],[-108.302826,36.711821],[-108.302938,36.711823]]]}},{"type":"Feature","properties":{"class":"extent","min_prob":0.5},"geometry":{"type":"Polygon","coordinates":[[[-108.311592,36.710937],[-108.311595,36.710847],[-108.311483,36.710845],[-108.31148,36.710935],[-108.311592,36.710937]]]}},{"type":"Feature","properties":{"class":"extent","min_prob":0.5},"geometry":{"type":"Polygon","coordinates":[[[-108.292905,36.710514],[-108.292908,36.710423],[-108.292796,36.710421],[-108.292793,36.710511],[-108.292905,36.710514]]]}},{"type":"Feature","properties":{"class":"extent","min_prob":0.5},"geometry":{"type":"Polygon","coordinates":[[[-108.242217,36.709349],[-108.242221,36.709259],[-108.242109,36.709257],[-108.242105,36.709347],[-108.242217,36.709349]]]}},{"type":"Feature","properties":{"class":"extent","min_prob":0.5},"geometry":{"type":"Polygon","coordinates":[[[-108.229903,36.709243],[-108.229916,36.708883],[-108.229804,36.708881],[-108.229791,36.709241],[-108.229903,36.709243]]]}},{"type":"Feature","properties":{"class":"extent","min_prob":0.5},"geometry":{"type":"Polygon","coordinates":[[[-108.311234,36.71156],[-108.311244,36.71129],[-108.311467,36.711295],[-108.31148,36.710935],[-108.311368,36.710932],[-108.311371,36.710842],[-108.311259,36.71084],[-108.311262,36.71075],[-108.310815,36.710739],[-108.310818,36.710649],[-108.310594,36.710644],[-108.310582,36.711005],[-108.31047,36.711002],[-108.310463,36.711182],[-108.310687,36.711187],[-108.31069,36.711097],[-108.310914,36.711102],[-108.310911,36.711192],[-108.311023,36.711195],[-108.31101,36.711555],[-108.311234,36.71156]],[[-108.311247,36.7112],[-108.311135,36.711198],[-108.311138,36.711107],[-108.31125,36.71111],[-108.311247,36.7112]],[[-108.310809,36.71092],[-108.310697,36.710917],[-108.3107,36.710827],[-108.310812,36.71083],[-108.310809,36.71092]]]}},{"type":"Feature","properties":{"class":"extent","min_prob":0.5},"geometry":{"type":"Polygon","coordinates":[[[-108.312033,36.711128],[-108.312039,36.710947],[-108.312263,36.710953],[-108.312266,36.710862],[-108.312378,36.710865],[-108.312385,36.710685],[-108.312049,36.710677],[-108.312043,36.710857],[-108.311931,36.710855],[-108.311921,36.711125],[-108.312033,36.711128]]]}},{"type":"Feature","properties":{"class":"extent","min_prob":0.5},"geometry":{"type":"Polygon","coordinates":[[[-108.311819,36.710852],[-108.311822,36.710762],[-108.31171,36.71076],[-108.311713,36.71067],[-108.311601,36.710667],[-108.311595,36.710847],[-108.311819,36.710852]]]}},{"type":"Feature","properties":{"class":"extent","min_prob":0.5},"geometry":{"type":"Polygon","coordinates":[[[-108.283963,36.710039],[-108.283966,36.709949],[-108.283854,36.709947],[-108.283851,36.710037],[-108.283963,36.710039]]]}},{"type":"Feature","properties":{"class":"extent","min_prob":0.5},"geometry":{"type":"Polygon","coordinates":[[[-108.213472,36.708409],[-108.213475,36.708319],[-108.213363,36.708316],[-108.21336,36.708406],[-108.213472,36.708409]]]}},{"type":"Feature","properties":{"class":"extent","min_prob":0.5},"geometry":{"type":"Polygon","coordinates":[[[-108.310709,36.710557],[-108.310712,36.710467],[-108.3106,36.710464],[-108.310597,36.710554],[-108.310709,36.710557]]]}},{"type":"Feature","properties":{"class":"extent","min_prob":0.5},"geometry":{"type":"Polygon","coordinates":[[[-108.213696,36.708414],[-108.213699,36.708324],[-108.213811,36.708327],[-108.213814,36.708237],[-108.21359,36.708231],[-108.213584,36.708412],[-108.213696,36.708414]]]}},{"type":"Feature","properties":{"class":"extent","min_prob":0.5},"geometry":{"type":"Polygon","coordinates":[[[-108.230038,36.708615],[-108.230041,36.708525],[-108.229929,36.708523],[-108.229926,36.708613],[-108.230038,36.708615]]]}},{"type":"Feature","properties":{"class":"extent","min_prob":0.5},"geometry":{"type":"Polygon","coordinates":[[[-108.30467,36.71033],[-108.304679,36.71006],[-108.304567,36.710057],[-108.304564,36.710147],[-108.304452,36.710145],[-108.304449,36.710235],[-108.304561,36.710237],[-108.304558,36.710327],[-108.30467,36.71033]]]}},{"type":"Feature","properties":{"class":"extent","min_prob":0.5},"geometry":{"type":"Polygon","coordinates":[[[-108.271443,36.709392],[-108.271447,36.709302],[-108.271335,36.709299],[-108.271332,36.70939],[-108.271443,36.709392]]]}},{"type":"Feature","properties":{"class":"extent","min_prob":0.5},"geometry":{"type":"Polygon","coordinates":[[[-108.304008,36.710044],[-108.304011,36.709954],[-108.303899,36.709952],[-108.303896,36.710042],[-108.304008,36.710044]]]}},{"type":"Feature","properties":{"class":"extent","min_prob":0.5},"geometry":{"type":"Polygon","coordinates":[[[-108.230834,36.708273],[-108.230837,36.708183],[-108.230725,36.708181],[-108.230722,36.708271],[-108.230834,36.708273]]]}},{"type":"Feature","properties":{"class":"extent","min_prob":0.5},"geometry":{"type":"Polygon","coordinates":[[[-108.31263,36.710059],[-108.312633,36.709969],[-108.312522,36.709967],[-108.312518,36.710057],[-108.31263,36.710059]]]}},{"type":"Feature","properties":{"class":"extent","min_prob":0.5},"geometry":{"type":"Polygon","coordinates":[[[-108.30379,36.709859],[-108.303794,36.709769],[-108.303682,36.709767],[-108.303679,36.709857],[-108.30379,36.709859]]]}},{"type":"Feature","properties":{"class":"extent","min_prob":0.5},"geometry":{"type":"Polygon","coordinates":[[[-108.294615,36.709651],[-108.294618,36.709561],[-108.294506,36.709558],[-108.294503,36.709648],[-108.294615,36.709651]]]}},{"type":"Feature","properties":{"class":"extent","min_prob":0.5},"geometry":{"type":"Polygon","coordinates":[[[-108.278614,36.709286],[-108.278617,36.709196],[-108.278505,36.709193],[-108.278502,36.709283],[-108.278614,36.709286]]]}},{"type":"Feature","properties":{"class":"extent","min_prob":0.5},"geometry":{"type":"Polygon","coordinates":[[[-108.216319,36.710189],[-108.216322,36.710099],[-108.216099,36.710093],[-108.216102,36.710003],[-108.215878,36.709998],[-108.215881,36.709908],[-108.215769,36.709905],[-108.215773,36.709815],[-108.215325,36.709805],[-108.215328,36.709715],[-108.21544,36.709717],[-108.215444,36.709627],[-108.21522,36.709622],[-108.215223,36.709532],[-108.215111,36.709529],[-108.215114,36.709439],[-108.214891,36.709434],[-108.214894,36.709344],[-108.21467,36.709339],[-108.214673,36.709248],[-108.214561,36.709246],[-108.214565,36.709156],[-108.214229,36.709148],[-108.214232,36.709058],[-108.21412,36.709055],[-108.214124,36.708965],[-108.214012,36.708963],[-108.214015,36.708872],[-108.213791,36.708867],[-108.213798,36.708687],[-108.213462,36.708679],[-108.213465,36.708589],[-108.213242,36.708584],[-108.213245,36.708494],[-108.213357,36.708496],[-108.21336,36.708406],[-108.213136,36.708401],[-108.213139,36.708311],[-108.213251,36.708314],[-108.213255,36.708223],[-108.212807,36.708213],[-108.21281,36.708123],[-108.212587,36.708118],[-108.21259,36.708028],[-108.212254,36.70802],[-108.212257,36.70793],[-108.212146,36.707927],[-108.212149,36.707837],[-108.211925,36.707832],[-108.211928,36.707742],[-108.211816,36.707739],[-108.21182,36.707649],[-108.211596,36.707644],[-108.211599,36.707554],[-108.211375,36.707548],[-108.211369,36.707728],[-108.211481,36.707731],[-108.211477,36.707821],[-108.211701,36.707826],[-108.211698,36.707917],[-108.21181,36.707919],[-108.211803,36.708099],[-108.211915,36.708102],[-108.211912,36.708192],[-108.212024,36.708195],[-108.212021,36.708285],[-108.212133,36.708287],[-108.212129,36.708377],[-108.212353,36.708383],[-108.21235,36.708473],[-108.212462,36.708475],[-108.212458,36.708565],[-108.21257,36.708568],[-108.212567,36.708658],[-108.212791,36.708663],[-108.212788,36.708753],[-108.212899,36.708756],[-108.212896,36.708846],[-108.21312,36.708851],[-108.213117,36.708942],[-108.21334,36.708947],[-108.213337,36.709037],[-108.213673,36.709045],[-108.21367,36.709135],[-108.213893,36.70914],[-108.21389,36.70923],[-108.214114,36.709235],[-108.214107,36.709416],[-108.214331,36.709421],[-108.214328,36.709511],[-108.214552,36.709516],[-108.214548,36.709606],[-108.21466,36.709609],[-108.214657,36.709699],[-108.214769,36.709702],[-108.214766,36.709792],[-108.215213,36.709802],[-108.215207,36.709982],[-108.215431,36.709987],[-108.215427,36.710078],[-108.215987,36.710091],[-108.215983,36.710181],[-108.216319,36.710189]]]}},{"type":"Feature","properties":{"class":"extent","min_prob":0.5},"geometry":{"type":"Polygon","coordinates":[[[-108.211932,36.707651],[-108.211935,36.707561],[-108.211823,36.707559],[-108.21182,36.707649],[-108.211932,36.707651]]]}},{"type":"Feature","properties":{"class":"extent","min_prob":0.5},"geometry":{"type":"Polygon","coordinates":[[[-108.30458,36.709697],[-108.304583,36.709607],[-108.304471,36.709604],[-108.304468,36.709694],[-108.30458,36.709697]]]}},{"type":"Feature","properties":{"class":"extent","min_prob":0.5},"geometry":{"type":"Polygon","coordinates":[[[-108.211375,36.707548],[-108.211379,36.707458],[-108.211267,36.707456],[-108.211263,36.707546],[-108.211375,36.707548]]]}},{"type":"Feature","properties":{"class":"extent","min_prob":0.5},"geometry":{"type":"Polygon","coordinates":[[[-108.211267,36.707456],[-108.21127,36.707366],[-108.211158,36.707363],[-108.211155,36.707453],[-108.211267,36.707456]]]}},{"type":"Feature","properties":{"class":"extent","min_prob":0.5},"geometry":{"type":"Polygon","coordinates":[[[-108.304695,36.709609],[-108.304698,36.709519],[-108.304922,36.709524],[-108.304925,36.709434],[-108.304813,36.709432],[-108.304816,36.709341],[-108.304705,36.709339],[-108.304701,36.709429],[-108.30459,36.709426],[-108.304583,36.709607],[-108.304695,36.709609]]]}},{"type":"Feature","properties":{"class":"extent","min_prob":0.5},"geometry":{"type":"Polygon","coordinates":[[[-108.305037,36.709437],[-108.305043,36.709256],[-108.30482,36.709251],[-108.304816,36.709341],[-108.304928,36.709344],[-108.304925,36.709434],[-108.305037,36.709437]]]}},{"type":"Feature","properties":{"class":"extent","min_prob":0.5},"geometry":{"type":"Polygon","coordinates":[[[-108.304705,36.709339],[-108.304708,36.709249],[-108.304596,36.709246],[-108.304593,36.709336],[-108.304705,36.709339]]]}},{"type":"Feature","properties":{"class":"extent","min_prob":0.5},"geometry":{"type":"Polygon","coordinates":[[[-108.304596,36.709246],[-108.304599,36.709156],[-108.304375,36.709151],[-108.304372,36.709241],[-108.304596,36.709246]]]}},{"type":"Feature","properties":{"class":"extent","min_prob":0.5},"geometry":{"type":"Polygon","coordinates":[[[-108.197518,36.706772],[-108.197521,36.706682],[-108.19741,36.706679],[-108.197406,36.706769],[-108.197518,36.706772]]]}},{"type":"Feature","properties":{"class":"extent","min_prob":0.5},"geometry":{"type":"Polygon","coordinates":[[[-108.305158,36.709169],[-108.305162,36.709079],[-108.30505,36.709076],[-108.305047,36.709166],[-108.305158,36.709169]]]}},{"type":"Feature","properties":{"class":"extent","min_prob":0.5},"geometry":{"type":"Polygon","coordinates":[[[-108.305385,36.709084],[-108.305389,36.708994],[-108.305165,36.708989],[-108.305162,36.709079],[-108.305385,36.709084]]]}},{"type":"Feature","properties":{"class":"extent","min_prob":0.5},"geometry":{"type":"Polygon","coordinates":[[[-108.209944,36.706884],[-108.209947,36.706794],[-108.209835,36.706791],[-108.209832,36.706881],[-108.209944,36.706884]]]}},{"type":"Feature","properties":{"class":"extent","min_prob":0.5},"geometry":{"type":"Polygon","coordinates":[[[-108.30427,36.708968],[-108.304273,36.708878],[-108.304161,36.708876],[-108.304158,36.708966],[-108.30427,36.708968]]]}},{"type":"Feature","properties":{"class":"extent","min_prob":0.5},"geometry":{"type":"Polygon","coordinates":[[[-108.27518,36.708215],[-108.275184,36.708125],[-108.275072,36.708123],[-108.275069,36.708213],[-108.27518,36.708215]]]}},{"type":"Feature","properties":{"class":"extent","min_prob":0.5},"geometry":{"type":"Polygon","coordinates":[[[-108.292639,36.708524],[-108.292642,36.708434],[-108.29253,36.708431],[-108.292527,36.708521],[-108.292639,36.708524]]]}},{"type":"Feature","properties":{"class":"extent","min_prob":0.5},"geometry":{"type":"Polygon","coordinates":[[[-108.297006,36.708533],[-108.297009,36.708443],[-108.296897,36.70844],[-108.296894,36.708531],[-108.297006,36.708533]]]}},{"type":"Feature","properties":{"class":"extent","min_prob":0.5},"geometry":{"type":"Polygon","coordinates":[[[-108.296897,36.70844],[-108.2969,36.70835],[-108.296788,36.708348],[-108.296785,36.708438],[-108.296897,36.70844]]]}},{"type":"Feature","properties":{"class":"extent","min_prob":0.5},"geometry":{"type":"Polygon","coordinates":[[[-108.30473,36.708618],[-108.304733,36.708528],[-108.304509,36.708523],[-108.304512,36.708433],[-108.3044,36.70843],[-108.304394,36.708611],[-108.30473,36.708618]]]}},{"type":"Feature","properties":{"class":"extent","min_prob":0.5},"geometry":{"type":"Polygon","coordinates":[[[-108.202099,36.719412],[-108.202102,36.719322],[-108.202214,36.719325],[-108.202217,36.719235],[-108.202105,36.719232],[-108.202108,36.719142],[-108.20222,36.719144],[-108.202227,36.718964],[-108.202451,36.71897],[-108.202454,36.718879],[-108.202342,36.718877],[-108.202345,36.718787],[-108.201898,36.718776],[-108.201901,36.718686],[-108.201789,36.718684],[-108.201792,36.718593],[-108.201904,36.718596],[-108.201907,36.718506],[-108.202019,36.718509],[-108.202026,36.718328],[-108.202138,36.718331],[-108.202141,36.718241],[-108.202253,36.718244],[-108.202259,36.718063],[-108.202371,36.718066],[-108.202375,36.717976],[-108.202487,36.717979],[-108.20249,36.717889],[-108.202602,36.717891],[-108.202608,36.717711],[-108.20272,36.717714],[-108.202723,36.717624],[-108.202835,36.717626],[-108.202839,36.717536],[-108.20295,36.717539],[-108.202957,36.717359],[-108.203069,36.717361],[-108.203072,36.717271],[-108.203184,36.717274],[-108.203191,36.717094],[-108.203303,36.717096],[-108.203306,36.717006],[-108.203418,36.717009],[-108.203424,36.716829],[-108.203536,36.716831],[-108.203549,36.716471],[-108.203661,36.716474],[-108.203664,36.716383],[-108.203888,36.716389],[-108.203891,36.716299],[-108.204227,36.716306],[-108.20423,36.716216],[-108.204902,36.716232],[-108.204898,36.716322],[-108.206465,36.716359],[-108.206462,36.716449],[-108.207805,36.716481],[-108.207801,36.716571],[-108.207689,36.716568],[-108.207683,36.716748],[-108.207571,36.716746],[-108.207561,36.717016],[-108.207449,36.717013],[-108.207443,36.717193],[-108.207219,36.717188],[-108.207229,36.716918],[-108.206893,36.71691],[-108.20689,36.717],[-108.206778,36.716998],[-108.206781,36.716907],[-108.206557,36.716902],[-108.206554,36.716992],[-108.206442,36.71699],[-108.206445,36.7169],[-108.206334,36.716897],[-108.20633,36.716987],[-108.205995,36.716979],[-108.205998,36.716889],[-108.205886,36.716886],[-108.205883,36.716977],[-108.205771,36.716974],[-108.205768,36.717064],[-108.20532,36.717053],[-108.205317,36.717144],[-108.205429,36.717146],[-108.205425,36.717236],[-108.205201,36.717231],[-108.205198,36.717321],[-108.205086,36.717318],[-108.205083,36.717409],[-108.204859,36.717403],[-108.204856,36.717493],[-108.20508,36.717499],[-108.205077,36.717589],[-108.204965,36.717586],[-108.204958,36.717766],[-108.20507,36.717769],[-108.205063,36.717949],[-108.205175,36.717952],[-108.205192,36.717501],[-108.205639,36.717512],[-108.205643,36.717422],[-108.205866,36.717427],[-108.20587,36.717337],[-108.205534,36.717329],[-108.20554,36.717149],[-108.2061,36.717162],[-108.206103,36.717072],[-108.206998,36.717093],[-108.206995,36.717183],[-108.207107,36.717186],[-108.207104,36.717276],[-108.206768,36.717268],[-108.206771,36.717178],[-108.206212,36.717165],[-108.206199,36.717525],[-108.206646,36.717535],[-108.20665,36.717445],[-108.206873,36.717451],[-108.20687,36.717541],[-108.206758,36.717538],[-108.206755,36.717628],[-108.206979,36.717633],[-108.206953,36.718354],[-108.206058,36.718333],[-108.206061,36.718243],[-108.205837,36.718238],[-108.20584,36.718148],[-108.205728,36.718145],[-108.205722,36.718325],[-108.205834,36.718328],[-108.20583,36.718418],[-108.205047,36.718399],[-108.205041,36.71858],[-108.205153,36.718582],[-108.205146,36.718762],[-108.20537,36.718768],[-108.205373,36.718678],[-108.205261,36.718675],[-108.205268,36.718495],[-108.20538,36.718497],[-108.205376,36.718588],[-108.205712,36.718595],[-108.205715,36.718505],[-108.20661,36.718526],[-108.206594,36.718977],[-108.206818,36.718982],[-108.206815,36.719072],[-108.20715,36.71908],[-108.207154,36.71899],[-108.207266,36.718993],[-108.207262,36.719083],[-108.207934,36.719098],[-108.207937,36.719008],[-108.208049,36.719011],[-108.208055,36.718831],[-108.208167,36.718833],[-108.208174,36.718653],[-108.208286,36.718656],[-108.208299,36.718296],[-108.208411,36.718298],[-108.208414,36.718208],[-108.208526,36.718211],[-108.208539,36.71785],[-108.208651,36.717853],[-108.208654,36.717763],[-108.208542,36.71776],[-108.208545,36.71767],[-108.208769,36.717675],[-108.208802,36.716775],[-108.208914,36.716777],[-108.20892,36.716597],[-108.209032,36.7166],[-108.209035,36.71651],[-108.209147,36.716512],[-108.209151,36.716422],[-108.209374,36.716427],[-108.209378,36.716337],[-108.209489,36.71634],[-108.209493,36.71625],[-108.209605,36.716252],[-108.209608,36.716162],[-108.209832,36.716168],[-108.209835,36.716078],[-108.210059,36.716083],[-108.210062,36.715993],[-108.210286,36.715998],[-108.210289,36.715908],[-108.210513,36.715913],[-108.210516,36.715823],[-108.21074,36.715828],[-108.210743,36.715738],[-108.210855,36.715741],[-108.210849,36.715921],[-108.211072,36.715926],[-108.211076,36.715836],[-108.211859,36.715854],[-108.211862,36.715764],[-108.212198,36.715772],[-108.212195,36.715862],[-108.21253,36.71587],[-108.212534,36.71578],[-108.212645,36.715783],[-108.212649,36.715693],[-108.212761,36.715695],[-108.212757,36.715785],[-108.212869,36.715788],[-108.212872,36.715698],[-108.212984,36.715701],[-108.212988,36.71561],[-108.2131,36.715613],[-108.213103,36.715523],[-108.213215,36.715526],[-108.213221,36.715345],[-108.213333,36.715348],[-108.213336,36.715258],[-108.213672,36.715266],[-108.213675,36.715176],[-108.213899,36.715181],[-108.213902,36.715091],[-108.214126,36.715096],[-108.214129,36.715006],[-108.214353,36.715011],[-108.214356,36.714921],[-108.214468,36.714924],[-108.214472,36.714834],[-108.214583,36.714836],[-108.214587,36.714746],[-108.214699,36.714749],[-108.214702,36.714659],[-108.214814,36.714661],[-108.214817,36.714571],[-108.215041,36.714577],[-108.215044,36.714487],[-108.215156,36.714489],[-108.215159,36.714399],[-108.215271,36.714402],[-108.215274,36.714312],[-108.214827,36.714301],[-108.214824,36.714391],[-108.214488,36.714383],[-108.214481,36.714564],[-108.214369,36.714561],[-108.214373,36.714471],[-108.214261,36.714468],[-108.214258,36.714558],[-108.214146,36.714556],[-108.214142,36.714646],[-108.213919,36.71464],[-108.213915,36.714731],[-108.213692,36.714725],[-108.213688,36.714815],[-108.213465,36.71481],[-108.213461,36.7149],[-108.213237,36.714895],[-108.213234,36.714985],[-108.213122,36.714982],[-108.213119,36.715073],[-108.212895,36.715067],[-108.212892,36.715157],[-108.21278,36.715155],[-108.212783,36.715065],[-108.212671,36.715062],[-108.212668,36.715152],[-108.212556,36.71515],[-108.21256,36.715059],[-108.212336,36.715054],[-108.212333,36.715144],[-108.212221,36.715142],[-108.212224,36.715052],[-108.212112,36.715049],[-108.212109,36.715139],[-108.21099,36.715113],[-108.210993,36.715023],[-108.21021,36.715004],[-108.210213,36.714914],[-108.209765,36.714904],[-108.209762,36.714994],[-108.209538,36.714989],[-108.209548,36.714718],[-108.20966,36.714721],[-108.209663,36.714631],[-108.209775,36.714634],[-108.209782,36.714453],[-108.210006,36.714459],[-108.210002,36.714549],[-108.210114,36.714551],[-108.21014,36.713831],[-108.210028,36.713828],[-108.210032,36.713738],[-108.20992,36.713735],[-108.209923,36.713645],[-108.210035,36.713648],[-108.210038,36.713558],[-108.209926,36.713555],[-108.209933,36.713375],[-108.210045,36.713378],[-108.210048,36.713288],[-108.209824,36.713282],[-108.209834,36.713012],[-108.210058,36.713017],[-108.210061,36.712927],[-108.210173,36.71293],[-108.210183,36.71266],[-108.210071,36.712657],[-108.21009,36.712116],[-108.210202,36.712119],[-108.210205,36.712029],[-108.210094,36.712026],[-108.210136,36.710855],[-108.210024,36.710853],[-108.210027,36.710763],[-108.209915,36.71076],[-108.209912,36.71085],[-108.209576,36.710842],[-108.20958,36.710752],[-108.209356,36.710747],[-108.209362,36.710567],[-108.209139,36.710561],[-108.209132,36.710742],[-108.208237,36.710721],[-108.20824,36.71063],[-108.208352,36.710633],[-108.208362,36.710363],[-108.208474,36.710365],[-108.208477,36.710275],[-108.208589,36.710278],[-108.208592,36.710188],[-108.20848,36.710185],[-108.20849,36.709915],[-108.208378,36.709912],[-108.208382,36.709822],[-108.208493,36.709825],[-108.208503,36.709555],[-108.208279,36.709549],[-108.208293,36.709189],[-108.208181,36.709186],[-108.208184,36.709096],[-108.208296,36.709099],[-108.208299,36.709009],[-108.208187,36.709006],[-108.20819,36.708916],[-108.208302,36.708919],[-108.208306,36.708829],[-108.208865,36.708842],[-108.208845,36.709382],[-108.208957,36.709385],[-108.208954,36.709475],[-108.209066,36.709478],[-108.209069,36.709388],[-108.209293,36.709393],[-108.209296,36.709303],[-108.209408,36.709305],[-108.209428,36.708765],[-108.210435,36.708789],[-108.210438,36.708698],[-108.21055,36.708701],[-108.210547,36.708791],[-108.210658,36.708794],[-108.210662,36.708704],[-108.211221,36.708717],[-108.211218,36.708807],[-108.211442,36.708812],[-108.211445,36.708722],[-108.211557,36.708725],[-108.211563,36.708544],[-108.211228,36.708537],[-108.211231,36.708447],[-108.211343,36.708449],[-108.211346,36.708359],[-108.211122,36.708354],[-108.211132,36.708084],[-108.210908,36.708078],[-108.210912,36.707988],[-108.2108,36.707986],[-108.210803,36.707896],[-108.210691,36.707893],[-108.210694,36.707803],[-108.210582,36.7078],[-108.210586,36.70771],[-108.210474,36.707707],[-108.21048,36.707527],[-108.210368,36.707525],[-108.210372,36.707435],[-108.21026,36.707432],[-108.210263,36.707342],[-108.210151,36.707339],[-108.210158,36.707159],[-108.210046,36.707156],[-108.210049,36.707066],[-108.209937,36.707064],[-108.20994,36.706974],[-108.209829,36.706971],[-108.209832,36.706881],[-108.20972,36.706878],[-108.209723,36.706788],[-108.209835,36.706791],[-108.209838,36.706701],[-108.209726,36.706698],[-108.20973,36.706608],[-108.209506,36.706603],[-108.209509,36.706513],[-108.209285,36.706508],[-108.209289,36.706417],[-108.209177,36.706415],[-108.20918,36.706325],[-108.208509,36.706309],[-108.208506,36.706399],[-108.20761,36.706378],[-108.207614,36.706288],[-108.206942,36.706272],[-108.206946,36.706182],[-108.206834,36.706179],[-108.206831,36.70627],[-108.206495,36.706262],[-108.206498,36.706172],[-108.206274,36.706166],[-108.206278,36.706076],[-108.205718,36.706063],[-108.205715,36.706153],[-108.205379,36.706145],[-108.205376,36.706235],[-108.205264,36.706233],[-108.205261,36.706323],[-108.204925,36.706315],[-108.204922,36.706405],[-108.204363,36.706392],[-108.204359,36.706482],[-108.203129,36.706453],[-108.203125,36.706543],[-108.202454,36.706527],[-108.202451,36.706617],[-108.20178,36.706602],[-108.201776,36.706692],[-108.201217,36.706679],[-108.201214,36.706769],[-108.20099,36.706763],[-108.200987,36.706853],[-108.200651,36.706846],[-108.200654,36.706756],[-108.200542,36.706753],[-108.200539,36.706843],[-108.19998,36.70683],[-108.199976,36.70692],[-108.199081,36.706899],[-108.199078,36.706989],[-108.198742,36.706981],[-108.198746,36.706891],[-108.198186,36.706878],[-108.198189,36.706788],[-108.197742,36.706777],[-108.197745,36.706687],[-108.197633,36.706684],[-108.19763,36.706774],[-108.197518,36.706772],[-108.197515,36.706862],[-108.197403,36.706859],[-108.197406,36.706769],[-108.197183,36.706764],[-108.197186,36.706674],[-108.197074,36.706671],[-108.197077,36.706581],[-108.196853,36.706576],[-108.19685,36.706666],[-108.196738,36.706663],[-108.196735,36.706753],[-108.196511,36.706748],[-108.196508,36.706838],[-108.196284,36.706833],[-108.196287,36.706743],[-108.196399,36.706745],[-108.196403,36.706655],[-108.195955,36.706645],[-108.195958,36.706555],[-108.195735,36.706549],[-108.195738,36.706459],[-108.195514,36.706454],[-108.195517,36.706364],[-108.195406,36.706361],[-108.195409,36.706271],[-108.195297,36.706269],[-108.195294,36.706359],[-108.195182,36.706356],[-108.195178,36.706446],[-108.194731,36.706436],[-108.194734,36.706346],[-108.19451,36.70634],[-108.194514,36.70625],[-108.194402,36.706248],[-108.194405,36.706157],[-108.194517,36.70616],[-108.19452,36.70607],[-108.194297,36.706065],[-108.1943,36.705975],[-108.194076,36.705969],[-108.194079,36.705879],[-108.193967,36.705877],[-108.193971,36.705787],[-108.193859,36.705784],[-108.193852,36.705964],[-108.193629,36.705959],[-108.193635,36.705779],[-108.193523,36.705776],[-108.19352,36.705866],[-108.193408,36.705863],[-108.193415,36.705683],[-108.193079,36.705675],[-108.193053,36.706396],[-108.193165,36.706399],[-108.193161,36.706489],[-108.193049,36.706486],[-108.193046,36.706576],[-108.193158,36.706579],[-108.193155,36.706669],[-108.193043,36.706666],[-108.192958,36.709008],[-108.193181,36.709014],[-108.193185,36.708924],[-108.193408,36.708929],[-108.193412,36.708839],[-108.193747,36.708847],[-108.193751,36.708757],[-108.193974,36.708762],[-108.193978,36.708672],[-108.19409,36.708675],[-108.194093,36.708584],[-108.194205,36.708587],[-108.194208,36.708497],[-108.19432,36.7085],[-108.194323,36.70841],[-108.194435,36.708412],[-108.194438,36.708322],[-108.194774,36.70833],[-108.194777,36.70824],[-108.195001,36.708245],[-108.195004,36.708155],[-108.19534,36.708163],[-108.195343,36.708073],[-108.195903,36.708086],[-108.195906,36.707996],[-108.197025,36.708022],[-108.197022,36.708113],[-108.197693,36.708128],[-108.197696,36.708038],[-108.198144,36.708049],[-108.198147,36.707959],[-108.198259,36.707961],[-108.198256,36.708051],[-108.198479,36.708057],[-108.198476,36.708147],[-108.1987,36.708152],[-108.198697,36.708242],[-108.199032,36.70825],[-108.199029,36.70834],[-108.199253,36.708345],[-108.199249,36.708436],[-108.199585,36.708443],[-108.199579,36.708624],[-108.19969,36.708626],[-108.199687,36.708716],[-108.199911,36.708722],[-108.199908,36.708812],[-108.199348,36.708798],[-108.199358,36.708528],[-108.199134,36.708523],[-108.199131,36.708613],[-108.199019,36.70861],[-108.199022,36.70852],[-108.198799,36.708515],[-108.198789,36.708785],[-108.198565,36.70878],[-108.198568,36.70869],[-108.198345,36.708685],[-108.198338,36.708865],[-108.198674,36.708873],[-108.19867,36.708963],[-108.198782,36.708965],[-108.198785,36.708875],[-108.198897,36.708878],[-108.198894,36.708968],[-108.19923,36.708976],[-108.199226,36.709066],[-108.199003,36.709061],[-108.198999,36.709151],[-108.198888,36.709148],[-108.198884,36.709238],[-108.198437,36.709228],[-108.198433,36.709318],[-108.198322,36.709315],[-108.198315,36.709495],[-108.198427,36.709498],[-108.198424,36.709588],[-108.198647,36.709593],[-108.198644,36.709684],[-108.198868,36.709689],[-108.198881,36.709328],[-108.199217,36.709336],[-108.19922,36.709246],[-108.199332,36.709249],[-108.199335,36.709159],[-108.199559,36.709164],[-108.199556,36.709254],[-108.199667,36.709257],[-108.199664,36.709347],[-108.2,36.709355],[-108.200003,36.709265],[-108.200227,36.70927],[-108.20023,36.70918],[-108.200118,36.709177],[-108.200122,36.709087],[-108.199674,36.709077],[-108.199677,36.708987],[-108.200013,36.708994],[-108.200016,36.708904],[-108.200352,36.708912],[-108.200358,36.708732],[-108.20047,36.708735],[-108.200454,36.709185],[-108.200566,36.709188],[-108.200572,36.709008],[-108.200684,36.70901],[-108.200691,36.70883],[-108.200915,36.708835],[-108.200911,36.708925],[-108.201135,36.708931],[-108.201138,36.708841],[-108.201362,36.708846],[-108.201365,36.708756],[-108.201589,36.708761],[-108.201586,36.708851],[-108.20181,36.708856],[-108.201813,36.708766],[-108.201925,36.708769],[-108.201922,36.708859],[-108.202145,36.708864],[-108.202142,36.708954],[-108.202366,36.70896],[-108.202363,36.70905],[-108.202474,36.709052],[-108.202471,36.709142],[-108.202583,36.709145],[-108.202573,36.709415],[-108.202685,36.709418],[-108.202679,36.709598],[-108.202902,36.709603],[-108.202899,36.709693],[-108.203011,36.709696],[-108.203008,36.709786],[-108.203455,36.709797],[-108.203459,36.709707],[-108.203682,36.709712],[-108.203689,36.709532],[-108.203801,36.709534],[-108.203811,36.709264],[-108.203922,36.709267],[-108.203926,36.709177],[-108.204038,36.709179],[-108.204041,36.709089],[-108.204153,36.709092],[-108.204156,36.709002],[-108.204268,36.709004],[-108.204271,36.708914],[-108.205054,36.708933],[-108.205058,36.708843],[-108.207407,36.708898],[-108.207404,36.708988],[-108.207292,36.708985],[-108.207289,36.709075],[-108.207177,36.709073],[-108.207164,36.709433],[-108.207276,36.709436],[-108.207266,36.709706],[-108.207154,36.709703],[-108.207151,36.709793],[-108.207263,36.709796],[-108.207256,36.709976],[-108.207368,36.709979],[-108.207332,36.71097],[-108.207444,36.710972],[-108.207434,36.711243],[-108.207322,36.71124],[-108.207319,36.71133],[-108.207207,36.711327],[-108.207204,36.711418],[-108.207316,36.71142],[-108.207306,36.71169],[-108.207418,36.711693],[-108.207415,36.711783],[-108.207527,36.711786],[-108.207517,36.712056],[-108.207293,36.712051],[-108.207283,36.712321],[-108.207171,36.712318],[-108.207165,36.712499],[-108.206382,36.71248],[-108.206378,36.71257],[-108.205483,36.712549],[-108.205477,36.712729],[-108.205253,36.712724],[-108.205256,36.712634],[-108.205368,36.712637],[-108.205371,36.712547],[-108.205259,36.712544],[-108.205263,36.712454],[-108.205151,36.712451],[-108.205154,36.712361],[-108.20493,36.712356],[-108.204927,36.712446],[-108.204703,36.712441],[-108.2047,36.712531],[-108.204588,36.712528],[-108.204582,36.712708],[-108.20447,36.712706],[-108.204466,36.712796],[-108.204354,36.712793],[-108.204351,36.712883],[-108.204239,36.712881],[-108.204236,36.712971],[-108.204348,36.712973],[-108.204341,36.713154],[-108.204118,36.713148],[-108.204114,36.713238],[-108.204002,36.713236],[-108.203999,36.713326],[-108.203552,36.713315],[-108.203548,36.713405],[-108.203436,36.713403],[-108.203433,36.713493],[-108.203321,36.71349],[-108.203318,36.71358],[-108.203094,36.713575],[-108.203101,36.713395],[-108.202989,36.713392],[-108.202995,36.713212],[-108.202884,36.713209],[-108.20288,36.7133],[-108.202768,36.713297],[-108.202752,36.713747],[-108.202976,36.713753],[-108.202969,36.713933],[-108.202857,36.71393],[-108.202854,36.71402],[-108.202966,36.714023],[-108.202963,36.714113],[-108.203075,36.714116],[-108.203078,36.714025],[-108.203302,36.714031],[-108.203308,36.713851],[-108.203196,36.713848],[-108.2032,36.713758],[-108.203535,36.713766],[-108.203542,36.713586],[-108.203989,36.713596],[-108.203986,36.713686],[-108.204098,36.713689],[-108.204095,36.713779],[-108.203983,36.713776],[-108.20398,36.713866],[-108.203868,36.713864],[-108.203864,36.713954],[-108.203976,36.713956],[-108.203973,36.714046],[-108.204085,36.714049],[-108.204078,36.714229],[-108.203855,36.714224],[-108.203848,36.714404],[-108.20396,36.714407],[-108.203957,36.714497],[-108.203845,36.714494],[-108.203842,36.714584],[-108.20373,36.714582],[-108.203726,36.714672],[-108.203279,36.714661],[-108.203276,36.714751],[-108.203052,36.714746],[-108.203049,36.714836],[-108.20316,36.714839],[-108.203151,36.715109],[-108.203263,36.715112],[-108.203259,36.715202],[-108.203707,36.715212],[-108.203697,36.715483],[-108.203585,36.71548],[-108.203582,36.71557],[-108.20347,36.715567],[-108.203467,36.715657],[-108.203355,36.715655],[-108.203348,36.715835],[-108.20346,36.715838],[-108.203457,36.715928],[-108.203569,36.71593],[-108.203562,36.716111],[-108.20345,36.716108],[-108.203447,36.716198],[-108.203335,36.716195],[-108.203332,36.716285],[-108.20322,36.716283],[-108.203217,36.716373],[-108.203105,36.71637],[-108.203098,36.71655],[-108.202986,36.716548],[-108.202983,36.716638],[-108.202871,36.716635],[-108.202865,36.716815],[-108.202753,36.716813],[-108.20275,36.716903],[-108.202638,36.7169],[-108.202631,36.71708],[-108.202519,36.717078],[-108.202516,36.717168],[-108.202404,36.717165],[-108.202398,36.717345],[-108.202286,36.717343],[-108.202282,36.717433],[-108.20217,36.71743],[-108.202164,36.71761],[-108.202052,36.717608],[-108.202045,36.717788],[-108.201934,36.717785],[-108.20193,36.717875],[-108.201818,36.717873],[-108.201812,36.718053],[-108.2017,36.71805],[-108.201693,36.71823],[-108.201582,36.718228],[-108.201572,36.718498],[-108.201684,36.718501],[-108.20168,36.718591],[-108.201568,36.718588],[-108.201559,36.718858],[-108.201671,36.718861],[-108.201667,36.718951],[-108.202003,36.718959],[-108.201987,36.719409],[-108.202099,36.719412]],[[-108.207154,36.71899],[-108.207042,36.718987],[-108.207045,36.718897],[-108.207157,36.7189],[-108.207154,36.71899]],[[-108.208061,36.715585],[-108.207613,36.715575],[-108.20763,36.715124],[-108.207518,36.715122],[-108.207524,36.714941],[-108.207412,36.714939],[-108.207416,36.714849],[-108.207304,36.714846],[-108.207301,36.714936],[-108.207189,36.714933],[-108.207182,36.715114],[-108.20707,36.715111],[-108.20706,36.715381],[-108.206949,36.715379],[-108.206945,36.715469],[-108.206721,36.715463],[-108.206718,36.715554],[-108.205487,36.715525],[-108.205491,36.715435],[-108.205155,36.715427],[-108.205171,36.714976],[-108.205283,36.714979],[-108.205293,36.714709],[-108.205405,36.714711],[-108.205411,36.714531],[-108.205299,36.714528],[-108.205306,36.714348],[-108.205194,36.714346],[-108.205197,36.714256],[-108.204974,36.71425],[-108.204977,36.71416],[-108.204753,36.714155],[-108.204763,36.713885],[-108.204651,36.713882],[-108.204661,36.713612],[-108.204773,36.713614],[-108.204776,36.713524],[-108.204664,36.713522],[-108.204667,36.713432],[-108.204779,36.713434],[-108.204786,36.713254],[-108.204674,36.713252],[-108.204677,36.713161],[-108.204565,36.713159],[-108.204568,36.713069],[-108.204792,36.713074],[-108.204812,36.712533],[-108.204924,36.712536],[-108.204917,36.712716],[-108.205029,36.712719],[-108.205023,36.712899],[-108.205134,36.712902],[-108.205131,36.712992],[-108.205467,36.713],[-108.205457,36.71327],[-108.205569,36.713273],[-108.205566,36.713363],[-108.205789,36.713368],[-108.205796,36.713188],[-108.20602,36.713193],[-108.206017,36.713283],[-108.205905,36.71328],[-108.205901,36.713371],[-108.206013,36.713373],[-108.20601,36.713463],[-108.206346,36.713471],[-108.206339,36.713651],[-108.206563,36.713657],[-108.206566,36.713566],[-108.206678,36.713569],[-108.206675,36.713659],[-108.207011,36.713667],[-108.207007,36.713757],[-108.207119,36.71376],[-108.207126,36.71358],[-108.207238,36.713582],[-108.207234,36.713672],[-108.208129,36.713693],[-108.208142,36.713333],[-108.208254,36.713336],[-108.208267,36.712975],[-108.208379,36.712978],[-108.208383,36.712888],[-108.208494,36.71289],[-108.208501,36.71271],[-108.208277,36.712705],[-108.20828,36.712615],[-108.208392,36.712618],[-108.208402,36.712347],[-108.20829,36.712345],[-108.208297,36.712164],[-108.208632,36.712172],[-108.208636,36.712082],[-108.208748,36.712085],[-108.208744,36.712175],[-108.208856,36.712178],[-108.20886,36.712088],[-108.208971,36.71209],[-108.208975,36.712],[-108.209198,36.712005],[-108.209185,36.712366],[-108.209074,36.712363],[-108.20907,36.712453],[-108.208958,36.71245],[-108.208955,36.712541],[-108.208843,36.712538],[-108.20884,36.712628],[-108.209064,36.712633],[-108.20906,36.712723],[-108.209284,36.712729],[-108.209278,36.712909],[-108.20939,36.712911],[-108.20937,36.713452],[-108.209482,36.713455],[-108.209479,36.713545],[-108.209591,36.713547],[-108.209584,36.713727],[-108.209472,36.713725],[-108.209469,36.713815],[-108.209245,36.71381],[-108.209222,36.71444],[-108.20911,36.714438],[-108.209104,36.714618],[-108.208992,36.714615],[-108.208989,36.714705],[-108.208877,36.714703],[-108.20887,36.714883],[-108.208535,36.714875],[-108.208531,36.714965],[-108.208419,36.714962],[-108.20841,36.715233],[-108.208298,36.71523],[-108.208291,36.71541],[-108.208179,36.715408],[-108.208176,36.715498],[-108.208064,36.715495],[-108.208061,36.715585]],[[-108.204399,36.708466],[-108.204176,36.708461],[-108.204182,36.708281],[-108.203958,36.708276],[-108.203962,36.708186],[-108.204074,36.708188],[-108.20408,36.708008],[-108.204192,36.708011],[-108.204195,36.707921],[-108.204643,36.707931],[-108.204639,36.708021],[-108.204751,36.708024],[-108.204745,36.708204],[-108.204969,36.708209],[-108.204965,36.708299],[-108.204742,36.708294],[-108.204738,36.708384],[-108.204626,36.708382],[-108.20463,36.708292],[-108.204518,36.708289],[-108.204515,36.708379],[-108.204403,36.708376],[-108.204399,36.708466]],[[-108.206328,36.707791],[-108.206104,36.707785],[-108.206107,36.707695],[-108.206331,36.7077],[-108.206328,36.707791]],[[-108.205656,36.707775],[-108.205321,36.707767],[-108.205334,36.707407],[-108.205222,36.707404],[-108.205225,36.707314],[-108.204889,36.707306],[-108.204893,36.707216],[-108.204669,36.707211],[-108.204672,36.70712],[-108.205008,36.707128],[-108.205011,36.707038],[-108.205123,36.707041],[-108.20512,36.707131],[-108.205679,36.707144],[-108.205682,36.707054],[-108.205906,36.707059],[-108.205903,36.707149],[-108.206127,36.707155],[-108.206123,36.707245],[-108.206235,36.707247],[-108.206232,36.707337],[-108.20612,36.707335],[-108.206117,36.707425],[-108.206005,36.707422],[-108.205998,36.707602],[-108.20611,36.707605],[-108.206107,36.707695],[-108.205659,36.707685],[-108.205656,36.707775]],[[-108.200733,36.707659],[-108.200621,36.707656],[-108.200625,36.707566],[-108.199953,36.70755],[-108.19995,36.707641],[-108.199726,36.707635],[-108.19973,36.707545],[-108.199842,36.707548],[-108.199845,36.707458],[-108.200069,36.707463],[-108.200075,36.707283],[-108.200411,36.707291],[-108.200414,36.707201],[-108.200526,36.707203],[-108.200523,36.707293],[-108.200635,36.707296],[-108.200631,36.707386],[-108.200743,36.707389],[-108.200733,36.707659]],[[-108.204672,36.70712],[-108.204225,36.70711],[-108.204228,36.70702],[-108.204675,36.70703],[-108.204672,36.70712]],[[-108.20557,36.707051],[-108.205459,36.707049],[-108.205462,36.706959],[-108.205574,36.706961],[-108.20557,36.707051]],[[-108.204228,36.70702],[-108.203557,36.707004],[-108.20356,36.706914],[-108.203784,36.706919],[-108.203787,36.706829],[-108.204011,36.706834],[-108.204007,36.706925],[-108.204231,36.70693],[-108.204228,36.70702]],[[-108.193494,36.706587],[-108.19327,36.706582],[-108.193273,36.706491],[-108.193385,36.706494],[-108.193388,36.706404],[-108.193724,36.706412],[-108.193721,36.706502],[-108.193497,36.706497],[-108.193494,36.706587]],[[-108.209503,36.706693],[-108.209391,36.70669],[-108.209394,36.7066],[-108.209506,36.706603],[-108.209503,36.706693]],[[-108.20895,36.7065],[-108.208838,36.706497],[-108.208841,36.706407],[-108.208953,36.70641],[-108.20895,36.7065]]]}},{"type":"Feature","properties":{"class":"extent","min_prob":0.5},"geometry":{"type":"Polygon","coordinates":[[[-108.208749,36.705864],[-108.208752,36.705774],[-108.20864,36.705771],[-108.208637,36.705861],[-108.208749,36.705864]]]}},{"type":"Feature","properties":{"class":"extent","min_prob":0.5},"geometry":{"type":"Polygon","coordinates":[[[-108.199015,36.705635],[-108.199018,36.705545],[-108.198907,36.705542],[-108.198903,36.705632],[-108.199015,36.705635]]]}},{"type":"Feature","properties":{"class":"extent","min_prob":0.5},"geometry":{"type":"Polygon","coordinates":[[[-108.198907,36.705542],[-108.19891,36.705452],[-108.198798,36.70545],[-108.198795,36.70554],[-108.198907,36.705542]]]}},{"type":"Feature","properties":{"class":"extent","min_prob":0.5},"geometry":{"type":"Polygon","coordinates":[[[-108.271859,36.707148],[-108.271862,36.707057],[-108.27175,36.707055],[-108.271747,36.707145],[-108.271859,36.707148]]]}},{"type":"Feature","properties":{"class":"extent","min_prob":0.5},"geometry":{"type":"Polygon","coordinates":[[[-108.303863,36.707787],[-108.303866,36.707697],[-108.303754,36.707694],[-108.303751,36.707784],[-108.303863,36.707787]]]}},{"type":"Feature","properties":{"class":"extent","min_prob":0.5},"geometry":{"type":"Polygon","coordinates":[[[-108.303639,36.707782],[-108.303642,36.707692],[-108.303419,36.707687],[-108.303415,36.707777],[-108.303639,36.707782]]]}},{"type":"Feature","properties":{"class":"extent","min_prob":0.5},"geometry":{"type":"Polygon","coordinates":[[[-108.206863,36.705369],[-108.206866,36.705279],[-108.206755,36.705276],[-108.206751,36.705366],[-108.206863,36.705369]]]}},{"type":"Feature","properties":{"class":"extent","min_prob":0.5},"geometry":{"type":"Polygon","coordinates":[[[-108.205639,36.70516],[-108.205642,36.70507],[-108.20553,36.705067],[-108.205527,36.705157],[-108.205639,36.70516]]]}},{"type":"Feature","properties":{"class":"extent","min_prob":0.5},"geometry":{"type":"Polygon","coordinates":[[[-108.205083,36.705056],[-108.205086,36.704966],[-108.204974,36.704964],[-108.204971,36.705054],[-108.205083,36.705056]]]}},{"type":"Feature","properties":{"class":"extent","min_prob":0.5},"geometry":{"type":"Polygon","coordinates":[[[-108.231266,36.705579],[-108.23127,36.705488],[-108.231158,36.705486],[-108.231155,36.705576],[-108.231266,36.705579]]]}},{"type":"Feature","properties":{"class":"extent","min_prob":0.5},"geometry":{"type":"Polygon","coordinates":[[[-108.199766,36.706554],[-108.199769,36.706464],[-108.200328,36.706477],[-108.200332,36.706387],[-108.200779,36.706398],[-108.200782,36.706308],[-108.201006,36.706313],[-108.201003,36.706403],[-108.201674,36.706419],[-108.201677,36.706329],[-108.202125,36.706339],[-108.202128,36.706249],[-108.20224,36.706252],[-108.202237,36.706342],[-108.202684,36.706352],[-108.202688,36.706262],[-108.203135,36.706273],[-108.203138,36.706183],[-108.203698,36.706196],[-108.203701,36.706106],[-108.204149,36.706116],[-108.204152,36.706026],[-108.204264,36.706029],[-108.204267,36.705939],[-108.204603,36.705947],[-108.204606,36.705857],[-108.205165,36.70587],[-108.205169,36.70578],[-108.207518,36.705835],[-108.207521,36.705745],[-108.208528,36.705768],[-108.208532,36.705678],[-108.208308,36.705673],[-108.208311,36.705583],[-108.208087,36.705578],[-108.208091,36.705488],[-108.207979,36.705485],[-108.207975,36.705575],[-108.207864,36.705573],[-108.20787,36.705392],[-108.207423,36.705382],[-108.207426,36.705292],[-108.206978,36.705281],[-108.206972,36.705461],[-108.206748,36.705456],[-108.206751,36.705366],[-108.206639,36.705363],[-108.206636,36.705454],[-108.206524,36.705451],[-108.206528,36.705361],[-108.206304,36.705356],[-108.206307,36.705266],[-108.206195,36.705263],[-108.206192,36.705353],[-108.20608,36.70535],[-108.206083,36.70526],[-108.205859,36.705255],[-108.205863,36.705165],[-108.205639,36.70516],[-108.205636,36.70525],[-108.204853,36.705231],[-108.204849,36.705321],[-108.204402,36.705311],[-108.204399,36.705401],[-108.203951,36.70539],[-108.203948,36.705481],[-108.2035,36.70547],[-108.203497,36.70556],[-108.203161,36.705552],[-108.203158,36.705642],[-108.202599,36.705629],[-108.202595,36.705719],[-108.202036,36.705706],[-108.202033,36.705796],[-108.201809,36.705791],[-108.201812,36.705701],[-108.2017,36.705698],[-108.201697,36.705788],[-108.20125,36.705778],[-108.201246,36.705868],[-108.200463,36.705849],[-108.20046,36.705939],[-108.199453,36.705916],[-108.199456,36.705826],[-108.199344,36.705823],[-108.199348,36.705733],[-108.1989,36.705722],[-108.198903,36.705632],[-108.19868,36.705627],[-108.198683,36.705537],[-108.198459,36.705532],[-108.198462,36.705442],[-108.19835,36.705439],[-108.198354,36.705349],[-108.198018,36.705341],[-108.198025,36.705161],[-108.197465,36.705148],[-108.197468,36.705058],[-108.197133,36.70505],[-108.197136,36.70496],[-108.197024,36.704957],[-108.197028,36.704867],[-108.196916,36.704864],[-108.196919,36.704774],[-108.196807,36.704772],[-108.19681,36.704681],[-108.196587,36.704676],[-108.19659,36.704586],[-108.196366,36.704581],[-108.19636,36.704761],[-108.196024,36.704753],[-108.196021,36.704843],[-108.195797,36.704838],[-108.19579,36.705018],[-108.195678,36.705015],[-108.195682,36.704925],[-108.19557,36.704923],[-108.195567,36.705013],[-108.195455,36.70501],[-108.195451,36.7051],[-108.195563,36.705103],[-108.19556,36.705193],[-108.195448,36.70519],[-108.195445,36.70528],[-108.195557,36.705283],[-108.195553,36.705373],[-108.19533,36.705368],[-108.195323,36.705548],[-108.195435,36.705551],[-108.195428,36.705731],[-108.195317,36.705728],[-108.195313,36.705818],[-108.195649,36.705826],[-108.195646,36.705916],[-108.195869,36.705922],[-108.195866,36.706012],[-108.19609,36.706017],[-108.196087,36.706107],[-108.196758,36.706123],[-108.196755,36.706213],[-108.197426,36.706229],[-108.197423,36.706319],[-108.19787,36.706329],[-108.197867,36.706419],[-108.198203,36.706427],[-108.198199,36.706517],[-108.199766,36.706554]],[[-108.20123,36.706318],[-108.201118,36.706316],[-108.201121,36.706226],[-108.201233,36.706228],[-108.20123,36.706318]],[[-108.196554,36.705577],[-108.196442,36.705574],[-108.196445,36.705484],[-108.196557,36.705487],[-108.196554,36.705577]],[[-108.196333,36.705482],[-108.196221,36.705479],[-108.196225,36.705389],[-108.196337,36.705392],[-108.196333,36.705482]],[[-108.19611,36.705476],[-108.195886,36.705471],[-108.195899,36.705111],[-108.195787,36.705108],[-108.19579,36.705018],[-108.19635,36.705031],[-108.196346,36.705121],[-108.196794,36.705132],[-108.196791,36.705222],[-108.196567,36.705217],[-108.196564,36.705307],[-108.196228,36.705299],[-108.196225,36.705389],[-108.196113,36.705386],[-108.19611,36.705476]]]}},{"type":"Feature","properties":{"class":"extent","min_prob":0.5},"geometry":{"type":"Polygon","coordinates":[[[-108.213938,36.704813],[-108.213941,36.704723],[-108.213829,36.704721],[-108.213826,36.704811],[-108.213938,36.704813]]]}},{"type":"Feature","properties":{"class":"extent","min_prob":0.5},"geometry":{"type":"Polygon","coordinates":[[[-108.310502,36.706855],[-108.310506,36.706765],[-108.310394,36.706763],[-108.31039,36.706853],[-108.310502,36.706855]]]}},{"type":"Feature","properties":{"class":"extent","min_prob":0.5},"geometry":{"type":"Polygon","coordinates":[[[-108.230055,36.705009],[-108.230058,36.704919],[-108.229947,36.704917],[-108.229943,36.705007],[-108.230055,36.705009]]]}},{"type":"Feature","properties":{"class":"extent","min_prob":0.5},"geometry":{"type":"Polygon","coordinates":[[[-108.213618,36.704355],[-108.213625,36.704175],[-108.213289,36.704167],[-108.213283,36.704347],[-108.213395,36.70435],[-108.213398,36.70426],[-108.21351,36.704262],[-108.213506,36.704352],[-108.213618,36.704355]]]}},{"type":"Feature","properties":{"class":"extent","min_prob":0.5},"geometry":{"type":"Polygon","coordinates":[[[-108.19532,36.705638],[-108.195323,36.705548],[-108.195211,36.705545],[-108.195215,36.705455],[-108.195103,36.705453],[-108.195109,36.705272],[-108.194997,36.70527],[-108.195004,36.70509],[-108.195228,36.705095],[-108.195234,36.704915],[-108.194899,36.704907],[-108.194905,36.704727],[-108.194681,36.704721],[-108.194685,36.704631],[-108.194461,36.704626],[-108.194464,36.704536],[-108.19424,36.704531],[-108.194244,36.704441],[-108.194132,36.704438],[-108.194135,36.704348],[-108.194359,36.704353],[-108.194362,36.704263],[-108.194474,36.704266],[-108.194477,36.704176],[-108.194589,36.704178],[-108.194592,36.704088],[-108.194481,36.704086],[-108.194484,36.703995],[-108.194372,36.703993],[-108.194375,36.703903],[-108.194263,36.7039],[-108.194267,36.70381],[-108.193931,36.703802],[-108.193934,36.703712],[-108.193822,36.703709],[-108.193826,36.703619],[-108.193154,36.703603],[-108.193099,36.705135],[-108.193211,36.705138],[-108.193207,36.705228],[-108.193431,36.705233],[-108.193428,36.705323],[-108.19354,36.705326],[-108.193543,36.705236],[-108.193655,36.705238],[-108.193651,36.705328],[-108.194099,36.705339],[-108.194096,36.705429],[-108.194767,36.705445],[-108.194764,36.705535],[-108.194876,36.705537],[-108.194872,36.705628],[-108.19532,36.705638]],[[-108.193928,36.703892],[-108.193816,36.70389],[-108.193819,36.703799],[-108.193931,36.703802],[-108.193928,36.703892]],[[-108.193372,36.703789],[-108.19326,36.703786],[-108.193263,36.703696],[-108.193375,36.703699],[-108.193372,36.703789]]]}},{"type":"Feature","properties":{"class":"extent","min_prob":0.5},"geometry":{"type":"Polygon","coordinates":[[[-108.272476,36.705539],[-108.272479,36.705449],[-108.272367,36.705446],[-108.272364,36.705536],[-108.272476,36.705539]]]}},{"type":"Feature","properties":{"class":"extent","min_prob":0.5},"geometry":{"type":"Polygon","coordinates":[[[-108.213852,36.70409],[-108.213855,36.704],[-108.213743,36.703997],[-108.21374,36.704087],[-108.213852,36.70409]]]}},{"type":"Feature","properties":{"class":"extent","min_prob":0.5},"geometry":{"type":"Polygon","coordinates":[[[-108.213743,36.703997],[-108.213746,36.703907],[-108.213635,36.703905],[-108.213631,36.703995],[-108.213743,36.703997]]]}},{"type":"Feature","properties":{"class":"extent","min_prob":0.5},"geometry":{"type":"Polygon","coordinates":[[[-108.213408,36.703989],[-108.213411,36.703899],[-108.213299,36.703897],[-108.213296,36.703987],[-108.213408,36.703989]]]}},{"type":"Feature","properties":{"class":"extent","min_prob":0.5},"geometry":{"type":"Polygon","coordinates":[[[-108.1945,36.703545],[-108.19451,36.703275],[-108.194286,36.70327],[-108.19428,36.70345],[-108.194392,36.703452],[-108.194388,36.703542],[-108.1945,36.703545]]]}},{"type":"Feature","properties":{"class":"extent","min_prob":0.5},"geometry":{"type":"Polygon","coordinates":[[[-108.194842,36.703373],[-108.194849,36.703193],[-108.194737,36.70319],[-108.19473,36.70337],[-108.194842,36.703373]]]}},{"type":"Feature","properties":{"class":"extent","min_prob":0.5},"geometry":{"type":"Polygon","coordinates":[[[-108.194622,36.703277],[-108.194625,36.703187],[-108.194513,36.703185],[-108.19451,36.703275],[-108.194622,36.703277]]]}},{"type":"Feature","properties":{"class":"extent","min_prob":0.5},"geometry":{"type":"Polygon","coordinates":[[[-108.226514,36.703845],[-108.226517,36.703755],[-108.226405,36.703752],[-108.226402,36.703842],[-108.226514,36.703845]]]}},{"type":"Feature","properties":{"class":"extent","min_prob":0.5},"geometry":{"type":"Polygon","coordinates":[[[-108.215997,36.703599],[-108.216,36.703509],[-108.215888,36.703507],[-108.215885,36.703597],[-108.215997,36.703599]]]}},{"type":"Feature","properties":{"class":"extent","min_prob":0.5},"geometry":{"type":"Polygon","coordinates":[[[-108.200216,36.703409],[-108.200229,36.703049],[-108.200117,36.703046],[-108.200104,36.703407],[-108.200216,36.703409]]]}},{"type":"Feature","properties":{"class":"extent","min_prob":0.5},"geometry":{"type":"Polygon","coordinates":[[[-108.226853,36.703763],[-108.226856,36.703673],[-108.226632,36.703667],[-108.226629,36.703757],[-108.226853,36.703763]]]}},{"type":"Feature","properties":{"class":"extent","min_prob":0.5},"geometry":{"type":"Polygon","coordinates":[[[-108.19554,36.702668],[-108.195543,36.702578],[-108.195431,36.702575],[-108.195435,36.702485],[-108.195211,36.70248],[-108.195207,36.70257],[-108.195319,36.702573],[-108.195316,36.702663],[-108.19554,36.702668]]]}},{"type":"Feature","properties":{"class":"extent","min_prob":0.5},"geometry":{"type":"Polygon","coordinates":[[[-108.214898,36.703033],[-108.214901,36.702942],[-108.214789,36.70294],[-108.214786,36.70303],[-108.214898,36.703033]]]}},{"type":"Feature","properties":{"class":"extent","min_prob":0.5},"geometry":{"type":"Polygon","coordinates":[[[-108.293443,36.704755],[-108.293446,36.704665],[-108.293334,36.704663],[-108.293331,36.704753],[-108.293443,36.704755]]]}},{"type":"Feature","properties":{"class":"extent","min_prob":0.5},"geometry":{"type":"Polygon","coordinates":[[[-108.295348,36.704709],[-108.295351,36.704618],[-108.29524,36.704616],[-108.295236,36.704706],[-108.295348,36.704709]]]}},{"type":"Feature","properties":{"class":"extent","min_prob":0.5},"geometry":{"type":"Polygon","coordinates":[[[-108.303075,36.704704],[-108.303078,36.704614],[-108.302966,36.704611],[-108.302963,36.704701],[-108.303075,36.704704]]]}},{"type":"Feature","properties":{"class":"extent","min_prob":0.5},"geometry":{"type":"Polygon","coordinates":[[[-108.215365,36.702503],[-108.215368,36.702412],[-108.215256,36.70241],[-108.215253,36.7025],[-108.215365,36.702503]]]}},{"type":"Feature","properties":{"class":"extent","min_prob":0.5},"geometry":{"type":"Polygon","coordinates":[[[-108.303311,36.704348],[-108.303314,36.704258],[-108.303203,36.704256],[-108.303199,36.704346],[-108.303311,36.704348]]]}},{"type":"Feature","properties":{"class":"extent","min_prob":0.5},"geometry":{"type":"Polygon","coordinates":[[[-108.302081,36.70432],[-108.302084,36.70423],[-108.301972,36.704228],[-108.301969,36.704318],[-108.302081,36.70432]]]}},{"type":"Feature","properties":{"class":"extent","min_prob":0.5},"geometry":{"type":"Polygon","coordinates":[[[-108.293456,36.704395],[-108.293459,36.704305],[-108.293571,36.704307],[-108.293583,36.703947],[-108.293248,36.703939],[-108.293235,36.7043],[-108.293347,36.704302],[-108.293344,36.704392],[-108.293456,36.704395]]]}},{"type":"Feature","properties":{"class":"extent","min_prob":0.5},"geometry":{"type":"Polygon","coordinates":[[[-108.301636,36.70422],[-108.301639,36.70413],[-108.301415,36.704125],[-108.301412,36.704215],[-108.301636,36.70422]]]}},{"type":"Feature","properties":{"class":"extent","min_prob":0.5},"geometry":{"type":"Polygon","coordinates":[[[-108.295035,36.70407],[-108.295038,36.70398],[-108.294926,36.703978],[-108.294923,36.704068],[-108.295035,36.70407]]]}},{"type":"Feature","properties":{"class":"extent","min_prob":0.5},"geometry":{"type":"Polygon","coordinates":[[[-108.217277,36.702277],[-108.21728,36.702187],[-108.217168,36.702184],[-108.217165,36.702274],[-108.217277,36.702277]]]}},{"type":"Feature","properties":{"class":"extent","min_prob":0.5},"geometry":{"type":"Polygon","coordinates":[[[-108.303426,36.704261],[-108.303433,36.704081],[-108.303321,36.704078],[-108.303314,36.704258],[-108.303426,36.704261]]]}},{"type":"Feature","properties":{"class":"extent","min_prob":0.5},"geometry":{"type":"Polygon","coordinates":[[[-108.292011,36.704092],[-108.292014,36.704002],[-108.292126,36.704004],[-108.292132,36.703824],[-108.291908,36.703819],[-108.291902,36.703999],[-108.291678,36.703994],[-108.291681,36.703904],[-108.291569,36.703901],[-108.291563,36.704081],[-108.292011,36.704092]]]}},{"type":"Feature","properties":{"class":"extent","min_prob":0.5},"geometry":{"type":"Polygon","coordinates":[[[-108.298283,36.704054],[-108.298286,36.703964],[-108.298174,36.703961],[-108.298171,36.704051],[-108.298283,36.704054]]]}},{"type":"Feature","properties":{"class":"extent","min_prob":0.5},"geometry":{"type":"Polygon","coordinates":[[[-108.217951,36.702202],[-108.217954,36.702112],[-108.217842,36.70211],[-108.217839,36.7022],[-108.217951,36.702202]]]}},{"type":"Feature","properties":{"class":"extent","min_prob":0.5},"geometry":{"type":"Polygon","coordinates":[[[-108.301307,36.704032],[-108.30131,36.703942],[-108.301198,36.70394],[-108.301195,36.70403],[-108.301307,36.704032]]]}},{"type":"Feature","properties":{"class":"extent","min_prob":0.5},"geometry":{"type":"Polygon","coordinates":[[[-108.298174,36.703961],[-108.298177,36.703871],[-108.298065,36.703869],[-108.298062,36.703959],[-108.298174,36.703961]]]}},{"type":"Feature","properties":{"class":"extent","min_prob":0.5},"geometry":{"type":"Polygon","coordinates":[[[-108.293698,36.70386],[-108.293702,36.703769],[-108.29359,36.703767],[-108.293593,36.703677],[-108.293481,36.703674],[-108.293478,36.703764],[-108.293366,36.703762],[-108.293363,36.703852],[-108.293698,36.70386]]]}},{"type":"Feature","properties":{"class":"extent","min_prob":0.5},"geometry":{"type":"Polygon","coordinates":[[[-108.298065,36.703869],[-108.298068,36.703779],[-108.297956,36.703776],[-108.297953,36.703866],[-108.298065,36.703869]]]}},{"type":"Feature","properties":{"class":"extent","min_prob":0.5},"geometry":{"type":"Polygon","coordinates":[[[-108.319887,36.704272],[-108.31989,36.704182],[-108.319778,36.704179],[-108.319775,36.70427],[-108.319887,36.704272]]]}},{"type":"Feature","properties":{"class":"extent","min_prob":0.5},"geometry":{"type":"Polygon","coordinates":[[[-108.303551,36.703903],[-108.303554,36.703813],[-108.303442,36.70381],[-108.303439,36.7039],[-108.303551,36.703903]]]}},{"type":"Feature","properties":{"class":"extent","min_prob":0.5},"geometry":{"type":"Polygon","coordinates":[[[-108.291684,36.703814],[-108.291688,36.703724],[-108.291799,36.703726],[-108.291803,36.703636],[-108.291915,36.703639],[-108.291918,36.703549],[-108.29147,36.703538],[-108.291461,36.703809],[-108.291684,36.703814]]]}},{"type":"Feature","properties":{"class":"extent","min_prob":0.5},"geometry":{"type":"Polygon","coordinates":[[[-108.255888,36.702813],[-108.255891,36.702723],[-108.255779,36.70272],[-108.255776,36.70281],[-108.255888,36.702813]]]}},{"type":"Feature","properties":{"class":"extent","min_prob":0.5},"geometry":{"type":"Polygon","coordinates":[[[-108.225338,36.702285],[-108.225341,36.702195],[-108.225453,36.702197],[-108.22546,36.702017],[-108.225236,36.702012],[-108.225239,36.701922],[-108.225127,36.701919],[-108.225118,36.702189],[-108.22523,36.702192],[-108.225226,36.702282],[-108.225338,36.702285]]]}},{"type":"Feature","properties":{"class":"extent","min_prob":0.5},"geometry":{"type":"Polygon","coordinates":[[[-108.31888,36.704249],[-108.318886,36.704069],[-108.318774,36.704067],[-108.318771,36.704157],[-108.318659,36.704154],[-108.318662,36.704064],[-108.318214,36.704054],[-108.318211,36.704144],[-108.318547,36.704152],[-108.318544,36.704242],[-108.31888,36.704249]]]}},{"type":"Feature","properties":{"class":"extent","min_prob":0.5},"geometry":{"type":"Polygon","coordinates":[[[-108.294482,36.703877],[-108.294488,36.703697],[-108.2946,36.7037],[-108.294606,36.70352],[-108.29427,36.703512],[-108.294264,36.703692],[-108.294152,36.70369],[-108.294149,36.70378],[-108.294261,36.703782],[-108.294258,36.703872],[-108.294482,36.703877]]]}},{"type":"Feature","properties":{"class":"extent","min_prob":0.5},"geometry":{"type":"Polygon","coordinates":[[[-108.320225,36.70419],[-108.320229,36.704099],[-108.320117,36.704097],[-108.320113,36.704187],[-108.320225,36.70419]]]}},{"type":"Feature","properties":{"class":"extent","min_prob":0.5},"geometry":{"type":"Polygon","coordinates":[[[-108.319778,36.704179],[-108.319781,36.704089],[-108.319557,36.704084],[-108.319554,36.704174],[-108.319778,36.704179]]]}},{"type":"Feature","properties":{"class":"extent","min_prob":0.5},"geometry":{"type":"Polygon","coordinates":[[[-108.2183,36.70185],[-108.218303,36.70176],[-108.218191,36.701757],[-108.218188,36.701847],[-108.2183,36.70185]]]}},{"type":"Feature","properties":{"class":"extent","min_prob":0.5},"geometry":{"type":"Polygon","coordinates":[[[-108.32034,36.704102],[-108.320344,36.704012],[-108.320232,36.704009],[-108.320229,36.704099],[-108.32034,36.704102]]]}},{"type":"Feature","properties":{"class":"extent","min_prob":0.5},"geometry":{"type":"Polygon","coordinates":[[[-108.318103,36.704052],[-108.318106,36.703961],[-108.317994,36.703959],[-108.317991,36.704049],[-108.318103,36.704052]]]}},{"type":"Feature","properties":{"class":"extent","min_prob":0.5},"geometry":{"type":"Polygon","coordinates":[[[-108.292813,36.703569],[-108.292816,36.703479],[-108.292928,36.703481],[-108.292931,36.703391],[-108.292707,36.703386],[-108.292701,36.703566],[-108.292813,36.703569]]]}},{"type":"Feature","properties":{"class":"extent","min_prob":0.5},"geometry":{"type":"Polygon","coordinates":[[[-108.218415,36.701762],[-108.218418,36.701672],[-108.218306,36.70167],[-108.218303,36.70176],[-108.218415,36.701762]]]}},{"type":"Feature","properties":{"class":"extent","min_prob":0.5},"geometry":{"type":"Polygon","coordinates":[[[-108.303784,36.703638],[-108.303787,36.703548],[-108.303675,36.703545],[-108.303672,36.703635],[-108.303784,36.703638]]]}},{"type":"Feature","properties":{"class":"extent","min_prob":0.5},"geometry":{"type":"Polygon","coordinates":[[[-108.317549,36.703859],[-108.317553,36.703769],[-108.317441,36.703766],[-108.317438,36.703856],[-108.317549,36.703859]]]}},{"type":"Feature","properties":{"class":"extent","min_prob":0.5},"geometry":{"type":"Polygon","coordinates":[[[-108.317326,36.703854],[-108.317329,36.703764],[-108.317217,36.703761],[-108.317214,36.703851],[-108.317326,36.703854]]]}},{"type":"Feature","properties":{"class":"extent","min_prob":0.5},"geometry":{"type":"Polygon","coordinates":[[[-108.225022,36.701736],[-108.225025,36.701646],[-108.224913,36.701644],[-108.22491,36.701734],[-108.225022,36.701736]]]}},{"type":"Feature","properties":{"class":"extent","min_prob":0.5},"geometry":{"type":"Polygon","coordinates":[[[-108.292145,36.703464],[-108.292148,36.703373],[-108.292372,36.703379],[-108.292375,36.703288],[-108.292263,36.703286],[-108.292266,36.703196],[-108.29193,36.703188],[-108.291934,36.703098],[-108.29171,36.703093],[-108.291703,36.703273],[-108.291815,36.703276],[-108.291812,36.703366],[-108.292036,36.703371],[-108.292033,36.703461],[-108.292145,36.703464]]]}},{"type":"Feature","properties":{"class":"extent","min_prob":0.5},"geometry":{"type":"Polygon","coordinates":[[[-108.320459,36.703924],[-108.320465,36.703744],[-108.320353,36.703742],[-108.320347,36.703922],[-108.320459,36.703924]]]}},{"type":"Feature","properties":{"class":"extent","min_prob":0.5},"geometry":{"type":"Polygon","coordinates":[[[-108.218533,36.701585],[-108.21854,36.701405],[-108.218428,36.701402],[-108.218421,36.701582],[-108.218533,36.701585]]]}},{"type":"Feature","properties":{"class":"extent","min_prob":0.5},"geometry":{"type":"Polygon","coordinates":[[[-108.320685,36.703839],[-108.320689,36.703749],[-108.320577,36.703747],[-108.320574,36.703837],[-108.320685,36.703839]]]}},{"type":"Feature","properties":{"class":"extent","min_prob":0.5},"geometry":{"type":"Polygon","coordinates":[[[-108.294056,36.703237],[-108.294059,36.703146],[-108.293947,36.703144],[-108.293944,36.703234],[-108.294056,36.703237]]]}},{"type":"Feature","properties":{"class":"extent","min_prob":0.5},"geometry":{"type":"Polygon","coordinates":[[[-108.29249,36.703201],[-108.292493,36.703111],[-108.292381,36.703108],[-108.292378,36.703198],[-108.29249,36.703201]]]}},{"type":"Feature","properties":{"class":"extent","min_prob":0.5},"geometry":{"type":"Polygon","coordinates":[[[-108.224913,36.701644],[-108.224917,36.701554],[-108.224805,36.701551],[-108.224801,36.701641],[-108.224913,36.701644]]]}},{"type":"Feature","properties":{"class":"extent","min_prob":0.5},"geometry":{"type":"Polygon","coordinates":[[[-108.223795,36.701618],[-108.223798,36.701528],[-108.223686,36.701525],[-108.223689,36.701435],[-108.223577,36.701432],[-108.223574,36.701522],[-108.223462,36.70152],[-108.223459,36.70161],[-108.223795,36.701618]]]}},{"type":"Feature","properties":{"class":"extent","min_prob":0.5},"geometry":{"type":"Polygon","coordinates":[[[-108.300437,36.703291],[-108.30044,36.703201],[-108.300328,36.703199],[-108.300325,36.703289],[-108.300437,36.703291]]]}},{"type":"Feature","properties":{"class":"extent","min_prob":0.5},"geometry":{"type":"Polygon","coordinates":[[[-108.294731,36.703162],[-108.294734,36.703072],[-108.294622,36.703069],[-108.294619,36.703159],[-108.294731,36.703162]]]}},{"type":"Feature","properties":{"class":"extent","min_prob":0.5},"geometry":{"type":"Polygon","coordinates":[[[-108.303573,36.703272],[-108.303576,36.703182],[-108.303464,36.70318],[-108.303461,36.70327],[-108.303573,36.703272]]]}},{"type":"Feature","properties":{"class":"extent","min_prob":0.5},"geometry":{"type":"Polygon","coordinates":[[[-108.292045,36.703101],[-108.292055,36.70283],[-108.291943,36.702828],[-108.291934,36.703098],[-108.292045,36.703101]]]}},{"type":"Feature","properties":{"class":"extent","min_prob":0.5},"geometry":{"type":"Polygon","coordinates":[[[-108.309394,36.703314],[-108.309397,36.703224],[-108.309285,36.703221],[-108.309282,36.703311],[-108.309394,36.703314]]]}},{"type":"Feature","properties":{"class":"extent","min_prob":0.5},"geometry":{"type":"Polygon","coordinates":[[[-108.316894,36.703393],[-108.316897,36.703303],[-108.316785,36.703301],[-108.316782,36.703391],[-108.316894,36.703393]]]}},{"type":"Feature","properties":{"class":"extent","min_prob":0.5},"geometry":{"type":"Polygon","coordinates":[[[-108.291943,36.702828],[-108.291946,36.702738],[-108.291722,36.702733],[-108.291719,36.702823],[-108.291943,36.702828]]]}},{"type":"Feature","properties":{"class":"extent","min_prob":0.5},"geometry":{"type":"Polygon","coordinates":[[[-108.309621,36.703229],[-108.309627,36.703049],[-108.30918,36.703039],[-108.309177,36.703129],[-108.309512,36.703136],[-108.309509,36.703226],[-108.309621,36.703229]]]}},{"type":"Feature","properties":{"class":"extent","min_prob":0.5},"geometry":{"type":"Polygon","coordinates":[[[-108.221126,36.701104],[-108.221129,36.701014],[-108.220905,36.701009],[-108.220902,36.701099],[-108.221126,36.701104]]]}},{"type":"Feature","properties":{"class":"extent","min_prob":0.5},"geometry":{"type":"Polygon","coordinates":[[[-108.322383,36.703336],[-108.322386,36.703246],[-108.322162,36.703241],[-108.322159,36.703331],[-108.322383,36.703336]]]}},{"type":"Feature","properties":{"class":"extent","min_prob":0.5},"geometry":{"type":"Polygon","coordinates":[[[-108.302019,36.702876],[-108.302022,36.702786],[-108.301798,36.702781],[-108.301795,36.702871],[-108.302019,36.702876]]]}},{"type":"Feature","properties":{"class":"extent","min_prob":0.5},"geometry":{"type":"Polygon","coordinates":[[[-108.322498,36.703249],[-108.322501,36.703159],[-108.322389,36.703156],[-108.322386,36.703246],[-108.322498,36.703249]]]}},{"type":"Feature","properties":{"class":"extent","min_prob":0.5},"geometry":{"type":"Polygon","coordinates":[[[-108.30348,36.702729],[-108.303486,36.702549],[-108.303374,36.702546],[-108.303368,36.702727],[-108.30348,36.702729]]]}},{"type":"Feature","properties":{"class":"extent","min_prob":0.5},"geometry":{"type":"Polygon","coordinates":[[[-108.322728,36.703074],[-108.322731,36.702984],[-108.322619,36.702981],[-108.322616,36.703071],[-108.322728,36.703074]]]}},{"type":"Feature","properties":{"class":"extent","min_prob":0.5},"geometry":{"type":"Polygon","coordinates":[[[-108.301584,36.702506],[-108.301587,36.702416],[-108.301475,36.702413],[-108.301472,36.702503],[-108.301584,36.702506]]]}},{"type":"Feature","properties":{"class":"extent","min_prob":0.5},"geometry":{"type":"Polygon","coordinates":[[[-108.303598,36.702552],[-108.303604,36.702371],[-108.303492,36.702369],[-108.303486,36.702549],[-108.303598,36.702552]]]}},{"type":"Feature","properties":{"class":"extent","min_prob":0.5},"geometry":{"type":"Polygon","coordinates":[[[-108.221369,36.700569],[-108.221376,36.700389],[-108.221264,36.700386],[-108.221257,36.700567],[-108.221369,36.700569]]]}},{"type":"Feature","properties":{"class":"extent","min_prob":0.5},"geometry":{"type":"Polygon","coordinates":[[[-108.302038,36.702336],[-108.302041,36.702246],[-108.301817,36.702241],[-108.301814,36.702331],[-108.302038,36.702336]]]}},{"type":"Feature","properties":{"class":"extent","min_prob":0.5},"geometry":{"type":"Polygon","coordinates":[[[-108.285815,36.701967],[-108.285818,36.701877],[-108.285706,36.701874],[-108.285703,36.701964],[-108.285815,36.701967]]]}},{"type":"Feature","properties":{"class":"extent","min_prob":0.5},"geometry":{"type":"Polygon","coordinates":[[[-108.302857,36.704518],[-108.302867,36.704248],[-108.302979,36.704251],[-108.302982,36.704161],[-108.303094,36.704163],[-108.3031,36.703983],[-108.303212,36.703985],[-108.303231,36.703445],[-108.303119,36.703442],[-108.303122,36.703352],[-108.30301,36.70335],[-108.303013,36.70326],[-108.303125,36.703262],[-108.303128,36.703172],[-108.30324,36.703175],[-108.303237,36.703265],[-108.303349,36.703267],[-108.303352,36.703177],[-108.303464,36.70318],[-108.303467,36.70309],[-108.303355,36.703087],[-108.303359,36.702997],[-108.303247,36.702994],[-108.303243,36.703084],[-108.303132,36.703082],[-108.303154,36.702451],[-108.30293,36.702446],[-108.302933,36.702356],[-108.302821,36.702354],[-108.302824,36.702264],[-108.302601,36.702258],[-108.302604,36.702168],[-108.30238,36.702163],[-108.302377,36.702253],[-108.302265,36.702251],[-108.302259,36.702431],[-108.30237,36.702434],[-108.302364,36.702614],[-108.302252,36.702611],[-108.302243,36.702881],[-108.302019,36.702876],[-108.302013,36.703057],[-108.301341,36.703041],[-108.301345,36.702951],[-108.301233,36.702949],[-108.30123,36.703039],[-108.301006,36.703034],[-108.301009,36.702944],[-108.300897,36.702941],[-108.300894,36.703031],[-108.300782,36.703029],[-108.300779,36.703119],[-108.301003,36.703124],[-108.300999,36.703214],[-108.301111,36.703216],[-108.301108,36.703307],[-108.300996,36.703304],[-108.300993,36.703394],[-108.301105,36.703397],[-108.301102,36.703487],[-108.301326,36.703492],[-108.301319,36.703672],[-108.301543,36.703677],[-108.30154,36.703767],[-108.301652,36.70377],[-108.301649,36.70386],[-108.301761,36.703862],[-108.301757,36.703952],[-108.301869,36.703955],[-108.301866,36.704045],[-108.30209,36.70405],[-108.302084,36.70423],[-108.302196,36.704233],[-108.302192,36.704323],[-108.302416,36.704328],[-108.302413,36.704418],[-108.302525,36.704421],[-108.302522,36.704511],[-108.302857,36.704518]],[[-108.30256,36.70343],[-108.302112,36.703419],[-108.302115,36.703329],[-108.302227,36.703332],[-108.302233,36.703152],[-108.302345,36.703154],[-108.302348,36.703064],[-108.302237,36.703062],[-108.30224,36.702972],[-108.303023,36.702989],[-108.303013,36.70326],[-108.302342,36.703244],[-108.302339,36.703334],[-108.302563,36.70334],[-108.30256,36.70343]]]}},{"type":"Feature","properties":{"class":"extent","min_prob":0.5},"geometry":{"type":"Polygon","coordinates":[[[-108.302044,36.702156],[-108.302047,36.702066],[-108.301936,36.702063],[-108.301932,36.702153],[-108.302044,36.702156]]]}},{"type":"Feature","properties":{"class":"extent","min_prob":0.5},"geometry":{"type":"Polygon","coordinates":[[[-108.270829,36.701444],[-108.270832,36.701354],[-108.27072,36.701351],[-108.270717,36.701441],[-108.270829,36.701444]]]}},{"type":"Feature","properties":{"class":"extent","min_prob":0.5},"geometry":{"type":"Polygon","coordinates":[[[-108.303163,36.702181],[-108.303169,36.702001],[-108.303058,36.701998],[-108.303051,36.702178],[-108.303163,36.702181]]]}},{"type":"Feature","properties":{"class":"extent","min_prob":0.5},"geometry":{"type":"Polygon","coordinates":[[[-108.323312,36.702366],[-108.323315,36.702275],[-108.323203,36.702273],[-108.3232,36.702363],[-108.323312,36.702366]]]}},{"type":"Feature","properties":{"class":"extent","min_prob":0.5},"geometry":{"type":"Polygon","coordinates":[[[-108.294672,36.701628],[-108.294676,36.701538],[-108.294564,36.701535],[-108.294561,36.701625],[-108.294672,36.701628]]]}},{"type":"Feature","properties":{"class":"extent","min_prob":0.5},"geometry":{"type":"Polygon","coordinates":[[[-108.303061,36.701908],[-108.30307,36.701638],[-108.302958,36.701635],[-108.302949,36.701906],[-108.303061,36.701908]]]}},{"type":"Feature","properties":{"class":"extent","min_prob":0.5},"geometry":{"type":"Polygon","coordinates":[[[-108.310116,36.701888],[-108.310119,36.701798],[-108.309783,36.70179],[-108.30978,36.70188],[-108.310116,36.701888]]]}},{"type":"Feature","properties":{"class":"extent","min_prob":0.5},"geometry":{"type":"Polygon","coordinates":[[[-108.324779,36.702038],[-108.324785,36.701858],[-108.324562,36.701853],[-108.324555,36.702033],[-108.324779,36.702038]]]}},{"type":"Feature","properties":{"class":"extent","min_prob":0.5},"geometry":{"type":"Polygon","coordinates":[[[-108.323545,36.7021],[-108.323548,36.70201],[-108.32366,36.702013],[-108.323663,36.701923],[-108.323551,36.70192],[-108.323555,36.70183],[-108.323443,36.701828],[-108.32344,36.701918],[-108.323328,36.701915],[-108.323325,36.702005],[-108.323436,36.702008],[-108.323433,36.702098],[-108.323545,36.7021]]]}},{"type":"Feature","properties":{"class":"extent","min_prob":0.5},"geometry":{"type":"Polygon","coordinates":[[[-108.270631,36.700718],[-108.270634,36.700628],[-108.270522,36.700625],[-108.270519,36.700715],[-108.270631,36.700718]]]}},{"type":"Feature","properties":{"class":"extent","min_prob":0.5},"geometry":{"type":"Polygon","coordinates":[[[-108.323666,36.701833],[-108.32367,36.701742],[-108.323558,36.70174],[-108.323555,36.70183],[-108.323666,36.701833]]]}},{"type":"Feature","properties":{"class":"extent","min_prob":0.5},"geometry":{"type":"Polygon","coordinates":[[[-108.323443,36.701828],[-108.323446,36.701737],[-108.323334,36.701735],[-108.323331,36.701825],[-108.323443,36.701828]]]}},{"type":"Feature","properties":{"class":"extent","min_prob":0.5},"geometry":{"type":"Polygon","coordinates":[[[-108.306436,36.701444],[-108.306439,36.701354],[-108.305992,36.701343],[-108.305995,36.701253],[-108.305771,36.701248],[-108.305765,36.701428],[-108.306436,36.701444]]]}},{"type":"Feature","properties":{"class":"extent","min_prob":0.5},"geometry":{"type":"Polygon","coordinates":[[[-108.325124,36.701775],[-108.325127,36.701685],[-108.325015,36.701683],[-108.325012,36.701773],[-108.325124,36.701775]]]}},{"type":"Feature","properties":{"class":"extent","min_prob":0.5},"geometry":{"type":"Polygon","coordinates":[[[-108.324677,36.701765],[-108.32468,36.701675],[-108.324568,36.701673],[-108.324565,36.701763],[-108.324677,36.701765]]]}},{"type":"Feature","properties":{"class":"extent","min_prob":0.5},"geometry":{"type":"Polygon","coordinates":[[[-108.323781,36.701745],[-108.323788,36.701565],[-108.323676,36.701562],[-108.32367,36.701742],[-108.323781,36.701745]]]}},{"type":"Feature","properties":{"class":"extent","min_prob":0.5},"geometry":{"type":"Polygon","coordinates":[[[-108.315281,36.701463],[-108.315284,36.701373],[-108.315173,36.701371],[-108.315169,36.701461],[-108.315281,36.701463]]]}},{"type":"Feature","properties":{"class":"extent","min_prob":0.5},"geometry":{"type":"Polygon","coordinates":[[[-108.307785,36.701294],[-108.307788,36.701204],[-108.307676,36.701201],[-108.307673,36.701291],[-108.307785,36.701294]]]}},{"type":"Feature","properties":{"class":"extent","min_prob":0.5},"geometry":{"type":"Polygon","coordinates":[[[-108.3239,36.701567],[-108.323903,36.701477],[-108.323791,36.701475],[-108.323788,36.701565],[-108.3239,36.701567]]]}},{"type":"Feature","properties":{"class":"extent","min_prob":0.5},"geometry":{"type":"Polygon","coordinates":[[[-108.308459,36.701219],[-108.308463,36.701129],[-108.308351,36.701126],[-108.308348,36.701216],[-108.308459,36.701219]]]}},{"type":"Feature","properties":{"class":"extent","min_prob":0.5},"geometry":{"type":"Polygon","coordinates":[[[-108.308236,36.701214],[-108.308239,36.701124],[-108.307903,36.701116],[-108.3079,36.701206],[-108.308236,36.701214]]]}},{"type":"Feature","properties":{"class":"extent","min_prob":0.5},"geometry":{"type":"Polygon","coordinates":[[[-108.303089,36.701097],[-108.303095,36.700917],[-108.302872,36.700912],[-108.302865,36.701092],[-108.303089,36.701097]]]}},{"type":"Feature","properties":{"class":"extent","min_prob":0.5},"geometry":{"type":"Polygon","coordinates":[[[-108.32491,36.7015],[-108.324913,36.70141],[-108.324801,36.701407],[-108.324798,36.701497],[-108.32491,36.7015]]]}},{"type":"Feature","properties":{"class":"extent","min_prob":0.5},"geometry":{"type":"Polygon","coordinates":[[[-108.313386,36.70124],[-108.313389,36.70115],[-108.313277,36.701148],[-108.313274,36.701238],[-108.313386,36.70124]]]}},{"type":"Feature","properties":{"class":"extent","min_prob":0.5},"geometry":{"type":"Polygon","coordinates":[[[-108.308351,36.701126],[-108.308354,36.701036],[-108.308242,36.701034],[-108.308239,36.701124],[-108.308351,36.701126]]]}},{"type":"Feature","properties":{"class":"extent","min_prob":0.5},"geometry":{"type":"Polygon","coordinates":[[[-108.315179,36.701191],[-108.315182,36.7011],[-108.31507,36.701098],[-108.315067,36.701188],[-108.315179,36.701191]]]}},{"type":"Feature","properties":{"class":"extent","min_prob":0.5},"geometry":{"type":"Polygon","coordinates":[[[-108.308801,36.701046],[-108.308805,36.700956],[-108.308693,36.700954],[-108.30869,36.701044],[-108.308801,36.701046]]]}},{"type":"Feature","properties":{"class":"extent","min_prob":0.5},"geometry":{"type":"Polygon","coordinates":[[[-108.308466,36.701039],[-108.308469,36.700949],[-108.308357,36.700946],[-108.308354,36.701036],[-108.308466,36.701039]]]}},{"type":"Feature","properties":{"class":"extent","min_prob":0.5},"geometry":{"type":"Polygon","coordinates":[[[-108.30914,36.700964],[-108.309143,36.700874],[-108.309031,36.700871],[-108.309028,36.700961],[-108.30914,36.700964]]]}},{"type":"Feature","properties":{"class":"extent","min_prob":0.5},"geometry":{"type":"Polygon","coordinates":[[[-108.323794,36.701385],[-108.323803,36.701114],[-108.323691,36.701112],[-108.323682,36.701382],[-108.323794,36.701385]]]}},{"type":"Feature","properties":{"class":"extent","min_prob":0.5},"geometry":{"type":"Polygon","coordinates":[[[-108.26909,36.699961],[-108.269093,36.699871],[-108.268981,36.699868],[-108.268978,36.699959],[-108.26909,36.699961]]]}},{"type":"Feature","properties":{"class":"extent","min_prob":0.5},"geometry":{"type":"Polygon","coordinates":[[[-108.300749,36.700774],[-108.300755,36.700594],[-108.300643,36.700591],[-108.300646,36.700501],[-108.300423,36.700496],[-108.300413,36.700766],[-108.300749,36.700774]]]}},{"type":"Feature","properties":{"class":"extent","min_prob":0.5},"geometry":{"type":"Polygon","coordinates":[[[-108.309367,36.700879],[-108.309373,36.700699],[-108.309261,36.700696],[-108.309255,36.700876],[-108.309367,36.700879]]]}},{"type":"Feature","properties":{"class":"extent","min_prob":0.5},"geometry":{"type":"Polygon","coordinates":[[[-108.297399,36.700517],[-108.297402,36.700427],[-108.29729,36.700425],[-108.297287,36.700515],[-108.297399,36.700517]]]}},{"type":"Feature","properties":{"class":"extent","min_prob":0.5},"geometry":{"type":"Polygon","coordinates":[[[-108.308696,36.700864],[-108.308705,36.700593],[-108.308593,36.700591],[-108.30859,36.700681],[-108.308478,36.700678],[-108.308472,36.700859],[-108.308696,36.700864]]]}},{"type":"Feature","properties":{"class":"extent","min_prob":0.5},"geometry":{"type":"Polygon","coordinates":[[[-108.300199,36.700491],[-108.300202,36.700401],[-108.299978,36.700396],[-108.299975,36.700486],[-108.300199,36.700491]]]}},{"type":"Feature","properties":{"class":"extent","min_prob":0.5},"geometry":{"type":"Polygon","coordinates":[[[-108.301756,36.700797],[-108.301765,36.700526],[-108.300982,36.700509],[-108.300988,36.700328],[-108.300765,36.700323],[-108.300762,36.700413],[-108.300873,36.700416],[-108.30087,36.700506],[-108.300758,36.700504],[-108.300755,36.700594],[-108.300979,36.700599],[-108.300976,36.700689],[-108.301088,36.700691],[-108.301085,36.700781],[-108.301756,36.700797]]]}},{"type":"Feature","properties":{"class":"extent","min_prob":0.5},"geometry":{"type":"Polygon","coordinates":[[[-108.32504,36.700962],[-108.325043,36.700872],[-108.324932,36.700869],[-108.324928,36.700959],[-108.32504,36.700962]]]}},{"type":"Feature","properties":{"class":"extent","min_prob":0.5},"geometry":{"type":"Polygon","coordinates":[[[-108.309488,36.700611],[-108.309492,36.700521],[-108.30938,36.700519],[-108.309377,36.700609],[-108.309488,36.700611]]]}},{"type":"Feature","properties":{"class":"extent","min_prob":0.5},"geometry":{"type":"Polygon","coordinates":[[[-108.303111,36.700467],[-108.303114,36.700377],[-108.303002,36.700374],[-108.302999,36.700464],[-108.303111,36.700467]]]}},{"type":"Feature","properties":{"class":"extent","min_prob":0.5},"geometry":{"type":"Polygon","coordinates":[[[-108.214057,36.698415],[-108.21406,36.698325],[-108.213836,36.698319],[-108.213833,36.698409],[-108.214057,36.698415]]]}},{"type":"Feature","properties":{"class":"extent","min_prob":0.5},"geometry":{"type":"Polygon","coordinates":[[[-108.195151,36.69797],[-108.195154,36.69788],[-108.195042,36.697878],[-108.195039,36.697968],[-108.195151,36.69797]]]}},{"type":"Feature","properties":{"class":"extent","min_prob":0.5},"geometry":{"type":"Polygon","coordinates":[[[-108.311164,36.700739],[-108.311167,36.700649],[-108.311279,36.700652],[-108.311282,36.700562],[-108.311394,36.700564],[-108.311397,36.700474],[-108.311061,36.700466],[-108.311052,36.700737],[-108.311164,36.700739]]]}},{"type":"Feature","properties":{"class":"extent","min_prob":0.5},"geometry":{"type":"Polygon","coordinates":[[[-108.310051,36.700534],[-108.310054,36.700444],[-108.309942,36.700441],[-108.309939,36.700531],[-108.310051,36.700534]]]}},{"type":"Feature","properties":{"class":"extent","min_prob":0.5},"geometry":{"type":"Polygon","coordinates":[[[-108.303226,36.700379],[-108.303229,36.700289],[-108.303117,36.700287],[-108.303114,36.700377],[-108.303226,36.700379]]]}},{"type":"Feature","properties":{"class":"extent","min_prob":0.5},"geometry":{"type":"Polygon","coordinates":[[[-108.298968,36.700463],[-108.298975,36.700283],[-108.299086,36.700285],[-108.29909,36.700195],[-108.298642,36.700185],[-108.298633,36.700455],[-108.298968,36.700463]]]}},{"type":"Feature","properties":{"class":"extent","min_prob":0.5},"geometry":{"type":"Polygon","coordinates":[[[-108.298521,36.700453],[-108.298524,36.700363],[-108.298412,36.70036],[-108.298415,36.70027],[-108.298527,36.700273],[-108.29853,36.700182],[-108.298083,36.700172],[-108.298073,36.700443],[-108.298185,36.700445],[-108.298188,36.700355],[-108.2983,36.700358],[-108.298297,36.700448],[-108.298521,36.700453]]]}},{"type":"Feature","properties":{"class":"extent","min_prob":0.5},"geometry":{"type":"Polygon","coordinates":[[[-108.300317,36.700313],[-108.300323,36.700133],[-108.3001,36.700128],[-108.300097,36.700218],[-108.300208,36.700221],[-108.300205,36.700311],[-108.300317,36.700313]]]}},{"type":"Feature","properties":{"class":"extent","min_prob":0.5},"geometry":{"type":"Polygon","coordinates":[[[-108.315089,36.700557],[-108.315092,36.700467],[-108.31498,36.700465],[-108.314977,36.700555],[-108.315089,36.700557]]]}},{"type":"Feature","properties":{"class":"extent","min_prob":0.5},"geometry":{"type":"Polygon","coordinates":[[[-108.302334,36.700269],[-108.302337,36.700179],[-108.302225,36.700176],[-108.302222,36.700266],[-108.302334,36.700269]]]}},{"type":"Feature","properties":{"class":"extent","min_prob":0.5},"geometry":{"type":"Polygon","coordinates":[[[-108.199185,36.697885],[-108.199188,36.697795],[-108.199076,36.697792],[-108.199073,36.697882],[-108.199185,36.697885]]]}},{"type":"Feature","properties":{"class":"extent","min_prob":0.5},"geometry":{"type":"Polygon","coordinates":[[[-108.310166,36.700446],[-108.310169,36.700356],[-108.310281,36.700359],[-108.310284,36.700268],[-108.31006,36.700263],[-108.310054,36.700444],[-108.310166,36.700446]]]}},{"type":"Feature","properties":{"class":"extent","min_prob":0.5},"geometry":{"type":"Polygon","coordinates":[[[-108.297079,36.700059],[-108.297082,36.699969],[-108.296746,36.699962],[-108.296743,36.700052],[-108.297079,36.700059]]]}},{"type":"Feature","properties":{"class":"extent","min_prob":0.5},"geometry":{"type":"Polygon","coordinates":[[[-108.214178,36.698147],[-108.214182,36.698057],[-108.21407,36.698054],[-108.214067,36.698144],[-108.214178,36.698147]]]}},{"type":"Feature","properties":{"class":"extent","min_prob":0.5},"geometry":{"type":"Polygon","coordinates":[[[-108.297411,36.700157],[-108.297421,36.699887],[-108.297197,36.699882],[-108.297194,36.699972],[-108.297306,36.699974],[-108.297299,36.700155],[-108.297411,36.700157]]]}},{"type":"Feature","properties":{"class":"extent","min_prob":0.5},"geometry":{"type":"Polygon","coordinates":[[[-108.31062,36.700276],[-108.310623,36.700186],[-108.310511,36.700183],[-108.310508,36.700274],[-108.31062,36.700276]]]}},{"type":"Feature","properties":{"class":"extent","min_prob":0.5},"geometry":{"type":"Polygon","coordinates":[[[-108.310396,36.700271],[-108.310399,36.700181],[-108.310287,36.700178],[-108.310284,36.700268],[-108.310396,36.700271]]]}},{"type":"Feature","properties":{"class":"extent","min_prob":0.5},"geometry":{"type":"Polygon","coordinates":[[[-108.300438,36.700045],[-108.300442,36.699955],[-108.30033,36.699953],[-108.300327,36.700043],[-108.300438,36.700045]]]}},{"type":"Feature","properties":{"class":"extent","min_prob":0.5},"geometry":{"type":"Polygon","coordinates":[[[-108.200534,36.697737],[-108.200537,36.697646],[-108.200313,36.697641],[-108.20031,36.697731],[-108.200534,36.697737]]]}},{"type":"Feature","properties":{"class":"extent","min_prob":0.5},"geometry":{"type":"Polygon","coordinates":[[[-108.199303,36.697708],[-108.199306,36.697617],[-108.199194,36.697615],[-108.199191,36.697705],[-108.199303,36.697708]]]}},{"type":"Feature","properties":{"class":"extent","min_prob":0.5},"geometry":{"type":"Polygon","coordinates":[[[-108.214073,36.697964],[-108.214076,36.697874],[-108.213964,36.697872],[-108.213961,36.697962],[-108.214073,36.697964]]]}},{"type":"Feature","properties":{"class":"extent","min_prob":0.5},"geometry":{"type":"Polygon","coordinates":[[[-108.199083,36.697612],[-108.199086,36.697522],[-108.198974,36.69752],[-108.198971,36.69761],[-108.199083,36.697612]]]}},{"type":"Feature","properties":{"class":"extent","min_prob":0.5},"geometry":{"type":"Polygon","coordinates":[[[-108.323828,36.700394],[-108.323831,36.700303],[-108.32372,36.700301],[-108.323716,36.700391],[-108.323828,36.700394]]]}},{"type":"Feature","properties":{"class":"extent","min_prob":0.5},"geometry":{"type":"Polygon","coordinates":[[[-108.302123,36.699903],[-108.302126,36.699813],[-108.301791,36.699806],[-108.301787,36.699896],[-108.302123,36.699903]]]}},{"type":"Feature","properties":{"class":"extent","min_prob":0.5},"geometry":{"type":"Polygon","coordinates":[[[-108.213181,36.697853],[-108.213185,36.697763],[-108.213073,36.69776],[-108.21307,36.697851],[-108.213181,36.697853]]]}},{"type":"Feature","properties":{"class":"extent","min_prob":0.5},"geometry":{"type":"Polygon","coordinates":[[[-108.30984,36.700168],[-108.309846,36.699988],[-108.309734,36.699986],[-108.309737,36.699895],[-108.309514,36.69989],[-108.30951,36.69998],[-108.309399,36.699978],[-108.309395,36.700068],[-108.309731,36.700076],[-108.309728,36.700166],[-108.30984,36.700168]]]}},{"type":"Feature","properties":{"class":"extent","min_prob":0.5},"geometry":{"type":"Polygon","coordinates":[[[-108.315213,36.700199],[-108.31522,36.700019],[-108.315108,36.700017],[-108.315101,36.700197],[-108.315213,36.700199]]]}},{"type":"Feature","properties":{"class":"extent","min_prob":0.5},"geometry":{"type":"Polygon","coordinates":[[[-108.310511,36.700183],[-108.310514,36.700093],[-108.310626,36.700096],[-108.310629,36.700006],[-108.310405,36.700001],[-108.310409,36.699911],[-108.310297,36.699908],[-108.310294,36.699998],[-108.31007,36.699993],[-108.310067,36.700083],[-108.310179,36.700086],[-108.310175,36.700176],[-108.310287,36.700178],[-108.31029,36.700088],[-108.310402,36.700091],[-108.310399,36.700181],[-108.310511,36.700183]]]}},{"type":"Feature","properties":{"class":"extent","min_prob":0.5},"geometry":{"type":"Polygon","coordinates":[[[-108.310741,36.700008],[-108.310744,36.699918],[-108.310632,36.699916],[-108.310629,36.700006],[-108.310741,36.700008]]]}},{"type":"Feature","properties":{"class":"extent","min_prob":0.5},"geometry":{"type":"Polygon","coordinates":[[[-108.302462,36.699821],[-108.302465,36.699731],[-108.302353,36.699728],[-108.30235,36.699818],[-108.302462,36.699821]]]}},{"type":"Feature","properties":{"class":"extent","min_prob":0.5},"geometry":{"type":"Polygon","coordinates":[[[-108.199089,36.697432],[-108.199092,36.697342],[-108.198981,36.697339],[-108.198977,36.697429],[-108.199089,36.697432]]]}},{"type":"Feature","properties":{"class":"extent","min_prob":0.5},"geometry":{"type":"Polygon","coordinates":[[[-108.225829,36.697968],[-108.225833,36.697878],[-108.225721,36.697876],[-108.225717,36.697966],[-108.225829,36.697968]]]}},{"type":"Feature","properties":{"class":"extent","min_prob":0.5},"geometry":{"type":"Polygon","coordinates":[[[-108.211845,36.697642],[-108.211849,36.697551],[-108.211737,36.697549],[-108.211734,36.697639],[-108.211845,36.697642]]]}},{"type":"Feature","properties":{"class":"extent","min_prob":0.5},"geometry":{"type":"Polygon","coordinates":[[[-108.20032,36.697461],[-108.200323,36.697371],[-108.200435,36.697374],[-108.200438,36.697283],[-108.200102,36.697276],[-108.200096,36.697456],[-108.20032,36.697461]]]}},{"type":"Feature","properties":{"class":"extent","min_prob":0.5},"geometry":{"type":"Polygon","coordinates":[[[-108.323838,36.700123],[-108.323841,36.700033],[-108.323729,36.700031],[-108.323726,36.700121],[-108.323838,36.700123]]]}},{"type":"Feature","properties":{"class":"extent","min_prob":0.5},"geometry":{"type":"Polygon","coordinates":[[[-108.20178,36.697315],[-108.201784,36.697225],[-108.201672,36.697222],[-108.201669,36.697312],[-108.20178,36.697315]]]}},{"type":"Feature","properties":{"class":"extent","min_prob":0.5},"geometry":{"type":"Polygon","coordinates":[[[-108.201221,36.697302],[-108.201224,36.697212],[-108.201113,36.697209],[-108.201109,36.697299],[-108.201221,36.697302]]]}},{"type":"Feature","properties":{"class":"extent","min_prob":0.5},"geometry":{"type":"Polygon","coordinates":[[[-108.200659,36.697379],[-108.200662,36.697289],[-108.200886,36.697294],[-108.200889,36.697204],[-108.200553,36.697196],[-108.200547,36.697376],[-108.200659,36.697379]]]}},{"type":"Feature","properties":{"class":"extent","min_prob":0.5},"geometry":{"type":"Polygon","coordinates":[[[-108.323953,36.700036],[-108.323956,36.699946],[-108.323844,36.699943],[-108.323841,36.700033],[-108.323953,36.700036]]]}},{"type":"Feature","properties":{"class":"extent","min_prob":0.5},"geometry":{"type":"Polygon","coordinates":[[[-108.301352,36.699525],[-108.301356,36.699435],[-108.301132,36.69943],[-108.301129,36.69952],[-108.301352,36.699525]]]}},{"type":"Feature","properties":{"class":"extent","min_prob":0.5},"geometry":{"type":"Polygon","coordinates":[[[-108.297772,36.699444],[-108.297775,36.699354],[-108.297664,36.699351],[-108.29766,36.699441],[-108.297772,36.699444]]]}},{"type":"Feature","properties":{"class":"extent","min_prob":0.5},"geometry":{"type":"Polygon","coordinates":[[[-108.200441,36.697193],[-108.200445,36.697103],[-108.200333,36.697101],[-108.200336,36.697011],[-108.200224,36.697008],[-108.200218,36.697188],[-108.200441,36.697193]]]}},{"type":"Feature","properties":{"class":"extent","min_prob":0.5},"geometry":{"type":"Polygon","coordinates":[[[-108.301132,36.69943],[-108.301135,36.69934],[-108.301023,36.699337],[-108.30102,36.699428],[-108.301132,36.69943]]]}},{"type":"Feature","properties":{"class":"extent","min_prob":0.5},"geometry":{"type":"Polygon","coordinates":[[[-108.299118,36.699384],[-108.299121,36.699294],[-108.299009,36.699292],[-108.299006,36.699382],[-108.299118,36.699384]]]}},{"type":"Feature","properties":{"class":"extent","min_prob":0.5},"geometry":{"type":"Polygon","coordinates":[[[-108.300451,36.699685],[-108.300461,36.699415],[-108.299342,36.699389],[-108.299339,36.69948],[-108.298779,36.699467],[-108.298782,36.699377],[-108.298894,36.699379],[-108.298897,36.699289],[-108.29845,36.699279],[-108.298437,36.699639],[-108.300451,36.699685]],[[-108.30023,36.69959],[-108.300007,36.699585],[-108.30001,36.699495],[-108.300234,36.6995],[-108.30023,36.69959]],[[-108.298667,36.699464],[-108.298555,36.699462],[-108.298559,36.699372],[-108.29867,36.699374],[-108.298667,36.699464]]]}},{"type":"Feature","properties":{"class":"extent","min_prob":0.5},"geometry":{"type":"Polygon","coordinates":[[[-108.226734,36.697719],[-108.226737,36.697629],[-108.226625,36.697626],[-108.226622,36.697716],[-108.226734,36.697719]]]}},{"type":"Feature","properties":{"class":"extent","min_prob":0.5},"geometry":{"type":"Polygon","coordinates":[[[-108.212191,36.697379],[-108.212194,36.697289],[-108.211747,36.697279],[-108.211743,36.697369],[-108.212191,36.697379]]]}},{"type":"Feature","properties":{"class":"extent","min_prob":0.5},"geometry":{"type":"Polygon","coordinates":[[[-108.201004,36.697116],[-108.201007,36.697026],[-108.200895,36.697024],[-108.200892,36.697114],[-108.201004,36.697116]]]}}]}