{"type":"FeatureCollection","name":"present-invasive-in-corridor","crs":{"type":"name","properties":{"name":"urn:ogc:def:crs:OGC:1.3:CRS84"}},"features":[{"type":"Feature","properties":{},"geometry":{"type":"Polygon","coordinates":[[[-108.326107,36.715412],[-108.326219,36.715415],[-108.326216,36.715505],[-108.326104,36.715502],[-108.326107,36.715412]]]}},{"type":"Feature","properties":{},"geometry":{"type":"Polygon","coordinates":[[[-108.324183,36.716],[-108.324295,36.716002],[-108.324291,36.716093],[-108.32418,36.71609],[-108.324183,36.716]]]}},{"type":"Feature","properties":{},"geometry":{"type":"Polygon","coordinates":[[[-108.326168,36.720102],[-108.326171,36.720012],[-108.326283,36.720014],[-108.32628,36.720104],[-108.326168,36.720102]]]}},{"type":"Feature","properties":{},"geometry":{"type":"Polygon","coordinates":[[[-108.326277,36.720195],[-108.32628,36.720104],[-108.326392,36.720107],[-108.326389,36.720197],[-108.326277,36.720195]]]}},{"type":"Feature","properties":{},"geometry":{"type":"Polygon","coordinates":[[[-108.329143,36.721521],[-108.329255,36.721524],[-108.329252,36.721614],[-108.32914,36.721611],[-108.329143,36.721521]]]}},{"type":"Feature","properties":{},"geometry":{"type":"Polygon","coordinates":[[[-108.328549,36.7225],[-108.328661,36.722502],[-108.328655,36.722682],[-108.328543,36.72268],[-108.328549,36.7225]]]}},{"type":"Feature","properties":{},"geometry":{"type":"Polygon","coordinates":[[[-108.328767,36.722685],[-108.32877,36.722595],[-108.328882,36.722597],[-108.328879,36.722687],[-108.328767,36.722685]]]}},{"type":"Feature","properties":{},"geometry":{"type":"Polygon","coordinates":[[[-108.328543,36.72268],[-108.32854,36.72277],[-108.328428,36.722767],[-108.328431,36.722677],[-108.328543,36.72268]]]}},{"type":"Feature","properties":{},"geometry":{"type":"Polygon","coordinates":[[[-108.328313,36.722855],[-108.328316,36.722765],[-108.328428,36.722767],[-108.328425,36.722858],[-108.328313,36.722855]]]}},{"type":"Feature","properties":{},"geometry":{"type":"Polygon","coordinates":[[[-108.328717,36.724126],[-108.328726,36.723856],[-108.328502,36.723851],[-108.328509,36.723671],[-108.328397,36.723668],[-108.3284,36.723578],[-108.328176,36.723573],[-108.328185,36.723303],[-108.328073,36.723301],[-108.328077,36.72321],[-108.328189,36.723213],[-108.328195,36.723033],[-108.328419,36.723038],[-108.328425,36.722858],[-108.328537,36.72286],[-108.32854,36.72277],[-108.328652,36.722773],[-108.328655,36.722682],[-108.328767,36.722685],[-108.328761,36.722865],[-108.329208,36.722875],[-108.329136,36.724947],[-108.329025,36.724945],[-108.329037,36.724584],[-108.328925,36.724582],[-108.328928,36.724492],[-108.328816,36.724489],[-108.328819,36.724399],[-108.328708,36.724397],[-108.328711,36.724307],[-108.328823,36.724309],[-108.328826,36.724219],[-108.328714,36.724217],[-108.328717,36.724126]],[[-108.328649,36.722863],[-108.328646,36.722953],[-108.328757,36.722955],[-108.328761,36.722865],[-108.328649,36.722863]]]}},{"type":"Feature","properties":{},"geometry":{"type":"Polygon","coordinates":[[[-108.329105,36.725848],[-108.328881,36.725843],[-108.328891,36.725573],[-108.328894,36.725483],[-108.328897,36.725393],[-108.328785,36.72539],[-108.328794,36.72512],[-108.328906,36.725122],[-108.328903,36.725213],[-108.329015,36.725215],[-108.329018,36.725125],[-108.32913,36.725128],[-108.329105,36.725848]]]}},{"type":"Feature","properties":{},"geometry":{"type":"Polygon","coordinates":[[[-108.322132,36.736331],[-108.322244,36.736333],[-108.322241,36.736423],[-108.322129,36.736421],[-108.322132,36.736331]]]}},{"type":"Feature","properties":{},"geometry":{"type":"Polygon","coordinates":[[[-108.313274,36.701238],[-108.313277,36.701148],[-108.313389,36.70115],[-108.313386,36.70124],[-108.313274,36.701238]]]}},{"type":"Feature","properties":{},"geometry":{"type":"Polygon","coordinates":[[[-108.312263,36.710953],[-108.312039,36.710947],[-108.312043,36.710857],[-108.312155,36.71086],[-108.312158,36.71077],[-108.312046,36.710767],[-108.312049,36.710677],[-108.312385,36.710685],[-108.312378,36.710865],[-108.312266,36.710862],[-108.312263,36.710953]]]}},{"type":"Feature","properties":{},"geometry":{"type":"Polygon","coordinates":[[[-108.312126,36.711671],[-108.311679,36.711661],[-108.311682,36.711571],[-108.311794,36.711573],[-108.311797,36.711483],[-108.311909,36.711485],[-108.311906,36.711576],[-108.312129,36.711581],[-108.312126,36.711671]]]}},{"type":"Feature","properties":{},"geometry":{"type":"Polygon","coordinates":[[[-108.311685,36.71148],[-108.311688,36.71139],[-108.3118,36.711393],[-108.311797,36.711483],[-108.311685,36.71148]]]}},{"type":"Feature","properties":{},"geometry":{"type":"Polygon","coordinates":[[[-108.311467,36.711295],[-108.311356,36.711293],[-108.311362,36.711112],[-108.311474,36.711115],[-108.311471,36.711205],[-108.311467,36.711295]]]}},{"type":"Feature","properties":{},"geometry":{"type":"Polygon","coordinates":[[[-108.311697,36.71112],[-108.311694,36.71121],[-108.311582,36.711208],[-108.311586,36.711118],[-108.311697,36.71112]]]}},{"type":"Feature","properties":{},"geometry":{"type":"Polygon","coordinates":[[[-108.311928,36.710945],[-108.312039,36.710947],[-108.312033,36.711128],[-108.311921,36.711125],[-108.311924,36.711035],[-108.311928,36.710945]]]}},{"type":"Feature","properties":{},"geometry":{"type":"Polygon","coordinates":[[[-108.311467,36.711295],[-108.311579,36.711298],[-108.311576,36.711388],[-108.311573,36.711478],[-108.311461,36.711475],[-108.311467,36.711295]]]}},{"type":"Feature","properties":{},"geometry":{"type":"Polygon","coordinates":[[[-108.312011,36.711758],[-108.312123,36.711761],[-108.312117,36.711941],[-108.312005,36.711938],[-108.312011,36.711758]]]}},{"type":"Feature","properties":{},"geometry":{"type":"Polygon","coordinates":[[[-108.312111,36.712121],[-108.312114,36.712031],[-108.312226,36.712034],[-108.312222,36.712124],[-108.312111,36.712121]]]}},{"type":"Feature","properties":{},"geometry":{"type":"Polygon","coordinates":[[[-108.311778,36.712024],[-108.311775,36.712114],[-108.311663,36.712111],[-108.311666,36.712021],[-108.311778,36.712024]]]}},{"type":"Feature","properties":{},"geometry":{"type":"Polygon","coordinates":[[[-108.311769,36.712294],[-108.311657,36.712291],[-108.311659,36.712211],[-108.31166,36.712201],[-108.311772,36.712204],[-108.311769,36.712294]]]}},{"type":"Feature","properties":{},"geometry":{"type":"Polygon","coordinates":[[[-108.311874,36.712477],[-108.311877,36.712386],[-108.311765,36.712384],[-108.311769,36.712294],[-108.311992,36.712299],[-108.311986,36.712479],[-108.311874,36.712477]]]}},{"type":"Feature","properties":{},"geometry":{"type":"Polygon","coordinates":[[[-108.312502,36.713753],[-108.312505,36.713663],[-108.312617,36.713665],[-108.312614,36.713756],[-108.312502,36.713753]]]}},{"type":"Feature","properties":{},"geometry":{"type":"Polygon","coordinates":[[[-108.312275,36.713838],[-108.312387,36.713841],[-108.31238,36.714021],[-108.312268,36.714018],[-108.312275,36.713838]]]}},{"type":"Feature","properties":{},"geometry":{"type":"Polygon","coordinates":[[[-108.313145,36.714579],[-108.312809,36.714571],[-108.312815,36.714391],[-108.312703,36.714389],[-108.312707,36.714299],[-108.312595,36.714296],[-108.312483,36.714294],[-108.312486,36.714203],[-108.312489,36.714113],[-108.312492,36.714023],[-108.312828,36.714031],[-108.312825,36.714121],[-108.312822,36.714211],[-108.313045,36.714216],[-108.313042,36.714306],[-108.31293,36.714304],[-108.312927,36.714394],[-108.313039,36.714396],[-108.313036,36.714486],[-108.313148,36.714489],[-108.313145,36.714579]]]}},{"type":"Feature","properties":{},"geometry":{"type":"Polygon","coordinates":[[[-108.312614,36.713756],[-108.312725,36.713758],[-108.312719,36.713938],[-108.312607,36.713936],[-108.312614,36.713756]]]}},{"type":"Feature","properties":{},"geometry":{"type":"Polygon","coordinates":[[[-108.312588,36.714476],[-108.312592,36.714386],[-108.312703,36.714389],[-108.3127,36.714479],[-108.312588,36.714476]]]}},{"type":"Feature","properties":{},"geometry":{"type":"Polygon","coordinates":[[[-108.319845,36.721583],[-108.319957,36.721585],[-108.319954,36.721675],[-108.319842,36.721673],[-108.319839,36.721763],[-108.319727,36.72176],[-108.31973,36.72167],[-108.319618,36.721668],[-108.319615,36.721758],[-108.319503,36.721755],[-108.3195,36.721845],[-108.31894,36.721833],[-108.318943,36.721743],[-108.319055,36.721745],[-108.319058,36.721655],[-108.319061,36.721565],[-108.319173,36.721567],[-108.319176,36.721477],[-108.319288,36.72148],[-108.319292,36.72139],[-108.319515,36.721395],[-108.319627,36.721397],[-108.31963,36.721307],[-108.319742,36.72131],[-108.319739,36.7214],[-108.319851,36.721402],[-108.319845,36.721583]]]}},{"type":"Feature","properties":{},"geometry":{"type":"Polygon","coordinates":[[[-108.319065,36.721475],[-108.319068,36.721385],[-108.31918,36.721387],[-108.319176,36.721477],[-108.319065,36.721475]]]}},{"type":"Feature","properties":{},"geometry":{"type":"Polygon","coordinates":[[[-108.319612,36.721848],[-108.319615,36.721758],[-108.319727,36.72176],[-108.319724,36.72185],[-108.319612,36.721848]]]}},{"type":"Feature","properties":{},"geometry":{"type":"Polygon","coordinates":[[[-108.319385,36.721933],[-108.319497,36.721935],[-108.319493,36.722025],[-108.319382,36.722023],[-108.319385,36.721933]]]}},{"type":"Feature","properties":{},"geometry":{"type":"Polygon","coordinates":[[[-108.319043,36.722105],[-108.319046,36.722015],[-108.319382,36.722023],[-108.319378,36.722113],[-108.319043,36.722105]]]}},{"type":"Feature","properties":{},"geometry":{"type":"Polygon","coordinates":[[[-108.319714,36.722121],[-108.319826,36.722123],[-108.319823,36.722213],[-108.319711,36.722211],[-108.319714,36.722121]]]}},{"type":"Feature","properties":{},"geometry":{"type":"Polygon","coordinates":[[[-108.316897,36.722598],[-108.316901,36.722508],[-108.317012,36.722511],[-108.317009,36.722601],[-108.316897,36.722598]]]}},{"type":"Feature","properties":{},"geometry":{"type":"Polygon","coordinates":[[[-108.314205,36.722718],[-108.314317,36.72272],[-108.314314,36.72281],[-108.314202,36.722808],[-108.314205,36.722718]]]}},{"type":"Feature","properties":{},"geometry":{"type":"Polygon","coordinates":[[[-108.314762,36.72282],[-108.314765,36.72273],[-108.314989,36.722735],[-108.314985,36.722825],[-108.314762,36.72282]]]}},{"type":"Feature","properties":{},"geometry":{"type":"Polygon","coordinates":[[[-108.313863,36.72289],[-108.313639,36.722885],[-108.313641,36.722825],[-108.313642,36.722795],[-108.313866,36.7228],[-108.313978,36.722803],[-108.313975,36.722893],[-108.313863,36.72289]]]}},{"type":"Feature","properties":{},"geometry":{"type":"Polygon","coordinates":[[[-108.31442,36.722993],[-108.314426,36.722813],[-108.314538,36.722815],[-108.314531,36.722996],[-108.31442,36.722993]]]}},{"type":"Feature","properties":{},"geometry":{"type":"Polygon","coordinates":[[[-108.314193,36.723078],[-108.314196,36.722988],[-108.314308,36.72299],[-108.314305,36.723081],[-108.314193,36.723078]]]}},{"type":"Feature","properties":{},"geometry":{"type":"Polygon","coordinates":[[[-108.314867,36.723003],[-108.314979,36.723006],[-108.314976,36.723096],[-108.314864,36.723093],[-108.314867,36.723003]]]}},{"type":"Feature","properties":{},"geometry":{"type":"Polygon","coordinates":[[[-108.314416,36.723083],[-108.314528,36.723086],[-108.314525,36.723176],[-108.314413,36.723173],[-108.314416,36.723083]]]}},{"type":"Feature","properties":{},"geometry":{"type":"Polygon","coordinates":[[[-108.293986,36.727579],[-108.293989,36.727489],[-108.294101,36.727491],[-108.294213,36.727494],[-108.294325,36.727497],[-108.294322,36.727587],[-108.294098,36.727582],[-108.293986,36.727579]]]}},{"type":"Feature","properties":{},"geometry":{"type":"Polygon","coordinates":[[[-108.294558,36.727231],[-108.29467,36.727234],[-108.294782,36.727236],[-108.294779,36.727327],[-108.294555,36.727321],[-108.294558,36.727231]]]}},{"type":"Feature","properties":{},"geometry":{"type":"Polygon","coordinates":[[[-108.29486,36.727148],[-108.294897,36.727149],[-108.294894,36.727239],[-108.294782,36.727236],[-108.294785,36.727146],[-108.29486,36.727148]]]}},{"type":"Feature","properties":{},"geometry":{"type":"Polygon","coordinates":[[[-108.297044,36.723411],[-108.297047,36.723321],[-108.296824,36.723316],[-108.29682,36.723406],[-108.296597,36.723401],[-108.296593,36.723491],[-108.29637,36.723486],[-108.296366,36.723576],[-108.296143,36.723571],[-108.296136,36.723751],[-108.296024,36.723748],[-108.296028,36.723658],[-108.295916,36.723656],[-108.295692,36.723651],[-108.295695,36.723561],[-108.295919,36.723566],[-108.295925,36.723385],[-108.295813,36.723383],[-108.29582,36.723203],[-108.295708,36.7232],[-108.295711,36.72311],[-108.295599,36.723108],[-108.295608,36.722837],[-108.29572,36.72284],[-108.295727,36.72266],[-108.295838,36.722662],[-108.295842,36.722572],[-108.295954,36.722575],[-108.295957,36.722485],[-108.296069,36.722487],[-108.296072,36.722397],[-108.296184,36.7224],[-108.296187,36.722309],[-108.296411,36.722315],[-108.296414,36.722224],[-108.296526,36.722227],[-108.296529,36.722137],[-108.296753,36.722142],[-108.296756,36.722052],[-108.29698,36.722057],[-108.296983,36.721967],[-108.297095,36.721969],[-108.297098,36.721879],[-108.297322,36.721884],[-108.297325,36.721794],[-108.297437,36.721797],[-108.29744,36.721707],[-108.297664,36.721712],[-108.297667,36.721622],[-108.297779,36.721624],[-108.297782,36.721534],[-108.298006,36.721539],[-108.298003,36.721629],[-108.298227,36.721634],[-108.298223,36.721725],[-108.298559,36.721732],[-108.298556,36.721822],[-108.299227,36.721838],[-108.299221,36.722018],[-108.299109,36.722015],[-108.299106,36.722105],[-108.29877,36.722098],[-108.298767,36.722188],[-108.298543,36.722183],[-108.29854,36.722273],[-108.298428,36.72227],[-108.298425,36.72236],[-108.298313,36.722358],[-108.29831,36.722448],[-108.298086,36.722443],[-108.297862,36.722438],[-108.297859,36.722528],[-108.298083,36.722533],[-108.29808,36.722623],[-108.297968,36.72262],[-108.297856,36.722618],[-108.29785,36.722798],[-108.297847,36.722888],[-108.297735,36.722886],[-108.297722,36.723246],[-108.29761,36.723243],[-108.297604,36.723424],[-108.297044,36.723411]]]}},{"type":"Feature","properties":{},"geometry":{"type":"Polygon","coordinates":[[[-108.296018,36.723929],[-108.295906,36.723926],[-108.295903,36.724016],[-108.295791,36.724014],[-108.295788,36.724104],[-108.295564,36.724099],[-108.295452,36.724096],[-108.295455,36.724006],[-108.295567,36.724008],[-108.295574,36.723828],[-108.295685,36.723831],[-108.295797,36.723833],[-108.295801,36.723743],[-108.295912,36.723746],[-108.295909,36.723836],[-108.296021,36.723838],[-108.296018,36.723929]],[[-108.295794,36.723923],[-108.295682,36.723921],[-108.295679,36.724011],[-108.295791,36.724014],[-108.295794,36.723923]]]}},{"type":"Feature","properties":{},"geometry":{"type":"Polygon","coordinates":[[[-108.302859,36.720477],[-108.302971,36.72048],[-108.302965,36.72066],[-108.303077,36.720663],[-108.30308,36.720572],[-108.303192,36.720575],[-108.303195,36.720485],[-108.303643,36.720495],[-108.303646,36.720405],[-108.303758,36.720408],[-108.303754,36.720498],[-108.30409,36.720505],[-108.304087,36.720595],[-108.303975,36.720593],[-108.303639,36.720585],[-108.303636,36.720675],[-108.3033,36.720668],[-108.303297,36.720758],[-108.30285,36.720748],[-108.302859,36.720477]]]}},{"type":"Feature","properties":{},"geometry":{"type":"Polygon","coordinates":[[[-108.303624,36.721036],[-108.303736,36.721038],[-108.303739,36.720948],[-108.304074,36.720956],[-108.30441,36.720963],[-108.304407,36.721053],[-108.303959,36.721043],[-108.303956,36.721133],[-108.304068,36.721136],[-108.304065,36.721226],[-108.303841,36.721221],[-108.303844,36.721131],[-108.30362,36.721126],[-108.303617,36.721216],[-108.303393,36.721211],[-108.303387,36.721391],[-108.303275,36.721388],[-108.303278,36.721298],[-108.303167,36.721296],[-108.30317,36.721206],[-108.303058,36.721203],[-108.303061,36.721113],[-108.303173,36.721116],[-108.303176,36.721025],[-108.303512,36.721033],[-108.303624,36.721036]]]}},{"type":"Feature","properties":{},"geometry":{"type":"Polygon","coordinates":[[[-108.304525,36.720876],[-108.304861,36.720883],[-108.304864,36.720793],[-108.305088,36.720798],[-108.305144,36.7208],[-108.3052,36.720801],[-108.305424,36.720806],[-108.305427,36.720716],[-108.307329,36.720759],[-108.307326,36.720849],[-108.307438,36.720852],[-108.30755,36.720854],[-108.30811,36.720867],[-108.308106,36.720957],[-108.308218,36.720959],[-108.308442,36.720964],[-108.308439,36.721055],[-108.308663,36.72106],[-108.30866,36.72115],[-108.308772,36.721152],[-108.308884,36.721155],[-108.308995,36.721157],[-108.308992,36.721247],[-108.309104,36.72125],[-108.309101,36.72134],[-108.309325,36.721345],[-108.309322,36.721435],[-108.309434,36.721438],[-108.309431,36.721528],[-108.309542,36.72153],[-108.309654,36.721533],[-108.309651,36.721623],[-108.309763,36.721625],[-108.30976,36.721716],[-108.309872,36.721718],[-108.309869,36.721808],[-108.309981,36.721811],[-108.309978,36.721901],[-108.310089,36.721903],[-108.310086,36.721993],[-108.31031,36.721999],[-108.310307,36.722089],[-108.310419,36.722091],[-108.310416,36.722181],[-108.310528,36.722184],[-108.310525,36.722274],[-108.310636,36.722276],[-108.310633,36.722366],[-108.310745,36.722369],[-108.310742,36.722459],[-108.310406,36.722451],[-108.310403,36.722542],[-108.310291,36.722539],[-108.310294,36.722449],[-108.310182,36.722446],[-108.310186,36.722356],[-108.310074,36.722354],[-108.310083,36.722084],[-108.309747,36.722076],[-108.309751,36.721986],[-108.309527,36.721981],[-108.30953,36.721891],[-108.309418,36.721888],[-108.309421,36.721798],[-108.309197,36.721793],[-108.309194,36.721883],[-108.309191,36.721973],[-108.309079,36.721971],[-108.309085,36.72179],[-108.308973,36.721788],[-108.308977,36.721698],[-108.308417,36.721685],[-108.30842,36.721595],[-108.308308,36.721593],[-108.308315,36.721412],[-108.308091,36.721407],[-108.308094,36.721317],[-108.30787,36.721312],[-108.307867,36.721402],[-108.307755,36.7214],[-108.307768,36.721039],[-108.307656,36.721037],[-108.307652,36.721127],[-108.307541,36.721124],[-108.307544,36.721034],[-108.307208,36.721027],[-108.307211,36.720937],[-108.306204,36.720914],[-108.306201,36.721004],[-108.305977,36.720999],[-108.305974,36.721089],[-108.305638,36.721081],[-108.305641,36.720991],[-108.305194,36.720981],[-108.30519,36.721071],[-108.304743,36.721061],[-108.30474,36.721151],[-108.304516,36.721146],[-108.304522,36.720966],[-108.30441,36.720963],[-108.304413,36.720873],[-108.304525,36.720876]]]}},{"type":"Feature","properties":{},"geometry":{"type":"Polygon","coordinates":[[[-108.313847,36.723341],[-108.314071,36.723346],[-108.314068,36.723436],[-108.314404,36.723443],[-108.314401,36.723534],[-108.314513,36.723536],[-108.314516,36.723446],[-108.314628,36.723449],[-108.314625,36.723539],[-108.314736,36.723541],[-108.314733,36.723631],[-108.314845,36.723634],[-108.314848,36.723544],[-108.31496,36.723546],[-108.314957,36.723636],[-108.315517,36.723649],[-108.315523,36.723469],[-108.315635,36.723471],[-108.315641,36.723291],[-108.315529,36.723289],[-108.315539,36.723018],[-108.315651,36.723021],[-108.315763,36.723023],[-108.315766,36.722933],[-108.315878,36.722936],[-108.315881,36.722846],[-108.315993,36.722848],[-108.315996,36.722758],[-108.316108,36.722761],[-108.316111,36.722671],[-108.315999,36.722668],[-108.316002,36.722578],[-108.31589,36.722575],[-108.315887,36.722665],[-108.315663,36.72266],[-108.315666,36.72257],[-108.315778,36.722573],[-108.315781,36.722483],[-108.315893,36.722485],[-108.315896,36.722395],[-108.316008,36.722398],[-108.316012,36.722308],[-108.316123,36.72231],[-108.316127,36.72222],[-108.316238,36.722223],[-108.316242,36.722132],[-108.316577,36.72214],[-108.31658,36.72205],[-108.316804,36.722055],[-108.316801,36.722145],[-108.316913,36.722148],[-108.317249,36.722155],[-108.317252,36.722065],[-108.317364,36.722068],[-108.317361,36.722158],[-108.317473,36.72216],[-108.317476,36.72207],[-108.317588,36.722073],[-108.317591,36.721983],[-108.317703,36.721985],[-108.3177,36.722075],[-108.317923,36.72208],[-108.317927,36.72199],[-108.318039,36.721993],[-108.318042,36.721903],[-108.318154,36.721905],[-108.31815,36.721995],[-108.318262,36.721998],[-108.318259,36.722088],[-108.318147,36.722085],[-108.318141,36.722265],[-108.318253,36.722268],[-108.318247,36.722448],[-108.318582,36.722456],[-108.318589,36.722276],[-108.318365,36.722271],[-108.318368,36.72218],[-108.318592,36.722185],[-108.318595,36.722095],[-108.319043,36.722105],[-108.319039,36.722196],[-108.319151,36.722198],[-108.319148,36.722288],[-108.319484,36.722296],[-108.319481,36.722386],[-108.319593,36.722388],[-108.319599,36.722208],[-108.319711,36.722211],[-108.319708,36.722301],[-108.319932,36.722306],[-108.319935,36.722216],[-108.320047,36.722218],[-108.320053,36.722038],[-108.320277,36.722043],[-108.32028,36.721953],[-108.320392,36.721956],[-108.320389,36.722046],[-108.320501,36.722048],[-108.320507,36.721868],[-108.320395,36.721865],[-108.320398,36.721775],[-108.32051,36.721778],[-108.320516,36.721598],[-108.320628,36.7216],[-108.320625,36.72169],[-108.320622,36.72178],[-108.320734,36.721783],[-108.320846,36.721785],[-108.320843,36.721876],[-108.321178,36.721883],[-108.321175,36.721973],[-108.321399,36.721978],[-108.321396,36.722068],[-108.321732,36.722076],[-108.321735,36.721986],[-108.321847,36.721988],[-108.32185,36.721898],[-108.322074,36.721903],[-108.322071,36.721993],[-108.321959,36.721991],[-108.321956,36.722081],[-108.322179,36.722086],[-108.322183,36.721996],[-108.322294,36.721998],[-108.322298,36.721908],[-108.322745,36.721918],[-108.322748,36.721828],[-108.323084,36.721836],[-108.323087,36.721746],[-108.323423,36.721753],[-108.32342,36.721843],[-108.323532,36.721846],[-108.323526,36.722026],[-108.323637,36.722029],[-108.323631,36.722209],[-108.323743,36.722211],[-108.323746,36.722121],[-108.323858,36.722124],[-108.323861,36.722034],[-108.323749,36.722031],[-108.323765,36.721581],[-108.323877,36.721583],[-108.323883,36.721403],[-108.323995,36.721406],[-108.324008,36.721045],[-108.323896,36.721043],[-108.323899,36.720953],[-108.324011,36.720955],[-108.324017,36.720775],[-108.324129,36.720777],[-108.324132,36.720687],[-108.324356,36.720692],[-108.324359,36.720602],[-108.324471,36.720605],[-108.324695,36.72061],[-108.324698,36.72052],[-108.32481,36.720522],[-108.324813,36.720432],[-108.325149,36.72044],[-108.325152,36.72035],[-108.325487,36.720357],[-108.325497,36.720087],[-108.325721,36.720092],[-108.325724,36.720002],[-108.325948,36.720007],[-108.325951,36.719917],[-108.326063,36.719919],[-108.326056,36.720099],[-108.326168,36.720102],[-108.326165,36.720192],[-108.326277,36.720195],[-108.326271,36.720375],[-108.326719,36.720385],[-108.326725,36.720205],[-108.326837,36.720207],[-108.326834,36.720297],[-108.326945,36.7203],[-108.326949,36.72021],[-108.327396,36.72022],[-108.327393,36.72031],[-108.327169,36.720305],[-108.327166,36.720395],[-108.327054,36.720392],[-108.327051,36.720482],[-108.326939,36.72048],[-108.326827,36.720477],[-108.326824,36.720568],[-108.326712,36.720565],[-108.326709,36.720655],[-108.326597,36.720653],[-108.326594,36.720743],[-108.326482,36.72074],[-108.32637,36.720738],[-108.326367,36.720828],[-108.326143,36.720823],[-108.326137,36.721003],[-108.326025,36.721],[-108.326022,36.72109],[-108.325798,36.721085],[-108.325795,36.721176],[-108.325683,36.721173],[-108.32568,36.721263],[-108.325568,36.721261],[-108.325565,36.721351],[-108.325453,36.721348],[-108.32545,36.721438],[-108.325338,36.721436],[-108.325335,36.721526],[-108.325223,36.721523],[-108.32522,36.721613],[-108.325108,36.721611],[-108.325105,36.721701],[-108.324993,36.721698],[-108.324987,36.721879],[-108.324875,36.721876],[-108.324872,36.721966],[-108.324648,36.721961],[-108.324642,36.722141],[-108.32453,36.722139],[-108.324527,36.722229],[-108.324415,36.722226],[-108.324408,36.722407],[-108.324296,36.722404],[-108.324293,36.722494],[-108.324181,36.722492],[-108.324178,36.722582],[-108.324175,36.722672],[-108.324063,36.722669],[-108.32406,36.722759],[-108.323948,36.722757],[-108.323945,36.722847],[-108.323833,36.722845],[-108.32383,36.722935],[-108.323718,36.722932],[-108.323715,36.723022],[-108.323603,36.72302],[-108.3236,36.72311],[-108.323488,36.723107],[-108.323485,36.723197],[-108.323373,36.723195],[-108.32337,36.723285],[-108.323146,36.72328],[-108.323143,36.72337],[-108.323031,36.723367],[-108.323028,36.723458],[-108.322916,36.723455],[-108.322804,36.723453],[-108.322801,36.723543],[-108.322689,36.72354],[-108.322686,36.72363],[-108.322462,36.723625],[-108.32235,36.723623],[-108.322353,36.723533],[-108.322465,36.723535],[-108.322478,36.723175],[-108.322254,36.72317],[-108.322266,36.722809],[-108.32249,36.722814],[-108.322487,36.722904],[-108.322711,36.722909],[-108.322714,36.722819],[-108.322826,36.722822],[-108.322829,36.722732],[-108.322717,36.722729],[-108.322723,36.722549],[-108.3225,36.722544],[-108.322509,36.722274],[-108.322061,36.722264],[-108.322058,36.722354],[-108.321946,36.722351],[-108.321943,36.722441],[-108.321719,36.722436],[-108.321716,36.722526],[-108.321492,36.722521],[-108.321489,36.722611],[-108.321265,36.722606],[-108.321262,36.722696],[-108.32115,36.722694],[-108.321147,36.722784],[-108.321259,36.722787],[-108.321256,36.722877],[-108.321032,36.722872],[-108.321029,36.722962],[-108.320917,36.722959],[-108.320914,36.723049],[-108.320802,36.723047],[-108.320808,36.722867],[-108.320696,36.722864],[-108.320693,36.722954],[-108.320357,36.722947],[-108.320351,36.723127],[-108.320239,36.723124],[-108.320236,36.723214],[-108.320124,36.723212],[-108.320115,36.723482],[-108.320003,36.72348],[-108.319997,36.72366],[-108.319885,36.723657],[-108.319882,36.723747],[-108.319658,36.723742],[-108.319661,36.723652],[-108.319549,36.72365],[-108.319546,36.72374],[-108.319434,36.723737],[-108.319437,36.723647],[-108.319325,36.723645],[-108.319331,36.723464],[-108.319219,36.723462],[-108.319223,36.723372],[-108.319558,36.723379],[-108.319565,36.723199],[-108.319788,36.723204],[-108.319792,36.723114],[-108.319456,36.723107],[-108.319459,36.723017],[-108.319123,36.723009],[-108.319114,36.723279],[-108.318778,36.723272],[-108.318775,36.723362],[-108.318663,36.723359],[-108.31866,36.723449],[-108.318548,36.723447],[-108.318545,36.723537],[-108.318433,36.723534],[-108.318436,36.723444],[-108.318212,36.723439],[-108.318215,36.723349],[-108.31788,36.723342],[-108.317876,36.723432],[-108.317765,36.723429],[-108.317761,36.723519],[-108.317538,36.723514],[-108.317541,36.723424],[-108.317429,36.723422],[-108.317426,36.723512],[-108.317202,36.723507],[-108.317199,36.723597],[-108.316863,36.723589],[-108.31686,36.723679],[-108.317755,36.723699],[-108.317752,36.72379],[-108.317976,36.723795],[-108.317979,36.723704],[-108.318203,36.72371],[-108.3182,36.7238],[-108.318535,36.723807],[-108.318532,36.723897],[-108.318756,36.723902],[-108.318759,36.723812],[-108.319095,36.72382],[-108.319092,36.72391],[-108.31898,36.723907],[-108.318977,36.723997],[-108.319089,36.724],[-108.319086,36.72409],[-108.318862,36.724085],[-108.318865,36.723995],[-108.318753,36.723992],[-108.318641,36.72399],[-108.318529,36.723987],[-108.318526,36.724077],[-108.318523,36.724168],[-108.318075,36.724157],[-108.318072,36.724248],[-108.317736,36.72424],[-108.317512,36.724235],[-108.316729,36.724217],[-108.316732,36.724127],[-108.315613,36.724102],[-108.315616,36.724012],[-108.315168,36.724002],[-108.315172,36.723912],[-108.314836,36.723904],[-108.314839,36.723814],[-108.314391,36.723804],[-108.314394,36.723714],[-108.314171,36.723709],[-108.314174,36.723619],[-108.31395,36.723614],[-108.313953,36.723523],[-108.313841,36.723521],[-108.313844,36.723431],[-108.313847,36.723341]],[[-108.318439,36.723354],[-108.318442,36.723264],[-108.31833,36.723262],[-108.318334,36.723171],[-108.318222,36.723169],[-108.318215,36.723349],[-108.318439,36.723354]],[[-108.317973,36.723885],[-108.318085,36.723887],[-108.318088,36.723797],[-108.317976,36.723795],[-108.317973,36.723885]],[[-108.315862,36.723386],[-108.315974,36.723389],[-108.315977,36.723299],[-108.315865,36.723296],[-108.315862,36.723386]],[[-108.316089,36.723301],[-108.316092,36.723211],[-108.316204,36.723214],[-108.316207,36.723124],[-108.316431,36.723129],[-108.316437,36.722948],[-108.316661,36.722953],[-108.316664,36.722863],[-108.316888,36.722868],[-108.316891,36.722778],[-108.317003,36.722781],[-108.317006,36.722691],[-108.31723,36.722696],[-108.317233,36.722606],[-108.317457,36.722611],[-108.31746,36.722521],[-108.317572,36.722523],[-108.317575,36.722433],[-108.317239,36.722425],[-108.317236,36.722516],[-108.317124,36.722513],[-108.317131,36.722333],[-108.316795,36.722325],[-108.316792,36.722415],[-108.316568,36.72241],[-108.316562,36.722591],[-108.31645,36.722588],[-108.316443,36.722768],[-108.316332,36.722766],[-108.316325,36.722946],[-108.316101,36.722941],[-108.316098,36.723031],[-108.315986,36.723028],[-108.315977,36.723299],[-108.316089,36.723301]],[[-108.316571,36.72232],[-108.316459,36.722318],[-108.316456,36.722408],[-108.316568,36.72241],[-108.316571,36.72232]]]}},{"type":"Feature","properties":{},"geometry":{"type":"Polygon","coordinates":[[[-108.327508,36.720222],[-108.32762,36.720225],[-108.327623,36.720135],[-108.327735,36.720137],[-108.327738,36.720047],[-108.32785,36.72005],[-108.327847,36.72014],[-108.327959,36.720142],[-108.327962,36.720052],[-108.32841,36.720062],[-108.328407,36.720152],[-108.32863,36.720157],[-108.328627,36.720247],[-108.328851,36.720252],[-108.328848,36.720342],[-108.329072,36.720348],[-108.329069,36.720438],[-108.329293,36.720443],[-108.329286,36.720623],[-108.329062,36.720618],[-108.329066,36.720528],[-108.32873,36.72052],[-108.328733,36.72043],[-108.32795,36.720412],[-108.327953,36.720322],[-108.327841,36.72032],[-108.327505,36.720312],[-108.327508,36.720222]]]}},{"type":"Feature","properties":{},"geometry":{"type":"Polygon","coordinates":[[[-108.329274,36.720983],[-108.329258,36.721434],[-108.329146,36.721431],[-108.329153,36.721251],[-108.329041,36.721248],[-108.329038,36.721339],[-108.328926,36.721336],[-108.328922,36.721426],[-108.328811,36.721424],[-108.328814,36.721334],[-108.328478,36.721326],[-108.328481,36.721236],[-108.327586,36.721216],[-108.327583,36.721306],[-108.327359,36.721301],[-108.327362,36.721211],[-108.327138,36.721206],[-108.327135,36.721296],[-108.326911,36.721291],[-108.326908,36.721381],[-108.326684,36.721376],[-108.326681,36.721466],[-108.326569,36.721463],[-108.326566,36.721554],[-108.326678,36.721556],[-108.326675,36.721646],[-108.326451,36.721641],[-108.326448,36.721731],[-108.326336,36.721729],[-108.326333,36.721819],[-108.326221,36.721816],[-108.326224,36.721726],[-108.326112,36.721724],[-108.326,36.721721],[-108.326003,36.721631],[-108.326115,36.721634],[-108.326118,36.721543],[-108.32623,36.721546],[-108.326233,36.721456],[-108.326345,36.721458],[-108.326352,36.721278],[-108.326463,36.721281],[-108.326575,36.721283],[-108.326579,36.721193],[-108.32669,36.721196],[-108.326694,36.721106],[-108.326805,36.721108],[-108.326809,36.721018],[-108.326921,36.72102],[-108.326924,36.72093],[-108.327036,36.720933],[-108.327039,36.720843],[-108.327262,36.720848],[-108.327266,36.720758],[-108.327489,36.720763],[-108.327493,36.720673],[-108.327604,36.720675],[-108.328276,36.72069],[-108.328273,36.72078],[-108.328385,36.720783],[-108.328609,36.720788],[-108.328605,36.720878],[-108.328941,36.720886],[-108.328938,36.720976],[-108.329162,36.720981],[-108.329274,36.720983]]]}},{"type":"Feature","properties":{},"geometry":{"type":"Polygon","coordinates":[[[-108.31805,36.724878],[-108.317938,36.724876],[-108.317714,36.724871],[-108.317711,36.724961],[-108.317599,36.724958],[-108.317602,36.724868],[-108.317606,36.724778],[-108.317494,36.724775],[-108.317491,36.724866],[-108.317379,36.724863],[-108.317267,36.724861],[-108.317155,36.724858],[-108.317152,36.724948],[-108.317264,36.724951],[-108.317257,36.725131],[-108.317145,36.725128],[-108.317142,36.725218],[-108.316918,36.725213],[-108.316922,36.725123],[-108.317033,36.725126],[-108.317037,36.725036],[-108.316813,36.725031],[-108.31681,36.725121],[-108.316586,36.725116],[-108.316589,36.725026],[-108.316477,36.725023],[-108.316253,36.725018],[-108.316256,36.724928],[-108.315697,36.724915],[-108.31569,36.725095],[-108.315467,36.72509],[-108.31547,36.725],[-108.315246,36.724995],[-108.31524,36.725175],[-108.314904,36.725168],[-108.314901,36.725258],[-108.314789,36.725255],[-108.314795,36.725075],[-108.314347,36.725065],[-108.314344,36.725155],[-108.314232,36.725153],[-108.314229,36.725243],[-108.314226,36.725333],[-108.314338,36.725335],[-108.314335,36.725426],[-108.314223,36.725423],[-108.31422,36.725513],[-108.314213,36.725693],[-108.314102,36.725691],[-108.314098,36.725781],[-108.313875,36.725776],[-108.313871,36.725866],[-108.313648,36.725861],[-108.313651,36.725771],[-108.313539,36.725768],[-108.313542,36.725678],[-108.313766,36.725683],[-108.313769,36.725593],[-108.313881,36.725596],[-108.313887,36.725415],[-108.313999,36.725418],[-108.314005,36.725238],[-108.314012,36.725058],[-108.314014,36.724991],[-108.314015,36.724967],[-108.314018,36.724877],[-108.313906,36.724875],[-108.313912,36.724695],[-108.313688,36.72469],[-108.313692,36.7246],[-108.313356,36.724592],[-108.313244,36.724589],[-108.313247,36.724499],[-108.313023,36.724494],[-108.313026,36.724404],[-108.312914,36.724402],[-108.312918,36.724312],[-108.312806,36.724309],[-108.312802,36.724399],[-108.312799,36.724489],[-108.312911,36.724492],[-108.312908,36.724582],[-108.312684,36.724577],[-108.312349,36.724569],[-108.312352,36.724479],[-108.31224,36.724477],[-108.312243,36.724386],[-108.312131,36.724384],[-108.312134,36.724294],[-108.31191,36.724289],[-108.311913,36.724199],[-108.311802,36.724196],[-108.311805,36.724106],[-108.311693,36.724104],[-108.311581,36.724101],[-108.311578,36.724191],[-108.311575,36.724281],[-108.311463,36.724279],[-108.311459,36.724369],[-108.311124,36.724361],[-108.311127,36.724271],[-108.310903,36.724266],[-108.3109,36.724356],[-108.310897,36.724446],[-108.311009,36.724449],[-108.311002,36.724629],[-108.31089,36.724626],[-108.310887,36.724716],[-108.310884,36.724807],[-108.310772,36.724804],[-108.310769,36.724894],[-108.310657,36.724892],[-108.310654,36.724982],[-108.310542,36.724979],[-108.31043,36.724977],[-108.310433,36.724887],[-108.310321,36.724884],[-108.310318,36.724974],[-108.310094,36.724969],[-108.310098,36.724879],[-108.309874,36.724874],[-108.309877,36.724784],[-108.309765,36.724781],[-108.309768,36.724691],[-108.309656,36.724689],[-108.309659,36.724599],[-108.309666,36.724418],[-108.309889,36.724423],[-108.309893,36.724333],[-108.310005,36.724336],[-108.310008,36.724246],[-108.310011,36.724156],[-108.310014,36.724066],[-108.310126,36.724068],[-108.310129,36.723978],[-108.310912,36.723996],[-108.310916,36.723906],[-108.311028,36.723908],[-108.311046,36.723368],[-108.311158,36.72337],[-108.311165,36.72319],[-108.311276,36.723192],[-108.311286,36.722922],[-108.31151,36.722927],[-108.311503,36.723107],[-108.311615,36.72311],[-108.311727,36.723113],[-108.311724,36.723203],[-108.311836,36.723205],[-108.311833,36.723295],[-108.311945,36.723298],[-108.311942,36.723388],[-108.312054,36.72339],[-108.31205,36.72348],[-108.312162,36.723483],[-108.312159,36.723573],[-108.312271,36.723576],[-108.312268,36.723666],[-108.31238,36.723668],[-108.312492,36.723671],[-108.312489,36.723761],[-108.312601,36.723763],[-108.312598,36.723853],[-108.312594,36.723944],[-108.312706,36.723946],[-108.312703,36.724036],[-108.312815,36.724039],[-108.312812,36.724129],[-108.313148,36.724136],[-108.313145,36.724226],[-108.313368,36.724232],[-108.313372,36.724141],[-108.313483,36.724144],[-108.313595,36.724147],[-108.313592,36.724237],[-108.313704,36.724239],[-108.313707,36.724149],[-108.313819,36.724152],[-108.313816,36.724242],[-108.31404,36.724247],[-108.314376,36.724254],[-108.314372,36.724344],[-108.314484,36.724347],[-108.314596,36.724349],[-108.314792,36.724354],[-108.314932,36.724357],[-108.31538,36.724367],[-108.315377,36.724457],[-108.315489,36.72446],[-108.315492,36.72437],[-108.315604,36.724372],[-108.315716,36.724375],[-108.315712,36.724465],[-108.31616,36.724475],[-108.316157,36.724565],[-108.316269,36.724568],[-108.316381,36.72457],[-108.316384,36.72448],[-108.316496,36.724482],[-108.316608,36.724485],[-108.316605,36.724575],[-108.316828,36.72458],[-108.316825,36.72467],[-108.317049,36.724675],[-108.317833,36.724693],[-108.317829,36.724783],[-108.317941,36.724786],[-108.317944,36.724695],[-108.318056,36.724698],[-108.318053,36.724788],[-108.31805,36.724878]],[[-108.313803,36.724602],[-108.313807,36.724512],[-108.313695,36.724509],[-108.313692,36.7246],[-108.313803,36.724602]]]}},{"type":"Feature","properties":{},"geometry":{"type":"Polygon","coordinates":[[[-108.317469,36.725496],[-108.317465,36.725586],[-108.317577,36.725589],[-108.317571,36.725769],[-108.317683,36.725772],[-108.31768,36.725862],[-108.317677,36.725952],[-108.317789,36.725954],[-108.317786,36.726044],[-108.317897,36.726047],[-108.317894,36.726137],[-108.317891,36.726227],[-108.317779,36.726225],[-108.317782,36.726134],[-108.31767,36.726132],[-108.317674,36.726042],[-108.317562,36.726039],[-108.317559,36.726129],[-108.317223,36.726122],[-108.317226,36.726032],[-108.317114,36.726029],[-108.317111,36.726119],[-108.316887,36.726114],[-108.316775,36.726112],[-108.316781,36.725932],[-108.316669,36.725929],[-108.316673,36.725839],[-108.316785,36.725841],[-108.316788,36.725751],[-108.316791,36.725661],[-108.317015,36.725666],[-108.317018,36.725576],[-108.31713,36.725579],[-108.317133,36.725489],[-108.317245,36.725491],[-108.317248,36.725401],[-108.31736,36.725404],[-108.317366,36.725223],[-108.317254,36.725221],[-108.317257,36.725131],[-108.317369,36.725133],[-108.317372,36.725043],[-108.317484,36.725046],[-108.317469,36.725496]],[[-108.31712,36.725849],[-108.316896,36.725844],[-108.31689,36.726024],[-108.317002,36.726027],[-108.317005,36.725937],[-108.317117,36.725939],[-108.317229,36.725942],[-108.317232,36.725852],[-108.31712,36.725849]]]}},{"type":"Feature","properties":{},"geometry":{"type":"Polygon","coordinates":[[[-108.317692,36.725501],[-108.317689,36.725591],[-108.317577,36.725589],[-108.317581,36.725499],[-108.317692,36.725501]]]}},{"type":"Feature","properties":{},"geometry":{"type":"Polygon","coordinates":[[[-108.31823,36.726145],[-108.318227,36.726235],[-108.318115,36.726232],[-108.318003,36.72623],[-108.318006,36.726139],[-108.31823,36.726145]]]}},{"type":"Feature","properties":{},"geometry":{"type":"Polygon","coordinates":[[[-108.318547,36.726693],[-108.318435,36.72669],[-108.318438,36.7266],[-108.317655,36.726582],[-108.317658,36.726492],[-108.317994,36.7265],[-108.317997,36.72641],[-108.318109,36.726412],[-108.318106,36.726502],[-108.318218,36.726505],[-108.318221,36.726415],[-108.318333,36.726417],[-108.318556,36.726422],[-108.318553,36.726512],[-108.318547,36.726693]]]}},{"type":"Feature","properties":{},"geometry":{"type":"Polygon","coordinates":[[[-108.31722,36.726212],[-108.317108,36.726209],[-108.317111,36.726119],[-108.317223,36.726122],[-108.31722,36.726212]]]}},{"type":"Feature","properties":{},"geometry":{"type":"Polygon","coordinates":[[[-108.316554,36.726017],[-108.316558,36.725926],[-108.316669,36.725929],[-108.316666,36.726019],[-108.316554,36.726017]]]}},{"type":"Feature","properties":{},"geometry":{"type":"Polygon","coordinates":[[[-108.316439,36.726104],[-108.316327,36.726102],[-108.316331,36.726012],[-108.316442,36.726014],[-108.316439,36.726104]]]}},{"type":"Feature","properties":{},"geometry":{"type":"Polygon","coordinates":[[[-108.311174,36.72292],[-108.311177,36.72283],[-108.311289,36.722832],[-108.311286,36.722922],[-108.311174,36.72292]]]}},{"type":"Feature","properties":{},"geometry":{"type":"Polygon","coordinates":[[[-108.311065,36.722827],[-108.311068,36.722737],[-108.31118,36.722739],[-108.311177,36.72283],[-108.311065,36.722827]]]}},{"type":"Feature","properties":{},"geometry":{"type":"Polygon","coordinates":[[[-108.310848,36.722642],[-108.310851,36.722552],[-108.310739,36.722549],[-108.310742,36.722459],[-108.310854,36.722462],[-108.310966,36.722464],[-108.310963,36.722554],[-108.31096,36.722644],[-108.310848,36.722642]]]}},{"type":"Feature","properties":{},"geometry":{"type":"Polygon","coordinates":[[[-108.302831,36.721288],[-108.302719,36.721286],[-108.302716,36.721376],[-108.302044,36.72136],[-108.302038,36.721541],[-108.302262,36.721546],[-108.302259,36.721636],[-108.302147,36.721633],[-108.302144,36.721723],[-108.302032,36.721721],[-108.302028,36.721811],[-108.301805,36.721806],[-108.301801,36.721896],[-108.301578,36.721891],[-108.301575,36.721981],[-108.301351,36.721976],[-108.301348,36.722066],[-108.301236,36.722063],[-108.301232,36.722154],[-108.301121,36.722151],[-108.301124,36.722061],[-108.300788,36.722053],[-108.300785,36.722143],[-108.300561,36.722138],[-108.300558,36.722228],[-108.300446,36.722226],[-108.300449,36.722136],[-108.300455,36.721956],[-108.300567,36.721958],[-108.30057,36.721868],[-108.300682,36.721871],[-108.300686,36.72178],[-108.300909,36.721786],[-108.300912,36.721695],[-108.301024,36.721698],[-108.301028,36.721608],[-108.301139,36.72161],[-108.301251,36.721613],[-108.301255,36.721523],[-108.30128,36.721523],[-108.301366,36.721525],[-108.30159,36.721531],[-108.301593,36.72144],[-108.301705,36.721443],[-108.301708,36.721353],[-108.30182,36.721355],[-108.301824,36.721265],[-108.302047,36.72127],[-108.302271,36.721275],[-108.302274,36.721185],[-108.302498,36.72119],[-108.30261,36.721193],[-108.302613,36.721103],[-108.302725,36.721105],[-108.302722,36.721196],[-108.302834,36.721198],[-108.302831,36.721288]],[[-108.300679,36.721961],[-108.300903,36.721966],[-108.300906,36.721876],[-108.300682,36.721871],[-108.300679,36.721961]]]}},{"type":"Feature","properties":{},"geometry":{"type":"Polygon","coordinates":[[[-108.300337,36.722133],[-108.300113,36.722128],[-108.300116,36.722038],[-108.30034,36.722043],[-108.300337,36.722133]]]}},{"type":"Feature","properties":{},"geometry":{"type":"Polygon","coordinates":[[[-108.300107,36.722308],[-108.299883,36.722303],[-108.29988,36.722393],[-108.299768,36.722391],[-108.299765,36.722481],[-108.299653,36.722478],[-108.299656,36.722388],[-108.299544,36.722386],[-108.299538,36.722566],[-108.299202,36.722558],[-108.299205,36.722468],[-108.299317,36.722471],[-108.29932,36.722381],[-108.299432,36.722383],[-108.299436,36.722293],[-108.299547,36.722296],[-108.299659,36.722298],[-108.299663,36.722208],[-108.299886,36.722213],[-108.299889,36.722123],[-108.300001,36.722126],[-108.300113,36.722128],[-108.300107,36.722308]]]}},{"type":"Feature","properties":{},"geometry":{"type":"Polygon","coordinates":[[[-108.299093,36.722466],[-108.299087,36.722646],[-108.299199,36.722648],[-108.299193,36.722829],[-108.299081,36.722826],[-108.299084,36.722736],[-108.298972,36.722733],[-108.298963,36.723004],[-108.298739,36.722999],[-108.298742,36.722908],[-108.29863,36.722906],[-108.298627,36.722996],[-108.298515,36.722993],[-108.298502,36.723354],[-108.29839,36.723351],[-108.298387,36.723441],[-108.298499,36.723444],[-108.298496,36.723534],[-108.298608,36.723537],[-108.298605,36.723627],[-108.298717,36.723629],[-108.298714,36.723719],[-108.29849,36.723714],[-108.298487,36.723804],[-108.298598,36.723807],[-108.298595,36.723897],[-108.298707,36.723899],[-108.298704,36.72399],[-108.298698,36.72417],[-108.298586,36.724167],[-108.298583,36.724257],[-108.298471,36.724255],[-108.298464,36.724435],[-108.298241,36.72443],[-108.298244,36.72434],[-108.298132,36.724337],[-108.298135,36.724247],[-108.298247,36.72425],[-108.298263,36.723799],[-108.298266,36.723709],[-108.298378,36.723712],[-108.298384,36.723531],[-108.298272,36.723529],[-108.298285,36.723169],[-108.298397,36.723171],[-108.2984,36.723081],[-108.298401,36.723051],[-108.298403,36.722991],[-108.298406,36.722901],[-108.298518,36.722903],[-108.298521,36.722813],[-108.298633,36.722816],[-108.298636,36.722726],[-108.298748,36.722728],[-108.298751,36.722638],[-108.298863,36.722641],[-108.298866,36.722551],[-108.298978,36.722553],[-108.298982,36.722463],[-108.299093,36.722466]]]}},{"type":"Feature","properties":{},"geometry":{"type":"Polygon","coordinates":[[[-108.319313,36.724005],[-108.319309,36.724095],[-108.319198,36.724093],[-108.319201,36.724002],[-108.319313,36.724005]]]}},{"type":"Feature","properties":{},"geometry":{"type":"Polygon","coordinates":[[[-108.319204,36.723912],[-108.319207,36.723822],[-108.319655,36.723832],[-108.319651,36.723922],[-108.319987,36.72393],[-108.320211,36.723935],[-108.320214,36.723845],[-108.320326,36.723848],[-108.320323,36.723938],[-108.320659,36.723945],[-108.320656,36.724035],[-108.319536,36.72401],[-108.319533,36.7241],[-108.319421,36.724098],[-108.319428,36.723917],[-108.319316,36.723915],[-108.319204,36.723912]]]}},{"type":"Feature","properties":{},"geometry":{"type":"Polygon","coordinates":[[[-108.320886,36.72386],[-108.320883,36.72395],[-108.320771,36.723948],[-108.320774,36.723858],[-108.320886,36.72386]]]}},{"type":"Feature","properties":{},"geometry":{"type":"Polygon","coordinates":[[[-108.321221,36.723868],[-108.320998,36.723863],[-108.321001,36.723773],[-108.321225,36.723778],[-108.321228,36.723688],[-108.321452,36.723693],[-108.321455,36.723602],[-108.321567,36.723605],[-108.32157,36.723515],[-108.321682,36.723517],[-108.321679,36.723607],[-108.32179,36.72361],[-108.321794,36.72352],[-108.322241,36.72353],[-108.322238,36.72362],[-108.32235,36.723623],[-108.322347,36.723713],[-108.322344,36.723803],[-108.322008,36.723795],[-108.322005,36.723885],[-108.321893,36.723883],[-108.321896,36.723793],[-108.321784,36.72379],[-108.321787,36.7237],[-108.321675,36.723698],[-108.321669,36.723878],[-108.321557,36.723875],[-108.321445,36.723873],[-108.321442,36.723963],[-108.321218,36.723958],[-108.321221,36.723868]]]}},{"type":"Feature","properties":{},"geometry":{"type":"Polygon","coordinates":[[[-108.31339,36.723601],[-108.313502,36.723603],[-108.313496,36.723784],[-108.31316,36.723776],[-108.313163,36.723686],[-108.31294,36.723681],[-108.312943,36.723591],[-108.312719,36.723586],[-108.312728,36.723315],[-108.312952,36.723321],[-108.312949,36.723411],[-108.313173,36.723416],[-108.31317,36.723506],[-108.313393,36.723511],[-108.31339,36.723601]]]}},{"type":"Feature","properties":{},"geometry":{"type":"Polygon","coordinates":[[[-108.312728,36.723315],[-108.312504,36.72331],[-108.312508,36.72322],[-108.312396,36.723218],[-108.312399,36.723128],[-108.312287,36.723125],[-108.31229,36.723035],[-108.312178,36.723033],[-108.312181,36.722942],[-108.312069,36.72294],[-108.311957,36.722937],[-108.311961,36.722847],[-108.311849,36.722845],[-108.311852,36.722755],[-108.31174,36.722752],[-108.311743,36.722662],[-108.311631,36.72266],[-108.311634,36.722569],[-108.311635,36.722556],[-108.311637,36.722479],[-108.311641,36.722389],[-108.311752,36.722392],[-108.311749,36.722482],[-108.311861,36.722484],[-108.311858,36.722574],[-108.31197,36.722577],[-108.311967,36.722667],[-108.312079,36.72267],[-108.312076,36.72276],[-108.312188,36.722762],[-108.312184,36.722852],[-108.312296,36.722855],[-108.312293,36.722945],[-108.312405,36.722947],[-108.312402,36.723038],[-108.312514,36.72304],[-108.312511,36.72313],[-108.312623,36.723133],[-108.312619,36.723223],[-108.312731,36.723225],[-108.312728,36.723315]]]}},{"type":"Feature","properties":{},"geometry":{"type":"Polygon","coordinates":[[[-108.312118,36.724744],[-108.312115,36.724834],[-108.312003,36.724832],[-108.312006,36.724742],[-108.312118,36.724744]]]}},{"type":"Feature","properties":{},"geometry":{"type":"Polygon","coordinates":[[[-108.313234,36.72486],[-108.313123,36.724857],[-108.313126,36.724767],[-108.31335,36.724772],[-108.313346,36.724862],[-108.313343,36.724952],[-108.313231,36.72495],[-108.313234,36.72486]]]}},{"type":"Feature","properties":{},"geometry":{"type":"Polygon","coordinates":[[[-108.319278,36.724996],[-108.319272,36.725176],[-108.319048,36.725171],[-108.319045,36.725261],[-108.318709,36.725254],[-108.318715,36.725074],[-108.319051,36.725081],[-108.319054,36.724991],[-108.319278,36.724996]]]}},{"type":"Feature","properties":{},"geometry":{"type":"Polygon","coordinates":[[[-108.311767,36.725187],[-108.31177,36.725097],[-108.311994,36.725102],[-108.311991,36.725192],[-108.311767,36.725187]]]}},{"type":"Feature","properties":{},"geometry":{"type":"Polygon","coordinates":[[[-108.311198,36.725445],[-108.31131,36.725447],[-108.311307,36.725537],[-108.311195,36.725535],[-108.311198,36.725445]]]}},{"type":"Feature","properties":{},"geometry":{"type":"Polygon","coordinates":[[[-108.318758,36.727058],[-108.318755,36.727148],[-108.318419,36.727141],[-108.318423,36.727051],[-108.318535,36.727053],[-108.318538,36.726963],[-108.31865,36.726965],[-108.318653,36.726875],[-108.318541,36.726873],[-108.318547,36.726693],[-108.318995,36.726703],[-108.318992,36.726793],[-108.319104,36.726795],[-108.319097,36.726976],[-108.318873,36.726971],[-108.31887,36.727061],[-108.318758,36.727058]]]}},{"type":"Feature","properties":{},"geometry":{"type":"Polygon","coordinates":[[[-108.317635,36.730369],[-108.317638,36.730279],[-108.31775,36.730281],[-108.317747,36.730371],[-108.317635,36.730369]]]}},{"type":"Feature","properties":{},"geometry":{"type":"Polygon","coordinates":[[[-108.315499,36.730591],[-108.315502,36.730501],[-108.315726,36.730506],[-108.315723,36.730596],[-108.315499,36.730591]]]}},{"type":"Feature","properties":{},"geometry":{"type":"Polygon","coordinates":[[[-108.319164,36.731485],[-108.319276,36.731488],[-108.319273,36.731578],[-108.319161,36.731575],[-108.319164,36.731485]]]}},{"type":"Feature","properties":{},"geometry":{"type":"Polygon","coordinates":[[[-108.310067,36.700083],[-108.31007,36.699993],[-108.310182,36.699996],[-108.310179,36.700086],[-108.310067,36.700083]]]}},{"type":"Feature","properties":{},"geometry":{"type":"Polygon","coordinates":[[[-108.311167,36.700649],[-108.31117,36.700559],[-108.311282,36.700562],[-108.311279,36.700652],[-108.311167,36.700649]]]}},{"type":"Feature","properties":{},"geometry":{"type":"Polygon","coordinates":[[[-108.311285,36.700471],[-108.311397,36.700474],[-108.311394,36.700564],[-108.311282,36.700562],[-108.311285,36.700471]]]}},{"type":"Feature","properties":{},"geometry":{"type":"Polygon","coordinates":[[[-108.311055,36.700647],[-108.311167,36.700649],[-108.311164,36.700739],[-108.311052,36.700737],[-108.311055,36.700647]]]}},{"type":"Feature","properties":{},"geometry":{"type":"Polygon","coordinates":[[[-108.304509,36.708523],[-108.304621,36.708526],[-108.304618,36.708616],[-108.304394,36.708611],[-108.3044,36.70843],[-108.304512,36.708433],[-108.304509,36.708523]]]}},{"type":"Feature","properties":{},"geometry":{"type":"Polygon","coordinates":[[[-108.305047,36.709166],[-108.30505,36.709076],[-108.305162,36.709079],[-108.305158,36.709169],[-108.305047,36.709166]]]}},{"type":"Feature","properties":{},"geometry":{"type":"Polygon","coordinates":[[[-108.304484,36.709244],[-108.304487,36.709154],[-108.304599,36.709156],[-108.304596,36.709246],[-108.304484,36.709244]]]}},{"type":"Feature","properties":{},"geometry":{"type":"Polygon","coordinates":[[[-108.304931,36.709254],[-108.305043,36.709256],[-108.305042,36.709305],[-108.30504,36.709346],[-108.304928,36.709344],[-108.304816,36.709341],[-108.30482,36.709251],[-108.304931,36.709254]]]}},{"type":"Feature","properties":{},"geometry":{"type":"Polygon","coordinates":[[[-108.304583,36.709607],[-108.30458,36.709697],[-108.304468,36.709694],[-108.304471,36.709604],[-108.304583,36.709607]]]}},{"type":"Feature","properties":{},"geometry":{"type":"Polygon","coordinates":[[[-108.30467,36.71033],[-108.304558,36.710327],[-108.304561,36.710237],[-108.304449,36.710235],[-108.304452,36.710145],[-108.304564,36.710147],[-108.304567,36.710057],[-108.304679,36.71006],[-108.304673,36.71024],[-108.30467,36.71033]]]}},{"type":"Feature","properties":{},"geometry":{"type":"Polygon","coordinates":[[[-108.311368,36.710932],[-108.311256,36.71093],[-108.311259,36.71084],[-108.311371,36.710842],[-108.311368,36.710932]]]}},{"type":"Feature","properties":{},"geometry":{"type":"Polygon","coordinates":[[[-108.310812,36.71083],[-108.3107,36.710827],[-108.310697,36.710917],[-108.310694,36.711007],[-108.310917,36.711012],[-108.310914,36.711102],[-108.31069,36.711097],[-108.310578,36.711095],[-108.310582,36.711005],[-108.310594,36.710644],[-108.310818,36.710649],[-108.310815,36.710739],[-108.311262,36.71075],[-108.311259,36.71084],[-108.310812,36.71083]]]}},{"type":"Feature","properties":{},"geometry":{"type":"Polygon","coordinates":[[[-108.310597,36.710554],[-108.3106,36.710464],[-108.310712,36.710467],[-108.310709,36.710557],[-108.310597,36.710554]]]}},{"type":"Feature","properties":{},"geometry":{"type":"Polygon","coordinates":[[[-108.311477,36.711025],[-108.311365,36.711022],[-108.311368,36.710932],[-108.31148,36.710935],[-108.311477,36.711025]]]}},{"type":"Feature","properties":{},"geometry":{"type":"Polygon","coordinates":[[[-108.311023,36.711195],[-108.311026,36.711105],[-108.311138,36.711107],[-108.311135,36.711198],[-108.311023,36.711195]]]}},{"type":"Feature","properties":{},"geometry":{"type":"Polygon","coordinates":[[[-108.311247,36.7112],[-108.311244,36.71129],[-108.311132,36.711288],[-108.311135,36.711198],[-108.311247,36.7112]]]}},{"type":"Feature","properties":{},"geometry":{"type":"Polygon","coordinates":[[[-108.31102,36.711285],[-108.311132,36.711288],[-108.311129,36.711378],[-108.311017,36.711375],[-108.31102,36.711285]]]}},{"type":"Feature","properties":{},"geometry":{"type":"Polygon","coordinates":[[[-108.311237,36.71147],[-108.311125,36.711468],[-108.311129,36.711378],[-108.31124,36.71138],[-108.311237,36.71147]]]}},{"type":"Feature","properties":{},"geometry":{"type":"Polygon","coordinates":[[[-108.303513,36.711386],[-108.303516,36.711296],[-108.303628,36.711298],[-108.303625,36.711388],[-108.303513,36.711386]]]}},{"type":"Feature","properties":{},"geometry":{"type":"Polygon","coordinates":[[[-108.304687,36.713035],[-108.304694,36.712855],[-108.304917,36.71286],[-108.304914,36.71295],[-108.304802,36.712948],[-108.304799,36.713038],[-108.304687,36.713035]]]}},{"type":"Feature","properties":{},"geometry":{"type":"Polygon","coordinates":[[[-108.304355,36.712938],[-108.304467,36.71294],[-108.304464,36.71303],[-108.304352,36.713028],[-108.304355,36.712938]]]}},{"type":"Feature","properties":{},"geometry":{"type":"Polygon","coordinates":[[[-108.307597,36.713101],[-108.307594,36.713191],[-108.307706,36.713194],[-108.307929,36.713199],[-108.308041,36.713201],[-108.308038,36.713291],[-108.307479,36.713279],[-108.307485,36.713099],[-108.307597,36.713101]]]}},{"type":"Feature","properties":{},"geometry":{"type":"Polygon","coordinates":[[[-108.308821,36.713309],[-108.308818,36.713399],[-108.308706,36.713397],[-108.308703,36.713487],[-108.308479,36.713482],[-108.308483,36.713392],[-108.308594,36.713394],[-108.308598,36.713304],[-108.30871,36.713307],[-108.308821,36.713309]]]}},{"type":"Feature","properties":{},"geometry":{"type":"Polygon","coordinates":[[[-108.308262,36.713296],[-108.308265,36.713206],[-108.308268,36.713116],[-108.308156,36.713114],[-108.308159,36.713024],[-108.308271,36.713026],[-108.308383,36.713029],[-108.30838,36.713119],[-108.308492,36.713121],[-108.308489,36.713211],[-108.308377,36.713209],[-108.308374,36.713299],[-108.308262,36.713296]]]}},{"type":"Feature","properties":{},"geometry":{"type":"Polygon","coordinates":[[[-108.30446,36.71312],[-108.304572,36.713123],[-108.304569,36.713213],[-108.304457,36.71321],[-108.30446,36.71312]]]}},{"type":"Feature","properties":{},"geometry":{"type":"Polygon","coordinates":[[[-108.304681,36.713215],[-108.304684,36.713125],[-108.304796,36.713128],[-108.304793,36.713218],[-108.304681,36.713215]]]}},{"type":"Feature","properties":{},"geometry":{"type":"Polygon","coordinates":[[[-108.306471,36.713256],[-108.306468,36.713346],[-108.306356,36.713343],[-108.306245,36.713341],[-108.306251,36.713161],[-108.306363,36.713163],[-108.306366,36.713073],[-108.306478,36.713076],[-108.306475,36.713166],[-108.306587,36.713168],[-108.306583,36.713258],[-108.306471,36.713256]]]}},{"type":"Feature","properties":{},"geometry":{"type":"Polygon","coordinates":[[[-108.308147,36.713384],[-108.30815,36.713294],[-108.308262,36.713296],[-108.308259,36.713387],[-108.308147,36.713384]]]}},{"type":"Feature","properties":{},"geometry":{"type":"Polygon","coordinates":[[[-108.306465,36.713436],[-108.306468,36.713346],[-108.30658,36.713349],[-108.306577,36.713439],[-108.306465,36.713436]]]}},{"type":"Feature","properties":{},"geometry":{"type":"Polygon","coordinates":[[[-108.304454,36.7133],[-108.304566,36.713303],[-108.304563,36.713393],[-108.304451,36.71339],[-108.304454,36.7133]]]}},{"type":"Feature","properties":{},"geometry":{"type":"Polygon","coordinates":[[[-108.307248,36.713454],[-108.307472,36.713459],[-108.307469,36.713549],[-108.307245,36.713544],[-108.307248,36.713454]]]}},{"type":"Feature","properties":{},"geometry":{"type":"Polygon","coordinates":[[[-108.303888,36.713468],[-108.303891,36.713378],[-108.304115,36.713383],[-108.304112,36.713473],[-108.303888,36.713468]]]}},{"type":"Feature","properties":{},"geometry":{"type":"Polygon","coordinates":[[[-108.304895,36.713491],[-108.304899,36.713401],[-108.30501,36.713403],[-108.305007,36.713493],[-108.304895,36.713491]]]}},{"type":"Feature","properties":{},"geometry":{"type":"Polygon","coordinates":[[[-108.304672,36.713486],[-108.304675,36.713396],[-108.304787,36.713398],[-108.304784,36.713488],[-108.304672,36.713486]]]}},{"type":"Feature","properties":{},"geometry":{"type":"Polygon","coordinates":[[[-108.308256,36.713477],[-108.308368,36.713479],[-108.308364,36.713569],[-108.308252,36.713567],[-108.308256,36.713477]]]}},{"type":"Feature","properties":{},"geometry":{"type":"Polygon","coordinates":[[[-108.30635,36.713524],[-108.306353,36.713434],[-108.306465,36.713436],[-108.306462,36.713526],[-108.30635,36.713524]]]}},{"type":"Feature","properties":{},"geometry":{"type":"Polygon","coordinates":[[[-108.307696,36.713464],[-108.307808,36.713467],[-108.307805,36.713557],[-108.307693,36.713554],[-108.307696,36.713464]]]}},{"type":"Feature","properties":{},"geometry":{"type":"Polygon","coordinates":[[[-108.308032,36.713472],[-108.308144,36.713474],[-108.308141,36.713564],[-108.308029,36.713562],[-108.308032,36.713472]]]}},{"type":"Feature","properties":{},"geometry":{"type":"Polygon","coordinates":[[[-108.307802,36.713647],[-108.307914,36.713649],[-108.30791,36.713739],[-108.307799,36.713737],[-108.307802,36.713647]]]}},{"type":"Feature","properties":{},"geometry":{"type":"Polygon","coordinates":[[[-108.304445,36.713571],[-108.304557,36.713573],[-108.304553,36.713663],[-108.304441,36.713661],[-108.304445,36.713571]]]}},{"type":"Feature","properties":{},"geometry":{"type":"Polygon","coordinates":[[[-108.304774,36.713758],[-108.304777,36.713668],[-108.304889,36.713671],[-108.304886,36.713761],[-108.304774,36.713758]]]}},{"type":"Feature","properties":{},"geometry":{"type":"Polygon","coordinates":[[[-108.306405,36.715148],[-108.306409,36.715058],[-108.306297,36.715055],[-108.3063,36.714965],[-108.306412,36.714968],[-108.306415,36.714878],[-108.306527,36.71488],[-108.306524,36.71497],[-108.30652,36.71506],[-108.306517,36.71515],[-108.306405,36.715148]]]}},{"type":"Feature","properties":{},"geometry":{"type":"Polygon","coordinates":[[[-108.306517,36.71515],[-108.306629,36.715153],[-108.306626,36.715243],[-108.306514,36.715241],[-108.306517,36.71515]]]}},{"type":"Feature","properties":{},"geometry":{"type":"Polygon","coordinates":[[[-108.306399,36.715328],[-108.306511,36.715331],[-108.306508,36.715421],[-108.306396,36.715418],[-108.306399,36.715328]]]}},{"type":"Feature","properties":{},"geometry":{"type":"Polygon","coordinates":[[[-108.306732,36.715426],[-108.306729,36.715516],[-108.306505,36.715511],[-108.306508,36.715421],[-108.306732,36.715426]]]}},{"type":"Feature","properties":{},"geometry":{"type":"Polygon","coordinates":[[[-108.307365,36.716522],[-108.307253,36.71652],[-108.307257,36.716429],[-108.30748,36.716435],[-108.307477,36.716525],[-108.307365,36.716522]]]}},{"type":"Feature","properties":{},"geometry":{"type":"Polygon","coordinates":[[[-108.311269,36.716971],[-108.311381,36.716974],[-108.311378,36.717064],[-108.31149,36.717066],[-108.311487,36.717156],[-108.311375,36.717154],[-108.311372,36.717244],[-108.31126,36.717241],[-108.311148,36.717239],[-108.311151,36.717149],[-108.311263,36.717151],[-108.311269,36.716971]]]}},{"type":"Feature","properties":{},"geometry":{"type":"Polygon","coordinates":[[[-108.311385,36.716883],[-108.311496,36.716886],[-108.311493,36.716976],[-108.311381,36.716974],[-108.311385,36.716883]]]}},{"type":"Feature","properties":{},"geometry":{"type":"Polygon","coordinates":[[[-108.310352,36.717581],[-108.310355,36.717491],[-108.310579,36.717496],[-108.310576,36.717587],[-108.310464,36.717584],[-108.310461,36.717674],[-108.310237,36.717669],[-108.31024,36.717579],[-108.310352,36.717581]]]}},{"type":"Feature","properties":{},"geometry":{"type":"Polygon","coordinates":[[[-108.310576,36.717587],[-108.310688,36.717589],[-108.310685,36.717679],[-108.310573,36.717677],[-108.310576,36.717587]]]}},{"type":"Feature","properties":{},"geometry":{"type":"Polygon","coordinates":[[[-108.310007,36.717844],[-108.31001,36.717754],[-108.310122,36.717757],[-108.310119,36.717847],[-108.310007,36.717844]]]}},{"type":"Feature","properties":{},"geometry":{"type":"Polygon","coordinates":[[[-108.303501,36.718148],[-108.303504,36.718058],[-108.303616,36.71806],[-108.303613,36.71815],[-108.303724,36.718153],[-108.303721,36.718243],[-108.303609,36.71824],[-108.303386,36.718235],[-108.303389,36.718145],[-108.303501,36.718148]]]}},{"type":"Feature","properties":{},"geometry":{"type":"Polygon","coordinates":[[[-108.307961,36.718699],[-108.308073,36.718702],[-108.30807,36.718792],[-108.307958,36.71879],[-108.307961,36.718699]]]}},{"type":"Feature","properties":{},"geometry":{"type":"Polygon","coordinates":[[[-108.30409,36.720505],[-108.304096,36.720325],[-108.304432,36.720333],[-108.304435,36.720243],[-108.304995,36.720255],[-108.304992,36.720345],[-108.304989,36.720435],[-108.304765,36.72043],[-108.304653,36.720428],[-108.304429,36.720423],[-108.304426,36.720513],[-108.304314,36.72051],[-108.30409,36.720505]]]}},{"type":"Feature","properties":{},"geometry":{"type":"Polygon","coordinates":[[[-108.305974,36.721089],[-108.306086,36.721091],[-108.306083,36.721182],[-108.305971,36.721179],[-108.305974,36.721089]]]}},{"type":"Feature","properties":{},"geometry":{"type":"Polygon","coordinates":[[[-108.306411,36.731017],[-108.306523,36.731019],[-108.30652,36.731109],[-108.306408,36.731107],[-108.306411,36.731017]]]}},{"type":"Feature","properties":{},"geometry":{"type":"Polygon","coordinates":[[[-108.303554,36.703813],[-108.303551,36.703903],[-108.303439,36.7039],[-108.303442,36.70381],[-108.303554,36.703813]]]}},{"type":"Feature","properties":{},"geometry":{"type":"Polygon","coordinates":[[[-108.292793,36.710511],[-108.292796,36.710421],[-108.292908,36.710423],[-108.292905,36.710514],[-108.292793,36.710511]]]}},{"type":"Feature","properties":{},"geometry":{"type":"Polygon","coordinates":[[[-108.302851,36.7111],[-108.302854,36.71101],[-108.302966,36.711013],[-108.302963,36.711103],[-108.302851,36.7111]]]}},{"type":"Feature","properties":{},"geometry":{"type":"Polygon","coordinates":[[[-108.303072,36.711195],[-108.303184,36.711198],[-108.303181,36.711288],[-108.303069,36.711285],[-108.303072,36.711195]]]}},{"type":"Feature","properties":{},"geometry":{"type":"Polygon","coordinates":[[[-108.303286,36.711471],[-108.303174,36.711468],[-108.303062,36.711466],[-108.303066,36.711375],[-108.303289,36.711381],[-108.303286,36.711471]]]}},{"type":"Feature","properties":{},"geometry":{"type":"Polygon","coordinates":[[[-108.302839,36.711461],[-108.302842,36.71137],[-108.302954,36.711373],[-108.30295,36.711463],[-108.302839,36.711461]]]}},{"type":"Feature","properties":{},"geometry":{"type":"Polygon","coordinates":[[[-108.302835,36.711551],[-108.302947,36.711553],[-108.303059,36.711556],[-108.303056,36.711646],[-108.302944,36.711643],[-108.302938,36.711823],[-108.302826,36.711821],[-108.302829,36.711731],[-108.302832,36.711641],[-108.302835,36.711551]]]}},{"type":"Feature","properties":{},"geometry":{"type":"Polygon","coordinates":[[[-108.302337,36.712982],[-108.302449,36.712984],[-108.302446,36.713075],[-108.302334,36.713072],[-108.302337,36.712982]]]}},{"type":"Feature","properties":{},"geometry":{"type":"Polygon","coordinates":[[[-108.301775,36.713059],[-108.301887,36.713062],[-108.301884,36.713152],[-108.301772,36.713149],[-108.301775,36.713059]]]}},{"type":"Feature","properties":{},"geometry":{"type":"Polygon","coordinates":[[[-108.297634,36.712965],[-108.297746,36.712968],[-108.297743,36.713058],[-108.297631,36.713055],[-108.297634,36.712965]]]}},{"type":"Feature","properties":{},"geometry":{"type":"Polygon","coordinates":[[[-108.302222,36.713069],[-108.302219,36.71316],[-108.302216,36.71325],[-108.302104,36.713247],[-108.30211,36.713067],[-108.302222,36.713069]]]}},{"type":"Feature","properties":{},"geometry":{"type":"Polygon","coordinates":[[[-108.302322,36.713432],[-108.302328,36.713252],[-108.30244,36.713255],[-108.302434,36.713435],[-108.302322,36.713432]]]}},{"type":"Feature","properties":{},"geometry":{"type":"Polygon","coordinates":[[[-108.299431,36.712826],[-108.299543,36.712828],[-108.29954,36.712918],[-108.299428,36.712916],[-108.299431,36.712826]]]}},{"type":"Feature","properties":{},"geometry":{"type":"Polygon","coordinates":[[[-108.299652,36.712921],[-108.299649,36.713011],[-108.299537,36.713009],[-108.29954,36.712918],[-108.299652,36.712921]]]}},{"type":"Feature","properties":{},"geometry":{"type":"Polygon","coordinates":[[[-108.299847,36.713737],[-108.299857,36.713467],[-108.299969,36.713469],[-108.299959,36.713739],[-108.299847,36.713737]]]}},{"type":"Feature","properties":{},"geometry":{"type":"Polygon","coordinates":[[[-108.299959,36.713739],[-108.300071,36.713742],[-108.300068,36.713832],[-108.299956,36.71383],[-108.299959,36.713739]]]}},{"type":"Feature","properties":{},"geometry":{"type":"Polygon","coordinates":[[[-108.300052,36.714283],[-108.300048,36.714386],[-108.300046,36.714463],[-108.299934,36.71446],[-108.299822,36.714458],[-108.299825,36.714368],[-108.299713,36.714365],[-108.299601,36.714362],[-108.299608,36.714182],[-108.29972,36.714185],[-108.299716,36.714275],[-108.299828,36.714277],[-108.299831,36.714187],[-108.299943,36.71419],[-108.29994,36.71428],[-108.300052,36.714283]]]}},{"type":"Feature","properties":{},"geometry":{"type":"Polygon","coordinates":[[[-108.300629,36.717001],[-108.300741,36.717003],[-108.300738,36.717093],[-108.300626,36.717091],[-108.300629,36.717001]]]}},{"type":"Feature","properties":{},"geometry":{"type":"Polygon","coordinates":[[[-108.301965,36.717211],[-108.301969,36.717121],[-108.302081,36.717124],[-108.302077,36.717214],[-108.301965,36.717211]]]}},{"type":"Feature","properties":{},"geometry":{"type":"Polygon","coordinates":[[[-108.302301,36.717219],[-108.302413,36.717221],[-108.30241,36.717311],[-108.302298,36.717309],[-108.302301,36.717219]]]}},{"type":"Feature","properties":{},"geometry":{"type":"Polygon","coordinates":[[[-108.302634,36.717316],[-108.302746,36.717319],[-108.302742,36.717409],[-108.302631,36.717407],[-108.302634,36.717316]]]}},{"type":"Feature","properties":{},"geometry":{"type":"Polygon","coordinates":[[[-108.300252,36.718164],[-108.300364,36.718167],[-108.300361,36.718257],[-108.300473,36.718259],[-108.30047,36.718349],[-108.300246,36.718344],[-108.300249,36.718254],[-108.300252,36.718164]]]}},{"type":"Feature","properties":{},"geometry":{"type":"Polygon","coordinates":[[[-108.300476,36.718169],[-108.300588,36.718172],[-108.300585,36.718262],[-108.300473,36.718259],[-108.300476,36.718169]]]}},{"type":"Feature","properties":{},"geometry":{"type":"Polygon","coordinates":[[[-108.302265,36.721456],[-108.302489,36.721461],[-108.302486,36.721551],[-108.302262,36.721546],[-108.302265,36.721456]]]}},{"type":"Feature","properties":{},"geometry":{"type":"Polygon","coordinates":[[[-108.298614,36.723356],[-108.298726,36.723359],[-108.29872,36.723539],[-108.298608,36.723537],[-108.298614,36.723356]]]}},{"type":"Feature","properties":{},"geometry":{"type":"Polygon","coordinates":[[[-108.296677,36.724304],[-108.29668,36.724214],[-108.296792,36.724217],[-108.296789,36.724307],[-108.296677,36.724304]]]}},{"type":"Feature","properties":{},"geometry":{"type":"Polygon","coordinates":[[[-108.296786,36.724397],[-108.296789,36.724307],[-108.296901,36.724309],[-108.296898,36.724399],[-108.296786,36.724397]]]}},{"type":"Feature","properties":{},"geometry":{"type":"Polygon","coordinates":[[[-108.294532,36.724796],[-108.294643,36.724799],[-108.29464,36.724889],[-108.294528,36.724886],[-108.294532,36.724796]]]}},{"type":"Feature","properties":{},"geometry":{"type":"Polygon","coordinates":[[[-108.293297,36.724858],[-108.2933,36.724768],[-108.293412,36.724771],[-108.293409,36.724861],[-108.293297,36.724858]]]}},{"type":"Feature","properties":{},"geometry":{"type":"Polygon","coordinates":[[[-108.292846,36.724938],[-108.292847,36.72491],[-108.29285,36.724848],[-108.292962,36.724851],[-108.292958,36.724941],[-108.292846,36.724938]]]}},{"type":"Feature","properties":{},"geometry":{"type":"Polygon","coordinates":[[[-108.293745,36.724869],[-108.293857,36.724871],[-108.293854,36.724961],[-108.293742,36.724959],[-108.293745,36.724869]]]}},{"type":"Feature","properties":{},"geometry":{"type":"Polygon","coordinates":[[[-108.293185,36.724856],[-108.293297,36.724858],[-108.293294,36.724949],[-108.293182,36.724946],[-108.293185,36.724856]]]}},{"type":"Feature","properties":{},"geometry":{"type":"Polygon","coordinates":[[[-108.296537,36.725112],[-108.29654,36.725022],[-108.296652,36.725025],[-108.296648,36.725115],[-108.296537,36.725112]]]}},{"type":"Feature","properties":{},"geometry":{"type":"Polygon","coordinates":[[[-108.293403,36.725041],[-108.293406,36.724951],[-108.293518,36.724954],[-108.293515,36.725044],[-108.293403,36.725041]]]}},{"type":"Feature","properties":{},"geometry":{"type":"Polygon","coordinates":[[[-108.294855,36.725164],[-108.294858,36.725074],[-108.29497,36.725077],[-108.294967,36.725167],[-108.294855,36.725164]]]}},{"type":"Feature","properties":{},"geometry":{"type":"Polygon","coordinates":[[[-108.293179,36.725036],[-108.293291,36.725039],[-108.293288,36.725129],[-108.293176,36.725126],[-108.293179,36.725036]]]}},{"type":"Feature","properties":{},"geometry":{"type":"Polygon","coordinates":[[[-108.296421,36.7252],[-108.296533,36.725203],[-108.29653,36.725293],[-108.296418,36.72529],[-108.296421,36.7252]]]}},{"type":"Feature","properties":{},"geometry":{"type":"Polygon","coordinates":[[[-108.294733,36.725432],[-108.29473,36.725522],[-108.294618,36.72552],[-108.294615,36.72561],[-108.294503,36.725607],[-108.294506,36.725517],[-108.294394,36.725515],[-108.294397,36.725424],[-108.294509,36.725427],[-108.294516,36.725247],[-108.294404,36.725244],[-108.294407,36.725154],[-108.294295,36.725152],[-108.294301,36.724971],[-108.294305,36.724881],[-108.294416,36.724884],[-108.294413,36.724974],[-108.29441,36.725064],[-108.294634,36.725069],[-108.294637,36.724979],[-108.294749,36.724982],[-108.29474,36.725252],[-108.294851,36.725254],[-108.294848,36.725345],[-108.294736,36.725342],[-108.294733,36.725432]]]}},{"type":"Feature","properties":{},"geometry":{"type":"Polygon","coordinates":[[[-108.29417,36.725509],[-108.294174,36.725419],[-108.294286,36.725422],[-108.294282,36.725512],[-108.29417,36.725509]]]}},{"type":"Feature","properties":{},"geometry":{"type":"Polygon","coordinates":[[[-108.294289,36.725332],[-108.294401,36.725334],[-108.294397,36.725424],[-108.294286,36.725422],[-108.294289,36.725332]]]}},{"type":"Feature","properties":{},"geometry":{"type":"Polygon","coordinates":[[[-108.293281,36.725309],[-108.293393,36.725311],[-108.29339,36.725402],[-108.293278,36.725399],[-108.293281,36.725309]]]}},{"type":"Feature","properties":{},"geometry":{"type":"Polygon","coordinates":[[[-108.296076,36.725463],[-108.296079,36.725373],[-108.296191,36.725375],[-108.296188,36.725465],[-108.296076,36.725463]]]}},{"type":"Feature","properties":{},"geometry":{"type":"Polygon","coordinates":[[[-108.292498,36.725291],[-108.29261,36.725294],[-108.292607,36.725384],[-108.292495,36.725381],[-108.292498,36.725291]]]}},{"type":"Feature","properties":{},"geometry":{"type":"Polygon","coordinates":[[[-108.291938,36.725278],[-108.29205,36.725281],[-108.292047,36.725371],[-108.291935,36.725368],[-108.291938,36.725278]]]}},{"type":"Feature","properties":{},"geometry":{"type":"Polygon","coordinates":[[[-108.292936,36.725572],[-108.292943,36.725391],[-108.293054,36.725394],[-108.293051,36.725484],[-108.293048,36.725574],[-108.292936,36.725572]]]}},{"type":"Feature","properties":{},"geometry":{"type":"Polygon","coordinates":[[[-108.295063,36.72562],[-108.295066,36.72553],[-108.295178,36.725532],[-108.295175,36.725622],[-108.295063,36.72562]]]}},{"type":"Feature","properties":{},"geometry":{"type":"Polygon","coordinates":[[[-108.294612,36.7257],[-108.294615,36.72561],[-108.294951,36.725617],[-108.294948,36.725707],[-108.294612,36.7257]]]}},{"type":"Feature","properties":{},"geometry":{"type":"Polygon","coordinates":[[[-108.295619,36.725723],[-108.295731,36.725725],[-108.295728,36.725815],[-108.295616,36.725813],[-108.295619,36.725723]]]}},{"type":"Feature","properties":{},"geometry":{"type":"Polygon","coordinates":[[[-108.29238,36.725469],[-108.292492,36.725471],[-108.292489,36.725561],[-108.292377,36.725559],[-108.292364,36.725919],[-108.292252,36.725917],[-108.292255,36.725827],[-108.292143,36.725824],[-108.29214,36.725914],[-108.291916,36.725909],[-108.291919,36.725819],[-108.292031,36.725821],[-108.292038,36.725641],[-108.29215,36.725644],[-108.292262,36.725646],[-108.292265,36.725556],[-108.292268,36.725466],[-108.292156,36.725464],[-108.292159,36.725374],[-108.292271,36.725376],[-108.292383,36.725379],[-108.29238,36.725469]]]}},{"type":"Feature","properties":{},"geometry":{"type":"Polygon","coordinates":[[[-108.292482,36.725742],[-108.292489,36.725561],[-108.292712,36.725566],[-108.292709,36.725657],[-108.292597,36.725654],[-108.292594,36.725744],[-108.292482,36.725742]]]}},{"type":"Feature","properties":{},"geometry":{"type":"Polygon","coordinates":[[[-108.294948,36.725707],[-108.295059,36.72571],[-108.295056,36.7258],[-108.294944,36.725798],[-108.294948,36.725707]]]}},{"type":"Feature","properties":{},"geometry":{"type":"Polygon","coordinates":[[[-108.295395,36.725718],[-108.295507,36.72572],[-108.295504,36.72581],[-108.295392,36.725808],[-108.295395,36.725718]]]}},{"type":"Feature","properties":{},"geometry":{"type":"Polygon","coordinates":[[[-108.294382,36.725875],[-108.294605,36.72588],[-108.294602,36.72597],[-108.294378,36.725965],[-108.294382,36.725875]]]}},{"type":"Feature","properties":{},"geometry":{"type":"Polygon","coordinates":[[[-108.294714,36.725973],[-108.294721,36.725792],[-108.294944,36.725798],[-108.294938,36.725978],[-108.294826,36.725975],[-108.294714,36.725973]]]}},{"type":"Feature","properties":{},"geometry":{"type":"Polygon","coordinates":[[[-108.292815,36.725839],[-108.292927,36.725842],[-108.29293,36.725752],[-108.293154,36.725757],[-108.293151,36.725847],[-108.293262,36.725849],[-108.293318,36.725851],[-108.293374,36.725852],[-108.293486,36.725855],[-108.293483,36.725945],[-108.293259,36.72594],[-108.293256,36.72603],[-108.293032,36.726025],[-108.293029,36.726115],[-108.292805,36.72611],[-108.292815,36.725839]]]}},{"type":"Feature","properties":{},"geometry":{"type":"Polygon","coordinates":[[[-108.29214,36.725914],[-108.292252,36.725917],[-108.292249,36.726007],[-108.292137,36.726004],[-108.29214,36.725914]]]}},{"type":"Feature","properties":{},"geometry":{"type":"Polygon","coordinates":[[[-108.29247,36.726102],[-108.292473,36.726012],[-108.292585,36.726014],[-108.292581,36.726104],[-108.29247,36.726102]]]}},{"type":"Feature","properties":{},"geometry":{"type":"Polygon","coordinates":[[[-108.293368,36.726032],[-108.29348,36.726035],[-108.293474,36.726215],[-108.293362,36.726212],[-108.293368,36.726032]]]}},{"type":"Feature","properties":{},"geometry":{"type":"Polygon","coordinates":[[[-108.292581,36.726104],[-108.292805,36.72611],[-108.292802,36.7262],[-108.292578,36.726195],[-108.292581,36.726104]]]}},{"type":"Feature","properties":{},"geometry":{"type":"Polygon","coordinates":[[[-108.293026,36.726205],[-108.293029,36.726115],[-108.293141,36.726117],[-108.293138,36.726207],[-108.293026,36.726205]]]}},{"type":"Feature","properties":{},"geometry":{"type":"Polygon","coordinates":[[[-108.292022,36.726092],[-108.292134,36.726094],[-108.292131,36.726184],[-108.292019,36.726182],[-108.292022,36.726092]]]}},{"type":"Feature","properties":{},"geometry":{"type":"Polygon","coordinates":[[[-108.293016,36.726475],[-108.29302,36.726385],[-108.293132,36.726387],[-108.293128,36.726478],[-108.293016,36.726475]]]}},{"type":"Feature","properties":{},"geometry":{"type":"Polygon","coordinates":[[[-108.292233,36.726457],[-108.292236,36.726367],[-108.292239,36.726277],[-108.292463,36.726282],[-108.29246,36.726372],[-108.292348,36.72637],[-108.292342,36.72655],[-108.292118,36.726545],[-108.292121,36.726455],[-108.292233,36.726457]]]}},{"type":"Feature","properties":{},"geometry":{"type":"Polygon","coordinates":[[[-108.295034,36.726431],[-108.295146,36.726433],[-108.295143,36.726523],[-108.295031,36.726521],[-108.295034,36.726431]]]}},{"type":"Feature","properties":{},"geometry":{"type":"Polygon","coordinates":[[[-108.29324,36.72648],[-108.293352,36.726483],[-108.293349,36.726573],[-108.293237,36.72657],[-108.29324,36.72648]]]}},{"type":"Feature","properties":{},"geometry":{"type":"Polygon","coordinates":[[[-108.292003,36.726632],[-108.292006,36.726542],[-108.292118,36.726545],[-108.292115,36.726635],[-108.292003,36.726632]]]}},{"type":"Feature","properties":{},"geometry":{"type":"Polygon","coordinates":[[[-108.294347,36.726866],[-108.294571,36.726871],[-108.294568,36.726961],[-108.294456,36.726959],[-108.294452,36.727049],[-108.294341,36.727046],[-108.294347,36.726866]]]}},{"type":"Feature","properties":{},"geometry":{"type":"Polygon","coordinates":[[[-108.291651,36.727075],[-108.291763,36.727078],[-108.29177,36.726897],[-108.291881,36.7269],[-108.291888,36.72672],[-108.292,36.726722],[-108.292112,36.726725],[-108.292108,36.726815],[-108.291997,36.726812],[-108.291987,36.727083],[-108.291875,36.72708],[-108.291872,36.72717],[-108.291869,36.72726],[-108.291757,36.727258],[-108.291645,36.727255],[-108.291651,36.727075]]]}},{"type":"Feature","properties":{},"geometry":{"type":"Polygon","coordinates":[[[-108.293224,36.726931],[-108.293299,36.726932],[-108.293336,36.726933],[-108.293448,36.726936],[-108.293446,36.726991],[-108.293445,36.727026],[-108.293439,36.727206],[-108.293327,36.727203],[-108.293324,36.727293],[-108.293212,36.727291],[-108.293215,36.727201],[-108.293103,36.727198],[-108.2931,36.727288],[-108.293097,36.727378],[-108.292985,36.727376],[-108.292991,36.727196],[-108.292994,36.727106],[-108.293106,36.727108],[-108.293218,36.727111],[-108.293224,36.726931]]]}},{"type":"Feature","properties":{},"geometry":{"type":"Polygon","coordinates":[[[-108.293771,36.727304],[-108.293775,36.727214],[-108.293887,36.727216],[-108.293883,36.727306],[-108.293771,36.727304]]]}},{"type":"Feature","properties":{},"geometry":{"type":"Polygon","coordinates":[[[-108.293544,36.727389],[-108.293548,36.727299],[-108.293436,36.727296],[-108.293439,36.727206],[-108.293663,36.727211],[-108.293656,36.727391],[-108.293544,36.727389]]]}},{"type":"Feature","properties":{},"geometry":{"type":"Polygon","coordinates":[[[-108.293874,36.727576],[-108.293986,36.727579],[-108.293983,36.727669],[-108.293871,36.727667],[-108.293874,36.727576]]]}},{"type":"Feature","properties":{},"geometry":{"type":"Polygon","coordinates":[[[-108.291831,36.728341],[-108.292055,36.728347],[-108.292058,36.728256],[-108.292394,36.728264],[-108.292397,36.728174],[-108.292509,36.728177],[-108.292512,36.728086],[-108.292624,36.728089],[-108.292627,36.727999],[-108.292739,36.728001],[-108.292742,36.727911],[-108.292854,36.727914],[-108.293078,36.727919],[-108.293075,36.728009],[-108.292963,36.728007],[-108.29296,36.728097],[-108.292848,36.728094],[-108.292844,36.728184],[-108.292621,36.728179],[-108.292617,36.728269],[-108.292505,36.728267],[-108.292502,36.728357],[-108.292278,36.728352],[-108.292275,36.728442],[-108.29194,36.728434],[-108.291936,36.728524],[-108.291824,36.728522],[-108.291831,36.728341]]]}},{"type":"Feature","properties":{},"geometry":{"type":"Polygon","coordinates":[[[-108.293305,36.727834],[-108.293302,36.727924],[-108.29319,36.727922],[-108.293193,36.727831],[-108.293305,36.727834]]]}},{"type":"Feature","properties":{},"geometry":{"type":"Polygon","coordinates":[[[-108.293308,36.727744],[-108.29342,36.727746],[-108.293417,36.727837],[-108.293305,36.727834],[-108.293308,36.727744]]]}},{"type":"Feature","properties":{},"geometry":{"type":"Polygon","coordinates":[[[-108.293532,36.727749],[-108.293644,36.727752],[-108.293641,36.727842],[-108.293529,36.727839],[-108.293532,36.727749]]]}},{"type":"Feature","properties":{},"geometry":{"type":"Polygon","coordinates":[[[-108.292736,36.737649],[-108.292848,36.737651],[-108.292845,36.737741],[-108.292733,36.737739],[-108.292736,36.737649]]]}},{"type":"Feature","properties":{},"geometry":{"type":"Polygon","coordinates":[[[-108.292614,36.737917],[-108.292503,36.737914],[-108.292506,36.737824],[-108.292618,36.737826],[-108.292614,36.737917]]]}},{"type":"Feature","properties":{},"geometry":{"type":"Polygon","coordinates":[[[-108.285706,36.701874],[-108.285818,36.701877],[-108.285815,36.701967],[-108.285703,36.701964],[-108.285706,36.701874]]]}},{"type":"Feature","properties":{},"geometry":{"type":"Polygon","coordinates":[[[-108.287732,36.711117],[-108.287844,36.71112],[-108.287841,36.71121],[-108.287729,36.711207],[-108.287732,36.711117]]]}},{"type":"Feature","properties":{},"geometry":{"type":"Polygon","coordinates":[[[-108.287947,36.711392],[-108.287944,36.711483],[-108.287742,36.711478],[-108.28772,36.711477],[-108.287723,36.711387],[-108.287726,36.711297],[-108.287838,36.7113],[-108.28795,36.711302],[-108.287947,36.711392]]]}},{"type":"Feature","properties":{},"geometry":{"type":"Polygon","coordinates":[[[-108.28201,36.72415],[-108.282006,36.72424],[-108.281894,36.724238],[-108.281898,36.724148],[-108.28201,36.72415]]]}},{"type":"Feature","properties":{},"geometry":{"type":"Polygon","coordinates":[[[-108.282672,36.724436],[-108.282668,36.724526],[-108.282556,36.724523],[-108.28256,36.724433],[-108.282672,36.724436]]]}},{"type":"Feature","properties":{},"geometry":{"type":"Polygon","coordinates":[[[-108.275615,36.724455],[-108.27557,36.724454],[-108.275503,36.724452],[-108.275391,36.72445],[-108.275394,36.72436],[-108.27573,36.724367],[-108.275726,36.724457],[-108.275615,36.724455]]]}},{"type":"Feature","properties":{},"geometry":{"type":"Polygon","coordinates":[[[-108.291792,36.726267],[-108.291798,36.726087],[-108.29191,36.726089],[-108.291904,36.726269],[-108.291792,36.726267]]]}},{"type":"Feature","properties":{},"geometry":{"type":"Polygon","coordinates":[[[-108.291104,36.726702],[-108.291216,36.726704],[-108.291213,36.726795],[-108.291101,36.726792],[-108.291104,36.726702]]]}},{"type":"Feature","properties":{},"geometry":{"type":"Polygon","coordinates":[[[-108.291325,36.726797],[-108.291437,36.7268],[-108.291434,36.72689],[-108.291322,36.726887],[-108.291325,36.726797]]]}},{"type":"Feature","properties":{},"geometry":{"type":"Polygon","coordinates":[[[-108.291098,36.726882],[-108.29121,36.726885],[-108.291207,36.726975],[-108.291095,36.726972],[-108.291098,36.726882]]]}},{"type":"Feature","properties":{},"geometry":{"type":"Polygon","coordinates":[[[-108.291645,36.727255],[-108.291642,36.727345],[-108.291639,36.727435],[-108.291751,36.727438],[-108.291747,36.727528],[-108.291635,36.727526],[-108.291524,36.727523],[-108.291533,36.727253],[-108.291645,36.727255]]]}},{"type":"Feature","properties":{},"geometry":{"type":"Polygon","coordinates":[[[-108.291402,36.727791],[-108.291514,36.727793],[-108.291517,36.727703],[-108.291629,36.727706],[-108.291627,36.727757],[-108.291626,36.727796],[-108.291623,36.727886],[-108.291399,36.727881],[-108.291402,36.727791]]]}},{"type":"Feature","properties":{},"geometry":{"type":"Polygon","coordinates":[[[-108.290392,36.727858],[-108.290395,36.727768],[-108.290507,36.72777],[-108.290619,36.727773],[-108.290615,36.727863],[-108.290727,36.727865],[-108.290724,36.727956],[-108.291172,36.727966],[-108.291169,36.728056],[-108.290945,36.728051],[-108.290942,36.728141],[-108.29083,36.728138],[-108.290827,36.728228],[-108.290939,36.728231],[-108.290935,36.728321],[-108.2906,36.728313],[-108.290593,36.728494],[-108.290258,36.728486],[-108.290261,36.728396],[-108.290037,36.728391],[-108.29004,36.728301],[-108.289816,36.728296],[-108.289819,36.728205],[-108.289931,36.728208],[-108.289934,36.728118],[-108.290046,36.72812],[-108.290053,36.72794],[-108.290165,36.727943],[-108.290168,36.727853],[-108.290392,36.727858]]]}},{"type":"Feature","properties":{},"geometry":{"type":"Polygon","coordinates":[[[-108.279414,36.727878],[-108.279638,36.727883],[-108.279635,36.727973],[-108.279411,36.727968],[-108.279414,36.727878]]]}},{"type":"Feature","properties":{},"geometry":{"type":"Polygon","coordinates":[[[-108.279743,36.728066],[-108.279746,36.727975],[-108.279858,36.727978],[-108.279855,36.728068],[-108.279743,36.728066]]]}},{"type":"Feature","properties":{},"geometry":{"type":"Polygon","coordinates":[[[-108.278851,36.727955],[-108.278963,36.727958],[-108.278966,36.727867],[-108.279302,36.727875],[-108.279299,36.727965],[-108.279187,36.727963],[-108.279181,36.728143],[-108.278957,36.728138],[-108.278953,36.728228],[-108.27873,36.728223],[-108.278733,36.728133],[-108.278845,36.728135],[-108.278851,36.727955]]]}},{"type":"Feature","properties":{},"geometry":{"type":"Polygon","coordinates":[[[-108.278512,36.728037],[-108.278736,36.728043],[-108.278733,36.728133],[-108.278509,36.728128],[-108.278512,36.728037]]]}},{"type":"Feature","properties":{},"geometry":{"type":"Polygon","coordinates":[[[-108.284761,36.728721],[-108.284873,36.728724],[-108.284869,36.728814],[-108.284758,36.728811],[-108.284761,36.728721]]]}},{"type":"Feature","properties":{},"geometry":{"type":"Polygon","coordinates":[[[-108.285535,36.729009],[-108.285647,36.729012],[-108.285643,36.729102],[-108.285531,36.729099],[-108.285535,36.729009]]]}},{"type":"Feature","properties":{},"geometry":{"type":"Polygon","coordinates":[[[-108.284857,36.729174],[-108.28486,36.729084],[-108.284972,36.729087],[-108.284969,36.729177],[-108.284857,36.729174]]]}},{"type":"Feature","properties":{},"geometry":{"type":"Polygon","coordinates":[[[-108.28564,36.729192],[-108.285752,36.729195],[-108.285749,36.729285],[-108.285637,36.729282],[-108.28564,36.729192]]]}},{"type":"Feature","properties":{},"geometry":{"type":"Polygon","coordinates":[[[-108.28541,36.729367],[-108.285522,36.72937],[-108.285525,36.72928],[-108.285637,36.729282],[-108.285634,36.729372],[-108.285746,36.729375],[-108.285743,36.729465],[-108.285631,36.729462],[-108.285628,36.729552],[-108.28518,36.729542],[-108.285183,36.729452],[-108.285071,36.72945],[-108.285068,36.72954],[-108.284844,36.729535],[-108.284847,36.729444],[-108.284959,36.729447],[-108.284965,36.729267],[-108.285077,36.729269],[-108.285074,36.72936],[-108.285186,36.729362],[-108.285298,36.729365],[-108.285295,36.729455],[-108.285407,36.729457],[-108.28541,36.729367]]]}},{"type":"Feature","properties":{},"geometry":{"type":"Polygon","coordinates":[[[-108.285065,36.72963],[-108.285068,36.72954],[-108.28518,36.729542],[-108.285177,36.729632],[-108.285065,36.72963]]]}},{"type":"Feature","properties":{},"geometry":{"type":"Polygon","coordinates":[[[-108.284732,36.729532],[-108.284844,36.729535],[-108.284841,36.729625],[-108.284729,36.729622],[-108.284732,36.729532]]]}},{"type":"Feature","properties":{},"geometry":{"type":"Polygon","coordinates":[[[-108.279018,36.729582],[-108.27913,36.729584],[-108.279126,36.729674],[-108.278791,36.729667],[-108.278794,36.729577],[-108.278682,36.729574],[-108.278688,36.729394],[-108.278576,36.729391],[-108.278583,36.729211],[-108.278695,36.729214],[-108.278691,36.729304],[-108.278803,36.729306],[-108.278807,36.729216],[-108.278918,36.729219],[-108.278912,36.729399],[-108.279024,36.729402],[-108.279021,36.729492],[-108.279018,36.729582]]]}},{"type":"Feature","properties":{},"geometry":{"type":"Polygon","coordinates":[[[-108.289759,36.729917],[-108.289756,36.730007],[-108.289644,36.730005],[-108.289647,36.729915],[-108.289759,36.729917]]]}},{"type":"Feature","properties":{},"geometry":{"type":"Polygon","coordinates":[[[-108.274538,36.729569],[-108.274534,36.729659],[-108.274422,36.729657],[-108.274429,36.729477],[-108.274541,36.729479],[-108.274544,36.729389],[-108.274768,36.729394],[-108.274771,36.729304],[-108.275219,36.729314],[-108.275216,36.729405],[-108.275104,36.729402],[-108.2751,36.729492],[-108.274765,36.729484],[-108.274761,36.729574],[-108.274538,36.729569]]]}},{"type":"Feature","properties":{},"geometry":{"type":"Polygon","coordinates":[[[-108.27409,36.729559],[-108.274314,36.729564],[-108.274311,36.729654],[-108.274087,36.729649],[-108.27409,36.729559]]]}},{"type":"Feature","properties":{},"geometry":{"type":"Polygon","coordinates":[[[-108.279686,36.729687],[-108.279683,36.729777],[-108.279571,36.729775],[-108.279565,36.729955],[-108.279341,36.72995],[-108.279344,36.72986],[-108.27912,36.729855],[-108.279126,36.729674],[-108.279686,36.729687]]]}},{"type":"Feature","properties":{},"geometry":{"type":"Polygon","coordinates":[[[-108.276549,36.729706],[-108.276546,36.729796],[-108.276882,36.729803],[-108.276878,36.729893],[-108.277214,36.729901],[-108.277211,36.729991],[-108.277435,36.729996],[-108.277432,36.730086],[-108.277656,36.730092],[-108.277649,36.730272],[-108.277313,36.730264],[-108.277317,36.730174],[-108.276981,36.730166],[-108.276984,36.730076],[-108.27676,36.730071],[-108.276763,36.729981],[-108.276651,36.729978],[-108.276655,36.729888],[-108.276431,36.729883],[-108.276434,36.729793],[-108.276322,36.729791],[-108.276325,36.7297],[-108.276549,36.729706]]]}},{"type":"Feature","properties":{},"geometry":{"type":"Polygon","coordinates":[[[-108.284704,36.730343],[-108.284815,36.730345],[-108.284812,36.730435],[-108.2847,36.730433],[-108.284704,36.730343]]]}},{"type":"Feature","properties":{},"geometry":{"type":"Polygon","coordinates":[[[-108.277649,36.730272],[-108.277761,36.730274],[-108.277758,36.730364],[-108.277646,36.730362],[-108.277649,36.730272]]]}},{"type":"Feature","properties":{},"geometry":{"type":"Polygon","coordinates":[[[-108.278094,36.730372],[-108.278206,36.730375],[-108.278202,36.730465],[-108.277755,36.730454],[-108.277758,36.730364],[-108.277982,36.73037],[-108.277985,36.730279],[-108.278097,36.730282],[-108.278094,36.730372]]]}},{"type":"Feature","properties":{},"geometry":{"type":"Polygon","coordinates":[[[-108.278525,36.730833],[-108.278522,36.730923],[-108.27841,36.73092],[-108.278298,36.730918],[-108.278305,36.730738],[-108.278417,36.73074],[-108.278423,36.73056],[-108.278199,36.730555],[-108.278202,36.730465],[-108.27865,36.730475],[-108.278647,36.730565],[-108.278759,36.730568],[-108.278756,36.730658],[-108.278644,36.730655],[-108.278637,36.730835],[-108.278525,36.730833]]]}},{"type":"Feature","properties":{},"geometry":{"type":"Polygon","coordinates":[[[-108.28983,36.731091],[-108.289942,36.731093],[-108.289939,36.731184],[-108.289827,36.731181],[-108.28983,36.731091]]]}},{"type":"Feature","properties":{},"geometry":{"type":"Polygon","coordinates":[[[-108.27512,36.732107],[-108.275123,36.732017],[-108.275011,36.732015],[-108.275014,36.731924],[-108.275238,36.73193],[-108.275232,36.73211],[-108.27512,36.732107]]]}},{"type":"Feature","properties":{},"geometry":{"type":"Polygon","coordinates":[[[-108.275232,36.73211],[-108.275344,36.732112],[-108.275341,36.732202],[-108.275229,36.7322],[-108.275232,36.73211]]]}},{"type":"Feature","properties":{},"geometry":{"type":"Polygon","coordinates":[[[-108.287426,36.732569],[-108.287314,36.732566],[-108.287317,36.732476],[-108.287541,36.732481],[-108.287537,36.732571],[-108.287426,36.732569]]]}},{"type":"Feature","properties":{},"geometry":{"type":"Polygon","coordinates":[[[-108.287646,36.732664],[-108.287649,36.732574],[-108.287761,36.732577],[-108.287758,36.732667],[-108.287646,36.732664]]]}},{"type":"Feature","properties":{},"geometry":{"type":"Polygon","coordinates":[[[-108.287199,36.732654],[-108.287422,36.732659],[-108.287534,36.732662],[-108.287646,36.732664],[-108.287643,36.732754],[-108.287195,36.732744],[-108.287199,36.732654]]]}},{"type":"Feature","properties":{},"geometry":{"type":"Polygon","coordinates":[[[-108.27252,36.732769],[-108.272523,36.732679],[-108.272635,36.732681],[-108.272632,36.732772],[-108.27252,36.732769]]]}},{"type":"Feature","properties":{},"geometry":{"type":"Polygon","coordinates":[[[-108.272296,36.732764],[-108.272408,36.732766],[-108.272405,36.732856],[-108.272293,36.732854],[-108.272296,36.732764]]]}},{"type":"Feature","properties":{},"geometry":{"type":"Polygon","coordinates":[[[-108.285833,36.733254],[-108.285945,36.733256],[-108.285942,36.733346],[-108.28583,36.733344],[-108.285833,36.733254]]]}},{"type":"Feature","properties":{},"geometry":{"type":"Polygon","coordinates":[[[-108.283826,36.736183],[-108.283938,36.736186],[-108.283934,36.736276],[-108.283822,36.736273],[-108.283826,36.736183]]]}},{"type":"Feature","properties":{},"geometry":{"type":"Polygon","coordinates":[[[-108.265411,36.71845],[-108.265523,36.718453],[-108.26552,36.718543],[-108.265408,36.71854],[-108.265411,36.71845]]]}},{"type":"Feature","properties":{},"geometry":{"type":"Polygon","coordinates":[[[-108.269216,36.718538],[-108.269328,36.71854],[-108.269325,36.71863],[-108.269213,36.718628],[-108.269216,36.718538]]]}},{"type":"Feature","properties":{},"geometry":{"type":"Polygon","coordinates":[[[-108.26473,36.718705],[-108.264506,36.7187],[-108.264509,36.71861],[-108.264621,36.718612],[-108.264845,36.718617],[-108.264842,36.718708],[-108.26473,36.718705]]]}},{"type":"Feature","properties":{},"geometry":{"type":"Polygon","coordinates":[[[-108.265178,36.718715],[-108.265066,36.718713],[-108.264954,36.71871],[-108.264957,36.71862],[-108.265069,36.718623],[-108.265181,36.718625],[-108.265178,36.718715]]]}},{"type":"Feature","properties":{},"geometry":{"type":"Polygon","coordinates":[[[-108.26529,36.718718],[-108.265286,36.718808],[-108.265174,36.718805],[-108.265178,36.718715],[-108.26529,36.718718]]]}},{"type":"Feature","properties":{},"geometry":{"type":"Polygon","coordinates":[[[-108.264724,36.718885],[-108.264727,36.718795],[-108.264839,36.718798],[-108.264836,36.718888],[-108.264724,36.718885]]]}},{"type":"Feature","properties":{},"geometry":{"type":"Polygon","coordinates":[[[-108.265622,36.718816],[-108.265734,36.718818],[-108.265731,36.718908],[-108.265619,36.718906],[-108.265622,36.718816]]]}},{"type":"Feature","properties":{},"geometry":{"type":"Polygon","coordinates":[[[-108.264609,36.718973],[-108.264612,36.718883],[-108.264724,36.718885],[-108.26472,36.718975],[-108.264609,36.718973]]]}},{"type":"Feature","properties":{},"geometry":{"type":"Polygon","coordinates":[[[-108.264273,36.718965],[-108.26427,36.719055],[-108.264158,36.719052],[-108.264161,36.718962],[-108.264273,36.718965]]]}},{"type":"Feature","properties":{},"geometry":{"type":"Polygon","coordinates":[[[-108.26427,36.719055],[-108.264382,36.719058],[-108.264378,36.719148],[-108.264266,36.719145],[-108.26427,36.719055]]]}},{"type":"Feature","properties":{},"geometry":{"type":"Polygon","coordinates":[[[-108.265721,36.719179],[-108.265833,36.719181],[-108.26583,36.719271],[-108.265718,36.719269],[-108.265721,36.719179]]]}},{"type":"Feature","properties":{},"geometry":{"type":"Polygon","coordinates":[[[-108.255921,36.723912],[-108.256033,36.723914],[-108.256036,36.723824],[-108.256148,36.723827],[-108.256142,36.724007],[-108.25603,36.724005],[-108.256026,36.724095],[-108.255914,36.724092],[-108.255921,36.723912]]]}},{"type":"Feature","properties":{},"geometry":{"type":"Polygon","coordinates":[[[-108.269293,36.725843],[-108.26929,36.725933],[-108.269178,36.72593],[-108.269181,36.72584],[-108.269293,36.725843]]]}},{"type":"Feature","properties":{},"geometry":{"type":"Polygon","coordinates":[[[-108.258856,36.726414],[-108.258968,36.726416],[-108.258965,36.726507],[-108.258853,36.726504],[-108.258856,36.726414]]]}},{"type":"Feature","properties":{},"geometry":{"type":"Polygon","coordinates":[[[-108.256166,36.729598],[-108.256163,36.729688],[-108.256275,36.72969],[-108.256272,36.72978],[-108.255936,36.729773],[-108.255943,36.729593],[-108.256055,36.729595],[-108.256166,36.729598]]]}},{"type":"Feature","properties":{},"geometry":{"type":"Polygon","coordinates":[[[-108.258846,36.72984],[-108.258958,36.729842],[-108.258955,36.729933],[-108.258843,36.72993],[-108.258846,36.72984]]]}},{"type":"Feature","properties":{},"geometry":{"type":"Polygon","coordinates":[[[-108.255123,36.736877],[-108.254899,36.736872],[-108.254893,36.737052],[-108.254781,36.737049],[-108.254778,36.737139],[-108.25433,36.737129],[-108.254327,36.737219],[-108.254103,36.737214],[-108.2541,36.737304],[-108.254435,36.737312],[-108.254432,36.737402],[-108.253985,36.737391],[-108.253981,36.737482],[-108.253869,36.737479],[-108.253832,36.737478],[-108.253757,36.737476],[-108.253646,36.737474],[-108.253534,36.737471],[-108.25353,36.737561],[-108.252747,36.737543],[-108.25274,36.737723],[-108.252628,36.737721],[-108.252632,36.737631],[-108.252408,36.737626],[-108.252411,36.737535],[-108.252187,36.73753],[-108.25219,36.73744],[-108.252078,36.737438],[-108.252082,36.737348],[-108.25197,36.737345],[-108.251973,36.737255],[-108.251861,36.737252],[-108.251864,36.737162],[-108.251752,36.73716],[-108.251756,36.73707],[-108.251644,36.737067],[-108.251653,36.736797],[-108.251765,36.736799],[-108.251772,36.736619],[-108.251884,36.736622],[-108.25189,36.736441],[-108.251893,36.736351],[-108.251781,36.736349],[-108.251784,36.736259],[-108.251896,36.736261],[-108.252008,36.736264],[-108.252005,36.736354],[-108.252229,36.736359],[-108.252232,36.736269],[-108.252344,36.736272],[-108.252347,36.736182],[-108.252459,36.736184],[-108.252462,36.736094],[-108.252574,36.736097],[-108.252571,36.736187],[-108.252683,36.736189],[-108.25268,36.736279],[-108.252904,36.736285],[-108.252901,36.736375],[-108.253124,36.73638],[-108.253236,36.736382],[-108.253233,36.736473],[-108.253681,36.736483],[-108.253678,36.736573],[-108.254013,36.736581],[-108.254017,36.736491],[-108.254464,36.736501],[-108.254461,36.736591],[-108.254685,36.736596],[-108.254688,36.736506],[-108.2548,36.736509],[-108.254797,36.736599],[-108.254909,36.736601],[-108.254965,36.736603],[-108.255021,36.736604],[-108.255133,36.736607],[-108.255126,36.736787],[-108.255123,36.736877]],[[-108.252341,36.736362],[-108.252453,36.736364],[-108.252456,36.736274],[-108.252344,36.736272],[-108.252341,36.736362]],[[-108.25245,36.736454],[-108.252562,36.736457],[-108.252565,36.736367],[-108.252453,36.736364],[-108.25245,36.736454]],[[-108.252558,36.736547],[-108.25267,36.73655],[-108.252673,36.73646],[-108.252562,36.736457],[-108.252558,36.736547]]]}},{"type":"Feature","properties":{},"geometry":{"type":"Polygon","coordinates":[[[-108.249476,36.731878],[-108.249588,36.73188],[-108.249595,36.7317],[-108.249707,36.731703],[-108.24971,36.731612],[-108.249822,36.731615],[-108.249825,36.731525],[-108.250049,36.73153],[-108.250052,36.73144],[-108.250164,36.731443],[-108.250158,36.731623],[-108.250046,36.73162],[-108.250042,36.73171],[-108.24993,36.731708],[-108.249924,36.731888],[-108.2497,36.731883],[-108.249694,36.732063],[-108.249582,36.73206],[-108.24947,36.732058],[-108.249476,36.731878]]]}},{"type":"Feature","properties":{},"geometry":{"type":"Polygon","coordinates":[[[-108.24785,36.724086],[-108.247854,36.723996],[-108.247857,36.723906],[-108.247745,36.723903],[-108.247748,36.723813],[-108.24786,36.723816],[-108.247863,36.723726],[-108.247975,36.723728],[-108.247982,36.723548],[-108.24787,36.723545],[-108.247876,36.723365],[-108.24754,36.723358],[-108.247428,36.723355],[-108.247425,36.723445],[-108.247345,36.723443],[-108.247313,36.723442],[-108.247317,36.723352],[-108.247205,36.72335],[-108.247208,36.72326],[-108.247096,36.723257],[-108.247099,36.723167],[-108.247323,36.723172],[-108.247326,36.723082],[-108.247329,36.722992],[-108.247777,36.723002],[-108.24778,36.722912],[-108.247892,36.722915],[-108.247895,36.722825],[-108.248007,36.722827],[-108.248011,36.722737],[-108.248794,36.722755],[-108.249018,36.722761],[-108.24913,36.722763],[-108.249242,36.722766],[-108.249238,36.722856],[-108.249126,36.722853],[-108.24912,36.723033],[-108.249232,36.723036],[-108.249229,36.723126],[-108.249117,36.723124],[-108.249114,36.723214],[-108.249002,36.723211],[-108.24889,36.723208],[-108.248883,36.723389],[-108.248995,36.723391],[-108.248998,36.723301],[-108.24911,36.723304],[-108.249107,36.723394],[-108.249331,36.723399],[-108.249328,36.723489],[-108.249216,36.723486],[-108.249213,36.723577],[-108.249101,36.723574],[-108.249097,36.723664],[-108.248986,36.723661],[-108.248973,36.724022],[-108.248861,36.724019],[-108.248749,36.724017],[-108.248746,36.724107],[-108.248634,36.724104],[-108.248637,36.724014],[-108.248413,36.724009],[-108.248407,36.724189],[-108.248631,36.724194],[-108.248627,36.724284],[-108.248515,36.724282],[-108.248512,36.724372],[-108.248736,36.724377],[-108.248733,36.724467],[-108.248845,36.72447],[-108.248842,36.72456],[-108.249065,36.724565],[-108.249059,36.724745],[-108.249283,36.72475],[-108.24928,36.72484],[-108.249391,36.724843],[-108.249395,36.724753],[-108.249507,36.724755],[-108.2495,36.724936],[-108.249836,36.724943],[-108.249833,36.725033],[-108.250168,36.725041],[-108.250165,36.725131],[-108.250277,36.725134],[-108.250274,36.725224],[-108.250271,36.725314],[-108.250047,36.725309],[-108.25005,36.725219],[-108.249826,36.725214],[-108.249829,36.725124],[-108.249606,36.725118],[-108.249609,36.725028],[-108.249385,36.725023],[-108.249388,36.724933],[-108.249164,36.724928],[-108.249168,36.724838],[-108.248832,36.72483],[-108.248838,36.72465],[-108.248614,36.724645],[-108.248618,36.724555],[-108.24817,36.724544],[-108.248173,36.724454],[-108.247949,36.724449],[-108.247953,36.724359],[-108.247956,36.724269],[-108.247844,36.724266],[-108.24785,36.724086]],[[-108.248004,36.722917],[-108.248116,36.72292],[-108.248119,36.72283],[-108.248007,36.722827],[-108.248004,36.722917]],[[-108.249015,36.722851],[-108.248903,36.722848],[-108.248899,36.722938],[-108.249011,36.722941],[-108.249015,36.722851]]]}},{"type":"Feature","properties":{},"geometry":{"type":"Polygon","coordinates":[[[-108.249248,36.722586],[-108.249136,36.722583],[-108.249139,36.722493],[-108.249363,36.722498],[-108.24936,36.722588],[-108.249472,36.722591],[-108.249465,36.722771],[-108.249577,36.722774],[-108.24958,36.722683],[-108.249692,36.722686],[-108.249689,36.722776],[-108.249801,36.722779],[-108.249798,36.722869],[-108.249795,36.722959],[-108.249907,36.722961],[-108.250018,36.722964],[-108.250015,36.723054],[-108.250127,36.723057],[-108.250124,36.723147],[-108.249788,36.723139],[-108.249676,36.723136],[-108.24968,36.723046],[-108.249568,36.723044],[-108.249571,36.722954],[-108.249459,36.722951],[-108.249462,36.722861],[-108.24935,36.722858],[-108.249357,36.722678],[-108.249245,36.722676],[-108.249248,36.722586]]]}},{"type":"Feature","properties":{},"geometry":{"type":"Polygon","coordinates":[[[-108.25045,36.725318],[-108.250494,36.725319],[-108.250718,36.725324],[-108.250715,36.725415],[-108.250712,36.725505],[-108.250936,36.72551],[-108.250933,36.7256],[-108.250929,36.72569],[-108.250705,36.725685],[-108.250709,36.725595],[-108.250597,36.725592],[-108.2506,36.725502],[-108.250376,36.725497],[-108.250379,36.725407],[-108.250267,36.725404],[-108.250271,36.725314],[-108.250383,36.725317],[-108.25045,36.725318]]]}},{"type":"Feature","properties":{},"geometry":{"type":"Polygon","coordinates":[[[-108.251153,36.725695],[-108.25115,36.725785],[-108.251486,36.725793],[-108.251482,36.725883],[-108.251594,36.725886],[-108.251591,36.725976],[-108.251255,36.725968],[-108.251252,36.726058],[-108.25114,36.726056],[-108.251143,36.725965],[-108.251032,36.725963],[-108.251038,36.725783],[-108.250926,36.72578],[-108.250929,36.72569],[-108.251153,36.725695]]]}},{"type":"Feature","properties":{},"geometry":{"type":"Polygon","coordinates":[[[-108.251677,36.726699],[-108.251674,36.726789],[-108.251786,36.726792],[-108.251783,36.726882],[-108.251895,36.726884],[-108.251888,36.727065],[-108.252,36.727067],[-108.251994,36.727247],[-108.252106,36.72725],[-108.252103,36.72734],[-108.252214,36.727343],[-108.252211,36.727433],[-108.252323,36.727435],[-108.25232,36.727525],[-108.252432,36.727528],[-108.252429,36.727618],[-108.252541,36.727621],[-108.252537,36.727711],[-108.252425,36.727708],[-108.252416,36.727978],[-108.252304,36.727976],[-108.252307,36.727886],[-108.252195,36.727883],[-108.252189,36.728063],[-108.252301,36.728066],[-108.252297,36.728156],[-108.252409,36.728159],[-108.252403,36.728339],[-108.252515,36.728341],[-108.252508,36.728521],[-108.252956,36.728532],[-108.25295,36.728712],[-108.252838,36.728709],[-108.252835,36.7288],[-108.252723,36.728797],[-108.252719,36.728887],[-108.252608,36.728884],[-108.252604,36.728975],[-108.252601,36.729065],[-108.252489,36.729062],[-108.252486,36.729152],[-108.252374,36.72915],[-108.252368,36.72933],[-108.252256,36.729327],[-108.252252,36.729417],[-108.252364,36.72942],[-108.252355,36.72969],[-108.252243,36.729687],[-108.252246,36.729597],[-108.252134,36.729595],[-108.252125,36.729865],[-108.252121,36.729955],[-108.252115,36.730135],[-108.252003,36.730133],[-108.252,36.730223],[-108.252112,36.730225],[-108.252105,36.730406],[-108.251993,36.730403],[-108.25199,36.730493],[-108.252102,36.730496],[-108.252099,36.730586],[-108.251987,36.730583],[-108.251984,36.730673],[-108.25176,36.730668],[-108.251763,36.730578],[-108.251651,36.730575],[-108.251641,36.730846],[-108.25153,36.730843],[-108.251542,36.730483],[-108.251654,36.730485],[-108.251667,36.730125],[-108.251779,36.730128],[-108.251792,36.729767],[-108.251904,36.72977],[-108.251946,36.728599],[-108.252058,36.728601],[-108.252061,36.728511],[-108.25207,36.728241],[-108.251958,36.728238],[-108.251949,36.728509],[-108.251837,36.728506],[-108.25184,36.728416],[-108.251728,36.728413],[-108.251731,36.728323],[-108.25162,36.728321],[-108.251629,36.72805],[-108.251517,36.728048],[-108.251524,36.727868],[-108.251527,36.727778],[-108.251533,36.727597],[-108.251421,36.727595],[-108.25145,36.726784],[-108.251562,36.726787],[-108.251565,36.726696],[-108.251677,36.726699]],[[-108.252186,36.728153],[-108.252179,36.728334],[-108.252291,36.728336],[-108.252297,36.728156],[-108.252186,36.728153]],[[-108.251881,36.7304],[-108.251769,36.730398],[-108.251766,36.730488],[-108.251878,36.730491],[-108.251881,36.7304]],[[-108.251888,36.73022],[-108.251776,36.730218],[-108.251773,36.730308],[-108.251885,36.73031],[-108.251888,36.73022]]]}},{"type":"Feature","properties":{},"geometry":{"type":"Polygon","coordinates":[[[-108.25152,36.731113],[-108.251408,36.731111],[-108.251414,36.730931],[-108.251526,36.730933],[-108.251523,36.731023],[-108.25152,36.731113]]]}},{"type":"Feature","properties":{},"geometry":{"type":"Polygon","coordinates":[[[-108.251405,36.731201],[-108.251293,36.731198],[-108.251296,36.731108],[-108.251408,36.731111],[-108.251405,36.731201]]]}},{"type":"Feature","properties":{},"geometry":{"type":"Polygon","coordinates":[[[-108.250419,36.733703],[-108.250643,36.733708],[-108.250681,36.733709],[-108.250755,36.73371],[-108.250752,36.7338],[-108.250864,36.733803],[-108.250867,36.733713],[-108.250979,36.733716],[-108.251203,36.733721],[-108.251315,36.733723],[-108.251318,36.733633],[-108.25143,36.733636],[-108.251433,36.733546],[-108.251321,36.733543],[-108.251324,36.733453],[-108.251328,36.733363],[-108.251331,36.733273],[-108.251555,36.733278],[-108.251548,36.733458],[-108.25166,36.733461],[-108.251657,36.733551],[-108.251545,36.733548],[-108.251542,36.733638],[-108.251766,36.733644],[-108.251759,36.733824],[-108.251871,36.733826],[-108.251868,36.733916],[-108.251756,36.733914],[-108.251753,36.734004],[-108.251865,36.734007],[-108.251862,36.734097],[-108.25175,36.734094],[-108.251746,36.734184],[-108.251858,36.734187],[-108.251852,36.734367],[-108.251964,36.734369],[-108.251961,36.73446],[-108.252073,36.734462],[-108.252076,36.734372],[-108.252188,36.734375],[-108.252201,36.734014],[-108.252089,36.734012],[-108.252095,36.733832],[-108.252319,36.733837],[-108.252322,36.733747],[-108.252434,36.733749],[-108.252546,36.733752],[-108.25254,36.733932],[-108.252651,36.733935],[-108.252648,36.734025],[-108.252872,36.73403],[-108.252869,36.73412],[-108.252981,36.734122],[-108.252978,36.734213],[-108.253201,36.734218],[-108.253198,36.734308],[-108.253422,36.734313],[-108.253419,36.734403],[-108.253307,36.7344],[-108.253304,36.734491],[-108.253192,36.734488],[-108.253195,36.734398],[-108.253083,36.734395],[-108.25308,36.734485],[-108.252968,36.734483],[-108.252962,36.734663],[-108.25285,36.73466],[-108.252853,36.73457],[-108.252629,36.734565],[-108.252623,36.734745],[-108.252399,36.73474],[-108.252392,36.73492],[-108.25228,36.734918],[-108.252284,36.734828],[-108.252172,36.734825],[-108.25206,36.734822],[-108.252057,36.734913],[-108.251945,36.73491],[-108.251941,36.735],[-108.252053,36.735003],[-108.25205,36.735093],[-108.252274,36.735098],[-108.252271,36.735188],[-108.252383,36.735191],[-108.252379,36.735281],[-108.252491,36.735283],[-108.252488,36.735373],[-108.2526,36.735376],[-108.252597,36.735466],[-108.252709,36.735469],[-108.252712,36.735379],[-108.252824,36.735381],[-108.252821,36.735471],[-108.252933,36.735474],[-108.252929,36.735564],[-108.252926,36.735654],[-108.253038,36.735657],[-108.253035,36.735747],[-108.253259,36.735752],[-108.253256,36.735842],[-108.253144,36.735839],[-108.25314,36.735929],[-108.253029,36.735927],[-108.253032,36.735837],[-108.25292,36.735834],[-108.252808,36.735832],[-108.252811,36.735741],[-108.252699,36.735739],[-108.252587,36.735736],[-108.25259,36.735646],[-108.252479,36.735644],[-108.252482,36.735554],[-108.25237,36.735551],[-108.252373,36.735461],[-108.252261,36.735458],[-108.252268,36.735278],[-108.252044,36.735273],[-108.252047,36.735183],[-108.251935,36.73518],[-108.251938,36.73509],[-108.251826,36.735088],[-108.251829,36.734997],[-108.251718,36.734995],[-108.251721,36.734905],[-108.251609,36.734902],[-108.251612,36.734812],[-108.2515,36.73481],[-108.251503,36.734719],[-108.251279,36.734714],[-108.251283,36.734624],[-108.251171,36.734622],[-108.251174,36.734532],[-108.251062,36.734529],[-108.251065,36.734439],[-108.250841,36.734434],[-108.250848,36.734254],[-108.250736,36.734251],[-108.250739,36.734161],[-108.250627,36.734158],[-108.25063,36.734068],[-108.250407,36.734063],[-108.25041,36.733973],[-108.250298,36.73397],[-108.250301,36.73388],[-108.250189,36.733878],[-108.250192,36.733788],[-108.25008,36.733785],[-108.250084,36.733695],[-108.250196,36.733697],[-108.250419,36.733703]],[[-108.252063,36.734732],[-108.251951,36.73473],[-108.251948,36.73482],[-108.25206,36.734822],[-108.252063,36.734732]]]}},{"type":"Feature","properties":{},"geometry":{"type":"Polygon","coordinates":[[[-108.252936,36.735384],[-108.253048,36.735386],[-108.253045,36.735476],[-108.252933,36.735474],[-108.252936,36.735384]]]}},{"type":"Feature","properties":{},"geometry":{"type":"Polygon","coordinates":[[[-108.254151,36.735863],[-108.254157,36.735682],[-108.253934,36.735677],[-108.253937,36.735587],[-108.253601,36.735579],[-108.253607,36.735399],[-108.253719,36.735402],[-108.253716,36.735492],[-108.253828,36.735494],[-108.253831,36.735404],[-108.254167,36.735412],[-108.254177,36.735142],[-108.254065,36.735139],[-108.254068,36.735049],[-108.253956,36.735047],[-108.253959,36.734957],[-108.254183,36.734962],[-108.254186,36.734872],[-108.254074,36.734869],[-108.254078,36.734779],[-108.253854,36.734774],[-108.253742,36.734771],[-108.253745,36.734681],[-108.253633,36.734679],[-108.253643,36.734408],[-108.253755,36.734411],[-108.253751,36.734501],[-108.254199,36.734511],[-108.254196,36.734601],[-108.254308,36.734604],[-108.254305,36.734694],[-108.254417,36.734697],[-108.25441,36.734877],[-108.254407,36.734967],[-108.254519,36.734969],[-108.254516,36.73506],[-108.254628,36.735062],[-108.254624,36.735152],[-108.254736,36.735155],[-108.25474,36.735065],[-108.254852,36.735067],[-108.254848,36.735157],[-108.255072,36.735163],[-108.255075,36.735072],[-108.255187,36.735075],[-108.255184,36.735165],[-108.255181,36.735255],[-108.255069,36.735253],[-108.255066,36.735343],[-108.254842,36.735338],[-108.254839,36.735428],[-108.254727,36.735425],[-108.254714,36.735785],[-108.254938,36.735791],[-108.254935,36.735881],[-108.255158,36.735886],[-108.25527,36.735888],[-108.255267,36.735978],[-108.255491,36.735984],[-108.255488,36.736074],[-108.255485,36.736164],[-108.255149,36.736156],[-108.255152,36.736066],[-108.25504,36.736063],[-108.255043,36.735973],[-108.254819,36.735968],[-108.254823,36.735878],[-108.254487,36.73587],[-108.254151,36.735863]],[[-108.25418,36.735052],[-108.254292,36.735054],[-108.254295,36.734964],[-108.254183,36.734962],[-108.25418,36.735052]]]}},{"type":"Feature","properties":{},"geometry":{"type":"Polygon","coordinates":[[[-108.255101,36.734352],[-108.254989,36.734349],[-108.254996,36.734169],[-108.254884,36.734166],[-108.254887,36.734076],[-108.254775,36.734074],[-108.254781,36.733894],[-108.254893,36.733896],[-108.254906,36.733536],[-108.254794,36.733533],[-108.254804,36.733263],[-108.255028,36.733268],[-108.255031,36.733178],[-108.255143,36.733181],[-108.255127,36.733631],[-108.255239,36.733634],[-108.255235,36.733724],[-108.255124,36.733721],[-108.25512,36.733811],[-108.255232,36.733814],[-108.255229,36.733904],[-108.255341,36.733906],[-108.255338,36.733997],[-108.255226,36.733994],[-108.255219,36.734174],[-108.255443,36.734179],[-108.25544,36.734269],[-108.255552,36.734272],[-108.255549,36.734362],[-108.255661,36.734365],[-108.255657,36.734455],[-108.255769,36.734457],[-108.255763,36.734638],[-108.255875,36.73464],[-108.255872,36.73473],[-108.255984,36.734733],[-108.255977,36.734913],[-108.256089,36.734916],[-108.256086,36.735006],[-108.25631,36.735011],[-108.256307,36.735101],[-108.25653,36.735106],[-108.256527,36.735196],[-108.256415,36.735194],[-108.256412,36.735284],[-108.2563,36.735281],[-108.256291,36.735551],[-108.256067,36.735546],[-108.25607,36.735456],[-108.255958,36.735453],[-108.255961,36.735363],[-108.255737,36.735358],[-108.255734,36.735448],[-108.25551,36.735443],[-108.255517,36.735263],[-108.255629,36.735266],[-108.255741,36.735268],[-108.255744,36.735178],[-108.255632,36.735175],[-108.25552,36.735173],[-108.255523,36.735083],[-108.255529,36.734903],[-108.255418,36.7349],[-108.255424,36.73472],[-108.255312,36.734717],[-108.255315,36.734627],[-108.255318,36.734537],[-108.255207,36.734535],[-108.25521,36.734444],[-108.255098,36.734442],[-108.255101,36.734352]]]}},{"type":"Feature","properties":{},"geometry":{"type":"Polygon","coordinates":[[[-108.256402,36.735554],[-108.256514,36.735556],[-108.256511,36.735647],[-108.256847,36.735654],[-108.256844,36.735744],[-108.256956,36.735747],[-108.256959,36.735657],[-108.257071,36.735659],[-108.257068,36.73575],[-108.25718,36.735752],[-108.257183,36.735662],[-108.257295,36.735665],[-108.257291,36.735755],[-108.257403,36.735757],[-108.257407,36.735667],[-108.25763,36.735672],[-108.257634,36.735582],[-108.257746,36.735585],[-108.257858,36.735587],[-108.257867,36.735317],[-108.257979,36.73532],[-108.257982,36.73523],[-108.257986,36.73514],[-108.258097,36.735142],[-108.258321,36.735147],[-108.258324,36.735057],[-108.258369,36.735058],[-108.258436,36.73506],[-108.258548,36.735062],[-108.258552,36.734972],[-108.258663,36.734975],[-108.258775,36.734977],[-108.258779,36.734887],[-108.258891,36.73489],[-108.258894,36.7348],[-108.259006,36.734802],[-108.259009,36.734712],[-108.259012,36.734622],[-108.259348,36.73463],[-108.259351,36.73454],[-108.259687,36.734548],[-108.25969,36.734458],[-108.259802,36.73446],[-108.259808,36.73428],[-108.25992,36.734283],[-108.259927,36.734102],[-108.260151,36.734108],[-108.260157,36.733927],[-108.260381,36.733933],[-108.260384,36.733842],[-108.260496,36.733845],[-108.260502,36.733665],[-108.260726,36.73367],[-108.260729,36.73358],[-108.260841,36.733582],[-108.260845,36.733492],[-108.260957,36.733495],[-108.260963,36.733315],[-108.261075,36.733317],[-108.261088,36.732957],[-108.2612,36.73296],[-108.261203,36.732869],[-108.260755,36.732859],[-108.260758,36.732769],[-108.261206,36.732779],[-108.261212,36.732599],[-108.261436,36.732604],[-108.261443,36.732424],[-108.261666,36.732429],[-108.26167,36.732339],[-108.261446,36.732334],[-108.261455,36.732064],[-108.261232,36.732059],[-108.261235,36.731969],[-108.261347,36.731971],[-108.26135,36.731881],[-108.261686,36.731889],[-108.261798,36.731891],[-108.262133,36.731899],[-108.26213,36.731989],[-108.262242,36.731992],[-108.262245,36.731902],[-108.262357,36.731904],[-108.262469,36.731907],[-108.262472,36.731817],[-108.262696,36.731822],[-108.262699,36.731732],[-108.262923,36.731737],[-108.262926,36.731647],[-108.263038,36.731649],[-108.26315,36.731652],[-108.263154,36.731562],[-108.263265,36.731565],[-108.263269,36.731474],[-108.263381,36.731477],[-108.263384,36.731387],[-108.263496,36.73139],[-108.263499,36.731299],[-108.263611,36.731302],[-108.263723,36.731305],[-108.263726,36.731214],[-108.263838,36.731217],[-108.263841,36.731127],[-108.263953,36.73113],[-108.263956,36.731039],[-108.264068,36.731042],[-108.26418,36.731045],[-108.264177,36.731135],[-108.264065,36.731132],[-108.264062,36.731222],[-108.26395,36.73122],[-108.263947,36.73131],[-108.263835,36.731307],[-108.263831,36.731397],[-108.26372,36.731395],[-108.263716,36.731485],[-108.263604,36.731482],[-108.263601,36.731572],[-108.263489,36.73157],[-108.263486,36.73166],[-108.263374,36.731657],[-108.263371,36.731747],[-108.263147,36.731742],[-108.263144,36.731832],[-108.263032,36.73183],[-108.263029,36.73192],[-108.262805,36.731915],[-108.262802,36.732005],[-108.26269,36.732002],[-108.262687,36.732092],[-108.262463,36.732087],[-108.26246,36.732177],[-108.262236,36.732172],[-108.262226,36.732442],[-108.262114,36.73244],[-108.262111,36.73253],[-108.261999,36.732527],[-108.261996,36.732617],[-108.261993,36.732707],[-108.261881,36.732705],[-108.261878,36.732795],[-108.261766,36.732792],[-108.261762,36.732882],[-108.261759,36.732972],[-108.261647,36.73297],[-108.261641,36.73315],[-108.261529,36.733147],[-108.261526,36.733238],[-108.261414,36.733235],[-108.261411,36.733325],[-108.261299,36.733323],[-108.261295,36.733413],[-108.261184,36.73341],[-108.261177,36.73359],[-108.261065,36.733588],[-108.261062,36.733678],[-108.26095,36.733675],[-108.260944,36.733855],[-108.26072,36.73385],[-108.260713,36.73403],[-108.260602,36.734028],[-108.260598,36.734118],[-108.260486,36.734115],[-108.260483,36.734205],[-108.260371,36.734203],[-108.260368,36.734293],[-108.260256,36.73429],[-108.260253,36.73438],[-108.260029,36.734375],[-108.260026,36.734465],[-108.259914,36.734463],[-108.259911,36.734553],[-108.259799,36.73455],[-108.259796,36.73464],[-108.259792,36.73473],[-108.25968,36.734728],[-108.259677,36.734818],[-108.259565,36.734815],[-108.259562,36.734905],[-108.25945,36.734903],[-108.259447,36.734993],[-108.259335,36.73499],[-108.259332,36.73508],[-108.25922,36.735078],[-108.259214,36.735258],[-108.259102,36.735255],[-108.259098,36.735346],[-108.258986,36.735343],[-108.258875,36.73534],[-108.258871,36.73543],[-108.258759,36.735428],[-108.258756,36.735518],[-108.258644,36.735515],[-108.258641,36.735606],[-108.258305,36.735598],[-108.258302,36.735688],[-108.258078,36.735683],[-108.258075,36.735773],[-108.257963,36.73577],[-108.25796,36.73586],[-108.257736,36.735855],[-108.257733,36.735945],[-108.257621,36.735943],[-108.257618,36.736033],[-108.257506,36.73603],[-108.257394,36.736028],[-108.257391,36.736118],[-108.257167,36.736112],[-108.257164,36.736203],[-108.257052,36.7362],[-108.257048,36.73629],[-108.256936,36.736288],[-108.25694,36.736197],[-108.256828,36.736195],[-108.256831,36.736105],[-108.256719,36.736102],[-108.256713,36.736282],[-108.256825,36.736285],[-108.256818,36.736465],[-108.256482,36.736457],[-108.256479,36.736547],[-108.256367,36.736545],[-108.25637,36.736455],[-108.256035,36.736447],[-108.256038,36.736357],[-108.255926,36.736354],[-108.255929,36.736264],[-108.255817,36.736262],[-108.255814,36.736352],[-108.255702,36.736349],[-108.255705,36.736259],[-108.255481,36.736254],[-108.255485,36.736164],[-108.255708,36.736169],[-108.255712,36.736079],[-108.256047,36.736087],[-108.256051,36.735997],[-108.256163,36.735999],[-108.256274,36.736002],[-108.256278,36.735912],[-108.256166,36.735909],[-108.256169,36.735819],[-108.256281,36.735822],[-108.256284,36.735731],[-108.256172,36.735729],[-108.256175,36.735639],[-108.256287,36.735641],[-108.256291,36.735551],[-108.256402,36.735554]]]}},{"type":"Feature","properties":{},"geometry":{"type":"Polygon","coordinates":[[[-108.264295,36.730957],[-108.264298,36.730867],[-108.26441,36.73087],[-108.264413,36.730779],[-108.264525,36.730782],[-108.264529,36.730692],[-108.264752,36.730697],[-108.264756,36.730607],[-108.264868,36.73061],[-108.264871,36.73052],[-108.264983,36.730522],[-108.264986,36.730432],[-108.265098,36.730435],[-108.26521,36.730437],[-108.265213,36.730347],[-108.265325,36.73035],[-108.265328,36.73026],[-108.26544,36.730262],[-108.265443,36.730172],[-108.265555,36.730175],[-108.265558,36.730085],[-108.26567,36.730087],[-108.265673,36.729997],[-108.265785,36.73],[-108.265789,36.729909],[-108.2659,36.729912],[-108.265904,36.729822],[-108.266016,36.729825],[-108.266019,36.729734],[-108.266022,36.729644],[-108.266024,36.729574],[-108.266025,36.729554],[-108.266028,36.729464],[-108.266035,36.729284],[-108.266147,36.729287],[-108.266143,36.729377],[-108.266255,36.729379],[-108.266252,36.729469],[-108.266364,36.729472],[-108.266588,36.729477],[-108.266591,36.729387],[-108.266594,36.729297],[-108.266706,36.729299],[-108.2667,36.72948],[-108.266812,36.729482],[-108.266809,36.729572],[-108.266921,36.729575],[-108.266924,36.729485],[-108.267036,36.729487],[-108.267039,36.729397],[-108.267263,36.729402],[-108.267266,36.729312],[-108.267378,36.729315],[-108.267375,36.729405],[-108.267487,36.729408],[-108.267483,36.729498],[-108.267371,36.729495],[-108.267368,36.729585],[-108.267256,36.729583],[-108.267144,36.72958],[-108.267141,36.72967],[-108.266582,36.729657],[-108.266578,36.729747],[-108.266466,36.729745],[-108.266463,36.729835],[-108.266351,36.729832],[-108.266348,36.729922],[-108.266124,36.729917],[-108.266121,36.730007],[-108.266009,36.730005],[-108.266006,36.730095],[-108.265894,36.730092],[-108.265891,36.730182],[-108.265779,36.73018],[-108.265776,36.73027],[-108.265664,36.730267],[-108.265661,36.730357],[-108.265549,36.730355],[-108.265545,36.730445],[-108.265434,36.730442],[-108.26543,36.730532],[-108.265318,36.73053],[-108.265315,36.73062],[-108.265091,36.730615],[-108.265088,36.730705],[-108.264976,36.730702],[-108.264973,36.730792],[-108.264749,36.730787],[-108.264746,36.730877],[-108.264634,36.730875],[-108.264631,36.730965],[-108.264407,36.73096],[-108.264404,36.73105],[-108.26418,36.731045],[-108.264183,36.730955],[-108.264295,36.730957]]]}},{"type":"Feature","properties":{},"geometry":{"type":"Polygon","coordinates":[[[-108.272603,36.730427],[-108.272715,36.730429],[-108.272827,36.730432],[-108.272821,36.730612],[-108.272709,36.730609],[-108.272712,36.730519],[-108.2726,36.730517],[-108.272603,36.730427]]]}},{"type":"Feature","properties":{},"geometry":{"type":"Polygon","coordinates":[[[-108.272936,36.730524],[-108.273048,36.730527],[-108.273044,36.730617],[-108.273156,36.73062],[-108.273153,36.73071],[-108.272929,36.730705],[-108.272932,36.730614],[-108.272936,36.730524]]]}},{"type":"Feature","properties":{},"geometry":{"type":"Polygon","coordinates":[[[-108.273166,36.730349],[-108.273054,36.730347],[-108.273057,36.730257],[-108.273169,36.730259],[-108.273172,36.730169],[-108.272948,36.730164],[-108.272955,36.729984],[-108.273291,36.729992],[-108.273287,36.730082],[-108.273399,36.730084],[-108.273393,36.730264],[-108.273505,36.730267],[-108.273508,36.730177],[-108.27362,36.730179],[-108.273617,36.73027],[-108.273729,36.730272],[-108.273725,36.730362],[-108.274061,36.73037],[-108.274058,36.73046],[-108.274394,36.730468],[-108.274397,36.730378],[-108.274621,36.730383],[-108.274618,36.730473],[-108.27473,36.730475],[-108.274733,36.730385],[-108.274845,36.730388],[-108.274842,36.730478],[-108.274953,36.73048],[-108.275065,36.730483],[-108.275069,36.730393],[-108.275292,36.730398],[-108.27528,36.730758],[-108.275056,36.730753],[-108.275059,36.730663],[-108.274835,36.730658],[-108.274832,36.730748],[-108.274048,36.73073],[-108.274045,36.73082],[-108.273486,36.730807],[-108.273489,36.730717],[-108.273601,36.73072],[-108.273713,36.730723],[-108.273716,36.730632],[-108.273719,36.730542],[-108.273383,36.730535],[-108.273387,36.730445],[-108.273163,36.730439],[-108.273166,36.730349]]]}},{"type":"Feature","properties":{},"geometry":{"type":"Polygon","coordinates":[[[-108.277732,36.731085],[-108.277729,36.731175],[-108.278289,36.731188],[-108.278295,36.731008],[-108.278407,36.73101],[-108.278519,36.731013],[-108.278516,36.731103],[-108.278404,36.7311],[-108.278401,36.731191],[-108.278513,36.731193],[-108.27851,36.731283],[-108.278398,36.731281],[-108.278394,36.731371],[-108.277947,36.731361],[-108.277944,36.731451],[-108.277832,36.731448],[-108.277835,36.731358],[-108.277611,36.731353],[-108.277614,36.731263],[-108.27739,36.731258],[-108.277397,36.731077],[-108.277732,36.731085]]]}},{"type":"Feature","properties":{},"geometry":{"type":"Polygon","coordinates":[[[-108.27953,36.730946],[-108.279526,36.731036],[-108.279414,36.731033],[-108.279411,36.731124],[-108.279076,36.731116],[-108.279079,36.731026],[-108.278967,36.731023],[-108.27897,36.730933],[-108.27953,36.730946]]]}},{"type":"Feature","properties":{},"geometry":{"type":"Polygon","coordinates":[[[-108.27976,36.730771],[-108.279984,36.730776],[-108.27998,36.730866],[-108.279869,36.730863],[-108.279865,36.730954],[-108.279753,36.730951],[-108.27976,36.730771]]]}},{"type":"Feature","properties":{},"geometry":{"type":"Polygon","coordinates":[[[-108.282436,36.731103],[-108.28244,36.731012],[-108.282328,36.73101],[-108.282337,36.73074],[-108.282225,36.730737],[-108.282229,36.730647],[-108.282117,36.730644],[-108.28212,36.730554],[-108.282126,36.730374],[-108.282014,36.730372],[-108.282017,36.730281],[-108.281905,36.730279],[-108.281912,36.730099],[-108.2818,36.730096],[-108.281803,36.730006],[-108.281806,36.729916],[-108.281694,36.729913],[-108.281697,36.729823],[-108.281586,36.729821],[-108.281589,36.729731],[-108.281477,36.729728],[-108.28148,36.729638],[-108.281368,36.729636],[-108.281371,36.729545],[-108.281259,36.729543],[-108.281266,36.729363],[-108.281154,36.72936],[-108.281163,36.72909],[-108.281051,36.729087],[-108.281048,36.729177],[-108.280936,36.729175],[-108.280824,36.729172],[-108.280831,36.728992],[-108.280719,36.72899],[-108.280722,36.728899],[-108.28061,36.728897],[-108.280613,36.728807],[-108.280389,36.728802],[-108.280393,36.728712],[-108.280169,36.728706],[-108.280172,36.728616],[-108.279836,36.728609],[-108.279839,36.728519],[-108.279615,36.728513],[-108.279622,36.728333],[-108.279958,36.728341],[-108.279964,36.728161],[-108.280076,36.728163],[-108.280079,36.728073],[-108.280191,36.728076],[-108.280197,36.727896],[-108.280309,36.727898],[-108.280303,36.728078],[-108.280415,36.728081],[-108.280408,36.728261],[-108.28052,36.728264],[-108.280517,36.728354],[-108.280629,36.728356],[-108.280626,36.728446],[-108.280738,36.728449],[-108.280735,36.728539],[-108.28163,36.72856],[-108.281633,36.728469],[-108.281857,36.728475],[-108.28186,36.728384],[-108.282196,36.728392],[-108.282199,36.728302],[-108.282423,36.728307],[-108.28242,36.728397],[-108.282644,36.728402],[-108.282637,36.728583],[-108.282861,36.728588],[-108.282855,36.728768],[-108.283079,36.728773],[-108.283085,36.728593],[-108.283197,36.728595],[-108.283194,36.728685],[-108.283187,36.728866],[-108.283299,36.728868],[-108.283293,36.729048],[-108.283405,36.729051],[-108.283402,36.729141],[-108.283514,36.729144],[-108.28351,36.729234],[-108.283399,36.729231],[-108.283395,36.729321],[-108.283507,36.729324],[-108.283504,36.729414],[-108.283616,36.729416],[-108.283728,36.729419],[-108.283718,36.729689],[-108.284166,36.729699],[-108.284163,36.72979],[-108.284275,36.729792],[-108.284281,36.729612],[-108.284393,36.729614],[-108.284387,36.729795],[-108.285394,36.729818],[-108.285381,36.730178],[-108.285493,36.730181],[-108.28549,36.730271],[-108.285602,36.730273],[-108.285605,36.730183],[-108.285717,36.730186],[-108.285711,36.730366],[-108.286047,36.730373],[-108.286053,36.730193],[-108.285941,36.730191],[-108.285944,36.730101],[-108.285608,36.730093],[-108.285624,36.729643],[-108.285736,36.729645],[-108.285739,36.729555],[-108.285851,36.729558],[-108.285848,36.729648],[-108.28596,36.72965],[-108.286072,36.729653],[-108.286069,36.729743],[-108.286066,36.729833],[-108.286178,36.729836],[-108.286165,36.730196],[-108.286277,36.730198],[-108.28627,36.730379],[-108.286267,36.730469],[-108.286043,36.730464],[-108.28604,36.730554],[-108.285928,36.730551],[-108.285925,36.730641],[-108.285813,36.730639],[-108.285701,36.730636],[-108.285698,36.730726],[-108.285586,36.730724],[-108.285362,36.730719],[-108.285359,36.730809],[-108.285247,36.730806],[-108.28525,36.730716],[-108.285139,36.730713],[-108.285142,36.730623],[-108.28503,36.730621],[-108.285036,36.730441],[-108.285148,36.730443],[-108.285151,36.730353],[-108.285039,36.730351],[-108.285042,36.73026],[-108.284707,36.730253],[-108.284704,36.730343],[-108.284592,36.73034],[-108.284588,36.73043],[-108.284253,36.730423],[-108.284256,36.730333],[-108.284144,36.73033],[-108.284147,36.73024],[-108.283811,36.730232],[-108.283808,36.730322],[-108.283584,36.730317],[-108.283581,36.730407],[-108.283469,36.730405],[-108.283472,36.730315],[-108.28336,36.730312],[-108.283357,36.730402],[-108.283133,36.730397],[-108.283146,36.730037],[-108.283034,36.730034],[-108.283037,36.729944],[-108.282925,36.729942],[-108.282929,36.729851],[-108.282817,36.729849],[-108.28282,36.729759],[-108.282708,36.729756],[-108.282705,36.729846],[-108.282593,36.729844],[-108.282599,36.729664],[-108.282263,36.729656],[-108.282267,36.729566],[-108.282043,36.729561],[-108.282046,36.729471],[-108.281934,36.729468],[-108.281928,36.729648],[-108.28204,36.729651],[-108.282036,36.729741],[-108.28226,36.729746],[-108.282251,36.730016],[-108.282363,36.730019],[-108.282359,36.730109],[-108.282695,36.730117],[-108.282692,36.730207],[-108.282804,36.730209],[-108.282794,36.73048],[-108.282683,36.730477],[-108.282686,36.730387],[-108.282462,36.730382],[-108.282456,36.730562],[-108.282679,36.730567],[-108.282673,36.730747],[-108.282897,36.730752],[-108.282894,36.730842],[-108.283006,36.730845],[-108.283009,36.730755],[-108.283233,36.73076],[-108.283229,36.73085],[-108.283341,36.730853],[-108.283338,36.730943],[-108.283674,36.73095],[-108.283677,36.73086],[-108.283789,36.730863],[-108.283783,36.731043],[-108.28378,36.731133],[-108.283776,36.731223],[-108.283664,36.731221],[-108.283661,36.731311],[-108.283437,36.731306],[-108.283441,36.731216],[-108.283105,36.731208],[-108.282657,36.731198],[-108.28266,36.731108],[-108.282548,36.731105],[-108.282436,36.731103]]]}},{"type":"Feature","properties":{},"geometry":{"type":"Polygon","coordinates":[[[-108.281042,36.729358],[-108.28093,36.729355],[-108.280933,36.729265],[-108.281045,36.729267],[-108.281042,36.729358]]]}},{"type":"Feature","properties":{},"geometry":{"type":"Polygon","coordinates":[[[-108.28817,36.730512],[-108.288058,36.73051],[-108.288055,36.7306],[-108.287719,36.730592],[-108.287716,36.730682],[-108.287492,36.730677],[-108.287489,36.730767],[-108.287265,36.730762],[-108.287262,36.730852],[-108.287038,36.730847],[-108.287035,36.730937],[-108.286811,36.730932],[-108.286808,36.731022],[-108.286584,36.731017],[-108.286581,36.731107],[-108.286245,36.731099],[-108.286242,36.731189],[-108.285906,36.731182],[-108.285903,36.731272],[-108.285567,36.731264],[-108.285564,36.731354],[-108.285116,36.731344],[-108.28512,36.731254],[-108.285343,36.731259],[-108.285347,36.731169],[-108.28557,36.731174],[-108.285574,36.731084],[-108.285909,36.731092],[-108.285913,36.731002],[-108.286024,36.731004],[-108.286028,36.730914],[-108.286363,36.730922],[-108.286367,36.730832],[-108.286478,36.730834],[-108.286482,36.730744],[-108.286705,36.730749],[-108.286709,36.730659],[-108.286821,36.730662],[-108.286933,36.730664],[-108.287044,36.730667],[-108.287048,36.730577],[-108.287271,36.730582],[-108.287275,36.730492],[-108.28761,36.730499],[-108.287614,36.730409],[-108.287684,36.730411],[-108.287726,36.730412],[-108.288173,36.730422],[-108.28817,36.730512]]]}},{"type":"Feature","properties":{},"geometry":{"type":"Polygon","coordinates":[[[-108.282747,36.731831],[-108.282635,36.731828],[-108.282523,36.731826],[-108.282411,36.731823],[-108.282408,36.731913],[-108.282296,36.731911],[-108.282184,36.731908],[-108.282072,36.731906],[-108.282075,36.731816],[-108.281851,36.73181],[-108.281855,36.73172],[-108.281407,36.73171],[-108.28141,36.73162],[-108.281186,36.731615],[-108.281189,36.731525],[-108.280966,36.73152],[-108.280959,36.7317],[-108.280847,36.731697],[-108.28085,36.731607],[-108.280515,36.7316],[-108.280518,36.731509],[-108.280294,36.731504],[-108.280288,36.731685],[-108.280176,36.731682],[-108.280179,36.731592],[-108.279507,36.731577],[-108.279504,36.731667],[-108.279728,36.731672],[-108.279725,36.731762],[-108.278941,36.731744],[-108.278945,36.731654],[-108.278721,36.731649],[-108.278724,36.731559],[-108.27906,36.731566],[-108.279172,36.731569],[-108.279175,36.731479],[-108.279287,36.731481],[-108.27929,36.731391],[-108.279402,36.731394],[-108.279405,36.731304],[-108.279517,36.731306],[-108.279573,36.731308],[-108.279629,36.731309],[-108.279741,36.731311],[-108.279744,36.731221],[-108.280527,36.731239],[-108.280531,36.731149],[-108.280642,36.731152],[-108.280646,36.731062],[-108.28087,36.731067],[-108.280866,36.731157],[-108.280978,36.731159],[-108.280981,36.731069],[-108.281205,36.731074],[-108.281202,36.731164],[-108.281314,36.731167],[-108.281317,36.731077],[-108.281429,36.73108],[-108.281426,36.73117],[-108.28165,36.731175],[-108.281647,36.731265],[-108.281759,36.731267],[-108.281755,36.731357],[-108.281867,36.73136],[-108.281864,36.73145],[-108.281976,36.731453],[-108.281973,36.731543],[-108.282085,36.731545],[-108.282082,36.731635],[-108.282194,36.731638],[-108.282197,36.731548],[-108.282421,36.731553],[-108.282417,36.731643],[-108.282529,36.731646],[-108.282526,36.731736],[-108.282862,36.731743],[-108.282859,36.731833],[-108.282747,36.731831]]]}},{"type":"Feature","properties":{},"geometry":{"type":"Polygon","coordinates":[[[-108.277595,36.731803],[-108.277371,36.731798],[-108.277368,36.731888],[-108.277032,36.731881],[-108.277029,36.731971],[-108.276581,36.73196],[-108.276578,36.73205],[-108.276466,36.732048],[-108.276242,36.732043],[-108.276246,36.731953],[-108.276022,36.731948],[-108.276015,36.732128],[-108.275903,36.732125],[-108.275907,36.732035],[-108.275795,36.732033],[-108.275791,36.732123],[-108.275568,36.732117],[-108.275571,36.732027],[-108.275459,36.732025],[-108.275462,36.731935],[-108.275238,36.73193],[-108.275241,36.73184],[-108.275129,36.731837],[-108.275133,36.731747],[-108.275021,36.731744],[-108.275027,36.731564],[-108.27503,36.731474],[-108.274918,36.731471],[-108.274806,36.731469],[-108.27481,36.731379],[-108.274586,36.731374],[-108.274474,36.731371],[-108.274362,36.731369],[-108.27425,36.731366],[-108.274253,36.731276],[-108.274365,36.731278],[-108.274368,36.731188],[-108.27448,36.731191],[-108.274483,36.731101],[-108.274487,36.731011],[-108.274934,36.731021],[-108.274931,36.731111],[-108.275155,36.731116],[-108.275158,36.731026],[-108.276054,36.731047],[-108.27605,36.731137],[-108.276386,36.731144],[-108.276383,36.731235],[-108.276607,36.73124],[-108.276604,36.73133],[-108.276716,36.731332],[-108.276827,36.731335],[-108.276824,36.731425],[-108.276936,36.731428],[-108.276933,36.731518],[-108.277269,36.731525],[-108.277266,36.731615],[-108.277489,36.731621],[-108.277486,36.731711],[-108.277598,36.731713],[-108.277595,36.731803]],[[-108.275363,36.731572],[-108.275811,36.731582],[-108.275817,36.731402],[-108.275929,36.731404],[-108.275935,36.731224],[-108.275711,36.731219],[-108.275708,36.731309],[-108.275484,36.731304],[-108.275488,36.731214],[-108.275376,36.731211],[-108.275372,36.731302],[-108.275261,36.731299],[-108.275254,36.731479],[-108.275366,36.731482],[-108.275363,36.731572]]]}},{"type":"Feature","properties":{},"geometry":{"type":"Polygon","coordinates":[[[-108.263349,36.732378],[-108.263461,36.73238],[-108.263454,36.732561],[-108.263342,36.732558],[-108.263345,36.732468],[-108.263233,36.732465],[-108.263227,36.732646],[-108.263339,36.732648],[-108.263329,36.732918],[-108.263217,36.732916],[-108.263214,36.733006],[-108.263102,36.733003],[-108.263099,36.733093],[-108.262987,36.733091],[-108.262984,36.733181],[-108.262872,36.733178],[-108.262878,36.732998],[-108.262655,36.732993],[-108.262543,36.732991],[-108.262539,36.733081],[-108.262428,36.733078],[-108.262316,36.733075],[-108.262319,36.732985],[-108.262431,36.732988],[-108.262434,36.732898],[-108.262437,36.732808],[-108.262549,36.73281],[-108.262552,36.73272],[-108.262555,36.73263],[-108.262667,36.732633],[-108.262671,36.732543],[-108.262783,36.732545],[-108.262786,36.732455],[-108.262898,36.732458],[-108.262901,36.732368],[-108.263013,36.73237],[-108.263016,36.73228],[-108.26324,36.732285],[-108.263246,36.732105],[-108.263358,36.732108],[-108.263349,36.732378]]]}},{"type":"Feature","properties":{},"geometry":{"type":"Polygon","coordinates":[[[-108.26173,36.733783],[-108.261842,36.733786],[-108.261839,36.733876],[-108.261727,36.733873],[-108.261724,36.733963],[-108.261836,36.733966],[-108.261833,36.734056],[-108.261609,36.734051],[-108.261606,36.734141],[-108.261718,36.734144],[-108.261714,36.734234],[-108.261379,36.734226],[-108.261372,36.734406],[-108.261484,36.734409],[-108.261487,36.734319],[-108.261711,36.734324],[-108.261708,36.734414],[-108.261596,36.734411],[-108.26159,36.734591],[-108.261366,36.734586],[-108.261369,36.734496],[-108.261145,36.734491],[-108.261139,36.734671],[-108.261251,36.734674],[-108.261244,36.734854],[-108.261356,36.734857],[-108.261353,36.734947],[-108.261465,36.734949],[-108.261462,36.735039],[-108.261798,36.735047],[-108.261804,36.734867],[-108.262028,36.734872],[-108.262031,36.734782],[-108.261807,36.734777],[-108.26181,36.734687],[-108.261922,36.734689],[-108.261929,36.734509],[-108.262264,36.734517],[-108.262268,36.734427],[-108.262044,36.734422],[-108.262047,36.734332],[-108.262159,36.734334],[-108.262162,36.734244],[-108.261826,36.734236],[-108.26183,36.734146],[-108.262053,36.734151],[-108.262057,36.734061],[-108.26228,36.734066],[-108.262284,36.733976],[-108.262396,36.733979],[-108.262383,36.734339],[-108.262495,36.734342],[-108.262491,36.734432],[-108.263163,36.734447],[-108.263166,36.734357],[-108.263278,36.73436],[-108.263281,36.73427],[-108.263393,36.734272],[-108.26339,36.734362],[-108.263502,36.734365],[-108.263496,36.734545],[-108.263384,36.734543],[-108.263387,36.734453],[-108.263275,36.73445],[-108.263272,36.73454],[-108.263048,36.734535],[-108.263045,36.734625],[-108.262821,36.73462],[-108.262818,36.73471],[-108.262706,36.734707],[-108.262703,36.734797],[-108.262479,36.734792],[-108.262475,36.734882],[-108.262252,36.734877],[-108.262245,36.735057],[-108.262021,36.735052],[-108.262018,36.735142],[-108.261906,36.73514],[-108.261903,36.73523],[-108.261791,36.735227],[-108.261788,36.735317],[-108.261676,36.735315],[-108.261452,36.73531],[-108.261449,36.7354],[-108.261337,36.735397],[-108.261334,36.735487],[-108.260998,36.735479],[-108.260995,36.73557],[-108.260883,36.735567],[-108.26088,36.735657],[-108.260656,36.735652],[-108.260665,36.735382],[-108.260553,36.735379],[-108.260557,36.735289],[-108.260445,36.735286],[-108.260442,36.735377],[-108.260218,36.735371],[-108.260214,36.735461],[-108.260103,36.735459],[-108.260099,36.735549],[-108.259987,36.735546],[-108.259984,36.735636],[-108.259872,36.735634],[-108.259869,36.735724],[-108.259757,36.735721],[-108.259751,36.735902],[-108.259639,36.735899],[-108.259636,36.735989],[-108.2593,36.735981],[-108.259297,36.736071],[-108.259185,36.736069],[-108.259073,36.736066],[-108.25907,36.736156],[-108.258958,36.736154],[-108.258846,36.736151],[-108.258849,36.736061],[-108.258961,36.736064],[-108.258967,36.735884],[-108.259079,36.735886],[-108.259191,36.735889],[-108.259194,36.735799],[-108.259306,36.735801],[-108.259309,36.735711],[-108.259421,36.735714],[-108.259425,36.735624],[-108.259536,36.735626],[-108.25954,36.735536],[-108.259652,36.735539],[-108.259655,36.735449],[-108.259879,36.735454],[-108.259882,36.735364],[-108.259994,36.735366],[-108.26,36.735186],[-108.260112,36.735189],[-108.260115,36.735099],[-108.260227,36.735101],[-108.260234,36.734921],[-108.260346,36.734923],[-108.260349,36.734833],[-108.260461,36.734836],[-108.260464,36.734746],[-108.260576,36.734748],[-108.260579,36.734658],[-108.260582,36.734568],[-108.260806,36.734573],[-108.260813,36.734393],[-108.260924,36.734396],[-108.260928,36.734306],[-108.26104,36.734308],[-108.261043,36.734218],[-108.261155,36.734221],[-108.261161,36.734041],[-108.261385,36.734046],[-108.261391,36.733866],[-108.261503,36.733868],[-108.261507,36.733778],[-108.261618,36.733781],[-108.261622,36.733691],[-108.261734,36.733693],[-108.26173,36.733783]],[[-108.261682,36.735135],[-108.26157,36.735132],[-108.261567,36.735222],[-108.261679,36.735225],[-108.261682,36.735135]]]}},{"type":"Feature","properties":{},"geometry":{"type":"Polygon","coordinates":[[[-108.260845,36.730337],[-108.260957,36.730339],[-108.260953,36.730429],[-108.260618,36.730422],[-108.260621,36.730332],[-108.260733,36.730334],[-108.260736,36.730244],[-108.260848,36.730247],[-108.260845,36.730337]]]}},{"type":"Feature","properties":{},"geometry":{"type":"Polygon","coordinates":[[[-108.259837,36.730314],[-108.259949,36.730316],[-108.259946,36.730406],[-108.259834,36.730404],[-108.259837,36.730314]]]}},{"type":"Feature","properties":{},"geometry":{"type":"Polygon","coordinates":[[[-108.261005,36.732144],[-108.261008,36.732054],[-108.261232,36.732059],[-108.261228,36.732149],[-108.261005,36.732144]]]}},{"type":"Feature","properties":{},"geometry":{"type":"Polygon","coordinates":[[[-108.260541,36.732584],[-108.260653,36.732586],[-108.26065,36.732676],[-108.260643,36.732857],[-108.260531,36.732854],[-108.260541,36.732584]]]}},{"type":"Feature","properties":{},"geometry":{"type":"Polygon","coordinates":[[[-108.26781,36.732931],[-108.267813,36.732841],[-108.268037,36.732846],[-108.26804,36.732756],[-108.268152,36.732759],[-108.268155,36.732669],[-108.268379,36.732674],[-108.268382,36.732584],[-108.268606,36.732589],[-108.2686,36.732769],[-108.268488,36.732767],[-108.268484,36.732857],[-108.268372,36.732854],[-108.268366,36.733034],[-108.268142,36.733029],[-108.268139,36.733119],[-108.268027,36.733117],[-108.268024,36.733207],[-108.267912,36.733204],[-108.267909,36.733294],[-108.267797,36.733292],[-108.267794,36.733382],[-108.267346,36.733371],[-108.267349,36.733281],[-108.267237,36.733279],[-108.267234,36.733369],[-108.266786,36.733359],[-108.266783,36.733449],[-108.266671,36.733446],[-108.266678,36.733266],[-108.26679,36.733269],[-108.266793,36.733178],[-108.266905,36.733181],[-108.266908,36.733091],[-108.267244,36.733099],[-108.267247,36.733009],[-108.267471,36.733014],[-108.267467,36.733104],[-108.267579,36.733106],[-108.267586,36.732926],[-108.26781,36.732931]]]}},{"type":"Feature","properties":{},"geometry":{"type":"Polygon","coordinates":[[[-108.268689,36.733402],[-108.268801,36.733405],[-108.268798,36.733495],[-108.268686,36.733492],[-108.268689,36.733402]]]}},{"type":"Feature","properties":{},"geometry":{"type":"Polygon","coordinates":[[[-108.264986,36.733588],[-108.26521,36.733593],[-108.265203,36.733773],[-108.264868,36.733765],[-108.264874,36.733585],[-108.264877,36.733495],[-108.264989,36.733498],[-108.264986,36.733588]]]}},{"type":"Feature","properties":{},"geometry":{"type":"Polygon","coordinates":[[[-108.265638,36.734144],[-108.26575,36.734146],[-108.265747,36.734236],[-108.265635,36.734234],[-108.265638,36.734144]]]}},{"type":"Feature","properties":{},"geometry":{"type":"Polygon","coordinates":[[[-108.265187,36.734223],[-108.265299,36.734226],[-108.265296,36.734316],[-108.265184,36.734314],[-108.265187,36.734223]]]}},{"type":"Feature","properties":{},"geometry":{"type":"Polygon","coordinates":[[[-108.263502,36.734365],[-108.263505,36.734275],[-108.263729,36.73428],[-108.263726,36.73437],[-108.263502,36.734365]]]}},{"type":"Feature","properties":{},"geometry":{"type":"Polygon","coordinates":[[[-108.261465,36.734949],[-108.261471,36.734769],[-108.261583,36.734772],[-108.261577,36.734952],[-108.261465,36.734949]]]}},{"type":"Feature","properties":{},"geometry":{"type":"Polygon","coordinates":[[[-108.260429,36.735737],[-108.260432,36.735647],[-108.260656,36.735652],[-108.260653,36.735742],[-108.260429,36.735737]]]}},{"type":"Feature","properties":{},"geometry":{"type":"Polygon","coordinates":[[[-108.26401,36.735819],[-108.264014,36.735729],[-108.264062,36.73573],[-108.264126,36.735732],[-108.264122,36.735822],[-108.264119,36.735912],[-108.264007,36.735909],[-108.26401,36.735819]]]}},{"type":"Feature","properties":{},"geometry":{"type":"Polygon","coordinates":[[[-108.258737,36.736059],[-108.25874,36.735968],[-108.258852,36.735971],[-108.258849,36.736061],[-108.258737,36.736059]]]}},{"type":"Feature","properties":{},"geometry":{"type":"Polygon","coordinates":[[[-108.254893,36.737052],[-108.255005,36.737054],[-108.255002,36.737144],[-108.25489,36.737142],[-108.254893,36.737052]]]}},{"type":"Feature","properties":{},"geometry":{"type":"Polygon","coordinates":[[[-108.25905,36.739853],[-108.259053,36.739762],[-108.259165,36.739765],[-108.259162,36.739855],[-108.25905,36.739853]]]}},{"type":"Feature","properties":{},"geometry":{"type":"Polygon","coordinates":[[[-108.267836,36.751145],[-108.267839,36.751055],[-108.267951,36.751057],[-108.267948,36.751147],[-108.267836,36.751145]]]}},{"type":"Feature","properties":{},"geometry":{"type":"Polygon","coordinates":[[[-108.267829,36.751325],[-108.267833,36.751235],[-108.267945,36.751237],[-108.267941,36.751327],[-108.267829,36.751325]]]}},{"type":"Feature","properties":{},"geometry":{"type":"Polygon","coordinates":[[[-108.245533,36.719975],[-108.245536,36.719885],[-108.245648,36.719888],[-108.245645,36.719978],[-108.245533,36.719975]]]}},{"type":"Feature","properties":{},"geometry":{"type":"Polygon","coordinates":[[[-108.248586,36.7223],[-108.248583,36.72239],[-108.248471,36.722387],[-108.248359,36.722385],[-108.248362,36.722295],[-108.248474,36.722297],[-108.248586,36.7223]]]}},{"type":"Feature","properties":{},"geometry":{"type":"Polygon","coordinates":[[[-108.249235,36.722946],[-108.249347,36.722949],[-108.249344,36.723039],[-108.249232,36.723036],[-108.249235,36.722946]]]}},{"type":"Feature","properties":{},"geometry":{"type":"Polygon","coordinates":[[[-108.249341,36.723129],[-108.249344,36.723039],[-108.249456,36.723041],[-108.249453,36.723131],[-108.249341,36.723129]]]}},{"type":"Feature","properties":{},"geometry":{"type":"Polygon","coordinates":[[[-108.25068,36.72325],[-108.250677,36.72334],[-108.250565,36.723337],[-108.250568,36.723247],[-108.25068,36.72325]]]}},{"type":"Feature","properties":{},"geometry":{"type":"Polygon","coordinates":[[[-108.250226,36.72342],[-108.250338,36.723422],[-108.250335,36.723512],[-108.250223,36.72351],[-108.250226,36.72342]]]}},{"type":"Feature","properties":{},"geometry":{"type":"Polygon","coordinates":[[[-108.250562,36.723427],[-108.250674,36.72343],[-108.250667,36.72361],[-108.250556,36.723608],[-108.250562,36.723427]]]}},{"type":"Feature","properties":{},"geometry":{"type":"Polygon","coordinates":[[[-108.250332,36.723602],[-108.250335,36.723512],[-108.250447,36.723515],[-108.250444,36.723605],[-108.250332,36.723602]]]}},{"type":"Feature","properties":{},"geometry":{"type":"Polygon","coordinates":[[[-108.251681,36.723453],[-108.251675,36.723633],[-108.251563,36.723631],[-108.251566,36.723541],[-108.251569,36.723451],[-108.251681,36.723453]]]}},{"type":"Feature","properties":{},"geometry":{"type":"Polygon","coordinates":[[[-108.251448,36.723718],[-108.251451,36.723628],[-108.251563,36.723631],[-108.25156,36.723721],[-108.251448,36.723718]]]}},{"type":"Feature","properties":{},"geometry":{"type":"Polygon","coordinates":[[[-108.249881,36.723682],[-108.249884,36.723592],[-108.249996,36.723595],[-108.249999,36.723505],[-108.250111,36.723507],[-108.250105,36.723687],[-108.249881,36.723682]]]}},{"type":"Feature","properties":{},"geometry":{"type":"Polygon","coordinates":[[[-108.249532,36.724035],[-108.249529,36.724125],[-108.249417,36.724122],[-108.24942,36.724032],[-108.249308,36.72403],[-108.249312,36.723939],[-108.2492,36.723937],[-108.249209,36.723667],[-108.249321,36.723669],[-108.249325,36.723579],[-108.249436,36.723582],[-108.24944,36.723492],[-108.249443,36.723402],[-108.249667,36.723407],[-108.24966,36.723587],[-108.249548,36.723584],[-108.249535,36.723945],[-108.249647,36.723947],[-108.249644,36.724037],[-108.249532,36.724035]],[[-108.249424,36.723942],[-108.249427,36.723852],[-108.249315,36.723849],[-108.249312,36.723939],[-108.249424,36.723942]]]}},{"type":"Feature","properties":{},"geometry":{"type":"Polygon","coordinates":[[[-108.245737,36.723676],[-108.245849,36.723679],[-108.245846,36.723769],[-108.245734,36.723767],[-108.245737,36.723676]]]}},{"type":"Feature","properties":{},"geometry":{"type":"Polygon","coordinates":[[[-108.251105,36.723891],[-108.251109,36.723801],[-108.251221,36.723803],[-108.251217,36.723893],[-108.251105,36.723891]]]}},{"type":"Feature","properties":{},"geometry":{"type":"Polygon","coordinates":[[[-108.249766,36.72377],[-108.249878,36.723772],[-108.249874,36.723862],[-108.249763,36.72386],[-108.249766,36.72377]]]}},{"type":"Feature","properties":{},"geometry":{"type":"Polygon","coordinates":[[[-108.251102,36.723981],[-108.251214,36.723983],[-108.251211,36.724074],[-108.251099,36.724071],[-108.251102,36.723981]]]}},{"type":"Feature","properties":{},"geometry":{"type":"Polygon","coordinates":[[[-108.251438,36.723989],[-108.25155,36.723991],[-108.251547,36.724081],[-108.251435,36.724079],[-108.251438,36.723989]]]}},{"type":"Feature","properties":{},"geometry":{"type":"Polygon","coordinates":[[[-108.249641,36.724127],[-108.249644,36.724037],[-108.249756,36.72404],[-108.249753,36.72413],[-108.249641,36.724127]]]}},{"type":"Feature","properties":{},"geometry":{"type":"Polygon","coordinates":[[[-108.250098,36.723868],[-108.250105,36.723687],[-108.250217,36.72369],[-108.250213,36.72378],[-108.25021,36.72387],[-108.250322,36.723873],[-108.250319,36.723963],[-108.250095,36.723958],[-108.249871,36.723952],[-108.249874,36.723862],[-108.250098,36.723868]]]}},{"type":"Feature","properties":{},"geometry":{"type":"Polygon","coordinates":[[[-108.250363,36.723783],[-108.250325,36.723783],[-108.250329,36.723693],[-108.25044,36.723695],[-108.250552,36.723698],[-108.250549,36.723788],[-108.250437,36.723785],[-108.250363,36.723783]]]}},{"type":"Feature","properties":{},"geometry":{"type":"Polygon","coordinates":[[[-108.250658,36.72388],[-108.25077,36.723883],[-108.250767,36.723973],[-108.250878,36.723976],[-108.25099,36.723978],[-108.250987,36.724068],[-108.250875,36.724066],[-108.250872,36.724156],[-108.250648,36.724151],[-108.250651,36.724061],[-108.250539,36.724058],[-108.250546,36.723878],[-108.250658,36.72388]]]}},{"type":"Feature","properties":{},"geometry":{"type":"Polygon","coordinates":[[[-108.2503,36.724503],[-108.250523,36.724508],[-108.25053,36.724328],[-108.250642,36.724331],[-108.250632,36.724601],[-108.25052,36.724599],[-108.250517,36.724689],[-108.250405,36.724686],[-108.250408,36.724596],[-108.250296,36.724593],[-108.250184,36.724591],[-108.250188,36.724501],[-108.250076,36.724498],[-108.250082,36.724318],[-108.24997,36.724315],[-108.249961,36.724586],[-108.250073,36.724588],[-108.250066,36.724768],[-108.249842,36.724763],[-108.249846,36.724673],[-108.249858,36.724313],[-108.249746,36.72431],[-108.24975,36.72422],[-108.249973,36.724225],[-108.250197,36.72423],[-108.250194,36.724321],[-108.250306,36.724323],[-108.2503,36.724503]]]}},{"type":"Feature","properties":{},"geometry":{"type":"Polygon","coordinates":[[[-108.248854,36.724199],[-108.248966,36.724202],[-108.248963,36.724292],[-108.248851,36.724289],[-108.248854,36.724199]]]}},{"type":"Feature","properties":{},"geometry":{"type":"Polygon","coordinates":[[[-108.250642,36.724331],[-108.250645,36.724241],[-108.250869,36.724246],[-108.250866,36.724336],[-108.250642,36.724331]]]}},{"type":"Feature","properties":{},"geometry":{"type":"Polygon","coordinates":[[[-108.251297,36.724797],[-108.251307,36.724527],[-108.251419,36.724529],[-108.251418,36.724559],[-108.251416,36.724619],[-108.251412,36.724709],[-108.251524,36.724712],[-108.251521,36.724802],[-108.251297,36.724797]]]}},{"type":"Feature","properties":{},"geometry":{"type":"Polygon","coordinates":[[[-108.251201,36.724344],[-108.251205,36.724254],[-108.251093,36.724251],[-108.251096,36.724161],[-108.251208,36.724164],[-108.25132,36.724166],[-108.251316,36.724256],[-108.251313,36.724346],[-108.251201,36.724344]]]}},{"type":"Feature","properties":{},"geometry":{"type":"Polygon","coordinates":[[[-108.251083,36.724521],[-108.251086,36.724431],[-108.251198,36.724434],[-108.251195,36.724524],[-108.251083,36.724521]]]}},{"type":"Feature","properties":{},"geometry":{"type":"Polygon","coordinates":[[[-108.24919,36.724207],[-108.249414,36.724212],[-108.249411,36.724302],[-108.249299,36.7243],[-108.249292,36.72448],[-108.24918,36.724477],[-108.24919,36.724207]]]}},{"type":"Feature","properties":{},"geometry":{"type":"Polygon","coordinates":[[[-108.250514,36.724779],[-108.250517,36.724689],[-108.250629,36.724691],[-108.250626,36.724781],[-108.250514,36.724779]]]}},{"type":"Feature","properties":{},"geometry":{"type":"Polygon","coordinates":[[[-108.24951,36.724665],[-108.249734,36.724671],[-108.24973,36.724761],[-108.249507,36.724755],[-108.24951,36.724665]]]}},{"type":"Feature","properties":{},"geometry":{"type":"Polygon","coordinates":[[[-108.250293,36.724683],[-108.250405,36.724686],[-108.250402,36.724776],[-108.25029,36.724774],[-108.250293,36.724683]]]}},{"type":"Feature","properties":{},"geometry":{"type":"Polygon","coordinates":[[[-108.251067,36.724972],[-108.251077,36.724702],[-108.251188,36.724704],[-108.251182,36.724884],[-108.251294,36.724887],[-108.251291,36.724977],[-108.251067,36.724972]]]}},{"type":"Feature","properties":{},"geometry":{"type":"Polygon","coordinates":[[[-108.252189,36.724908],[-108.252192,36.724818],[-108.252304,36.72482],[-108.252301,36.72491],[-108.252189,36.724908]]]}},{"type":"Feature","properties":{},"geometry":{"type":"Polygon","coordinates":[[[-108.251403,36.72498],[-108.251515,36.724982],[-108.251511,36.725072],[-108.251399,36.72507],[-108.251403,36.72498]]]}},{"type":"Feature","properties":{},"geometry":{"type":"Polygon","coordinates":[[[-108.251735,36.725077],[-108.251738,36.724987],[-108.25185,36.72499],[-108.251847,36.72508],[-108.251735,36.725077]]]}},{"type":"Feature","properties":{},"geometry":{"type":"Polygon","coordinates":[[[-108.251511,36.725072],[-108.251623,36.725075],[-108.25162,36.725165],[-108.251508,36.725162],[-108.251511,36.725072]]]}},{"type":"Feature","properties":{},"geometry":{"type":"Polygon","coordinates":[[[-108.251166,36.725335],[-108.251169,36.725245],[-108.251281,36.725247],[-108.251393,36.72525],[-108.25139,36.72534],[-108.251278,36.725337],[-108.251275,36.725427],[-108.250939,36.72542],[-108.250942,36.72533],[-108.251166,36.725335]]]}},{"type":"Feature","properties":{},"geometry":{"type":"Polygon","coordinates":[[[-108.251508,36.725162],[-108.251505,36.725252],[-108.251393,36.72525],[-108.251396,36.72516],[-108.251508,36.725162]]]}},{"type":"Feature","properties":{},"geometry":{"type":"Polygon","coordinates":[[[-108.251828,36.725621],[-108.251831,36.72553],[-108.251943,36.725533],[-108.25194,36.725623],[-108.251828,36.725621]]]}},{"type":"Feature","properties":{},"geometry":{"type":"Polygon","coordinates":[[[-108.252748,36.728076],[-108.252742,36.728256],[-108.25263,36.728254],[-108.252627,36.728344],[-108.252515,36.728341],[-108.252521,36.728161],[-108.252633,36.728164],[-108.252636,36.728074],[-108.252748,36.728076]]]}},{"type":"Feature","properties":{},"geometry":{"type":"Polygon","coordinates":[[[-108.252486,36.729152],[-108.252598,36.729155],[-108.252595,36.729245],[-108.252483,36.729242],[-108.252486,36.729152]]]}},{"type":"Feature","properties":{},"geometry":{"type":"Polygon","coordinates":[[[-108.248438,36.729599],[-108.248441,36.729509],[-108.248553,36.729512],[-108.248549,36.729602],[-108.248438,36.729599]]]}},{"type":"Feature","properties":{},"geometry":{"type":"Polygon","coordinates":[[[-108.248299,36.733473],[-108.248302,36.733383],[-108.248414,36.733386],[-108.248411,36.733476],[-108.248299,36.733473]]]}},{"type":"Feature","properties":{},"geometry":{"type":"Polygon","coordinates":[[[-108.248941,36.734336],[-108.248942,36.7343],[-108.249054,36.734302],[-108.249051,36.734392],[-108.248939,36.73439],[-108.248941,36.734336]]]}},{"type":"Feature","properties":{},"geometry":{"type":"Polygon","coordinates":[[[-108.248948,36.734119],[-108.24906,36.734122],[-108.249057,36.734212],[-108.248945,36.73421],[-108.248948,36.734119]]]}},{"type":"Feature","properties":{},"geometry":{"type":"Polygon","coordinates":[[[-108.247192,36.736243],[-108.247195,36.736153],[-108.247307,36.736155],[-108.247304,36.736245],[-108.247192,36.736243]]]}},{"type":"Feature","properties":{},"geometry":{"type":"Polygon","coordinates":[[[-108.249514,36.737108],[-108.249738,36.737113],[-108.249734,36.737203],[-108.249846,36.737206],[-108.249843,36.737296],[-108.249731,36.737293],[-108.249728,36.737383],[-108.249616,36.737381],[-108.249392,36.737376],[-108.249395,36.737285],[-108.249283,36.737283],[-108.249287,36.737193],[-108.249399,36.737195],[-108.249402,36.737105],[-108.24929,36.737103],[-108.249293,36.737013],[-108.249405,36.737015],[-108.249517,36.737018],[-108.249514,36.737108]]]}},{"type":"Feature","properties":{},"geometry":{"type":"Polygon","coordinates":[[[-108.249955,36.737298],[-108.249952,36.737388],[-108.24984,36.737386],[-108.249843,36.737296],[-108.249955,36.737298]]]}},{"type":"Feature","properties":{},"geometry":{"type":"Polygon","coordinates":[[[-108.246446,36.741455],[-108.246558,36.741457],[-108.246561,36.741367],[-108.246673,36.74137],[-108.246676,36.74128],[-108.246564,36.741277],[-108.246574,36.741007],[-108.246686,36.74101],[-108.246695,36.740739],[-108.246919,36.740744],[-108.246922,36.740654],[-108.247034,36.740657],[-108.247041,36.740477],[-108.247153,36.740479],[-108.24715,36.740569],[-108.247261,36.740572],[-108.247265,36.740482],[-108.247489,36.740487],[-108.247485,36.740577],[-108.247933,36.740588],[-108.24794,36.740407],[-108.248051,36.74041],[-108.248058,36.74023],[-108.24817,36.740232],[-108.248173,36.740142],[-108.248285,36.740145],[-108.248288,36.740055],[-108.248176,36.740052],[-108.248179,36.739962],[-108.248291,36.739965],[-108.248295,36.739875],[-108.248183,36.739872],[-108.248186,36.739782],[-108.248298,36.739785],[-108.248304,36.739604],[-108.247968,36.739597],[-108.247972,36.739507],[-108.247978,36.739326],[-108.247866,36.739324],[-108.247873,36.739144],[-108.247761,36.739141],[-108.247757,36.739231],[-108.247646,36.739229],[-108.247649,36.739138],[-108.247537,36.739136],[-108.24754,36.739046],[-108.247652,36.739048],[-108.247655,36.738958],[-108.247431,36.738953],[-108.247435,36.738863],[-108.247546,36.738866],[-108.24755,36.738775],[-108.247438,36.738773],[-108.247441,36.738683],[-108.247553,36.738685],[-108.247556,36.738595],[-108.247668,36.738598],[-108.247665,36.738688],[-108.247777,36.738691],[-108.24778,36.7386],[-108.247892,36.738603],[-108.247895,36.738513],[-108.248119,36.738518],[-108.248129,36.738248],[-108.248241,36.73825],[-108.248244,36.73816],[-108.248468,36.738166],[-108.248477,36.737895],[-108.248813,36.737903],[-108.248816,36.737813],[-108.248928,36.737816],[-108.248932,36.737726],[-108.249267,36.737733],[-108.249271,36.737643],[-108.249494,36.737648],[-108.249501,36.737468],[-108.249613,36.737471],[-108.24961,36.737561],[-108.249606,36.737651],[-108.249942,36.737659],[-108.249949,36.737479],[-108.25006,36.737481],[-108.250064,36.737391],[-108.250288,36.737396],[-108.250284,36.737486],[-108.250508,36.737491],[-108.250502,36.737672],[-108.250614,36.737674],[-108.250607,36.737854],[-108.250719,36.737857],[-108.250693,36.738578],[-108.250582,36.738575],[-108.250578,36.738665],[-108.250466,36.738663],[-108.250463,36.738753],[-108.25046,36.738843],[-108.250348,36.73884],[-108.250345,36.73893],[-108.250233,36.738928],[-108.25023,36.739018],[-108.250118,36.739015],[-108.250115,36.739105],[-108.249779,36.739098],[-108.249776,36.739188],[-108.249552,36.739182],[-108.249545,36.739363],[-108.249433,36.73936],[-108.24943,36.73945],[-108.249094,36.739442],[-108.248982,36.73944],[-108.248979,36.73953],[-108.248867,36.739527],[-108.248755,36.739525],[-108.248643,36.739522],[-108.248637,36.739702],[-108.248525,36.7397],[-108.248506,36.74024],[-108.248394,36.740238],[-108.248365,36.741048],[-108.248253,36.741046],[-108.248256,36.740956],[-108.248144,36.740953],[-108.248138,36.741133],[-108.248026,36.741131],[-108.248022,36.741221],[-108.248019,36.741311],[-108.247907,36.741308],[-108.247901,36.741488],[-108.248013,36.741491],[-108.24801,36.741581],[-108.247898,36.741579],[-108.247894,36.741669],[-108.247783,36.741666],[-108.247789,36.741486],[-108.247677,36.741483],[-108.247661,36.741934],[-108.247658,36.742024],[-108.24777,36.742026],[-108.247763,36.742207],[-108.247651,36.742204],[-108.247539,36.742201],[-108.247536,36.742291],[-108.247533,36.742382],[-108.247309,36.742376],[-108.247303,36.742557],[-108.246967,36.742549],[-108.246964,36.742639],[-108.246852,36.742636],[-108.246848,36.742726],[-108.246736,36.742724],[-108.246733,36.742814],[-108.246621,36.742811],[-108.246618,36.742901],[-108.246394,36.742896],[-108.246397,36.742806],[-108.246285,36.742803],[-108.246289,36.742713],[-108.246065,36.742708],[-108.246062,36.742798],[-108.24595,36.742796],[-108.245953,36.742706],[-108.245841,36.742703],[-108.245617,36.742698],[-108.245633,36.742247],[-108.245745,36.74225],[-108.245748,36.74216],[-108.245524,36.742155],[-108.245528,36.742065],[-108.24564,36.742067],[-108.245646,36.741887],[-108.245982,36.741895],[-108.245985,36.741805],[-108.246209,36.74181],[-108.246215,36.74163],[-108.246327,36.741632],[-108.246331,36.741542],[-108.246442,36.741545],[-108.246446,36.741455]],[[-108.245739,36.74243],[-108.245851,36.742433],[-108.245857,36.742253],[-108.245745,36.74225],[-108.245739,36.74243]]]}},{"type":"Feature","properties":{},"geometry":{"type":"Polygon","coordinates":[[[-108.245656,36.741617],[-108.245659,36.741527],[-108.245771,36.741529],[-108.245768,36.741619],[-108.245656,36.741617]]]}},{"type":"Feature","properties":{},"geometry":{"type":"Polygon","coordinates":[[[-108.245649,36.741797],[-108.245652,36.741707],[-108.245876,36.741712],[-108.245873,36.741802],[-108.245649,36.741797]]]}},{"type":"Feature","properties":{},"geometry":{"type":"Polygon","coordinates":[[[-108.244946,36.752059],[-108.244943,36.752149],[-108.244831,36.752147],[-108.244834,36.752057],[-108.244946,36.752059]]]}},{"type":"Feature","properties":{},"geometry":{"type":"Polygon","coordinates":[[[-108.243638,36.716595],[-108.24375,36.716598],[-108.243747,36.716688],[-108.243635,36.716685],[-108.243638,36.716595]]]}},{"type":"Feature","properties":{},"geometry":{"type":"Polygon","coordinates":[[[-108.243632,36.716775],[-108.243628,36.716865],[-108.243517,36.716863],[-108.24352,36.716773],[-108.243523,36.716683],[-108.243635,36.716685],[-108.243632,36.716775]]]}},{"type":"Feature","properties":{},"geometry":{"type":"Polygon","coordinates":[[[-108.244076,36.716876],[-108.244073,36.716966],[-108.243961,36.716963],[-108.243958,36.717053],[-108.243954,36.717143],[-108.243843,36.717141],[-108.243849,36.716961],[-108.243737,36.716958],[-108.24374,36.716868],[-108.243852,36.716871],[-108.244076,36.716876]]]}},{"type":"Feature","properties":{},"geometry":{"type":"Polygon","coordinates":[[[-108.24407,36.717056],[-108.244181,36.717059],[-108.244178,36.717149],[-108.244066,36.717146],[-108.24407,36.717056]]]}},{"type":"Feature","properties":{},"geometry":{"type":"Polygon","coordinates":[[[-108.243954,36.717143],[-108.244066,36.717146],[-108.244063,36.717236],[-108.243951,36.717234],[-108.243954,36.717143]]]}},{"type":"Feature","properties":{},"geometry":{"type":"Polygon","coordinates":[[[-108.244389,36.717514],[-108.244392,36.717424],[-108.244281,36.717422],[-108.244284,36.717331],[-108.244508,36.717337],[-108.244501,36.717517],[-108.244389,36.717514]]]}},{"type":"Feature","properties":{},"geometry":{"type":"Polygon","coordinates":[[[-108.244501,36.717517],[-108.244613,36.717519],[-108.24461,36.717609],[-108.244498,36.717607],[-108.244501,36.717517]]]}},{"type":"Feature","properties":{},"geometry":{"type":"Polygon","coordinates":[[[-108.245306,36.72006],[-108.245309,36.71997],[-108.245421,36.719972],[-108.245418,36.720063],[-108.245306,36.72006]]]}},{"type":"Feature","properties":{},"geometry":{"type":"Polygon","coordinates":[[[-108.244163,36.739508],[-108.244159,36.739599],[-108.244156,36.739689],[-108.244044,36.739686],[-108.244048,36.739596],[-108.244051,36.739506],[-108.244163,36.739508]]]}},{"type":"Feature","properties":{},"geometry":{"type":"Polygon","coordinates":[[[-108.244041,36.739776],[-108.243929,36.739774],[-108.243932,36.739683],[-108.244044,36.739686],[-108.244041,36.739776]]]}},{"type":"Feature","properties":{},"geometry":{"type":"Polygon","coordinates":[[[-108.243344,36.740481],[-108.243232,36.740479],[-108.243235,36.740389],[-108.243347,36.740391],[-108.243344,36.740481]]]}},{"type":"Feature","properties":{},"geometry":{"type":"Polygon","coordinates":[[[-108.243229,36.740569],[-108.243117,36.740566],[-108.24312,36.740476],[-108.243232,36.740479],[-108.243229,36.740569]]]}},{"type":"Feature","properties":{},"geometry":{"type":"Polygon","coordinates":[[[-108.243245,36.740118],[-108.243357,36.740121],[-108.243353,36.740211],[-108.243241,36.740208],[-108.243245,36.740118]]]}},{"type":"Feature","properties":{},"geometry":{"type":"Polygon","coordinates":[[[-108.243462,36.740304],[-108.243574,36.740306],[-108.243571,36.740396],[-108.243459,36.740394],[-108.243462,36.740304]]]}},{"type":"Feature","properties":{},"geometry":{"type":"Polygon","coordinates":[[[-108.242886,36.740741],[-108.242998,36.740744],[-108.242995,36.740834],[-108.242994,36.740864],[-108.242992,36.740924],[-108.24288,36.740921],[-108.242883,36.740831],[-108.242886,36.740741]]]}},{"type":"Feature","properties":{},"geometry":{"type":"Polygon","coordinates":[[[-108.244155,36.742844],[-108.244159,36.742754],[-108.244271,36.742757],[-108.244267,36.742847],[-108.244155,36.742844]]]}},{"type":"Feature","properties":{},"geometry":{"type":"Polygon","coordinates":[[[-108.244155,36.742844],[-108.244152,36.742934],[-108.243816,36.742927],[-108.24382,36.742837],[-108.243826,36.742656],[-108.243938,36.742659],[-108.243932,36.742839],[-108.244155,36.742844]]]}},{"type":"Feature","properties":{},"geometry":{"type":"Polygon","coordinates":[[[-108.24381,36.743107],[-108.243922,36.743109],[-108.243912,36.74338],[-108.2438,36.743377],[-108.243797,36.743467],[-108.243685,36.743465],[-108.243679,36.743645],[-108.243567,36.743642],[-108.243563,36.743732],[-108.243452,36.74373],[-108.243455,36.74364],[-108.243458,36.743549],[-108.24357,36.743552],[-108.243589,36.743012],[-108.243701,36.743014],[-108.243704,36.742924],[-108.243816,36.742927],[-108.24381,36.743107]]]}},{"type":"Feature","properties":{},"geometry":{"type":"Polygon","coordinates":[[[-108.243314,36.744448],[-108.243426,36.74445],[-108.243429,36.74436],[-108.243541,36.744363],[-108.243547,36.744183],[-108.243771,36.744188],[-108.243774,36.744098],[-108.243886,36.7441],[-108.24387,36.744551],[-108.243646,36.744546],[-108.24365,36.744456],[-108.243538,36.744453],[-108.243534,36.744543],[-108.243422,36.74454],[-108.2434,36.745171],[-108.243288,36.745168],[-108.243285,36.745259],[-108.243173,36.745256],[-108.24317,36.745346],[-108.243058,36.745343],[-108.243051,36.745524],[-108.242939,36.745521],[-108.242933,36.745701],[-108.242821,36.745699],[-108.242814,36.745879],[-108.242702,36.745876],[-108.242706,36.745786],[-108.242594,36.745783],[-108.242597,36.745693],[-108.242709,36.745696],[-108.242719,36.745426],[-108.242942,36.745431],[-108.242949,36.745251],[-108.243061,36.745253],[-108.243067,36.745073],[-108.243179,36.745076],[-108.243199,36.744535],[-108.243311,36.744538],[-108.243314,36.744448]]]}},{"type":"Feature","properties":{},"geometry":{"type":"Polygon","coordinates":[[[-108.244487,36.746098],[-108.244599,36.7461],[-108.244596,36.746191],[-108.244484,36.746188],[-108.244487,36.746098]]]}},{"type":"Feature","properties":{},"geometry":{"type":"Polygon","coordinates":[[[-108.243588,36.746167],[-108.2437,36.74617],[-108.243697,36.74626],[-108.243585,36.746257],[-108.243588,36.746167]]]}},{"type":"Feature","properties":{},"geometry":{"type":"Polygon","coordinates":[[[-108.243355,36.746432],[-108.243358,36.746342],[-108.24347,36.746345],[-108.243464,36.746525],[-108.243352,36.746522],[-108.243355,36.746432]]]}},{"type":"Feature","properties":{},"geometry":{"type":"Polygon","coordinates":[[[-108.243019,36.746424],[-108.243131,36.746427],[-108.243128,36.746517],[-108.243016,36.746515],[-108.243019,36.746424]]]}},{"type":"Feature","properties":{},"geometry":{"type":"Polygon","coordinates":[[[-108.243981,36.747709],[-108.243985,36.747619],[-108.243873,36.747616],[-108.243761,36.747614],[-108.243764,36.747524],[-108.243876,36.747526],[-108.243988,36.747529],[-108.243991,36.747439],[-108.243879,36.747436],[-108.243882,36.747346],[-108.244106,36.747351],[-108.244218,36.747354],[-108.244221,36.747264],[-108.244228,36.747084],[-108.24434,36.747086],[-108.244343,36.746996],[-108.244231,36.746994],[-108.244234,36.746903],[-108.244237,36.746813],[-108.244125,36.746811],[-108.244122,36.746901],[-108.244119,36.746991],[-108.244007,36.746988],[-108.24401,36.746898],[-108.243898,36.746896],[-108.243895,36.746986],[-108.243671,36.746981],[-108.243674,36.74689],[-108.243786,36.746893],[-108.24379,36.746803],[-108.243678,36.7468],[-108.243685,36.74661],[-108.243687,36.74653],[-108.244135,36.74654],[-108.244138,36.74645],[-108.244026,36.746448],[-108.24403,36.746358],[-108.244142,36.74636],[-108.244145,36.74627],[-108.244369,36.746275],[-108.244362,36.746456],[-108.244474,36.746458],[-108.244477,36.746368],[-108.244589,36.746371],[-108.244593,36.746281],[-108.244705,36.746283],[-108.244698,36.746463],[-108.24481,36.746466],[-108.244813,36.746376],[-108.244925,36.746378],[-108.244932,36.746198],[-108.245156,36.746203],[-108.245152,36.746294],[-108.245264,36.746296],[-108.245258,36.746476],[-108.24537,36.746479],[-108.245367,36.746569],[-108.245255,36.746566],[-108.245248,36.746747],[-108.245136,36.746744],[-108.245024,36.746741],[-108.245021,36.746831],[-108.244909,36.746829],[-108.244916,36.746649],[-108.245027,36.746651],[-108.245031,36.746561],[-108.244695,36.746553],[-108.244682,36.746914],[-108.24457,36.746911],[-108.244567,36.747001],[-108.244791,36.747006],[-108.244787,36.747097],[-108.245011,36.747102],[-108.245008,36.747192],[-108.24512,36.747194],[-108.245117,36.747285],[-108.245005,36.747282],[-108.244989,36.747732],[-108.244765,36.747727],[-108.244775,36.747457],[-108.244551,36.747452],[-108.244554,36.747362],[-108.24433,36.747356],[-108.244317,36.747717],[-108.243981,36.747709]],[[-108.243902,36.746806],[-108.243905,36.746715],[-108.243793,36.746713],[-108.24379,36.746803],[-108.243902,36.746806]],[[-108.244564,36.747091],[-108.24456,36.747181],[-108.244784,36.747187],[-108.244787,36.747097],[-108.244564,36.747091]],[[-108.244781,36.747277],[-108.244669,36.747274],[-108.244666,36.747364],[-108.244778,36.747367],[-108.244781,36.747277]]]}},{"type":"Feature","properties":{},"geometry":{"type":"Polygon","coordinates":[[[-108.24244,36.746952],[-108.242552,36.746955],[-108.242549,36.747045],[-108.242437,36.747042],[-108.24244,36.746952]]]}},{"type":"Feature","properties":{},"geometry":{"type":"Polygon","coordinates":[[[-108.242583,36.749209],[-108.242586,36.749119],[-108.242698,36.749122],[-108.242695,36.749212],[-108.242583,36.749209]]]}},{"type":"Feature","properties":{},"geometry":{"type":"Polygon","coordinates":[[[-108.240773,36.749708],[-108.240885,36.749711],[-108.240881,36.749801],[-108.240769,36.749798],[-108.240773,36.749708]]]}},{"type":"Feature","properties":{},"geometry":{"type":"Polygon","coordinates":[[[-108.242624,36.751194],[-108.242618,36.751374],[-108.242506,36.751371],[-108.242502,36.751462],[-108.242391,36.751459],[-108.242387,36.751549],[-108.242275,36.751546],[-108.242272,36.751637],[-108.24216,36.751634],[-108.242157,36.751724],[-108.242045,36.751721],[-108.242042,36.751811],[-108.24193,36.751809],[-108.241927,36.751899],[-108.241703,36.751894],[-108.241699,36.751984],[-108.241587,36.751981],[-108.241584,36.752071],[-108.24136,36.752066],[-108.241357,36.752156],[-108.241245,36.752154],[-108.241242,36.752244],[-108.241236,36.752424],[-108.241124,36.752421],[-108.24112,36.752511],[-108.241008,36.752509],[-108.241005,36.752599],[-108.240893,36.752596],[-108.24089,36.752686],[-108.240778,36.752684],[-108.240759,36.753224],[-108.240647,36.753222],[-108.240643,36.753312],[-108.240755,36.753314],[-108.240752,36.753404],[-108.240528,36.753399],[-108.240525,36.753489],[-108.240413,36.753487],[-108.240416,36.753397],[-108.240304,36.753394],[-108.240308,36.753304],[-108.24031,36.753229],[-108.240311,36.753214],[-108.240314,36.753124],[-108.240426,36.753126],[-108.240429,36.753036],[-108.240436,36.752856],[-108.240548,36.752859],[-108.240551,36.752769],[-108.240439,36.752766],[-108.240442,36.752676],[-108.240554,36.752679],[-108.240564,36.752408],[-108.240676,36.752411],[-108.240679,36.752321],[-108.240567,36.752318],[-108.24057,36.752228],[-108.240682,36.752231],[-108.240685,36.752141],[-108.240689,36.752051],[-108.240692,36.751961],[-108.240804,36.751963],[-108.240807,36.751873],[-108.240919,36.751876],[-108.240922,36.751786],[-108.24081,36.751783],[-108.240815,36.751663],[-108.240817,36.751603],[-108.240929,36.751605],[-108.240935,36.751425],[-108.241047,36.751428],[-108.24105,36.751338],[-108.240938,36.751335],[-108.240826,36.751332],[-108.240823,36.751423],[-108.240711,36.75142],[-108.240708,36.75151],[-108.240596,36.751507],[-108.240599,36.751417],[-108.240487,36.751415],[-108.240494,36.751235],[-108.240382,36.751232],[-108.240395,36.750872],[-108.240507,36.750874],[-108.240516,36.750604],[-108.240628,36.750607],[-108.240635,36.750426],[-108.240747,36.750429],[-108.240753,36.750249],[-108.240865,36.750251],[-108.240868,36.750161],[-108.24098,36.750164],[-108.240984,36.750074],[-108.240872,36.750071],[-108.240875,36.749981],[-108.240987,36.749984],[-108.240996,36.749714],[-108.24122,36.749719],[-108.241227,36.749539],[-108.241115,36.749536],[-108.241125,36.749266],[-108.241013,36.749263],[-108.241016,36.749173],[-108.241128,36.749176],[-108.24124,36.749178],[-108.241237,36.749268],[-108.241348,36.749271],[-108.241355,36.749091],[-108.241467,36.749093],[-108.24147,36.749003],[-108.241246,36.748998],[-108.241249,36.748908],[-108.241253,36.748818],[-108.241141,36.748815],[-108.241144,36.748725],[-108.241032,36.748723],[-108.241035,36.748632],[-108.241147,36.748635],[-108.24115,36.748545],[-108.241262,36.748548],[-108.241266,36.748458],[-108.241378,36.74846],[-108.241381,36.74837],[-108.241493,36.748373],[-108.241496,36.748283],[-108.241384,36.74828],[-108.241387,36.74819],[-108.241499,36.748192],[-108.241502,36.748102],[-108.24139,36.7481],[-108.241394,36.74801],[-108.241506,36.748012],[-108.241509,36.747922],[-108.241285,36.747917],[-108.241282,36.748007],[-108.241278,36.748097],[-108.241167,36.748095],[-108.24117,36.748004],[-108.241175,36.747849],[-108.241179,36.747734],[-108.241183,36.747644],[-108.241186,36.747554],[-108.241298,36.747557],[-108.241301,36.747467],[-108.241413,36.747469],[-108.241416,36.747379],[-108.241304,36.747376],[-108.241308,36.747286],[-108.241419,36.747289],[-108.241423,36.747199],[-108.241426,36.747109],[-108.24165,36.747114],[-108.241762,36.747117],[-108.241765,36.747027],[-108.241771,36.746846],[-108.241883,36.746849],[-108.241887,36.746759],[-108.24211,36.746764],[-108.24212,36.746494],[-108.242232,36.746496],[-108.242344,36.746499],[-108.242347,36.746409],[-108.242459,36.746411],[-108.242456,36.746502],[-108.242568,36.746504],[-108.242565,36.746594],[-108.242453,36.746592],[-108.242446,36.746772],[-108.242558,36.746774],[-108.242555,36.746865],[-108.242331,36.746859],[-108.242325,36.747039],[-108.242213,36.747037],[-108.24221,36.747127],[-108.242321,36.74713],[-108.242433,36.747132],[-108.24243,36.747222],[-108.242542,36.747225],[-108.242545,36.747135],[-108.242549,36.747045],[-108.242661,36.747047],[-108.242657,36.747137],[-108.242654,36.747227],[-108.242651,36.747318],[-108.242427,36.747312],[-108.242315,36.74731],[-108.242318,36.74722],[-108.242094,36.747214],[-108.242091,36.747305],[-108.242203,36.747307],[-108.2422,36.747397],[-108.242197,36.747487],[-108.242085,36.747485],[-108.242081,36.747575],[-108.24197,36.747572],[-108.241966,36.747662],[-108.241854,36.74766],[-108.241851,36.74775],[-108.241963,36.747752],[-108.24196,36.747842],[-108.241957,36.747933],[-108.242069,36.747935],[-108.242065,36.748025],[-108.242177,36.748028],[-108.242184,36.747848],[-108.242967,36.747866],[-108.242964,36.747956],[-108.242958,36.748136],[-108.24307,36.748139],[-108.243066,36.748229],[-108.243178,36.748231],[-108.243182,36.748141],[-108.243185,36.748051],[-108.243073,36.748049],[-108.243076,36.747959],[-108.243079,36.747868],[-108.243975,36.747889],[-108.243978,36.747799],[-108.24409,36.747802],[-108.244087,36.747892],[-108.244423,36.7479],[-108.244426,36.747809],[-108.244538,36.747812],[-108.244535,36.747902],[-108.244647,36.747905],[-108.244653,36.747725],[-108.244765,36.747727],[-108.244762,36.747817],[-108.244874,36.74782],[-108.244851,36.74845],[-108.244739,36.748448],[-108.244742,36.748358],[-108.24463,36.748355],[-108.244634,36.748265],[-108.244637,36.748175],[-108.24464,36.748085],[-108.244528,36.748082],[-108.244304,36.748077],[-108.244301,36.748167],[-108.244298,36.748257],[-108.24441,36.74826],[-108.244407,36.74835],[-108.244295,36.748347],[-108.244288,36.748528],[-108.244176,36.748525],[-108.244173,36.748615],[-108.244285,36.748618],[-108.244397,36.74862],[-108.2444,36.74853],[-108.244624,36.748535],[-108.244621,36.748625],[-108.244845,36.748631],[-108.244838,36.748811],[-108.244614,36.748806],[-108.244502,36.748803],[-108.244454,36.748802],[-108.24439,36.7488],[-108.244278,36.748798],[-108.244167,36.748795],[-108.24417,36.748705],[-108.244058,36.748703],[-108.244055,36.748793],[-108.243943,36.74879],[-108.243831,36.748787],[-108.243834,36.748697],[-108.243722,36.748695],[-108.243724,36.748624],[-108.243725,36.748605],[-108.243728,36.748515],[-108.243616,36.748512],[-108.24362,36.748422],[-108.243508,36.748419],[-108.243396,36.748417],[-108.243389,36.748597],[-108.243277,36.748594],[-108.243165,36.748592],[-108.243169,36.748502],[-108.243172,36.748412],[-108.24306,36.748409],[-108.243057,36.748499],[-108.243053,36.748589],[-108.242942,36.748587],[-108.242938,36.748677],[-108.242826,36.748674],[-108.242823,36.748764],[-108.24282,36.748854],[-108.242932,36.748857],[-108.242925,36.749037],[-108.242813,36.749034],[-108.24281,36.749124],[-108.242698,36.749122],[-108.242702,36.749032],[-108.24259,36.749029],[-108.242599,36.748759],[-108.242711,36.748762],[-108.242718,36.748581],[-108.242606,36.748579],[-108.242602,36.748669],[-108.242491,36.748666],[-108.2425,36.748396],[-108.242388,36.748393],[-108.242391,36.748303],[-108.242503,36.748306],[-108.242507,36.748216],[-108.242395,36.748213],[-108.242283,36.748211],[-108.242171,36.748208],[-108.242168,36.748298],[-108.242056,36.748296],[-108.242046,36.748566],[-108.242158,36.748568],[-108.242164,36.748388],[-108.242276,36.748391],[-108.242273,36.748481],[-108.242385,36.748483],[-108.242382,36.748574],[-108.24227,36.748571],[-108.242267,36.748661],[-108.242155,36.748658],[-108.242151,36.748749],[-108.242263,36.748751],[-108.242254,36.749021],[-108.242142,36.749019],[-108.242139,36.749109],[-108.242027,36.749106],[-108.242023,36.749196],[-108.241911,36.749194],[-108.241908,36.749284],[-108.24202,36.749286],[-108.242017,36.749377],[-108.242241,36.749382],[-108.242244,36.749292],[-108.242468,36.749297],[-108.242461,36.749477],[-108.242238,36.749472],[-108.242234,36.749562],[-108.242122,36.749559],[-108.241787,36.749552],[-108.241783,36.749642],[-108.241671,36.749639],[-108.241668,36.749729],[-108.241556,36.749727],[-108.241553,36.749817],[-108.241665,36.749819],[-108.241662,36.749909],[-108.241774,36.749912],[-108.24178,36.749732],[-108.242004,36.749737],[-108.242001,36.749827],[-108.242113,36.74983],[-108.242225,36.749832],[-108.242337,36.749835],[-108.242333,36.749925],[-108.242221,36.749922],[-108.242218,36.750012],[-108.24233,36.750015],[-108.242327,36.750105],[-108.242215,36.750102],[-108.242196,36.750643],[-108.242532,36.750651],[-108.242512,36.751191],[-108.242624,36.751194]],[[-108.243284,36.748414],[-108.243287,36.748324],[-108.243175,36.748321],[-108.243172,36.748412],[-108.243284,36.748414]],[[-108.243063,36.748319],[-108.242951,36.748316],[-108.242948,36.748406],[-108.24306,36.748409],[-108.243063,36.748319]],[[-108.241559,36.749636],[-108.241448,36.749634],[-108.241444,36.749724],[-108.241556,36.749727],[-108.241559,36.749636]],[[-108.241837,36.751266],[-108.241725,36.751263],[-108.241716,36.751533],[-108.241712,36.751624],[-108.241824,36.751626],[-108.241828,36.751536],[-108.241831,36.751446],[-108.241943,36.751449],[-108.241946,36.751358],[-108.242058,36.751361],[-108.242064,36.751181],[-108.241952,36.751178],[-108.241956,36.751088],[-108.242068,36.751091],[-108.242074,36.750911],[-108.241962,36.750908],[-108.241959,36.750998],[-108.241847,36.750996],[-108.241837,36.751266]],[[-108.242513,36.748036],[-108.242516,36.747946],[-108.242404,36.747943],[-108.242401,36.748033],[-108.242513,36.748036]]]}},{"type":"Feature","properties":{},"geometry":{"type":"Polygon","coordinates":[[[-108.242664,36.746957],[-108.242776,36.74696],[-108.242772,36.74705],[-108.242661,36.747047],[-108.242664,36.746957]]]}},{"type":"Feature","properties":{},"geometry":{"type":"Polygon","coordinates":[[[-108.240698,36.75178],[-108.240695,36.75187],[-108.240583,36.751868],[-108.240586,36.751778],[-108.240698,36.75178]]]}},{"type":"Feature","properties":{},"geometry":{"type":"Polygon","coordinates":[[[-108.239834,36.754014],[-108.23961,36.754009],[-108.23962,36.753739],[-108.239844,36.753744],[-108.23984,36.753834],[-108.239837,36.753924],[-108.239834,36.754014]]]}},{"type":"Feature","properties":{},"geometry":{"type":"Polygon","coordinates":[[[-108.24017,36.754022],[-108.240282,36.754025],[-108.240279,36.754115],[-108.240167,36.754112],[-108.24017,36.754022]]]}},{"type":"Feature","properties":{},"geometry":{"type":"Polygon","coordinates":[[[-108.240275,36.754205],[-108.240279,36.754115],[-108.24039,36.754117],[-108.240387,36.754207],[-108.240275,36.754205]]]}},{"type":"Feature","properties":{},"geometry":{"type":"Polygon","coordinates":[[[-108.239411,36.756439],[-108.239414,36.756349],[-108.239526,36.756351],[-108.239523,36.756441],[-108.239411,36.756439]]]}},{"type":"Feature","properties":{},"geometry":{"type":"Polygon","coordinates":[[[-108.239598,36.760591],[-108.239822,36.760596],[-108.239819,36.760686],[-108.239595,36.760681],[-108.239598,36.760591]]]}},{"type":"Feature","properties":{},"geometry":{"type":"Polygon","coordinates":[[[-108.239349,36.720643],[-108.239461,36.720646],[-108.239455,36.720826],[-108.239567,36.720829],[-108.239564,36.720919],[-108.23934,36.720913],[-108.239349,36.720643]]]}},{"type":"Feature","properties":{},"geometry":{"type":"Polygon","coordinates":[[[-108.238161,36.744418],[-108.238165,36.744328],[-108.238276,36.744331],[-108.238273,36.744421],[-108.238161,36.744418]]]}},{"type":"Feature","properties":{},"geometry":{"type":"Polygon","coordinates":[[[-108.239287,36.744264],[-108.239281,36.744444],[-108.239169,36.744442],[-108.239172,36.744352],[-108.23906,36.744349],[-108.239063,36.744259],[-108.239175,36.744262],[-108.239287,36.744264]]]}},{"type":"Feature","properties":{},"geometry":{"type":"Polygon","coordinates":[[[-108.236806,36.750969],[-108.236809,36.750879],[-108.236921,36.750881],[-108.236918,36.750971],[-108.236806,36.750969]]]}},{"type":"Feature","properties":{},"geometry":{"type":"Polygon","coordinates":[[[-108.23937,36.754454],[-108.239367,36.754544],[-108.239255,36.754542],[-108.239258,36.754452],[-108.239271,36.754091],[-108.239383,36.754094],[-108.239386,36.754004],[-108.239498,36.754007],[-108.23961,36.754009],[-108.239604,36.754189],[-108.239597,36.754369],[-108.239485,36.754367],[-108.239482,36.754457],[-108.23937,36.754454]]]}},{"type":"Feature","properties":{},"geometry":{"type":"Polygon","coordinates":[[[-108.239469,36.754817],[-108.239472,36.754727],[-108.239584,36.75473],[-108.239581,36.75482],[-108.239469,36.754817]]]}},{"type":"Feature","properties":{},"geometry":{"type":"Polygon","coordinates":[[[-108.239571,36.75509],[-108.239459,36.755088],[-108.239463,36.754997],[-108.239575,36.755],[-108.239571,36.75509]]]}},{"type":"Feature","properties":{},"geometry":{"type":"Polygon","coordinates":[[[-108.239334,36.755445],[-108.239338,36.755355],[-108.23945,36.755358],[-108.239446,36.755448],[-108.239334,36.755445]]]}},{"type":"Feature","properties":{},"geometry":{"type":"Polygon","coordinates":[[[-108.239549,36.755721],[-108.239545,36.755811],[-108.239433,36.755808],[-108.239437,36.755718],[-108.239549,36.755721]]]}},{"type":"Feature","properties":{},"geometry":{"type":"Polygon","coordinates":[[[-108.238969,36.756248],[-108.238973,36.756158],[-108.239085,36.756161],[-108.239081,36.756251],[-108.238969,36.756248]]]}},{"type":"Feature","properties":{},"geometry":{"type":"Polygon","coordinates":[[[-108.239094,36.755891],[-108.239206,36.755893],[-108.23921,36.755803],[-108.239322,36.755806],[-108.239315,36.755986],[-108.239091,36.755981],[-108.239094,36.755891]]]}},{"type":"Feature","properties":{},"geometry":{"type":"Polygon","coordinates":[[[-108.238406,36.756325],[-108.238416,36.756055],[-108.238528,36.756058],[-108.238525,36.756148],[-108.238637,36.75615],[-108.238634,36.75624],[-108.238522,36.756238],[-108.238518,36.756328],[-108.238406,36.756325]]]}},{"type":"Feature","properties":{},"geometry":{"type":"Polygon","coordinates":[[[-108.238739,36.756423],[-108.238742,36.756333],[-108.238854,36.756336],[-108.238851,36.756426],[-108.238739,36.756423]]]}},{"type":"Feature","properties":{},"geometry":{"type":"Polygon","coordinates":[[[-108.239404,36.756619],[-108.239516,36.756622],[-108.239513,36.756712],[-108.239401,36.756709],[-108.239404,36.756619]]]}},{"type":"Feature","properties":{},"geometry":{"type":"Polygon","coordinates":[[[-108.238621,36.756601],[-108.238624,36.756511],[-108.238736,36.756513],[-108.238848,36.756516],[-108.238845,36.756606],[-108.238733,36.756603],[-108.238621,36.756601]]]}},{"type":"Feature","properties":{},"geometry":{"type":"Polygon","coordinates":[[[-108.238259,36.757314],[-108.238262,36.757224],[-108.238374,36.757226],[-108.238371,36.757316],[-108.238259,36.757314]]]}},{"type":"Feature","properties":{},"geometry":{"type":"Polygon","coordinates":[[[-108.237821,36.757033],[-108.237933,36.757036],[-108.237926,36.757216],[-108.238038,36.757218],[-108.238029,36.757489],[-108.237917,36.757486],[-108.237907,36.757756],[-108.237795,36.757754],[-108.237788,36.757934],[-108.2379,36.757937],[-108.237891,36.758207],[-108.237779,36.758204],[-108.237776,36.758294],[-108.23744,36.758286],[-108.237443,36.758196],[-108.237443,36.758181],[-108.237456,36.757836],[-108.237568,36.757839],[-108.237578,36.757568],[-108.237581,36.757478],[-108.237584,36.757388],[-108.237472,36.757386],[-108.237485,36.757025],[-108.237597,36.757028],[-108.2376,36.756938],[-108.237824,36.756943],[-108.237821,36.757033]]]}},{"type":"Feature","properties":{},"geometry":{"type":"Polygon","coordinates":[[[-108.238115,36.758212],[-108.238118,36.758122],[-108.238342,36.758127],[-108.238339,36.758217],[-108.238115,36.758212]]]}},{"type":"Feature","properties":{},"geometry":{"type":"Polygon","coordinates":[[[-108.237209,36.758461],[-108.237213,36.758371],[-108.237324,36.758374],[-108.237321,36.758464],[-108.237209,36.758461]]]}},{"type":"Feature","properties":{},"geometry":{"type":"Polygon","coordinates":[[[-108.238441,36.75849],[-108.238553,36.758493],[-108.23855,36.758583],[-108.238438,36.75858],[-108.238441,36.75849]]]}},{"type":"Feature","properties":{},"geometry":{"type":"Polygon","coordinates":[[[-108.23855,36.758583],[-108.238662,36.758585],[-108.238658,36.758675],[-108.238546,36.758673],[-108.23855,36.758583]]]}},{"type":"Feature","properties":{},"geometry":{"type":"Polygon","coordinates":[[[-108.236864,36.758724],[-108.236976,36.758726],[-108.237088,36.758729],[-108.237084,36.758819],[-108.23686,36.758814],[-108.236864,36.758724]]]}},{"type":"Feature","properties":{},"geometry":{"type":"Polygon","coordinates":[[[-108.238207,36.758755],[-108.238319,36.758758],[-108.238316,36.758848],[-108.238204,36.758845],[-108.238207,36.758755]]]}},{"type":"Feature","properties":{},"geometry":{"type":"Polygon","coordinates":[[[-108.236518,36.758986],[-108.236521,36.758896],[-108.236745,36.758901],[-108.236742,36.758992],[-108.23663,36.758989],[-108.236518,36.758986]]]}},{"type":"Feature","properties":{},"geometry":{"type":"Polygon","coordinates":[[[-108.237615,36.759643],[-108.237727,36.759646],[-108.23773,36.759555],[-108.237734,36.759465],[-108.237737,36.759375],[-108.237625,36.759373],[-108.237635,36.759102],[-108.237523,36.7591],[-108.237526,36.75901],[-108.237529,36.75892],[-108.237417,36.758917],[-108.23742,36.758827],[-108.237424,36.758737],[-108.237535,36.758739],[-108.237542,36.758559],[-108.237766,36.758565],[-108.237763,36.758655],[-108.237651,36.758652],[-108.237647,36.758742],[-108.237871,36.758747],[-108.237865,36.758927],[-108.237977,36.75893],[-108.23798,36.75884],[-108.238204,36.758845],[-108.238201,36.758935],[-108.238425,36.75894],[-108.238431,36.75876],[-108.238543,36.758763],[-108.23854,36.758853],[-108.238764,36.758858],[-108.238767,36.758768],[-108.238655,36.758766],[-108.238658,36.758675],[-108.23877,36.758678],[-108.238882,36.758681],[-108.238879,36.758771],[-108.238991,36.758773],[-108.238988,36.758863],[-108.238981,36.759044],[-108.239093,36.759046],[-108.239077,36.759497],[-108.238965,36.759494],[-108.238955,36.759764],[-108.239067,36.759767],[-108.239064,36.759857],[-108.238952,36.759854],[-108.238946,36.760035],[-108.238834,36.760032],[-108.238831,36.760122],[-108.238719,36.760119],[-108.238722,36.760029],[-108.23861,36.760027],[-108.238613,36.759937],[-108.238501,36.759934],[-108.238498,36.760024],[-108.238386,36.760022],[-108.238389,36.759931],[-108.238277,36.759929],[-108.238274,36.760019],[-108.23805,36.760014],[-108.238056,36.759834],[-108.237609,36.759823],[-108.237615,36.759643]]]}},{"type":"Feature","properties":{},"geometry":{"type":"Polygon","coordinates":[[[-108.237036,36.76017],[-108.237033,36.760261],[-108.236921,36.760258],[-108.236924,36.760168],[-108.237036,36.76017]]]}},{"type":"Feature","properties":{},"geometry":{"type":"Polygon","coordinates":[[[-108.23669,36.760433],[-108.236694,36.760343],[-108.236806,36.760345],[-108.236802,36.760436],[-108.23669,36.760433]]]}},{"type":"Feature","properties":{},"geometry":{"type":"Polygon","coordinates":[[[-108.236681,36.760703],[-108.236793,36.760706],[-108.236789,36.760796],[-108.236677,36.760793],[-108.236681,36.760703]]]}},{"type":"Feature","properties":{},"geometry":{"type":"Polygon","coordinates":[[[-108.236674,36.760883],[-108.236786,36.760886],[-108.236783,36.760976],[-108.236671,36.760973],[-108.236674,36.760883]]]}},{"type":"Feature","properties":{},"geometry":{"type":"Polygon","coordinates":[[[-108.23678,36.761066],[-108.236783,36.760976],[-108.236895,36.760979],[-108.236892,36.761069],[-108.23678,36.761066]]]}},{"type":"Feature","properties":{},"geometry":{"type":"Polygon","coordinates":[[[-108.236444,36.761058],[-108.236556,36.761061],[-108.236668,36.761064],[-108.236664,36.761154],[-108.236441,36.761148],[-108.236444,36.761058]]]}},{"type":"Feature","properties":{},"geometry":{"type":"Polygon","coordinates":[[[-108.236325,36.761236],[-108.236437,36.761238],[-108.236434,36.761329],[-108.236431,36.761419],[-108.236319,36.761416],[-108.236325,36.761236]]]}},{"type":"Feature","properties":{},"geometry":{"type":"Polygon","coordinates":[[[-108.236088,36.761591],[-108.2362,36.761594],[-108.236197,36.761684],[-108.236194,36.761774],[-108.236082,36.761771],[-108.236088,36.761591]]]}},{"type":"Feature","properties":{},"geometry":{"type":"Polygon","coordinates":[[[-108.23597,36.761769],[-108.236082,36.761771],[-108.236079,36.761861],[-108.235967,36.761859],[-108.23597,36.761769]]]}},{"type":"Feature","properties":{},"geometry":{"type":"Polygon","coordinates":[[[-108.235736,36.762034],[-108.23574,36.761944],[-108.235852,36.761946],[-108.235848,36.762036],[-108.235736,36.762034]]]}},{"type":"Feature","properties":{},"geometry":{"type":"Polygon","coordinates":[[[-108.235733,36.762124],[-108.235621,36.762121],[-108.235624,36.762031],[-108.235736,36.762034],[-108.235733,36.762124]]]}},{"type":"Feature","properties":{},"geometry":{"type":"Polygon","coordinates":[[[-108.235845,36.762126],[-108.235848,36.762036],[-108.23596,36.762039],[-108.235954,36.762219],[-108.235842,36.762216],[-108.235845,36.762126]]]}},{"type":"Feature","properties":{},"geometry":{"type":"Polygon","coordinates":[[[-108.235164,36.762381],[-108.235167,36.762291],[-108.235279,36.762293],[-108.235276,36.762384],[-108.235164,36.762381]]]}},{"type":"Feature","properties":{},"geometry":{"type":"Polygon","coordinates":[[[-108.236785,36.764042],[-108.236782,36.764132],[-108.23667,36.764129],[-108.236666,36.764219],[-108.23689,36.764224],[-108.236887,36.764314],[-108.236663,36.764309],[-108.236551,36.764307],[-108.236548,36.764397],[-108.236545,36.764487],[-108.236433,36.764484],[-108.236321,36.764482],[-108.236324,36.764392],[-108.236212,36.764389],[-108.236215,36.764299],[-108.236439,36.764304],[-108.236446,36.764124],[-108.236558,36.764126],[-108.236561,36.764036],[-108.236785,36.764042]]]}},{"type":"Feature","properties":{},"geometry":{"type":"Polygon","coordinates":[[[-108.236999,36.764317],[-108.236996,36.764407],[-108.236884,36.764405],[-108.236887,36.764314],[-108.236999,36.764317]]]}},{"type":"Feature","properties":{},"geometry":{"type":"Polygon","coordinates":[[[-108.236209,36.764479],[-108.236321,36.764482],[-108.236318,36.764572],[-108.23643,36.764574],[-108.236426,36.764664],[-108.236202,36.764659],[-108.236209,36.764479]]]}},{"type":"Feature","properties":{},"geometry":{"type":"Polygon","coordinates":[[[-108.236081,36.764927],[-108.236087,36.764747],[-108.236199,36.764749],[-108.236193,36.764929],[-108.236081,36.764927]]]}},{"type":"Feature","properties":{},"geometry":{"type":"Polygon","coordinates":[[[-108.23697,36.765128],[-108.236973,36.765038],[-108.237085,36.76504],[-108.237082,36.76513],[-108.23697,36.765128]]]}},{"type":"Feature","properties":{},"geometry":{"type":"Polygon","coordinates":[[[-108.237622,36.765684],[-108.237626,36.765594],[-108.237514,36.765591],[-108.237517,36.765501],[-108.237741,36.765506],[-108.237734,36.765687],[-108.237622,36.765684]]]}},{"type":"Feature","properties":{},"geometry":{"type":"Polygon","coordinates":[[[-108.23729,36.765586],[-108.237402,36.765589],[-108.237398,36.765679],[-108.237286,36.765676],[-108.23729,36.765586]]]}},{"type":"Feature","properties":{},"geometry":{"type":"Polygon","coordinates":[[[-108.236938,36.766029],[-108.236944,36.765849],[-108.237056,36.765851],[-108.23705,36.766031],[-108.236938,36.766029]]]}},{"type":"Feature","properties":{},"geometry":{"type":"Polygon","coordinates":[[[-108.235367,36.766082],[-108.235255,36.76608],[-108.235248,36.76626],[-108.234912,36.766252],[-108.234689,36.766247],[-108.234695,36.766067],[-108.234583,36.766064],[-108.234586,36.765974],[-108.235034,36.765984],[-108.235037,36.765894],[-108.235261,36.7659],[-108.235265,36.765809],[-108.2356,36.765817],[-108.235597,36.765907],[-108.235485,36.765905],[-108.235482,36.765995],[-108.23537,36.765992],[-108.235367,36.766082]]]}},{"type":"Feature","properties":{},"geometry":{"type":"Polygon","coordinates":[[[-108.236915,36.766659],[-108.236918,36.766569],[-108.23703,36.766572],[-108.237027,36.766662],[-108.236915,36.766659]]]}},{"type":"Feature","properties":{},"geometry":{"type":"Polygon","coordinates":[[[-108.237235,36.767118],[-108.237123,36.767115],[-108.237126,36.767025],[-108.23735,36.76703],[-108.237347,36.76712],[-108.237235,36.767118]]]}},{"type":"Feature","properties":{},"geometry":{"type":"Polygon","coordinates":[[[-108.230871,36.710348],[-108.230874,36.710258],[-108.230986,36.71026],[-108.230983,36.710351],[-108.230871,36.710348]]]}},{"type":"Feature","properties":{},"geometry":{"type":"Polygon","coordinates":[[[-108.232528,36.72346],[-108.23264,36.723463],[-108.232637,36.723553],[-108.232525,36.72355],[-108.232528,36.72346]]]}},{"type":"Feature","properties":{},"geometry":{"type":"Polygon","coordinates":[[[-108.231627,36.723619],[-108.23163,36.723529],[-108.231966,36.723537],[-108.231962,36.723627],[-108.231627,36.723619]]]}},{"type":"Feature","properties":{},"geometry":{"type":"Polygon","coordinates":[[[-108.232749,36.723555],[-108.232861,36.723558],[-108.232854,36.723738],[-108.232742,36.723735],[-108.232746,36.723645],[-108.232634,36.723643],[-108.232637,36.723553],[-108.232749,36.723555]]]}},{"type":"Feature","properties":{},"geometry":{"type":"Polygon","coordinates":[[[-108.231508,36.723797],[-108.231511,36.723707],[-108.231735,36.723712],[-108.231732,36.723802],[-108.231844,36.723805],[-108.231841,36.723895],[-108.231729,36.723892],[-108.231726,36.723982],[-108.231502,36.723977],[-108.231505,36.723887],[-108.231617,36.72389],[-108.23162,36.7238],[-108.231508,36.723797]]]}},{"type":"Feature","properties":{},"geometry":{"type":"Polygon","coordinates":[[[-108.232384,36.724358],[-108.232048,36.72435],[-108.232052,36.72426],[-108.232275,36.724266],[-108.232279,36.724175],[-108.232391,36.724178],[-108.232384,36.724358]]]}},{"type":"Feature","properties":{},"geometry":{"type":"Polygon","coordinates":[[[-108.231713,36.724343],[-108.231716,36.724253],[-108.231604,36.72425],[-108.231607,36.72416],[-108.231831,36.724165],[-108.231828,36.724255],[-108.23194,36.724258],[-108.231936,36.724348],[-108.231713,36.724343]]]}},{"type":"Feature","properties":{},"geometry":{"type":"Polygon","coordinates":[[[-108.231156,36.72424],[-108.231268,36.724242],[-108.231265,36.724332],[-108.231153,36.72433],[-108.231156,36.72424]]]}},{"type":"Feature","properties":{},"geometry":{"type":"Polygon","coordinates":[[[-108.231923,36.724708],[-108.232035,36.724711],[-108.232032,36.724801],[-108.23192,36.724798],[-108.231923,36.724708]]]}},{"type":"Feature","properties":{},"geometry":{"type":"Polygon","coordinates":[[[-108.233922,36.725205],[-108.23381,36.725203],[-108.233813,36.725113],[-108.233925,36.725115],[-108.233922,36.725205]]]}},{"type":"Feature","properties":{},"geometry":{"type":"Polygon","coordinates":[[[-108.233605,36.724657],[-108.233717,36.72466],[-108.233714,36.72475],[-108.233602,36.724747],[-108.233605,36.724657]]]}},{"type":"Feature","properties":{},"geometry":{"type":"Polygon","coordinates":[[[-108.233826,36.724752],[-108.233823,36.724843],[-108.233711,36.72484],[-108.233714,36.72475],[-108.233826,36.724752]]]}},{"type":"Feature","properties":{},"geometry":{"type":"Polygon","coordinates":[[[-108.233142,36.725097],[-108.233253,36.7251],[-108.23325,36.72519],[-108.233138,36.725187],[-108.233142,36.725097]]]}},{"type":"Feature","properties":{},"geometry":{"type":"Polygon","coordinates":[[[-108.233583,36.725288],[-108.233807,36.725293],[-108.233803,36.725383],[-108.233691,36.72538],[-108.233579,36.725378],[-108.233583,36.725288]]]}},{"type":"Feature","properties":{},"geometry":{"type":"Polygon","coordinates":[[[-108.23302,36.725365],[-108.233132,36.725367],[-108.233129,36.725458],[-108.233017,36.725455],[-108.23302,36.725365]]]}},{"type":"Feature","properties":{},"geometry":{"type":"Polygon","coordinates":[[[-108.231332,36.725596],[-108.231443,36.725599],[-108.23144,36.725689],[-108.231328,36.725686],[-108.231332,36.725596]]]}},{"type":"Feature","properties":{},"geometry":{"type":"Polygon","coordinates":[[[-108.231891,36.725609],[-108.231888,36.725699],[-108.231776,36.725697],[-108.231779,36.725606],[-108.231891,36.725609]]]}},{"type":"Feature","properties":{},"geometry":{"type":"Polygon","coordinates":[[[-108.233236,36.759902],[-108.233348,36.759904],[-108.233344,36.759994],[-108.233232,36.759992],[-108.233236,36.759902]]]}},{"type":"Feature","properties":{},"geometry":{"type":"Polygon","coordinates":[[[-108.23494,36.762376],[-108.234936,36.762466],[-108.234824,36.762463],[-108.234828,36.762373],[-108.23494,36.762376]]]}},{"type":"Feature","properties":{},"geometry":{"type":"Polygon","coordinates":[[[-108.234706,36.762641],[-108.234818,36.762643],[-108.234815,36.762734],[-108.234703,36.762731],[-108.234706,36.762641]]]}},{"type":"Feature","properties":{},"geometry":{"type":"Polygon","coordinates":[[[-108.234693,36.763001],[-108.234581,36.762999],[-108.234588,36.762818],[-108.2347,36.762821],[-108.234693,36.763001]]]}},{"type":"Feature","properties":{},"geometry":{"type":"Polygon","coordinates":[[[-108.234124,36.763258],[-108.234127,36.763168],[-108.234239,36.763171],[-108.234235,36.763261],[-108.234124,36.763258]]]}},{"type":"Feature","properties":{},"geometry":{"type":"Polygon","coordinates":[[[-108.234133,36.762988],[-108.234189,36.762989],[-108.234245,36.762991],[-108.234242,36.763081],[-108.23413,36.763078],[-108.234133,36.762988]]]}},{"type":"Feature","properties":{},"geometry":{"type":"Polygon","coordinates":[[[-108.234799,36.763184],[-108.234795,36.763274],[-108.234683,36.763271],[-108.234687,36.763181],[-108.234799,36.763184]]]}},{"type":"Feature","properties":{},"geometry":{"type":"Polygon","coordinates":[[[-108.234568,36.763359],[-108.234571,36.763269],[-108.234683,36.763271],[-108.23468,36.763362],[-108.234568,36.763359]]]}},{"type":"Feature","properties":{},"geometry":{"type":"Polygon","coordinates":[[[-108.234351,36.763174],[-108.234354,36.763083],[-108.234578,36.763089],[-108.234575,36.763179],[-108.234351,36.763174]]]}},{"type":"Feature","properties":{},"geometry":{"type":"Polygon","coordinates":[[[-108.23444,36.763807],[-108.234437,36.763897],[-108.234325,36.763894],[-108.234328,36.763804],[-108.234104,36.763799],[-108.234111,36.763619],[-108.234223,36.763621],[-108.234219,36.763711],[-108.234331,36.763714],[-108.234443,36.763717],[-108.23444,36.763807]]]}},{"type":"Feature","properties":{},"geometry":{"type":"Polygon","coordinates":[[[-108.234226,36.763531],[-108.234229,36.763441],[-108.234453,36.763446],[-108.234456,36.763356],[-108.234568,36.763359],[-108.234562,36.763539],[-108.23445,36.763536],[-108.234446,36.763627],[-108.234335,36.763624],[-108.234223,36.763621],[-108.234226,36.763531]]]}},{"type":"Feature","properties":{},"geometry":{"type":"Polygon","coordinates":[[[-108.233989,36.763886],[-108.233992,36.763796],[-108.234104,36.763799],[-108.234101,36.763889],[-108.234213,36.763892],[-108.23421,36.763982],[-108.233986,36.763976],[-108.233989,36.763886]]]}},{"type":"Feature","properties":{},"geometry":{"type":"Polygon","coordinates":[[[-108.233702,36.76406],[-108.233758,36.764061],[-108.233755,36.764151],[-108.233643,36.764149],[-108.233647,36.764059],[-108.233702,36.76406]]]}},{"type":"Feature","properties":{},"geometry":{"type":"Polygon","coordinates":[[[-108.233864,36.764244],[-108.233976,36.764247],[-108.233973,36.764337],[-108.233749,36.764332],[-108.233755,36.764151],[-108.233867,36.764154],[-108.233864,36.764244]]]}},{"type":"Feature","properties":{},"geometry":{"type":"Polygon","coordinates":[[[-108.234315,36.764164],[-108.234312,36.764255],[-108.2342,36.764252],[-108.234203,36.764162],[-108.234315,36.764164]]]}},{"type":"Feature","properties":{},"geometry":{"type":"Polygon","coordinates":[[[-108.233634,36.764419],[-108.233746,36.764422],[-108.233742,36.764512],[-108.23363,36.764509],[-108.233634,36.764419]]]}},{"type":"Feature","properties":{},"geometry":{"type":"Polygon","coordinates":[[[-108.233518,36.764507],[-108.23363,36.764509],[-108.233627,36.764599],[-108.233515,36.764597],[-108.233518,36.764507]]]}},{"type":"Feature","properties":{},"geometry":{"type":"Polygon","coordinates":[[[-108.233624,36.764689],[-108.233621,36.764779],[-108.233509,36.764777],[-108.233512,36.764687],[-108.233624,36.764689]]]}},{"type":"Feature","properties":{},"geometry":{"type":"Polygon","coordinates":[[[-108.233397,36.764774],[-108.233509,36.764777],[-108.233505,36.764867],[-108.233393,36.764864],[-108.233397,36.764774]]]}},{"type":"Feature","properties":{},"geometry":{"type":"Polygon","coordinates":[[[-108.233387,36.765044],[-108.233275,36.765042],[-108.233272,36.765132],[-108.23316,36.765129],[-108.233163,36.765039],[-108.233166,36.764949],[-108.23339,36.764954],[-108.233387,36.765044]]]}},{"type":"Feature","properties":{},"geometry":{"type":"Polygon","coordinates":[[[-108.23316,36.765129],[-108.233157,36.765219],[-108.233045,36.765217],[-108.233048,36.765127],[-108.23316,36.765129]]]}},{"type":"Feature","properties":{},"geometry":{"type":"Polygon","coordinates":[[[-108.232929,36.765304],[-108.232933,36.765214],[-108.233045,36.765217],[-108.233041,36.765307],[-108.232929,36.765304]]]}},{"type":"Feature","properties":{},"geometry":{"type":"Polygon","coordinates":[[[-108.232593,36.765297],[-108.232597,36.765206],[-108.232821,36.765212],[-108.232817,36.765302],[-108.232593,36.765297]]]}},{"type":"Feature","properties":{},"geometry":{"type":"Polygon","coordinates":[[[-108.232258,36.765289],[-108.232369,36.765291],[-108.232366,36.765381],[-108.232254,36.765379],[-108.232258,36.765289]]]}},{"type":"Feature","properties":{},"geometry":{"type":"Polygon","coordinates":[[[-108.232587,36.765477],[-108.232699,36.765479],[-108.232696,36.765569],[-108.232584,36.765567],[-108.232587,36.765477]]]}},{"type":"Feature","properties":{},"geometry":{"type":"Polygon","coordinates":[[[-108.23258,36.765657],[-108.232357,36.765652],[-108.232353,36.765742],[-108.232241,36.765739],[-108.232248,36.765559],[-108.23236,36.765562],[-108.232363,36.765471],[-108.232475,36.765474],[-108.232472,36.765564],[-108.232584,36.765567],[-108.23258,36.765657]]]}},{"type":"Feature","properties":{},"geometry":{"type":"Polygon","coordinates":[[[-108.234478,36.765881],[-108.234589,36.765884],[-108.234586,36.765974],[-108.234474,36.765971],[-108.234478,36.765881]]]}},{"type":"Feature","properties":{},"geometry":{"type":"Polygon","coordinates":[[[-108.235558,36.766988],[-108.235565,36.766808],[-108.235789,36.766813],[-108.235799,36.766543],[-108.236022,36.766548],[-108.236026,36.766458],[-108.236138,36.766461],[-108.236147,36.766191],[-108.236259,36.766193],[-108.236263,36.766103],[-108.236266,36.766013],[-108.236154,36.76601],[-108.23616,36.76583],[-108.236384,36.765835],[-108.236387,36.765745],[-108.236499,36.765748],[-108.236509,36.765478],[-108.236733,36.765483],[-108.236845,36.765486],[-108.236858,36.765125],[-108.23697,36.765128],[-108.236967,36.765218],[-108.237079,36.765221],[-108.237082,36.76513],[-108.237194,36.765133],[-108.237193,36.765148],[-108.237187,36.765313],[-108.237184,36.765403],[-108.237178,36.765583],[-108.237066,36.765581],[-108.237063,36.765671],[-108.236951,36.765668],[-108.236944,36.765849],[-108.236832,36.765846],[-108.236826,36.766026],[-108.236714,36.766023],[-108.23671,36.766114],[-108.236487,36.766108],[-108.236483,36.766198],[-108.23648,36.766289],[-108.236592,36.766291],[-108.236589,36.766381],[-108.236582,36.766561],[-108.236579,36.766651],[-108.236467,36.766649],[-108.236464,36.766739],[-108.236352,36.766736],[-108.236349,36.766826],[-108.236237,36.766824],[-108.236227,36.767094],[-108.236115,36.767091],[-108.236112,36.767182],[-108.236224,36.767184],[-108.236217,36.767364],[-108.236105,36.767362],[-108.236096,36.767632],[-108.235984,36.767629],[-108.23598,36.767719],[-108.235868,36.767717],[-108.235865,36.767807],[-108.235753,36.767804],[-108.23575,36.767894],[-108.235638,36.767892],[-108.235302,36.767884],[-108.235305,36.767794],[-108.234745,36.767781],[-108.234749,36.767691],[-108.234413,36.767683],[-108.234416,36.767593],[-108.233632,36.767575],[-108.233635,36.767485],[-108.233523,36.767482],[-108.233527,36.767392],[-108.233079,36.767382],[-108.233076,36.767472],[-108.232852,36.767466],[-108.232848,36.767556],[-108.232736,36.767554],[-108.232733,36.767644],[-108.232509,36.767639],[-108.232061,36.767628],[-108.232055,36.767808],[-108.231943,36.767806],[-108.23194,36.767896],[-108.231716,36.767891],[-108.231709,36.768071],[-108.231597,36.768068],[-108.2316,36.767978],[-108.231376,36.767973],[-108.231373,36.768063],[-108.231261,36.76806],[-108.231258,36.768151],[-108.231146,36.768148],[-108.231143,36.768238],[-108.231031,36.768235],[-108.231028,36.768326],[-108.230692,36.768318],[-108.230688,36.768408],[-108.230464,36.768403],[-108.230471,36.768222],[-108.230474,36.768132],[-108.230586,36.768135],[-108.230589,36.768045],[-108.230701,36.768047],[-108.230705,36.767957],[-108.230817,36.76796],[-108.230823,36.76778],[-108.231047,36.767785],[-108.23105,36.767695],[-108.231162,36.767698],[-108.231166,36.767607],[-108.231389,36.767613],[-108.231393,36.767523],[-108.231505,36.767525],[-108.231508,36.767435],[-108.23162,36.767438],[-108.231613,36.767618],[-108.231725,36.76762],[-108.231729,36.76753],[-108.231841,36.767533],[-108.231847,36.767353],[-108.231959,36.767355],[-108.231962,36.767265],[-108.232298,36.767273],[-108.232301,36.767183],[-108.232525,36.767188],[-108.232538,36.766828],[-108.232426,36.766825],[-108.23243,36.766735],[-108.232878,36.766746],[-108.232881,36.766656],[-108.232993,36.766658],[-108.232989,36.766748],[-108.233213,36.766754],[-108.233207,36.766934],[-108.233543,36.766942],[-108.233546,36.766851],[-108.233882,36.766859],[-108.233885,36.766769],[-108.233997,36.766772],[-108.234004,36.766592],[-108.234228,36.766597],[-108.234231,36.766507],[-108.234343,36.766509],[-108.234346,36.766419],[-108.234458,36.766422],[-108.23457,36.766424],[-108.234567,36.766515],[-108.234679,36.766517],[-108.234676,36.766607],[-108.234564,36.766605],[-108.23456,36.766695],[-108.234672,36.766697],[-108.234669,36.766787],[-108.234781,36.76679],[-108.234778,36.76688],[-108.23489,36.766883],[-108.234883,36.767063],[-108.235107,36.767068],[-108.235104,36.767158],[-108.235216,36.767161],[-108.235206,36.767431],[-108.235318,36.767434],[-108.235321,36.767344],[-108.235433,36.767346],[-108.235437,36.767256],[-108.235549,36.767259],[-108.235552,36.767169],[-108.235664,36.767171],[-108.235667,36.767081],[-108.235443,36.767076],[-108.235446,36.766986],[-108.235558,36.766988]],[[-108.234448,36.766692],[-108.234442,36.766872],[-108.234554,36.766875],[-108.23456,36.766695],[-108.234448,36.766692]],[[-108.234992,36.767156],[-108.234989,36.767246],[-108.235101,36.767248],[-108.235104,36.767158],[-108.234992,36.767156]],[[-108.23081,36.76814],[-108.230698,36.768138],[-108.230695,36.768228],[-108.230807,36.76823],[-108.23081,36.76814]],[[-108.23433,36.76687],[-108.234218,36.766867],[-108.234215,36.766957],[-108.234327,36.76696],[-108.23433,36.76687]]]}},{"type":"Feature","properties":{},"geometry":{"type":"Polygon","coordinates":[[[-108.232189,36.76718],[-108.232193,36.76709],[-108.232305,36.767093],[-108.232301,36.767183],[-108.232189,36.76718]]]}},{"type":"Feature","properties":{},"geometry":{"type":"Polygon","coordinates":[[[-108.230257,36.767947],[-108.23026,36.767857],[-108.230372,36.767859],[-108.230369,36.76795],[-108.230257,36.767947]]]}},{"type":"Feature","properties":{},"geometry":{"type":"Polygon","coordinates":[[[-108.23062,36.7703],[-108.230508,36.770297],[-108.230512,36.770207],[-108.230624,36.77021],[-108.23062,36.7703]]]}},{"type":"Feature","properties":{},"geometry":{"type":"Polygon","coordinates":[[[-108.229593,36.770817],[-108.229481,36.770814],[-108.229488,36.770634],[-108.2296,36.770636],[-108.229603,36.770546],[-108.229715,36.770549],[-108.229721,36.770369],[-108.229833,36.770371],[-108.229837,36.770281],[-108.229948,36.770284],[-108.229952,36.770194],[-108.230064,36.770196],[-108.230067,36.770106],[-108.230291,36.770112],[-108.230294,36.770022],[-108.230854,36.770035],[-108.230851,36.770125],[-108.230515,36.770117],[-108.230512,36.770207],[-108.2304,36.770204],[-108.230396,36.770294],[-108.230172,36.770289],[-108.230166,36.770469],[-108.230054,36.770467],[-108.230057,36.770377],[-108.229945,36.770374],[-108.229942,36.770464],[-108.22983,36.770462],[-108.229824,36.770642],[-108.229712,36.770639],[-108.229708,36.770729],[-108.229596,36.770727],[-108.229593,36.770817]]]}},{"type":"Feature","properties":{},"geometry":{"type":"Polygon","coordinates":[[[-108.229369,36.770811],[-108.229481,36.770814],[-108.229475,36.770994],[-108.229363,36.770992],[-108.229369,36.770811]]]}},{"type":"Feature","properties":{},"geometry":{"type":"Polygon","coordinates":[[[-108.229583,36.771087],[-108.229471,36.771084],[-108.229475,36.770994],[-108.229587,36.770997],[-108.229583,36.771087]]]}},{"type":"Feature","properties":{},"geometry":{"type":"Polygon","coordinates":[[[-108.228645,36.772237],[-108.228757,36.77224],[-108.228754,36.77233],[-108.228642,36.772327],[-108.228645,36.772237]]]}},{"type":"Feature","properties":{},"geometry":{"type":"Polygon","coordinates":[[[-108.229199,36.77243],[-108.229205,36.77225],[-108.229317,36.772253],[-108.229311,36.772433],[-108.229199,36.77243]]]}},{"type":"Feature","properties":{},"geometry":{"type":"Polygon","coordinates":[[[-108.228978,36.772335],[-108.22909,36.772338],[-108.229087,36.772428],[-108.228975,36.772425],[-108.228978,36.772335]]]}},{"type":"Feature","properties":{},"geometry":{"type":"Polygon","coordinates":[[[-108.228639,36.772417],[-108.228751,36.77242],[-108.228748,36.77251],[-108.228636,36.772507],[-108.228639,36.772417]]]}},{"type":"Feature","properties":{},"geometry":{"type":"Polygon","coordinates":[[[-108.228386,36.773223],[-108.228389,36.773133],[-108.228277,36.77313],[-108.228274,36.77322],[-108.228162,36.773218],[-108.228168,36.773037],[-108.228616,36.773048],[-108.228613,36.773138],[-108.228501,36.773135],[-108.228498,36.773225],[-108.228386,36.773223]]]}},{"type":"Feature","properties":{},"geometry":{"type":"Polygon","coordinates":[[[-108.228613,36.773138],[-108.228725,36.773141],[-108.228722,36.773231],[-108.228834,36.773233],[-108.22883,36.773323],[-108.228718,36.773321],[-108.228715,36.773411],[-108.228491,36.773406],[-108.228498,36.773225],[-108.22861,36.773228],[-108.228613,36.773138]]]}},{"type":"Feature","properties":{},"geometry":{"type":"Polygon","coordinates":[[[-108.232167,36.774032],[-108.232279,36.774035],[-108.232276,36.774125],[-108.232164,36.774122],[-108.232167,36.774032]]]}},{"type":"Feature","properties":{},"geometry":{"type":"Polygon","coordinates":[[[-108.232049,36.77421],[-108.232052,36.77412],[-108.232164,36.774122],[-108.232161,36.774212],[-108.232049,36.77421]]]}},{"type":"Feature","properties":{},"geometry":{"type":"Polygon","coordinates":[[[-108.23193,36.774387],[-108.231933,36.774297],[-108.232045,36.7743],[-108.232042,36.77439],[-108.23193,36.774387]]]}},{"type":"Feature","properties":{},"geometry":{"type":"Polygon","coordinates":[[[-108.225124,36.702009],[-108.225236,36.702012],[-108.225348,36.702015],[-108.225345,36.702105],[-108.225121,36.702099],[-108.225124,36.702009]]]}},{"type":"Feature","properties":{},"geometry":{"type":"Polygon","coordinates":[[[-108.227307,36.709814],[-108.227313,36.709634],[-108.227425,36.709637],[-108.227422,36.709727],[-108.227419,36.709817],[-108.227307,36.709814]]]}},{"type":"Feature","properties":{},"geometry":{"type":"Polygon","coordinates":[[[-108.229322,36.709843],[-108.229327,36.709681],[-108.229439,36.709683],[-108.229433,36.709864],[-108.229321,36.709861],[-108.229322,36.709843]]]}},{"type":"Feature","properties":{},"geometry":{"type":"Polygon","coordinates":[[[-108.226968,36.709896],[-108.226971,36.709806],[-108.227083,36.709809],[-108.22708,36.709899],[-108.226968,36.709896]]]}},{"type":"Feature","properties":{},"geometry":{"type":"Polygon","coordinates":[[[-108.229535,36.710137],[-108.229647,36.710139],[-108.229644,36.710229],[-108.229532,36.710227],[-108.229535,36.710137]]]}},{"type":"Feature","properties":{},"geometry":{"type":"Polygon","coordinates":[[[-108.229756,36.710232],[-108.229759,36.710142],[-108.229871,36.710144],[-108.229983,36.710147],[-108.229979,36.710237],[-108.229756,36.710232]]]}},{"type":"Feature","properties":{},"geometry":{"type":"Polygon","coordinates":[[[-108.229944,36.711228],[-108.229947,36.711138],[-108.230059,36.71114],[-108.230056,36.711231],[-108.229944,36.711228]]]}},{"type":"Feature","properties":{},"geometry":{"type":"Polygon","coordinates":[[[-108.230388,36.711328],[-108.230382,36.711509],[-108.23027,36.711506],[-108.230276,36.711326],[-108.230388,36.711328]]]}},{"type":"Feature","properties":{},"geometry":{"type":"Polygon","coordinates":[[[-108.22972,36.711223],[-108.229832,36.711225],[-108.229822,36.711496],[-108.22971,36.711493],[-108.229714,36.711403],[-108.22972,36.711223]]]}},{"type":"Feature","properties":{},"geometry":{"type":"Polygon","coordinates":[[[-108.22988,36.725472],[-108.229992,36.725475],[-108.229989,36.725565],[-108.229877,36.725562],[-108.22988,36.725472]]]}},{"type":"Feature","properties":{},"geometry":{"type":"Polygon","coordinates":[[[-108.227326,36.737314],[-108.227329,36.737224],[-108.227441,36.737226],[-108.227438,36.737316],[-108.227326,36.737314]]]}},{"type":"Feature","properties":{},"geometry":{"type":"Polygon","coordinates":[[[-108.22319,36.749479],[-108.223526,36.749487],[-108.223529,36.749397],[-108.223641,36.7494],[-108.223638,36.74949],[-108.22375,36.749492],[-108.223747,36.749583],[-108.223523,36.749577],[-108.223411,36.749575],[-108.223408,36.749665],[-108.223296,36.749662],[-108.223299,36.749572],[-108.223187,36.749569],[-108.22319,36.749479]]]}},{"type":"Feature","properties":{},"geometry":{"type":"Polygon","coordinates":[[[-108.227352,36.77392],[-108.227355,36.77383],[-108.227467,36.773833],[-108.227448,36.774373],[-108.22756,36.774376],[-108.227556,36.774466],[-108.227444,36.774463],[-108.227441,36.774553],[-108.227329,36.774551],[-108.227332,36.774461],[-108.22722,36.774458],[-108.227224,36.774368],[-108.227336,36.77437],[-108.227342,36.77419],[-108.22723,36.774188],[-108.227233,36.774098],[-108.227345,36.7741],[-108.227349,36.77401],[-108.227237,36.774007],[-108.22724,36.773917],[-108.227352,36.77392]]]}},{"type":"Feature","properties":{},"geometry":{"type":"Polygon","coordinates":[[[-108.22799,36.777992],[-108.227878,36.77799],[-108.227766,36.777987],[-108.227762,36.778077],[-108.22765,36.778074],[-108.227667,36.777624],[-108.227891,36.777629],[-108.227887,36.777719],[-108.227999,36.777722],[-108.228003,36.777632],[-108.228115,36.777634],[-108.228124,36.777364],[-108.228236,36.777367],[-108.228233,36.777457],[-108.228345,36.777459],[-108.228342,36.77755],[-108.228454,36.777552],[-108.228451,36.777642],[-108.228339,36.77764],[-108.228332,36.77782],[-108.228108,36.777815],[-108.228105,36.777905],[-108.227993,36.777902],[-108.22799,36.777992]],[[-108.228111,36.777725],[-108.228223,36.777727],[-108.228227,36.777637],[-108.228115,36.777634],[-108.228111,36.777725]]]}},{"type":"Feature","properties":{},"geometry":{"type":"Polygon","coordinates":[[[-108.22223,36.77921],[-108.222565,36.779218],[-108.222569,36.779128],[-108.222793,36.779133],[-108.222789,36.779223],[-108.222677,36.779221],[-108.222674,36.779311],[-108.222562,36.779308],[-108.222552,36.779578],[-108.222888,36.779586],[-108.222892,36.779496],[-108.223116,36.779501],[-108.223112,36.779591],[-108.223,36.779589],[-108.222997,36.779679],[-108.222885,36.779676],[-108.222882,36.779766],[-108.22277,36.779764],[-108.222773,36.779674],[-108.222325,36.779663],[-108.222328,36.779573],[-108.222216,36.77957],[-108.222213,36.779661],[-108.222101,36.779658],[-108.222108,36.779478],[-108.22222,36.77948],[-108.222223,36.77939],[-108.222111,36.779388],[-108.222114,36.779298],[-108.222226,36.7793],[-108.22223,36.77921]]]}},{"type":"Feature","properties":{},"geometry":{"type":"Polygon","coordinates":[[[-108.225243,36.779551],[-108.225247,36.779461],[-108.225359,36.779464],[-108.225355,36.779554],[-108.225243,36.779551]]]}},{"type":"Feature","properties":{},"geometry":{"type":"Polygon","coordinates":[[[-108.225234,36.779821],[-108.225237,36.779731],[-108.225349,36.779734],[-108.225346,36.779824],[-108.225234,36.779821]]]}},{"type":"Feature","properties":{},"geometry":{"type":"Polygon","coordinates":[[[-108.22126,36.700477],[-108.221264,36.700386],[-108.221376,36.700389],[-108.221372,36.700479],[-108.22126,36.700477]]]}},{"type":"Feature","properties":{},"geometry":{"type":"Polygon","coordinates":[[[-108.224805,36.701551],[-108.224917,36.701554],[-108.224913,36.701644],[-108.224801,36.701641],[-108.224805,36.701551]]]}},{"type":"Feature","properties":{},"geometry":{"type":"Polygon","coordinates":[[[-108.223462,36.70152],[-108.223574,36.701522],[-108.223571,36.701612],[-108.223459,36.70161],[-108.223462,36.70152]]]}},{"type":"Feature","properties":{},"geometry":{"type":"Polygon","coordinates":[[[-108.220808,36.709933],[-108.22092,36.709936],[-108.220916,36.710026],[-108.220804,36.710023],[-108.220808,36.709933]]]}},{"type":"Feature","properties":{},"geometry":{"type":"Polygon","coordinates":[[[-108.221134,36.710211],[-108.221245,36.710214],[-108.221242,36.710304],[-108.22113,36.710301],[-108.221134,36.710211]]]}},{"type":"Feature","properties":{},"geometry":{"type":"Polygon","coordinates":[[[-108.221239,36.710394],[-108.221351,36.710396],[-108.221348,36.710487],[-108.221236,36.710484],[-108.221239,36.710394]]]}},{"type":"Feature","properties":{},"geometry":{"type":"Polygon","coordinates":[[[-108.222776,36.717462],[-108.222888,36.717465],[-108.222885,36.717555],[-108.222773,36.717552],[-108.222776,36.717462]]]}},{"type":"Feature","properties":{},"geometry":{"type":"Polygon","coordinates":[[[-108.222993,36.717648],[-108.22299,36.717738],[-108.222878,36.717735],[-108.222882,36.717645],[-108.222993,36.717648]]]}},{"type":"Feature","properties":{},"geometry":{"type":"Polygon","coordinates":[[[-108.222113,36.720332],[-108.222116,36.720242],[-108.222228,36.720245],[-108.222225,36.720335],[-108.222113,36.720332]]]}},{"type":"Feature","properties":{},"geometry":{"type":"Polygon","coordinates":[[[-108.221106,36.720308],[-108.221218,36.720311],[-108.221214,36.720401],[-108.221326,36.720404],[-108.221323,36.720494],[-108.221099,36.720489],[-108.221106,36.720308]]]}},{"type":"Feature","properties":{},"geometry":{"type":"Polygon","coordinates":[[[-108.221659,36.720502],[-108.221771,36.720504],[-108.221774,36.720414],[-108.221662,36.720412],[-108.221665,36.720322],[-108.221553,36.720319],[-108.221556,36.720229],[-108.22178,36.720234],[-108.221777,36.720324],[-108.221889,36.720327],[-108.221892,36.720237],[-108.222004,36.720239],[-108.221998,36.720419],[-108.22211,36.720422],[-108.222103,36.720602],[-108.221655,36.720592],[-108.221659,36.720502]]]}},{"type":"Feature","properties":{},"geometry":{"type":"Polygon","coordinates":[[[-108.221432,36.720587],[-108.221438,36.720406],[-108.22155,36.720409],[-108.221543,36.720589],[-108.221432,36.720587]]]}},{"type":"Feature","properties":{},"geometry":{"type":"Polygon","coordinates":[[[-108.222192,36.721235],[-108.222199,36.721055],[-108.222422,36.721061],[-108.222419,36.721151],[-108.222531,36.721153],[-108.222528,36.721243],[-108.222192,36.721235]]]}},{"type":"Feature","properties":{},"geometry":{"type":"Polygon","coordinates":[[[-108.221964,36.746205],[-108.222076,36.746208],[-108.222073,36.746298],[-108.221961,36.746295],[-108.221964,36.746205]]]}},{"type":"Feature","properties":{},"geometry":{"type":"Polygon","coordinates":[[[-108.222616,36.746761],[-108.222613,36.746851],[-108.222501,36.746849],[-108.222504,36.746758],[-108.222616,36.746761]]]}},{"type":"Feature","properties":{},"geometry":{"type":"Polygon","coordinates":[[[-108.222162,36.746931],[-108.222164,36.746886],[-108.222165,36.746841],[-108.222277,36.746843],[-108.222274,36.746933],[-108.222162,36.746931]]]}},{"type":"Feature","properties":{},"geometry":{"type":"Polygon","coordinates":[[[-108.222274,36.746933],[-108.222386,36.746936],[-108.222383,36.747026],[-108.222271,36.747024],[-108.222274,36.746933]]]}},{"type":"Feature","properties":{},"geometry":{"type":"Polygon","coordinates":[[[-108.2226,36.747212],[-108.222712,36.747214],[-108.222715,36.747124],[-108.222939,36.747129],[-108.222926,36.74749],[-108.222814,36.747487],[-108.222821,36.747307],[-108.222709,36.747304],[-108.222597,36.747302],[-108.2226,36.747212]]]}},{"type":"Feature","properties":{},"geometry":{"type":"Polygon","coordinates":[[[-108.222488,36.747209],[-108.222491,36.747119],[-108.222603,36.747121],[-108.2226,36.747212],[-108.222488,36.747209]]]}},{"type":"Feature","properties":{},"geometry":{"type":"Polygon","coordinates":[[[-108.223486,36.747503],[-108.223482,36.747593],[-108.223147,36.747585],[-108.22315,36.747495],[-108.223374,36.7475],[-108.223486,36.747503]]]}},{"type":"Feature","properties":{},"geometry":{"type":"Polygon","coordinates":[[[-108.223246,36.747948],[-108.223249,36.747858],[-108.223361,36.74786],[-108.223358,36.747951],[-108.223246,36.747948]]]}},{"type":"Feature","properties":{},"geometry":{"type":"Polygon","coordinates":[[[-108.223143,36.747675],[-108.22314,36.747765],[-108.223028,36.747763],[-108.223031,36.747672],[-108.223143,36.747675]]]}},{"type":"Feature","properties":{},"geometry":{"type":"Polygon","coordinates":[[[-108.219241,36.753354],[-108.219353,36.753357],[-108.21935,36.753447],[-108.219238,36.753444],[-108.219241,36.753354]]]}},{"type":"Feature","properties":{},"geometry":{"type":"Polygon","coordinates":[[[-108.222637,36.755507],[-108.22264,36.755417],[-108.222752,36.75542],[-108.222752,36.755428],[-108.222749,36.75551],[-108.222746,36.7556],[-108.222634,36.755597],[-108.222637,36.755507]]]}},{"type":"Feature","properties":{},"geometry":{"type":"Polygon","coordinates":[[[-108.222617,36.756048],[-108.222729,36.75605],[-108.222723,36.756231],[-108.222611,36.756228],[-108.222617,36.756048]]]}},{"type":"Feature","properties":{},"geometry":{"type":"Polygon","coordinates":[[[-108.222492,36.756405],[-108.222604,36.756408],[-108.222601,36.756498],[-108.222489,36.756496],[-108.222492,36.756405]]]}},{"type":"Feature","properties":{},"geometry":{"type":"Polygon","coordinates":[[[-108.221926,36.756573],[-108.222038,36.756575],[-108.222035,36.756665],[-108.221923,36.756663],[-108.221926,36.756573]]]}},{"type":"Feature","properties":{},"geometry":{"type":"Polygon","coordinates":[[[-108.222367,36.756763],[-108.222371,36.756673],[-108.222483,36.756676],[-108.222479,36.756766],[-108.222367,36.756763]]]}},{"type":"Feature","properties":{},"geometry":{"type":"Polygon","coordinates":[[[-108.220643,36.757985],[-108.220754,36.757988],[-108.220751,36.758078],[-108.220639,36.758075],[-108.220643,36.757985]]]}},{"type":"Feature","properties":{},"geometry":{"type":"Polygon","coordinates":[[[-108.221027,36.772149],[-108.221031,36.772059],[-108.221143,36.772062],[-108.221139,36.772152],[-108.221027,36.772149]]]}},{"type":"Feature","properties":{},"geometry":{"type":"Polygon","coordinates":[[[-108.220573,36.772319],[-108.220576,36.772229],[-108.220688,36.772232],[-108.220685,36.772322],[-108.220573,36.772319]]]}},{"type":"Feature","properties":{},"geometry":{"type":"Polygon","coordinates":[[[-108.219096,36.775981],[-108.219089,36.776161],[-108.218977,36.776159],[-108.218981,36.776069],[-108.218869,36.776066],[-108.218872,36.775976],[-108.219096,36.775981]]]}},{"type":"Feature","properties":{},"geometry":{"type":"Polygon","coordinates":[[[-108.21875,36.776244],[-108.218638,36.776241],[-108.218635,36.776331],[-108.218523,36.776328],[-108.218526,36.776238],[-108.218529,36.776148],[-108.218533,36.776058],[-108.218757,36.776063],[-108.218869,36.776066],[-108.218862,36.776246],[-108.21875,36.776244]]]}},{"type":"Feature","properties":{},"geometry":{"type":"Polygon","coordinates":[[[-108.221231,36.778916],[-108.221235,36.778826],[-108.221347,36.778829],[-108.221343,36.778919],[-108.221231,36.778916]]]}},{"type":"Feature","properties":{},"geometry":{"type":"Polygon","coordinates":[[[-108.22077,36.779266],[-108.220774,36.779176],[-108.220998,36.779181],[-108.220994,36.779271],[-108.22077,36.779266]]]}},{"type":"Feature","properties":{},"geometry":{"type":"Polygon","coordinates":[[[-108.22077,36.779266],[-108.220767,36.779356],[-108.220655,36.779354],[-108.220652,36.779444],[-108.220428,36.779438],[-108.220431,36.779348],[-108.220543,36.779351],[-108.220546,36.779261],[-108.22077,36.779266]]]}},{"type":"Feature","properties":{},"geometry":{"type":"Polygon","coordinates":[[[-108.218417,36.782367],[-108.21842,36.782277],[-108.218532,36.782279],[-108.218529,36.782369],[-108.218417,36.782367]]]}},{"type":"Feature","properties":{},"geometry":{"type":"Polygon","coordinates":[[[-108.220031,36.709734],[-108.220143,36.709737],[-108.22014,36.709827],[-108.220028,36.709825],[-108.220031,36.709734]]]}},{"type":"Feature","properties":{},"geometry":{"type":"Polygon","coordinates":[[[-108.220248,36.70992],[-108.220251,36.70983],[-108.220326,36.709832],[-108.220363,36.709832],[-108.22036,36.709922],[-108.220248,36.70992]]]}},{"type":"Feature","properties":{},"geometry":{"type":"Polygon","coordinates":[[[-108.21833,36.710326],[-108.218333,36.710236],[-108.218557,36.710241],[-108.218554,36.710331],[-108.21833,36.710326]]]}},{"type":"Feature","properties":{},"geometry":{"type":"Polygon","coordinates":[[[-108.219564,36.710265],[-108.219676,36.710267],[-108.219732,36.710268],[-108.2199,36.710272],[-108.220011,36.710275],[-108.220101,36.710277],[-108.220123,36.710278],[-108.220235,36.71028],[-108.220232,36.71037],[-108.219896,36.710362],[-108.219784,36.71036],[-108.219561,36.710355],[-108.219564,36.710265]]]}},{"type":"Feature","properties":{},"geometry":{"type":"Polygon","coordinates":[[[-108.218998,36.710432],[-108.21911,36.710434],[-108.219107,36.710524],[-108.218995,36.710522],[-108.218998,36.710432]]]}},{"type":"Feature","properties":{},"geometry":{"type":"Polygon","coordinates":[[[-108.21989,36.710543],[-108.219893,36.710453],[-108.220005,36.710455],[-108.220002,36.710545],[-108.21989,36.710543]]]}},{"type":"Feature","properties":{},"geometry":{"type":"Polygon","coordinates":[[[-108.21855,36.710421],[-108.218662,36.710424],[-108.218659,36.710514],[-108.218547,36.710511],[-108.21855,36.710421]]]}},{"type":"Feature","properties":{},"geometry":{"type":"Polygon","coordinates":[[[-108.219107,36.710524],[-108.21933,36.71053],[-108.219327,36.71062],[-108.219243,36.710618],[-108.219215,36.710617],[-108.219103,36.710614],[-108.219107,36.710524]]]}},{"type":"Feature","properties":{},"geometry":{"type":"Polygon","coordinates":[[[-108.21832,36.710596],[-108.218432,36.710599],[-108.218429,36.710689],[-108.218317,36.710686],[-108.21832,36.710596]]]}},{"type":"Feature","properties":{},"geometry":{"type":"Polygon","coordinates":[[[-108.219551,36.710625],[-108.219548,36.710715],[-108.219436,36.710712],[-108.219439,36.710622],[-108.219551,36.710625]]]}},{"type":"Feature","properties":{},"geometry":{"type":"Polygon","coordinates":[[[-108.219771,36.71072],[-108.21966,36.710718],[-108.219663,36.710627],[-108.219775,36.71063],[-108.219887,36.710633],[-108.219883,36.710723],[-108.219771,36.71072]]]}},{"type":"Feature","properties":{},"geometry":{"type":"Polygon","coordinates":[[[-108.219927,36.712617],[-108.219924,36.712707],[-108.219812,36.712705],[-108.219815,36.712615],[-108.219927,36.712617]]]}},{"type":"Feature","properties":{},"geometry":{"type":"Polygon","coordinates":[[[-108.238935,36.725953],[-108.238932,36.726043],[-108.238596,36.726035],[-108.238599,36.725945],[-108.238711,36.725948],[-108.238935,36.725953]]]}},{"type":"Feature","properties":{},"geometry":{"type":"Polygon","coordinates":[[[-108.238376,36.72594],[-108.238372,36.72603],[-108.237477,36.726009],[-108.237474,36.7261],[-108.237362,36.726097],[-108.237359,36.726187],[-108.237135,36.726182],[-108.237132,36.726272],[-108.23702,36.726269],[-108.23701,36.72654],[-108.236786,36.726534],[-108.236789,36.726444],[-108.236901,36.726447],[-108.236921,36.725906],[-108.236809,36.725904],[-108.236812,36.725814],[-108.236588,36.725808],[-108.236591,36.725718],[-108.237487,36.725739],[-108.237484,36.725829],[-108.237595,36.725832],[-108.237599,36.725742],[-108.238158,36.725755],[-108.238155,36.725845],[-108.238267,36.725847],[-108.238379,36.72585],[-108.238382,36.72576],[-108.238494,36.725763],[-108.238491,36.725853],[-108.238603,36.725855],[-108.238599,36.725945],[-108.238376,36.72594]]]}},{"type":"Feature","properties":{},"geometry":{"type":"Polygon","coordinates":[[[-108.236473,36.725896],[-108.236361,36.725893],[-108.236364,36.725803],[-108.236252,36.725801],[-108.236246,36.725981],[-108.236134,36.725978],[-108.236141,36.725798],[-108.236144,36.725708],[-108.236189,36.725709],[-108.236368,36.725713],[-108.23648,36.725716],[-108.236473,36.725896]]]}},{"type":"Feature","properties":{},"geometry":{"type":"Polygon","coordinates":[[[-108.236025,36.725886],[-108.235913,36.725883],[-108.23591,36.725973],[-108.235686,36.725968],[-108.235683,36.726058],[-108.235347,36.72605],[-108.235344,36.72614],[-108.235232,36.726138],[-108.235236,36.726047],[-108.235124,36.726045],[-108.23512,36.726135],[-108.234897,36.72613],[-108.234903,36.72595],[-108.235351,36.72596],[-108.235354,36.72587],[-108.235802,36.72588],[-108.235805,36.72579],[-108.235917,36.725793],[-108.236029,36.725795],[-108.236025,36.725886]]]}},{"type":"Feature","properties":{},"geometry":{"type":"Polygon","coordinates":[[[-108.233982,36.726649],[-108.233758,36.726644],[-108.233755,36.726734],[-108.233307,36.726724],[-108.233195,36.726721],[-108.233192,36.726811],[-108.23308,36.726809],[-108.232968,36.726806],[-108.232856,36.726804],[-108.232409,36.726793],[-108.232297,36.726791],[-108.232073,36.726785],[-108.23207,36.726875],[-108.231734,36.726868],[-108.231622,36.726865],[-108.231619,36.726955],[-108.230835,36.726937],[-108.230832,36.727027],[-108.230049,36.727009],[-108.230052,36.726919],[-108.22994,36.726916],[-108.229943,36.726826],[-108.230055,36.726829],[-108.230167,36.726831],[-108.23017,36.726741],[-108.231513,36.726772],[-108.231517,36.726682],[-108.231852,36.72669],[-108.231849,36.72678],[-108.231961,36.726783],[-108.231964,36.726693],[-108.232971,36.726716],[-108.232975,36.726626],[-108.233422,36.726636],[-108.233426,36.726546],[-108.233649,36.726552],[-108.233653,36.726461],[-108.233746,36.726464],[-108.233765,36.726464],[-108.233988,36.726469],[-108.233982,36.726649]]]}},{"type":"Feature","properties":{},"geometry":{"type":"Polygon","coordinates":[[[-108.229496,36.726816],[-108.229384,36.726813],[-108.229387,36.726723],[-108.229499,36.726725],[-108.229496,36.726816]]]}},{"type":"Feature","properties":{},"geometry":{"type":"Polygon","coordinates":[[[-108.229275,36.72672],[-108.229278,36.72663],[-108.22939,36.726633],[-108.229387,36.726723],[-108.229275,36.72672]]]}},{"type":"Feature","properties":{},"geometry":{"type":"Polygon","coordinates":[[[-108.226644,36.725126],[-108.226532,36.725124],[-108.226536,36.725033],[-108.226424,36.725031],[-108.226427,36.724941],[-108.226315,36.724938],[-108.226318,36.724848],[-108.226206,36.724845],[-108.22621,36.724755],[-108.225986,36.72475],[-108.225992,36.72457],[-108.22588,36.724567],[-108.225887,36.724387],[-108.225775,36.724385],[-108.225778,36.724295],[-108.225666,36.724292],[-108.225669,36.724202],[-108.225558,36.724199],[-108.225561,36.724109],[-108.225449,36.724107],[-108.225452,36.724016],[-108.22534,36.724014],[-108.225343,36.723924],[-108.225232,36.723921],[-108.225235,36.723831],[-108.225123,36.723828],[-108.225126,36.723738],[-108.225014,36.723736],[-108.225017,36.723646],[-108.224906,36.723643],[-108.224912,36.723463],[-108.2248,36.72346],[-108.224803,36.72337],[-108.224691,36.723368],[-108.224695,36.723277],[-108.224583,36.723275],[-108.224586,36.723185],[-108.224589,36.723095],[-108.224477,36.723092],[-108.224484,36.722912],[-108.224372,36.722909],[-108.224382,36.722639],[-108.224494,36.722642],[-108.224497,36.722552],[-108.224609,36.722554],[-108.224605,36.722644],[-108.224829,36.722649],[-108.224823,36.72283],[-108.224935,36.722832],[-108.224931,36.722922],[-108.225043,36.722925],[-108.22504,36.723015],[-108.225152,36.723018],[-108.225146,36.723198],[-108.225257,36.7232],[-108.225254,36.723291],[-108.225366,36.723293],[-108.225363,36.723383],[-108.225475,36.723386],[-108.225472,36.723476],[-108.225468,36.723566],[-108.22558,36.723569],[-108.225577,36.723659],[-108.225689,36.723661],[-108.225679,36.723932],[-108.225791,36.723934],[-108.225788,36.724024],[-108.2259,36.724027],[-108.225893,36.724207],[-108.226005,36.72421],[-108.226002,36.7243],[-108.226114,36.724302],[-108.226111,36.724392],[-108.226222,36.724395],[-108.226216,36.724575],[-108.226328,36.724578],[-108.226325,36.724668],[-108.226437,36.724671],[-108.226433,36.724761],[-108.226545,36.724763],[-108.226542,36.724853],[-108.226654,36.724856],[-108.226647,36.725036],[-108.226644,36.725126]]]}},{"type":"Feature","properties":{},"geometry":{"type":"Polygon","coordinates":[[[-108.223848,36.721905],[-108.223851,36.721815],[-108.224075,36.72182],[-108.224078,36.72173],[-108.224526,36.721741],[-108.224529,36.721651],[-108.224753,36.721656],[-108.22475,36.721746],[-108.224638,36.721743],[-108.224635,36.721833],[-108.224187,36.721823],[-108.224184,36.721913],[-108.223848,36.721905]]]}},{"type":"Feature","properties":{},"geometry":{"type":"Polygon","coordinates":[[[-108.212813,36.715787],[-108.212757,36.715785],[-108.212761,36.715695],[-108.212649,36.715693],[-108.212645,36.715783],[-108.212534,36.71578],[-108.212537,36.71569],[-108.212425,36.715687],[-108.212428,36.715597],[-108.21254,36.7156],[-108.212543,36.71551],[-108.212879,36.715518],[-108.212882,36.715428],[-108.213106,36.715433],[-108.213103,36.715523],[-108.2131,36.715613],[-108.212988,36.71561],[-108.212984,36.715701],[-108.212872,36.715698],[-108.212869,36.715788],[-108.212813,36.715787]]]}},{"type":"Feature","properties":{},"geometry":{"type":"Polygon","coordinates":[[[-108.210855,36.715741],[-108.210967,36.715743],[-108.21097,36.715653],[-108.211082,36.715656],[-108.211085,36.715566],[-108.211197,36.715569],[-108.211191,36.715749],[-108.211862,36.715764],[-108.211859,36.715854],[-108.211747,36.715852],[-108.211635,36.715849],[-108.211523,36.715847],[-108.21145,36.715845],[-108.211411,36.715844],[-108.211076,36.715836],[-108.211072,36.715926],[-108.210849,36.715921],[-108.210852,36.715831],[-108.210855,36.715741]]]}},{"type":"Feature","properties":{},"geometry":{"type":"Polygon","coordinates":[[[-108.212534,36.71578],[-108.21253,36.71587],[-108.212195,36.715862],[-108.212198,36.715772],[-108.212534,36.71578]]]}},{"type":"Feature","properties":{},"geometry":{"type":"Polygon","coordinates":[[[-108.213567,36.715083],[-108.213902,36.715091],[-108.213899,36.715181],[-108.213675,36.715176],[-108.213672,36.715266],[-108.21356,36.715263],[-108.213567,36.715083]]]}},{"type":"Feature","properties":{},"geometry":{"type":"Polygon","coordinates":[[[-108.214021,36.714913],[-108.214245,36.714919],[-108.214248,36.714829],[-108.21436,36.714831],[-108.214363,36.714741],[-108.214587,36.714746],[-108.214583,36.714836],[-108.214472,36.714834],[-108.214468,36.714924],[-108.214356,36.714921],[-108.214353,36.715011],[-108.214241,36.715009],[-108.214129,36.715006],[-108.214126,36.715096],[-108.214014,36.715094],[-108.214021,36.714913]]]}},{"type":"Feature","properties":{},"geometry":{"type":"Polygon","coordinates":[[[-108.21459,36.714656],[-108.214702,36.714659],[-108.214699,36.714749],[-108.214587,36.714746],[-108.21459,36.714656]]]}},{"type":"Feature","properties":{},"geometry":{"type":"Polygon","coordinates":[[[-108.21482,36.714481],[-108.215044,36.714487],[-108.215041,36.714577],[-108.214929,36.714574],[-108.214817,36.714571],[-108.21482,36.714481]]]}},{"type":"Feature","properties":{},"geometry":{"type":"Polygon","coordinates":[[[-108.215047,36.714396],[-108.215159,36.714399],[-108.215156,36.714489],[-108.215044,36.714487],[-108.215047,36.714396]]]}},{"type":"Feature","properties":{},"geometry":{"type":"Polygon","coordinates":[[[-108.215162,36.714309],[-108.215274,36.714312],[-108.215271,36.714402],[-108.215159,36.714399],[-108.215162,36.714309]]]}},{"type":"Feature","properties":{},"geometry":{"type":"Polygon","coordinates":[[[-108.215278,36.714222],[-108.21539,36.714224],[-108.215386,36.714314],[-108.215274,36.714312],[-108.215278,36.714222]]]}},{"type":"Feature","properties":{},"geometry":{"type":"Polygon","coordinates":[[[-108.22025,36.712985],[-108.220253,36.712895],[-108.220365,36.712898],[-108.220362,36.712988],[-108.22025,36.712985]]]}},{"type":"Feature","properties":{},"geometry":{"type":"Polygon","coordinates":[[[-108.220144,36.712803],[-108.220148,36.712713],[-108.220259,36.712715],[-108.220256,36.712805],[-108.220144,36.712803]]]}},{"type":"Feature","properties":{},"geometry":{"type":"Polygon","coordinates":[[[-108.219486,36.712427],[-108.219374,36.712424],[-108.219377,36.712334],[-108.219489,36.712336],[-108.219486,36.712427]]]}},{"type":"Feature","properties":{},"geometry":{"type":"Polygon","coordinates":[[[-108.219051,36.712056],[-108.218939,36.712053],[-108.218943,36.711963],[-108.219055,36.711966],[-108.219051,36.712056]]]}},{"type":"Feature","properties":{},"geometry":{"type":"Polygon","coordinates":[[[-108.211557,36.708725],[-108.211445,36.708722],[-108.211442,36.708812],[-108.211218,36.708807],[-108.211221,36.708717],[-108.211109,36.708714],[-108.210662,36.708704],[-108.210658,36.708794],[-108.210547,36.708791],[-108.21055,36.708701],[-108.210438,36.708698],[-108.210435,36.708789],[-108.210323,36.708786],[-108.209987,36.708778],[-108.209875,36.708775],[-108.209763,36.708773],[-108.209651,36.70877],[-108.209428,36.708765],[-108.209204,36.70876],[-108.209201,36.70885],[-108.208865,36.708842],[-108.20856,36.708835],[-108.208417,36.708831],[-108.208306,36.708829],[-108.207522,36.70881],[-108.207519,36.7089],[-108.207407,36.708898],[-108.207295,36.708895],[-108.205058,36.708843],[-108.205054,36.708933],[-108.204607,36.708922],[-108.20461,36.708832],[-108.204163,36.708822],[-108.204159,36.708912],[-108.203824,36.708904],[-108.203837,36.708543],[-108.204172,36.708551],[-108.204176,36.708461],[-108.204399,36.708466],[-108.204403,36.708376],[-108.204515,36.708379],[-108.204518,36.708289],[-108.20463,36.708292],[-108.204626,36.708382],[-108.204738,36.708384],[-108.204742,36.708294],[-108.204965,36.708299],[-108.204969,36.708209],[-108.20508,36.708212],[-108.205084,36.708122],[-108.205308,36.708127],[-108.205311,36.708037],[-108.205423,36.70804],[-108.205426,36.70795],[-108.205538,36.707952],[-108.205535,36.708042],[-108.205646,36.708045],[-108.205643,36.708135],[-108.205755,36.708138],[-108.205758,36.708048],[-108.205982,36.708053],[-108.205985,36.707963],[-108.205873,36.70796],[-108.205877,36.70787],[-108.2061,36.707875],[-108.206094,36.708056],[-108.206318,36.708061],[-108.206321,36.707971],[-108.206545,36.707976],[-108.206535,36.708246],[-108.206647,36.708249],[-108.206657,36.707979],[-108.20688,36.707984],[-108.206874,36.708164],[-108.20721,36.708172],[-108.207206,36.708262],[-108.207318,36.708265],[-108.207315,36.708355],[-108.208098,36.708373],[-108.208101,36.708283],[-108.208213,36.708286],[-108.20821,36.708376],[-108.208546,36.708384],[-108.208549,36.708293],[-108.208437,36.708291],[-108.20844,36.708201],[-108.208552,36.708203],[-108.208559,36.708023],[-108.208671,36.708026],[-108.208674,36.707936],[-108.208562,36.707933],[-108.208568,36.707753],[-108.208457,36.70775],[-108.208453,36.70784],[-108.208341,36.707838],[-108.208345,36.707748],[-108.208233,36.707745],[-108.208236,36.707655],[-108.208124,36.707652],[-108.208121,36.707742],[-108.208009,36.70774],[-108.208006,36.70783],[-108.207894,36.707827],[-108.2079,36.707647],[-108.207677,36.707642],[-108.20768,36.707552],[-108.207456,36.707547],[-108.207459,36.707456],[-108.207124,36.707449],[-108.20713,36.707268],[-108.207018,36.707266],[-108.207015,36.707356],[-108.206903,36.707353],[-108.206907,36.707263],[-108.206795,36.707261],[-108.206798,36.70717],[-108.206686,36.707168],[-108.206689,36.707078],[-108.206577,36.707075],[-108.206574,36.707165],[-108.206462,36.707163],[-108.206466,36.707072],[-108.206354,36.70707],[-108.206357,36.70698],[-108.206469,36.706982],[-108.206472,36.706892],[-108.20636,36.70689],[-108.206363,36.7068],[-108.206252,36.706797],[-108.206255,36.706707],[-108.206367,36.706709],[-108.20637,36.706619],[-108.206594,36.706625],[-108.206597,36.706535],[-108.206038,36.706521],[-108.206041,36.706431],[-108.205929,36.706429],[-108.205935,36.706249],[-108.2056,36.706241],[-108.205597,36.706331],[-108.205373,36.706325],[-108.20537,36.706416],[-108.204922,36.706405],[-108.204925,36.706315],[-108.205261,36.706323],[-108.205264,36.706233],[-108.205376,36.706235],[-108.205379,36.706145],[-108.205715,36.706153],[-108.205718,36.706063],[-108.206278,36.706076],[-108.206274,36.706166],[-108.206498,36.706172],[-108.206495,36.706262],[-108.206831,36.70627],[-108.206834,36.706179],[-108.206946,36.706182],[-108.206942,36.706272],[-108.207614,36.706288],[-108.20761,36.706378],[-108.207834,36.706383],[-108.208058,36.706389],[-108.208506,36.706399],[-108.208509,36.706309],[-108.20918,36.706325],[-108.209177,36.706415],[-108.209289,36.706417],[-108.209285,36.706508],[-108.209509,36.706513],[-108.209506,36.706603],[-108.20973,36.706608],[-108.209726,36.706698],[-108.209838,36.706701],[-108.209835,36.706791],[-108.209723,36.706788],[-108.20972,36.706878],[-108.209832,36.706881],[-108.209829,36.706971],[-108.20994,36.706974],[-108.209937,36.707064],[-108.210049,36.707066],[-108.210046,36.707156],[-108.210158,36.707159],[-108.210151,36.707339],[-108.210263,36.707342],[-108.21026,36.707432],[-108.210372,36.707435],[-108.210368,36.707525],[-108.21048,36.707527],[-108.210474,36.707707],[-108.210586,36.70771],[-108.210582,36.7078],[-108.210694,36.707803],[-108.210691,36.707893],[-108.210688,36.707983],[-108.210576,36.70798],[-108.210579,36.70789],[-108.210355,36.707885],[-108.210359,36.707795],[-108.210247,36.707792],[-108.210257,36.707522],[-108.210145,36.707519],[-108.210141,36.70761],[-108.210029,36.707607],[-108.210033,36.707517],[-108.209809,36.707512],[-108.209812,36.707421],[-108.2097,36.707419],[-108.209704,36.707329],[-108.209592,36.707326],[-108.209595,36.707236],[-108.209483,36.707233],[-108.20948,36.707324],[-108.209368,36.707321],[-108.209374,36.707141],[-108.208927,36.70713],[-108.208917,36.7074],[-108.209029,36.707403],[-108.209026,36.707493],[-108.209138,36.707496],[-108.209134,36.707586],[-108.209246,36.707589],[-108.209243,36.707679],[-108.209467,36.707684],[-108.20946,36.707864],[-108.209684,36.707869],[-108.209687,36.707779],[-108.209911,36.707784],[-108.209905,36.707965],[-108.210016,36.707967],[-108.210007,36.708238],[-108.210119,36.70824],[-108.210125,36.70806],[-108.210237,36.708063],[-108.21023,36.708243],[-108.210454,36.708248],[-108.210451,36.708338],[-108.210339,36.708335],[-108.210336,36.708426],[-108.210448,36.708428],[-108.210444,36.708518],[-108.210556,36.708521],[-108.210553,36.708611],[-108.210777,36.708616],[-108.21078,36.708526],[-108.211116,36.708534],[-108.211122,36.708354],[-108.211346,36.708359],[-108.211343,36.708449],[-108.211231,36.708447],[-108.211228,36.708537],[-108.21134,36.708539],[-108.211563,36.708544],[-108.21156,36.708635],[-108.211557,36.708725]],[[-108.206047,36.706251],[-108.206051,36.706161],[-108.205939,36.706158],[-108.205935,36.706249],[-108.206047,36.706251]],[[-108.209394,36.7066],[-108.209391,36.70669],[-108.209503,36.706693],[-108.209506,36.706603],[-108.209394,36.7066]],[[-108.208914,36.707491],[-108.208911,36.707581],[-108.209023,36.707583],[-108.209026,36.707493],[-108.208914,36.707491]],[[-108.20895,36.7065],[-108.208953,36.70641],[-108.208841,36.706407],[-108.208838,36.706497],[-108.20895,36.7065]]]}},{"type":"Feature","properties":{},"geometry":{"type":"Polygon","coordinates":[[[-108.204695,36.70649],[-108.204359,36.706482],[-108.204363,36.706392],[-108.204698,36.7064],[-108.204695,36.70649]]]}},{"type":"Feature","properties":{},"geometry":{"type":"Polygon","coordinates":[[[-108.204132,36.706567],[-108.203349,36.706548],[-108.203346,36.706639],[-108.20301,36.706631],[-108.203004,36.706811],[-108.202892,36.706808],[-108.202898,36.706628],[-108.202786,36.706625],[-108.202783,36.706715],[-108.202448,36.706708],[-108.202444,36.706798],[-108.202332,36.706795],[-108.202336,36.706705],[-108.202112,36.7067],[-108.202109,36.70679],[-108.201773,36.706782],[-108.20177,36.706872],[-108.201098,36.706856],[-108.201102,36.706766],[-108.201214,36.706769],[-108.201217,36.706679],[-108.201776,36.706692],[-108.20178,36.706602],[-108.202451,36.706617],[-108.202454,36.706527],[-108.20279,36.706535],[-108.202902,36.706538],[-108.203013,36.706541],[-108.203125,36.706543],[-108.203129,36.706453],[-108.204136,36.706477],[-108.204132,36.706567]]]}},{"type":"Feature","properties":{},"geometry":{"type":"Polygon","coordinates":[[[-108.200871,36.706941],[-108.200983,36.706944],[-108.20098,36.707034],[-108.201204,36.707039],[-108.2012,36.707129],[-108.201312,36.707132],[-108.201309,36.707222],[-108.201085,36.707216],[-108.201082,36.707307],[-108.200635,36.707296],[-108.200523,36.707293],[-108.200526,36.707203],[-108.200414,36.707201],[-108.200411,36.707291],[-108.200187,36.707285],[-108.20019,36.707195],[-108.200302,36.707198],[-108.200309,36.707018],[-108.200532,36.707023],[-108.200536,36.706933],[-108.200759,36.706938],[-108.200763,36.706848],[-108.200875,36.706851],[-108.200871,36.706941]]]}},{"type":"Feature","properties":{},"geometry":{"type":"Polygon","coordinates":[[[-108.193108,36.704865],[-108.193444,36.704873],[-108.193447,36.704782],[-108.193671,36.704788],[-108.193668,36.704878],[-108.193892,36.704883],[-108.193888,36.704973],[-108.194224,36.704981],[-108.194221,36.705071],[-108.194109,36.705069],[-108.194102,36.705249],[-108.194214,36.705251],[-108.194211,36.705341],[-108.194323,36.705344],[-108.194326,36.705254],[-108.194774,36.705265],[-108.194787,36.704904],[-108.194675,36.704902],[-108.194678,36.704812],[-108.194566,36.704809],[-108.194569,36.704719],[-108.194681,36.704721],[-108.194793,36.704724],[-108.194905,36.704727],[-108.194902,36.704817],[-108.194899,36.704907],[-108.195234,36.704915],[-108.195231,36.705005],[-108.195228,36.705095],[-108.195004,36.70509],[-108.194997,36.70527],[-108.195109,36.705272],[-108.195106,36.705363],[-108.195103,36.705453],[-108.195215,36.705455],[-108.195211,36.705545],[-108.195323,36.705548],[-108.19532,36.705638],[-108.194984,36.70563],[-108.194872,36.705628],[-108.194876,36.705537],[-108.194764,36.705535],[-108.194767,36.705445],[-108.194096,36.705429],[-108.194099,36.705339],[-108.193651,36.705328],[-108.193655,36.705238],[-108.193543,36.705236],[-108.19354,36.705326],[-108.193428,36.705323],[-108.193431,36.705233],[-108.193319,36.70523],[-108.193207,36.705228],[-108.193211,36.705138],[-108.193099,36.705135],[-108.193108,36.704865]]]}},{"type":"Feature","properties":{},"geometry":{"type":"Polygon","coordinates":[[[-108.195455,36.70501],[-108.195567,36.705013],[-108.19557,36.704923],[-108.195682,36.704925],[-108.195678,36.705015],[-108.19579,36.705018],[-108.195787,36.705108],[-108.195899,36.705111],[-108.195896,36.705201],[-108.195886,36.705471],[-108.195438,36.705461],[-108.195442,36.70537],[-108.195553,36.705373],[-108.195557,36.705283],[-108.195445,36.70528],[-108.195448,36.70519],[-108.19556,36.705193],[-108.195563,36.705103],[-108.195451,36.7051],[-108.195455,36.70501]]]}},{"type":"Feature","properties":{},"geometry":{"type":"Polygon","coordinates":[[[-108.195797,36.704838],[-108.196021,36.704843],[-108.196024,36.704753],[-108.196248,36.704758],[-108.19636,36.704761],[-108.196363,36.704671],[-108.196587,36.704676],[-108.196698,36.704679],[-108.196695,36.704769],[-108.196807,36.704772],[-108.196804,36.704862],[-108.196916,36.704864],[-108.197028,36.704867],[-108.197024,36.704957],[-108.197021,36.705047],[-108.197133,36.70505],[-108.197468,36.705058],[-108.197465,36.705148],[-108.197689,36.705153],[-108.197686,36.705243],[-108.197798,36.705246],[-108.197801,36.705156],[-108.198025,36.705161],[-108.198018,36.705341],[-108.198242,36.705346],[-108.198239,36.705436],[-108.19835,36.705439],[-108.198347,36.705529],[-108.198459,36.705532],[-108.198571,36.705534],[-108.198568,36.705624],[-108.19868,36.705627],[-108.198791,36.70563],[-108.198788,36.70572],[-108.1989,36.705722],[-108.199124,36.705728],[-108.199121,36.705818],[-108.199344,36.705823],[-108.199456,36.705826],[-108.199453,36.705916],[-108.198893,36.705903],[-108.198897,36.705813],[-108.198561,36.705805],[-108.198564,36.705715],[-108.198452,36.705712],[-108.198456,36.705622],[-108.198232,36.705617],[-108.198235,36.705526],[-108.198123,36.705524],[-108.19812,36.705614],[-108.198008,36.705611],[-108.198012,36.705521],[-108.1979,36.705519],[-108.197896,36.705609],[-108.197673,36.705603],[-108.197676,36.705513],[-108.197452,36.705508],[-108.197449,36.705598],[-108.197337,36.705595],[-108.19734,36.705505],[-108.197228,36.705503],[-108.197232,36.705413],[-108.19712,36.70541],[-108.197116,36.7055],[-108.197005,36.705497],[-108.197001,36.705588],[-108.196778,36.705582],[-108.196781,36.705492],[-108.196557,36.705487],[-108.196445,36.705484],[-108.196333,36.705482],[-108.196337,36.705392],[-108.196225,36.705389],[-108.196228,36.705299],[-108.196564,36.705307],[-108.196567,36.705217],[-108.196679,36.705219],[-108.196791,36.705222],[-108.196794,36.705132],[-108.196682,36.705129],[-108.19657,36.705127],[-108.196346,36.705121],[-108.19635,36.705031],[-108.195902,36.705021],[-108.19579,36.705018],[-108.195797,36.704838]]]}},{"type":"Feature","properties":{},"geometry":{"type":"Polygon","coordinates":[[[-108.195428,36.705731],[-108.19554,36.705733],[-108.195544,36.705643],[-108.195655,36.705646],[-108.195649,36.705826],[-108.195313,36.705818],[-108.195317,36.705728],[-108.195428,36.705731]]]}},{"type":"Feature","properties":{},"geometry":{"type":"Polygon","coordinates":[[[-108.195873,36.705831],[-108.195879,36.705651],[-108.195991,36.705654],[-108.195981,36.705924],[-108.196093,36.705927],[-108.196096,36.705837],[-108.19632,36.705842],[-108.196314,36.706022],[-108.196426,36.706025],[-108.196422,36.706115],[-108.196087,36.706107],[-108.19609,36.706017],[-108.195866,36.706012],[-108.195869,36.705922],[-108.195646,36.705916],[-108.195649,36.705826],[-108.195873,36.705831]]]}},{"type":"Feature","properties":{},"geometry":{"type":"Polygon","coordinates":[[[-108.201118,36.706316],[-108.20123,36.706318],[-108.201233,36.706228],[-108.201236,36.706138],[-108.20146,36.706143],[-108.201463,36.706053],[-108.201911,36.706064],[-108.201914,36.705974],[-108.20046,36.705939],[-108.200463,36.705849],[-108.200687,36.705855],[-108.200799,36.705857],[-108.201246,36.705868],[-108.20125,36.705778],[-108.201697,36.705788],[-108.2017,36.705698],[-108.201812,36.705701],[-108.201809,36.705791],[-108.202033,36.705796],[-108.202036,36.705706],[-108.202148,36.705709],[-108.20226,36.705711],[-108.202483,36.705717],[-108.202595,36.705719],[-108.202599,36.705629],[-108.202934,36.705637],[-108.203158,36.705642],[-108.203161,36.705552],[-108.203497,36.70556],[-108.2035,36.70547],[-108.203948,36.705481],[-108.203951,36.70539],[-108.204287,36.705398],[-108.204399,36.705401],[-108.204402,36.705311],[-108.204849,36.705321],[-108.204853,36.705231],[-108.205636,36.70525],[-108.205748,36.705252],[-108.205751,36.705162],[-108.205863,36.705165],[-108.205859,36.705255],[-108.206083,36.70526],[-108.20608,36.70535],[-108.206192,36.705353],[-108.206304,36.705356],[-108.206528,36.705361],[-108.206524,36.705451],[-108.206636,36.705454],[-108.206748,36.705456],[-108.206916,36.70546],[-108.206972,36.705461],[-108.207307,36.705469],[-108.207304,36.705559],[-108.20764,36.705567],[-108.207643,36.705477],[-108.207867,36.705482],[-108.207864,36.705573],[-108.207975,36.705575],[-108.207979,36.705485],[-108.208091,36.705488],[-108.208087,36.705578],[-108.208311,36.705583],[-108.208308,36.705673],[-108.208532,36.705678],[-108.208528,36.705768],[-108.207745,36.70575],[-108.207521,36.705745],[-108.207518,36.705835],[-108.205728,36.705793],[-108.205504,36.705788],[-108.205169,36.70578],[-108.205165,36.70587],[-108.204606,36.705857],[-108.204603,36.705947],[-108.204267,36.705939],[-108.204264,36.706029],[-108.204152,36.706026],[-108.204149,36.706116],[-108.203925,36.706111],[-108.203861,36.70611],[-108.203813,36.706109],[-108.203701,36.706106],[-108.203698,36.706196],[-108.203586,36.706193],[-108.203362,36.706188],[-108.203138,36.706183],[-108.203135,36.706273],[-108.202688,36.706262],[-108.202684,36.706352],[-108.202237,36.706342],[-108.20224,36.706252],[-108.202128,36.706249],[-108.202125,36.706339],[-108.201789,36.706331],[-108.201677,36.706329],[-108.201674,36.706419],[-108.201003,36.706403],[-108.201006,36.706313],[-108.201118,36.706316]]]}},{"type":"Feature","properties":{},"geometry":{"type":"Polygon","coordinates":[[[-108.214005,36.709143],[-108.214009,36.709053],[-108.21412,36.709055],[-108.214232,36.709058],[-108.214229,36.709148],[-108.214226,36.709238],[-108.214338,36.709241],[-108.214334,36.709331],[-108.214558,36.709336],[-108.214552,36.709516],[-108.214328,36.709511],[-108.214331,36.709421],[-108.214107,36.709416],[-108.214111,36.709325],[-108.214114,36.709235],[-108.214002,36.709233],[-108.21389,36.70923],[-108.213893,36.70914],[-108.214005,36.709143]]]}},{"type":"Feature","properties":{},"geometry":{"type":"Polygon","coordinates":[[[-108.214775,36.709521],[-108.214772,36.709611],[-108.214996,36.709617],[-108.214993,36.709707],[-108.215105,36.709709],[-108.215108,36.709619],[-108.21522,36.709622],[-108.215444,36.709627],[-108.21544,36.709717],[-108.215328,36.709715],[-108.215325,36.709805],[-108.215773,36.709815],[-108.215769,36.709905],[-108.215881,36.709908],[-108.215878,36.709998],[-108.216102,36.710003],[-108.216099,36.710093],[-108.216322,36.710099],[-108.216319,36.710189],[-108.215983,36.710181],[-108.215987,36.710091],[-108.215427,36.710078],[-108.215431,36.709987],[-108.215207,36.709982],[-108.21521,36.709892],[-108.215213,36.709802],[-108.215101,36.709799],[-108.214878,36.709794],[-108.214766,36.709792],[-108.214769,36.709702],[-108.214657,36.709699],[-108.21466,36.709609],[-108.214548,36.709606],[-108.214552,36.709516],[-108.214775,36.709521]]]}},{"type":"Feature","properties":{},"geometry":{"type":"Polygon","coordinates":[[[-108.216431,36.710191],[-108.216428,36.710281],[-108.216316,36.710279],[-108.216319,36.710189],[-108.216431,36.710191]]]}},{"type":"Feature","properties":{},"geometry":{"type":"Polygon","coordinates":[[[-108.216543,36.710194],[-108.216767,36.710199],[-108.216763,36.710289],[-108.217099,36.710297],[-108.217102,36.710207],[-108.217214,36.71021],[-108.217211,36.7103],[-108.217323,36.710302],[-108.217326,36.710212],[-108.217438,36.710215],[-108.217435,36.710305],[-108.217547,36.710308],[-108.217543,36.710398],[-108.217655,36.7104],[-108.217659,36.71031],[-108.21777,36.710313],[-108.217767,36.710403],[-108.217991,36.710408],[-108.217988,36.710498],[-108.2181,36.710501],[-108.218103,36.710411],[-108.218327,36.710416],[-108.218323,36.710506],[-108.218211,36.710503],[-108.218205,36.710684],[-108.218093,36.710681],[-108.21809,36.710771],[-108.218083,36.710951],[-108.21786,36.710946],[-108.217748,36.710943],[-108.217751,36.710853],[-108.217863,36.710856],[-108.217866,36.710766],[-108.217754,36.710763],[-108.217419,36.710755],[-108.217422,36.710665],[-108.217425,36.710575],[-108.217313,36.710573],[-108.216977,36.710565],[-108.216981,36.710475],[-108.216757,36.710469],[-108.21676,36.710379],[-108.216536,36.710374],[-108.21654,36.710284],[-108.216543,36.710194]]]}},{"type":"Feature","properties":{},"geometry":{"type":"Polygon","coordinates":[[[-108.217217,36.710119],[-108.217329,36.710122],[-108.217326,36.710212],[-108.217214,36.71021],[-108.217217,36.710119]]]}},{"type":"Feature","properties":{},"geometry":{"type":"Polygon","coordinates":[[[-108.218195,36.710954],[-108.218192,36.711044],[-108.21808,36.711041],[-108.218083,36.710951],[-108.218195,36.710954]]]}},{"type":"Feature","properties":{},"geometry":{"type":"Polygon","coordinates":[[[-108.220615,36.712182],[-108.220618,36.712092],[-108.220842,36.712098],[-108.220845,36.712008],[-108.221292,36.712018],[-108.221296,36.711928],[-108.221408,36.711931],[-108.221404,36.712021],[-108.221516,36.712023],[-108.221513,36.712113],[-108.221625,36.712116],[-108.221635,36.711846],[-108.221747,36.711848],[-108.221756,36.711578],[-108.221532,36.711573],[-108.221536,36.711483],[-108.221539,36.711393],[-108.221315,36.711387],[-108.221312,36.711477],[-108.2212,36.711475],[-108.221207,36.711295],[-108.221095,36.711292],[-108.221101,36.711112],[-108.220989,36.711109],[-108.220992,36.711019],[-108.220769,36.711014],[-108.220772,36.710924],[-108.22066,36.710921],[-108.220663,36.710831],[-108.220551,36.710829],[-108.220555,36.710738],[-108.220443,36.710736],[-108.22044,36.710826],[-108.220328,36.710823],[-108.220334,36.710643],[-108.220446,36.710646],[-108.220449,36.710556],[-108.220225,36.71055],[-108.220219,36.710731],[-108.220107,36.710728],[-108.220117,36.710458],[-108.220229,36.71046],[-108.220232,36.71037],[-108.220344,36.710373],[-108.220347,36.710283],[-108.220459,36.710285],[-108.220571,36.710288],[-108.220568,36.710378],[-108.22068,36.710381],[-108.220683,36.710291],[-108.220795,36.710293],[-108.220798,36.710203],[-108.22091,36.710206],[-108.220907,36.710296],[-108.221018,36.710298],[-108.221015,36.710389],[-108.221127,36.710391],[-108.221124,36.710481],[-108.221236,36.710484],[-108.221233,36.710574],[-108.221344,36.710577],[-108.221348,36.710487],[-108.22146,36.710489],[-108.221456,36.710579],[-108.221453,36.710669],[-108.221565,36.710672],[-108.221562,36.710762],[-108.221785,36.710767],[-108.221782,36.710857],[-108.222006,36.710863],[-108.22199,36.711313],[-108.221983,36.711493],[-108.221977,36.711673],[-108.222089,36.711676],[-108.222085,36.711766],[-108.222082,36.711856],[-108.222194,36.711859],[-108.222188,36.712039],[-108.222299,36.712041],[-108.222296,36.712132],[-108.222293,36.712222],[-108.222405,36.712224],[-108.222402,36.712314],[-108.222398,36.712404],[-108.22251,36.712407],[-108.222504,36.712587],[-108.222616,36.71259],[-108.222614,36.712639],[-108.222612,36.71268],[-108.222609,36.71277],[-108.222606,36.71286],[-108.222718,36.712863],[-108.222715,36.712953],[-108.222692,36.713583],[-108.22258,36.713581],[-108.222583,36.713491],[-108.222471,36.713488],[-108.222468,36.713578],[-108.222132,36.71357],[-108.222136,36.71348],[-108.222024,36.713478],[-108.222027,36.713388],[-108.221915,36.713385],[-108.221918,36.713295],[-108.221922,36.713205],[-108.22181,36.713202],[-108.221813,36.713112],[-108.221701,36.713109],[-108.221704,36.713019],[-108.221369,36.713012],[-108.221372,36.712921],[-108.22126,36.712919],[-108.221148,36.712916],[-108.221151,36.712826],[-108.221039,36.712824],[-108.221043,36.712733],[-108.220931,36.712731],[-108.220934,36.712641],[-108.22071,36.712636],[-108.220714,36.712545],[-108.220602,36.712543],[-108.220611,36.712273],[-108.220499,36.71227],[-108.220503,36.71218],[-108.220615,36.712182]],[[-108.221618,36.712296],[-108.22173,36.712299],[-108.221737,36.712119],[-108.221625,36.712116],[-108.221618,36.712296]],[[-108.221724,36.712479],[-108.221836,36.712481],[-108.221842,36.712301],[-108.22173,36.712299],[-108.221724,36.712479]],[[-108.220667,36.710741],[-108.22067,36.710651],[-108.220558,36.710648],[-108.220555,36.710738],[-108.220667,36.710741]]]}},{"type":"Feature","properties":{},"geometry":{"type":"Polygon","coordinates":[[[-108.222804,36.713586],[-108.222794,36.713856],[-108.222682,36.713854],[-108.222685,36.713764],[-108.222692,36.713583],[-108.222804,36.713586]]]}},{"type":"Feature","properties":{},"geometry":{"type":"Polygon","coordinates":[[[-108.222792,36.717012],[-108.22268,36.717009],[-108.222687,36.716829],[-108.222799,36.716832],[-108.222796,36.716922],[-108.222792,36.717012]]]}},{"type":"Feature","properties":{},"geometry":{"type":"Polygon","coordinates":[[[-108.222904,36.717015],[-108.222901,36.717105],[-108.222789,36.717102],[-108.222792,36.717012],[-108.222904,36.717015]]]}},{"type":"Feature","properties":{},"geometry":{"type":"Polygon","coordinates":[[[-108.222786,36.717192],[-108.222674,36.717189],[-108.222677,36.717099],[-108.222789,36.717102],[-108.222786,36.717192]]]}},{"type":"Feature","properties":{},"geometry":{"type":"Polygon","coordinates":[[[-108.222763,36.717823],[-108.22276,36.717913],[-108.222648,36.71791],[-108.222651,36.71782],[-108.222763,36.717823]]]}},{"type":"Feature","properties":{},"geometry":{"type":"Polygon","coordinates":[[[-108.222974,36.718188],[-108.222971,36.718278],[-108.222859,36.718276],[-108.222862,36.718186],[-108.222974,36.718188]]]}},{"type":"Feature","properties":{},"geometry":{"type":"Polygon","coordinates":[[[-108.22307,36.718641],[-108.223066,36.718731],[-108.222955,36.718729],[-108.222961,36.718549],[-108.223073,36.718551],[-108.22307,36.718641]]]}},{"type":"Feature","properties":{},"geometry":{"type":"Polygon","coordinates":[[[-108.223175,36.718824],[-108.223063,36.718821],[-108.223066,36.718731],[-108.223178,36.718734],[-108.223175,36.718824]]]}},{"type":"Feature","properties":{},"geometry":{"type":"Polygon","coordinates":[[[-108.22498,36.721571],[-108.224977,36.721661],[-108.224865,36.721659],[-108.224868,36.721568],[-108.22498,36.721571]]]}},{"type":"Feature","properties":{},"geometry":{"type":"Polygon","coordinates":[[[-108.225089,36.721664],[-108.225086,36.721754],[-108.225079,36.721934],[-108.225191,36.721937],[-108.225184,36.722117],[-108.225296,36.722119],[-108.225293,36.722209],[-108.225405,36.722212],[-108.225403,36.722257],[-108.225402,36.722302],[-108.225066,36.722294],[-108.225073,36.722114],[-108.224961,36.722112],[-108.224967,36.721931],[-108.224855,36.721929],[-108.224858,36.721839],[-108.224747,36.721836],[-108.22475,36.721746],[-108.224862,36.721749],[-108.224974,36.721751],[-108.224977,36.721661],[-108.225089,36.721664]]]}},{"type":"Feature","properties":{},"geometry":{"type":"Polygon","coordinates":[[[-108.225823,36.723033],[-108.22582,36.723123],[-108.226044,36.723129],[-108.226041,36.723219],[-108.226153,36.723221],[-108.226149,36.723311],[-108.226373,36.723317],[-108.22637,36.723407],[-108.226482,36.723409],[-108.226479,36.723499],[-108.226814,36.723507],[-108.226811,36.723597],[-108.226923,36.7236],[-108.22692,36.72369],[-108.227032,36.723693],[-108.227029,36.723783],[-108.22714,36.723785],[-108.227134,36.723965],[-108.227358,36.723971],[-108.227355,36.724061],[-108.227466,36.724063],[-108.227578,36.724066],[-108.227575,36.724156],[-108.227911,36.724164],[-108.227908,36.724254],[-108.227904,36.724344],[-108.227903,36.724377],[-108.227901,36.724434],[-108.227898,36.724524],[-108.227895,36.724614],[-108.227783,36.724612],[-108.227776,36.724792],[-108.227888,36.724795],[-108.227882,36.724975],[-108.227994,36.724977],[-108.227987,36.725157],[-108.228211,36.725163],[-108.228208,36.725253],[-108.22832,36.725255],[-108.228316,36.725345],[-108.228428,36.725348],[-108.228425,36.725438],[-108.228649,36.725443],[-108.228646,36.725533],[-108.228869,36.725539],[-108.228866,36.725629],[-108.22909,36.725634],[-108.229093,36.725544],[-108.229205,36.725547],[-108.229202,36.725637],[-108.229195,36.725817],[-108.229307,36.725819],[-108.229304,36.725909],[-108.229301,36.726],[-108.229189,36.725997],[-108.229077,36.725994],[-108.228965,36.725992],[-108.228891,36.72599],[-108.228853,36.725989],[-108.228857,36.725899],[-108.228633,36.725894],[-108.228636,36.725804],[-108.228524,36.725801],[-108.228527,36.725711],[-108.228303,36.725706],[-108.228307,36.725616],[-108.228195,36.725613],[-108.228198,36.725523],[-108.227974,36.725518],[-108.227977,36.725428],[-108.227865,36.725425],[-108.227869,36.725335],[-108.227757,36.725332],[-108.22776,36.725242],[-108.227536,36.725237],[-108.227539,36.725147],[-108.227428,36.725144],[-108.227431,36.725054],[-108.227319,36.725052],[-108.227322,36.724962],[-108.22721,36.724959],[-108.227213,36.724869],[-108.227102,36.724866],[-108.227108,36.724686],[-108.226996,36.724684],[-108.226999,36.724593],[-108.226887,36.724591],[-108.226891,36.724501],[-108.226779,36.724498],[-108.226782,36.724408],[-108.226785,36.724318],[-108.226673,36.724315],[-108.226677,36.724225],[-108.226565,36.724223],[-108.226568,36.724133],[-108.226571,36.724043],[-108.226459,36.72404],[-108.226463,36.72395],[-108.226351,36.723947],[-108.226357,36.723767],[-108.226245,36.723764],[-108.226248,36.723674],[-108.226137,36.723672],[-108.22614,36.723582],[-108.225916,36.723576],[-108.225919,36.723486],[-108.225922,36.723396],[-108.225811,36.723394],[-108.225814,36.723304],[-108.225702,36.723301],[-108.225708,36.723121],[-108.225596,36.723118],[-108.2256,36.723028],[-108.225712,36.723031],[-108.225823,36.723033]]]}},{"type":"Feature","properties":{},"geometry":{"type":"Polygon","coordinates":[[[-108.229528,36.725915],[-108.229525,36.726005],[-108.229413,36.726002],[-108.229416,36.725912],[-108.229528,36.725915]]]}},{"type":"Feature","properties":{},"geometry":{"type":"Polygon","coordinates":[[[-108.229752,36.72592],[-108.229749,36.72601],[-108.229637,36.726007],[-108.22964,36.725917],[-108.229752,36.72592]]]}},{"type":"Feature","properties":{},"geometry":{"type":"Polygon","coordinates":[[[-108.23277,36.72608],[-108.232773,36.72599],[-108.232885,36.725993],[-108.232889,36.725903],[-108.233001,36.725905],[-108.232997,36.725995],[-108.233109,36.725998],[-108.233122,36.725638],[-108.233234,36.72564],[-108.233237,36.72555],[-108.233461,36.725555],[-108.233458,36.725646],[-108.233682,36.725651],[-108.233738,36.725652],[-108.233794,36.725653],[-108.233906,36.725656],[-108.234017,36.725659],[-108.234129,36.725661],[-108.234133,36.725571],[-108.234244,36.725574],[-108.234248,36.725484],[-108.23436,36.725486],[-108.234356,36.725576],[-108.234468,36.725579],[-108.234472,36.725489],[-108.234583,36.725491],[-108.234695,36.725494],[-108.234699,36.725404],[-108.234587,36.725401],[-108.234475,36.725399],[-108.234478,36.725309],[-108.234366,36.725306],[-108.234254,36.725303],[-108.234251,36.725393],[-108.234139,36.725391],[-108.234142,36.725301],[-108.234146,36.725211],[-108.234034,36.725208],[-108.234047,36.724848],[-108.233935,36.724845],[-108.233938,36.724755],[-108.233826,36.724752],[-108.233836,36.724482],[-108.233948,36.724485],[-108.233944,36.724575],[-108.234056,36.724577],[-108.234059,36.724487],[-108.234171,36.72449],[-108.234175,36.7244],[-108.234287,36.724403],[-108.23429,36.724312],[-108.234402,36.724315],[-108.234514,36.724318],[-108.234517,36.724228],[-108.234629,36.72423],[-108.234632,36.72414],[-108.234635,36.72405],[-108.234859,36.724055],[-108.234865,36.723875],[-108.235089,36.72388],[-108.235093,36.72379],[-108.234645,36.72378],[-108.234642,36.72387],[-108.23453,36.723867],[-108.234527,36.723957],[-108.234415,36.723955],[-108.234303,36.723952],[-108.234299,36.724042],[-108.234188,36.72404],[-108.234184,36.72413],[-108.234072,36.724127],[-108.23396,36.724124],[-108.23397,36.723854],[-108.233973,36.723764],[-108.234085,36.723767],[-108.234089,36.723677],[-108.2342,36.723679],[-108.234204,36.723589],[-108.234092,36.723587],[-108.234002,36.723584],[-108.23398,36.723584],[-108.233983,36.723494],[-108.233871,36.723491],[-108.233874,36.723401],[-108.233763,36.723399],[-108.233651,36.723396],[-108.233644,36.723576],[-108.233634,36.723846],[-108.233411,36.723841],[-108.233414,36.723751],[-108.233302,36.723748],[-108.233305,36.723658],[-108.233529,36.723664],[-108.233532,36.723574],[-108.233535,36.723483],[-108.233539,36.723393],[-108.233427,36.723391],[-108.233424,36.723481],[-108.233312,36.723478],[-108.233318,36.723298],[-108.23343,36.723301],[-108.233433,36.723211],[-108.233881,36.723221],[-108.233884,36.723131],[-108.233996,36.723133],[-108.233999,36.723043],[-108.234223,36.723049],[-108.234226,36.722959],[-108.234338,36.722961],[-108.234341,36.722871],[-108.234453,36.722874],[-108.23445,36.722964],[-108.234786,36.722972],[-108.234789,36.722881],[-108.235013,36.722887],[-108.235016,36.722797],[-108.235464,36.722807],[-108.235467,36.722717],[-108.235691,36.722722],[-108.235694,36.722632],[-108.23603,36.72264],[-108.236023,36.72282],[-108.235911,36.722817],[-108.235908,36.722907],[-108.23602,36.72291],[-108.236017,36.723],[-108.236241,36.723005],[-108.236244,36.722915],[-108.236356,36.722918],[-108.236353,36.723008],[-108.236465,36.723011],[-108.236471,36.72283],[-108.236583,36.722833],[-108.23658,36.722923],[-108.236692,36.722926],[-108.236688,36.723016],[-108.2368,36.723018],[-108.236912,36.723021],[-108.236909,36.723111],[-108.237021,36.723114],[-108.237133,36.723116],[-108.23713,36.723206],[-108.237353,36.723212],[-108.23735,36.723302],[-108.237574,36.723307],[-108.237571,36.723397],[-108.237683,36.723399],[-108.237679,36.72349],[-108.237903,36.723495],[-108.2379,36.723585],[-108.238012,36.723587],[-108.238124,36.72359],[-108.238121,36.72368],[-108.238344,36.723685],[-108.238341,36.723775],[-108.238453,36.723778],[-108.23845,36.723868],[-108.238562,36.723871],[-108.238559,36.723961],[-108.23867,36.723963],[-108.238667,36.724053],[-108.238779,36.724056],[-108.238773,36.724236],[-108.238885,36.724239],[-108.238875,36.724509],[-108.238987,36.724512],[-108.238977,36.724782],[-108.239089,36.724785],[-108.239086,36.724875],[-108.239073,36.725235],[-108.238961,36.725232],[-108.238964,36.725142],[-108.23874,36.725137],[-108.238757,36.724687],[-108.238645,36.724684],[-108.238641,36.724774],[-108.238529,36.724772],[-108.238533,36.724681],[-108.238421,36.724679],[-108.238418,36.724769],[-108.238306,36.724766],[-108.238299,36.724947],[-108.238635,36.724954],[-108.238628,36.725135],[-108.238517,36.725132],[-108.238513,36.725222],[-108.23829,36.725217],[-108.238293,36.725127],[-108.238181,36.725124],[-108.238069,36.725122],[-108.237957,36.725119],[-108.237954,36.725209],[-108.237951,36.725299],[-108.237839,36.725297],[-108.237842,36.725206],[-108.23773,36.725204],[-108.237394,36.725196],[-108.237282,36.725193],[-108.237286,36.725103],[-108.237174,36.725101],[-108.23717,36.725191],[-108.237058,36.725188],[-108.237062,36.725098],[-108.236838,36.725093],[-108.236841,36.725003],[-108.236617,36.724998],[-108.236614,36.725088],[-108.236502,36.725085],[-108.236505,36.724995],[-108.236393,36.724992],[-108.23639,36.725083],[-108.236278,36.72508],[-108.236275,36.72517],[-108.236163,36.725167],[-108.236051,36.725165],[-108.236048,36.725255],[-108.235712,36.725247],[-108.235709,36.725337],[-108.235485,36.725332],[-108.235482,36.725422],[-108.235034,36.725412],[-108.235031,36.725502],[-108.234807,36.725497],[-108.234804,36.725587],[-108.23458,36.725581],[-108.234577,36.725672],[-108.234353,36.725666],[-108.23435,36.725756],[-108.234126,36.725751],[-108.234123,36.725841],[-108.233899,36.725836],[-108.233896,36.725926],[-108.23356,36.725918],[-108.233557,36.726008],[-108.233333,36.726003],[-108.23333,36.726093],[-108.232882,36.726083],[-108.232879,36.726173],[-108.232655,36.726168],[-108.232658,36.726078],[-108.23277,36.72608]],[[-108.234811,36.725406],[-108.234814,36.725316],[-108.234702,36.725314],[-108.234699,36.725404],[-108.234811,36.725406]],[[-108.23459,36.725311],[-108.234593,36.725221],[-108.234481,36.725218],[-108.234478,36.725309],[-108.23459,36.725311]],[[-108.23405,36.724758],[-108.234053,36.724668],[-108.233941,36.724665],[-108.233938,36.724755],[-108.23405,36.724758]],[[-108.234316,36.723592],[-108.234319,36.723502],[-108.234207,36.723499],[-108.234204,36.723589],[-108.234316,36.723592]],[[-108.238187,36.724944],[-108.237852,36.724936],[-108.237848,36.725026],[-108.238184,36.725034],[-108.238187,36.724944]],[[-108.235863,36.724169],[-108.23586,36.724259],[-108.235748,36.724256],[-108.235738,36.724526],[-108.23585,36.724529],[-108.235847,36.724619],[-108.235959,36.724622],[-108.235955,36.724712],[-108.236515,36.724725],[-108.236518,36.724635],[-108.23663,36.724637],[-108.236627,36.724727],[-108.236851,36.724733],[-108.236854,36.724643],[-108.236966,36.724645],[-108.236969,36.724555],[-108.237081,36.724558],[-108.237084,36.724468],[-108.237308,36.724473],[-108.237315,36.724293],[-108.237538,36.724298],[-108.237545,36.724118],[-108.237657,36.72412],[-108.237663,36.72394],[-108.237551,36.723937],[-108.237327,36.723932],[-108.237324,36.724022],[-108.2371,36.724017],[-108.236541,36.724004],[-108.236544,36.723914],[-108.236432,36.723911],[-108.23632,36.723909],[-108.236317,36.723999],[-108.236205,36.723996],[-108.236202,36.724086],[-108.235978,36.724081],[-108.235975,36.724171],[-108.235863,36.724169]],[[-108.237733,36.725114],[-108.237736,36.725024],[-108.237624,36.725021],[-108.237621,36.725111],[-108.237733,36.725114]]]}},{"type":"Feature","properties":{},"geometry":{"type":"Polygon","coordinates":[[[-108.233746,36.723849],[-108.233743,36.723939],[-108.23374,36.724029],[-108.233516,36.724024],[-108.233519,36.723934],[-108.233631,36.723936],[-108.233634,36.723846],[-108.233746,36.723849]]]}},{"type":"Feature","properties":{},"geometry":{"type":"Polygon","coordinates":[[[-108.233295,36.723929],[-108.233407,36.723931],[-108.233404,36.724021],[-108.233292,36.724019],[-108.233295,36.723929]]]}},{"type":"Feature","properties":{},"geometry":{"type":"Polygon","coordinates":[[[-108.238174,36.725304],[-108.238062,36.725302],[-108.238066,36.725212],[-108.238178,36.725214],[-108.238174,36.725304]]]}},{"type":"Feature","properties":{},"geometry":{"type":"Polygon","coordinates":[[[-108.241285,36.726008],[-108.241173,36.726005],[-108.241177,36.725915],[-108.241624,36.725925],[-108.242184,36.725938],[-108.242181,36.726028],[-108.242293,36.726031],[-108.242296,36.725941],[-108.24252,36.725946],[-108.242523,36.725856],[-108.242747,36.725861],[-108.24275,36.725771],[-108.242974,36.725776],[-108.242977,36.725686],[-108.243089,36.725689],[-108.243092,36.725599],[-108.24354,36.725609],[-108.243543,36.725519],[-108.243767,36.725524],[-108.24377,36.725434],[-108.244106,36.725442],[-108.244218,36.725444],[-108.24433,36.725447],[-108.244333,36.725357],[-108.244557,36.725362],[-108.24455,36.725542],[-108.244326,36.725537],[-108.244323,36.725627],[-108.243987,36.725619],[-108.243984,36.72571],[-108.243872,36.725707],[-108.243869,36.725797],[-108.243645,36.725792],[-108.243642,36.725882],[-108.243194,36.725872],[-108.243191,36.725962],[-108.242967,36.725956],[-108.242964,36.726047],[-108.24274,36.726041],[-108.242737,36.726131],[-108.242625,36.726129],[-108.242622,36.726219],[-108.241615,36.726196],[-108.241503,36.726193],[-108.241391,36.72619],[-108.241394,36.7261],[-108.241282,36.726098],[-108.241285,36.726008]]]}},{"type":"Feature","properties":{},"geometry":{"type":"Polygon","coordinates":[[[-108.236499,36.725175],[-108.236387,36.725173],[-108.23639,36.725083],[-108.236502,36.725085],[-108.236499,36.725175]]]}},{"type":"Feature","properties":{},"geometry":{"type":"Polygon","coordinates":[[[-108.235972,36.724261],[-108.235975,36.724171],[-108.236087,36.724174],[-108.236084,36.724264],[-108.235972,36.724261]]]}},{"type":"Feature","properties":{},"geometry":{"type":"Polygon","coordinates":[[[-108.237321,36.724112],[-108.237324,36.724022],[-108.237436,36.724025],[-108.237433,36.724115],[-108.237321,36.724112]]]}},{"type":"Feature","properties":{},"geometry":{"type":"Polygon","coordinates":[[[-108.209832,36.706881],[-108.209835,36.706791],[-108.209947,36.706794],[-108.209944,36.706884],[-108.209832,36.706881]]]}},{"type":"Feature","properties":{},"geometry":{"type":"Polygon","coordinates":[[[-108.219017,36.716112],[-108.219241,36.716117],[-108.219244,36.716027],[-108.219692,36.716038],[-108.219688,36.716128],[-108.2198,36.716131],[-108.219797,36.716221],[-108.219909,36.716223],[-108.219906,36.716313],[-108.219682,36.716308],[-108.219679,36.716398],[-108.219567,36.716396],[-108.21957,36.716305],[-108.219346,36.7163],[-108.219122,36.716295],[-108.219126,36.716205],[-108.219014,36.716202],[-108.219017,36.716112]]]}},{"type":"Feature","properties":{},"geometry":{"type":"Polygon","coordinates":[[[-108.218868,36.720256],[-108.218979,36.720259],[-108.218976,36.720349],[-108.218864,36.720346],[-108.218868,36.720256]]]}},{"type":"Feature","properties":{},"geometry":{"type":"Polygon","coordinates":[[[-108.219398,36.72108],[-108.21951,36.721083],[-108.219506,36.721173],[-108.219395,36.72117],[-108.219398,36.72108]]]}},{"type":"Feature","properties":{},"geometry":{"type":"Polygon","coordinates":[[[-108.220063,36.721276],[-108.220066,36.721186],[-108.220178,36.721188],[-108.220175,36.721279],[-108.220063,36.721276]]]}},{"type":"Feature","properties":{},"geometry":{"type":"Polygon","coordinates":[[[-108.218829,36.721337],[-108.218832,36.721247],[-108.218944,36.72125],[-108.21894,36.72134],[-108.218829,36.721337]]]}},{"type":"Feature","properties":{},"geometry":{"type":"Polygon","coordinates":[[[-108.219928,36.721904],[-108.22004,36.721906],[-108.220037,36.721997],[-108.219925,36.721994],[-108.219928,36.721904]]]}},{"type":"Feature","properties":{},"geometry":{"type":"Polygon","coordinates":[[[-108.219362,36.722071],[-108.219365,36.721981],[-108.219477,36.721984],[-108.219474,36.722074],[-108.219362,36.722071]]]}},{"type":"Feature","properties":{},"geometry":{"type":"Polygon","coordinates":[[[-108.219247,36.722158],[-108.219359,36.722161],[-108.219356,36.722251],[-108.219244,36.722249],[-108.219247,36.722158]]]}},{"type":"Feature","properties":{},"geometry":{"type":"Polygon","coordinates":[[[-108.219352,36.722341],[-108.219464,36.722344],[-108.219461,36.722434],[-108.219349,36.722431],[-108.219352,36.722341]]]}},{"type":"Feature","properties":{},"geometry":{"type":"Polygon","coordinates":[[[-108.218631,36.736119],[-108.218743,36.736122],[-108.21874,36.736212],[-108.218628,36.736209],[-108.218631,36.736119]]]}},{"type":"Feature","properties":{},"geometry":{"type":"Polygon","coordinates":[[[-108.219126,36.747221],[-108.219238,36.747223],[-108.219235,36.747313],[-108.219232,36.747403],[-108.21912,36.747401],[-108.219126,36.747221]]]}},{"type":"Feature","properties":{},"geometry":{"type":"Polygon","coordinates":[[[-108.219229,36.747493],[-108.219341,36.747496],[-108.219337,36.747586],[-108.219225,36.747583],[-108.219229,36.747493]]]}},{"type":"Feature","properties":{},"geometry":{"type":"Polygon","coordinates":[[[-108.218647,36.751176],[-108.218644,36.751266],[-108.218532,36.751264],[-108.218535,36.751174],[-108.218647,36.751176]]]}},{"type":"Feature","properties":{},"geometry":{"type":"Polygon","coordinates":[[[-108.217602,36.755299],[-108.217605,36.755209],[-108.217717,36.755212],[-108.217714,36.755302],[-108.217602,36.755299]]]}},{"type":"Feature","properties":{},"geometry":{"type":"Polygon","coordinates":[[[-108.217721,36.755122],[-108.217833,36.755124],[-108.217829,36.755215],[-108.217717,36.755212],[-108.217721,36.755122]]]}},{"type":"Feature","properties":{},"geometry":{"type":"Polygon","coordinates":[[[-108.218603,36.755503],[-108.218606,36.755413],[-108.218718,36.755416],[-108.218715,36.755506],[-108.218603,36.755503]]]}},{"type":"Feature","properties":{},"geometry":{"type":"Polygon","coordinates":[[[-108.218146,36.755763],[-108.218258,36.755766],[-108.218254,36.755856],[-108.218142,36.755853],[-108.218146,36.755763]]]}},{"type":"Feature","properties":{},"geometry":{"type":"Polygon","coordinates":[[[-108.217806,36.755845],[-108.21781,36.755755],[-108.217922,36.755758],[-108.217918,36.755848],[-108.217806,36.755845]]]}},{"type":"Feature","properties":{},"geometry":{"type":"Polygon","coordinates":[[[-108.218114,36.759729],[-108.218226,36.759732],[-108.218223,36.759822],[-108.218111,36.759819],[-108.218114,36.759729]]]}},{"type":"Feature","properties":{},"geometry":{"type":"Polygon","coordinates":[[[-108.217663,36.759809],[-108.217775,36.759811],[-108.217772,36.759902],[-108.21766,36.759899],[-108.217663,36.759809]]]}},{"type":"Feature","properties":{},"geometry":{"type":"Polygon","coordinates":[[[-108.217884,36.759904],[-108.217887,36.759814],[-108.217999,36.759817],[-108.217996,36.759907],[-108.217884,36.759904]]]}},{"type":"Feature","properties":{},"geometry":{"type":"Polygon","coordinates":[[[-108.217433,36.759984],[-108.217436,36.759894],[-108.217439,36.759804],[-108.217551,36.759806],[-108.217545,36.759986],[-108.217433,36.759984]]]}},{"type":"Feature","properties":{},"geometry":{"type":"Polygon","coordinates":[[[-108.217097,36.759976],[-108.2171,36.759886],[-108.217212,36.759888],[-108.217209,36.759979],[-108.217097,36.759976]]]}},{"type":"Feature","properties":{},"geometry":{"type":"Polygon","coordinates":[[[-108.217762,36.760172],[-108.21765,36.760169],[-108.217426,36.760164],[-108.21743,36.760074],[-108.217653,36.760079],[-108.217657,36.759989],[-108.217769,36.759992],[-108.217765,36.760082],[-108.217762,36.760172]]]}},{"type":"Feature","properties":{},"geometry":{"type":"Polygon","coordinates":[[[-108.217087,36.760246],[-108.217199,36.760249],[-108.217196,36.760339],[-108.217084,36.760336],[-108.217087,36.760246]]]}},{"type":"Feature","properties":{},"geometry":{"type":"Polygon","coordinates":[[[-108.217383,36.783064],[-108.217389,36.782884],[-108.217501,36.782886],[-108.217495,36.783066],[-108.217383,36.783064]]]}},{"type":"Feature","properties":{},"geometry":{"type":"Polygon","coordinates":[[[-108.211864,36.789967],[-108.211752,36.789964],[-108.211749,36.790054],[-108.211525,36.790049],[-108.211522,36.790139],[-108.21141,36.790137],[-108.211406,36.790227],[-108.211182,36.790222],[-108.211176,36.790402],[-108.211064,36.790399],[-108.21106,36.790489],[-108.2105,36.790476],[-108.210504,36.790386],[-108.210616,36.790389],[-108.210619,36.790298],[-108.210625,36.790118],[-108.210737,36.790121],[-108.210754,36.78967],[-108.210757,36.78958],[-108.210869,36.789583],[-108.210866,36.789673],[-108.210978,36.789676],[-108.210984,36.789496],[-108.211096,36.789498],[-108.2111,36.789408],[-108.210988,36.789406],[-108.210991,36.789315],[-108.211103,36.789318],[-108.211215,36.789321],[-108.211218,36.789231],[-108.21133,36.789233],[-108.211333,36.789143],[-108.211337,36.789053],[-108.211449,36.789056],[-108.211452,36.788966],[-108.211564,36.788968],[-108.211567,36.788878],[-108.211571,36.788788],[-108.211683,36.788791],[-108.211686,36.788701],[-108.211798,36.788703],[-108.211801,36.788613],[-108.211913,36.788616],[-108.211923,36.788346],[-108.211926,36.788255],[-108.212038,36.788258],[-108.212041,36.788168],[-108.212265,36.788173],[-108.212272,36.787993],[-108.212048,36.787988],[-108.212058,36.787718],[-108.21217,36.78772],[-108.21218,36.78745],[-108.212068,36.787447],[-108.212071,36.787357],[-108.212183,36.78736],[-108.212186,36.78727],[-108.212298,36.787272],[-108.212301,36.787182],[-108.212413,36.787185],[-108.21242,36.787005],[-108.212644,36.78701],[-108.21265,36.78683],[-108.212762,36.786832],[-108.212766,36.786742],[-108.212878,36.786745],[-108.212881,36.786655],[-108.212884,36.786565],[-108.212996,36.786567],[-108.212999,36.786477],[-108.213111,36.78648],[-108.213115,36.78639],[-108.213227,36.786393],[-108.213233,36.786212],[-108.213345,36.786215],[-108.213352,36.786035],[-108.213464,36.786037],[-108.213461,36.786128],[-108.213573,36.78613],[-108.213576,36.78604],[-108.213688,36.786043],[-108.213691,36.785953],[-108.213915,36.785958],[-108.214139,36.785963],[-108.214142,36.785873],[-108.214155,36.785513],[-108.214379,36.785518],[-108.214383,36.785428],[-108.214495,36.785431],[-108.214498,36.78534],[-108.21461,36.785343],[-108.214613,36.785253],[-108.214725,36.785256],[-108.214728,36.785166],[-108.214732,36.785075],[-108.214844,36.785078],[-108.21485,36.784898],[-108.214962,36.784901],[-108.215074,36.784903],[-108.215081,36.784723],[-108.215193,36.784726],[-108.215196,36.784635],[-108.215084,36.784633],[-108.215087,36.784543],[-108.215094,36.784363],[-108.214982,36.78436],[-108.21487,36.784357],[-108.21488,36.784087],[-108.214768,36.784084],[-108.214764,36.784175],[-108.214652,36.784172],[-108.214649,36.784262],[-108.214537,36.784259],[-108.21454,36.784169],[-108.214428,36.784167],[-108.214438,36.783896],[-108.21455,36.783899],[-108.214553,36.783809],[-108.214665,36.783812],[-108.214777,36.783814],[-108.214781,36.783724],[-108.214893,36.783727],[-108.214899,36.783547],[-108.214787,36.783544],[-108.21479,36.783454],[-108.214902,36.783457],[-108.214906,36.783366],[-108.215018,36.783369],[-108.215021,36.783279],[-108.215133,36.783282],[-108.215136,36.783192],[-108.215472,36.783199],[-108.215488,36.782749],[-108.2156,36.782752],[-108.215604,36.782662],[-108.21561,36.782481],[-108.215498,36.782479],[-108.215505,36.782299],[-108.215617,36.782301],[-108.21562,36.782211],[-108.215732,36.782214],[-108.215735,36.782124],[-108.215847,36.782126],[-108.215851,36.782036],[-108.216074,36.782041],[-108.216078,36.781951],[-108.21619,36.781954],[-108.216193,36.781864],[-108.216305,36.781866],[-108.216308,36.781776],[-108.216532,36.781782],[-108.216536,36.781692],[-108.216759,36.781697],[-108.216763,36.781607],[-108.216987,36.781612],[-108.21699,36.781522],[-108.217214,36.781527],[-108.217217,36.781437],[-108.217665,36.781448],[-108.217668,36.781357],[-108.21778,36.78136],[-108.217784,36.78127],[-108.217896,36.781273],[-108.217899,36.781183],[-108.218123,36.781188],[-108.218126,36.781098],[-108.218238,36.7811],[-108.218241,36.78101],[-108.218353,36.781013],[-108.21836,36.780833],[-108.218472,36.780835],[-108.218475,36.780745],[-108.218478,36.780655],[-108.21859,36.780658],[-108.218594,36.780568],[-108.218706,36.78057],[-108.218709,36.78048],[-108.218821,36.780483],[-108.218824,36.780393],[-108.218936,36.780395],[-108.218939,36.780305],[-108.219051,36.780308],[-108.219055,36.780218],[-108.219279,36.780223],[-108.219282,36.780133],[-108.219394,36.780136],[-108.219397,36.780045],[-108.219621,36.780051],[-108.219624,36.779961],[-108.219848,36.779966],[-108.219855,36.779786],[-108.219967,36.779788],[-108.21997,36.779698],[-108.220082,36.779701],[-108.220089,36.779521],[-108.220201,36.779523],[-108.220204,36.779433],[-108.220428,36.779438],[-108.220425,36.779529],[-108.220313,36.779526],[-108.220306,36.779706],[-108.220194,36.779703],[-108.220188,36.779884],[-108.219964,36.779878],[-108.219954,36.780149],[-108.219842,36.780146],[-108.219829,36.780506],[-108.219717,36.780504],[-108.219714,36.780594],[-108.219826,36.780596],[-108.219822,36.780687],[-108.21971,36.780684],[-108.219691,36.781224],[-108.219579,36.781222],[-108.219572,36.781402],[-108.219684,36.781405],[-108.219681,36.781495],[-108.219569,36.781492],[-108.219563,36.781672],[-108.219675,36.781675],[-108.219671,36.781765],[-108.219783,36.781768],[-108.219787,36.781677],[-108.219899,36.78168],[-108.219895,36.78177],[-108.219889,36.78195],[-108.219553,36.781943],[-108.219559,36.781762],[-108.219447,36.78176],[-108.219444,36.78185],[-108.21922,36.781845],[-108.219217,36.781935],[-108.219105,36.781932],[-108.219108,36.781842],[-108.218884,36.781837],[-108.218548,36.781829],[-108.218545,36.781919],[-108.218433,36.781916],[-108.218436,36.781826],[-108.218324,36.781824],[-108.218321,36.781914],[-108.218314,36.782094],[-108.217978,36.782086],[-108.217982,36.781996],[-108.217758,36.781991],[-108.217754,36.782081],[-108.217866,36.782083],[-108.217863,36.782173],[-108.217751,36.782171],[-108.217748,36.782261],[-108.217636,36.782258],[-108.217642,36.782078],[-108.217418,36.782073],[-108.217415,36.782163],[-108.217303,36.78216],[-108.2173,36.78225],[-108.217412,36.782253],[-108.217409,36.782343],[-108.217297,36.782341],[-108.217293,36.782431],[-108.217181,36.782428],[-108.217178,36.782518],[-108.216954,36.782513],[-108.216957,36.782423],[-108.216845,36.78242],[-108.216839,36.7826],[-108.216951,36.782603],[-108.216948,36.782693],[-108.216724,36.782688],[-108.21672,36.782778],[-108.216832,36.78278],[-108.216829,36.782871],[-108.216717,36.782868],[-108.216711,36.783048],[-108.216823,36.783051],[-108.216819,36.783141],[-108.217155,36.783149],[-108.217159,36.783059],[-108.217383,36.783064],[-108.217379,36.783154],[-108.217267,36.783151],[-108.217264,36.783241],[-108.217152,36.783239],[-108.217149,36.783329],[-108.217037,36.783326],[-108.217034,36.783416],[-108.216922,36.783414],[-108.216918,36.783504],[-108.216358,36.783491],[-108.216355,36.783581],[-108.216243,36.783578],[-108.216233,36.783848],[-108.216345,36.783851],[-108.216339,36.784031],[-108.216451,36.784034],[-108.216434,36.784484],[-108.216546,36.784487],[-108.21655,36.784397],[-108.216662,36.784399],[-108.216665,36.784309],[-108.216777,36.784312],[-108.21678,36.784222],[-108.216892,36.784224],[-108.216895,36.784134],[-108.217119,36.78414],[-108.217123,36.784049],[-108.217235,36.784052],[-108.217238,36.783962],[-108.217574,36.78397],[-108.217571,36.78406],[-108.217795,36.784065],[-108.217785,36.784335],[-108.217897,36.784338],[-108.21789,36.784518],[-108.218002,36.784521],[-108.217989,36.784881],[-108.217986,36.784971],[-108.217983,36.785061],[-108.218095,36.785064],[-108.218085,36.785334],[-108.217973,36.785332],[-108.21797,36.785422],[-108.217858,36.785419],[-108.217855,36.785509],[-108.217743,36.785507],[-108.217736,36.785687],[-108.217624,36.785684],[-108.217621,36.785774],[-108.217509,36.785772],[-108.217506,36.785862],[-108.21717,36.785854],[-108.216946,36.785849],[-108.216942,36.785939],[-108.216606,36.785931],[-108.216603,36.786021],[-108.216491,36.786018],[-108.216267,36.786013],[-108.216264,36.786103],[-108.21604,36.786098],[-108.216036,36.786188],[-108.215924,36.786185],[-108.215918,36.786365],[-108.215915,36.786456],[-108.215892,36.787086],[-108.21578,36.787084],[-108.21577,36.787354],[-108.215658,36.787351],[-108.215642,36.787802],[-108.21553,36.787799],[-108.215527,36.787889],[-108.215415,36.787886],[-108.215411,36.787976],[-108.215299,36.787974],[-108.215296,36.788064],[-108.215072,36.788059],[-108.215069,36.788149],[-108.214957,36.788146],[-108.214953,36.788236],[-108.214729,36.788231],[-108.214726,36.788321],[-108.214614,36.788318],[-108.214611,36.788409],[-108.214499,36.788406],[-108.214496,36.788496],[-108.214384,36.788493],[-108.21438,36.788583],[-108.214268,36.788581],[-108.214265,36.788671],[-108.214153,36.788668],[-108.214147,36.788848],[-108.214035,36.788846],[-108.214031,36.788936],[-108.214018,36.789296],[-108.214004,36.789695],[-108.213999,36.789837],[-108.213995,36.789927],[-108.213883,36.789924],[-108.213877,36.790104],[-108.213653,36.790099],[-108.213659,36.789919],[-108.213547,36.789916],[-108.213554,36.789736],[-108.213442,36.789734],[-108.213445,36.789643],[-108.213333,36.789641],[-108.213336,36.789551],[-108.213224,36.789548],[-108.213234,36.789278],[-108.213346,36.789281],[-108.213353,36.7891],[-108.213129,36.789095],[-108.213126,36.789185],[-108.213014,36.789183],[-108.21302,36.789002],[-108.212796,36.788997],[-108.212799,36.788907],[-108.212911,36.78891],[-108.212915,36.78882],[-108.213027,36.788822],[-108.21303,36.788732],[-108.212806,36.788727],[-108.212803,36.788817],[-108.212691,36.788814],[-108.212681,36.789085],[-108.212793,36.789087],[-108.212789,36.789177],[-108.212901,36.78918],[-108.212895,36.78936],[-108.212447,36.78935],[-108.212444,36.78944],[-108.212668,36.789445],[-108.212664,36.789535],[-108.212216,36.789524],[-108.21221,36.789705],[-108.211986,36.789699],[-108.211983,36.789789],[-108.212095,36.789792],[-108.212091,36.789882],[-108.211867,36.789877],[-108.211864,36.789967]],[[-108.212565,36.789172],[-108.212562,36.789262],[-108.212786,36.789267],[-108.212789,36.789177],[-108.212565,36.789172]],[[-108.217423,36.785048],[-108.217426,36.784958],[-108.217314,36.784956],[-108.217317,36.784866],[-108.217205,36.784863],[-108.217212,36.784683],[-108.216876,36.784675],[-108.216866,36.784945],[-108.216978,36.784948],[-108.216972,36.785128],[-108.217308,36.785136],[-108.217311,36.785046],[-108.217423,36.785048]]]}},{"type":"Feature","properties":{},"geometry":{"type":"Polygon","coordinates":[[[-108.213467,36.785947],[-108.213579,36.78595],[-108.213576,36.78604],[-108.213464,36.786037],[-108.213467,36.785947]]]}},{"type":"Feature","properties":{},"geometry":{"type":"Polygon","coordinates":[[[-108.216107,36.737773],[-108.21611,36.737683],[-108.216113,36.737593],[-108.216225,36.737596],[-108.216219,36.737776],[-108.216107,36.737773]]]}},{"type":"Feature","properties":{},"geometry":{"type":"Polygon","coordinates":[[[-108.215177,36.741809],[-108.215289,36.741811],[-108.215285,36.741901],[-108.215174,36.741899],[-108.215177,36.741809]]]}},{"type":"Feature","properties":{},"geometry":{"type":"Polygon","coordinates":[[[-108.21638,36.745714],[-108.216492,36.745716],[-108.216489,36.745806],[-108.216377,36.745804],[-108.21638,36.745714]]]}},{"type":"Feature","properties":{},"geometry":{"type":"Polygon","coordinates":[[[-108.215374,36.758042],[-108.215486,36.758045],[-108.215483,36.758135],[-108.215371,36.758132],[-108.215374,36.758042]]]}},{"type":"Feature","properties":{},"geometry":{"type":"Polygon","coordinates":[[[-108.214696,36.758207],[-108.214808,36.758209],[-108.21492,36.758212],[-108.214916,36.758302],[-108.214804,36.758299],[-108.214798,36.75848],[-108.214686,36.758477],[-108.214696,36.758207]]]}},{"type":"Feature","properties":{},"geometry":{"type":"Polygon","coordinates":[[[-108.214571,36.758564],[-108.214683,36.758567],[-108.214679,36.758657],[-108.214567,36.758654],[-108.214571,36.758564]]]}},{"type":"Feature","properties":{},"geometry":{"type":"Polygon","coordinates":[[[-108.214222,36.758917],[-108.214225,36.758827],[-108.214337,36.758829],[-108.21433,36.75901],[-108.214219,36.759007],[-108.214222,36.758917]]]}},{"type":"Feature","properties":{},"geometry":{"type":"Polygon","coordinates":[[[-108.214666,36.759017],[-108.21467,36.758927],[-108.214782,36.75893],[-108.214778,36.75902],[-108.214666,36.759017]]]}},{"type":"Feature","properties":{},"geometry":{"type":"Polygon","coordinates":[[[-108.213985,36.759272],[-108.213873,36.759269],[-108.21387,36.759359],[-108.213863,36.75954],[-108.213751,36.759537],[-108.213754,36.759447],[-108.21353,36.759442],[-108.213537,36.759261],[-108.213761,36.759267],[-108.213767,36.759086],[-108.213879,36.759089],[-108.213883,36.758999],[-108.213886,36.758909],[-108.213998,36.758912],[-108.213985,36.759272]]]}},{"type":"Feature","properties":{},"geometry":{"type":"Polygon","coordinates":[[[-108.214762,36.75947],[-108.214874,36.759473],[-108.214867,36.759653],[-108.214755,36.759651],[-108.214762,36.75947]]]}},{"type":"Feature","properties":{},"geometry":{"type":"Polygon","coordinates":[[[-108.213745,36.759717],[-108.213748,36.759627],[-108.21386,36.75963],[-108.213857,36.75972],[-108.213745,36.759717]]]}},{"type":"Feature","properties":{},"geometry":{"type":"Polygon","coordinates":[[[-108.214084,36.759635],[-108.21408,36.759725],[-108.213969,36.759722],[-108.213972,36.759632],[-108.214084,36.759635]]]}},{"type":"Feature","properties":{},"geometry":{"type":"Polygon","coordinates":[[[-108.214746,36.759921],[-108.214634,36.759918],[-108.214637,36.759828],[-108.214749,36.759831],[-108.214746,36.759921]]]}},{"type":"Feature","properties":{},"geometry":{"type":"Polygon","coordinates":[[[-108.21463,36.760008],[-108.214627,36.760096],[-108.214627,36.760098],[-108.214624,36.760188],[-108.214512,36.760186],[-108.214522,36.759916],[-108.214634,36.759918],[-108.21463,36.760008]]]}},{"type":"Feature","properties":{},"geometry":{"type":"Polygon","coordinates":[[[-108.214074,36.759905],[-108.21385,36.7599],[-108.213857,36.75972],[-108.213969,36.759722],[-108.213965,36.759812],[-108.214077,36.759815],[-108.214074,36.759905]]]}},{"type":"Feature","properties":{},"geometry":{"type":"Polygon","coordinates":[[[-108.214157,36.760719],[-108.214269,36.760721],[-108.214265,36.760811],[-108.214153,36.760809],[-108.214157,36.760719]]]}},{"type":"Feature","properties":{},"geometry":{"type":"Polygon","coordinates":[[[-108.213702,36.760888],[-108.213705,36.760798],[-108.213817,36.760801],[-108.213814,36.760891],[-108.213702,36.760888]]]}},{"type":"Feature","properties":{},"geometry":{"type":"Polygon","coordinates":[[[-108.214914,36.761458],[-108.215026,36.76146],[-108.215023,36.76155],[-108.214911,36.761548],[-108.214914,36.761458]]]}},{"type":"Feature","properties":{},"geometry":{"type":"Polygon","coordinates":[[[-108.214335,36.761985],[-108.214447,36.761988],[-108.214444,36.762078],[-108.214332,36.762075],[-108.214335,36.761985]]]}},{"type":"Feature","properties":{},"geometry":{"type":"Polygon","coordinates":[[[-108.213749,36.762692],[-108.213861,36.762695],[-108.213858,36.762785],[-108.213746,36.762783],[-108.213749,36.762692]]]}},{"type":"Feature","properties":{},"geometry":{"type":"Polygon","coordinates":[[[-108.215261,36.782834],[-108.215373,36.782836],[-108.21537,36.782927],[-108.215258,36.782924],[-108.215261,36.782834]]]}},{"type":"Feature","properties":{},"geometry":{"type":"Polygon","coordinates":[[[-108.215143,36.783011],[-108.215255,36.783014],[-108.215367,36.783017],[-108.215363,36.783107],[-108.215139,36.783101],[-108.215143,36.783011]]]}},{"type":"Feature","properties":{},"geometry":{"type":"Polygon","coordinates":[[[-108.214682,36.783361],[-108.214794,36.783364],[-108.21479,36.783454],[-108.214678,36.783451],[-108.214682,36.783361]]]}},{"type":"Feature","properties":{},"geometry":{"type":"Polygon","coordinates":[[[-108.213378,36.785314],[-108.213375,36.785404],[-108.213371,36.785494],[-108.213368,36.785584],[-108.213256,36.785582],[-108.213266,36.785312],[-108.213378,36.785314]]]}},{"type":"Feature","properties":{},"geometry":{"type":"Polygon","coordinates":[[[-108.213961,36.697962],[-108.213964,36.697872],[-108.214076,36.697874],[-108.214073,36.697964],[-108.213961,36.697962]]]}},{"type":"Feature","properties":{},"geometry":{"type":"Polygon","coordinates":[[[-108.213289,36.704167],[-108.213401,36.70417],[-108.213513,36.704172],[-108.213625,36.704175],[-108.213618,36.704355],[-108.213506,36.704352],[-108.21351,36.704262],[-108.213398,36.70426],[-108.213395,36.70435],[-108.213283,36.704347],[-108.213289,36.704167]]]}},{"type":"Feature","properties":{},"geometry":{"type":"Polygon","coordinates":[[[-108.213875,36.73754],[-108.213987,36.737543],[-108.214099,36.737546],[-108.214095,36.737636],[-108.213983,36.737633],[-108.213872,36.737631],[-108.213875,36.73754]]]}},{"type":"Feature","properties":{},"geometry":{"type":"Polygon","coordinates":[[[-108.213105,36.740227],[-108.213217,36.74023],[-108.213214,36.74032],[-108.213102,36.740317],[-108.213105,36.740227]]]}},{"type":"Feature","properties":{},"geometry":{"type":"Polygon","coordinates":[[[-108.213639,36.740961],[-108.213642,36.740871],[-108.213754,36.740874],[-108.213751,36.740964],[-108.213639,36.740961]]]}},{"type":"Feature","properties":{},"geometry":{"type":"Polygon","coordinates":[[[-108.21331,36.759346],[-108.213422,36.759349],[-108.213415,36.759529],[-108.213303,36.759526],[-108.2133,36.759616],[-108.213188,36.759614],[-108.213191,36.759524],[-108.213079,36.759521],[-108.213076,36.759611],[-108.212852,36.759606],[-108.212849,36.759696],[-108.212625,36.759691],[-108.212628,36.759601],[-108.212516,36.759598],[-108.21252,36.759508],[-108.212632,36.759511],[-108.212635,36.759421],[-108.212747,36.759423],[-108.212743,36.759513],[-108.212855,36.759516],[-108.212862,36.759336],[-108.212974,36.759338],[-108.212971,36.759428],[-108.213083,36.759431],[-108.213086,36.759341],[-108.21331,36.759346]]]}},{"type":"Feature","properties":{},"geometry":{"type":"Polygon","coordinates":[[[-108.212622,36.759781],[-108.212286,36.759773],[-108.212289,36.759683],[-108.212625,36.759691],[-108.212622,36.759781]]]}},{"type":"Feature","properties":{},"geometry":{"type":"Polygon","coordinates":[[[-108.212283,36.759863],[-108.212171,36.759861],[-108.212167,36.759951],[-108.212055,36.759948],[-108.212062,36.759768],[-108.212118,36.759769],[-108.212174,36.75977],[-108.212286,36.759773],[-108.212283,36.759863]]]}},{"type":"Feature","properties":{},"geometry":{"type":"Polygon","coordinates":[[[-108.213524,36.759622],[-108.213636,36.759624],[-108.213629,36.759805],[-108.213517,36.759802],[-108.213524,36.759622]]]}},{"type":"Feature","properties":{},"geometry":{"type":"Polygon","coordinates":[[[-108.212161,36.760131],[-108.212164,36.760041],[-108.212276,36.760043],[-108.212273,36.760133],[-108.212161,36.760131]]]}},{"type":"Feature","properties":{},"geometry":{"type":"Polygon","coordinates":[[[-108.212614,36.760001],[-108.212615,36.759961],[-108.212618,36.759871],[-108.21273,36.759874],[-108.212721,36.760144],[-108.212609,36.760141],[-108.212612,36.760051],[-108.212614,36.760001]]]}},{"type":"Feature","properties":{},"geometry":{"type":"Polygon","coordinates":[[[-108.212734,36.759784],[-108.212846,36.759786],[-108.212842,36.759876],[-108.21273,36.759874],[-108.212734,36.759784]]]}},{"type":"Feature","properties":{},"geometry":{"type":"Polygon","coordinates":[[[-108.212954,36.759879],[-108.212958,36.759789],[-108.21307,36.759791],[-108.213073,36.759701],[-108.213185,36.759704],[-108.213182,36.759794],[-108.213405,36.759799],[-108.213402,36.759889],[-108.213514,36.759892],[-108.213504,36.760162],[-108.213495,36.760433],[-108.213383,36.76043],[-108.213386,36.76034],[-108.213162,36.760335],[-108.213165,36.760244],[-108.213053,36.760242],[-108.21306,36.760062],[-108.213172,36.760064],[-108.213175,36.759974],[-108.212951,36.759969],[-108.212948,36.760059],[-108.212836,36.760056],[-108.212842,36.759876],[-108.212954,36.759879]]]}},{"type":"Feature","properties":{},"geometry":{"type":"Polygon","coordinates":[[[-108.211134,36.760648],[-108.211022,36.760645],[-108.211025,36.760555],[-108.211137,36.760558],[-108.211134,36.760648]]]}},{"type":"Feature","properties":{},"geometry":{"type":"Polygon","coordinates":[[[-108.211018,36.760735],[-108.210906,36.760732],[-108.21091,36.760642],[-108.211022,36.760645],[-108.211018,36.760735]]]}},{"type":"Feature","properties":{},"geometry":{"type":"Polygon","coordinates":[[[-108.210903,36.760823],[-108.211127,36.760828],[-108.211124,36.760918],[-108.2109,36.760913],[-108.210903,36.760823]]]}},{"type":"Feature","properties":{},"geometry":{"type":"Polygon","coordinates":[[[-108.211242,36.76074],[-108.21113,36.760738],[-108.211134,36.760648],[-108.211246,36.76065],[-108.211358,36.760653],[-108.211354,36.760743],[-108.211466,36.760746],[-108.211469,36.760656],[-108.211581,36.760658],[-108.211585,36.760568],[-108.211697,36.760571],[-108.211693,36.760661],[-108.21169,36.760751],[-108.211687,36.760841],[-108.211575,36.760838],[-108.211572,36.760928],[-108.21146,36.760926],[-108.211456,36.761016],[-108.211233,36.761011],[-108.211236,36.760921],[-108.211348,36.760923],[-108.211351,36.760833],[-108.211239,36.76083],[-108.211242,36.76074]]]}},{"type":"Feature","properties":{},"geometry":{"type":"Polygon","coordinates":[[[-108.211703,36.760391],[-108.211815,36.760393],[-108.211809,36.760573],[-108.211697,36.760571],[-108.211703,36.760391]]]}},{"type":"Feature","properties":{},"geometry":{"type":"Polygon","coordinates":[[[-108.211818,36.760303],[-108.211822,36.760213],[-108.211934,36.760216],[-108.21193,36.760306],[-108.211818,36.760303]]]}},{"type":"Feature","properties":{},"geometry":{"type":"Polygon","coordinates":[[[-108.21194,36.760035],[-108.211828,36.760033],[-108.211831,36.759943],[-108.212055,36.759948],[-108.212049,36.760128],[-108.211937,36.760126],[-108.21194,36.760035]]]}},{"type":"Feature","properties":{},"geometry":{"type":"Polygon","coordinates":[[[-108.211779,36.761384],[-108.211667,36.761381],[-108.211671,36.761291],[-108.211894,36.761297],[-108.211891,36.761387],[-108.211779,36.761384]]]}},{"type":"Feature","properties":{},"geometry":{"type":"Polygon","coordinates":[[[-108.211559,36.761289],[-108.211565,36.761109],[-108.211677,36.761111],[-108.211671,36.761291],[-108.211559,36.761289]]]}},{"type":"Feature","properties":{},"geometry":{"type":"Polygon","coordinates":[[[-108.211453,36.761106],[-108.211456,36.761016],[-108.211568,36.761018],[-108.211565,36.761109],[-108.211453,36.761106]]]}},{"type":"Feature","properties":{},"geometry":{"type":"Polygon","coordinates":[[[-108.212475,36.763835],[-108.212587,36.763837],[-108.212584,36.763927],[-108.212472,36.763925],[-108.212475,36.763835]]]}},{"type":"Feature","properties":{},"geometry":{"type":"Polygon","coordinates":[[[-108.211902,36.764182],[-108.212014,36.764185],[-108.212011,36.764275],[-108.211899,36.764272],[-108.211902,36.764182]]]}},{"type":"Feature","properties":{},"geometry":{"type":"Polygon","coordinates":[[[-108.211376,36.766333],[-108.211488,36.766336],[-108.211485,36.766426],[-108.211373,36.766424],[-108.211376,36.766333]]]}},{"type":"Feature","properties":{},"geometry":{"type":"Polygon","coordinates":[[[-108.211494,36.766156],[-108.211606,36.766159],[-108.211603,36.766249],[-108.211715,36.766251],[-108.211712,36.766341],[-108.211708,36.766431],[-108.211596,36.766429],[-108.2116,36.766339],[-108.211488,36.766336],[-108.211494,36.766156]]]}},{"type":"Feature","properties":{},"geometry":{"type":"Polygon","coordinates":[[[-108.2108,36.766771],[-108.210912,36.766773],[-108.210902,36.767044],[-108.21079,36.767041],[-108.2108,36.766771]]]}},{"type":"Feature","properties":{},"geometry":{"type":"Polygon","coordinates":[[[-108.211159,36.769214],[-108.211271,36.769216],[-108.211268,36.769306],[-108.211156,36.769304],[-108.211159,36.769214]]]}},{"type":"Feature","properties":{},"geometry":{"type":"Polygon","coordinates":[[[-108.211146,36.769574],[-108.211034,36.769571],[-108.211041,36.769391],[-108.211153,36.769394],[-108.21115,36.769484],[-108.211146,36.769574]]]}},{"type":"Feature","properties":{},"geometry":{"type":"Polygon","coordinates":[[[-108.210637,36.77434],[-108.210634,36.774431],[-108.210746,36.774433],[-108.210739,36.774613],[-108.210627,36.774611],[-108.210516,36.774608],[-108.210522,36.774428],[-108.210525,36.774338],[-108.210637,36.77434]]]}},{"type":"Feature","properties":{},"geometry":{"type":"Polygon","coordinates":[[[-108.212622,36.78142],[-108.212626,36.781329],[-108.212738,36.781332],[-108.212728,36.781602],[-108.212616,36.7816],[-108.212504,36.781597],[-108.212507,36.781507],[-108.212619,36.78151],[-108.212622,36.78142]]]}},{"type":"Feature","properties":{},"geometry":{"type":"Polygon","coordinates":[[[-108.212036,36.782127],[-108.211924,36.782124],[-108.211921,36.782215],[-108.211809,36.782212],[-108.211812,36.782122],[-108.211816,36.782032],[-108.211927,36.782034],[-108.211931,36.781944],[-108.212043,36.781947],[-108.212046,36.781857],[-108.212158,36.781859],[-108.212148,36.78213],[-108.212036,36.782127]]]}},{"type":"Feature","properties":{},"geometry":{"type":"Polygon","coordinates":[[[-108.212161,36.781769],[-108.212273,36.781772],[-108.21227,36.781862],[-108.212158,36.781859],[-108.212161,36.781769]]]}},{"type":"Feature","properties":{},"geometry":{"type":"Polygon","coordinates":[[[-108.212542,36.786737],[-108.212654,36.78674],[-108.21265,36.78683],[-108.212538,36.786827],[-108.212542,36.786737]]]}},{"type":"Feature","properties":{},"geometry":{"type":"Polygon","coordinates":[[[-108.212314,36.786822],[-108.212426,36.786825],[-108.212423,36.786915],[-108.212311,36.786912],[-108.212314,36.786822]]]}},{"type":"Feature","properties":{},"geometry":{"type":"Polygon","coordinates":[[[-108.210746,36.715648],[-108.210858,36.715651],[-108.210855,36.715741],[-108.210743,36.715738],[-108.210746,36.715648]]]}},{"type":"Feature","properties":{},"geometry":{"type":"Polygon","coordinates":[[[-108.210421,36.761758],[-108.210419,36.761803],[-108.210307,36.7618],[-108.210311,36.76171],[-108.210423,36.761713],[-108.210421,36.761758]]]}},{"type":"Feature","properties":{},"geometry":{"type":"Polygon","coordinates":[[[-108.210416,36.761893],[-108.210528,36.761896],[-108.210525,36.761986],[-108.210487,36.761985],[-108.210413,36.761983],[-108.210416,36.761893]]]}},{"type":"Feature","properties":{},"geometry":{"type":"Polygon","coordinates":[[[-108.210742,36.762171],[-108.21063,36.762169],[-108.210634,36.762078],[-108.210745,36.762081],[-108.210742,36.762171]]]}},{"type":"Feature","properties":{},"geometry":{"type":"Polygon","coordinates":[[[-108.210403,36.762253],[-108.210515,36.762256],[-108.210512,36.762346],[-108.2104,36.762343],[-108.210403,36.762253]]]}},{"type":"Feature","properties":{},"geometry":{"type":"Polygon","coordinates":[[[-108.209619,36.762235],[-108.209731,36.762238],[-108.209728,36.762328],[-108.209616,36.762325],[-108.209619,36.762235]]]}},{"type":"Feature","properties":{},"geometry":{"type":"Polygon","coordinates":[[[-108.210285,36.762431],[-108.210397,36.762434],[-108.210393,36.762524],[-108.210281,36.762521],[-108.210285,36.762431]]]}},{"type":"Feature","properties":{},"geometry":{"type":"Polygon","coordinates":[[[-108.20995,36.765489],[-108.210062,36.765491],[-108.210058,36.765581],[-108.209946,36.765579],[-108.20995,36.765489]]]}},{"type":"Feature","properties":{},"geometry":{"type":"Polygon","coordinates":[[[-108.209614,36.765481],[-108.209838,36.765486],[-108.209834,36.765576],[-108.209722,36.765573],[-108.20961,36.765571],[-108.209614,36.765481]]]}},{"type":"Feature","properties":{},"geometry":{"type":"Polygon","coordinates":[[[-108.209821,36.765936],[-108.209828,36.765756],[-108.20994,36.765759],[-108.209937,36.765849],[-108.209933,36.765939],[-108.209821,36.765936]]]}},{"type":"Feature","properties":{},"geometry":{"type":"Polygon","coordinates":[[[-108.209598,36.76592],[-108.209601,36.765841],[-108.209713,36.765844],[-108.209709,36.765934],[-108.209597,36.765931],[-108.209598,36.76592]]]}},{"type":"Feature","properties":{},"geometry":{"type":"Polygon","coordinates":[[[-108.20938,36.765746],[-108.209492,36.765748],[-108.209489,36.765838],[-108.209377,36.765836],[-108.20938,36.765746]]]}},{"type":"Feature","properties":{},"geometry":{"type":"Polygon","coordinates":[[[-108.209364,36.766196],[-108.209476,36.766199],[-108.209472,36.766289],[-108.20936,36.766286],[-108.209364,36.766196]]]}},{"type":"Feature","properties":{},"geometry":{"type":"Polygon","coordinates":[[[-108.209789,36.766837],[-108.210013,36.766842],[-108.210009,36.766933],[-108.210006,36.767023],[-108.209894,36.76702],[-108.209891,36.76711],[-108.209779,36.767107],[-108.209782,36.767017],[-108.209789,36.766837]]]}},{"type":"Feature","properties":{},"geometry":{"type":"Polygon","coordinates":[[[-108.210131,36.766665],[-108.210134,36.766575],[-108.210246,36.766577],[-108.210243,36.766668],[-108.210131,36.766665]]]}},{"type":"Feature","properties":{},"geometry":{"type":"Polygon","coordinates":[[[-108.210508,36.766584],[-108.210582,36.766585],[-108.210569,36.766946],[-108.210457,36.766943],[-108.210462,36.766818],[-108.210464,36.766763],[-108.21047,36.766583],[-108.210508,36.766584]]]}},{"type":"Feature","properties":{},"geometry":{"type":"Polygon","coordinates":[[[-108.210003,36.767113],[-108.210006,36.767023],[-108.210118,36.767025],[-108.210115,36.767115],[-108.210003,36.767113]]]}},{"type":"Feature","properties":{},"geometry":{"type":"Polygon","coordinates":[[[-108.21,36.767203],[-108.209888,36.7672],[-108.209891,36.76711],[-108.210003,36.767113],[-108.21,36.767203]]]}},{"type":"Feature","properties":{},"geometry":{"type":"Polygon","coordinates":[[[-108.209147,36.769076],[-108.209144,36.769166],[-108.209032,36.769164],[-108.209035,36.769074],[-108.209147,36.769076]]]}},{"type":"Feature","properties":{},"geometry":{"type":"Polygon","coordinates":[[[-108.209358,36.769442],[-108.20947,36.769444],[-108.209463,36.769625],[-108.209351,36.769622],[-108.209355,36.769532],[-108.209358,36.769442]]]}},{"type":"Feature","properties":{},"geometry":{"type":"Polygon","coordinates":[[[-108.208769,36.770239],[-108.208772,36.770149],[-108.208884,36.770152],[-108.208881,36.770242],[-108.208769,36.770239]]]}},{"type":"Feature","properties":{},"geometry":{"type":"Polygon","coordinates":[[[-108.209549,36.770348],[-108.209553,36.770258],[-108.209665,36.77026],[-108.209661,36.77035],[-108.209549,36.770348]]]}},{"type":"Feature","properties":{},"geometry":{"type":"Polygon","coordinates":[[[-108.208765,36.770329],[-108.208877,36.770332],[-108.208874,36.770422],[-108.208762,36.77042],[-108.208765,36.770329]]]}},{"type":"Feature","properties":{},"geometry":{"type":"Polygon","coordinates":[[[-108.209651,36.770621],[-108.209655,36.770531],[-108.209543,36.770528],[-108.209546,36.770438],[-108.209658,36.770441],[-108.20977,36.770443],[-108.209767,36.770533],[-108.209763,36.770623],[-108.209651,36.770621]]]}},{"type":"Feature","properties":{},"geometry":{"type":"Polygon","coordinates":[[[-108.208644,36.770597],[-108.208756,36.7706],[-108.208752,36.77069],[-108.20864,36.770687],[-108.208644,36.770597]]]}},{"type":"Feature","properties":{},"geometry":{"type":"Polygon","coordinates":[[[-108.208345,36.772664],[-108.208457,36.772666],[-108.208453,36.772756],[-108.208341,36.772754],[-108.208345,36.772664]]]}},{"type":"Feature","properties":{},"geometry":{"type":"Polygon","coordinates":[[[-108.209394,36.780803],[-108.209282,36.7808],[-108.209285,36.78071],[-108.209397,36.780713],[-108.209394,36.780803]]]}},{"type":"Feature","properties":{},"geometry":{"type":"Polygon","coordinates":[[[-108.209173,36.780707],[-108.209177,36.780617],[-108.209289,36.78062],[-108.209285,36.78071],[-108.209173,36.780707]]]}},{"type":"Feature","properties":{},"geometry":{"type":"Polygon","coordinates":[[[-108.209065,36.780615],[-108.208953,36.780612],[-108.208955,36.780561],[-108.208956,36.780522],[-108.208959,36.780432],[-108.209183,36.780437],[-108.209177,36.780617],[-108.209065,36.780615]]]}},{"type":"Feature","properties":{},"geometry":{"type":"Polygon","coordinates":[[[-108.208966,36.780252],[-108.209078,36.780254],[-108.209075,36.780345],[-108.208963,36.780342],[-108.208966,36.780252]]]}},{"type":"Feature","properties":{},"geometry":{"type":"Polygon","coordinates":[[[-108.208499,36.783847],[-108.208611,36.78385],[-108.208608,36.78394],[-108.208496,36.783937],[-108.208499,36.783847]]]}},{"type":"Feature","properties":{},"geometry":{"type":"Polygon","coordinates":[[[-108.209358,36.707591],[-108.209361,36.707501],[-108.209473,36.707504],[-108.20947,36.707594],[-108.209358,36.707591]]]}},{"type":"Feature","properties":{},"geometry":{"type":"Polygon","coordinates":[[[-108.210464,36.707978],[-108.210576,36.70798],[-108.210573,36.70807],[-108.210461,36.708068],[-108.210464,36.707978]]]}},{"type":"Feature","properties":{},"geometry":{"type":"Polygon","coordinates":[[[-108.207499,36.76507],[-108.207611,36.765073],[-108.207608,36.765163],[-108.207496,36.76516],[-108.207499,36.76507]]]}},{"type":"Feature","properties":{},"geometry":{"type":"Polygon","coordinates":[[[-108.207038,36.76542],[-108.207042,36.76533],[-108.207154,36.765333],[-108.20715,36.765423],[-108.207038,36.76542]]]}},{"type":"Feature","properties":{},"geometry":{"type":"Polygon","coordinates":[[[-108.207163,36.765062],[-108.207275,36.765065],[-108.207387,36.765068],[-108.207384,36.765158],[-108.207272,36.765155],[-108.20716,36.765153],[-108.207163,36.765062]]]}},{"type":"Feature","properties":{},"geometry":{"type":"Polygon","coordinates":[[[-108.206637,36.767214],[-108.206525,36.767211],[-108.206528,36.767121],[-108.20664,36.767124],[-108.206637,36.767214]]]}},{"type":"Feature","properties":{},"geometry":{"type":"Polygon","coordinates":[[[-108.206631,36.767394],[-108.206634,36.767304],[-108.206746,36.767307],[-108.206743,36.767397],[-108.206631,36.767394]]]}},{"type":"Feature","properties":{},"geometry":{"type":"Polygon","coordinates":[[[-108.208353,36.769328],[-108.208465,36.769331],[-108.208462,36.769421],[-108.20835,36.769418],[-108.208353,36.769328]]]}},{"type":"Feature","properties":{},"geometry":{"type":"Polygon","coordinates":[[[-108.208282,36.77131],[-108.208285,36.77122],[-108.208397,36.771222],[-108.208394,36.771312],[-108.208282,36.77131]]]}},{"type":"Feature","properties":{},"geometry":{"type":"Polygon","coordinates":[[[-108.208229,36.772751],[-108.208226,36.772841],[-108.208114,36.772839],[-108.208117,36.772749],[-108.208229,36.772751]]]}},{"type":"Feature","properties":{},"geometry":{"type":"Polygon","coordinates":[[[-108.207996,36.773016],[-108.207884,36.773014],[-108.207887,36.772923],[-108.207775,36.772921],[-108.207778,36.772831],[-108.208114,36.772839],[-108.208111,36.772929],[-108.208223,36.772931],[-108.208219,36.773021],[-108.208213,36.773202],[-108.208101,36.773199],[-108.208104,36.773109],[-108.208107,36.773019],[-108.207996,36.773016]]]}},{"type":"Feature","properties":{},"geometry":{"type":"Polygon","coordinates":[[[-108.208206,36.773382],[-108.20821,36.773292],[-108.208322,36.773294],[-108.208318,36.773384],[-108.208206,36.773382]]]}},{"type":"Feature","properties":{},"geometry":{"type":"Polygon","coordinates":[[[-108.207745,36.773732],[-108.207857,36.773734],[-108.207854,36.773824],[-108.207742,36.773822],[-108.207745,36.773732]]]}},{"type":"Feature","properties":{},"geometry":{"type":"Polygon","coordinates":[[[-108.20787,36.773374],[-108.207982,36.773377],[-108.207979,36.773467],[-108.207867,36.773464],[-108.20787,36.773374]]]}},{"type":"Feature","properties":{},"geometry":{"type":"Polygon","coordinates":[[[-108.206385,36.77415],[-108.206497,36.774153],[-108.206494,36.774243],[-108.206382,36.774241],[-108.206385,36.77415]]]}},{"type":"Feature","properties":{},"geometry":{"type":"Polygon","coordinates":[[[-108.206474,36.774784],[-108.206586,36.774786],[-108.206583,36.774876],[-108.206471,36.774874],[-108.206474,36.774784]]]}},{"type":"Feature","properties":{},"geometry":{"type":"Polygon","coordinates":[[[-108.207364,36.774985],[-108.20736,36.775075],[-108.207248,36.775072],[-108.207136,36.77507],[-108.207024,36.775067],[-108.207028,36.774977],[-108.207364,36.774985]]]}},{"type":"Feature","properties":{},"geometry":{"type":"Polygon","coordinates":[[[-108.207015,36.775337],[-108.207011,36.775427],[-108.206899,36.775425],[-108.206903,36.775335],[-108.206912,36.775064],[-108.207024,36.775067],[-108.207018,36.775247],[-108.20713,36.77525],[-108.207127,36.77534],[-108.207015,36.775337]]]}},{"type":"Feature","properties":{},"geometry":{"type":"Polygon","coordinates":[[[-108.206611,36.775057],[-108.206577,36.775057],[-108.20658,36.774966],[-108.206692,36.774969],[-108.206689,36.775059],[-108.206611,36.775057]]]}},{"type":"Feature","properties":{},"geometry":{"type":"Polygon","coordinates":[[[-108.206695,36.774879],[-108.206807,36.774882],[-108.206804,36.774972],[-108.206692,36.774969],[-108.206695,36.774879]]]}},{"type":"Feature","properties":{},"geometry":{"type":"Polygon","coordinates":[[[-108.206751,36.705366],[-108.206755,36.705276],[-108.206866,36.705279],[-108.206863,36.705369],[-108.206751,36.705366]]]}},{"type":"Feature","properties":{},"geometry":{"type":"Polygon","coordinates":[[[-108.20709,36.705284],[-108.207202,36.705287],[-108.207199,36.705377],[-108.207087,36.705374],[-108.20709,36.705284]]]}},{"type":"Feature","properties":{},"geometry":{"type":"Polygon","coordinates":[[[-108.208147,36.716308],[-108.208259,36.716311],[-108.208255,36.716401],[-108.208367,36.716404],[-108.208361,36.716584],[-108.208473,36.716587],[-108.208469,36.716677],[-108.208357,36.716674],[-108.208354,36.716764],[-108.20813,36.716759],[-108.208127,36.716849],[-108.208015,36.716846],[-108.208012,36.716936],[-108.2079,36.716934],[-108.207897,36.717024],[-108.207561,36.717016],[-108.207564,36.716926],[-108.207788,36.716931],[-108.207791,36.716841],[-108.207903,36.716844],[-108.207907,36.716754],[-108.208019,36.716756],[-108.208022,36.716666],[-108.208246,36.716671],[-108.208252,36.716491],[-108.208028,36.716486],[-108.208032,36.716396],[-108.208143,36.716398],[-108.208147,36.716308]]]}},{"type":"Feature","properties":{},"geometry":{"type":"Polygon","coordinates":[[[-108.205436,36.720032],[-108.205548,36.720034],[-108.205545,36.720124],[-108.205433,36.720122],[-108.205436,36.720032]]]}},{"type":"Feature","properties":{},"geometry":{"type":"Polygon","coordinates":[[[-108.205551,36.719944],[-108.205663,36.719947],[-108.20566,36.720037],[-108.205548,36.720034],[-108.205551,36.719944]]]}},{"type":"Feature","properties":{},"geometry":{"type":"Polygon","coordinates":[[[-108.206111,36.719957],[-108.206114,36.719867],[-108.206226,36.71987],[-108.206338,36.719872],[-108.20645,36.719875],[-108.206446,36.719965],[-108.206334,36.719962],[-108.206111,36.719957]]]}},{"type":"Feature","properties":{},"geometry":{"type":"Polygon","coordinates":[[[-108.206453,36.719785],[-108.206565,36.719788],[-108.206562,36.719878],[-108.20645,36.719875],[-108.206453,36.719785]]]}},{"type":"Feature","properties":{},"geometry":{"type":"Polygon","coordinates":[[[-108.20668,36.7197],[-108.206792,36.719703],[-108.206789,36.719793],[-108.206785,36.719883],[-108.206673,36.71988],[-108.20668,36.7197]]]}},{"type":"Feature","properties":{},"geometry":{"type":"Polygon","coordinates":[[[-108.205684,36.762593],[-108.205688,36.762503],[-108.205799,36.762506],[-108.205796,36.762596],[-108.205684,36.762593]]]}},{"type":"Feature","properties":{},"geometry":{"type":"Polygon","coordinates":[[[-108.205569,36.762681],[-108.205566,36.762771],[-108.205454,36.762768],[-108.205457,36.762678],[-108.205569,36.762681]]]}},{"type":"Feature","properties":{},"geometry":{"type":"Polygon","coordinates":[[[-108.205678,36.762774],[-108.205674,36.762864],[-108.205562,36.762861],[-108.205566,36.762771],[-108.205678,36.762774]]]}},{"type":"Feature","properties":{},"geometry":{"type":"Polygon","coordinates":[[[-108.2045,36.767434],[-108.204503,36.767344],[-108.204615,36.767347],[-108.204612,36.767437],[-108.2045,36.767434]]]}},{"type":"Feature","properties":{},"geometry":{"type":"Polygon","coordinates":[[[-108.206173,36.767654],[-108.206176,36.767564],[-108.205952,36.767559],[-108.205955,36.767468],[-108.206067,36.767471],[-108.206179,36.767474],[-108.206291,36.767476],[-108.206288,36.767566],[-108.206285,36.767656],[-108.206173,36.767654]]]}},{"type":"Feature","properties":{},"geometry":{"type":"Polygon","coordinates":[[[-108.205959,36.767378],[-108.205955,36.767468],[-108.205844,36.767466],[-108.205847,36.767376],[-108.205959,36.767378]]]}},{"type":"Feature","properties":{},"geometry":{"type":"Polygon","coordinates":[[[-108.204724,36.767439],[-108.204836,36.767442],[-108.204833,36.767532],[-108.204721,36.76753],[-108.204724,36.767439]]]}},{"type":"Feature","properties":{},"geometry":{"type":"Polygon","coordinates":[[[-108.206061,36.767651],[-108.206173,36.767654],[-108.20617,36.767744],[-108.206058,36.767741],[-108.206061,36.767651]]]}},{"type":"Feature","properties":{},"geometry":{"type":"Polygon","coordinates":[[[-108.206048,36.768012],[-108.20616,36.768014],[-108.206157,36.768104],[-108.206045,36.768102],[-108.206048,36.768012]]]}},{"type":"Feature","properties":{},"geometry":{"type":"Polygon","coordinates":[[[-108.206229,36.769188],[-108.206233,36.769098],[-108.206456,36.769103],[-108.206453,36.769193],[-108.206229,36.769188]]]}},{"type":"Feature","properties":{},"geometry":{"type":"Polygon","coordinates":[[[-108.205627,36.770346],[-108.205739,36.770348],[-108.205736,36.770439],[-108.205624,36.770436],[-108.205627,36.770346]]]}},{"type":"Feature","properties":{},"geometry":{"type":"Polygon","coordinates":[[[-108.205742,36.770258],[-108.205854,36.770261],[-108.205851,36.770351],[-108.205739,36.770348],[-108.205742,36.770258]]]}},{"type":"Feature","properties":{},"geometry":{"type":"Polygon","coordinates":[[[-108.20598,36.772969],[-108.205868,36.772966],[-108.205871,36.772876],[-108.205983,36.772879],[-108.20598,36.772969]]]}},{"type":"Feature","properties":{},"geometry":{"type":"Polygon","coordinates":[[[-108.205931,36.77432],[-108.205934,36.77423],[-108.206046,36.774233],[-108.206043,36.774323],[-108.205931,36.77432]]]}},{"type":"Feature","properties":{},"geometry":{"type":"Polygon","coordinates":[[[-108.204683,36.774742],[-108.205019,36.774749],[-108.205015,36.77484],[-108.204791,36.774834],[-108.204679,36.774832],[-108.204683,36.774742]]]}},{"type":"Feature","properties":{},"geometry":{"type":"Polygon","coordinates":[[[-108.204459,36.774736],[-108.204571,36.774739],[-108.204567,36.774829],[-108.204455,36.774826],[-108.204459,36.774736]]]}},{"type":"Feature","properties":{},"geometry":{"type":"Polygon","coordinates":[[[-108.205239,36.774845],[-108.205243,36.774755],[-108.205355,36.774757],[-108.205351,36.774847],[-108.205239,36.774845]]]}},{"type":"Feature","properties":{},"geometry":{"type":"Polygon","coordinates":[[[-108.205039,36.777274],[-108.205151,36.777277],[-108.205154,36.777187],[-108.205266,36.77719],[-108.20526,36.77737],[-108.205036,36.777364],[-108.205039,36.777274]]]}},{"type":"Feature","properties":{},"geometry":{"type":"Polygon","coordinates":[[[-108.205705,36.706423],[-108.205929,36.706429],[-108.205926,36.706519],[-108.205702,36.706514],[-108.205705,36.706423]]]}},{"type":"Feature","properties":{},"geometry":{"type":"Polygon","coordinates":[[[-108.20486,36.708117],[-108.204972,36.708119],[-108.204969,36.708209],[-108.204857,36.708207],[-108.20486,36.708117]]]}},{"type":"Feature","properties":{},"geometry":{"type":"Polygon","coordinates":[[[-108.203831,36.767328],[-108.203943,36.767331],[-108.20394,36.767421],[-108.203828,36.767418],[-108.203831,36.767328]]]}},{"type":"Feature","properties":{},"geometry":{"type":"Polygon","coordinates":[[[-108.203679,36.777693],[-108.203791,36.777696],[-108.203903,36.777698],[-108.203893,36.777969],[-108.203781,36.777966],[-108.203787,36.777786],[-108.203675,36.777783],[-108.203679,36.777693]]]}},{"type":"Feature","properties":{},"geometry":{"type":"Polygon","coordinates":[[[-108.202958,36.778217],[-108.202875,36.778215],[-108.202878,36.778125],[-108.20299,36.778128],[-108.202987,36.778218],[-108.202958,36.778217]]]}},{"type":"Feature","properties":{},"geometry":{"type":"Polygon","coordinates":[[[-108.20277,36.778032],[-108.202882,36.778035],[-108.202878,36.778125],[-108.202766,36.778123],[-108.20277,36.778032]]]}},{"type":"Feature","properties":{},"geometry":{"type":"Polygon","coordinates":[[[-108.203224,36.777863],[-108.203336,36.777865],[-108.20333,36.778046],[-108.203218,36.778043],[-108.203221,36.777953],[-108.203224,36.777863]]]}},{"type":"Feature","properties":{},"geometry":{"type":"Polygon","coordinates":[[[-108.202159,36.788657],[-108.202271,36.78866],[-108.202268,36.78875],[-108.202156,36.788747],[-108.202159,36.788657]]]}},{"type":"Feature","properties":{},"geometry":{"type":"Polygon","coordinates":[[[-108.203501,36.708536],[-108.203613,36.708538],[-108.20361,36.708628],[-108.203498,36.708626],[-108.203501,36.708536]]]}},{"type":"Feature","properties":{},"geometry":{"type":"Polygon","coordinates":[[[-108.200786,36.774019],[-108.200898,36.774021],[-108.200895,36.774111],[-108.200783,36.774109],[-108.200786,36.774019]]]}},{"type":"Feature","properties":{},"geometry":{"type":"Polygon","coordinates":[[[-108.200639,36.778072],[-108.200642,36.777982],[-108.200754,36.777985],[-108.200751,36.778075],[-108.200639,36.778072]]]}},{"type":"Feature","properties":{},"geometry":{"type":"Polygon","coordinates":[[[-108.20163,36.778547],[-108.201634,36.778457],[-108.201746,36.778459],[-108.201742,36.778549],[-108.20163,36.778547]]]}},{"type":"Feature","properties":{},"geometry":{"type":"Polygon","coordinates":[[[-108.199476,36.779217],[-108.199588,36.77922],[-108.199592,36.77913],[-108.199704,36.779132],[-108.199815,36.779135],[-108.199809,36.779315],[-108.199585,36.77931],[-108.199473,36.779307],[-108.199476,36.779217]]]}},{"type":"Feature","properties":{},"geometry":{"type":"Polygon","coordinates":[[[-108.199934,36.778957],[-108.200158,36.778963],[-108.200155,36.779053],[-108.199931,36.779048],[-108.199934,36.778957]]]}},{"type":"Feature","properties":{},"geometry":{"type":"Polygon","coordinates":[[[-108.200161,36.778873],[-108.200163,36.778837],[-108.200165,36.778783],[-108.200277,36.778785],[-108.200273,36.778875],[-108.200385,36.778878],[-108.200382,36.778968],[-108.200158,36.778963],[-108.200161,36.778873]]]}},{"type":"Feature","properties":{},"geometry":{"type":"Polygon","coordinates":[[[-108.200622,36.778523],[-108.200734,36.778526],[-108.200958,36.778531],[-108.200955,36.778621],[-108.200952,36.778711],[-108.20084,36.778708],[-108.200836,36.778798],[-108.200725,36.778796],[-108.200721,36.778886],[-108.200609,36.778883],[-108.200385,36.778878],[-108.200389,36.778788],[-108.200501,36.778791],[-108.200504,36.7787],[-108.200616,36.778703],[-108.200619,36.778613],[-108.200622,36.778523]]]}},{"type":"Feature","properties":{},"geometry":{"type":"Polygon","coordinates":[[[-108.200151,36.779143],[-108.200155,36.779053],[-108.200267,36.779055],[-108.200263,36.779146],[-108.200151,36.779143]]]}},{"type":"Feature","properties":{},"geometry":{"type":"Polygon","coordinates":[[[-108.19889,36.779925],[-108.199002,36.779927],[-108.198996,36.780107],[-108.198884,36.780105],[-108.19889,36.779925]]]}},{"type":"Feature","properties":{},"geometry":{"type":"Polygon","coordinates":[[[-108.199121,36.77975],[-108.199233,36.779752],[-108.199226,36.779933],[-108.199114,36.77993],[-108.199117,36.77984],[-108.199121,36.77975]]]}},{"type":"Feature","properties":{},"geometry":{"type":"Polygon","coordinates":[[[-108.199938,36.784998],[-108.20005,36.785001],[-108.200047,36.785091],[-108.199935,36.785088],[-108.199938,36.784998]]]}},{"type":"Feature","properties":{},"geometry":{"type":"Polygon","coordinates":[[[-108.199619,36.78454],[-108.199731,36.784543],[-108.199727,36.784633],[-108.199839,36.784635],[-108.199951,36.784638],[-108.199942,36.784908],[-108.19983,36.784906],[-108.199826,36.784996],[-108.199602,36.78499],[-108.199619,36.78454]]]}},{"type":"Feature","properties":{},"geometry":{"type":"Polygon","coordinates":[[[-108.199695,36.785534],[-108.199807,36.785536],[-108.199803,36.785626],[-108.199691,36.785624],[-108.199695,36.785534]]]}},{"type":"Feature","properties":{},"geometry":{"type":"Polygon","coordinates":[[[-108.199681,36.785894],[-108.199793,36.785897],[-108.19979,36.785987],[-108.199678,36.785984],[-108.199681,36.785894]]]}},{"type":"Feature","properties":{},"geometry":{"type":"Polygon","coordinates":[[[-108.200186,36.787438],[-108.200298,36.787441],[-108.200294,36.787531],[-108.200182,36.787529],[-108.200186,36.787438]]]}},{"type":"Feature","properties":{},"geometry":{"type":"Polygon","coordinates":[[[-108.202105,36.70688],[-108.202109,36.70679],[-108.20222,36.706792],[-108.202217,36.706882],[-108.202105,36.70688]]]}},{"type":"Feature","properties":{},"geometry":{"type":"Polygon","coordinates":[[[-108.202217,36.706882],[-108.202329,36.706885],[-108.202326,36.706975],[-108.202214,36.706973],[-108.202217,36.706882]]]}},{"type":"Feature","properties":{},"geometry":{"type":"Polygon","coordinates":[[[-108.199861,36.722425],[-108.200197,36.722433],[-108.200194,36.722523],[-108.199858,36.722515],[-108.199861,36.722425]]]}},{"type":"Feature","properties":{},"geometry":{"type":"Polygon","coordinates":[[[-108.200931,36.723803],[-108.201043,36.723805],[-108.201036,36.723985],[-108.200925,36.723983],[-108.200915,36.724253],[-108.200691,36.724248],[-108.200688,36.724338],[-108.2008,36.72434],[-108.200796,36.72443],[-108.200684,36.724428],[-108.200681,36.724518],[-108.200569,36.724515],[-108.200563,36.724695],[-108.200451,36.724693],[-108.200448,36.724783],[-108.200336,36.72478],[-108.200332,36.72487],[-108.20022,36.724868],[-108.200217,36.724958],[-108.200105,36.724955],[-108.200102,36.725045],[-108.19999,36.725043],[-108.199987,36.725133],[-108.199651,36.725125],[-108.199658,36.724945],[-108.199546,36.724942],[-108.199549,36.724852],[-108.199661,36.724855],[-108.199664,36.724764],[-108.199888,36.72477],[-108.199891,36.72468],[-108.200003,36.724682],[-108.20001,36.724502],[-108.200234,36.724507],[-108.20023,36.724597],[-108.200342,36.7246],[-108.200352,36.72433],[-108.200464,36.724332],[-108.20047,36.724152],[-108.200582,36.724155],[-108.200589,36.723975],[-108.200365,36.72397],[-108.200368,36.723879],[-108.200592,36.723885],[-108.200704,36.723887],[-108.200711,36.723707],[-108.200822,36.72371],[-108.200826,36.72362],[-108.200938,36.723622],[-108.200934,36.723712],[-108.200931,36.723803]]]}},{"type":"Feature","properties":{},"geometry":{"type":"Polygon","coordinates":[[[-108.199901,36.724409],[-108.200013,36.724412],[-108.20001,36.724502],[-108.199898,36.724499],[-108.199901,36.724409]]]}},{"type":"Feature","properties":{},"geometry":{"type":"Polygon","coordinates":[[[-108.198762,36.780372],[-108.198874,36.780375],[-108.19887,36.780465],[-108.198758,36.780463],[-108.198762,36.780372]]]}},{"type":"Feature","properties":{},"geometry":{"type":"Polygon","coordinates":[[[-108.198862,36.780697],[-108.198864,36.780645],[-108.198976,36.780648],[-108.198973,36.780738],[-108.198861,36.780735],[-108.198862,36.780697]]]}},{"type":"Feature","properties":{},"geometry":{"type":"Polygon","coordinates":[[[-108.198607,36.781541],[-108.19861,36.781451],[-108.198722,36.781453],[-108.198719,36.781544],[-108.198607,36.781541]]]}},{"type":"Feature","properties":{},"geometry":{"type":"Polygon","coordinates":[[[-108.198719,36.781544],[-108.198831,36.781546],[-108.198828,36.781636],[-108.198716,36.781634],[-108.198719,36.781544]]]}},{"type":"Feature","properties":{},"geometry":{"type":"Polygon","coordinates":[[[-108.199055,36.781551],[-108.199167,36.781554],[-108.199164,36.781644],[-108.199052,36.781642],[-108.199055,36.781551]]]}},{"type":"Feature","properties":{},"geometry":{"type":"Polygon","coordinates":[[[-108.200348,36.705937],[-108.20046,36.705939],[-108.200457,36.70603],[-108.200345,36.706027],[-108.200348,36.705937]]]}},{"type":"Feature","properties":{},"geometry":{"type":"Polygon","coordinates":[[[-108.199641,36.72233],[-108.199715,36.722331],[-108.199753,36.722332],[-108.199749,36.722422],[-108.199637,36.72242],[-108.199641,36.72233]]]}},{"type":"Feature","properties":{},"geometry":{"type":"Polygon","coordinates":[[[-108.19765,36.767814],[-108.197653,36.767724],[-108.197765,36.767726],[-108.197762,36.767817],[-108.19765,36.767814]]]}},{"type":"Feature","properties":{},"geometry":{"type":"Polygon","coordinates":[[[-108.196231,36.769854],[-108.196343,36.769857],[-108.19634,36.769947],[-108.196228,36.769944],[-108.196231,36.769854]]]}},{"type":"Feature","properties":{},"geometry":{"type":"Polygon","coordinates":[[[-108.197828,36.772146],[-108.197832,36.772056],[-108.197944,36.772058],[-108.19794,36.772148],[-108.197828,36.772146]]]}},{"type":"Feature","properties":{},"geometry":{"type":"Polygon","coordinates":[[[-108.195672,36.782103],[-108.195896,36.782108],[-108.196008,36.782111],[-108.196005,36.782201],[-108.195893,36.782198],[-108.195781,36.782196],[-108.195669,36.782193],[-108.195672,36.782103]]]}},{"type":"Feature","properties":{},"geometry":{"type":"Polygon","coordinates":[[[-108.195873,36.782739],[-108.195985,36.782741],[-108.195982,36.782831],[-108.19587,36.782829],[-108.195873,36.782739]]]}},{"type":"Feature","properties":{},"geometry":{"type":"Polygon","coordinates":[[[-108.196196,36.783107],[-108.196308,36.78311],[-108.196305,36.7832],[-108.196193,36.783197],[-108.196196,36.783107]]]}},{"type":"Feature","properties":{},"geometry":{"type":"Polygon","coordinates":[[[-108.195929,36.784273],[-108.196041,36.784275],[-108.196038,36.784365],[-108.195926,36.784363],[-108.195929,36.784273]]]}},{"type":"Feature","properties":{},"geometry":{"type":"Polygon","coordinates":[[[-108.196308,36.786175],[-108.196312,36.786085],[-108.196424,36.786088],[-108.19642,36.786178],[-108.196308,36.786175]]]}},{"type":"Feature","properties":{},"geometry":{"type":"Polygon","coordinates":[[[-108.197116,36.7055],[-108.197228,36.705503],[-108.197225,36.705593],[-108.197113,36.70559],[-108.197116,36.7055]]]}},{"type":"Feature","properties":{},"geometry":{"type":"Polygon","coordinates":[[[-108.196389,36.725499],[-108.196613,36.725504],[-108.19661,36.725594],[-108.196722,36.725597],[-108.196725,36.725507],[-108.196837,36.725509],[-108.196834,36.725599],[-108.196946,36.725602],[-108.196949,36.725512],[-108.197061,36.725515],[-108.197057,36.725605],[-108.197505,36.725615],[-108.197617,36.725618],[-108.19762,36.725528],[-108.197732,36.72553],[-108.197729,36.72562],[-108.197841,36.725623],[-108.197838,36.725713],[-108.197751,36.725711],[-108.197726,36.725711],[-108.197502,36.725705],[-108.197405,36.725703],[-108.19739,36.725703],[-108.197054,36.725695],[-108.197051,36.725785],[-108.196939,36.725782],[-108.196942,36.725692],[-108.196607,36.725684],[-108.196495,36.725682],[-108.196498,36.725591],[-108.196386,36.725589],[-108.196389,36.725499]]]}},{"type":"Feature","properties":{},"geometry":{"type":"Polygon","coordinates":[[[-108.194779,36.775861],[-108.194891,36.775863],[-108.194888,36.775953],[-108.194776,36.775951],[-108.194779,36.775861]]]}},{"type":"Feature","properties":{},"geometry":{"type":"Polygon","coordinates":[[[-108.194898,36.775683],[-108.19501,36.775686],[-108.195013,36.775596],[-108.195125,36.775598],[-108.195122,36.775688],[-108.195118,36.775778],[-108.195006,36.775776],[-108.195003,36.775866],[-108.194891,36.775863],[-108.194898,36.775683]]]}},{"type":"Feature","properties":{},"geometry":{"type":"Polygon","coordinates":[[[-108.194885,36.782174],[-108.194773,36.782172],[-108.194776,36.782082],[-108.195,36.782087],[-108.194997,36.782177],[-108.194885,36.782174]]]}},{"type":"Feature","properties":{},"geometry":{"type":"Polygon","coordinates":[[[-108.193722,36.783319],[-108.19361,36.783316],[-108.193614,36.783226],[-108.193502,36.783224],[-108.193505,36.783134],[-108.193729,36.783139],[-108.193726,36.783229],[-108.193722,36.783319]]]}},{"type":"Feature","properties":{},"geometry":{"type":"Polygon","coordinates":[[[-108.193512,36.782953],[-108.193624,36.782956],[-108.19362,36.783046],[-108.193508,36.783043],[-108.193512,36.782953]]]}},{"type":"Feature","properties":{},"geometry":{"type":"Polygon","coordinates":[[[-108.193739,36.782869],[-108.193851,36.782871],[-108.193848,36.782961],[-108.193736,36.782959],[-108.193739,36.782869]]]}},{"type":"Feature","properties":{},"geometry":{"type":"Polygon","coordinates":[[[-108.195376,36.784079],[-108.195488,36.784082],[-108.195485,36.784172],[-108.195373,36.784169],[-108.195376,36.784079]]]}},{"type":"Feature","properties":{},"geometry":{"type":"Polygon","coordinates":[[[-108.194572,36.784601],[-108.194569,36.784691],[-108.194457,36.784689],[-108.19446,36.784599],[-108.194572,36.784601]]]}},{"type":"Feature","properties":{},"geometry":{"type":"Polygon","coordinates":[[[-108.194342,36.784776],[-108.194345,36.784686],[-108.194457,36.784689],[-108.194454,36.784779],[-108.194342,36.784776]]]}},{"type":"Feature","properties":{},"geometry":{"type":"Polygon","coordinates":[[[-108.193696,36.787105],[-108.193808,36.787108],[-108.193805,36.787198],[-108.193693,36.787195],[-108.193696,36.787105]]]}},{"type":"Feature","properties":{},"geometry":{"type":"Polygon","coordinates":[[[-108.193924,36.78702],[-108.19392,36.78711],[-108.193808,36.787108],[-108.193812,36.787018],[-108.193924,36.78702]]]}},{"type":"Feature","properties":{},"geometry":{"type":"Polygon","coordinates":[[[-108.193214,36.766537],[-108.193102,36.766535],[-108.193105,36.766444],[-108.193217,36.766447],[-108.193214,36.766537]]]}},{"type":"Feature","properties":{},"geometry":{"type":"Polygon","coordinates":[[[-108.192993,36.766442],[-108.192997,36.766352],[-108.193109,36.766354],[-108.193105,36.766444],[-108.192993,36.766442]]]}},{"type":"Feature","properties":{},"geometry":{"type":"Polygon","coordinates":[[[-108.19299,36.766532],[-108.193102,36.766535],[-108.193099,36.766625],[-108.192987,36.766622],[-108.19299,36.766532]]]}},{"type":"Feature","properties":{},"geometry":{"type":"Polygon","coordinates":[[[-108.193274,36.780243],[-108.193386,36.780246],[-108.193383,36.780336],[-108.193271,36.780333],[-108.193274,36.780243]]]}},{"type":"Feature","properties":{},"geometry":{"type":"Polygon","coordinates":[[[-108.193144,36.783801],[-108.193146,36.783756],[-108.193258,36.783759],[-108.193255,36.783849],[-108.193143,36.783846],[-108.193144,36.783801]]]}},{"type":"Feature","properties":{},"geometry":{"type":"Polygon","coordinates":[[[-108.192303,36.785359],[-108.192415,36.785362],[-108.192412,36.785452],[-108.1923,36.785449],[-108.192303,36.785359]]]}},{"type":"Feature","properties":{},"geometry":{"type":"Polygon","coordinates":[[[-108.193719,36.786475],[-108.193607,36.786472],[-108.193495,36.786469],[-108.193492,36.786559],[-108.19338,36.786557],[-108.193377,36.786647],[-108.193265,36.786644],[-108.193268,36.786554],[-108.193156,36.786551],[-108.193159,36.786461],[-108.193047,36.786459],[-108.192823,36.786453],[-108.192827,36.786363],[-108.19283,36.786273],[-108.192942,36.786276],[-108.192939,36.786366],[-108.193723,36.786384],[-108.193719,36.786475]]]}},{"type":"Feature","properties":{},"geometry":{"type":"Polygon","coordinates":[[[-108.193581,36.787193],[-108.193693,36.787195],[-108.19369,36.787285],[-108.193578,36.787283],[-108.193466,36.78728],[-108.193469,36.78719],[-108.193581,36.787193]]]}},{"type":"Feature","properties":{},"geometry":{"type":"Polygon","coordinates":[[[-108.19313,36.787272],[-108.193354,36.787277],[-108.19335,36.787367],[-108.193126,36.787362],[-108.19313,36.787272]]]}},{"type":"Feature","properties":{},"geometry":{"type":"Polygon","coordinates":[[[-108.19286,36.788528],[-108.192863,36.788438],[-108.192975,36.788441],[-108.192972,36.788531],[-108.19286,36.788528]]]}},{"type":"Feature","properties":{},"geometry":{"type":"Polygon","coordinates":[[[-108.194734,36.70328],[-108.194846,36.703283],[-108.194842,36.703373],[-108.19473,36.70337],[-108.194734,36.70328]]]}},{"type":"Feature","properties":{},"geometry":{"type":"Polygon","coordinates":[[[-108.19451,36.703275],[-108.194507,36.703365],[-108.194503,36.703455],[-108.194392,36.703452],[-108.194395,36.703362],[-108.194283,36.70336],[-108.194286,36.70327],[-108.19451,36.703275]]]}},{"type":"Feature","properties":{},"geometry":{"type":"Polygon","coordinates":[[[-108.193822,36.703709],[-108.193819,36.703799],[-108.193707,36.703797],[-108.193704,36.703887],[-108.193816,36.70389],[-108.193928,36.703892],[-108.193931,36.703802],[-108.194043,36.703805],[-108.19404,36.703895],[-108.194151,36.703897],[-108.194148,36.703988],[-108.194372,36.703993],[-108.194484,36.703995],[-108.194481,36.704086],[-108.194592,36.704088],[-108.194589,36.704178],[-108.194477,36.704176],[-108.194474,36.704266],[-108.194362,36.704263],[-108.194359,36.704353],[-108.194247,36.704351],[-108.194135,36.704348],[-108.194132,36.704438],[-108.194244,36.704441],[-108.19424,36.704531],[-108.194464,36.704536],[-108.194461,36.704626],[-108.194349,36.704623],[-108.194346,36.704714],[-108.194122,36.704708],[-108.194125,36.704618],[-108.193901,36.704613],[-108.193898,36.704703],[-108.193227,36.704687],[-108.19323,36.704597],[-108.193342,36.7046],[-108.193349,36.70442],[-108.193125,36.704414],[-108.193148,36.703784],[-108.19326,36.703786],[-108.193372,36.703789],[-108.193483,36.703792],[-108.193487,36.703701],[-108.193822,36.703709]],[[-108.193572,36.704425],[-108.193461,36.704422],[-108.193457,36.704512],[-108.193569,36.704515],[-108.193572,36.704425]]]}},{"type":"Feature","properties":{},"geometry":{"type":"Polygon","coordinates":[[[-108.192984,36.708288],[-108.192985,36.708271],[-108.19299,36.708108],[-108.193102,36.70811],[-108.193096,36.70829],[-108.192984,36.708288]]]}},{"type":"Feature","properties":{},"geometry":{"type":"Polygon","coordinates":[[[-108.192499,36.767692],[-108.192503,36.767602],[-108.192615,36.767605],[-108.192611,36.767695],[-108.192499,36.767692]]]}},{"type":"Feature","properties":{},"geometry":{"type":"Polygon","coordinates":[[[-108.191614,36.785794],[-108.191726,36.785796],[-108.191723,36.785886],[-108.191611,36.785884],[-108.191614,36.785794]]]}},{"type":"Feature","properties":{},"geometry":{"type":"Polygon","coordinates":[[[-108.190247,36.786393],[-108.190244,36.786483],[-108.190132,36.78648],[-108.190135,36.78639],[-108.190247,36.786393]]]}},{"type":"Feature","properties":{},"geometry":{"type":"Polygon","coordinates":[[[-108.311915,36.711305],[-108.311803,36.711303],[-108.311806,36.711213],[-108.311918,36.711215],[-108.311915,36.711305]]]}},{"type":"Feature","properties":{},"geometry":{"type":"Polygon","coordinates":[[[-108.262309,36.733256],[-108.262197,36.733253],[-108.262204,36.733073],[-108.262316,36.733075],[-108.262309,36.733256]]]}},{"type":"Feature","properties":{},"geometry":{"type":"Polygon","coordinates":[[[-108.243645,36.716415],[-108.243533,36.716412],[-108.243536,36.716322],[-108.243648,36.716325],[-108.243645,36.716415]]]}},{"type":"Feature","properties":{},"geometry":{"type":"Polygon","coordinates":[[[-108.250263,36.731806],[-108.250266,36.731716],[-108.250378,36.731718],[-108.250375,36.731808],[-108.250263,36.731806]]]}},{"type":"Feature","properties":{},"geometry":{"type":"Polygon","coordinates":[[[-108.250036,36.731891],[-108.250039,36.7318],[-108.250263,36.731806],[-108.25026,36.731896],[-108.250148,36.731893],[-108.250145,36.731983],[-108.250033,36.731981],[-108.250026,36.732161],[-108.249914,36.732158],[-108.249911,36.732248],[-108.249799,36.732246],[-108.249809,36.731975],[-108.249921,36.731978],[-108.249924,36.731888],[-108.250036,36.731891]]]}},{"type":"Feature","properties":{},"geometry":{"type":"Polygon","coordinates":[[[-108.249796,36.732336],[-108.249684,36.732333],[-108.249687,36.732243],[-108.249799,36.732246],[-108.249796,36.732336]]]}},{"type":"Feature","properties":{},"geometry":{"type":"Polygon","coordinates":[[[-108.208749,36.705864],[-108.208637,36.705861],[-108.20864,36.705771],[-108.208752,36.705774],[-108.208749,36.705864]]]}}]}