{"type":"FeatureCollection","features":[{"type":"Feature","geometry":{"type":"Polygon","coordinates":[[[-108.82156,36.878593],[-108.821565,36.878413],[-108.82134,36.878408],[-108.821335,36.878589],[-108.82156,36.878593]]]},"properties":{"src":"fm"}},{"type":"Feature","geometry":{"type":"Polygon","coordinates":[[[-108.823802,36.878634],[-108.823818,36.878093],[-108.823593,36.878089],[-108.823604,36.877729],[-108.823379,36.877725],[-108.823384,36.877545],[-108.823609,36.877549],[-108.823606,36.877639],[-108.82383,36.877643],[-108.823858,36.876652],[-108.823522,36.876646],[-108.82352,36.876736],[-108.823407,36.876734],[-108.82341,36.876644],[-108.823298,36.876642],[-108.823295,36.876732],[-108.823183,36.87673],[-108.823186,36.87664],[-108.823074,36.876638],[-108.823071,36.876728],[-108.822959,36.876726],[-108.822956,36.876816],[-108.822732,36.876812],[-108.822735,36.876722],[-108.822622,36.87672],[-108.82262,36.87681],[-108.822284,36.876803],[-108.822289,36.876623],[-108.822177,36.876621],[-108.822174,36.876711],[-108.822062,36.876709],[-108.822064,36.876619],[-108.820943,36.876599],[-108.820938,36.876779],[-108.820714,36.876775],[-108.820709,36.876955],[-108.820484,36.876951],[-108.820474,36.877311],[-108.82025,36.877307],[-108.820219,36.878388],[-108.820443,36.878392],[-108.820438,36.878572],[-108.820887,36.87858],[-108.820892,36.8784],[-108.821116,36.878404],[-108.821119,36.878314],[-108.821343,36.878318],[-108.821353,36.877958],[-108.821465,36.87796],[-108.821463,36.87805],[-108.822472,36.878069],[-108.822462,36.878429],[-108.822237,36.878425],[-108.822243,36.878245],[-108.821794,36.878237],[-108.821789,36.878417],[-108.822013,36.878421],[-108.822008,36.878601],[-108.823802,36.878634]],[[-108.822915,36.878257],[-108.822691,36.878253],[-108.822694,36.878163],[-108.822918,36.878167],[-108.822915,36.878257]],[[-108.820897,36.87822],[-108.820673,36.878216],[-108.820678,36.878036],[-108.820902,36.87804],[-108.820897,36.87822]],[[-108.82304,36.877809],[-108.822928,36.877807],[-108.822931,36.877717],[-108.823043,36.877719],[-108.82304,36.877809]],[[-108.82147,36.87778],[-108.821358,36.877778],[-108.821361,36.877688],[-108.821473,36.87769],[-108.82147,36.87778]],[[-108.822706,36.877713],[-108.822482,36.877708],[-108.822487,36.877528],[-108.822712,36.877532],[-108.822706,36.877713]],[[-108.822602,36.87744],[-108.82249,36.877438],[-108.822492,36.877348],[-108.822605,36.87735],[-108.822602,36.87744]],[[-108.822268,36.877344],[-108.822044,36.87734],[-108.822049,36.87716],[-108.822273,36.877164],[-108.822268,36.877344]],[[-108.822278,36.876984],[-108.822054,36.87698],[-108.822059,36.876799],[-108.822284,36.876803],[-108.822278,36.876984]]]},"properties":{"src":"fm"}},{"type":"Feature","geometry":{"type":"Polygon","coordinates":[[[-108.821926,36.881484],[-108.821929,36.881393],[-108.821817,36.881391],[-108.821814,36.881482],[-108.821926,36.881484]]]},"properties":{"src":"fm"}},{"type":"Feature","geometry":{"type":"Polygon","coordinates":[[[-108.820581,36.881459],[-108.820583,36.881369],[-108.820471,36.881367],[-108.820468,36.881457],[-108.820581,36.881459]]]},"properties":{"src":"fm"}},{"type":"Feature","geometry":{"type":"Polygon","coordinates":[[[-108.820356,36.881455],[-108.820361,36.881275],[-108.820137,36.88127],[-108.820132,36.881451],[-108.820356,36.881455]]]},"properties":{"src":"fm"}},{"type":"Feature","geometry":{"type":"Polygon","coordinates":[[[-108.82372,36.881516],[-108.823802,36.878634],[-108.82156,36.878593],[-108.821554,36.878773],[-108.82133,36.878769],[-108.821335,36.878589],[-108.821111,36.878585],[-108.821106,36.878765],[-108.82077,36.878759],[-108.820767,36.878849],[-108.820655,36.878847],[-108.820657,36.878756],[-108.820209,36.878748],[-108.820147,36.88091],[-108.821044,36.880927],[-108.821039,36.881107],[-108.821488,36.881115],[-108.821483,36.881295],[-108.822156,36.881308],[-108.822153,36.881398],[-108.822041,36.881396],[-108.822038,36.881486],[-108.82372,36.881516]]]},"properties":{"src":"fm"}},{"type":"Feature","geometry":{"type":"Polygon","coordinates":[[[-108.820436,36.878662],[-108.820438,36.878572],[-108.820214,36.878568],[-108.820211,36.878658],[-108.820436,36.878662]]]},"properties":{"src":"fm"}},{"type":"Feature","geometry":{"type":"Polygon","coordinates":[[[-108.823674,36.883138],[-108.823677,36.883048],[-108.823565,36.883046],[-108.823562,36.883136],[-108.823674,36.883138]]]},"properties":{"src":"fm"}},{"type":"Feature","geometry":{"type":"Polygon","coordinates":[[[-108.823679,36.882958],[-108.82372,36.881516],[-108.822375,36.881492],[-108.822372,36.881582],[-108.82226,36.88158],[-108.822263,36.88149],[-108.82215,36.881488],[-108.822145,36.881668],[-108.82237,36.881672],[-108.822365,36.881852],[-108.822589,36.881856],[-108.822584,36.882036],[-108.822808,36.88204],[-108.822805,36.882131],[-108.822693,36.882129],[-108.822691,36.882219],[-108.823027,36.882225],[-108.823025,36.882315],[-108.8228,36.882311],[-108.822798,36.882401],[-108.823022,36.882405],[-108.823017,36.882585],[-108.823241,36.882589],[-108.823236,36.882769],[-108.82346,36.882773],[-108.823458,36.882864],[-108.823346,36.882861],[-108.823343,36.882952],[-108.823679,36.882958]],[[-108.823244,36.882499],[-108.823132,36.882497],[-108.823134,36.882407],[-108.823246,36.882409],[-108.823244,36.882499]]]},"properties":{"src":"fm"}},{"type":"Feature","geometry":{"type":"Polygon","coordinates":[[[-108.823639,36.884399],[-108.823662,36.883588],[-108.823549,36.883586],[-108.823547,36.883676],[-108.823435,36.883674],[-108.82344,36.883494],[-108.823216,36.88349],[-108.823221,36.88331],[-108.822996,36.883306],[-108.822991,36.883486],[-108.822767,36.883482],[-108.822762,36.883662],[-108.822538,36.883658],[-108.822553,36.883117],[-108.823002,36.883126],[-108.823007,36.882945],[-108.822558,36.882937],[-108.822563,36.882757],[-108.822339,36.882753],[-108.822347,36.882483],[-108.822234,36.882481],[-108.822232,36.882571],[-108.82212,36.882569],[-108.822125,36.882388],[-108.821901,36.882384],[-108.821908,36.882114],[-108.821796,36.882112],[-108.821794,36.882202],[-108.821681,36.8822],[-108.821687,36.88202],[-108.821462,36.882016],[-108.821467,36.881836],[-108.821243,36.881832],[-108.821248,36.881651],[-108.821024,36.881647],[-108.821027,36.881557],[-108.820802,36.881553],[-108.820805,36.881463],[-108.820132,36.881451],[-108.82005,36.884333],[-108.823639,36.884399]],[[-108.820743,36.883625],[-108.820519,36.883621],[-108.820524,36.883441],[-108.820749,36.883445],[-108.820743,36.883625]],[[-108.822104,36.883109],[-108.821656,36.883101],[-108.821661,36.882921],[-108.821437,36.882917],[-108.821447,36.882556],[-108.821783,36.882562],[-108.821781,36.882653],[-108.821893,36.882655],[-108.82189,36.882745],[-108.822339,36.882753],[-108.822334,36.882933],[-108.82211,36.882929],[-108.822104,36.883109]],[[-108.820759,36.883084],[-108.820534,36.88308],[-108.82054,36.8829],[-108.820764,36.882904],[-108.820759,36.883084]],[[-108.821786,36.882472],[-108.821674,36.88247],[-108.821676,36.88238],[-108.821788,36.882382],[-108.821786,36.882472]]]},"properties":{"src":"fm"}},{"type":"Feature","geometry":{"type":"Polygon","coordinates":[[[-108.822226,36.886716],[-108.822242,36.886176],[-108.821793,36.886168],[-108.821796,36.886078],[-108.82202,36.886082],[-108.822023,36.885992],[-108.822135,36.885994],[-108.822132,36.886084],[-108.822469,36.88609],[-108.822458,36.88645],[-108.822795,36.886457],[-108.822792,36.886547],[-108.822904,36.886549],[-108.822915,36.886188],[-108.823587,36.886201],[-108.823639,36.884399],[-108.82005,36.884333],[-108.820009,36.885775],[-108.820233,36.885779],[-108.820238,36.885598],[-108.820687,36.885607],[-108.820682,36.885787],[-108.820906,36.885791],[-108.820901,36.885971],[-108.82135,36.885979],[-108.821345,36.88616],[-108.820447,36.886143],[-108.820435,36.886593],[-108.820547,36.886596],[-108.820544,36.886686],[-108.820656,36.886688],[-108.820659,36.886598],[-108.820883,36.886602],[-108.820886,36.886512],[-108.821783,36.886528],[-108.821778,36.886708],[-108.822226,36.886716]],[[-108.820774,36.88651],[-108.820661,36.886508],[-108.820664,36.886417],[-108.820776,36.886419],[-108.820774,36.88651]],[[-108.821788,36.886348],[-108.821564,36.886344],[-108.821569,36.886164],[-108.821793,36.886168],[-108.821788,36.886348]],[[-108.822925,36.885828],[-108.8227,36.885824],[-108.822706,36.885644],[-108.82293,36.885648],[-108.822925,36.885828]],[[-108.823154,36.885652],[-108.82293,36.885648],[-108.822935,36.885468],[-108.823159,36.885472],[-108.823154,36.885652]],[[-108.82294,36.885288],[-108.822492,36.885279],[-108.822494,36.885189],[-108.822718,36.885193],[-108.822721,36.885103],[-108.822945,36.885107],[-108.82294,36.885288]],[[-108.821151,36.885074],[-108.820927,36.88507],[-108.820932,36.88489],[-108.821156,36.884894],[-108.821151,36.885074]]]},"properties":{"src":"fm"}},{"type":"Feature","geometry":{"type":"Polygon","coordinates":[[[-108.823485,36.889804],[-108.82349,36.889624],[-108.823266,36.88962],[-108.823271,36.889439],[-108.823047,36.889435],[-108.823036,36.889796],[-108.823485,36.889804]]]},"properties":{"src":"fm"}},{"type":"Feature","geometry":{"type":"Polygon","coordinates":[[[-108.820358,36.889296],[-108.82036,36.889206],[-108.820136,36.889202],[-108.820133,36.889292],[-108.820358,36.889296]]]},"properties":{"src":"fm"}},{"type":"Feature","geometry":{"type":"Polygon","coordinates":[[[-108.821387,36.892559],[-108.82139,36.892469],[-108.821165,36.892465],[-108.821163,36.892555],[-108.821387,36.892559]]]},"properties":{"src":"fm"}},{"type":"Feature","geometry":{"type":"Polygon","coordinates":[[[-108.822516,36.89231],[-108.822519,36.89222],[-108.822743,36.892224],[-108.822746,36.892134],[-108.822297,36.892125],[-108.822292,36.892306],[-108.822516,36.89231]]]},"properties":{"src":"fm"}},{"type":"Feature","geometry":{"type":"Polygon","coordinates":[[[-108.822972,36.892048],[-108.822975,36.891958],[-108.822863,36.891956],[-108.82286,36.892046],[-108.822972,36.892048]]]},"properties":{"src":"fm"}},{"type":"Feature","geometry":{"type":"Polygon","coordinates":[[[-108.820059,36.891904],[-108.820064,36.891724],[-108.81984,36.89172],[-108.819835,36.8919],[-108.820059,36.891904]]]},"properties":{"src":"fm"}},{"type":"Feature","geometry":{"type":"Polygon","coordinates":[[[-108.822542,36.891409],[-108.822547,36.891229],[-108.822323,36.891225],[-108.822317,36.891405],[-108.822542,36.891409]]]},"properties":{"src":"fm"}},{"type":"Feature","geometry":{"type":"Polygon","coordinates":[[[-108.818868,36.878543],[-108.818874,36.878363],[-108.818649,36.878359],[-108.818644,36.878539],[-108.818868,36.878543]]]},"properties":{"src":"fm"}},{"type":"Feature","geometry":{"type":"Polygon","coordinates":[[[-108.817862,36.878435],[-108.817864,36.878345],[-108.817752,36.878343],[-108.81775,36.878433],[-108.817862,36.878435]]]},"properties":{"src":"fm"}},{"type":"Feature","geometry":{"type":"Polygon","coordinates":[[[-108.818876,36.878273],[-108.818884,36.878003],[-108.81866,36.877999],[-108.818652,36.878269],[-108.818876,36.878273]]]},"properties":{"src":"fm"}},{"type":"Feature","geometry":{"type":"Polygon","coordinates":[[[-108.819327,36.878191],[-108.819332,36.878011],[-108.819108,36.878007],[-108.819103,36.878187],[-108.819327,36.878191]]]},"properties":{"src":"fm"}},{"type":"Feature","geometry":{"type":"Polygon","coordinates":[[[-108.818894,36.877643],[-108.818899,36.877462],[-108.818675,36.877458],[-108.81867,36.877638],[-108.818894,36.877643]]]},"properties":{"src":"fm"}},{"type":"Feature","geometry":{"type":"Polygon","coordinates":[[[-108.820214,36.878568],[-108.82025,36.877307],[-108.820026,36.877303],[-108.820031,36.877123],[-108.819806,36.877119],[-108.819801,36.877299],[-108.819577,36.877295],[-108.819567,36.877655],[-108.819343,36.877651],[-108.819332,36.878011],[-108.819557,36.878015],[-108.819562,36.877835],[-108.819786,36.877839],[-108.819781,36.878019],[-108.819669,36.878017],[-108.819666,36.878107],[-108.819554,36.878105],[-108.819551,36.878195],[-108.819327,36.878191],[-108.819322,36.878371],[-108.819098,36.878367],[-108.819093,36.878547],[-108.820214,36.878568]]]},"properties":{"src":"fm"}},{"type":"Feature","geometry":{"type":"Polygon","coordinates":[[[-108.819577,36.877295],[-108.819582,36.877114],[-108.819358,36.87711],[-108.819353,36.87729],[-108.819577,36.877295]]]},"properties":{"src":"fm"}},{"type":"Feature","geometry":{"type":"Polygon","coordinates":[[[-108.820033,36.877033],[-108.820036,36.876942],[-108.819812,36.876938],[-108.819809,36.877028],[-108.820033,36.877033]]]},"properties":{"src":"fm"}},{"type":"Feature","geometry":{"type":"Polygon","coordinates":[[[-108.820132,36.881451],[-108.820137,36.88127],[-108.819913,36.881266],[-108.819918,36.881086],[-108.81947,36.881078],[-108.819459,36.881438],[-108.820132,36.881451]]]},"properties":{"src":"fm"}},{"type":"Feature","geometry":{"type":"Polygon","coordinates":[[[-108.820147,36.88091],[-108.82015,36.88082],[-108.820038,36.880818],[-108.820035,36.880908],[-108.820147,36.88091]]]},"properties":{"src":"fm"}},{"type":"Feature","geometry":{"type":"Polygon","coordinates":[[[-108.818786,36.881426],[-108.818792,36.881246],[-108.81924,36.881254],[-108.81925,36.880894],[-108.819026,36.88089],[-108.819029,36.8808],[-108.818804,36.880795],[-108.818807,36.880705],[-108.819031,36.880709],[-108.819034,36.880619],[-108.81881,36.880615],[-108.818822,36.880165],[-108.818598,36.880161],[-108.818608,36.8798],[-108.818384,36.879796],[-108.818389,36.879616],[-108.817941,36.879608],[-108.817943,36.879518],[-108.817719,36.879514],[-108.817722,36.879424],[-108.8166,36.879403],[-108.816549,36.881205],[-108.816773,36.881209],[-108.816771,36.881299],[-108.816883,36.881301],[-108.81688,36.881391],[-108.816992,36.881393],[-108.816997,36.881213],[-108.817222,36.881217],[-108.817227,36.881037],[-108.817339,36.881039],[-108.817334,36.881219],[-108.817446,36.881221],[-108.817451,36.881041],[-108.817675,36.881045],[-108.817665,36.881405],[-108.817889,36.881409],[-108.8179,36.881049],[-108.818348,36.881057],[-108.818343,36.881238],[-108.818119,36.881233],[-108.818116,36.881324],[-108.818228,36.881326],[-108.818226,36.881416],[-108.818338,36.881418],[-108.81834,36.881328],[-108.818453,36.88133],[-108.81845,36.88142],[-108.818786,36.881426]]]},"properties":{"src":"fm"}},{"type":"Feature","geometry":{"type":"Polygon","coordinates":[[[-108.817508,36.879059],[-108.81751,36.878969],[-108.817398,36.878967],[-108.817395,36.879057],[-108.817508,36.879059]]]},"properties":{"src":"fm"}},{"type":"Feature","geometry":{"type":"Polygon","coordinates":[[[-108.817283,36.879055],[-108.817288,36.878875],[-108.817064,36.878871],[-108.817062,36.878961],[-108.816613,36.878953],[-108.81661,36.879043],[-108.817283,36.879055]]]},"properties":{"src":"fm"}},{"type":"Feature","geometry":{"type":"Polygon","coordinates":[[[-108.817064,36.878871],[-108.817069,36.878691],[-108.816845,36.878686],[-108.81684,36.878867],[-108.817064,36.878871]]]},"properties":{"src":"fm"}},{"type":"Feature","geometry":{"type":"Polygon","coordinates":[[[-108.817518,36.878699],[-108.817523,36.878519],[-108.817411,36.878517],[-108.817408,36.878607],[-108.817296,36.878605],[-108.817294,36.878695],[-108.817518,36.878699]]]},"properties":{"src":"fm"}},{"type":"Feature","geometry":{"type":"Polygon","coordinates":[[[-108.820153,36.88073],[-108.820214,36.878568],[-108.819541,36.878556],[-108.819536,36.878736],[-108.819312,36.878732],[-108.819302,36.879092],[-108.819526,36.879096],[-108.819521,36.879276],[-108.819072,36.879268],[-108.819077,36.879088],[-108.818853,36.879084],[-108.818858,36.878904],[-108.818746,36.878902],[-108.818744,36.878992],[-108.818631,36.87899],[-108.818634,36.8789],[-108.81841,36.878895],[-108.818415,36.878715],[-108.818863,36.878724],[-108.818866,36.878633],[-108.819314,36.878642],[-108.819317,36.878552],[-108.818196,36.878531],[-108.81818,36.879071],[-108.818629,36.87908],[-108.818624,36.87926],[-108.818848,36.879264],[-108.818843,36.879444],[-108.819291,36.879452],[-108.819289,36.879542],[-108.819065,36.879538],[-108.819062,36.879628],[-108.819286,36.879633],[-108.819276,36.879993],[-108.8195,36.879997],[-108.81949,36.880357],[-108.819714,36.880361],[-108.819712,36.880452],[-108.819487,36.880447],[-108.819485,36.880537],[-108.819709,36.880542],[-108.819704,36.880722],[-108.820153,36.88073]]]},"properties":{"src":"fm"}},{"type":"Feature","geometry":{"type":"Polygon","coordinates":[[[-108.818081,36.878619],[-108.818084,36.878529],[-108.817971,36.878527],[-108.817969,36.878617],[-108.818081,36.878619]]]},"properties":{"src":"fm"}},{"type":"Feature","geometry":{"type":"Polygon","coordinates":[[[-108.817614,36.883207],[-108.817619,36.883027],[-108.817395,36.883023],[-108.81739,36.883203],[-108.817614,36.883207]]]},"properties":{"src":"fm"}},{"type":"Feature","geometry":{"type":"Polygon","coordinates":[[[-108.817637,36.882396],[-108.817639,36.882306],[-108.817527,36.882304],[-108.817525,36.882394],[-108.817637,36.882396]]]},"properties":{"src":"fm"}},{"type":"Feature","geometry":{"type":"Polygon","coordinates":[[[-108.817642,36.882216],[-108.817645,36.882126],[-108.817532,36.882124],[-108.81753,36.882214],[-108.817642,36.882216]]]},"properties":{"src":"fm"}},{"type":"Feature","geometry":{"type":"Polygon","coordinates":[[[-108.817647,36.882036],[-108.81765,36.881946],[-108.817538,36.881944],[-108.817535,36.882034],[-108.817647,36.882036]]]},"properties":{"src":"fm"}},{"type":"Feature","geometry":{"type":"Polygon","coordinates":[[[-108.82005,36.884333],[-108.820091,36.882892],[-108.819867,36.882888],[-108.819872,36.882708],[-108.820096,36.882712],[-108.820132,36.881451],[-108.819459,36.881438],[-108.819454,36.881618],[-108.81923,36.881614],[-108.819225,36.881795],[-108.818776,36.881786],[-108.818774,36.881876],[-108.818998,36.88188],[-108.818995,36.881971],[-108.818323,36.881958],[-108.818317,36.882138],[-108.818205,36.882136],[-108.818203,36.882226],[-108.818315,36.882228],[-108.818302,36.882679],[-108.818078,36.882675],[-108.818083,36.882495],[-108.816962,36.882474],[-108.816967,36.882294],[-108.817191,36.882298],[-108.817196,36.882118],[-108.816523,36.882105],[-108.81649,36.883276],[-108.816602,36.883278],[-108.816599,36.883369],[-108.816712,36.883371],[-108.816706,36.883551],[-108.816931,36.883555],[-108.816926,36.883735],[-108.81715,36.883739],[-108.817155,36.883559],[-108.817379,36.883563],[-108.817369,36.883923],[-108.816696,36.883911],[-108.816691,36.884091],[-108.816467,36.884087],[-108.816462,36.884267],[-108.82005,36.884333]],[[-108.817823,36.883752],[-108.817598,36.883747],[-108.817604,36.883567],[-108.817716,36.883569],[-108.817713,36.883659],[-108.817825,36.883661],[-108.817823,36.883752]],[[-108.818052,36.883576],[-108.817828,36.883571],[-108.817833,36.883391],[-108.818057,36.883395],[-108.818052,36.883576]],[[-108.817833,36.883391],[-108.817384,36.883383],[-108.81739,36.883203],[-108.816717,36.88319],[-108.816722,36.88301],[-108.816946,36.883014],[-108.816949,36.882924],[-108.817061,36.882926],[-108.817058,36.883016],[-108.81717,36.883019],[-108.817173,36.882928],[-108.817285,36.882931],[-108.817283,36.883021],[-108.817395,36.883023],[-108.8174,36.882843],[-108.817736,36.882849],[-108.817734,36.882939],[-108.817846,36.882941],[-108.817833,36.883391]],[[-108.819632,36.883244],[-108.818735,36.883228],[-108.81874,36.883047],[-108.818965,36.883052],[-108.818985,36.882331],[-108.819209,36.882335],[-108.819199,36.882695],[-108.819311,36.882697],[-108.819309,36.882787],[-108.819421,36.88279],[-108.819418,36.88288],[-108.819643,36.882884],[-108.81964,36.882974],[-108.819752,36.882976],[-108.81975,36.883066],[-108.819637,36.883064],[-108.819632,36.883244]],[[-108.818516,36.883043],[-108.818067,36.883035],[-108.818073,36.882855],[-108.818521,36.882863],[-108.818516,36.883043]],[[-108.819755,36.882886],[-108.819643,36.882884],[-108.819645,36.882794],[-108.819757,36.882796],[-108.819755,36.882886]],[[-108.817063,36.882836],[-108.816951,36.882834],[-108.816954,36.882744],[-108.817066,36.882746],[-108.817063,36.882836]],[[-108.818863,36.882689],[-108.818526,36.882683],[-108.818531,36.882503],[-108.818644,36.882505],[-108.818641,36.882595],[-108.818865,36.882599],[-108.818863,36.882689]]]},"properties":{"src":"fm"}},{"type":"Feature","geometry":{"type":"Polygon","coordinates":[[[-108.818328,36.881778],[-108.818338,36.881418],[-108.818114,36.881414],[-108.818109,36.881594],[-108.817772,36.881588],[-108.81777,36.881678],[-108.817882,36.88168],[-108.817879,36.88177],[-108.818328,36.881778]]]},"properties":{"src":"fm"}},{"type":"Feature","geometry":{"type":"Polygon","coordinates":[[[-108.81856,36.881512],[-108.818562,36.881422],[-108.81845,36.88142],[-108.818447,36.88151],[-108.81856,36.881512]]]},"properties":{"src":"fm"}},{"type":"Feature","geometry":{"type":"Polygon","coordinates":[[[-108.81766,36.881586],[-108.817663,36.881495],[-108.817887,36.8815],[-108.817889,36.881409],[-108.817441,36.881401],[-108.817438,36.881491],[-108.81755,36.881493],[-108.817548,36.881583],[-108.81766,36.881586]]]},"properties":{"src":"fm"}},{"type":"Feature","geometry":{"type":"Polygon","coordinates":[[[-108.819295,36.887203],[-108.8193,36.887023],[-108.819076,36.887019],[-108.819071,36.887199],[-108.819295,36.887203]]]},"properties":{"src":"fm"}},{"type":"Feature","geometry":{"type":"Polygon","coordinates":[[[-108.817279,36.887076],[-108.817282,36.886986],[-108.817058,36.886982],[-108.817055,36.887072],[-108.817279,36.887076]]]},"properties":{"src":"fm"}},{"type":"Feature","geometry":{"type":"Polygon","coordinates":[[[-108.819076,36.887019],[-108.819081,36.886839],[-108.818633,36.886831],[-108.81863,36.886921],[-108.818854,36.886925],[-108.818852,36.887015],[-108.819076,36.887019]]]},"properties":{"src":"fm"}},{"type":"Feature","geometry":{"type":"Polygon","coordinates":[[[-108.81773,36.886994],[-108.817735,36.886814],[-108.817511,36.88681],[-108.817506,36.88699],[-108.81773,36.886994]]]},"properties":{"src":"fm"}},{"type":"Feature","geometry":{"type":"Polygon","coordinates":[[[-108.816609,36.886974],[-108.816614,36.886794],[-108.81639,36.88679],[-108.816385,36.88697],[-108.816609,36.886974]]]},"properties":{"src":"fm"}},{"type":"Feature","geometry":{"type":"Polygon","coordinates":[[[-108.818181,36.886913],[-108.818184,36.886823],[-108.81796,36.886818],[-108.817957,36.886909],[-108.818181,36.886913]]]},"properties":{"src":"fm"}},{"type":"Feature","geometry":{"type":"Polygon","coordinates":[[[-108.819084,36.886749],[-108.819086,36.886659],[-108.818638,36.886651],[-108.818635,36.886741],[-108.819084,36.886749]]]},"properties":{"src":"fm"}},{"type":"Feature","geometry":{"type":"Polygon","coordinates":[[[-108.816617,36.886704],[-108.816619,36.886614],[-108.816395,36.886609],[-108.816392,36.886699],[-108.816617,36.886704]]]},"properties":{"src":"fm"}},{"type":"Feature","geometry":{"type":"Polygon","coordinates":[[[-108.816869,36.885717],[-108.816874,36.885537],[-108.81665,36.885533],[-108.816653,36.885442],[-108.816877,36.885447],[-108.816879,36.885357],[-108.816431,36.885348],[-108.816423,36.885619],[-108.816535,36.885621],[-108.816533,36.885711],[-108.816645,36.885713],[-108.816647,36.885623],[-108.81676,36.885625],[-108.816757,36.885715],[-108.816869,36.885717]]]},"properties":{"src":"fm"}},{"type":"Feature","geometry":{"type":"Polygon","coordinates":[[[-108.81796,36.886818],[-108.817967,36.886548],[-108.818192,36.886552],[-108.818189,36.886642],[-108.818638,36.886651],[-108.818643,36.88647],[-108.818867,36.886475],[-108.818872,36.886294],[-108.819097,36.886299],[-108.819102,36.886118],[-108.819326,36.886122],[-108.819331,36.885942],[-108.819555,36.885946],[-108.819561,36.885766],[-108.820009,36.885775],[-108.82005,36.884333],[-108.817919,36.884294],[-108.817917,36.884384],[-108.818029,36.884386],[-108.818026,36.884476],[-108.817802,36.884472],[-108.817807,36.884292],[-108.816462,36.884267],[-108.816436,36.885168],[-108.81666,36.885172],[-108.816665,36.884992],[-108.81689,36.884996],[-108.816885,36.885176],[-108.817333,36.885185],[-108.817328,36.885365],[-108.817104,36.885361],[-108.817099,36.885541],[-108.816986,36.885539],[-108.816984,36.885629],[-108.817096,36.885631],[-108.817093,36.885721],[-108.816869,36.885717],[-108.816864,36.885897],[-108.817088,36.885901],[-108.817083,36.886081],[-108.817307,36.886085],[-108.817302,36.886266],[-108.817527,36.88627],[-108.817521,36.88645],[-108.817746,36.886454],[-108.817743,36.886544],[-108.817855,36.886546],[-108.817853,36.886636],[-108.817741,36.886634],[-108.817738,36.886724],[-108.81785,36.886726],[-108.817848,36.886816],[-108.81796,36.886818]],[[-108.818648,36.88629],[-108.818424,36.886286],[-108.818434,36.885926],[-108.818546,36.885928],[-108.818544,36.886018],[-108.818656,36.88602],[-108.818648,36.88629]],[[-108.818768,36.886022],[-108.818656,36.88602],[-108.818658,36.88593],[-108.81877,36.885932],[-108.818768,36.886022]],[[-108.81821,36.885922],[-108.817985,36.885918],[-108.817991,36.885737],[-108.818215,36.885742],[-108.81821,36.885922]],[[-108.817537,36.885909],[-108.817313,36.885905],[-108.817318,36.885725],[-108.817542,36.885729],[-108.817537,36.885909]],[[-108.818246,36.884661],[-108.818021,36.884656],[-108.818026,36.884476],[-108.818251,36.88448],[-108.818246,36.884661]],[[-108.817124,36.88464],[-108.8169,36.884636],[-108.816905,36.884456],[-108.817129,36.88446],[-108.817124,36.88464]]]},"properties":{"src":"fm"}},{"type":"Feature","geometry":{"type":"Polygon","coordinates":[[[-108.81657,36.888325],[-108.816573,36.888235],[-108.816349,36.888231],[-108.816346,36.888321],[-108.81657,36.888325]]]},"properties":{"src":"fm"}},{"type":"Feature","geometry":{"type":"Polygon","coordinates":[[[-108.81747,36.888251],[-108.817475,36.888071],[-108.817251,36.888067],[-108.817246,36.888247],[-108.81747,36.888251]]]},"properties":{"src":"fm"}},{"type":"Feature","geometry":{"type":"Polygon","coordinates":[[[-108.817483,36.887801],[-108.817486,36.887711],[-108.817373,36.887709],[-108.817371,36.887799],[-108.817483,36.887801]]]},"properties":{"src":"fm"}},{"type":"Feature","geometry":{"type":"Polygon","coordinates":[[[-108.818164,36.887543],[-108.818169,36.887363],[-108.817944,36.887359],[-108.817939,36.887539],[-108.818164,36.887543]]]},"properties":{"src":"fm"}},{"type":"Feature","geometry":{"type":"Polygon","coordinates":[[[-108.814561,36.880086],[-108.814564,36.879996],[-108.814452,36.879994],[-108.814449,36.880084],[-108.814561,36.880086]]]},"properties":{"src":"fm"}},{"type":"Feature","geometry":{"type":"Polygon","coordinates":[[[-108.816544,36.881385],[-108.816598,36.879493],[-108.816373,36.879489],[-108.816371,36.879579],[-108.816147,36.879575],[-108.816141,36.879755],[-108.815693,36.879747],[-108.815688,36.879927],[-108.815464,36.879923],[-108.815461,36.880013],[-108.815349,36.880011],[-108.815346,36.880101],[-108.81501,36.880095],[-108.815005,36.880275],[-108.81478,36.880271],[-108.81477,36.880631],[-108.813425,36.880606],[-108.813422,36.880696],[-108.81331,36.880694],[-108.813307,36.880784],[-108.813195,36.880782],[-108.813198,36.880692],[-108.813086,36.88069],[-108.813083,36.88078],[-108.812971,36.880778],[-108.812955,36.881319],[-108.814974,36.881356],[-108.814979,36.881176],[-108.815203,36.88118],[-108.815198,36.88136],[-108.816544,36.881385]]]},"properties":{"src":"fm"}},{"type":"Feature","geometry":{"type":"Polygon","coordinates":[[[-108.814108,36.880258],[-108.81411,36.880168],[-108.813662,36.88016],[-108.813664,36.88007],[-108.814337,36.880082],[-108.814342,36.879902],[-108.814791,36.87991],[-108.814793,36.87982],[-108.814569,36.879816],[-108.814572,36.879726],[-108.81502,36.879734],[-108.815025,36.879554],[-108.81525,36.879558],[-108.815255,36.879378],[-108.813124,36.879339],[-108.813119,36.879519],[-108.813007,36.879517],[-108.812986,36.880238],[-108.814108,36.880258]]]},"properties":{"src":"fm"}},{"type":"Feature","geometry":{"type":"Polygon","coordinates":[[[-108.815703,36.879386],[-108.815706,36.879296],[-108.815481,36.879292],[-108.815484,36.879202],[-108.815372,36.8792],[-108.815369,36.87929],[-108.815257,36.879288],[-108.815255,36.879378],[-108.815703,36.879386]]]},"properties":{"src":"fm"}},{"type":"Feature","geometry":{"type":"Polygon","coordinates":[[[-108.816381,36.879219],[-108.816384,36.879129],[-108.816159,36.879124],[-108.816162,36.879034],[-108.815938,36.87903],[-108.815933,36.87921],[-108.816381,36.879219]]]},"properties":{"src":"fm"}},{"type":"Feature","geometry":{"type":"Polygon","coordinates":[[[-108.816462,36.884267],[-108.816467,36.884087],[-108.816243,36.884083],[-108.816248,36.883903],[-108.815575,36.883891],[-108.81558,36.88371],[-108.815131,36.883702],[-108.815126,36.883882],[-108.813556,36.883853],[-108.813551,36.884034],[-108.813103,36.884025],[-108.813098,36.884205],[-108.816462,36.884267]]]},"properties":{"src":"fm"}},{"type":"Feature","geometry":{"type":"Polygon","coordinates":[[[-108.813103,36.884025],[-108.813108,36.883845],[-108.813332,36.883849],[-108.813337,36.883669],[-108.812889,36.883661],[-108.812878,36.884021],[-108.813103,36.884025]]]},"properties":{"src":"fm"}},{"type":"Feature","geometry":{"type":"Polygon","coordinates":[[[-108.814459,36.88369],[-108.814464,36.88351],[-108.814239,36.883505],[-108.814234,36.883686],[-108.814459,36.88369]]]},"properties":{"src":"fm"}},{"type":"Feature","geometry":{"type":"Polygon","coordinates":[[[-108.81401,36.883681],[-108.814015,36.883501],[-108.813342,36.883489],[-108.81334,36.883579],[-108.813452,36.883581],[-108.813449,36.883671],[-108.813561,36.883673],[-108.813564,36.883583],[-108.813676,36.883585],[-108.813674,36.883675],[-108.81401,36.883681]]]},"properties":{"src":"fm"}},{"type":"Feature","geometry":{"type":"Polygon","coordinates":[[[-108.815814,36.883354],[-108.81582,36.883174],[-108.815595,36.88317],[-108.81559,36.88335],[-108.815814,36.883354]]]},"properties":{"src":"fm"}},{"type":"Feature","geometry":{"type":"Polygon","coordinates":[[[-108.816044,36.883178],[-108.816049,36.882998],[-108.815825,36.882994],[-108.81582,36.883174],[-108.816044,36.883178]]]},"properties":{"src":"fm"}},{"type":"Feature","geometry":{"type":"Polygon","coordinates":[[[-108.816536,36.881655],[-108.816539,36.881565],[-108.816427,36.881563],[-108.816424,36.881653],[-108.816536,36.881655]]]},"properties":{"src":"fm"}},{"type":"Feature","geometry":{"type":"Polygon","coordinates":[[[-108.815595,36.88317],[-108.8156,36.88299],[-108.815376,36.882986],[-108.815386,36.882625],[-108.815611,36.882629],[-108.815606,36.88281],[-108.816054,36.882818],[-108.816049,36.882998],[-108.816498,36.883006],[-108.816534,36.881745],[-108.816309,36.881741],[-108.816314,36.881561],[-108.81609,36.881557],[-108.816095,36.881376],[-108.815198,36.88136],[-108.815193,36.88154],[-108.814969,36.881536],[-108.814964,36.881716],[-108.815188,36.88172],[-108.815183,36.8819],[-108.814734,36.881892],[-108.814729,36.882072],[-108.814953,36.882077],[-108.814948,36.882257],[-108.814275,36.882244],[-108.814278,36.882154],[-108.814502,36.882158],[-108.814515,36.881708],[-108.814291,36.881704],[-108.814301,36.881343],[-108.812955,36.881319],[-108.812935,36.882039],[-108.814056,36.88206],[-108.814046,36.88242],[-108.813822,36.882416],[-108.813827,36.882236],[-108.81293,36.88222],[-108.812925,36.8824],[-108.813597,36.882412],[-108.813592,36.882592],[-108.81292,36.88258],[-108.812909,36.88294],[-108.813582,36.882953],[-108.813579,36.883043],[-108.813692,36.883045],[-108.813689,36.883135],[-108.813801,36.883137],[-108.813806,36.882957],[-108.814703,36.882973],[-108.814709,36.882793],[-108.814933,36.882797],[-108.81493,36.882887],[-108.815155,36.882891],[-108.815147,36.883162],[-108.815595,36.88317]],[[-108.81529,36.882083],[-108.815178,36.882081],[-108.81518,36.881991],[-108.815292,36.881993],[-108.81529,36.882083]],[[-108.8153,36.881722],[-108.815188,36.88172],[-108.81519,36.88163],[-108.815303,36.881632],[-108.8153,36.881722]]]},"properties":{"src":"fm"}},{"type":"Feature","geometry":{"type":"Polygon","coordinates":[[[-108.814971,36.881446],[-108.814974,36.881356],[-108.81475,36.881352],[-108.814747,36.881442],[-108.814971,36.881446]]]},"properties":{"src":"fm"}},{"type":"Feature","geometry":{"type":"Polygon","coordinates":[[[-108.814366,36.886933],[-108.814371,36.886752],[-108.814147,36.886748],[-108.814142,36.886928],[-108.814366,36.886933]]]},"properties":{"src":"fm"}},{"type":"Feature","geometry":{"type":"Polygon","coordinates":[[[-108.813245,36.886912],[-108.81325,36.886732],[-108.812801,36.886724],[-108.812796,36.886904],[-108.81302,36.886908],[-108.813023,36.886818],[-108.813135,36.88682],[-108.813133,36.88691],[-108.813245,36.886912]]]},"properties":{"src":"fm"}},{"type":"Feature","geometry":{"type":"Polygon","coordinates":[[[-108.816387,36.88688],[-108.816395,36.886609],[-108.816171,36.886605],[-108.816163,36.886876],[-108.816387,36.88688]]]},"properties":{"src":"fm"}},{"type":"Feature","geometry":{"type":"Polygon","coordinates":[[[-108.816171,36.886605],[-108.816176,36.886425],[-108.815951,36.886421],[-108.815957,36.886241],[-108.815396,36.886231],[-108.815393,36.886321],[-108.815505,36.886323],[-108.815503,36.886413],[-108.815279,36.886409],[-108.815274,36.886589],[-108.815498,36.886593],[-108.8155,36.886503],[-108.815613,36.886505],[-108.81561,36.886595],[-108.816171,36.886605]]]},"properties":{"src":"fm"}},{"type":"Feature","geometry":{"type":"Polygon","coordinates":[[[-108.813036,36.886367],[-108.813041,36.886187],[-108.812817,36.886183],[-108.812812,36.886363],[-108.813036,36.886367]]]},"properties":{"src":"fm"}},{"type":"Feature","geometry":{"type":"Polygon","coordinates":[[[-108.814384,36.886302],[-108.814387,36.886212],[-108.814275,36.88621],[-108.814272,36.8863],[-108.814384,36.886302]]]},"properties":{"src":"fm"}},{"type":"Feature","geometry":{"type":"Polygon","coordinates":[[[-108.816181,36.886245],[-108.816186,36.886065],[-108.815962,36.886061],[-108.815957,36.886241],[-108.816181,36.886245]]]},"properties":{"src":"fm"}},{"type":"Feature","geometry":{"type":"Polygon","coordinates":[[[-108.814835,36.88622],[-108.81484,36.88604],[-108.814616,36.886036],[-108.814611,36.886216],[-108.814835,36.88622]]]},"properties":{"src":"fm"}},{"type":"Feature","geometry":{"type":"Polygon","coordinates":[[[-108.813938,36.886204],[-108.813948,36.885843],[-108.813724,36.885839],[-108.813729,36.885659],[-108.813056,36.885647],[-108.813051,36.885827],[-108.812827,36.885823],[-108.812822,36.886003],[-108.812934,36.886005],[-108.812931,36.886095],[-108.813044,36.886097],[-108.813049,36.885917],[-108.813273,36.885921],[-108.813276,36.885831],[-108.8135,36.885835],[-108.813495,36.886015],[-108.813719,36.886019],[-108.813714,36.8862],[-108.813938,36.886204]]]},"properties":{"src":"fm"}},{"type":"Feature","geometry":{"type":"Polygon","coordinates":[[[-108.814397,36.885852],[-108.814399,36.885762],[-108.814624,36.885766],[-108.814626,36.885676],[-108.814402,36.885671],[-108.814407,36.885491],[-108.813959,36.885483],[-108.813956,36.885573],[-108.81418,36.885577],[-108.814173,36.885848],[-108.814397,36.885852]]]},"properties":{"src":"fm"}},{"type":"Feature","geometry":{"type":"Polygon","coordinates":[[[-108.814851,36.88568],[-108.814853,36.88559],[-108.815077,36.885594],[-108.81508,36.885504],[-108.814631,36.885495],[-108.814626,36.885676],[-108.814851,36.88568]]]},"properties":{"src":"fm"}},{"type":"Feature","geometry":{"type":"Polygon","coordinates":[[[-108.813283,36.885561],[-108.813286,36.885471],[-108.813174,36.885469],[-108.813171,36.885559],[-108.813283,36.885561]]]},"properties":{"src":"fm"}},{"type":"Feature","geometry":{"type":"Polygon","coordinates":[[[-108.814631,36.885495],[-108.814637,36.885315],[-108.814412,36.885311],[-108.81441,36.885401],[-108.814522,36.885403],[-108.814519,36.885493],[-108.814631,36.885495]]]},"properties":{"src":"fm"}},{"type":"Feature","geometry":{"type":"Polygon","coordinates":[[[-108.816426,36.885528],[-108.816441,36.884988],[-108.816217,36.884984],[-108.816212,36.885164],[-108.8161,36.885162],[-108.816097,36.885252],[-108.816209,36.885254],[-108.816201,36.885524],[-108.816426,36.885528]]]},"properties":{"src":"fm"}},{"type":"Feature","geometry":{"type":"Polygon","coordinates":[[[-108.813074,36.885016],[-108.813082,36.884746],[-108.812858,36.884742],[-108.812853,36.884922],[-108.812965,36.884924],[-108.812962,36.885014],[-108.813074,36.885016]]]},"properties":{"src":"fm"}},{"type":"Feature","geometry":{"type":"Polygon","coordinates":[[[-108.815526,36.885602],[-108.815529,36.885512],[-108.815977,36.88552],[-108.81598,36.88543],[-108.816092,36.885432],[-108.816094,36.885342],[-108.815982,36.88534],[-108.815987,36.88516],[-108.815763,36.885156],[-108.815768,36.884976],[-108.816217,36.884984],[-108.816222,36.884804],[-108.816446,36.884808],[-108.816462,36.884267],[-108.816013,36.884259],[-108.816008,36.884439],[-108.815784,36.884435],[-108.815789,36.884255],[-108.81534,36.884247],[-108.815335,36.884427],[-108.815111,36.884423],[-108.815116,36.884243],[-108.81377,36.884218],[-108.813765,36.884398],[-108.813653,36.884396],[-108.81365,36.884486],[-108.813538,36.884484],[-108.813536,36.884574],[-108.813087,36.884566],[-108.813082,36.884746],[-108.813194,36.884748],[-108.813192,36.884838],[-108.813304,36.88484],[-108.813306,36.88475],[-108.814652,36.884775],[-108.814647,36.884955],[-108.815544,36.884971],[-108.815539,36.885152],[-108.815202,36.885145],[-108.8152,36.885236],[-108.815312,36.885238],[-108.815309,36.885328],[-108.815197,36.885326],[-108.815195,36.885416],[-108.815307,36.885418],[-108.815304,36.885508],[-108.815416,36.88551],[-108.815414,36.8856],[-108.815526,36.885602]],[[-108.814876,36.884779],[-108.814652,36.884775],[-108.814657,36.884595],[-108.814881,36.884599],[-108.814876,36.884779]]]},"properties":{"src":"fm"}},{"type":"Feature","geometry":{"type":"Polygon","coordinates":[[[-108.81309,36.884476],[-108.813092,36.884386],[-108.813541,36.884394],[-108.813546,36.884214],[-108.812873,36.884201],[-108.812866,36.884472],[-108.81309,36.884476]]]},"properties":{"src":"fm"}},{"type":"Feature","geometry":{"type":"Polygon","coordinates":[[[-108.813619,36.889533],[-108.813621,36.889442],[-108.813397,36.889438],[-108.813394,36.889528],[-108.813619,36.889533]]]},"properties":{"src":"fm"}},{"type":"Feature","geometry":{"type":"Polygon","coordinates":[[[-108.813637,36.888902],[-108.813642,36.888722],[-108.813418,36.888718],[-108.813412,36.888898],[-108.813637,36.888902]]]},"properties":{"src":"fm"}},{"type":"Feature","geometry":{"type":"Polygon","coordinates":[[[-108.812964,36.88889],[-108.812969,36.888709],[-108.812745,36.888705],[-108.812742,36.888795],[-108.812854,36.888797],[-108.812852,36.888888],[-108.812964,36.88889]]]},"properties":{"src":"fm"}},{"type":"Feature","geometry":{"type":"Polygon","coordinates":[[[-108.812979,36.888349],[-108.812984,36.888169],[-108.81276,36.888165],[-108.812755,36.888345],[-108.812979,36.888349]]]},"properties":{"src":"fm"}},{"type":"Feature","geometry":{"type":"Polygon","coordinates":[[[-108.814348,36.887563],[-108.814351,36.887473],[-108.814126,36.887469],[-108.814124,36.887559],[-108.814348,36.887563]]]},"properties":{"src":"fm"}},{"type":"Feature","geometry":{"type":"Polygon","coordinates":[[[-108.813451,36.887547],[-108.813454,36.887457],[-108.813229,36.887452],[-108.813227,36.887543],[-108.813451,36.887547]]]},"properties":{"src":"fm"}},{"type":"Feature","geometry":{"type":"Polygon","coordinates":[[[-108.814129,36.887379],[-108.814132,36.887289],[-108.813907,36.887285],[-108.813905,36.887375],[-108.814129,36.887379]]]},"properties":{"src":"fm"}},{"type":"Feature","geometry":{"type":"Polygon","coordinates":[[[-108.813459,36.887276],[-108.813464,36.887096],[-108.813015,36.887088],[-108.81301,36.887268],[-108.813459,36.887276]]]},"properties":{"src":"fm"}},{"type":"Feature","geometry":{"type":"Polygon","coordinates":[[[-108.815553,36.892542],[-108.815558,36.892362],[-108.815109,36.892354],[-108.815104,36.892534],[-108.815553,36.892542]]]},"properties":{"src":"fm"}},{"type":"Feature","geometry":{"type":"Polygon","coordinates":[[[-108.814447,36.891981],[-108.814452,36.891801],[-108.814227,36.891797],[-108.814225,36.891887],[-108.814337,36.891889],[-108.814334,36.891979],[-108.814447,36.891981]]]},"properties":{"src":"fm"}},{"type":"Feature","geometry":{"type":"Polygon","coordinates":[[[-108.815125,36.891813],[-108.81513,36.891633],[-108.814905,36.891629],[-108.8149,36.891809],[-108.815125,36.891813]]]},"properties":{"src":"fm"}},{"type":"Feature","geometry":{"type":"Polygon","coordinates":[[[-108.816261,36.891294],[-108.816267,36.891113],[-108.816042,36.891109],[-108.816037,36.891289],[-108.816261,36.891294]]]},"properties":{"src":"fm"}},{"type":"Feature","geometry":{"type":"Polygon","coordinates":[[[-108.813593,36.890433],[-108.813596,36.890343],[-108.813371,36.890339],[-108.813369,36.890429],[-108.813593,36.890433]]]},"properties":{"src":"fm"}},{"type":"Feature","geometry":{"type":"Polygon","coordinates":[[[-108.813144,36.890425],[-108.813147,36.890335],[-108.812923,36.890331],[-108.81292,36.890421],[-108.813144,36.890425]]]},"properties":{"src":"fm"}},{"type":"Feature","geometry":{"type":"Polygon","coordinates":[[[-108.815398,36.890106],[-108.8154,36.890016],[-108.815176,36.890012],[-108.815173,36.890102],[-108.815398,36.890106]]]},"properties":{"src":"fm"}},{"type":"Feature","geometry":{"type":"Polygon","coordinates":[[[-108.810795,36.878395],[-108.810798,36.878305],[-108.810686,36.878303],[-108.810683,36.878393],[-108.810795,36.878395]]]},"properties":{"src":"fm"}},{"type":"Feature","geometry":{"type":"Polygon","coordinates":[[[-108.810581,36.87803],[-108.810586,36.87785],[-108.810362,36.877846],[-108.810357,36.878026],[-108.810581,36.87803]]]},"properties":{"src":"fm"}},{"type":"Feature","geometry":{"type":"Polygon","coordinates":[[[-108.810122,36.878382],[-108.81013,36.878112],[-108.810018,36.87811],[-108.810015,36.8782],[-108.809903,36.878198],[-108.809911,36.877928],[-108.809799,36.877926],[-108.809796,36.878016],[-108.809684,36.878014],[-108.809694,36.877654],[-108.80947,36.877649],[-108.80945,36.87837],[-108.810122,36.878382]]]},"properties":{"src":"fm"}},{"type":"Feature","geometry":{"type":"Polygon","coordinates":[[[-108.810362,36.877846],[-108.810367,36.877666],[-108.810255,36.877664],[-108.81025,36.877844],[-108.810362,36.877846]]]},"properties":{"src":"fm"}},{"type":"Feature","geometry":{"type":"Polygon","coordinates":[[[-108.809939,36.876937],[-108.809944,36.876757],[-108.80972,36.876753],[-108.809715,36.876933],[-108.809939,36.876937]]]},"properties":{"src":"fm"}},{"type":"Feature","geometry":{"type":"Polygon","coordinates":[[[-108.812757,36.880414],[-108.812759,36.880324],[-108.812647,36.880322],[-108.812645,36.880412],[-108.812757,36.880414]]]},"properties":{"src":"fm"}},{"type":"Feature","geometry":{"type":"Polygon","coordinates":[[[-108.811865,36.880217],[-108.811868,36.880127],[-108.811643,36.880123],[-108.811641,36.880213],[-108.811865,36.880217]]]},"properties":{"src":"fm"}},{"type":"Feature","geometry":{"type":"Polygon","coordinates":[[[-108.811422,36.880029],[-108.811424,36.879939],[-108.811312,36.879937],[-108.811309,36.880027],[-108.811422,36.880029]]]},"properties":{"src":"fm"}},{"type":"Feature","geometry":{"type":"Polygon","coordinates":[[[-108.811203,36.879844],[-108.811205,36.879754],[-108.811093,36.879752],[-108.81109,36.879842],[-108.811203,36.879844]]]},"properties":{"src":"fm"}},{"type":"Feature","geometry":{"type":"Polygon","coordinates":[[[-108.812986,36.880238],[-108.813007,36.879517],[-108.811886,36.879496],[-108.81188,36.879677],[-108.811656,36.879673],[-108.811654,36.879763],[-108.811766,36.879765],[-108.811763,36.879855],[-108.8121,36.879861],[-108.812094,36.880041],[-108.811982,36.880039],[-108.811977,36.880219],[-108.812986,36.880238]],[[-108.812548,36.879869],[-108.812324,36.879865],[-108.812329,36.879685],[-108.812553,36.879689],[-108.812548,36.879869]]]},"properties":{"src":"fm"}},{"type":"Feature","geometry":{"type":"Polygon","coordinates":[[[-108.811208,36.879664],[-108.811218,36.879304],[-108.811106,36.879302],[-108.811103,36.879392],[-108.810991,36.87939],[-108.810989,36.87948],[-108.811101,36.879482],[-108.811098,36.879572],[-108.810986,36.87957],[-108.810983,36.87966],[-108.811208,36.879664]]]},"properties":{"src":"fm"}},{"type":"Feature","geometry":{"type":"Polygon","coordinates":[[[-108.811886,36.879496],[-108.811891,36.879316],[-108.811442,36.879308],[-108.811437,36.879488],[-108.811886,36.879496]]]},"properties":{"src":"fm"}},{"type":"Feature","geometry":{"type":"Polygon","coordinates":[[[-108.811898,36.879046],[-108.811901,36.878956],[-108.811677,36.878952],[-108.811674,36.879042],[-108.811898,36.879046]]]},"properties":{"src":"fm"}},{"type":"Feature","geometry":{"type":"Polygon","coordinates":[[[-108.811442,36.879308],[-108.811452,36.878948],[-108.811228,36.878944],[-108.811233,36.878763],[-108.811009,36.878759],[-108.810999,36.87912],[-108.811223,36.879124],[-108.811218,36.879304],[-108.811442,36.879308]]]},"properties":{"src":"fm"}},{"type":"Feature","geometry":{"type":"Polygon","coordinates":[[[-108.811009,36.878759],[-108.811014,36.878579],[-108.81079,36.878575],[-108.810785,36.878755],[-108.811009,36.878759]]]},"properties":{"src":"fm"}},{"type":"Feature","geometry":{"type":"Polygon","coordinates":[[[-108.812955,36.881319],[-108.812973,36.880688],[-108.812861,36.880686],[-108.812859,36.880776],[-108.812074,36.880762],[-108.812076,36.880672],[-108.811964,36.88067],[-108.811962,36.88076],[-108.81185,36.880758],[-108.811852,36.880668],[-108.81174,36.880665],[-108.811737,36.880756],[-108.811625,36.880753],[-108.81163,36.880573],[-108.811406,36.880569],[-108.811409,36.880479],[-108.811297,36.880477],[-108.811294,36.880567],[-108.811182,36.880565],[-108.811187,36.880385],[-108.810963,36.880381],[-108.810971,36.880111],[-108.810858,36.880108],[-108.810856,36.880199],[-108.810744,36.880196],[-108.810749,36.880016],[-108.810525,36.880012],[-108.810527,36.879922],[-108.810415,36.87992],[-108.810412,36.88001],[-108.8103,36.880008],[-108.810305,36.879828],[-108.81053,36.879832],[-108.810543,36.879382],[-108.810318,36.879377],[-108.810341,36.878567],[-108.810117,36.878563],[-108.810122,36.878382],[-108.80945,36.87837],[-108.809367,36.881253],[-108.812955,36.881319]],[[-108.809959,36.880182],[-108.809847,36.88018],[-108.809852,36.88],[-108.810076,36.880004],[-108.810073,36.880094],[-108.809961,36.880092],[-108.809959,36.880182]]]},"properties":{"src":"fm"}},{"type":"Feature","geometry":{"type":"Polygon","coordinates":[[[-108.812873,36.884201],[-108.812889,36.883661],[-108.812777,36.883659],[-108.812774,36.883749],[-108.812662,36.883747],[-108.812664,36.883657],[-108.81244,36.883653],[-108.81243,36.884013],[-108.812654,36.884017],[-108.812649,36.884197],[-108.812873,36.884201]]]},"properties":{"src":"fm"}},{"type":"Feature","geometry":{"type":"Polygon","coordinates":[[[-108.81244,36.883653],[-108.812445,36.883472],[-108.812333,36.88347],[-108.812331,36.88356],[-108.812218,36.883558],[-108.812221,36.883468],[-108.810427,36.883435],[-108.810422,36.883615],[-108.810646,36.883619],[-108.810648,36.883529],[-108.810873,36.883534],[-108.81087,36.883624],[-108.81244,36.883653]]]},"properties":{"src":"fm"}},{"type":"Feature","geometry":{"type":"Polygon","coordinates":[[[-108.8102,36.883521],[-108.810203,36.883431],[-108.809978,36.883427],[-108.809976,36.883517],[-108.8102,36.883521]]]},"properties":{"src":"fm"}},{"type":"Feature","geometry":{"type":"Polygon","coordinates":[[[-108.80953,36.883419],[-108.809535,36.883239],[-108.809423,36.883236],[-108.80942,36.883327],[-108.809308,36.883324],[-108.809305,36.883415],[-108.80953,36.883419]]]},"properties":{"src":"fm"}},{"type":"Feature","geometry":{"type":"Polygon","coordinates":[[[-108.812909,36.88294],[-108.81292,36.88258],[-108.812695,36.882576],[-108.8127,36.882396],[-108.812252,36.882387],[-108.812262,36.882027],[-108.812935,36.882039],[-108.812955,36.881319],[-108.811946,36.8813],[-108.811941,36.88148],[-108.811829,36.881478],[-108.811834,36.881298],[-108.809367,36.881253],[-108.809359,36.881523],[-108.809472,36.881525],[-108.809469,36.881615],[-108.809357,36.881613],[-108.809349,36.881883],[-108.809573,36.881887],[-108.809576,36.881797],[-108.8098,36.881801],[-108.80979,36.882162],[-108.809341,36.882153],[-108.809331,36.882514],[-108.80978,36.882522],[-108.809777,36.882612],[-108.810001,36.882616],[-108.810007,36.882436],[-108.810119,36.882438],[-108.810116,36.882528],[-108.810228,36.88253],[-108.810233,36.88235],[-108.81057,36.882356],[-108.810567,36.882446],[-108.810679,36.882448],[-108.810682,36.882358],[-108.811355,36.882371],[-108.81136,36.882191],[-108.810463,36.882174],[-108.810468,36.881994],[-108.811814,36.882019],[-108.811808,36.882199],[-108.811584,36.882195],[-108.811574,36.882555],[-108.812022,36.882563],[-108.812017,36.882743],[-108.81269,36.882756],[-108.812685,36.882936],[-108.812909,36.88294]],[[-108.812497,36.881671],[-108.811824,36.881658],[-108.811826,36.881568],[-108.812051,36.881572],[-108.812053,36.881482],[-108.812278,36.881486],[-108.812275,36.881577],[-108.812499,36.881581],[-108.812497,36.881671]],[[-108.812614,36.881493],[-108.812502,36.881491],[-108.812504,36.881401],[-108.812617,36.881403],[-108.812614,36.881493]],[[-108.811717,36.881476],[-108.811605,36.881474],[-108.811607,36.881384],[-108.811719,36.881386],[-108.811717,36.881476]],[[-108.809811,36.881441],[-108.809586,36.881437],[-108.809589,36.881347],[-108.809813,36.881351],[-108.809811,36.881441]]]},"properties":{"src":"fm"}},{"type":"Feature","geometry":{"type":"Polygon","coordinates":[[[-108.81167,36.887063],[-108.811675,36.886883],[-108.81145,36.886879],[-108.811448,36.886969],[-108.81156,36.886971],[-108.811557,36.887061],[-108.81167,36.887063]]]},"properties":{"src":"fm"}},{"type":"Feature","geometry":{"type":"Polygon","coordinates":[[[-108.8101,36.887034],[-108.810105,36.886854],[-108.809656,36.886846],[-108.809651,36.887026],[-108.8101,36.887034]]]},"properties":{"src":"fm"}},{"type":"Feature","geometry":{"type":"Polygon","coordinates":[[[-108.811899,36.886887],[-108.811904,36.886707],[-108.81168,36.886703],[-108.811675,36.886883],[-108.811899,36.886887]]]},"properties":{"src":"fm"}},{"type":"Feature","geometry":{"type":"Polygon","coordinates":[[[-108.811226,36.886875],[-108.811231,36.886695],[-108.810783,36.886686],[-108.810778,36.886867],[-108.811226,36.886875]]]},"properties":{"src":"fm"}},{"type":"Feature","geometry":{"type":"Polygon","coordinates":[[[-108.812799,36.886814],[-108.812801,36.886724],[-108.812577,36.886719],[-108.812574,36.886809],[-108.812799,36.886814]]]},"properties":{"src":"fm"}},{"type":"Feature","geometry":{"type":"Polygon","coordinates":[[[-108.809888,36.88658],[-108.809891,36.88649],[-108.809779,36.886488],[-108.809776,36.886578],[-108.809888,36.88658]]]},"properties":{"src":"fm"}},{"type":"Feature","geometry":{"type":"Polygon","coordinates":[[[-108.810558,36.886682],[-108.810564,36.886502],[-108.811685,36.886523],[-108.81169,36.886343],[-108.811242,36.886334],[-108.811247,36.886154],[-108.811022,36.88615],[-108.811017,36.88633],[-108.810569,36.886322],[-108.810574,36.886142],[-108.81035,36.886138],[-108.810344,36.886318],[-108.81012,36.886314],[-108.810112,36.886584],[-108.810225,36.886586],[-108.810222,36.886676],[-108.810334,36.886678],[-108.810337,36.886588],[-108.810449,36.88659],[-108.810446,36.88668],[-108.810558,36.886682]],[[-108.810451,36.8865],[-108.810339,36.886498],[-108.810342,36.886408],[-108.810454,36.88641],[-108.810451,36.8865]]]},"properties":{"src":"fm"}},{"type":"Feature","geometry":{"type":"Polygon","coordinates":[[[-108.809455,36.886031],[-108.809458,36.885941],[-108.809233,36.885937],[-108.809231,36.886027],[-108.809455,36.886031]]]},"properties":{"src":"fm"}},{"type":"Feature","geometry":{"type":"Polygon","coordinates":[[[-108.81062,36.88452],[-108.810625,36.88434],[-108.810401,36.884336],[-108.810398,36.884426],[-108.810511,36.884428],[-108.810508,36.884518],[-108.81062,36.88452]]]},"properties":{"src":"fm"}},{"type":"Feature","geometry":{"type":"Polygon","coordinates":[[[-108.809697,36.885405],[-108.809702,36.885224],[-108.812618,36.885278],[-108.812623,36.885098],[-108.812399,36.885094],[-108.812404,36.884914],[-108.812853,36.884922],[-108.812873,36.884201],[-108.812425,36.884193],[-108.81242,36.884373],[-108.811747,36.884361],[-108.811742,36.884541],[-108.811181,36.884531],[-108.811178,36.884621],[-108.811066,36.884619],[-108.811069,36.884529],[-108.810957,36.884526],[-108.810951,36.884707],[-108.810839,36.884705],[-108.810844,36.884524],[-108.81062,36.88452],[-108.810615,36.8847],[-108.810391,36.884696],[-108.810396,36.884516],[-108.810172,36.884512],[-108.810177,36.884332],[-108.809953,36.884328],[-108.809947,36.884508],[-108.809499,36.8845],[-108.809494,36.88468],[-108.809269,36.884676],[-108.809264,36.884856],[-108.809489,36.88486],[-108.809483,36.88504],[-108.809259,36.885036],[-108.809251,36.885306],[-108.809363,36.885308],[-108.809361,36.885398],[-108.809473,36.8854],[-108.809476,36.88531],[-108.809588,36.885312],[-108.809585,36.885402],[-108.809697,36.885405]],[[-108.812175,36.88509],[-108.81195,36.885086],[-108.811953,36.884995],[-108.812177,36.885],[-108.812175,36.88509]],[[-108.809937,36.884868],[-108.809713,36.884864],[-108.809715,36.884774],[-108.80994,36.884778],[-108.809937,36.884868]],[[-108.812634,36.884738],[-108.811961,36.884725],[-108.811966,36.884545],[-108.812639,36.884557],[-108.812634,36.884738]],[[-108.811849,36.884723],[-108.811736,36.884721],[-108.811742,36.884541],[-108.811854,36.884543],[-108.811849,36.884723]],[[-108.810057,36.8846],[-108.809945,36.884598],[-108.809947,36.884508],[-108.810059,36.88451],[-108.810057,36.8846]]]},"properties":{"src":"fm"}},{"type":"Feature","geometry":{"type":"Polygon","coordinates":[[[-108.812038,36.889864],[-108.812041,36.889774],[-108.811817,36.88977],[-108.811814,36.88986],[-108.812038,36.889864]]]},"properties":{"src":"fm"}},{"type":"Feature","geometry":{"type":"Polygon","coordinates":[[[-108.81274,36.888885],[-108.812745,36.888705],[-108.812296,36.888697],[-108.812294,36.888787],[-108.812406,36.888789],[-108.812403,36.888879],[-108.81274,36.888885]]]},"properties":{"src":"fm"}},{"type":"Feature","geometry":{"type":"Polygon","coordinates":[[[-108.811842,36.888869],[-108.811848,36.888689],[-108.811623,36.888685],[-108.811621,36.888775],[-108.811733,36.888777],[-108.81173,36.888867],[-108.811842,36.888869]]]},"properties":{"src":"fm"}},{"type":"Feature","geometry":{"type":"Polygon","coordinates":[[[-108.809824,36.888832],[-108.809834,36.888471],[-108.80961,36.888467],[-108.809602,36.888738],[-108.809714,36.88874],[-108.809712,36.88883],[-108.809824,36.888832]]]},"properties":{"src":"fm"}},{"type":"Feature","geometry":{"type":"Polygon","coordinates":[[[-108.812072,36.888693],[-108.812077,36.888513],[-108.811853,36.888509],[-108.811848,36.888689],[-108.812072,36.888693]]]},"properties":{"src":"fm"}},{"type":"Feature","geometry":{"type":"Polygon","coordinates":[[[-108.812747,36.888615],[-108.81275,36.888525],[-108.812638,36.888523],[-108.812635,36.888613],[-108.812747,36.888615]]]},"properties":{"src":"fm"}},{"type":"Feature","geometry":{"type":"Polygon","coordinates":[[[-108.810058,36.888476],[-108.810064,36.888295],[-108.809839,36.888291],[-108.809834,36.888471],[-108.810058,36.888476]]]},"properties":{"src":"fm"}},{"type":"Feature","geometry":{"type":"Polygon","coordinates":[[[-108.80961,36.888467],[-108.80962,36.888107],[-108.809396,36.888103],[-108.809386,36.888463],[-108.80961,36.888467]]]},"properties":{"src":"fm"}},{"type":"Feature","geometry":{"type":"Polygon","coordinates":[[[-108.811185,36.888316],[-108.81119,36.888136],[-108.810966,36.888132],[-108.810971,36.887952],[-108.810747,36.887947],[-108.810736,36.888308],[-108.811185,36.888316]]]},"properties":{"src":"fm"}},{"type":"Feature","geometry":{"type":"Polygon","coordinates":[[[-108.811195,36.887956],[-108.8112,36.887776],[-108.811088,36.887774],[-108.811083,36.887954],[-108.811195,36.887956]]]},"properties":{"src":"fm"}},{"type":"Feature","geometry":{"type":"Polygon","coordinates":[[[-108.810747,36.887947],[-108.810752,36.887767],[-108.810528,36.887763],[-108.810522,36.887943],[-108.810747,36.887947]]]},"properties":{"src":"fm"}},{"type":"Feature","geometry":{"type":"Polygon","coordinates":[[[-108.810528,36.887763],[-108.810538,36.887403],[-108.810314,36.887399],[-108.810303,36.887759],[-108.810528,36.887763]]]},"properties":{"src":"fm"}},{"type":"Feature","geometry":{"type":"Polygon","coordinates":[[[-108.812105,36.887522],[-108.812108,36.887432],[-108.811884,36.887428],[-108.811881,36.887518],[-108.812105,36.887522]]]},"properties":{"src":"fm"}},{"type":"Feature","geometry":{"type":"Polygon","coordinates":[[[-108.80987,36.88721],[-108.809875,36.88703],[-108.809651,36.887026],[-108.809646,36.887206],[-108.80987,36.88721]]]},"properties":{"src":"fm"}},{"type":"Feature","geometry":{"type":"Polygon","coordinates":[[[-108.81077,36.887137],[-108.810772,36.887047],[-108.810548,36.887043],[-108.810546,36.887133],[-108.81077,36.887137]]]},"properties":{"src":"fm"}},{"type":"Feature","geometry":{"type":"Polygon","coordinates":[[[-108.810321,36.887128],[-108.810324,36.887038],[-108.8101,36.887034],[-108.810097,36.887124],[-108.810321,36.887128]]]},"properties":{"src":"fm"}},{"type":"Feature","geometry":{"type":"Polygon","coordinates":[[[-108.812479,36.890142],[-108.812484,36.889962],[-108.81226,36.889958],[-108.812255,36.890138],[-108.812479,36.890142]]]},"properties":{"src":"fm"}},{"type":"Feature","geometry":{"type":"Polygon","coordinates":[[[-108.808635,36.875471],[-108.80864,36.875291],[-108.808079,36.87528],[-108.808077,36.875371],[-108.807965,36.875368],[-108.807962,36.875459],[-108.808635,36.875471]]]},"properties":{"src":"fm"}},{"type":"Feature","geometry":{"type":"Polygon","coordinates":[[[-108.807091,36.874541],[-108.807096,36.874361],[-108.806872,36.874357],[-108.806867,36.874537],[-108.807091,36.874541]]]},"properties":{"src":"fm"}},{"type":"Feature","geometry":{"type":"Polygon","coordinates":[[[-108.807431,36.878333],[-108.807434,36.878243],[-108.807322,36.878241],[-108.807319,36.878331],[-108.807431,36.878333]]]},"properties":{"src":"fm"}},{"type":"Feature","geometry":{"type":"Polygon","coordinates":[[[-108.80945,36.87837],[-108.809475,36.877469],[-108.809251,36.877465],[-108.809272,36.876744],[-108.809047,36.87674],[-108.809058,36.87638],[-108.808833,36.876376],[-108.808844,36.876016],[-108.807722,36.875995],[-108.80772,36.876085],[-108.807608,36.876083],[-108.807605,36.876173],[-108.806148,36.876146],[-108.806145,36.876236],[-108.805921,36.876232],[-108.805861,36.878304],[-108.807207,36.878329],[-108.807217,36.877968],[-108.807442,36.877972],[-108.807436,36.878153],[-108.807661,36.878157],[-108.807656,36.878337],[-108.80945,36.87837]],[[-108.807217,36.877968],[-108.806993,36.877964],[-108.806998,36.877784],[-108.807222,36.877788],[-108.807217,36.877968]],[[-108.806886,36.877782],[-108.806774,36.87778],[-108.806779,36.8776],[-108.807003,36.877604],[-108.807001,36.877694],[-108.806889,36.877692],[-108.806886,36.877782]],[[-108.808583,36.877273],[-108.808359,36.877268],[-108.808364,36.877088],[-108.808589,36.877092],[-108.808583,36.877273]],[[-108.808364,36.877088],[-108.807916,36.87708],[-108.807921,36.8769],[-108.808369,36.876908],[-108.808364,36.877088]],[[-108.807921,36.8769],[-108.807697,36.876896],[-108.807702,36.876716],[-108.807814,36.876718],[-108.807811,36.876808],[-108.807924,36.87681],[-108.807921,36.8769]]]},"properties":{"src":"fm"}},{"type":"Feature","geometry":{"type":"Polygon","coordinates":[[[-108.807279,36.875806],[-108.807284,36.875626],[-108.806836,36.875618],[-108.806831,36.875798],[-108.807279,36.875806]]]},"properties":{"src":"fm"}},{"type":"Feature","geometry":{"type":"Polygon","coordinates":[[[-108.808854,36.875655],[-108.808857,36.875565],[-108.808744,36.875563],[-108.808742,36.875653],[-108.808854,36.875655]]]},"properties":{"src":"fm"}},{"type":"Feature","geometry":{"type":"Polygon","coordinates":[[[-108.807957,36.875639],[-108.80796,36.875549],[-108.807847,36.875547],[-108.807845,36.875637],[-108.807957,36.875639]]]},"properties":{"src":"fm"}},{"type":"Feature","geometry":{"type":"Polygon","coordinates":[[[-108.809367,36.881253],[-108.80945,36.87837],[-108.807656,36.878337],[-108.80765,36.878517],[-108.807875,36.878521],[-108.807872,36.878611],[-108.80776,36.878609],[-108.807757,36.878699],[-108.807869,36.878701],[-108.807864,36.878882],[-108.808089,36.878886],[-108.808086,36.878976],[-108.807974,36.878974],[-108.807971,36.879064],[-108.808083,36.879066],[-108.808073,36.879426],[-108.807849,36.879422],[-108.807862,36.878972],[-108.80775,36.87897],[-108.807747,36.87906],[-108.807635,36.879058],[-108.807645,36.878697],[-108.807421,36.878693],[-108.807431,36.878333],[-108.805861,36.878304],[-108.805805,36.880286],[-108.806029,36.88029],[-108.806024,36.88047],[-108.8058,36.880466],[-108.805794,36.880646],[-108.806019,36.88065],[-108.806014,36.88083],[-108.805789,36.880826],[-108.805779,36.881186],[-108.808246,36.881232],[-108.808248,36.881142],[-108.808361,36.881144],[-108.808358,36.881234],[-108.80847,36.881236],[-108.808475,36.881056],[-108.808924,36.881064],[-108.808929,36.880884],[-108.809041,36.880886],[-108.809039,36.880976],[-108.809151,36.880978],[-108.809143,36.881248],[-108.809367,36.881253]],[[-108.806686,36.880843],[-108.806462,36.880838],[-108.806467,36.880658],[-108.806691,36.880662],[-108.806686,36.880843]],[[-108.806916,36.880667],[-108.806691,36.880662],[-108.806694,36.880572],[-108.806918,36.880577],[-108.806916,36.880667]],[[-108.806467,36.880658],[-108.806243,36.880654],[-108.806248,36.880474],[-108.806472,36.880478],[-108.806467,36.880658]],[[-108.806702,36.880302],[-108.806253,36.880294],[-108.806256,36.880204],[-108.80648,36.880208],[-108.806483,36.880118],[-108.806707,36.880122],[-108.806702,36.880302]],[[-108.806483,36.880118],[-108.806034,36.88011],[-108.806044,36.879749],[-108.806269,36.879753],[-108.806261,36.880024],[-108.806485,36.880028],[-108.806483,36.880118]]]},"properties":{"src":"fm"}},{"type":"Feature","geometry":{"type":"Polygon","coordinates":[[[-108.809298,36.883685],[-108.8093,36.883595],[-108.809188,36.883593],[-108.809186,36.883683],[-108.809298,36.883685]]]},"properties":{"src":"fm"}},{"type":"Feature","geometry":{"type":"Polygon","coordinates":[[[-108.807728,36.883656],[-108.80773,36.883566],[-108.807506,36.883562],[-108.807504,36.883652],[-108.807728,36.883656]]]},"properties":{"src":"fm"}},{"type":"Feature","geometry":{"type":"Polygon","coordinates":[[[-108.807944,36.88393],[-108.807955,36.88357],[-108.808403,36.883578],[-108.808406,36.883488],[-108.80863,36.883492],[-108.808627,36.883582],[-108.809076,36.883591],[-108.809086,36.88323],[-108.809311,36.883234],[-108.809316,36.883054],[-108.809091,36.88305],[-108.809102,36.88269],[-108.808877,36.882686],[-108.808867,36.883046],[-108.808419,36.883038],[-108.808413,36.883218],[-108.808974,36.883228],[-108.808972,36.883318],[-108.808859,36.883316],[-108.808857,36.883406],[-108.80796,36.88339],[-108.807965,36.88321],[-108.807853,36.883207],[-108.80785,36.883298],[-108.807738,36.883295],[-108.80773,36.883566],[-108.807843,36.883568],[-108.80784,36.883658],[-108.807728,36.883656],[-108.80772,36.883926],[-108.807944,36.88393]]]},"properties":{"src":"fm"}},{"type":"Feature","geometry":{"type":"Polygon","coordinates":[[[-108.808419,36.883038],[-108.808424,36.882857],[-108.808648,36.882862],[-108.808653,36.882681],[-108.808205,36.882673],[-108.808194,36.883034],[-108.808419,36.883038]]]},"properties":{"src":"fm"}},{"type":"Feature","geometry":{"type":"Polygon","coordinates":[[[-108.807516,36.883201],[-108.807522,36.883021],[-108.807073,36.883013],[-108.807078,36.882833],[-108.807302,36.882837],[-108.807308,36.882657],[-108.806411,36.88264],[-108.806408,36.88273],[-108.806632,36.882734],[-108.80663,36.882824],[-108.806405,36.88282],[-108.8064,36.883],[-108.806849,36.883009],[-108.806844,36.883189],[-108.807516,36.883201]]]},"properties":{"src":"fm"}},{"type":"Feature","geometry":{"type":"Polygon","coordinates":[[[-108.806862,36.882558],[-108.806864,36.882468],[-108.806752,36.882466],[-108.806749,36.882556],[-108.806862,36.882558]]]},"properties":{"src":"fm"}},{"type":"Feature","geometry":{"type":"Polygon","coordinates":[[[-108.809336,36.882334],[-108.809341,36.882153],[-108.808893,36.882145],[-108.80889,36.882235],[-108.809115,36.882239],[-108.809112,36.882329],[-108.809336,36.882334]]]},"properties":{"src":"fm"}},{"type":"Feature","geometry":{"type":"Polygon","coordinates":[[[-108.80797,36.883029],[-108.80798,36.882669],[-108.807756,36.882665],[-108.807766,36.882305],[-108.807318,36.882296],[-108.807323,36.882116],[-108.807099,36.882112],[-108.807101,36.882022],[-108.806989,36.88202],[-108.806987,36.88211],[-108.806875,36.882108],[-108.806872,36.882198],[-108.80676,36.882196],[-108.806757,36.882286],[-108.806869,36.882288],[-108.806864,36.882468],[-108.807537,36.882481],[-108.807527,36.882841],[-108.807751,36.882845],[-108.807746,36.883025],[-108.80797,36.883029]]]},"properties":{"src":"fm"}},{"type":"Feature","geometry":{"type":"Polygon","coordinates":[[[-108.806875,36.882108],[-108.80688,36.881928],[-108.806768,36.881926],[-108.806765,36.882016],[-108.806653,36.882014],[-108.80665,36.882104],[-108.806875,36.882108]]]},"properties":{"src":"fm"}},{"type":"Feature","geometry":{"type":"Polygon","coordinates":[[[-108.806426,36.8821],[-108.806431,36.881919],[-108.806207,36.881915],[-108.806202,36.882095],[-108.806426,36.8821]]]},"properties":{"src":"fm"}},{"type":"Feature","geometry":{"type":"Polygon","coordinates":[[[-108.806207,36.881915],[-108.806212,36.881735],[-108.805763,36.881727],[-108.805758,36.881907],[-108.806207,36.881915]]]},"properties":{"src":"fm"}},{"type":"Feature","geometry":{"type":"Polygon","coordinates":[[[-108.808687,36.88151],[-108.808689,36.88142],[-108.808465,36.881416],[-108.808462,36.881506],[-108.808687,36.88151]]]},"properties":{"src":"fm"}},{"type":"Feature","geometry":{"type":"Polygon","coordinates":[[[-108.806663,36.881653],[-108.806676,36.881203],[-108.805779,36.881186],[-108.805774,36.881367],[-108.806222,36.881375],[-108.806217,36.881555],[-108.806441,36.881559],[-108.806439,36.881649],[-108.806663,36.881653]]]},"properties":{"src":"fm"}},{"type":"Feature","geometry":{"type":"Polygon","coordinates":[[[-108.809247,36.881521],[-108.80925,36.881431],[-108.809362,36.881433],[-108.809367,36.881253],[-108.808694,36.88124],[-108.808692,36.88133],[-108.808916,36.881334],[-108.808914,36.881424],[-108.809138,36.881429],[-108.809135,36.881519],[-108.809247,36.881521]]]},"properties":{"src":"fm"}},{"type":"Feature","geometry":{"type":"Polygon","coordinates":[[[-108.809122,36.881969],[-108.809125,36.881879],[-108.809349,36.881883],[-108.809357,36.881613],[-108.808684,36.881601],[-108.808679,36.881781],[-108.80823,36.881772],[-108.808241,36.881412],[-108.808465,36.881416],[-108.80847,36.881236],[-108.8069,36.881207],[-108.806895,36.881387],[-108.807119,36.881391],[-108.807114,36.881572],[-108.80689,36.881567],[-108.806887,36.881657],[-108.807112,36.881662],[-108.807109,36.881752],[-108.806885,36.881748],[-108.80688,36.881928],[-108.807552,36.88194],[-108.807558,36.88176],[-108.808006,36.881768],[-108.808001,36.881948],[-108.808225,36.881953],[-108.808228,36.881862],[-108.808452,36.881867],[-108.80845,36.881957],[-108.809122,36.881969]]]},"properties":{"src":"fm"}},{"type":"Feature","geometry":{"type":"Polygon","coordinates":[[[-108.809202,36.887018],[-108.809208,36.886838],[-108.808535,36.886825],[-108.80853,36.887005],[-108.809202,36.887018]]]},"properties":{"src":"fm"}},{"type":"Feature","geometry":{"type":"Polygon","coordinates":[[[-108.808535,36.886825],[-108.808537,36.886735],[-108.808762,36.886739],[-108.808764,36.886649],[-108.808316,36.886641],[-108.808313,36.886731],[-108.808425,36.886733],[-108.808423,36.886823],[-108.808535,36.886825]]]},"properties":{"src":"fm"}},{"type":"Feature","geometry":{"type":"Polygon","coordinates":[[[-108.807189,36.8868],[-108.807194,36.88662],[-108.80697,36.886616],[-108.806975,36.886436],[-108.806302,36.886423],[-108.806297,36.886604],[-108.806746,36.886612],[-108.806743,36.886702],[-108.806855,36.886704],[-108.806853,36.886794],[-108.806965,36.886796],[-108.806967,36.886706],[-108.807079,36.886708],[-108.807077,36.886798],[-108.807189,36.8868]]]},"properties":{"src":"fm"}},{"type":"Feature","geometry":{"type":"Polygon","coordinates":[[[-108.806753,36.886342],[-108.806756,36.886252],[-108.806532,36.886247],[-108.806529,36.886337],[-108.806753,36.886342]]]},"properties":{"src":"fm"}},{"type":"Feature","geometry":{"type":"Polygon","coordinates":[[[-108.806302,36.886423],[-108.806313,36.886063],[-108.80564,36.886051],[-108.805635,36.886231],[-108.805859,36.886235],[-108.805854,36.886415],[-108.806302,36.886423]]]},"properties":{"src":"fm"}},{"type":"Feature","geometry":{"type":"Polygon","coordinates":[[[-108.80698,36.886256],[-108.806985,36.886076],[-108.806761,36.886071],[-108.806756,36.886252],[-108.80698,36.886256]]]},"properties":{"src":"fm"}},{"type":"Feature","geometry":{"type":"Polygon","coordinates":[[[-108.807434,36.886084],[-108.807439,36.885904],[-108.806991,36.885895],[-108.806985,36.886076],[-108.807434,36.886084]]]},"properties":{"src":"fm"}},{"type":"Feature","geometry":{"type":"Polygon","coordinates":[[[-108.808558,36.886014],[-108.80856,36.885924],[-108.808336,36.88592],[-108.808334,36.88601],[-108.808558,36.886014]]]},"properties":{"src":"fm"}},{"type":"Feature","geometry":{"type":"Polygon","coordinates":[[[-108.806539,36.885977],[-108.806542,36.885887],[-108.80643,36.885885],[-108.806427,36.885975],[-108.806539,36.885977]]]},"properties":{"src":"fm"}},{"type":"Feature","geometry":{"type":"Polygon","coordinates":[[[-108.806315,36.885973],[-108.806318,36.885883],[-108.806093,36.885879],[-108.806091,36.885969],[-108.806315,36.885973]]]},"properties":{"src":"fm"}},{"type":"Feature","geometry":{"type":"Polygon","coordinates":[[[-108.807442,36.885814],[-108.807444,36.885723],[-108.80722,36.885719],[-108.807217,36.885809],[-108.807442,36.885814]]]},"properties":{"src":"fm"}},{"type":"Feature","geometry":{"type":"Polygon","coordinates":[[[-108.805879,36.885514],[-108.805885,36.885334],[-108.80566,36.88533],[-108.805658,36.88542],[-108.80577,36.885422],[-108.805767,36.885512],[-108.805879,36.885514]]]},"properties":{"src":"fm"}},{"type":"Feature","geometry":{"type":"Polygon","coordinates":[[[-108.807916,36.884921],[-108.807919,36.884831],[-108.807694,36.884827],[-108.807692,36.884917],[-108.807916,36.884921]]]},"properties":{"src":"fm"}},{"type":"Feature","geometry":{"type":"Polygon","coordinates":[[[-108.809254,36.885216],[-108.809269,36.884676],[-108.808372,36.884659],[-108.808377,36.884479],[-108.808153,36.884475],[-108.808148,36.884655],[-108.807924,36.884651],[-108.807919,36.884831],[-108.808367,36.884839],[-108.808362,36.885019],[-108.809035,36.885032],[-108.80903,36.885212],[-108.809254,36.885216]]]},"properties":{"src":"fm"}},{"type":"Feature","geometry":{"type":"Polygon","coordinates":[[[-108.809275,36.884495],[-108.80928,36.884315],[-108.808607,36.884303],[-108.808602,36.884483],[-108.809275,36.884495]]]},"properties":{"src":"fm"}},{"type":"Feature","geometry":{"type":"Polygon","coordinates":[[[-108.80722,36.885719],[-108.807225,36.885539],[-108.807001,36.885535],[-108.807006,36.885355],[-108.80723,36.885359],[-108.807228,36.885449],[-108.80734,36.885451],[-108.807335,36.885631],[-108.807671,36.885638],[-108.807679,36.885367],[-108.807455,36.885363],[-108.80746,36.885183],[-108.807235,36.885179],[-108.807241,36.884999],[-108.807016,36.884995],[-108.807021,36.884814],[-108.807246,36.884819],[-108.807256,36.884458],[-108.806583,36.884446],[-108.806588,36.884266],[-108.80614,36.884257],[-108.806145,36.884077],[-108.805921,36.884073],[-108.805918,36.884163],[-108.80603,36.884165],[-108.806028,36.884255],[-108.805916,36.884253],[-108.805913,36.884343],[-108.806025,36.884345],[-108.806023,36.884435],[-108.806359,36.884442],[-108.806343,36.884982],[-108.806568,36.884986],[-108.806557,36.885347],[-108.806109,36.885338],[-108.806106,36.885428],[-108.806218,36.88543],[-108.806216,36.885521],[-108.806328,36.885523],[-108.806323,36.885703],[-108.80722,36.885719]],[[-108.806777,36.885531],[-108.806552,36.885527],[-108.806557,36.885347],[-108.806782,36.885351],[-108.806777,36.885531]]]},"properties":{"src":"fm"}},{"type":"Feature","geometry":{"type":"Polygon","coordinates":[[[-108.808607,36.884303],[-108.808612,36.884123],[-108.808388,36.884119],[-108.808383,36.884299],[-108.808607,36.884303]]]},"properties":{"src":"fm"}},{"type":"Feature","geometry":{"type":"Polygon","coordinates":[[[-108.809172,36.888099],[-108.809177,36.887919],[-108.808952,36.887914],[-108.808947,36.888095],[-108.809172,36.888099]]]},"properties":{"src":"fm"}},{"type":"Feature","geometry":{"type":"Polygon","coordinates":[[[-108.808955,36.887824],[-108.808958,36.887734],[-108.808509,36.887726],[-108.808506,36.887816],[-108.808955,36.887824]]]},"properties":{"src":"fm"}},{"type":"Feature","geometry":{"type":"Polygon","coordinates":[[[-108.808736,36.88764],[-108.808738,36.88755],[-108.808626,36.887548],[-108.808624,36.887638],[-108.808736,36.88764]]]},"properties":{"src":"fm"}},{"type":"Feature","geometry":{"type":"Polygon","coordinates":[[[-108.80763,36.887079],[-108.807632,36.886989],[-108.80752,36.886987],[-108.807518,36.887077],[-108.80763,36.887079]]]},"properties":{"src":"fm"}},{"type":"Feature","geometry":{"type":"Polygon","coordinates":[[[-108.807406,36.887075],[-108.807408,36.886985],[-108.807296,36.886983],[-108.807293,36.887073],[-108.807406,36.887075]]]},"properties":{"src":"fm"}},{"type":"Feature","geometry":{"type":"Polygon","coordinates":[[[-108.804457,36.87251],[-108.804467,36.872149],[-108.804243,36.872145],[-108.804253,36.871785],[-108.804029,36.871781],[-108.804034,36.871601],[-108.80381,36.871596],[-108.80382,36.871236],[-108.80326,36.871226],[-108.803254,36.871406],[-108.803142,36.871404],[-108.803153,36.871044],[-108.803601,36.871052],[-108.803606,36.870872],[-108.803494,36.87087],[-108.803492,36.87096],[-108.803379,36.870958],[-108.803387,36.870687],[-108.803163,36.870683],[-108.803173,36.870323],[-108.802949,36.870319],[-108.802944,36.870499],[-108.802832,36.870497],[-108.802829,36.870587],[-108.802717,36.870585],[-108.802725,36.870315],[-108.802501,36.87031],[-108.802439,36.872472],[-108.804457,36.87251]]]},"properties":{"src":"fm"}},{"type":"Feature","geometry":{"type":"Polygon","coordinates":[[[-108.805271,36.875409],[-108.805287,36.874868],[-108.805062,36.874864],[-108.805073,36.874504],[-108.805185,36.874506],[-108.80518,36.874686],[-108.805292,36.874688],[-108.805297,36.874508],[-108.805745,36.874516],[-108.805751,36.874336],[-108.805302,36.874328],[-108.805307,36.874148],[-108.805083,36.874144],[-108.805099,36.873603],[-108.804874,36.873599],[-108.804885,36.873239],[-108.80466,36.873234],[-108.804666,36.873054],[-108.80489,36.873058],[-108.804895,36.872878],[-108.804671,36.872874],[-108.804681,36.872514],[-108.804569,36.872512],[-108.804566,36.872602],[-108.804454,36.8726],[-108.804457,36.87251],[-108.802439,36.872472],[-108.802361,36.875175],[-108.802585,36.875179],[-108.80258,36.875359],[-108.805047,36.875405],[-108.805052,36.875225],[-108.805164,36.875227],[-108.805159,36.875407],[-108.805271,36.875409]]]},"properties":{"src":"fm"}},{"type":"Feature","geometry":{"type":"Polygon","coordinates":[[[-108.804104,36.87701],[-108.804106,36.876919],[-108.803994,36.876917],[-108.803991,36.877007],[-108.804104,36.87701]]]},"properties":{"src":"fm"}},{"type":"Feature","geometry":{"type":"Polygon","coordinates":[[[-108.804784,36.876752],[-108.804787,36.876662],[-108.804674,36.87666],[-108.804672,36.87675],[-108.804784,36.876752]]]},"properties":{"src":"fm"}},{"type":"Feature","geometry":{"type":"Polygon","coordinates":[[[-108.80547,36.876314],[-108.805472,36.876224],[-108.80536,36.876222],[-108.805358,36.876312],[-108.80547,36.876314]]]},"properties":{"src":"fm"}},{"type":"Feature","geometry":{"type":"Polygon","coordinates":[[[-108.805245,36.87631],[-108.805248,36.87622],[-108.805136,36.876217],[-108.805133,36.876308],[-108.805245,36.87631]]]},"properties":{"src":"fm"}},{"type":"Feature","geometry":{"type":"Polygon","coordinates":[[[-108.805021,36.876305],[-108.805024,36.876215],[-108.804912,36.876213],[-108.804909,36.876303],[-108.805021,36.876305]]]},"properties":{"src":"fm"}},{"type":"Feature","geometry":{"type":"Polygon","coordinates":[[[-108.8039,36.876285],[-108.803902,36.876195],[-108.80379,36.876193],[-108.803788,36.876283],[-108.8039,36.876285]]]},"properties":{"src":"fm"}},{"type":"Feature","geometry":{"type":"Polygon","coordinates":[[[-108.805923,36.876142],[-108.805926,36.876052],[-108.805814,36.87605],[-108.805811,36.87614],[-108.805923,36.876142]]]},"properties":{"src":"fm"}},{"type":"Feature","geometry":{"type":"Polygon","coordinates":[[[-108.805861,36.878304],[-108.805918,36.876322],[-108.805694,36.876318],[-108.805691,36.876408],[-108.805579,36.876406],[-108.805577,36.876496],[-108.80524,36.87649],[-108.805235,36.87667],[-108.805011,36.876666],[-108.805006,36.876846],[-108.804557,36.876838],[-108.804562,36.876658],[-108.804114,36.876649],[-108.804111,36.876739],[-108.803999,36.876737],[-108.804002,36.876647],[-108.80389,36.876645],[-108.803884,36.876825],[-108.804333,36.876834],[-108.804328,36.877014],[-108.804552,36.877018],[-108.804547,36.877198],[-108.804435,36.877196],[-108.804432,36.877286],[-108.80432,36.877284],[-108.804323,36.877194],[-108.804098,36.87719],[-108.804088,36.87755],[-108.804537,36.877558],[-108.804542,36.877378],[-108.804766,36.877382],[-108.804763,36.877472],[-108.804651,36.87747],[-108.804649,36.87756],[-108.804761,36.877562],[-108.804756,36.877743],[-108.804083,36.87773],[-108.804085,36.87764],[-108.803861,36.877636],[-108.803869,36.877366],[-108.803645,36.877362],[-108.803665,36.876641],[-108.803441,36.876637],[-108.803446,36.876457],[-108.803222,36.876452],[-108.803227,36.876272],[-108.803003,36.876268],[-108.803005,36.876178],[-108.802893,36.876176],[-108.802891,36.876266],[-108.802779,36.876264],[-108.802786,36.875994],[-108.802674,36.875992],[-108.802672,36.876082],[-108.80256,36.87608],[-108.802567,36.875809],[-108.802455,36.875807],[-108.802453,36.875897],[-108.80234,36.875895],[-108.802273,36.878237],[-108.805861,36.878304]],[[-108.805428,36.877755],[-108.805204,36.877751],[-108.805207,36.877661],[-108.804982,36.877657],[-108.804985,36.877567],[-108.805434,36.877575],[-108.805428,36.877755]]]},"properties":{"src":"fm"}},{"type":"Feature","geometry":{"type":"Polygon","coordinates":[[[-108.805934,36.875782],[-108.805939,36.875601],[-108.805715,36.875597],[-108.805709,36.875777],[-108.805934,36.875782]]]},"properties":{"src":"fm"}},{"type":"Feature","geometry":{"type":"Polygon","coordinates":[[[-108.804802,36.876121],[-108.804805,36.876031],[-108.804693,36.876029],[-108.804695,36.875939],[-108.804807,36.875941],[-108.804812,36.875761],[-108.804925,36.875763],[-108.804919,36.875943],[-108.805256,36.875949],[-108.805261,36.875769],[-108.805485,36.875773],[-108.805495,36.875413],[-108.802804,36.875363],[-108.802799,36.875543],[-108.803024,36.875548],[-108.803018,36.875728],[-108.803243,36.875732],[-108.803237,36.875912],[-108.803686,36.87592],[-108.803683,36.87601],[-108.803571,36.876008],[-108.803569,36.876098],[-108.804802,36.876121]]]},"properties":{"src":"fm"}},{"type":"Feature","geometry":{"type":"Polygon","coordinates":[[[-108.805941,36.875511],[-108.805944,36.875421],[-108.80572,36.875417],[-108.805717,36.875507],[-108.805941,36.875511]]]},"properties":{"src":"fm"}},{"type":"Feature","geometry":{"type":"Polygon","coordinates":[[[-108.80533,36.881178],[-108.805336,36.880998],[-108.805784,36.881006],[-108.805861,36.878304],[-108.802273,36.878237],[-108.802266,36.878508],[-108.80249,36.878512],[-108.802487,36.878602],[-108.802263,36.878598],[-108.802242,36.879318],[-108.802467,36.879323],[-108.802464,36.879413],[-108.802576,36.879415],[-108.802574,36.879505],[-108.802686,36.879507],[-108.802691,36.879327],[-108.802915,36.879331],[-108.802907,36.879601],[-108.803132,36.879605],[-108.803119,36.880056],[-108.803455,36.880062],[-108.803453,36.880152],[-108.803565,36.880154],[-108.803562,36.880244],[-108.803338,36.88024],[-108.803333,36.88042],[-108.803557,36.880424],[-108.803552,36.880604],[-108.804,36.880613],[-108.803995,36.880793],[-108.804219,36.880797],[-108.804214,36.880977],[-108.804439,36.880981],[-108.804436,36.881071],[-108.80466,36.881076],[-108.804663,36.880985],[-108.805111,36.880994],[-108.805106,36.881174],[-108.80533,36.881178]],[[-108.805682,36.880644],[-108.80557,36.880642],[-108.805575,36.880462],[-108.805687,36.880464],[-108.805682,36.880644]],[[-108.805575,36.880462],[-108.805351,36.880457],[-108.805356,36.880277],[-108.80558,36.880281],[-108.805575,36.880462]]]},"properties":{"src":"fm"}},{"type":"Feature","geometry":{"type":"Polygon","coordinates":[[[-108.803229,36.884023],[-108.80324,36.883663],[-108.803015,36.883659],[-108.803021,36.883479],[-108.802796,36.883475],[-108.802807,36.883114],[-108.802582,36.88311],[-108.802577,36.88329],[-108.802353,36.883286],[-108.802366,36.882836],[-108.802254,36.882834],[-108.802251,36.882924],[-108.802139,36.882922],[-108.802124,36.883462],[-108.802348,36.883466],[-108.802337,36.883827],[-108.802562,36.883831],[-108.802557,36.884011],[-108.803229,36.884023]],[[-108.802687,36.883382],[-108.802575,36.88338],[-108.802577,36.88329],[-108.802689,36.883292],[-108.802687,36.883382]]]},"properties":{"src":"fm"}},{"type":"Feature","geometry":{"type":"Polygon","coordinates":[[[-108.802384,36.882205],[-108.802389,36.882025],[-108.802165,36.882021],[-108.80216,36.882201],[-108.802384,36.882205]]]},"properties":{"src":"fm"}},{"type":"Feature","geometry":{"type":"Polygon","coordinates":[[[-108.803286,36.882042],[-108.803291,36.881861],[-108.803067,36.881857],[-108.803062,36.882037],[-108.803286,36.882042]]]},"properties":{"src":"fm"}},{"type":"Feature","geometry":{"type":"Polygon","coordinates":[[[-108.803067,36.881857],[-108.803072,36.881677],[-108.802624,36.881669],[-108.802619,36.881849],[-108.802843,36.881853],[-108.802845,36.881763],[-108.802958,36.881765],[-108.802955,36.881855],[-108.803067,36.881857]]]},"properties":{"src":"fm"}},{"type":"Feature","geometry":{"type":"Polygon","coordinates":[[[-108.80531,36.881899],[-108.805315,36.881719],[-108.805091,36.881714],[-108.805101,36.881354],[-108.805325,36.881358],[-108.80532,36.881538],[-108.805544,36.881543],[-108.805539,36.881723],[-108.805763,36.881727],[-108.805774,36.881367],[-108.80555,36.881362],[-108.805555,36.881182],[-108.804433,36.881162],[-108.804428,36.881342],[-108.804652,36.881346],[-108.804642,36.881706],[-108.804866,36.88171],[-108.804861,36.88189],[-108.80531,36.881899]]]},"properties":{"src":"fm"}},{"type":"Feature","geometry":{"type":"Polygon","coordinates":[[[-108.804268,36.886927],[-108.804273,36.886746],[-108.804049,36.886742],[-108.804044,36.886922],[-108.804268,36.886927]]]},"properties":{"src":"fm"}},{"type":"Feature","geometry":{"type":"Polygon","coordinates":[[[-108.80382,36.886918],[-108.803825,36.886738],[-108.803601,36.886734],[-108.803595,36.886914],[-108.80382,36.886918]]]},"properties":{"src":"fm"}},{"type":"Feature","geometry":{"type":"Polygon","coordinates":[[[-108.805635,36.886231],[-108.80564,36.886051],[-108.805415,36.886047],[-108.80541,36.886227],[-108.805635,36.886231]]]},"properties":{"src":"fm"}},{"type":"Feature","geometry":{"type":"Polygon","coordinates":[[[-108.804972,36.885858],[-108.804977,36.885678],[-108.804753,36.885674],[-108.804748,36.885854],[-108.804972,36.885858]]]},"properties":{"src":"fm"}},{"type":"Feature","geometry":{"type":"Polygon","coordinates":[[[-108.802281,36.885808],[-108.802286,36.885628],[-108.802062,36.885624],[-108.802056,36.885804],[-108.802281,36.885808]]]},"properties":{"src":"fm"}},{"type":"Feature","geometry":{"type":"Polygon","coordinates":[[[-108.805653,36.8856],[-108.805655,36.88551],[-108.805431,36.885506],[-108.805428,36.885596],[-108.805653,36.8856]]]},"properties":{"src":"fm"}},{"type":"Feature","geometry":{"type":"Polygon","coordinates":[[[-108.802312,36.884727],[-108.802317,36.884547],[-108.802093,36.884543],[-108.802087,36.884723],[-108.802312,36.884727]]]},"properties":{"src":"fm"}},{"type":"Feature","geometry":{"type":"Polygon","coordinates":[[[-108.804523,36.88585],[-108.804529,36.88567],[-108.804753,36.885674],[-108.804758,36.885494],[-108.804982,36.885498],[-108.804987,36.885318],[-108.80566,36.88533],[-108.805665,36.88515],[-108.804993,36.885137],[-108.804995,36.885047],[-108.80522,36.885052],[-108.805222,36.884961],[-108.804549,36.884949],[-108.804554,36.884769],[-108.804106,36.884761],[-108.804111,36.88458],[-108.803887,36.884576],[-108.803897,36.884216],[-108.803785,36.884214],[-108.803782,36.884304],[-108.80367,36.884302],[-108.803673,36.884212],[-108.803449,36.884208],[-108.803454,36.884027],[-108.802557,36.884011],[-108.802546,36.884371],[-108.802995,36.884379],[-108.802992,36.88447],[-108.80288,36.884468],[-108.802878,36.884558],[-108.80299,36.88456],[-108.802984,36.88474],[-108.802872,36.884738],[-108.80287,36.884828],[-108.802758,36.884826],[-108.802755,36.884916],[-108.802979,36.88492],[-108.802974,36.8851],[-108.803198,36.885104],[-108.803193,36.885284],[-108.80252,36.885272],[-108.802526,36.885092],[-108.802077,36.885084],[-108.802072,36.885264],[-108.802296,36.885268],[-108.802288,36.885538],[-108.802513,36.885542],[-108.802518,36.885362],[-108.80263,36.885364],[-108.802627,36.885454],[-108.803412,36.885469],[-108.803418,36.885289],[-108.80409,36.885301],[-108.804096,36.885121],[-108.804208,36.885123],[-108.804205,36.885213],[-108.804317,36.885215],[-108.804315,36.885305],[-108.804203,36.885303],[-108.8042,36.885393],[-108.804088,36.885391],[-108.804085,36.885481],[-108.803861,36.885477],[-108.803856,36.885657],[-108.804304,36.885665],[-108.804299,36.885846],[-108.804523,36.88585]],[[-108.804534,36.885489],[-108.80431,36.885485],[-108.804315,36.885305],[-108.804651,36.885311],[-108.804649,36.885401],[-108.804536,36.885399],[-108.804534,36.885489]],[[-108.804987,36.885318],[-108.804763,36.885313],[-108.804766,36.885223],[-108.80499,36.885228],[-108.804987,36.885318]],[[-108.804881,36.885135],[-108.804768,36.885133],[-108.804771,36.885043],[-108.804883,36.885045],[-108.804881,36.885135]],[[-108.804096,36.885121],[-108.803871,36.885117],[-108.803876,36.884937],[-108.804101,36.884941],[-108.804096,36.885121]]]},"properties":{"src":"fm"}},{"type":"Feature","geometry":{"type":"Polygon","coordinates":[[[-108.805593,36.887672],[-108.805598,36.887492],[-108.805374,36.887488],[-108.805369,36.887668],[-108.805593,36.887672]]]},"properties":{"src":"fm"}},{"type":"Feature","geometry":{"type":"Polygon","coordinates":[[[-108.804472,36.887651],[-108.804477,36.887471],[-108.804253,36.887467],[-108.80425,36.887557],[-108.804362,36.887559],[-108.80436,36.887649],[-108.804472,36.887651]]]},"properties":{"src":"fm"}},{"type":"Feature","geometry":{"type":"Polygon","coordinates":[[[-108.805158,36.887213],[-108.80516,36.887123],[-108.805048,36.887121],[-108.805045,36.887211],[-108.805158,36.887213]]]},"properties":{"src":"fm"}},{"type":"Feature","geometry":{"type":"Polygon","coordinates":[[[-108.802073,36.869582],[-108.802083,36.869221],[-108.801859,36.869217],[-108.801864,36.869037],[-108.801752,36.869035],[-108.801749,36.869125],[-108.801637,36.869123],[-108.80164,36.869033],[-108.800743,36.869016],[-108.800753,36.868656],[-108.800305,36.868648],[-108.8003,36.868828],[-108.799851,36.868819],[-108.799846,36.869],[-108.799397,36.868991],[-108.799392,36.869171],[-108.799168,36.869167],[-108.799173,36.868987],[-108.798949,36.868983],[-108.798944,36.869163],[-108.799056,36.869165],[-108.799053,36.869255],[-108.798941,36.869253],[-108.798934,36.869523],[-108.802073,36.869582]]]},"properties":{"src":"fm"}},{"type":"Feature","geometry":{"type":"Polygon","coordinates":[[[-108.800096,36.868103],[-108.800106,36.867743],[-108.799882,36.867738],[-108.79988,36.867829],[-108.799992,36.867831],[-108.799989,36.867921],[-108.799877,36.867919],[-108.799872,36.868099],[-108.800096,36.868103]]]},"properties":{"src":"fm"}},{"type":"Feature","geometry":{"type":"Polygon","coordinates":[[[-108.800117,36.867382],[-108.800122,36.867202],[-108.799898,36.867198],[-108.799892,36.867378],[-108.800117,36.867382]]]},"properties":{"src":"fm"}},{"type":"Feature","geometry":{"type":"Polygon","coordinates":[[[-108.800343,36.867296],[-108.800346,36.867206],[-108.800234,36.867204],[-108.800231,36.867294],[-108.800343,36.867296]]]},"properties":{"src":"fm"}},{"type":"Feature","geometry":{"type":"Polygon","coordinates":[[[-108.799972,36.872427],[-108.799975,36.872337],[-108.799862,36.872335],[-108.79986,36.872425],[-108.799972,36.872427]]]},"properties":{"src":"fm"}},{"type":"Feature","geometry":{"type":"Polygon","coordinates":[[[-108.802439,36.872472],[-108.802511,36.86995],[-108.802399,36.869948],[-108.802396,36.870038],[-108.802284,36.870036],[-108.802297,36.869586],[-108.798934,36.869523],[-108.798928,36.869704],[-108.79904,36.869706],[-108.799038,36.869796],[-108.798926,36.869794],[-108.798871,36.871685],[-108.79932,36.871694],[-108.799315,36.871874],[-108.799539,36.871878],[-108.799536,36.871968],[-108.799424,36.871966],[-108.799422,36.872056],[-108.799758,36.872062],[-108.799755,36.872152],[-108.799643,36.87215],[-108.799641,36.87224],[-108.800201,36.872251],[-108.800196,36.872431],[-108.802439,36.872472]],[[-108.799596,36.869896],[-108.799147,36.869888],[-108.799153,36.869708],[-108.799601,36.869716],[-108.799596,36.869896]]]},"properties":{"src":"fm"}},{"type":"Feature","geometry":{"type":"Polygon","coordinates":[[[-108.799946,36.873328],[-108.799951,36.873147],[-108.799727,36.873143],[-108.799722,36.873323],[-108.799946,36.873328]]]},"properties":{"src":"fm"}},{"type":"Feature","geometry":{"type":"Polygon","coordinates":[[[-108.802366,36.874995],[-108.802439,36.872472],[-108.800196,36.872431],[-108.800191,36.872611],[-108.800415,36.872615],[-108.80041,36.872795],[-108.800634,36.8728],[-108.800632,36.87289],[-108.80052,36.872888],[-108.800517,36.872978],[-108.800853,36.872984],[-108.800851,36.873074],[-108.800739,36.873072],[-108.800736,36.873162],[-108.800848,36.873164],[-108.800843,36.873344],[-108.801067,36.873348],[-108.801062,36.873528],[-108.801286,36.873533],[-108.801284,36.873623],[-108.801172,36.873621],[-108.801169,36.873711],[-108.801281,36.873713],[-108.801276,36.873893],[-108.8015,36.873897],[-108.801495,36.874077],[-108.801719,36.874081],[-108.801709,36.874442],[-108.801933,36.874446],[-108.801928,36.874626],[-108.802152,36.87463],[-108.80215,36.87472],[-108.802038,36.874718],[-108.802035,36.874808],[-108.802147,36.87481],[-108.802142,36.87499],[-108.802366,36.874995]]]},"properties":{"src":"fm"}},{"type":"Feature","geometry":{"type":"Polygon","coordinates":[[[-108.801907,36.875347],[-108.801913,36.875166],[-108.801688,36.875162],[-108.801694,36.874982],[-108.801469,36.874978],[-108.801474,36.874798],[-108.80125,36.874794],[-108.801261,36.874433],[-108.801036,36.874429],[-108.801041,36.874249],[-108.800817,36.874245],[-108.800825,36.873975],[-108.800713,36.873973],[-108.80071,36.874063],[-108.800598,36.874061],[-108.800609,36.8737],[-108.800384,36.873696],[-108.800389,36.873516],[-108.800165,36.873512],[-108.80017,36.873332],[-108.799946,36.873328],[-108.799941,36.873508],[-108.799492,36.873499],[-108.799495,36.873409],[-108.799719,36.873413],[-108.799722,36.873323],[-108.799498,36.873319],[-108.799513,36.872779],[-108.799289,36.872775],[-108.799294,36.872594],[-108.79907,36.87259],[-108.799075,36.87241],[-108.798851,36.872406],[-108.798773,36.875108],[-108.798997,36.875113],[-108.798995,36.875203],[-108.799219,36.875207],[-108.799217,36.875297],[-108.801907,36.875347]],[[-108.800048,36.87369],[-108.799936,36.873688],[-108.799941,36.873508],[-108.800053,36.87351],[-108.800048,36.87369]]]},"properties":{"src":"fm"}},{"type":"Feature","geometry":{"type":"Polygon","coordinates":[[[-108.802273,36.878237],[-108.802348,36.875625],[-108.802236,36.875623],[-108.802234,36.875713],[-108.802121,36.875711],[-108.802129,36.875441],[-108.802017,36.875439],[-108.802014,36.875529],[-108.801902,36.875527],[-108.801907,36.875347],[-108.798768,36.875289],[-108.798701,36.877631],[-108.799374,36.877643],[-108.799368,36.877823],[-108.800041,36.877836],[-108.800031,36.878196],[-108.801152,36.878217],[-108.801157,36.878037],[-108.800709,36.878028],[-108.800719,36.877668],[-108.800046,36.877655],[-108.800051,36.877475],[-108.799827,36.877471],[-108.799832,36.877291],[-108.800281,36.877299],[-108.800276,36.877479],[-108.800724,36.877488],[-108.800729,36.877308],[-108.800954,36.877312],[-108.800943,36.877672],[-108.801168,36.877676],[-108.801162,36.877856],[-108.801387,36.877861],[-108.801376,36.878221],[-108.802273,36.878237]],[[-108.799206,36.875657],[-108.798982,36.875653],[-108.798987,36.875473],[-108.799099,36.875475],[-108.799097,36.875565],[-108.799209,36.875567],[-108.799206,36.875657]]]},"properties":{"src":"fm"}},{"type":"Feature","geometry":{"type":"Polygon","coordinates":[[[-108.800621,36.881091],[-108.800626,36.880911],[-108.801299,36.880923],[-108.801304,36.880743],[-108.800855,36.880735],[-108.800866,36.880374],[-108.800754,36.880372],[-108.800748,36.880553],[-108.800636,36.880551],[-108.800647,36.88019],[-108.800535,36.880188],[-108.800532,36.880278],[-108.80042,36.880276],[-108.800417,36.880366],[-108.800193,36.880362],[-108.800198,36.880182],[-108.799974,36.880178],[-108.799989,36.879637],[-108.799765,36.879633],[-108.79976,36.879813],[-108.799311,36.879805],[-108.799322,36.879445],[-108.798649,36.879432],[-108.798639,36.879792],[-108.798863,36.879797],[-108.798858,36.879977],[-108.798634,36.879973],[-108.798623,36.880333],[-108.798847,36.880337],[-108.798842,36.880517],[-108.799291,36.880526],[-108.799286,36.880706],[-108.79951,36.88071],[-108.799505,36.88089],[-108.799953,36.880898],[-108.799948,36.881079],[-108.800621,36.881091]],[[-108.800402,36.880907],[-108.799953,36.880898],[-108.799958,36.880718],[-108.800407,36.880727],[-108.800402,36.880907]],[[-108.799969,36.880358],[-108.799744,36.880354],[-108.79975,36.880174],[-108.799974,36.880178],[-108.799969,36.880358]],[[-108.79952,36.88035],[-108.799296,36.880345],[-108.799301,36.880165],[-108.799525,36.880169],[-108.79952,36.88035]],[[-108.79975,36.880174],[-108.799525,36.880169],[-108.799531,36.879989],[-108.799755,36.879993],[-108.79975,36.880174]]]},"properties":{"src":"fm"}},{"type":"Feature","geometry":{"type":"Polygon","coordinates":[[[-108.798886,36.878986],[-108.798889,36.878896],[-108.798777,36.878894],[-108.798774,36.878984],[-108.798886,36.878986]]]},"properties":{"src":"fm"}},{"type":"Feature","geometry":{"type":"Polygon","coordinates":[[[-108.799113,36.8789],[-108.799118,36.87872],[-108.798894,36.878716],[-108.798889,36.878896],[-108.799113,36.8789]]]},"properties":{"src":"fm"}},{"type":"Feature","geometry":{"type":"Polygon","coordinates":[[[-108.80225,36.879048],[-108.802258,36.878778],[-108.802034,36.878774],[-108.802039,36.878594],[-108.80159,36.878585],[-108.801595,36.878405],[-108.802268,36.878418],[-108.802273,36.878237],[-108.800031,36.878196],[-108.800026,36.878376],[-108.799577,36.878368],[-108.799567,36.878728],[-108.79923,36.878722],[-108.799228,36.878812],[-108.79934,36.878814],[-108.799337,36.878904],[-108.799786,36.878912],[-108.799791,36.878732],[-108.800015,36.878736],[-108.80002,36.878556],[-108.800245,36.87856],[-108.80024,36.878741],[-108.801137,36.878757],[-108.801142,36.878577],[-108.801366,36.878581],[-108.801356,36.878942],[-108.802028,36.878954],[-108.802026,36.879044],[-108.80225,36.879048]],[[-108.801142,36.878577],[-108.800917,36.878573],[-108.800923,36.878393],[-108.801147,36.878397],[-108.801142,36.878577]]]},"properties":{"src":"fm"}},{"type":"Feature","geometry":{"type":"Polygon","coordinates":[[[-108.80009,36.883965],[-108.800095,36.883785],[-108.79987,36.883781],[-108.799865,36.883961],[-108.80009,36.883965]]]},"properties":{"src":"fm"}},{"type":"Feature","geometry":{"type":"Polygon","coordinates":[[[-108.800541,36.883883],[-108.800543,36.883793],[-108.800431,36.883791],[-108.800429,36.883881],[-108.800541,36.883883]]]},"properties":{"src":"fm"}},{"type":"Feature","geometry":{"type":"Polygon","coordinates":[[[-108.802113,36.883822],[-108.802118,36.883642],[-108.801894,36.883638],[-108.801889,36.883818],[-108.802113,36.883822]]]},"properties":{"src":"fm"}},{"type":"Feature","geometry":{"type":"Polygon","coordinates":[[[-108.799641,36.883957],[-108.799646,36.883777],[-108.799422,36.883773],[-108.799432,36.883412],[-108.799208,36.883408],[-108.799203,36.883588],[-108.798979,36.883584],[-108.798984,36.883404],[-108.798535,36.883396],[-108.79853,36.883576],[-108.798754,36.88358],[-108.798749,36.88376],[-108.799198,36.883768],[-108.799193,36.883949],[-108.799641,36.883957]]]},"properties":{"src":"fm"}},{"type":"Feature","geometry":{"type":"Polygon","coordinates":[[[-108.799208,36.883408],[-108.799218,36.883048],[-108.799106,36.883046],[-108.799101,36.883226],[-108.798989,36.883224],[-108.798984,36.883404],[-108.799208,36.883408]]]},"properties":{"src":"fm"}},{"type":"Feature","geometry":{"type":"Polygon","coordinates":[[[-108.798989,36.883224],[-108.798999,36.882863],[-108.798551,36.882855],[-108.798546,36.883035],[-108.79877,36.883039],[-108.798765,36.88322],[-108.798989,36.883224]]]},"properties":{"src":"fm"}},{"type":"Feature","geometry":{"type":"Polygon","coordinates":[[[-108.802129,36.883282],[-108.802149,36.882561],[-108.801925,36.882557],[-108.801935,36.882197],[-108.801711,36.882193],[-108.801691,36.882913],[-108.801915,36.882917],[-108.801904,36.883278],[-108.802129,36.883282]]]},"properties":{"src":"fm"}},{"type":"Feature","geometry":{"type":"Polygon","coordinates":[[[-108.801263,36.882184],[-108.801268,36.882004],[-108.801044,36.882],[-108.801038,36.88218],[-108.801263,36.882184]]]},"properties":{"src":"fm"}},{"type":"Feature","geometry":{"type":"Polygon","coordinates":[[[-108.802165,36.882021],[-108.80217,36.881841],[-108.801834,36.881834],[-108.801831,36.881925],[-108.801719,36.881922],[-108.801716,36.882013],[-108.802165,36.882021]]]},"properties":{"src":"fm"}},{"type":"Feature","geometry":{"type":"Polygon","coordinates":[[[-108.801044,36.882],[-108.801049,36.88182],[-108.800824,36.881816],[-108.800822,36.881906],[-108.800934,36.881908],[-108.800931,36.881998],[-108.801044,36.882]]]},"properties":{"src":"fm"}},{"type":"Feature","geometry":{"type":"Polygon","coordinates":[[[-108.798814,36.881508],[-108.798816,36.881418],[-108.798592,36.881414],[-108.79859,36.881504],[-108.798814,36.881508]]]},"properties":{"src":"fm"}},{"type":"Feature","geometry":{"type":"Polygon","coordinates":[[[-108.801722,36.881832],[-108.801727,36.881652],[-108.802175,36.881661],[-108.80218,36.88148],[-108.801508,36.881468],[-108.801513,36.881288],[-108.801401,36.881286],[-108.801398,36.881376],[-108.801286,36.881374],[-108.801294,36.881103],[-108.800172,36.881083],[-108.800167,36.881263],[-108.800616,36.881271],[-108.800611,36.881451],[-108.800835,36.881455],[-108.80084,36.881275],[-108.801064,36.881279],[-108.801054,36.88164],[-108.801502,36.881648],[-108.801497,36.881828],[-108.801722,36.881832]]]},"properties":{"src":"fm"}},{"type":"Feature","geometry":{"type":"Polygon","coordinates":[[[-108.800474,36.886226],[-108.800476,36.886135],[-108.800252,36.886131],[-108.800249,36.886221],[-108.800474,36.886226]]]},"properties":{"src":"fm"}},{"type":"Feature","geometry":{"type":"Polygon","coordinates":[[[-108.800479,36.886045],[-108.800481,36.885955],[-108.800257,36.885951],[-108.800254,36.886041],[-108.800479,36.886045]]]},"properties":{"src":"fm"}},{"type":"Feature","geometry":{"type":"Polygon","coordinates":[[[-108.802067,36.885444],[-108.802082,36.884903],[-108.801858,36.884899],[-108.801853,36.885079],[-108.801629,36.885075],[-108.801623,36.885255],[-108.801399,36.885251],[-108.801394,36.885431],[-108.802067,36.885444]]]},"properties":{"src":"fm"}},{"type":"Feature","geometry":{"type":"Polygon","coordinates":[[[-108.80118,36.885067],[-108.801185,36.884887],[-108.800512,36.884874],[-108.800507,36.885054],[-108.800731,36.885059],[-108.800734,36.884969],[-108.800958,36.884973],[-108.800956,36.885063],[-108.80118,36.885067]]]},"properties":{"src":"fm"}},{"type":"Feature","geometry":{"type":"Polygon","coordinates":[[[-108.800285,36.88496],[-108.800288,36.88487],[-108.800176,36.884868],[-108.800173,36.884958],[-108.800285,36.88496]]]},"properties":{"src":"fm"}},{"type":"Feature","geometry":{"type":"Polygon","coordinates":[[[-108.801634,36.884895],[-108.801644,36.884535],[-108.801195,36.884526],[-108.80119,36.884707],[-108.801415,36.884711],[-108.801409,36.884891],[-108.801634,36.884895]]]},"properties":{"src":"fm"}},{"type":"Feature","geometry":{"type":"Polygon","coordinates":[[[-108.800296,36.8846],[-108.800298,36.88451],[-108.800074,36.884506],[-108.800071,36.884596],[-108.800296,36.8846]]]},"properties":{"src":"fm"}},{"type":"Feature","geometry":{"type":"Polygon","coordinates":[[[-108.800971,36.884522],[-108.800976,36.884342],[-108.800752,36.884338],[-108.800747,36.884518],[-108.800971,36.884522]]]},"properties":{"src":"fm"}},{"type":"Feature","geometry":{"type":"Polygon","coordinates":[[[-108.800074,36.884506],[-108.800079,36.884326],[-108.799855,36.884321],[-108.79986,36.884141],[-108.799636,36.884137],[-108.799626,36.884497],[-108.800074,36.884506]]]},"properties":{"src":"fm"}},{"type":"Feature","geometry":{"type":"Polygon","coordinates":[[[-108.802098,36.884363],[-108.802103,36.884183],[-108.801879,36.884179],[-108.801873,36.884359],[-108.802098,36.884363]]]},"properties":{"src":"fm"}},{"type":"Feature","geometry":{"type":"Polygon","coordinates":[[[-108.800752,36.884338],[-108.800757,36.884158],[-108.800309,36.88415],[-108.800304,36.88433],[-108.800752,36.884338]]]},"properties":{"src":"fm"}},{"type":"Feature","geometry":{"type":"Polygon","coordinates":[[[-108.800309,36.88415],[-108.800314,36.883969],[-108.799865,36.883961],[-108.79986,36.884141],[-108.800309,36.88415]]]},"properties":{"src":"fm"}},{"type":"Feature","geometry":{"type":"Polygon","coordinates":[[[-108.799636,36.884137],[-108.799641,36.883957],[-108.799417,36.883953],[-108.799412,36.884133],[-108.799636,36.884137]]]},"properties":{"src":"fm"}},{"type":"Feature","geometry":{"type":"Polygon","coordinates":[[[-108.797754,36.863733],[-108.797759,36.863553],[-108.797535,36.863549],[-108.797529,36.863729],[-108.797754,36.863733]]]},"properties":{"src":"fm"}},{"type":"Feature","geometry":{"type":"Polygon","coordinates":[[[-108.795741,36.863516],[-108.795746,36.863336],[-108.796195,36.863344],[-108.7962,36.863164],[-108.796312,36.863166],[-108.796309,36.863256],[-108.796421,36.863258],[-108.796429,36.862988],[-108.796205,36.862984],[-108.79621,36.862803],[-108.796434,36.862808],[-108.796439,36.862627],[-108.795879,36.862617],[-108.795876,36.862707],[-108.795764,36.862705],[-108.795756,36.862975],[-108.795532,36.862971],[-108.795519,36.863422],[-108.795631,36.863424],[-108.795629,36.863514],[-108.795741,36.863516]]]},"properties":{"src":"fm"}},{"type":"Feature","geometry":{"type":"Polygon","coordinates":[[[-108.795994,36.862529],[-108.795996,36.862439],[-108.795772,36.862435],[-108.795769,36.862525],[-108.795994,36.862529]]]},"properties":{"src":"fm"}},{"type":"Feature","geometry":{"type":"Polygon","coordinates":[[[-108.797357,36.861923],[-108.797362,36.861743],[-108.797138,36.861739],[-108.797133,36.861919],[-108.797357,36.861923]]]},"properties":{"src":"fm"}},{"type":"Feature","geometry":{"type":"Polygon","coordinates":[[[-108.797225,36.866518],[-108.797228,36.866427],[-108.797116,36.866425],[-108.797113,36.866515],[-108.797225,36.866518]]]},"properties":{"src":"fm"}},{"type":"Feature","geometry":{"type":"Polygon","coordinates":[[[-108.798568,36.866633],[-108.798578,36.866272],[-108.79813,36.866264],[-108.798125,36.866444],[-108.798349,36.866448],[-108.798344,36.866628],[-108.798568,36.866633]],[[-108.798461,36.86645],[-108.798349,36.866448],[-108.798351,36.866358],[-108.798463,36.86636],[-108.798461,36.86645]]]},"properties":{"src":"fm"}},{"type":"Feature","geometry":{"type":"Polygon","coordinates":[[[-108.798356,36.866178],[-108.798359,36.866088],[-108.798247,36.866086],[-108.798244,36.866176],[-108.798356,36.866178]]]},"properties":{"src":"fm"}},{"type":"Feature","geometry":{"type":"Polygon","coordinates":[[[-108.795668,36.866038],[-108.795674,36.865858],[-108.795562,36.865856],[-108.795556,36.866036],[-108.795668,36.866038]]]},"properties":{"src":"fm"}},{"type":"Feature","geometry":{"type":"Polygon","coordinates":[[[-108.795676,36.865768],[-108.795679,36.865678],[-108.795567,36.865676],[-108.795564,36.865766],[-108.795676,36.865768]]]},"properties":{"src":"fm"}},{"type":"Feature","geometry":{"type":"Polygon","coordinates":[[[-108.79681,36.865338],[-108.796815,36.865158],[-108.796591,36.865154],[-108.796586,36.865334],[-108.79681,36.865338]]]},"properties":{"src":"fm"}},{"type":"Feature","geometry":{"type":"Polygon","coordinates":[[[-108.7957,36.864957],[-108.795715,36.864417],[-108.795491,36.864412],[-108.795478,36.864863],[-108.79559,36.864865],[-108.795587,36.864955],[-108.7957,36.864957]]]},"properties":{"src":"fm"}},{"type":"Feature","geometry":{"type":"Polygon","coordinates":[[[-108.797947,36.864818],[-108.797957,36.864458],[-108.797285,36.864446],[-108.797295,36.864085],[-108.796846,36.864077],[-108.796844,36.864167],[-108.796956,36.864169],[-108.796953,36.864259],[-108.796841,36.864257],[-108.796836,36.864437],[-108.79706,36.864442],[-108.797055,36.864622],[-108.797616,36.864632],[-108.797611,36.864812],[-108.797723,36.864814],[-108.797728,36.864634],[-108.79784,36.864636],[-108.797835,36.864816],[-108.797947,36.864818]],[[-108.797172,36.864444],[-108.79706,36.864442],[-108.797063,36.864351],[-108.797175,36.864354],[-108.797172,36.864444]]]},"properties":{"src":"fm"}},{"type":"Feature","geometry":{"type":"Polygon","coordinates":[[[-108.798261,36.869511],[-108.798266,36.869331],[-108.797369,36.869314],[-108.797364,36.869494],[-108.798261,36.869511]]]},"properties":{"src":"fm"}},{"type":"Feature","geometry":{"type":"Polygon","coordinates":[[[-108.79714,36.86949],[-108.797145,36.86931],[-108.796696,36.869302],[-108.796691,36.869482],[-108.79714,36.86949]]]},"properties":{"src":"fm"}},{"type":"Feature","geometry":{"type":"Polygon","coordinates":[[[-108.798934,36.869523],[-108.798944,36.869163],[-108.79872,36.869159],[-108.798714,36.869339],[-108.79849,36.869335],[-108.798485,36.869515],[-108.798934,36.869523]]]},"properties":{"src":"fm"}},{"type":"Feature","geometry":{"type":"Polygon","coordinates":[[[-108.796044,36.868569],[-108.79605,36.868388],[-108.795825,36.868384],[-108.79582,36.868564],[-108.796044,36.868569]]]},"properties":{"src":"fm"}},{"type":"Feature","geometry":{"type":"Polygon","coordinates":[[[-108.796052,36.868298],[-108.796055,36.868208],[-108.795831,36.868204],[-108.795828,36.868294],[-108.796052,36.868298]]]},"properties":{"src":"fm"}},{"type":"Feature","geometry":{"type":"Polygon","coordinates":[[[-108.798545,36.867443],[-108.798552,36.867173],[-108.798328,36.867169],[-108.798323,36.867349],[-108.798435,36.867351],[-108.798432,36.867441],[-108.798545,36.867443]]]},"properties":{"src":"fm"}},{"type":"Feature","geometry":{"type":"Polygon","coordinates":[[[-108.795637,36.867119],[-108.795643,36.866939],[-108.795418,36.866935],[-108.795413,36.867115],[-108.795637,36.867119]]]},"properties":{"src":"fm"}},{"type":"Feature","geometry":{"type":"Polygon","coordinates":[[[-108.798068,36.868426],[-108.798114,36.866804],[-108.79789,36.8668],[-108.797843,36.868422],[-108.798068,36.868426]]]},"properties":{"src":"fm"}},{"type":"Feature","geometry":{"type":"Polygon","coordinates":[[[-108.797655,36.867156],[-108.797661,36.866976],[-108.797212,36.866968],[-108.797217,36.866788],[-108.796769,36.866779],[-108.796766,36.86687],[-108.796878,36.866872],[-108.796876,36.866962],[-108.796988,36.866964],[-108.796983,36.867144],[-108.797431,36.867152],[-108.797434,36.867062],[-108.797546,36.867064],[-108.797543,36.867154],[-108.797655,36.867156]]]},"properties":{"src":"fm"}},{"type":"Feature","geometry":{"type":"Polygon","coordinates":[[[-108.79631,36.867131],[-108.796315,36.866951],[-108.796539,36.866955],[-108.796545,36.866775],[-108.796096,36.866767],[-108.796086,36.867127],[-108.79631,36.867131]]]},"properties":{"src":"fm"}},{"type":"Feature","geometry":{"type":"Polygon","coordinates":[[[-108.795645,36.866849],[-108.795648,36.866759],[-108.795536,36.866757],[-108.795533,36.866847],[-108.795645,36.866849]]]},"properties":{"src":"fm"}},{"type":"Feature","geometry":{"type":"Polygon","coordinates":[[[-108.798338,36.866809],[-108.798344,36.866628],[-108.798119,36.866624],[-108.798114,36.866804],[-108.798338,36.866809]]]},"properties":{"src":"fm"}},{"type":"Feature","geometry":{"type":"Polygon","coordinates":[[[-108.798871,36.871685],[-108.798874,36.871595],[-108.798762,36.871593],[-108.798759,36.871683],[-108.798871,36.871685]]]},"properties":{"src":"fm"}},{"type":"Feature","geometry":{"type":"Polygon","coordinates":[[[-108.798851,36.872406],[-108.798853,36.872316],[-108.798741,36.872314],[-108.798744,36.872224],[-108.798407,36.872217],[-108.79841,36.872127],[-108.798298,36.872125],[-108.798301,36.872035],[-108.798188,36.872033],[-108.798183,36.872213],[-108.797959,36.872209],[-108.797969,36.871849],[-108.797297,36.871836],[-108.797302,36.871656],[-108.796629,36.871644],[-108.796632,36.871554],[-108.796407,36.87155],[-108.79641,36.871459],[-108.795513,36.871443],[-108.795516,36.871353],[-108.795404,36.871351],[-108.795401,36.871441],[-108.795289,36.871439],[-108.795263,36.872339],[-108.796833,36.872369],[-108.796835,36.872278],[-108.797059,36.872283],[-108.797062,36.872193],[-108.797286,36.872197],[-108.797281,36.872377],[-108.798851,36.872406]],[[-108.796726,36.872186],[-108.796614,36.872184],[-108.796616,36.872094],[-108.796728,36.872096],[-108.796726,36.872186]]]},"properties":{"src":"fm"}},{"type":"Feature","geometry":{"type":"Polygon","coordinates":[[[-108.79798,36.871489],[-108.797982,36.871398],[-108.79787,36.871396],[-108.797868,36.871486],[-108.79798,36.871489]]]},"properties":{"src":"fm"}},{"type":"Feature","geometry":{"type":"Polygon","coordinates":[[[-108.795748,36.871087],[-108.79575,36.870997],[-108.795638,36.870994],[-108.795636,36.871085],[-108.795748,36.871087]]]},"properties":{"src":"fm"}},{"type":"Feature","geometry":{"type":"Polygon","coordinates":[[[-108.798877,36.871505],[-108.798934,36.869523],[-108.795794,36.869465],[-108.795789,36.869645],[-108.795341,36.869637],[-108.795304,36.870898],[-108.795977,36.870911],[-108.795974,36.871001],[-108.795862,36.870999],[-108.79586,36.871089],[-108.796869,36.871107],[-108.796866,36.871198],[-108.796754,36.871195],[-108.796752,36.871286],[-108.798209,36.871313],[-108.798206,36.871403],[-108.798094,36.871401],[-108.798092,36.871491],[-108.798877,36.871505]],[[-108.798431,36.871407],[-108.798319,36.871405],[-108.798321,36.871315],[-108.798433,36.871317],[-108.798431,36.871407]]]},"properties":{"src":"fm"}},{"type":"Feature","geometry":{"type":"Polygon","coordinates":[[[-108.79832,36.87528],[-108.79833,36.87492],[-108.798106,36.874916],[-108.798103,36.875006],[-108.798215,36.875008],[-108.798213,36.875098],[-108.797988,36.875094],[-108.797983,36.875274],[-108.79832,36.87528]]]},"properties":{"src":"fm"}},{"type":"Feature","geometry":{"type":"Polygon","coordinates":[[[-108.797871,36.875272],[-108.797881,36.874912],[-108.797657,36.874907],[-108.797655,36.874997],[-108.797767,36.875],[-108.797764,36.87509],[-108.797428,36.875083],[-108.797438,36.874723],[-108.797774,36.874729],[-108.797772,36.874819],[-108.797884,36.874821],[-108.797887,36.874731],[-108.798559,36.874744],[-108.798562,36.874654],[-108.798674,36.874656],[-108.798671,36.874746],[-108.798784,36.874748],[-108.798851,36.872406],[-108.79829,36.872396],[-108.798288,36.872486],[-108.7984,36.872488],[-108.798397,36.872578],[-108.798173,36.872574],[-108.798178,36.872393],[-108.795599,36.872346],[-108.795597,36.872436],[-108.795485,36.872434],[-108.795482,36.872524],[-108.795258,36.87252],[-108.795227,36.873601],[-108.795451,36.873605],[-108.795446,36.873785],[-108.79567,36.873789],[-108.79566,36.874149],[-108.795435,36.874145],[-108.79543,36.874325],[-108.795206,36.874321],[-108.79518,36.875222],[-108.797871,36.875272]],[[-108.796984,36.874895],[-108.79676,36.874891],[-108.796765,36.874711],[-108.79699,36.874715],[-108.796984,36.874895]],[[-108.797326,36.874721],[-108.797214,36.874719],[-108.797219,36.874539],[-108.797331,36.874541],[-108.797326,36.874721]],[[-108.798564,36.874564],[-108.79834,36.87456],[-108.798356,36.874019],[-108.798468,36.874021],[-108.798465,36.874111],[-108.798577,36.874113],[-108.798564,36.874564]],[[-108.798233,36.874377],[-108.798121,36.874375],[-108.798124,36.874285],[-108.798236,36.874287],[-108.798233,36.874377]],[[-108.796338,36.873982],[-108.795889,36.873973],[-108.795894,36.873793],[-108.796343,36.873801],[-108.796338,36.873982]],[[-108.79725,36.873458],[-108.796802,36.87345],[-108.796807,36.873269],[-108.796358,36.873261],[-108.796363,36.873081],[-108.796139,36.873077],[-108.796144,36.872897],[-108.79592,36.872892],[-108.795925,36.872712],[-108.796374,36.872721],[-108.796371,36.872811],[-108.796595,36.872815],[-108.796588,36.873085],[-108.797036,36.873093],[-108.797031,36.873274],[-108.797255,36.873278],[-108.79725,36.873458]],[[-108.798616,36.872762],[-108.798392,36.872758],[-108.798397,36.872578],[-108.798621,36.872582],[-108.798616,36.872762]],[[-108.798168,36.872754],[-108.797943,36.87275],[-108.797949,36.872569],[-108.798173,36.872574],[-108.798168,36.872754]],[[-108.795816,36.87262],[-108.795704,36.872618],[-108.795706,36.872528],[-108.795818,36.87253],[-108.795816,36.87262]]]},"properties":{"src":"fm"}},{"type":"Feature","geometry":{"type":"Polygon","coordinates":[[[-108.79577,36.878117],[-108.795775,36.877937],[-108.795102,36.877924],[-108.795097,36.878104],[-108.79577,36.878117]]]},"properties":{"src":"fm"}},{"type":"Feature","geometry":{"type":"Polygon","coordinates":[[[-108.797345,36.877966],[-108.79735,36.877786],[-108.797126,36.877782],[-108.797123,36.877872],[-108.797235,36.877874],[-108.797233,36.877964],[-108.797345,36.877966]]]},"properties":{"src":"fm"}},{"type":"Feature","geometry":{"type":"Polygon","coordinates":[[[-108.796443,36.878129],[-108.796453,36.877769],[-108.796229,36.877765],[-108.796234,36.877585],[-108.797579,36.87761],[-108.797585,36.87743],[-108.798257,36.877442],[-108.798252,36.877622],[-108.798701,36.877631],[-108.798763,36.875469],[-108.798539,36.875465],[-108.798544,36.875284],[-108.79518,36.875222],[-108.79511,36.877654],[-108.795334,36.877658],[-108.795332,36.877748],[-108.795556,36.877753],[-108.795561,36.877572],[-108.795785,36.877577],[-108.795783,36.877667],[-108.795895,36.877669],[-108.795892,36.877759],[-108.79578,36.877757],[-108.795775,36.877937],[-108.795999,36.877941],[-108.795994,36.878121],[-108.796443,36.878129]],[[-108.796117,36.877763],[-108.796005,36.877761],[-108.796007,36.877671],[-108.796119,36.877673],[-108.796117,36.877763]],[[-108.797595,36.877069],[-108.797147,36.877061],[-108.797152,36.876881],[-108.797376,36.876885],[-108.797381,36.876705],[-108.797493,36.876707],[-108.797491,36.876797],[-108.797603,36.876799],[-108.797595,36.877069]],[[-108.796505,36.875968],[-108.796281,36.875963],[-108.796286,36.875783],[-108.79651,36.875787],[-108.796505,36.875968]],[[-108.795832,36.875955],[-108.795608,36.875951],[-108.795613,36.875771],[-108.795837,36.875775],[-108.795832,36.875955]],[[-108.798426,36.875462],[-108.798314,36.87546],[-108.798317,36.87537],[-108.798429,36.875372],[-108.798426,36.875462]]]},"properties":{"src":"fm"}},{"type":"Feature","geometry":{"type":"Polygon","coordinates":[[[-108.798765,36.875379],[-108.798768,36.875289],[-108.798656,36.875286],[-108.798653,36.875377],[-108.798765,36.875379]]]},"properties":{"src":"fm"}},{"type":"Feature","geometry":{"type":"Polygon","coordinates":[[[-108.796811,36.88093],[-108.796819,36.88066],[-108.796707,36.880658],[-108.796704,36.880748],[-108.796592,36.880746],[-108.796594,36.880656],[-108.796482,36.880654],[-108.79648,36.880744],[-108.796368,36.880742],[-108.796362,36.880922],[-108.796587,36.880926],[-108.796589,36.880836],[-108.796701,36.880838],[-108.796699,36.880928],[-108.796811,36.88093]]]},"properties":{"src":"fm"}},{"type":"Feature","geometry":{"type":"Polygon","coordinates":[[[-108.795692,36.880819],[-108.795697,36.880639],[-108.795473,36.880635],[-108.795468,36.880815],[-108.795692,36.880819]]]},"properties":{"src":"fm"}},{"type":"Feature","geometry":{"type":"Polygon","coordinates":[[[-108.796368,36.880742],[-108.796375,36.880472],[-108.796151,36.880467],[-108.796146,36.880648],[-108.796258,36.88065],[-108.796255,36.88074],[-108.796368,36.880742]]]},"properties":{"src":"fm"}},{"type":"Feature","geometry":{"type":"Polygon","coordinates":[[[-108.795473,36.880635],[-108.795484,36.880275],[-108.795259,36.880271],[-108.795249,36.880631],[-108.795473,36.880635]]]},"properties":{"src":"fm"}},{"type":"Feature","geometry":{"type":"Polygon","coordinates":[[[-108.795708,36.880279],[-108.795718,36.879919],[-108.795045,36.879906],[-108.795035,36.880266],[-108.795259,36.880271],[-108.795264,36.88009],[-108.795601,36.880097],[-108.795596,36.880277],[-108.795708,36.880279]]]},"properties":{"src":"fm"}},{"type":"Feature","geometry":{"type":"Polygon","coordinates":[[[-108.796161,36.880107],[-108.796167,36.879927],[-108.795942,36.879923],[-108.795937,36.880103],[-108.796161,36.880107]]]},"properties":{"src":"fm"}},{"type":"Feature","geometry":{"type":"Polygon","coordinates":[[[-108.798206,36.879244],[-108.798211,36.879064],[-108.797987,36.879059],[-108.797981,36.87924],[-108.798206,36.879244]]]},"properties":{"src":"fm"}},{"type":"Feature","geometry":{"type":"Polygon","coordinates":[[[-108.798435,36.879068],[-108.79844,36.878888],[-108.798216,36.878883],[-108.798211,36.879064],[-108.798435,36.879068]]]},"properties":{"src":"fm"}},{"type":"Feature","geometry":{"type":"Polygon","coordinates":[[[-108.797987,36.879059],[-108.797992,36.878879],[-108.797768,36.878875],[-108.797762,36.879055],[-108.797987,36.879059]]]},"properties":{"src":"fm"}},{"type":"Feature","geometry":{"type":"Polygon","coordinates":[[[-108.798665,36.878892],[-108.79867,36.878712],[-108.798445,36.878707],[-108.79844,36.878888],[-108.798665,36.878892]]]},"properties":{"src":"fm"}},{"type":"Feature","geometry":{"type":"Polygon","coordinates":[[[-108.796432,36.87849],[-108.796438,36.87831],[-108.796213,36.878305],[-108.796208,36.878486],[-108.796432,36.87849]]]},"properties":{"src":"fm"}},{"type":"Feature","geometry":{"type":"Polygon","coordinates":[[[-108.796886,36.878318],[-108.796891,36.878138],[-108.796555,36.878132],[-108.796552,36.878222],[-108.796664,36.878224],[-108.796662,36.878314],[-108.796886,36.878318]]]},"properties":{"src":"fm"}},{"type":"Feature","geometry":{"type":"Polygon","coordinates":[[[-108.798623,36.880333],[-108.798649,36.879432],[-108.798425,36.879428],[-108.79843,36.879248],[-108.798318,36.879246],[-108.798315,36.879336],[-108.798203,36.879334],[-108.79819,36.879784],[-108.797966,36.87978],[-108.797971,36.8796],[-108.797747,36.879596],[-108.797752,36.879416],[-108.797079,36.879403],[-108.797084,36.879223],[-108.79686,36.879219],[-108.796865,36.879039],[-108.797538,36.879051],[-108.797548,36.878691],[-108.797773,36.878695],[-108.797778,36.878515],[-108.797554,36.878511],[-108.797559,36.87833],[-108.796886,36.878318],[-108.796881,36.878498],[-108.796769,36.878496],[-108.796766,36.878586],[-108.796654,36.878584],[-108.796651,36.878674],[-108.796427,36.87867],[-108.796422,36.87885],[-108.795973,36.878842],[-108.795979,36.878662],[-108.79553,36.878653],[-108.795535,36.878473],[-108.795984,36.878481],[-108.795989,36.878301],[-108.796213,36.878305],[-108.796218,36.878125],[-108.795097,36.878104],[-108.795071,36.879005],[-108.795296,36.879009],[-108.79529,36.87919],[-108.795515,36.879194],[-108.795509,36.879374],[-108.795958,36.879382],[-108.795953,36.879562],[-108.796177,36.879567],[-108.796167,36.879927],[-108.796391,36.879931],[-108.796386,36.880111],[-108.796161,36.880107],[-108.796156,36.880287],[-108.796381,36.880291],[-108.796383,36.880201],[-108.796607,36.880205],[-108.79661,36.880115],[-108.797059,36.880124],[-108.797053,36.880304],[-108.798623,36.880333]],[[-108.797956,36.88014],[-108.797507,36.880132],[-108.797512,36.879952],[-108.797961,36.87996],[-108.797956,36.88014]],[[-108.797517,36.879772],[-108.797293,36.879768],[-108.797298,36.879587],[-108.797523,36.879592],[-108.797517,36.879772]],[[-108.795632,36.879016],[-108.79552,36.879014],[-108.795525,36.878833],[-108.795749,36.878838],[-108.795747,36.878928],[-108.795634,36.878926],[-108.795632,36.879016]],[[-108.795415,36.878741],[-108.795303,36.878739],[-108.795306,36.878649],[-108.795418,36.878651],[-108.795415,36.878741]]]},"properties":{"src":"fm"}},{"type":"Feature","geometry":{"type":"Polygon","coordinates":[[[-108.797113,36.878232],[-108.797115,36.878142],[-108.797003,36.87814],[-108.797001,36.87823],[-108.797113,36.878232]]]},"properties":{"src":"fm"}},{"type":"Feature","geometry":{"type":"Polygon","coordinates":[[[-108.796522,36.883178],[-108.796527,36.882998],[-108.796303,36.882994],[-108.796298,36.883174],[-108.796522,36.883178]]]},"properties":{"src":"fm"}},{"type":"Feature","geometry":{"type":"Polygon","coordinates":[[[-108.798107,36.882667],[-108.798118,36.882306],[-108.797893,36.882302],[-108.797899,36.882122],[-108.79745,36.882114],[-108.79744,36.882474],[-108.797888,36.882482],[-108.797883,36.882663],[-108.798107,36.882667]]]},"properties":{"src":"fm"}},{"type":"Feature","geometry":{"type":"Polygon","coordinates":[[[-108.797463,36.881663],[-108.797466,36.881573],[-108.797241,36.881569],[-108.797239,36.881659],[-108.797463,36.881663]]]},"properties":{"src":"fm"}},{"type":"Feature","geometry":{"type":"Polygon","coordinates":[[[-108.797022,36.881385],[-108.797027,36.881205],[-108.796803,36.8812],[-108.796798,36.881381],[-108.797022,36.881385]]]},"properties":{"src":"fm"}},{"type":"Feature","geometry":{"type":"Polygon","coordinates":[[[-108.797249,36.881299],[-108.797252,36.881209],[-108.79714,36.881207],[-108.797137,36.881297],[-108.797249,36.881299]]]},"properties":{"src":"fm"}},{"type":"Feature","geometry":{"type":"Polygon","coordinates":[[[-108.798525,36.883756],[-108.798535,36.883396],[-108.798423,36.883394],[-108.79842,36.883484],[-108.798308,36.883482],[-108.798316,36.883211],[-108.79854,36.883215],[-108.798556,36.882675],[-108.798444,36.882673],[-108.798441,36.882763],[-108.798329,36.882761],[-108.798337,36.882491],[-108.798225,36.882489],[-108.79822,36.882669],[-108.798107,36.882667],[-108.798097,36.883027],[-108.797873,36.883023],[-108.797878,36.882843],[-108.797429,36.882834],[-108.797435,36.882654],[-108.79721,36.88265],[-108.797215,36.88247],[-108.797103,36.882468],[-108.797101,36.882558],[-108.796989,36.882556],[-108.797002,36.882105],[-108.796777,36.882101],[-108.796772,36.882281],[-108.79666,36.882279],[-108.796657,36.882369],[-108.796545,36.882367],[-108.796563,36.881737],[-108.796339,36.881733],[-108.796344,36.881552],[-108.79612,36.881548],[-108.796115,36.881728],[-108.795891,36.881724],[-108.795911,36.881004],[-108.795463,36.880995],[-108.795452,36.881356],[-108.795228,36.881352],[-108.795233,36.881171],[-108.795009,36.881167],[-108.794994,36.881708],[-108.795442,36.881716],[-108.795437,36.881896],[-108.795661,36.8819],[-108.795656,36.88208],[-108.79532,36.882074],[-108.795317,36.882164],[-108.795429,36.882166],[-108.795427,36.882256],[-108.795763,36.882263],[-108.795758,36.882443],[-108.796094,36.882449],[-108.796089,36.882629],[-108.796313,36.882633],[-108.796308,36.882814],[-108.796532,36.882818],[-108.796527,36.882998],[-108.796751,36.883002],[-108.796746,36.883182],[-108.797195,36.883191],[-108.79719,36.883371],[-108.797862,36.883383],[-108.797857,36.883563],[-108.797745,36.883561],[-108.797742,36.883651],[-108.79763,36.883649],[-108.797628,36.883739],[-108.798525,36.883756]],[[-108.798201,36.883299],[-108.798089,36.883297],[-108.798092,36.883207],[-108.798204,36.883209],[-108.798201,36.883299]],[[-108.796876,36.882554],[-108.796764,36.882552],[-108.796767,36.882462],[-108.796879,36.882464],[-108.796876,36.882554]],[[-108.796882,36.882374],[-108.79677,36.882372],[-108.796772,36.882281],[-108.796884,36.882284],[-108.796882,36.882374]],[[-108.795985,36.882357],[-108.795872,36.882355],[-108.79588,36.882085],[-108.796104,36.882089],[-108.796099,36.882269],[-108.795987,36.882267],[-108.795985,36.882357]],[[-108.795781,36.881632],[-108.795669,36.88163],[-108.795671,36.88154],[-108.795784,36.881542],[-108.795781,36.881632]],[[-108.795786,36.881452],[-108.795674,36.88145],[-108.795677,36.88136],[-108.795789,36.881362],[-108.795786,36.881452]]]},"properties":{"src":"fm"}},{"type":"Feature","geometry":{"type":"Polygon","coordinates":[[[-108.796579,36.881196],[-108.796582,36.881106],[-108.796806,36.88111],[-108.796808,36.88102],[-108.79636,36.881012],[-108.796355,36.881192],[-108.796579,36.881196]]]},"properties":{"src":"fm"}},{"type":"Feature","geometry":{"type":"Polygon","coordinates":[[[-108.792904,36.860759],[-108.792909,36.860579],[-108.792685,36.860575],[-108.79268,36.860755],[-108.792904,36.860759]]]},"properties":{"src":"fm"}},{"type":"Feature","geometry":{"type":"Polygon","coordinates":[[[-108.792456,36.860751],[-108.792466,36.860391],[-108.792017,36.860382],[-108.792012,36.860562],[-108.792236,36.860567],[-108.792231,36.860747],[-108.792456,36.860751]]]},"properties":{"src":"fm"}},{"type":"Feature","geometry":{"type":"Polygon","coordinates":[[[-108.793131,36.860673],[-108.793138,36.860403],[-108.792914,36.860399],[-108.792909,36.860579],[-108.793021,36.860581],[-108.793019,36.860671],[-108.793131,36.860673]]]},"properties":{"src":"fm"}},{"type":"Feature","geometry":{"type":"Polygon","coordinates":[[[-108.793363,36.860407],[-108.793368,36.860227],[-108.793144,36.860223],[-108.793138,36.860403],[-108.793363,36.860407]]]},"properties":{"src":"fm"}},{"type":"Feature","geometry":{"type":"Polygon","coordinates":[[[-108.793144,36.860223],[-108.793149,36.860043],[-108.792813,36.860037],[-108.79281,36.860127],[-108.792922,36.860129],[-108.792919,36.860219],[-108.793144,36.860223]]]},"properties":{"src":"fm"}},{"type":"Feature","geometry":{"type":"Polygon","coordinates":[[[-108.793151,36.859953],[-108.793154,36.859863],[-108.793378,36.859867],[-108.793389,36.859507],[-108.79294,36.859498],[-108.792935,36.859678],[-108.792711,36.859674],[-108.792706,36.859854],[-108.79293,36.859859],[-108.792927,36.859949],[-108.793151,36.859953]]]},"properties":{"src":"fm"}},{"type":"Feature","geometry":{"type":"Polygon","coordinates":[[[-108.795063,36.863683],[-108.795068,36.863503],[-108.794844,36.863499],[-108.794841,36.863589],[-108.794954,36.863591],[-108.794951,36.863681],[-108.795063,36.863683]]]},"properties":{"src":"fm"}},{"type":"Feature","geometry":{"type":"Polygon","coordinates":[[[-108.794177,36.863307],[-108.794182,36.863126],[-108.793958,36.863122],[-108.793952,36.863302],[-108.794177,36.863307]]]},"properties":{"src":"fm"}},{"type":"Feature","geometry":{"type":"Polygon","coordinates":[[[-108.793504,36.863294],[-108.793514,36.862934],[-108.79329,36.86293],[-108.793285,36.86311],[-108.793173,36.863108],[-108.793168,36.863288],[-108.793504,36.863294]]]},"properties":{"src":"fm"}},{"type":"Feature","geometry":{"type":"Polygon","coordinates":[[[-108.79329,36.86293],[-108.793295,36.862749],[-108.793071,36.862745],[-108.793066,36.862925],[-108.79329,36.86293]]]},"properties":{"src":"fm"}},{"type":"Feature","geometry":{"type":"Polygon","coordinates":[[[-108.793071,36.862745],[-108.793076,36.862565],[-108.792628,36.862557],[-108.792623,36.862737],[-108.792847,36.862741],[-108.792849,36.862651],[-108.792962,36.862653],[-108.792959,36.862743],[-108.793071,36.862745]]]},"properties":{"src":"fm"}},{"type":"Feature","geometry":{"type":"Polygon","coordinates":[[[-108.794865,36.862779],[-108.79487,36.862598],[-108.794646,36.862594],[-108.794651,36.862414],[-108.794427,36.86241],[-108.794424,36.8625],[-108.794536,36.862502],[-108.794534,36.862592],[-108.794422,36.86259],[-108.794416,36.86277],[-108.794865,36.862779]]]},"properties":{"src":"fm"}},{"type":"Feature","geometry":{"type":"Polygon","coordinates":[[[-108.792172,36.862819],[-108.792177,36.862638],[-108.792289,36.862641],[-108.792286,36.862731],[-108.792398,36.862733],[-108.792404,36.862553],[-108.792179,36.862548],[-108.792185,36.862368],[-108.79196,36.862364],[-108.791947,36.862814],[-108.792172,36.862819]]]},"properties":{"src":"fm"}},{"type":"Feature","geometry":{"type":"Polygon","coordinates":[[[-108.795517,36.863512],[-108.795553,36.862251],[-108.795105,36.862242],[-108.795099,36.862422],[-108.795324,36.862427],[-108.795313,36.862787],[-108.795089,36.862783],[-108.795084,36.862963],[-108.79486,36.862959],[-108.794857,36.863049],[-108.794969,36.863051],[-108.794967,36.863141],[-108.795079,36.863143],[-108.795073,36.863323],[-108.795298,36.863327],[-108.795293,36.863507],[-108.795517,36.863512]]]},"properties":{"src":"fm"}},{"type":"Feature","geometry":{"type":"Polygon","coordinates":[[[-108.793089,36.862115],[-108.793092,36.862025],[-108.792868,36.86202],[-108.792865,36.86211],[-108.793089,36.862115]]]},"properties":{"src":"fm"}},{"type":"Feature","geometry":{"type":"Polygon","coordinates":[[[-108.793316,36.862029],[-108.793321,36.861849],[-108.793209,36.861847],[-108.793204,36.862027],[-108.793316,36.862029]]]},"properties":{"src":"fm"}},{"type":"Feature","geometry":{"type":"Polygon","coordinates":[[[-108.795337,36.861976],[-108.795339,36.861886],[-108.795115,36.861882],[-108.795112,36.861972],[-108.795337,36.861976]]]},"properties":{"src":"fm"}},{"type":"Feature","geometry":{"type":"Polygon","coordinates":[[[-108.79353,36.862393],[-108.793535,36.862213],[-108.793759,36.862217],[-108.793764,36.862037],[-108.794213,36.862045],[-108.794218,36.861865],[-108.793994,36.861861],[-108.793999,36.861681],[-108.793775,36.861677],[-108.79377,36.861857],[-108.793545,36.861853],[-108.79354,36.862033],[-108.793316,36.862029],[-108.793311,36.862209],[-108.792862,36.862201],[-108.79286,36.862291],[-108.792972,36.862293],[-108.792969,36.862383],[-108.79353,36.862393]]]},"properties":{"src":"fm"}},{"type":"Feature","geometry":{"type":"Polygon","coordinates":[[[-108.792649,36.861836],[-108.792654,36.861656],[-108.79243,36.861652],[-108.792424,36.861832],[-108.792649,36.861836]]]},"properties":{"src":"fm"}},{"type":"Feature","geometry":{"type":"Polygon","coordinates":[[[-108.794891,36.861878],[-108.794896,36.861698],[-108.794672,36.861693],[-108.794687,36.861153],[-108.794015,36.86114],[-108.794004,36.861501],[-108.794565,36.861511],[-108.794562,36.861601],[-108.79445,36.861599],[-108.794447,36.861689],[-108.794223,36.861685],[-108.794218,36.861865],[-108.794891,36.861878]]]},"properties":{"src":"fm"}},{"type":"Feature","geometry":{"type":"Polygon","coordinates":[[[-108.793785,36.861316],[-108.79379,36.861136],[-108.793678,36.861134],[-108.793676,36.861224],[-108.793564,36.861222],[-108.793561,36.861312],[-108.793785,36.861316]]]},"properties":{"src":"fm"}},{"type":"Feature","geometry":{"type":"Polygon","coordinates":[[[-108.794015,36.86114],[-108.79402,36.86096],[-108.793908,36.860958],[-108.793905,36.861048],[-108.793793,36.861046],[-108.79379,36.861136],[-108.794015,36.86114]]]},"properties":{"src":"fm"}},{"type":"Feature","geometry":{"type":"Polygon","coordinates":[[[-108.793342,36.861128],[-108.793352,36.860768],[-108.792904,36.860759],[-108.792899,36.860939],[-108.793123,36.860944],[-108.793118,36.861124],[-108.793342,36.861128]]]},"properties":{"src":"fm"}},{"type":"Feature","geometry":{"type":"Polygon","coordinates":[[[-108.79498,36.866566],[-108.794985,36.866386],[-108.794761,36.866382],[-108.794756,36.866562],[-108.79498,36.866566]]]},"properties":{"src":"fm"}},{"type":"Feature","geometry":{"type":"Polygon","coordinates":[[[-108.794083,36.866549],[-108.794089,36.866369],[-108.79364,36.866361],[-108.793645,36.866181],[-108.793421,36.866177],[-108.793426,36.865996],[-108.792978,36.865988],[-108.792967,36.866348],[-108.793416,36.866357],[-108.793411,36.866537],[-108.794083,36.866549]],[[-108.793309,36.866174],[-108.793197,36.866172],[-108.793199,36.866082],[-108.793312,36.866084],[-108.793309,36.866174]]]},"properties":{"src":"fm"}},{"type":"Feature","geometry":{"type":"Polygon","coordinates":[[[-108.795215,36.86621],[-108.79522,36.86603],[-108.795444,36.866034],[-108.795449,36.865854],[-108.795225,36.86585],[-108.79523,36.865669],[-108.795006,36.865665],[-108.795001,36.865845],[-108.794777,36.865841],[-108.794774,36.865931],[-108.794886,36.865933],[-108.794884,36.866023],[-108.794996,36.866026],[-108.794991,36.866206],[-108.795215,36.86621]]]},"properties":{"src":"fm"}},{"type":"Feature","geometry":{"type":"Polygon","coordinates":[[[-108.795455,36.865674],[-108.795465,36.865313],[-108.795241,36.865309],[-108.79523,36.865669],[-108.795455,36.865674]]]},"properties":{"src":"fm"}},{"type":"Feature","geometry":{"type":"Polygon","coordinates":[[[-108.792988,36.865628],[-108.792999,36.865267],[-108.792774,36.865263],[-108.792764,36.865624],[-108.792988,36.865628]]]},"properties":{"src":"fm"}},{"type":"Feature","geometry":{"type":"Polygon","coordinates":[[[-108.795468,36.865223],[-108.79547,36.865133],[-108.795358,36.865131],[-108.795355,36.865221],[-108.795468,36.865223]]]},"properties":{"src":"fm"}},{"type":"Feature","geometry":{"type":"Polygon","coordinates":[[[-108.793228,36.865091],[-108.793233,36.864911],[-108.793009,36.864907],[-108.793004,36.865087],[-108.793228,36.865091]]]},"properties":{"src":"fm"}},{"type":"Feature","geometry":{"type":"Polygon","coordinates":[[[-108.79254,36.865619],[-108.792555,36.865079],[-108.792331,36.865075],[-108.792347,36.864534],[-108.792122,36.86453],[-108.792117,36.86471],[-108.791893,36.864706],[-108.791872,36.865427],[-108.792209,36.865433],[-108.792206,36.865523],[-108.79243,36.865527],[-108.792428,36.865617],[-108.79254,36.865619]]]},"properties":{"src":"fm"}},{"type":"Feature","geometry":{"type":"Polygon","coordinates":[[[-108.792795,36.864543],[-108.792805,36.864182],[-108.792581,36.864178],[-108.792571,36.864538],[-108.792795,36.864543]]]},"properties":{"src":"fm"}},{"type":"Feature","geometry":{"type":"Polygon","coordinates":[[[-108.793483,36.864015],[-108.793488,36.863835],[-108.79304,36.863826],[-108.793035,36.864006],[-108.793483,36.864015]]]},"properties":{"src":"fm"}},{"type":"Feature","geometry":{"type":"Polygon","coordinates":[[[-108.793267,36.86374],[-108.793269,36.86365],[-108.793045,36.863646],[-108.793043,36.863736],[-108.793267,36.86374]]]},"properties":{"src":"fm"}},{"type":"Feature","geometry":{"type":"Polygon","coordinates":[[[-108.793489,36.86771],[-108.793492,36.86762],[-108.79338,36.867618],[-108.793377,36.867708],[-108.793489,36.86771]]]},"properties":{"src":"fm"}},{"type":"Feature","geometry":{"type":"Polygon","coordinates":[[[-108.792483,36.867601],[-108.792488,36.867421],[-108.792264,36.867417],[-108.792258,36.867597],[-108.792483,36.867601]]]},"properties":{"src":"fm"}},{"type":"Feature","geometry":{"type":"Polygon","coordinates":[[[-108.792715,36.867335],[-108.792722,36.867065],[-108.792498,36.867061],[-108.792496,36.867151],[-108.792608,36.867153],[-108.792603,36.867333],[-108.792715,36.867335]]]},"properties":{"src":"fm"}},{"type":"Feature","geometry":{"type":"Polygon","coordinates":[[[-108.793619,36.867082],[-108.793625,36.866901],[-108.7934,36.866897],[-108.793395,36.867077],[-108.793619,36.867082]]]},"properties":{"src":"fm"}},{"type":"Feature","geometry":{"type":"Polygon","coordinates":[[[-108.795413,36.867115],[-108.795424,36.866755],[-108.795199,36.86675],[-108.795204,36.86657],[-108.794756,36.866562],[-108.794746,36.866922],[-108.79497,36.866926],[-108.794967,36.867016],[-108.795079,36.867019],[-108.795077,36.867109],[-108.795413,36.867115]]]},"properties":{"src":"fm"}},{"type":"Feature","geometry":{"type":"Polygon","coordinates":[[[-108.795122,36.869453],[-108.795127,36.869273],[-108.794678,36.869264],[-108.794683,36.869084],[-108.794235,36.869076],[-108.79424,36.868896],[-108.794128,36.868894],[-108.794126,36.868984],[-108.794013,36.868982],[-108.794016,36.868891],[-108.793568,36.868883],[-108.793573,36.868703],[-108.793797,36.868707],[-108.793823,36.867806],[-108.794047,36.86781],[-108.794063,36.86727],[-108.794287,36.867274],[-108.794297,36.866914],[-108.794521,36.866918],[-108.794532,36.866558],[-108.793635,36.866541],[-108.793632,36.866631],[-108.793857,36.866635],[-108.793854,36.866725],[-108.79363,36.866721],[-108.793627,36.866811],[-108.793739,36.866813],[-108.793737,36.866903],[-108.793849,36.866906],[-108.793828,36.867626],[-108.793604,36.867622],[-108.793599,36.867802],[-108.793374,36.867798],[-108.793348,36.868699],[-108.793012,36.868693],[-108.79301,36.868783],[-108.792897,36.868781],[-108.7929,36.86869],[-108.791779,36.86867],[-108.791758,36.86939],[-108.795122,36.869453]],[[-108.793693,36.868435],[-108.79358,36.868433],[-108.793583,36.868343],[-108.793695,36.868345],[-108.793693,36.868435]]]},"properties":{"src":"fm"}},{"type":"Feature","geometry":{"type":"Polygon","coordinates":[[[-108.793698,36.87213],[-108.793704,36.87195],[-108.793479,36.871946],[-108.793474,36.872126],[-108.793698,36.87213]]]},"properties":{"src":"fm"}},{"type":"Feature","geometry":{"type":"Polygon","coordinates":[[[-108.793706,36.87186],[-108.793709,36.87177],[-108.793597,36.871768],[-108.793594,36.871858],[-108.793706,36.87186]]]},"properties":{"src":"fm"}},{"type":"Feature","geometry":{"type":"Polygon","coordinates":[[[-108.795039,36.872335],[-108.795049,36.871975],[-108.795273,36.871979],[-108.795291,36.871349],[-108.795179,36.871346],[-108.795177,36.871437],[-108.795065,36.871434],[-108.795067,36.871344],[-108.794955,36.871342],[-108.794952,36.871432],[-108.794616,36.871426],[-108.794619,36.871336],[-108.794507,36.871334],[-108.794504,36.871424],[-108.794392,36.871422],[-108.794394,36.871332],[-108.793161,36.871309],[-108.793159,36.871399],[-108.793046,36.871397],[-108.793049,36.871307],[-108.792937,36.871305],[-108.792934,36.871395],[-108.792822,36.871393],[-108.792825,36.871303],[-108.792713,36.871301],[-108.79271,36.871391],[-108.792598,36.871389],[-108.792603,36.871209],[-108.791706,36.871192],[-108.791675,36.872273],[-108.793469,36.872306],[-108.793474,36.872126],[-108.79325,36.872122],[-108.793255,36.871942],[-108.793031,36.871937],[-108.793036,36.871757],[-108.792812,36.871753],[-108.792814,36.871663],[-108.793039,36.871667],[-108.793041,36.871577],[-108.793714,36.87159],[-108.793709,36.87177],[-108.793933,36.871774],[-108.793918,36.872314],[-108.794366,36.872323],[-108.794369,36.872233],[-108.794481,36.872235],[-108.794478,36.872325],[-108.79459,36.872327],[-108.794595,36.872147],[-108.794708,36.872149],[-108.794702,36.872329],[-108.795039,36.872335]],[[-108.792911,36.872206],[-108.792799,36.872204],[-108.792809,36.871843],[-108.792921,36.871845],[-108.792919,36.871935],[-108.793031,36.871937],[-108.793026,36.872118],[-108.792914,36.872116],[-108.792911,36.872206]],[[-108.794483,36.872145],[-108.794371,36.872143],[-108.794376,36.871962],[-108.794488,36.871965],[-108.794483,36.872145]],[[-108.792692,36.872021],[-108.79258,36.872019],[-108.792582,36.871929],[-108.792695,36.871931],[-108.792692,36.872021]],[[-108.795049,36.871975],[-108.794825,36.871971],[-108.79483,36.871791],[-108.794942,36.871793],[-108.79494,36.871883],[-108.795052,36.871885],[-108.795049,36.871975]]]},"properties":{"src":"fm"}},{"type":"Feature","geometry":{"type":"Polygon","coordinates":[[[-108.795304,36.870898],[-108.795346,36.869457],[-108.791758,36.86939],[-108.791722,36.870651],[-108.791946,36.870656],[-108.791943,36.870746],[-108.791719,36.870741],[-108.791717,36.870832],[-108.795304,36.870898]],[[-108.794188,36.870697],[-108.79374,36.870689],[-108.793745,36.870509],[-108.794194,36.870517],[-108.794188,36.870697]]]},"properties":{"src":"fm"}},{"type":"Feature","geometry":{"type":"Polygon","coordinates":[[[-108.794085,36.8743],[-108.79409,36.87412],[-108.793866,36.874116],[-108.79386,36.874296],[-108.794085,36.8743]]]},"properties":{"src":"fm"}},{"type":"Feature","geometry":{"type":"Polygon","coordinates":[[[-108.794549,36.873768],[-108.794554,36.873588],[-108.794442,36.873586],[-108.794437,36.873766],[-108.794549,36.873768]]]},"properties":{"src":"fm"}},{"type":"Feature","geometry":{"type":"Polygon","coordinates":[[[-108.7941,36.87376],[-108.794105,36.87358],[-108.793881,36.873576],[-108.793876,36.873756],[-108.7941,36.87376]]]},"properties":{"src":"fm"}},{"type":"Feature","geometry":{"type":"Polygon","coordinates":[[[-108.794111,36.8734],[-108.794116,36.873219],[-108.793892,36.873215],[-108.793886,36.873395],[-108.794111,36.8734]]]},"properties":{"src":"fm"}},{"type":"Feature","geometry":{"type":"Polygon","coordinates":[[[-108.79518,36.875222],[-108.795201,36.874501],[-108.794977,36.874497],[-108.794982,36.874317],[-108.794533,36.874309],[-108.794528,36.874489],[-108.794304,36.874485],[-108.794299,36.874665],[-108.794074,36.874661],[-108.79408,36.874481],[-108.793855,36.874476],[-108.79386,36.874296],[-108.793636,36.874292],[-108.793657,36.873571],[-108.793209,36.873563],[-108.793224,36.873023],[-108.793448,36.873027],[-108.793453,36.872847],[-108.793678,36.872851],[-108.793683,36.872671],[-108.794131,36.872679],[-108.794126,36.872859],[-108.794238,36.872861],[-108.794233,36.873041],[-108.794345,36.873043],[-108.794363,36.872413],[-108.794588,36.872417],[-108.794585,36.872507],[-108.795034,36.872515],[-108.795028,36.872696],[-108.79458,36.872687],[-108.79457,36.873048],[-108.794794,36.873052],[-108.794773,36.873772],[-108.794997,36.873777],[-108.794992,36.873957],[-108.795216,36.873961],[-108.795263,36.872339],[-108.793918,36.872314],[-108.793912,36.872495],[-108.793688,36.87249],[-108.793693,36.87231],[-108.791675,36.872273],[-108.791592,36.875155],[-108.79518,36.875222]],[[-108.79384,36.875017],[-108.793616,36.875013],[-108.793618,36.874923],[-108.793842,36.874927],[-108.79384,36.875017]],[[-108.793198,36.873923],[-108.792974,36.873919],[-108.792984,36.873559],[-108.793209,36.873563],[-108.793198,36.873923]],[[-108.793224,36.873023],[-108.793,36.873018],[-108.793005,36.872838],[-108.793229,36.872842],[-108.793224,36.873023]],[[-108.793341,36.872845],[-108.793229,36.872842],[-108.793232,36.872752],[-108.793344,36.872754],[-108.793341,36.872845]]]},"properties":{"src":"fm"}},{"type":"Feature","geometry":{"type":"Polygon","coordinates":[[[-108.795097,36.878104],[-108.795154,36.876123],[-108.79493,36.876119],[-108.79494,36.875758],[-108.795165,36.875762],[-108.79518,36.875222],[-108.794059,36.875201],[-108.794054,36.875381],[-108.793942,36.875379],[-108.793939,36.875469],[-108.794051,36.875471],[-108.794048,36.875561],[-108.793824,36.875557],[-108.793835,36.875197],[-108.791592,36.875155],[-108.791509,36.878038],[-108.795097,36.878104]],[[-108.794925,36.876299],[-108.7947,36.876295],[-108.794706,36.876114],[-108.79493,36.876119],[-108.794925,36.876299]],[[-108.794609,36.875572],[-108.794497,36.87557],[-108.794502,36.87539],[-108.794614,36.875392],[-108.794609,36.875572]]]},"properties":{"src":"fm"}},{"type":"Feature","geometry":{"type":"Polygon","coordinates":[[[-108.79479,36.880983],[-108.794795,36.880803],[-108.794683,36.880801],[-108.79468,36.880891],[-108.794568,36.880889],[-108.794566,36.880979],[-108.79479,36.880983]]]},"properties":{"src":"fm"}},{"type":"Feature","geometry":{"type":"Polygon","coordinates":[[[-108.794341,36.880975],[-108.794347,36.880794],[-108.794122,36.88079],[-108.794117,36.88097],[-108.794341,36.880975]]]},"properties":{"src":"fm"}},{"type":"Feature","geometry":{"type":"Polygon","coordinates":[[[-108.793669,36.880962],[-108.793674,36.880782],[-108.793562,36.88078],[-108.793559,36.88087],[-108.793447,36.880868],[-108.79345,36.880778],[-108.793113,36.880771],[-108.793111,36.880862],[-108.792998,36.880859],[-108.792996,36.88095],[-108.793669,36.880962]]]},"properties":{"src":"fm"}},{"type":"Feature","geometry":{"type":"Polygon","coordinates":[[[-108.792553,36.880761],[-108.792558,36.880581],[-108.792333,36.880577],[-108.792328,36.880757],[-108.792553,36.880761]]]},"properties":{"src":"fm"}},{"type":"Feature","geometry":{"type":"Polygon","coordinates":[[[-108.792563,36.880401],[-108.792568,36.880221],[-108.792232,36.880214],[-108.792229,36.880304],[-108.792117,36.880302],[-108.792114,36.880392],[-108.792563,36.880401]]]},"properties":{"src":"fm"}},{"type":"Feature","geometry":{"type":"Polygon","coordinates":[[[-108.793692,36.880151],[-108.793695,36.880061],[-108.793582,36.880059],[-108.79358,36.880149],[-108.793692,36.880151]]]},"properties":{"src":"fm"}},{"type":"Feature","geometry":{"type":"Polygon","coordinates":[[[-108.795035,36.880266],[-108.795045,36.879906],[-108.794821,36.879902],[-108.794816,36.880082],[-108.794367,36.880074],[-108.794362,36.880254],[-108.795035,36.880266]]]},"properties":{"src":"fm"}},{"type":"Feature","geometry":{"type":"Polygon","coordinates":[[[-108.792573,36.88004],[-108.792578,36.87986],[-108.792354,36.879856],[-108.792349,36.880036],[-108.792573,36.88004]]]},"properties":{"src":"fm"}},{"type":"Feature","geometry":{"type":"Polygon","coordinates":[[[-108.794367,36.880074],[-108.79437,36.879984],[-108.794594,36.879988],[-108.794597,36.879898],[-108.794373,36.879894],[-108.794378,36.879713],[-108.793705,36.879701],[-108.7937,36.879881],[-108.793924,36.879885],[-108.793919,36.880065],[-108.794367,36.880074]]]},"properties":{"src":"fm"}},{"type":"Feature","geometry":{"type":"Polygon","coordinates":[[[-108.792354,36.879856],[-108.792359,36.879676],[-108.792135,36.879672],[-108.79214,36.879492],[-108.792028,36.87949],[-108.792026,36.87958],[-108.791913,36.879578],[-108.791906,36.879848],[-108.792354,36.879856]]]},"properties":{"src":"fm"}},{"type":"Feature","geometry":{"type":"Polygon","coordinates":[[[-108.793481,36.879697],[-108.793486,36.879517],[-108.793262,36.879512],[-108.793259,36.879603],[-108.793371,36.879605],[-108.793369,36.879695],[-108.793481,36.879697]]]},"properties":{"src":"fm"}},{"type":"Feature","geometry":{"type":"Polygon","coordinates":[[[-108.793934,36.879525],[-108.79394,36.879345],[-108.793715,36.879341],[-108.793713,36.879431],[-108.793825,36.879433],[-108.793822,36.879523],[-108.793934,36.879525]]]},"properties":{"src":"fm"}},{"type":"Feature","geometry":{"type":"Polygon","coordinates":[[[-108.793942,36.879255],[-108.793945,36.879165],[-108.793721,36.87916],[-108.793718,36.879251],[-108.793942,36.879255]]]},"properties":{"src":"fm"}},{"type":"Feature","geometry":{"type":"Polygon","coordinates":[[[-108.794169,36.879169],[-108.794174,36.878989],[-108.79395,36.878984],[-108.793945,36.879165],[-108.794169,36.879169]]]},"properties":{"src":"fm"}},{"type":"Feature","geometry":{"type":"Polygon","coordinates":[[[-108.791916,36.879487],[-108.791921,36.879307],[-108.79237,36.879316],[-108.79238,36.878955],[-108.792717,36.878962],[-108.792714,36.879052],[-108.792826,36.879054],[-108.792823,36.879144],[-108.793048,36.879148],[-108.793053,36.878968],[-108.792829,36.878964],[-108.792834,36.878783],[-108.79261,36.878779],[-108.792615,36.878599],[-108.792839,36.878603],[-108.792844,36.878423],[-108.793068,36.878427],[-108.793063,36.878607],[-108.793288,36.878612],[-108.793282,36.878792],[-108.793507,36.878796],[-108.793512,36.878616],[-108.793736,36.87862],[-108.793733,36.87871],[-108.793958,36.878714],[-108.793955,36.878804],[-108.794179,36.878808],[-108.794185,36.878628],[-108.794409,36.878632],[-108.794404,36.878813],[-108.794852,36.878821],[-108.794847,36.879001],[-108.795071,36.879005],[-108.795097,36.878104],[-108.791509,36.878038],[-108.791499,36.878398],[-108.791611,36.8784],[-108.791608,36.87849],[-108.791496,36.878488],[-108.791494,36.878578],[-108.791718,36.878582],[-108.791707,36.878943],[-108.792156,36.878951],[-108.792151,36.879131],[-108.791702,36.879123],[-108.791692,36.879483],[-108.791916,36.879487]]]},"properties":{"src":"fm"}},{"type":"Feature","geometry":{"type":"Polygon","coordinates":[[[-108.79478,36.881343],[-108.79479,36.880983],[-108.794678,36.880981],[-108.794675,36.881071],[-108.794563,36.881069],[-108.794566,36.880979],[-108.794454,36.880977],[-108.794451,36.881067],[-108.794339,36.881065],[-108.794341,36.880975],[-108.794229,36.880972],[-108.794227,36.881063],[-108.794115,36.88106],[-108.794112,36.881151],[-108.794673,36.881161],[-108.79467,36.881251],[-108.794558,36.881249],[-108.794555,36.881339],[-108.79478,36.881343]]]},"properties":{"src":"fm"}},{"type":"Feature","geometry":{"type":"Polygon","coordinates":[[[-108.794107,36.881331],[-108.794112,36.881151],[-108.793888,36.881146],[-108.79389,36.881056],[-108.793778,36.881054],[-108.793776,36.881144],[-108.793663,36.881142],[-108.793669,36.880962],[-108.793557,36.88096],[-108.793554,36.88105],[-108.79333,36.881046],[-108.793327,36.881136],[-108.793215,36.881134],[-108.79322,36.880954],[-108.793108,36.880952],[-108.793105,36.881042],[-108.792993,36.88104],[-108.792996,36.88095],[-108.792772,36.880945],[-108.792766,36.881126],[-108.792991,36.88113],[-108.792986,36.88131],[-108.794107,36.881331]]]},"properties":{"src":"fm"}},{"type":"Feature","geometry":{"type":"Polygon","coordinates":[[[-108.791251,36.863613],[-108.791257,36.863433],[-108.791705,36.863441],[-108.79171,36.863261],[-108.791486,36.863257],[-108.791496,36.862896],[-108.791048,36.862888],[-108.791053,36.862708],[-108.790829,36.862704],[-108.790824,36.862884],[-108.790151,36.862871],[-108.790156,36.862691],[-108.790044,36.862689],[-108.790039,36.862869],[-108.789927,36.862867],[-108.789932,36.862687],[-108.789708,36.862683],[-108.789703,36.862863],[-108.789479,36.862859],[-108.789489,36.862498],[-108.789265,36.862494],[-108.78926,36.862674],[-108.789035,36.86267],[-108.789041,36.86249],[-108.788592,36.862482],[-108.788595,36.862392],[-108.788819,36.862396],[-108.788822,36.862306],[-108.788373,36.862297],[-108.788337,36.863558],[-108.791251,36.863613]],[[-108.791032,36.863428],[-108.790584,36.86342],[-108.790589,36.86324],[-108.790813,36.863244],[-108.790819,36.863064],[-108.791043,36.863068],[-108.791032,36.863428]],[[-108.789692,36.863223],[-108.789468,36.863219],[-108.789473,36.863039],[-108.789698,36.863043],[-108.789692,36.863223]]]},"properties":{"src":"fm"}},{"type":"Feature","geometry":{"type":"Polygon","coordinates":[[[-108.791945,36.862905],[-108.791966,36.862184],[-108.791741,36.86218],[-108.791736,36.86236],[-108.791512,36.862356],[-108.791496,36.862896],[-108.791945,36.862905]]]},"properties":{"src":"fm"}},{"type":"Feature","geometry":{"type":"Polygon","coordinates":[[[-108.7886,36.862211],[-108.788603,36.862121],[-108.78849,36.862119],[-108.788488,36.862209],[-108.7886,36.862211]]]},"properties":{"src":"fm"}},{"type":"Feature","geometry":{"type":"Polygon","coordinates":[[[-108.789507,36.861868],[-108.78951,36.861778],[-108.789398,36.861776],[-108.789395,36.861866],[-108.789507,36.861868]]]},"properties":{"src":"fm"}},{"type":"Feature","geometry":{"type":"Polygon","coordinates":[[[-108.789311,36.860873],[-108.789317,36.860693],[-108.789092,36.860688],[-108.789087,36.860869],[-108.789311,36.860873]]]},"properties":{"src":"fm"}},{"type":"Feature","geometry":{"type":"Polygon","coordinates":[[[-108.788707,36.866269],[-108.788723,36.865729],[-108.788499,36.865725],[-108.788488,36.866085],[-108.788264,36.866081],[-108.788259,36.866261],[-108.788707,36.866269]]]},"properties":{"src":"fm"}},{"type":"Feature","geometry":{"type":"Polygon","coordinates":[[[-108.791857,36.865967],[-108.791862,36.865787],[-108.791638,36.865783],[-108.791632,36.865963],[-108.791857,36.865967]]]},"properties":{"src":"fm"}},{"type":"Feature","geometry":{"type":"Polygon","coordinates":[[[-108.788947,36.865733],[-108.788952,36.865553],[-108.788728,36.865549],[-108.788723,36.865729],[-108.788947,36.865733]]]},"properties":{"src":"fm"}},{"type":"Feature","geometry":{"type":"Polygon","coordinates":[[[-108.791864,36.865697],[-108.791893,36.864706],[-108.791557,36.8647],[-108.791546,36.86506],[-108.791658,36.865062],[-108.791643,36.865603],[-108.791755,36.865605],[-108.791752,36.865695],[-108.791864,36.865697]]]},"properties":{"src":"fm"}},{"type":"Feature","geometry":{"type":"Polygon","coordinates":[[[-108.791393,36.866499],[-108.791403,36.866139],[-108.791179,36.866135],[-108.791189,36.865775],[-108.791413,36.865779],[-108.791429,36.865238],[-108.790981,36.86523],[-108.790988,36.86496],[-108.7911,36.864962],[-108.791098,36.865052],[-108.79121,36.865054],[-108.791215,36.864874],[-108.790991,36.86487],[-108.791001,36.864509],[-108.791113,36.864511],[-108.791111,36.864601],[-108.791223,36.864604],[-108.791246,36.863793],[-108.791022,36.863789],[-108.791027,36.863609],[-108.788337,36.863558],[-108.78828,36.86554],[-108.788728,36.865549],[-108.788733,36.865368],[-108.788957,36.865373],[-108.788952,36.865553],[-108.789176,36.865557],[-108.789171,36.865737],[-108.789059,36.865735],[-108.789057,36.865825],[-108.788944,36.865823],[-108.788926,36.866454],[-108.791393,36.866499]],[[-108.791286,36.866317],[-108.790949,36.866311],[-108.790955,36.866131],[-108.791179,36.866135],[-108.791176,36.866225],[-108.791288,36.866227],[-108.791286,36.866317]],[[-108.790277,36.866298],[-108.789828,36.86629],[-108.789844,36.86575],[-108.790068,36.865754],[-108.790063,36.865934],[-108.790287,36.865938],[-108.790277,36.866298]],[[-108.789273,36.866099],[-108.789161,36.866097],[-108.789166,36.865917],[-108.78939,36.865921],[-108.789388,36.866011],[-108.789276,36.866009],[-108.789273,36.866099]],[[-108.78962,36.865745],[-108.789395,36.865741],[-108.789401,36.865561],[-108.789625,36.865565],[-108.78962,36.865745]],[[-108.791312,36.865416],[-108.7912,36.865414],[-108.791202,36.865324],[-108.791314,36.865326],[-108.791312,36.865416]],[[-108.789854,36.865389],[-108.78963,36.865385],[-108.789635,36.865205],[-108.78986,36.865209],[-108.789854,36.865389]],[[-108.789406,36.865381],[-108.788957,36.865373],[-108.788963,36.865192],[-108.789411,36.865201],[-108.789406,36.865381]],[[-108.790532,36.865222],[-108.790308,36.865217],[-108.790313,36.865037],[-108.790537,36.865041],[-108.790532,36.865222]],[[-108.788963,36.865192],[-108.788738,36.865188],[-108.788744,36.865008],[-108.788968,36.865012],[-108.788963,36.865192]],[[-108.789865,36.865029],[-108.789192,36.865016],[-108.789202,36.864656],[-108.789875,36.864669],[-108.789865,36.865029]],[[-108.789202,36.864656],[-108.788978,36.864652],[-108.788983,36.864472],[-108.789208,36.864476],[-108.789202,36.864656]]]},"properties":{"src":"fm"}},{"type":"Feature","geometry":{"type":"Polygon","coordinates":[[[-108.791471,36.863797],[-108.791476,36.863617],[-108.791251,36.863613],[-108.791246,36.863793],[-108.791471,36.863797]]]},"properties":{"src":"fm"}},{"type":"Feature","geometry":{"type":"Polygon","coordinates":[[[-108.789067,36.86934],[-108.78907,36.86925],[-108.788958,36.869248],[-108.788955,36.869338],[-108.789067,36.86934]]]},"properties":{"src":"fm"}},{"type":"Feature","geometry":{"type":"Polygon","coordinates":[[[-108.79138,36.86695],[-108.791388,36.86668],[-108.791275,36.866677],[-108.791268,36.866948],[-108.79138,36.86695]]]},"properties":{"src":"fm"}},{"type":"Feature","geometry":{"type":"Polygon","coordinates":[[[-108.791758,36.86939],[-108.791779,36.86867],[-108.791555,36.868665],[-108.79156,36.868485],[-108.790663,36.868469],[-108.790668,36.868288],[-108.79022,36.86828],[-108.79023,36.86792],[-108.790454,36.867924],[-108.790465,36.867564],[-108.790689,36.867568],[-108.790694,36.867388],[-108.790918,36.867392],[-108.790926,36.867122],[-108.791038,36.867124],[-108.791036,36.867214],[-108.791148,36.867216],[-108.791168,36.866495],[-108.789823,36.86647],[-108.789818,36.86665],[-108.789706,36.866648],[-108.789701,36.866828],[-108.789589,36.866826],[-108.789599,36.866466],[-108.788926,36.866454],[-108.788921,36.866634],[-108.788585,36.866627],[-108.788582,36.866717],[-108.788694,36.86672],[-108.788692,36.86681],[-108.788467,36.866805],[-108.788473,36.866625],[-108.788248,36.866621],[-108.788186,36.868783],[-108.788635,36.868791],[-108.788629,36.868972],[-108.789078,36.86898],[-108.789073,36.86916],[-108.789297,36.869164],[-108.789292,36.869344],[-108.791758,36.86939]],[[-108.789198,36.868712],[-108.789086,36.86871],[-108.789088,36.86862],[-108.7892,36.868622],[-108.789198,36.868712]],[[-108.788984,36.868347],[-108.788872,36.868345],[-108.788874,36.868255],[-108.788986,36.868257],[-108.788984,36.868347]],[[-108.789333,36.867903],[-108.789109,36.867899],[-108.789114,36.867719],[-108.789338,36.867723],[-108.789333,36.867903]],[[-108.789114,36.867719],[-108.788441,36.867706],[-108.788447,36.867526],[-108.788671,36.86753],[-108.788676,36.86735],[-108.7889,36.867354],[-108.788906,36.867174],[-108.78913,36.867178],[-108.789135,36.866998],[-108.789359,36.867002],[-108.789364,36.866822],[-108.789589,36.866826],[-108.789578,36.867187],[-108.789354,36.867182],[-108.789344,36.867543],[-108.789119,36.867539],[-108.789114,36.867719]],[[-108.789682,36.867459],[-108.78957,36.867457],[-108.789573,36.867367],[-108.789685,36.867369],[-108.789682,36.867459]]]},"properties":{"src":"fm"}},{"type":"Feature","geometry":{"type":"Polygon","coordinates":[[[-108.791675,36.872273],[-108.791706,36.871192],[-108.790809,36.871175],[-108.790807,36.871265],[-108.790582,36.871261],[-108.790585,36.871171],[-108.789912,36.871158],[-108.789915,36.871068],[-108.789803,36.871066],[-108.7898,36.871156],[-108.789688,36.871154],[-108.789693,36.870974],[-108.789021,36.870962],[-108.789023,36.870872],[-108.788799,36.870867],[-108.788802,36.870777],[-108.788129,36.870765],[-108.788087,36.872206],[-108.790105,36.872244],[-108.790111,36.872063],[-108.790335,36.872068],[-108.79033,36.872248],[-108.791675,36.872273]]]},"properties":{"src":"fm"}},{"type":"Feature","geometry":{"type":"Polygon","coordinates":[[[-108.791717,36.870832],[-108.791719,36.870741],[-108.791607,36.870739],[-108.791605,36.870829],[-108.791717,36.870832]]]},"properties":{"src":"fm"}},{"type":"Feature","geometry":{"type":"Polygon","coordinates":[[[-108.791492,36.870827],[-108.791495,36.870737],[-108.790934,36.870727],[-108.790932,36.870817],[-108.791492,36.870827]]]},"properties":{"src":"fm"}},{"type":"Feature","geometry":{"type":"Polygon","coordinates":[[[-108.789036,36.870421],[-108.789039,36.870331],[-108.788927,36.870329],[-108.788924,36.870419],[-108.789036,36.870421]]]},"properties":{"src":"fm"}},{"type":"Feature","geometry":{"type":"Polygon","coordinates":[[[-108.788812,36.870417],[-108.788817,36.870237],[-108.788369,36.870228],[-108.788364,36.870409],[-108.788812,36.870417]]]},"properties":{"src":"fm"}},{"type":"Feature","geometry":{"type":"Polygon","coordinates":[[[-108.791722,36.870651],[-108.791758,36.86939],[-108.78817,36.869324],[-108.78815,36.870044],[-108.788374,36.870048],[-108.788379,36.869868],[-108.789276,36.869885],[-108.789271,36.870065],[-108.789719,36.870073],[-108.789706,36.870524],[-108.789594,36.870522],[-108.789592,36.870612],[-108.791722,36.870651]],[[-108.790048,36.87035],[-108.789936,36.870348],[-108.789938,36.870258],[-108.79005,36.87026],[-108.790048,36.87035]],[[-108.789944,36.870078],[-108.789719,36.870073],[-108.789725,36.869893],[-108.789949,36.869897],[-108.789944,36.870078]]]},"properties":{"src":"fm"}},{"type":"Feature","geometry":{"type":"Polygon","coordinates":[[[-108.78826,36.874012],[-108.788265,36.873832],[-108.788041,36.873827],[-108.788035,36.874008],[-108.78826,36.874012]]]},"properties":{"src":"fm"}},{"type":"Feature","geometry":{"type":"Polygon","coordinates":[[[-108.788718,36.87366],[-108.788721,36.87357],[-108.788497,36.873566],[-108.788494,36.873656],[-108.788718,36.87366]]]},"properties":{"src":"fm"}},{"type":"Feature","geometry":{"type":"Polygon","coordinates":[[[-108.791592,36.875155],[-108.791665,36.872633],[-108.791441,36.872629],[-108.791435,36.872809],[-108.791211,36.872805],[-108.791216,36.872625],[-108.790992,36.872621],[-108.790997,36.87244],[-108.790773,36.872436],[-108.790778,36.872256],[-108.79033,36.872248],[-108.790325,36.872428],[-108.7901,36.872424],[-108.790105,36.872244],[-108.788087,36.872206],[-108.788056,36.873287],[-108.78828,36.873291],[-108.788278,36.873381],[-108.788166,36.873379],[-108.78816,36.873559],[-108.788048,36.873557],[-108.788046,36.873647],[-108.78827,36.873651],[-108.788275,36.873471],[-108.788948,36.873484],[-108.788943,36.873664],[-108.789055,36.873666],[-108.789052,36.873756],[-108.78894,36.873754],[-108.788938,36.873844],[-108.789386,36.873852],[-108.789381,36.874033],[-108.789605,36.874037],[-108.789602,36.874127],[-108.789715,36.874129],[-108.789712,36.874219],[-108.790048,36.874225],[-108.790038,36.874586],[-108.789814,36.874581],[-108.789819,36.874401],[-108.789595,36.874397],[-108.7896,36.874217],[-108.789151,36.874209],[-108.789149,36.874299],[-108.789373,36.874303],[-108.78937,36.874393],[-108.789146,36.874389],[-108.789141,36.874569],[-108.788693,36.874561],[-108.788703,36.8742],[-108.788479,36.874196],[-108.788463,36.874737],[-108.788687,36.874741],[-108.788677,36.875101],[-108.791592,36.875155]],[[-108.788726,36.87339],[-108.788502,36.873385],[-108.788505,36.873295],[-108.788729,36.8733],[-108.788726,36.87339]],[[-108.789292,36.87322],[-108.78918,36.873218],[-108.789183,36.873128],[-108.789295,36.87313],[-108.789292,36.87322]]]},"properties":{"src":"fm"}},{"type":"Feature","geometry":{"type":"Polygon","coordinates":[[[-108.791441,36.872629],[-108.791446,36.872449],[-108.79167,36.872453],[-108.791675,36.872273],[-108.791227,36.872264],[-108.791216,36.872625],[-108.791441,36.872629]]]},"properties":{"src":"fm"}},{"type":"Feature","geometry":{"type":"Polygon","coordinates":[[[-108.789287,36.877275],[-108.789293,36.877095],[-108.789068,36.877091],[-108.789063,36.877271],[-108.789287,36.877275]]]},"properties":{"src":"fm"}},{"type":"Feature","geometry":{"type":"Polygon","coordinates":[[[-108.789741,36.877104],[-108.789751,36.876743],[-108.789527,36.876739],[-108.789522,36.876919],[-108.789298,36.876915],[-108.789293,36.877095],[-108.789741,36.877104]]]},"properties":{"src":"fm"}},{"type":"Feature","geometry":{"type":"Polygon","coordinates":[[[-108.791509,36.878038],[-108.791592,36.875155],[-108.788901,36.875105],[-108.788891,36.875466],[-108.788667,36.875461],[-108.788656,36.875822],[-108.788432,36.875818],[-108.788421,36.876178],[-108.788309,36.876176],[-108.788307,36.876266],[-108.788195,36.876264],[-108.788192,36.876354],[-108.787968,36.87635],[-108.787952,36.87689],[-108.788176,36.876894],[-108.788182,36.876714],[-108.788406,36.876718],[-108.788414,36.876448],[-108.788526,36.87645],[-108.788523,36.87654],[-108.788635,36.876542],[-108.788648,36.876092],[-108.788873,36.876096],[-108.788886,36.875646],[-108.78911,36.87565],[-108.789105,36.87583],[-108.789329,36.875834],[-108.789318,36.876195],[-108.789543,36.876199],[-108.789538,36.876379],[-108.789762,36.876383],[-108.789751,36.876743],[-108.789976,36.876748],[-108.789965,36.877108],[-108.79019,36.877112],[-108.790179,36.877472],[-108.789955,36.877468],[-108.78995,36.877648],[-108.789725,36.877644],[-108.78972,36.877824],[-108.789496,36.87782],[-108.789491,36.878],[-108.791509,36.878038]]]},"properties":{"src":"fm"}},{"type":"Feature","geometry":{"type":"Polygon","coordinates":[[[-108.789199,36.880338],[-108.789204,36.880158],[-108.788644,36.880148],[-108.788641,36.880238],[-108.788529,36.880236],[-108.788526,36.880326],[-108.789199,36.880338]]]},"properties":{"src":"fm"}},{"type":"Feature","geometry":{"type":"Polygon","coordinates":[[[-108.789428,36.880162],[-108.789434,36.879982],[-108.789209,36.879978],[-108.789204,36.880158],[-108.789428,36.880162]]]},"properties":{"src":"fm"}},{"type":"Feature","geometry":{"type":"Polygon","coordinates":[[[-108.791238,36.879655],[-108.791248,36.879295],[-108.790576,36.879282],[-108.790571,36.879462],[-108.790795,36.879467],[-108.790797,36.879377],[-108.79091,36.879379],[-108.790907,36.879469],[-108.791019,36.879471],[-108.791014,36.879651],[-108.791238,36.879655]]]},"properties":{"src":"fm"}},{"type":"Feature","geometry":{"type":"Polygon","coordinates":[[[-108.789887,36.87981],[-108.789893,36.87963],[-108.790117,36.879634],[-108.790127,36.879274],[-108.790015,36.879272],[-108.79001,36.879452],[-108.789673,36.879446],[-108.789663,36.879806],[-108.789887,36.87981]]]},"properties":{"src":"fm"}},{"type":"Feature","geometry":{"type":"Polygon","coordinates":[[[-108.791473,36.879299],[-108.791478,36.879119],[-108.791254,36.879115],[-108.791248,36.879295],[-108.791473,36.879299]]]},"properties":{"src":"fm"}},{"type":"Feature","geometry":{"type":"Polygon","coordinates":[[[-108.789022,36.878713],[-108.789027,36.878532],[-108.788578,36.878524],[-108.788573,36.878704],[-108.789022,36.878713]]]},"properties":{"src":"fm"}},{"type":"Feature","geometry":{"type":"Polygon","coordinates":[[[-108.789251,36.878537],[-108.789256,36.878356],[-108.789032,36.878352],[-108.789027,36.878532],[-108.789251,36.878537]]]},"properties":{"src":"fm"}},{"type":"Feature","geometry":{"type":"Polygon","coordinates":[[[-108.790576,36.879282],[-108.790581,36.879102],[-108.790805,36.879106],[-108.79081,36.878926],[-108.791259,36.878934],[-108.791264,36.878754],[-108.791488,36.878758],[-108.791509,36.878038],[-108.789491,36.878],[-108.78948,36.878361],[-108.789929,36.878369],[-108.789919,36.878729],[-108.790367,36.878738],[-108.790351,36.879278],[-108.790576,36.879282]],[[-108.790698,36.878924],[-108.790586,36.878922],[-108.790591,36.878742],[-108.790367,36.878738],[-108.790372,36.878557],[-108.790596,36.878562],[-108.790602,36.878381],[-108.790826,36.878386],[-108.790813,36.878836],[-108.790701,36.878834],[-108.790698,36.878924]]]},"properties":{"src":"fm"}},{"type":"Feature","geometry":{"type":"Polygon","coordinates":[[[-108.785198,36.8635],[-108.785203,36.86332],[-108.784755,36.863311],[-108.784749,36.863492],[-108.785198,36.8635]]]},"properties":{"src":"fm"}},{"type":"Feature","geometry":{"type":"Polygon","coordinates":[[[-108.788172,36.861482],[-108.78818,36.861212],[-108.788404,36.861216],[-108.788409,36.861036],[-108.788185,36.861032],[-108.788196,36.860672],[-108.787523,36.860659],[-108.787518,36.860839],[-108.787406,36.860837],[-108.787401,36.861017],[-108.787513,36.86102],[-108.787507,36.8612],[-108.78762,36.861202],[-108.787617,36.861292],[-108.787729,36.861294],[-108.787732,36.861204],[-108.787956,36.861208],[-108.787951,36.861388],[-108.788063,36.86139],[-108.78806,36.86148],[-108.788172,36.861482]]]},"properties":{"src":"fm"}},{"type":"Feature","geometry":{"type":"Polygon","coordinates":[[[-108.788415,36.860856],[-108.78842,36.860676],[-108.788308,36.860674],[-108.788303,36.860854],[-108.788415,36.860856]]]},"properties":{"src":"fm"}},{"type":"Feature","geometry":{"type":"Polygon","coordinates":[[[-108.788337,36.863558],[-108.788378,36.862117],[-108.788154,36.862113],[-108.788164,36.861753],[-108.78794,36.861749],[-108.787951,36.861388],[-108.787278,36.861376],[-108.787288,36.861015],[-108.787064,36.861011],[-108.787062,36.861101],[-108.787174,36.861103],[-108.787171,36.861193],[-108.786835,36.861187],[-108.786848,36.860737],[-108.78696,36.860739],[-108.786957,36.860829],[-108.787069,36.860831],[-108.787075,36.860651],[-108.785281,36.860617],[-108.785271,36.860978],[-108.785046,36.860974],[-108.785057,36.860613],[-108.784833,36.860609],[-108.784812,36.86133],[-108.785036,36.861334],[-108.785031,36.861514],[-108.784807,36.86151],[-108.784786,36.862231],[-108.785234,36.862239],[-108.785229,36.862419],[-108.785005,36.862415],[-108.785,36.862595],[-108.785448,36.862603],[-108.785453,36.862423],[-108.785677,36.862427],[-108.785672,36.862608],[-108.785896,36.862612],[-108.785881,36.863152],[-108.786105,36.863156],[-108.7861,36.863337],[-108.785876,36.863332],[-108.78587,36.863513],[-108.788337,36.863558]],[[-108.788149,36.862293],[-108.787925,36.862289],[-108.78793,36.862109],[-108.788154,36.862113],[-108.788149,36.862293]],[[-108.785683,36.862247],[-108.785458,36.862243],[-108.785464,36.862063],[-108.785688,36.862067],[-108.785683,36.862247]],[[-108.78659,36.861904],[-108.786366,36.861899],[-108.786376,36.861539],[-108.786488,36.861541],[-108.786483,36.861721],[-108.786595,36.861723],[-108.78659,36.861904]],[[-108.786376,36.861539],[-108.786152,36.861535],[-108.786157,36.861355],[-108.786381,36.861359],[-108.786376,36.861539]],[[-108.786493,36.861361],[-108.786381,36.861359],[-108.786386,36.861179],[-108.786499,36.861181],[-108.786493,36.861361]],[[-108.785831,36.860988],[-108.785495,36.860982],[-108.785503,36.860712],[-108.785615,36.860714],[-108.785612,36.860804],[-108.785724,36.860806],[-108.785722,36.860896],[-108.785834,36.860898],[-108.785831,36.860988]]]},"properties":{"src":"fm"}},{"type":"Feature","geometry":{"type":"Polygon","coordinates":[[[-108.787296,36.860745],[-108.787299,36.860655],[-108.787187,36.860653],[-108.787184,36.860743],[-108.787296,36.860745]]]},"properties":{"src":"fm"}},{"type":"Feature","geometry":{"type":"Polygon","coordinates":[[[-108.786684,36.866412],[-108.786689,36.866232],[-108.786465,36.866227],[-108.78646,36.866408],[-108.786684,36.866412]]]},"properties":{"src":"fm"}},{"type":"Feature","geometry":{"type":"Polygon","coordinates":[[[-108.786911,36.866326],[-108.786913,36.866236],[-108.786801,36.866234],[-108.786799,36.866324],[-108.786911,36.866326]]]},"properties":{"src":"fm"}},{"type":"Feature","geometry":{"type":"Polygon","coordinates":[[[-108.788259,36.866261],[-108.788264,36.866081],[-108.78804,36.866076],[-108.788045,36.865896],[-108.787821,36.865892],[-108.78781,36.866252],[-108.788259,36.866261]]]},"properties":{"src":"fm"}},{"type":"Feature","geometry":{"type":"Polygon","coordinates":[[[-108.787591,36.866068],[-108.787597,36.865888],[-108.787372,36.865884],[-108.78737,36.865974],[-108.787482,36.865976],[-108.787479,36.866066],[-108.787591,36.866068]]]},"properties":{"src":"fm"}},{"type":"Feature","geometry":{"type":"Polygon","coordinates":[[[-108.787372,36.865884],[-108.787378,36.865704],[-108.787153,36.865699],[-108.787151,36.86579],[-108.787263,36.865792],[-108.78726,36.865882],[-108.787372,36.865884]]]},"properties":{"src":"fm"}},{"type":"Feature","geometry":{"type":"Polygon","coordinates":[[[-108.785148,36.865211],[-108.785151,36.865121],[-108.785039,36.865119],[-108.785036,36.865209],[-108.785148,36.865211]]]},"properties":{"src":"fm"}},{"type":"Feature","geometry":{"type":"Polygon","coordinates":[[[-108.786236,36.866403],[-108.786246,36.866043],[-108.786694,36.866051],[-108.7867,36.865871],[-108.786475,36.865867],[-108.786483,36.865597],[-108.786595,36.865599],[-108.786593,36.865689],[-108.786929,36.865695],[-108.786934,36.865515],[-108.786486,36.865507],[-108.786491,36.865327],[-108.786939,36.865335],[-108.786945,36.865155],[-108.78672,36.865151],[-108.786726,36.86497],[-108.786277,36.864962],[-108.786272,36.865142],[-108.785824,36.865134],[-108.785818,36.865314],[-108.78537,36.865306],[-108.785375,36.865126],[-108.785263,36.865123],[-108.78526,36.865214],[-108.785148,36.865211],[-108.785146,36.865302],[-108.784922,36.865297],[-108.784911,36.865658],[-108.78536,36.865666],[-108.785354,36.865846],[-108.78513,36.865842],[-108.785125,36.866022],[-108.784677,36.866014],[-108.784666,36.866374],[-108.785115,36.866382],[-108.78512,36.866202],[-108.785344,36.866207],[-108.785339,36.866387],[-108.786236,36.866403]],[[-108.785905,36.866217],[-108.785792,36.866215],[-108.785795,36.866125],[-108.785907,36.866127],[-108.785905,36.866217]],[[-108.786251,36.865863],[-108.785579,36.86585],[-108.785584,36.86567],[-108.785808,36.865674],[-108.785813,36.865494],[-108.786037,36.865498],[-108.78604,36.865408],[-108.786152,36.86541],[-108.78615,36.865501],[-108.786262,36.865503],[-108.786251,36.865863]]]},"properties":{"src":"fm"}},{"type":"Feature","geometry":{"type":"Polygon","coordinates":[[[-108.784937,36.864757],[-108.784948,36.864397],[-108.784723,36.864392],[-108.784713,36.864753],[-108.784937,36.864757]]]},"properties":{"src":"fm"}},{"type":"Feature","geometry":{"type":"Polygon","coordinates":[[[-108.784953,36.864216],[-108.784958,36.864036],[-108.784734,36.864032],[-108.784729,36.864212],[-108.784953,36.864216]]]},"properties":{"src":"fm"}},{"type":"Feature","geometry":{"type":"Polygon","coordinates":[[[-108.788285,36.86536],[-108.788306,36.864639],[-108.788081,36.864635],[-108.788087,36.864455],[-108.788311,36.864459],[-108.788337,36.863558],[-108.78587,36.863513],[-108.785865,36.863693],[-108.785641,36.863688],[-108.785636,36.863869],[-108.785412,36.863864],[-108.785406,36.864045],[-108.785182,36.86404],[-108.785177,36.864221],[-108.784953,36.864216],[-108.784948,36.864397],[-108.785172,36.864401],[-108.785161,36.864761],[-108.785834,36.864774],[-108.785829,36.864954],[-108.786277,36.864962],[-108.786288,36.864602],[-108.786512,36.864606],[-108.786507,36.864786],[-108.786619,36.864788],[-108.786616,36.864878],[-108.786728,36.86488],[-108.786726,36.86497],[-108.787174,36.864979],[-108.787169,36.865159],[-108.787393,36.865163],[-108.787398,36.864983],[-108.787623,36.864987],[-108.787617,36.865167],[-108.788066,36.865176],[-108.788061,36.865356],[-108.788285,36.86536]],[[-108.788071,36.864996],[-108.787847,36.864991],[-108.787852,36.864811],[-108.788076,36.864815],[-108.788071,36.864996]],[[-108.787852,36.864811],[-108.787404,36.864803],[-108.787409,36.864623],[-108.787969,36.864633],[-108.787967,36.864723],[-108.787855,36.864721],[-108.787852,36.864811]],[[-108.787294,36.864711],[-108.787182,36.864709],[-108.7872,36.864078],[-108.787312,36.86408],[-108.78731,36.86417],[-108.787422,36.864172],[-108.787424,36.864082],[-108.787649,36.864086],[-108.787643,36.864267],[-108.787419,36.864262],[-108.787409,36.864623],[-108.787297,36.864621],[-108.787294,36.864711]],[[-108.785615,36.864589],[-108.785391,36.864585],[-108.785396,36.864405],[-108.78562,36.864409],[-108.785615,36.864589]],[[-108.785625,36.864229],[-108.785401,36.864225],[-108.785404,36.864135],[-108.785628,36.864139],[-108.785625,36.864229]]]},"properties":{"src":"fm"}},{"type":"Feature","geometry":{"type":"Polygon","coordinates":[[[-108.785928,36.869282],[-108.785939,36.868921],[-108.785826,36.868919],[-108.785824,36.869009],[-108.785712,36.869007],[-108.785709,36.869097],[-108.785821,36.869099],[-108.785819,36.86919],[-108.785707,36.869187],[-108.785704,36.869278],[-108.785928,36.869282]]]},"properties":{"src":"fm"}},{"type":"Feature","geometry":{"type":"Polygon","coordinates":[[[-108.784817,36.868901],[-108.784823,36.86872],[-108.784598,36.868716],[-108.784593,36.868896],[-108.784817,36.868901]]]},"properties":{"src":"fm"}},{"type":"Feature","geometry":{"type":"Polygon","coordinates":[[[-108.785495,36.868733],[-108.785501,36.868553],[-108.785164,36.868546],[-108.785162,36.868637],[-108.785274,36.868639],[-108.785271,36.868729],[-108.785495,36.868733]]]},"properties":{"src":"fm"}},{"type":"Feature","geometry":{"type":"Polygon","coordinates":[[[-108.784833,36.86836],[-108.784843,36.868],[-108.785068,36.868004],[-108.785073,36.867824],[-108.784624,36.867815],[-108.784609,36.868356],[-108.784833,36.86836]]]},"properties":{"src":"fm"}},{"type":"Feature","geometry":{"type":"Polygon","coordinates":[[[-108.787946,36.869319],[-108.787957,36.868959],[-108.788181,36.868963],[-108.788248,36.866621],[-108.788024,36.866617],[-108.788019,36.866797],[-108.787907,36.866795],[-108.787904,36.866885],[-108.787792,36.866883],[-108.787795,36.866793],[-108.787571,36.866789],[-108.787573,36.866699],[-108.787797,36.866703],[-108.7878,36.866613],[-108.787127,36.8666],[-108.787133,36.86642],[-108.786908,36.866416],[-108.786893,36.866956],[-108.786668,36.866952],[-108.786684,36.866412],[-108.785787,36.866395],[-108.785777,36.866755],[-108.785665,36.866753],[-108.785662,36.866843],[-108.78555,36.866841],[-108.785558,36.866571],[-108.785334,36.866567],[-108.785339,36.866387],[-108.784666,36.866374],[-108.78463,36.867635],[-108.785078,36.867644],[-108.785073,36.867824],[-108.785297,36.867828],[-108.785292,36.868008],[-108.785068,36.868004],[-108.785065,36.868094],[-108.785289,36.868098],[-108.785287,36.868188],[-108.785063,36.868184],[-108.785057,36.868364],[-108.785954,36.868381],[-108.785949,36.868561],[-108.786061,36.868563],[-108.786059,36.868653],[-108.785946,36.868651],[-108.785939,36.868921],[-108.786387,36.86893],[-108.786382,36.86911],[-108.78683,36.869118],[-108.786825,36.869298],[-108.787946,36.869319]],[[-108.787842,36.869047],[-108.78773,36.869045],[-108.787738,36.868775],[-108.787962,36.868779],[-108.787957,36.868959],[-108.787845,36.868957],[-108.787842,36.869047]],[[-108.787399,36.868858],[-108.787287,36.868856],[-108.787289,36.868766],[-108.787401,36.868768],[-108.787399,36.868858]],[[-108.787404,36.868678],[-108.787292,36.868676],[-108.787294,36.868586],[-108.787406,36.868588],[-108.787404,36.868678]],[[-108.78718,36.868674],[-108.787068,36.868672],[-108.787081,36.868222],[-108.787305,36.868226],[-108.787294,36.868586],[-108.787182,36.868584],[-108.78718,36.868674]],[[-108.787081,36.868222],[-108.786856,36.868218],[-108.786862,36.868037],[-108.787086,36.868042],[-108.787081,36.868222]]]},"properties":{"src":"fm"}},{"type":"Feature","geometry":{"type":"Polygon","coordinates":[[[-108.785172,36.872152],[-108.785177,36.871972],[-108.784953,36.871967],[-108.784951,36.872057],[-108.785063,36.87206],[-108.78506,36.87215],[-108.785172,36.872152]]]},"properties":{"src":"fm"}},{"type":"Feature","geometry":{"type":"Polygon","coordinates":[[[-108.785623,36.87207],[-108.785626,36.87198],[-108.785514,36.871978],[-108.785511,36.872068],[-108.785623,36.87207]]]},"properties":{"src":"fm"}},{"type":"Feature","geometry":{"type":"Polygon","coordinates":[[[-108.784745,36.871423],[-108.78475,36.871243],[-108.784526,36.871238],[-108.78452,36.871419],[-108.784745,36.871423]]]},"properties":{"src":"fm"}},{"type":"Feature","geometry":{"type":"Polygon","coordinates":[[[-108.788145,36.870224],[-108.788147,36.870134],[-108.787811,36.870128],[-108.787808,36.870218],[-108.788145,36.870224]]]},"properties":{"src":"fm"}},{"type":"Feature","geometry":{"type":"Polygon","coordinates":[[[-108.787477,36.870032],[-108.78748,36.869942],[-108.787255,36.869937],[-108.787253,36.870027],[-108.787477,36.870032]]]},"properties":{"src":"fm"}},{"type":"Feature","geometry":{"type":"Polygon","coordinates":[[[-108.787701,36.870036],[-108.787706,36.869856],[-108.787594,36.869854],[-108.787589,36.870034],[-108.787701,36.870036]]]},"properties":{"src":"fm"}},{"type":"Feature","geometry":{"type":"Polygon","coordinates":[[[-108.787034,36.869843],[-108.787036,36.869753],[-108.786812,36.869749],[-108.78681,36.869839],[-108.787034,36.869843]]]},"properties":{"src":"fm"}},{"type":"Feature","geometry":{"type":"Polygon","coordinates":[[[-108.78659,36.869655],[-108.786593,36.869565],[-108.786481,36.869562],[-108.786484,36.869472],[-108.786371,36.86947],[-108.786366,36.86965],[-108.78659,36.869655]]]},"properties":{"src":"fm"}},{"type":"Feature","geometry":{"type":"Polygon","coordinates":[[[-108.786147,36.869466],[-108.78615,36.869376],[-108.786038,36.869374],[-108.786035,36.869464],[-108.786147,36.869466]]]},"properties":{"src":"fm"}},{"type":"Feature","geometry":{"type":"Polygon","coordinates":[[[-108.788087,36.872206],[-108.788134,36.870585],[-108.787461,36.870572],[-108.787467,36.870392],[-108.787018,36.870384],[-108.787021,36.870293],[-108.786797,36.870289],[-108.786799,36.870199],[-108.786575,36.870195],[-108.786577,36.870105],[-108.786465,36.870103],[-108.786463,36.870193],[-108.786351,36.870191],[-108.786356,36.870011],[-108.786132,36.870007],[-108.786137,36.869826],[-108.785688,36.869818],[-108.785694,36.869638],[-108.785245,36.86963],[-108.78525,36.869449],[-108.784802,36.869441],[-108.784807,36.869261],[-108.784583,36.869257],[-108.784562,36.869977],[-108.78501,36.869986],[-108.785005,36.870166],[-108.78523,36.87017],[-108.785224,36.87035],[-108.785449,36.870354],[-108.785438,36.870715],[-108.785662,36.870719],[-108.785657,36.870899],[-108.785881,36.870903],[-108.785876,36.871083],[-108.7861,36.871087],[-108.786095,36.871268],[-108.786544,36.871276],[-108.786538,36.871456],[-108.786763,36.87146],[-108.786752,36.871821],[-108.786977,36.871825],[-108.786971,36.872005],[-108.787196,36.872009],[-108.78719,36.872189],[-108.788087,36.872206]]]},"properties":{"src":"fm"}},{"type":"Feature","geometry":{"type":"Polygon","coordinates":[[[-108.788155,36.869864],[-108.78817,36.869324],[-108.787274,36.869307],[-108.787268,36.869487],[-108.787493,36.869491],[-108.787487,36.869671],[-108.787936,36.86968],[-108.787931,36.86986],[-108.788155,36.869864]]]},"properties":{"src":"fm"}},{"type":"Feature","geometry":{"type":"Polygon","coordinates":[[[-108.785777,36.874506],[-108.78578,36.874416],[-108.786004,36.87442],[-108.786007,36.87433],[-108.785558,36.874322],[-108.785553,36.874502],[-108.785777,36.874506]]]},"properties":{"src":"fm"}},{"type":"Feature","geometry":{"type":"Polygon","coordinates":[[[-108.786468,36.873888],[-108.786471,36.873798],[-108.786247,36.873794],[-108.786244,36.873884],[-108.786468,36.873888]]]},"properties":{"src":"fm"}},{"type":"Feature","geometry":{"type":"Polygon","coordinates":[[[-108.786025,36.8737],[-108.786028,36.87361],[-108.785803,36.873606],[-108.785801,36.873696],[-108.786025,36.8737]]]},"properties":{"src":"fm"}},{"type":"Feature","geometry":{"type":"Polygon","coordinates":[[[-108.784687,36.873404],[-108.784693,36.873224],[-108.784468,36.87322],[-108.784463,36.8734],[-108.784687,36.873404]]]},"properties":{"src":"fm"}},{"type":"Feature","geometry":{"type":"Polygon","coordinates":[[[-108.785803,36.873606],[-108.785809,36.873425],[-108.786257,36.873434],[-108.786262,36.873254],[-108.786486,36.873258],[-108.786481,36.873438],[-108.786706,36.873442],[-108.786711,36.873262],[-108.786935,36.873266],[-108.78694,36.873086],[-108.787613,36.873098],[-108.787605,36.873369],[-108.787717,36.873371],[-108.787715,36.873461],[-108.787827,36.873463],[-108.787824,36.873553],[-108.788048,36.873557],[-108.788087,36.872206],[-108.787303,36.872191],[-108.7873,36.872281],[-108.787188,36.872279],[-108.787185,36.872369],[-108.787409,36.872374],[-108.787399,36.872734],[-108.787175,36.87273],[-108.78717,36.87291],[-108.786609,36.8729],[-108.786604,36.87308],[-108.786492,36.873078],[-108.786497,36.872897],[-108.786385,36.872895],[-108.786382,36.872985],[-108.78627,36.872983],[-108.786267,36.873073],[-108.786043,36.873069],[-108.786048,36.872889],[-108.785936,36.872887],[-108.785934,36.872977],[-108.785822,36.872975],[-108.785829,36.872705],[-108.786054,36.872709],[-108.786059,36.872529],[-108.785947,36.872527],[-108.785944,36.872617],[-108.785832,36.872615],[-108.78584,36.872344],[-108.785616,36.87234],[-108.785605,36.872701],[-108.785381,36.872696],[-108.785386,36.872516],[-108.784489,36.872499],[-108.784474,36.87304],[-108.784698,36.873044],[-108.784693,36.873224],[-108.784917,36.873228],[-108.784906,36.873589],[-108.785803,36.873606]],[[-108.785475,36.873329],[-108.785363,36.873327],[-108.785365,36.873237],[-108.785477,36.873239],[-108.785475,36.873329]]]},"properties":{"src":"fm"}},{"type":"Feature","geometry":{"type":"Polygon","coordinates":[[[-108.785616,36.87234],[-108.785621,36.87216],[-108.785172,36.872152],[-108.785167,36.872332],[-108.785616,36.87234]]]},"properties":{"src":"fm"}},{"type":"Feature","geometry":{"type":"Polygon","coordinates":[[[-108.7868,36.87795],[-108.786802,36.87786],[-108.787027,36.877864],[-108.787034,36.877594],[-108.78681,36.87759],[-108.786805,36.87777],[-108.786581,36.877766],[-108.786575,36.877946],[-108.7868,36.87795]]]},"properties":{"src":"fm"}},{"type":"Feature","geometry":{"type":"Polygon","coordinates":[[[-108.787259,36.877598],[-108.787264,36.877418],[-108.78704,36.877414],[-108.787034,36.877594],[-108.787259,36.877598]]]},"properties":{"src":"fm"}},{"type":"Feature","geometry":{"type":"Polygon","coordinates":[[[-108.787488,36.877422],[-108.787499,36.877062],[-108.787274,36.877058],[-108.787264,36.877418],[-108.787488,36.877422]]]},"properties":{"src":"fm"}},{"type":"Feature","geometry":{"type":"Polygon","coordinates":[[[-108.787952,36.87689],[-108.787963,36.87653],[-108.787514,36.876521],[-108.787504,36.876882],[-108.787952,36.87689]]]},"properties":{"src":"fm"}},{"type":"Feature","geometry":{"type":"Polygon","coordinates":[[[-108.787527,36.876071],[-108.78753,36.875981],[-108.787418,36.875979],[-108.787415,36.876069],[-108.787527,36.876071]]]},"properties":{"src":"fm"}},{"type":"Feature","geometry":{"type":"Polygon","coordinates":[[[-108.786195,36.875596],[-108.786197,36.875506],[-108.786309,36.875508],[-108.786312,36.875418],[-108.785976,36.875411],[-108.78597,36.875591],[-108.786195,36.875596]]]},"properties":{"src":"fm"}},{"type":"Feature","geometry":{"type":"Polygon","coordinates":[[[-108.785754,36.875317],[-108.785757,36.875227],[-108.785644,36.875225],[-108.785642,36.875315],[-108.785754,36.875317]]]},"properties":{"src":"fm"}},{"type":"Feature","geometry":{"type":"Polygon","coordinates":[[[-108.786719,36.880743],[-108.786722,36.880653],[-108.78661,36.88065],[-108.786607,36.880741],[-108.786719,36.880743]]]},"properties":{"src":"fm"}},{"type":"Feature","geometry":{"type":"Polygon","coordinates":[[[-108.786724,36.880562],[-108.786727,36.880472],[-108.786615,36.88047],[-108.786612,36.88056],[-108.786724,36.880562]]]},"properties":{"src":"fm"}},{"type":"Feature","geometry":{"type":"Polygon","coordinates":[[[-108.785851,36.879735],[-108.785856,36.879555],[-108.785071,36.87954],[-108.785068,36.87963],[-108.784956,36.879628],[-108.784954,36.879718],[-108.785851,36.879735]]]},"properties":{"src":"fm"}},{"type":"Feature","geometry":{"type":"Polygon","coordinates":[[[-108.786091,36.879199],[-108.786096,36.879019],[-108.785984,36.879017],[-108.785981,36.879107],[-108.785869,36.879104],[-108.785866,36.879195],[-108.786091,36.879199]]]},"properties":{"src":"fm"}},{"type":"Feature","geometry":{"type":"Polygon","coordinates":[[[-108.78632,36.879023],[-108.786325,36.878843],[-108.786101,36.878838],[-108.786096,36.879019],[-108.78632,36.879023]]]},"properties":{"src":"fm"}},{"type":"Feature","geometry":{"type":"Polygon","coordinates":[[[-108.786549,36.878847],[-108.786555,36.878667],[-108.78633,36.878662],[-108.786325,36.878843],[-108.786549,36.878847]]]},"properties":{"src":"fm"}},{"type":"Feature","geometry":{"type":"Polygon","coordinates":[[[-108.786779,36.878671],[-108.786784,36.878491],[-108.78656,36.878486],[-108.786555,36.878667],[-108.786779,36.878671]]]},"properties":{"src":"fm"}},{"type":"Feature","geometry":{"type":"Polygon","coordinates":[[[-108.787008,36.878495],[-108.787014,36.878315],[-108.786789,36.878311],[-108.786784,36.878491],[-108.787008,36.878495]]]},"properties":{"src":"fm"}},{"type":"Feature","geometry":{"type":"Polygon","coordinates":[[[-108.787019,36.878135],[-108.787024,36.877954],[-108.786351,36.877942],[-108.786349,36.878032],[-108.786573,36.878036],[-108.78657,36.878126],[-108.787019,36.878135]]]},"properties":{"src":"fm"}},{"type":"Feature","geometry":{"type":"Polygon","coordinates":[[[-108.784301,36.863483],[-108.784306,36.863303],[-108.784082,36.863299],[-108.784077,36.863479],[-108.784301,36.863483]]]},"properties":{"src":"fm"}},{"type":"Feature","geometry":{"type":"Polygon","coordinates":[[[-108.783628,36.863471],[-108.783634,36.863291],[-108.783409,36.863286],[-108.783407,36.863376],[-108.783519,36.863379],[-108.783516,36.863469],[-108.783628,36.863471]]]},"properties":{"src":"fm"}},{"type":"Feature","geometry":{"type":"Polygon","coordinates":[[[-108.78161,36.863433],[-108.781616,36.863253],[-108.781504,36.863251],[-108.781498,36.863431],[-108.78161,36.863433]]]},"properties":{"src":"fm"}},{"type":"Feature","geometry":{"type":"Polygon","coordinates":[[[-108.783415,36.863106],[-108.78342,36.862926],[-108.783196,36.862922],[-108.78319,36.863102],[-108.783415,36.863106]]]},"properties":{"src":"fm"}},{"type":"Feature","geometry":{"type":"Polygon","coordinates":[[[-108.783209,36.862471],[-108.783211,36.862381],[-108.783099,36.862379],[-108.783096,36.862469],[-108.783209,36.862471]]]},"properties":{"src":"fm"}},{"type":"Feature","geometry":{"type":"Polygon","coordinates":[[[-108.783879,36.862574],[-108.783894,36.862034],[-108.78367,36.862029],[-108.783675,36.861849],[-108.783451,36.861845],[-108.783435,36.862386],[-108.78366,36.86239],[-108.783654,36.86257],[-108.783879,36.862574]]]},"properties":{"src":"fm"}},{"type":"Feature","geometry":{"type":"Polygon","coordinates":[[[-108.782773,36.862013],[-108.782778,36.861833],[-108.782554,36.861828],[-108.782552,36.861918],[-108.782664,36.861921],[-108.782661,36.862011],[-108.782773,36.862013]]]},"properties":{"src":"fm"}},{"type":"Feature","geometry":{"type":"Polygon","coordinates":[[[-108.783242,36.8613],[-108.783253,36.86094],[-108.782804,36.860932],[-108.782794,36.861292],[-108.783242,36.8613]]]},"properties":{"src":"fm"}},{"type":"Feature","geometry":{"type":"Polygon","coordinates":[[[-108.784786,36.862231],[-108.784827,36.860789],[-108.784603,36.860785],[-108.784598,36.860965],[-108.784374,36.860961],[-108.784363,36.861321],[-108.784588,36.861326],[-108.784572,36.861866],[-108.784348,36.861862],[-108.784343,36.862042],[-108.784567,36.862046],[-108.784564,36.862136],[-108.784676,36.862138],[-108.784674,36.862228],[-108.784786,36.862231]]]},"properties":{"src":"fm"}},{"type":"Feature","geometry":{"type":"Polygon","coordinates":[[[-108.782132,36.860919],[-108.782137,36.860739],[-108.781913,36.860735],[-108.78191,36.860825],[-108.782022,36.860827],[-108.78202,36.860917],[-108.782132,36.860919]]]},"properties":{"src":"fm"}},{"type":"Feature","geometry":{"type":"Polygon","coordinates":[[[-108.78318,36.863462],[-108.78319,36.863102],[-108.782966,36.863098],[-108.782971,36.862918],[-108.783196,36.862922],[-108.783198,36.862832],[-108.783422,36.862836],[-108.783425,36.862746],[-108.783201,36.862742],[-108.783206,36.862562],[-108.782758,36.862553],[-108.782768,36.862193],[-108.78232,36.862184],[-108.78233,36.861824],[-108.782106,36.86182],[-108.782111,36.86164],[-108.781438,36.861627],[-108.78147,36.860546],[-108.781245,36.860542],[-108.781188,36.862524],[-108.7813,36.862526],[-108.781298,36.862616],[-108.78141,36.862618],[-108.781417,36.862348],[-108.781866,36.862356],[-108.78184,36.863257],[-108.782176,36.863263],[-108.782174,36.863353],[-108.782286,36.863356],[-108.782283,36.863446],[-108.782507,36.86345],[-108.782512,36.86327],[-108.782961,36.863278],[-108.782956,36.863458],[-108.78318,36.863462]],[[-108.782752,36.862733],[-108.782528,36.862729],[-108.782533,36.862549],[-108.782758,36.862553],[-108.782752,36.862733]]]},"properties":{"src":"fm"}},{"type":"Feature","geometry":{"type":"Polygon","coordinates":[[[-108.78415,36.860957],[-108.784155,36.860777],[-108.784603,36.860785],[-108.784608,36.860605],[-108.783263,36.86058],[-108.783255,36.86085],[-108.78348,36.860854],[-108.783477,36.860944],[-108.78415,36.860957]]]},"properties":{"src":"fm"}},{"type":"Feature","geometry":{"type":"Polygon","coordinates":[[[-108.783099,36.866255],[-108.783102,36.866165],[-108.78299,36.866163],[-108.782987,36.866253],[-108.783099,36.866255]]]},"properties":{"src":"fm"}},{"type":"Feature","geometry":{"type":"Polygon","coordinates":[[[-108.782878,36.866161],[-108.782883,36.86598],[-108.782659,36.865976],[-108.782656,36.866066],[-108.782768,36.866068],[-108.782765,36.866158],[-108.782878,36.866161]]]},"properties":{"src":"fm"}},{"type":"Feature","geometry":{"type":"Polygon","coordinates":[[[-108.784035,36.86492],[-108.78404,36.86474],[-108.783816,36.864736],[-108.783811,36.864916],[-108.784035,36.86492]]]},"properties":{"src":"fm"}},{"type":"Feature","geometry":{"type":"Polygon","coordinates":[[[-108.784713,36.864753],[-108.784718,36.864573],[-108.784494,36.864568],[-108.784489,36.864749],[-108.784713,36.864753]]]},"properties":{"src":"fm"}},{"type":"Feature","geometry":{"type":"Polygon","coordinates":[[[-108.784494,36.864568],[-108.784499,36.864388],[-108.784275,36.864384],[-108.78427,36.864564],[-108.784494,36.864568]]]},"properties":{"src":"fm"}},{"type":"Feature","geometry":{"type":"Polygon","coordinates":[[[-108.783151,36.864453],[-108.783154,36.864363],[-108.783042,36.864361],[-108.783039,36.864451],[-108.783151,36.864453]]]},"properties":{"src":"fm"}},{"type":"Feature","geometry":{"type":"Polygon","coordinates":[[[-108.783832,36.864196],[-108.783837,36.864015],[-108.783613,36.864011],[-108.783607,36.864191],[-108.783832,36.864196]]]},"properties":{"src":"fm"}},{"type":"Feature","geometry":{"type":"Polygon","coordinates":[[[-108.784729,36.864212],[-108.784739,36.863852],[-108.784515,36.863848],[-108.784504,36.864208],[-108.784729,36.864212]]]},"properties":{"src":"fm"}},{"type":"Feature","geometry":{"type":"Polygon","coordinates":[[[-108.784666,36.866374],[-108.784671,36.866194],[-108.784447,36.86619],[-108.784457,36.865829],[-108.784009,36.865821],[-108.784014,36.865641],[-108.78379,36.865637],[-108.783795,36.865457],[-108.783571,36.865452],[-108.783574,36.865362],[-108.783462,36.86536],[-108.783459,36.86545],[-108.783347,36.865448],[-108.783352,36.865268],[-108.783128,36.865264],[-108.783136,36.864994],[-108.783024,36.864992],[-108.783021,36.865082],[-108.782909,36.86508],[-108.782919,36.864719],[-108.782695,36.864715],[-108.7827,36.864535],[-108.782476,36.864531],[-108.782481,36.864351],[-108.782257,36.864346],[-108.782265,36.864076],[-108.782489,36.86408],[-108.782492,36.86399],[-108.781595,36.863974],[-108.7816,36.863793],[-108.781152,36.863785],[-108.781079,36.866307],[-108.7822,36.866328],[-108.782215,36.865788],[-108.781767,36.865779],[-108.781772,36.865599],[-108.781996,36.865603],[-108.781994,36.865693],[-108.782218,36.865698],[-108.782221,36.865607],[-108.782445,36.865612],[-108.78244,36.865792],[-108.782888,36.8658],[-108.782883,36.86598],[-108.783107,36.865985],[-108.783102,36.866165],[-108.783326,36.866169],[-108.783321,36.866349],[-108.784666,36.866374]],[[-108.781772,36.865599],[-108.781548,36.865595],[-108.781553,36.865415],[-108.781777,36.865419],[-108.781772,36.865599]]]},"properties":{"src":"fm"}},{"type":"Feature","geometry":{"type":"Polygon","coordinates":[[[-108.78384,36.863925],[-108.783842,36.863835],[-108.783618,36.863831],[-108.783615,36.863921],[-108.78384,36.863925]]]},"properties":{"src":"fm"}},{"type":"Feature","geometry":{"type":"Polygon","coordinates":[[[-108.78227,36.863896],[-108.782273,36.863806],[-108.782161,36.863804],[-108.782158,36.863894],[-108.78227,36.863896]]]},"properties":{"src":"fm"}},{"type":"Feature","geometry":{"type":"Polygon","coordinates":[[[-108.784285,36.864024],[-108.784291,36.863844],[-108.784515,36.863848],[-108.78452,36.863668],[-108.784296,36.863663],[-108.784301,36.863483],[-108.784077,36.863479],[-108.784061,36.86402],[-108.784285,36.864024]]]},"properties":{"src":"fm"}},{"type":"Feature","geometry":{"type":"Polygon","coordinates":[[[-108.782721,36.863814],[-108.782726,36.863634],[-108.783399,36.863647],[-108.783404,36.863467],[-108.781835,36.863437],[-108.781824,36.863798],[-108.782048,36.863802],[-108.782054,36.863622],[-108.782166,36.863624],[-108.782163,36.863714],[-108.782275,36.863716],[-108.782278,36.863626],[-108.782502,36.86363],[-108.782497,36.86381],[-108.782721,36.863814]]]},"properties":{"src":"fm"}},{"type":"Feature","geometry":{"type":"Polygon","coordinates":[[[-108.78385,36.863565],[-108.783853,36.863475],[-108.783628,36.863471],[-108.783626,36.863561],[-108.78385,36.863565]]]},"properties":{"src":"fm"}},{"type":"Feature","geometry":{"type":"Polygon","coordinates":[[[-108.781444,36.869198],[-108.781449,36.869018],[-108.781,36.86901],[-108.780995,36.86919],[-108.781444,36.869198]]]},"properties":{"src":"fm"}},{"type":"Feature","geometry":{"type":"Polygon","coordinates":[[[-108.78391,36.869244],[-108.783913,36.869154],[-108.783801,36.869152],[-108.783803,36.869062],[-108.783243,36.869051],[-108.783245,36.868961],[-108.783133,36.868959],[-108.783131,36.869049],[-108.783018,36.869047],[-108.783016,36.869137],[-108.783128,36.869139],[-108.783125,36.869229],[-108.78391,36.869244]]]},"properties":{"src":"fm"}},{"type":"Feature","geometry":{"type":"Polygon","coordinates":[[[-108.783018,36.869047],[-108.783024,36.868867],[-108.782799,36.868863],[-108.782794,36.869043],[-108.783018,36.869047]]]},"properties":{"src":"fm"}},{"type":"Feature","geometry":{"type":"Polygon","coordinates":[[[-108.78191,36.868576],[-108.781913,36.868486],[-108.781801,36.868484],[-108.781798,36.868574],[-108.78191,36.868576]]]},"properties":{"src":"fm"}},{"type":"Feature","geometry":{"type":"Polygon","coordinates":[[[-108.781678,36.868842],[-108.781689,36.868482],[-108.78124,36.868473],[-108.781245,36.868293],[-108.781021,36.868289],[-108.781011,36.868649],[-108.781459,36.868658],[-108.781454,36.868838],[-108.781678,36.868842]]]},"properties":{"src":"fm"}},{"type":"Feature","geometry":{"type":"Polygon","coordinates":[[[-108.784171,36.867987],[-108.784176,36.867807],[-108.783952,36.867803],[-108.783947,36.867983],[-108.784171,36.867987]]]},"properties":{"src":"fm"}},{"type":"Feature","geometry":{"type":"Polygon","coordinates":[[[-108.781292,36.866672],[-108.781298,36.866492],[-108.781073,36.866487],[-108.781068,36.866667],[-108.781292,36.866672]]]},"properties":{"src":"fm"}},{"type":"Feature","geometry":{"type":"Polygon","coordinates":[[[-108.784593,36.868896],[-108.784604,36.868536],[-108.784379,36.868532],[-108.78439,36.868172],[-108.783941,36.868163],[-108.783947,36.867983],[-108.783722,36.867979],[-108.783728,36.867799],[-108.783503,36.867794],[-108.783509,36.867614],[-108.783284,36.86761],[-108.783292,36.86734],[-108.783516,36.867344],[-108.783524,36.867074],[-108.783748,36.867078],[-108.783743,36.867258],[-108.783967,36.867262],[-108.783962,36.867443],[-108.783738,36.867438],[-108.783735,36.867528],[-108.78396,36.867533],[-108.783957,36.867623],[-108.784181,36.867627],[-108.784176,36.867807],[-108.7844,36.867811],[-108.784395,36.867991],[-108.784619,36.867996],[-108.784666,36.866374],[-108.783097,36.866345],[-108.783091,36.866525],[-108.783316,36.866529],[-108.783305,36.86689],[-108.783081,36.866885],[-108.783086,36.866705],[-108.782638,36.866697],[-108.782643,36.866517],[-108.782419,36.866512],[-108.782424,36.866332],[-108.781527,36.866316],[-108.781511,36.866856],[-108.781736,36.86686],[-108.78173,36.86704],[-108.781955,36.867045],[-108.781949,36.867225],[-108.781501,36.867216],[-108.781506,36.867036],[-108.781058,36.867028],[-108.781037,36.867748],[-108.781485,36.867757],[-108.781483,36.867847],[-108.781259,36.867843],[-108.781256,36.867933],[-108.781704,36.867941],[-108.781702,36.868031],[-108.78159,36.868029],[-108.781587,36.868119],[-108.782372,36.868134],[-108.782369,36.868224],[-108.782033,36.868218],[-108.78203,36.868308],[-108.783488,36.868335],[-108.783485,36.868425],[-108.783037,36.868417],[-108.783034,36.868507],[-108.783931,36.868523],[-108.783928,36.868614],[-108.783704,36.868609],[-108.783702,36.868699],[-108.784374,36.868712],[-108.784369,36.868892],[-108.784593,36.868896]],[[-108.783409,36.867162],[-108.783297,36.86716],[-108.7833,36.86707],[-108.783412,36.867072],[-108.783409,36.867162]],[[-108.783978,36.866902],[-108.783754,36.866898],[-108.783759,36.866718],[-108.783983,36.866722],[-108.783978,36.866902]]]},"properties":{"src":"fm"}},{"type":"Feature","geometry":{"type":"Polygon","coordinates":[[[-108.784275,36.872135],[-108.784281,36.871955],[-108.784056,36.871951],[-108.784051,36.872131],[-108.784275,36.872135]]]},"properties":{"src":"fm"}},{"type":"Feature","geometry":{"type":"Polygon","coordinates":[[[-108.784056,36.871951],[-108.784067,36.87159],[-108.783842,36.871586],[-108.783837,36.871766],[-108.783613,36.871762],[-108.783608,36.871942],[-108.784056,36.871951]]]},"properties":{"src":"fm"}},{"type":"Feature","geometry":{"type":"Polygon","coordinates":[[[-108.784291,36.871595],[-108.784296,36.871414],[-108.784072,36.87141],[-108.784067,36.87159],[-108.784291,36.871595]]]},"properties":{"src":"fm"}},{"type":"Feature","geometry":{"type":"Polygon","coordinates":[[[-108.78452,36.871419],[-108.784526,36.871238],[-108.784301,36.871234],[-108.784296,36.871414],[-108.78452,36.871419]]]},"properties":{"src":"fm"}},{"type":"Feature","geometry":{"type":"Polygon","coordinates":[[[-108.783183,36.871123],[-108.783191,36.870853],[-108.782518,36.87084],[-108.782513,36.871021],[-108.782849,36.871027],[-108.782846,36.871117],[-108.782959,36.871119],[-108.782961,36.871029],[-108.783073,36.871031],[-108.783071,36.871121],[-108.783183,36.871123]]]},"properties":{"src":"fm"}},{"type":"Feature","geometry":{"type":"Polygon","coordinates":[[[-108.783412,36.870947],[-108.783415,36.870857],[-108.783303,36.870855],[-108.7833,36.870945],[-108.783412,36.870947]]]},"properties":{"src":"fm"}},{"type":"Feature","geometry":{"type":"Polygon","coordinates":[[[-108.783858,36.871046],[-108.783869,36.870685],[-108.78342,36.870677],[-108.783415,36.870857],[-108.783639,36.870861],[-108.783634,36.871041],[-108.783858,36.871046]]]},"properties":{"src":"fm"}},{"type":"Feature","geometry":{"type":"Polygon","coordinates":[[[-108.781173,36.870815],[-108.781178,36.870635],[-108.780953,36.870631],[-108.780948,36.870811],[-108.781173,36.870815]]]},"properties":{"src":"fm"}},{"type":"Feature","geometry":{"type":"Polygon","coordinates":[[[-108.781407,36.870459],[-108.781412,36.870279],[-108.781188,36.870275],[-108.781193,36.870095],[-108.780969,36.87009],[-108.780967,36.870181],[-108.781079,36.870183],[-108.781076,36.870273],[-108.780964,36.870271],[-108.780961,36.870361],[-108.781073,36.870363],[-108.781071,36.870453],[-108.781407,36.870459]]]},"properties":{"src":"fm"}},{"type":"Feature","geometry":{"type":"Polygon","coordinates":[[[-108.781204,36.869734],[-108.781209,36.869554],[-108.780985,36.86955],[-108.78098,36.86973],[-108.781204,36.869734]]]},"properties":{"src":"fm"}},{"type":"Feature","geometry":{"type":"Polygon","coordinates":[[[-108.784567,36.869797],[-108.784583,36.869257],[-108.783686,36.86924],[-108.783681,36.86942],[-108.783905,36.869424],[-108.7839,36.869604],[-108.784236,36.869611],[-108.784233,36.869701],[-108.784346,36.869703],[-108.784343,36.869793],[-108.784567,36.869797]]]},"properties":{"src":"fm"}},{"type":"Feature","geometry":{"type":"Polygon","coordinates":[[[-108.781436,36.869468],[-108.781438,36.869378],[-108.781214,36.869374],[-108.781219,36.869194],[-108.780995,36.86919],[-108.78099,36.86937],[-108.781102,36.869372],[-108.781099,36.869462],[-108.781436,36.869468]]]},"properties":{"src":"fm"}},{"type":"Feature","geometry":{"type":"Polygon","coordinates":[[[-108.783295,36.875001],[-108.783305,36.87464],[-108.782857,36.874632],[-108.782854,36.874722],[-108.783079,36.874726],[-108.783071,36.874997],[-108.783295,36.875001]]]},"properties":{"src":"fm"}},{"type":"Feature","geometry":{"type":"Polygon","coordinates":[[[-108.783086,36.874456],[-108.783092,36.874276],[-108.782867,36.874272],[-108.782862,36.874452],[-108.783086,36.874456]]]},"properties":{"src":"fm"}},{"type":"Feature","geometry":{"type":"Polygon","coordinates":[[[-108.782403,36.874804],[-108.782406,36.874714],[-108.78263,36.874718],[-108.782643,36.874268],[-108.78197,36.874255],[-108.781976,36.874075],[-108.781751,36.874071],[-108.781741,36.874431],[-108.781965,36.874435],[-108.78196,36.874615],[-108.782184,36.87462],[-108.782179,36.8748],[-108.782403,36.874804]]]},"properties":{"src":"fm"}},{"type":"Feature","geometry":{"type":"Polygon","coordinates":[[[-108.783535,36.874464],[-108.78354,36.874284],[-108.783764,36.874289],[-108.783767,36.874198],[-108.783879,36.874201],[-108.783876,36.874291],[-108.783989,36.874293],[-108.783994,36.874113],[-108.783321,36.8741],[-108.783313,36.87437],[-108.783425,36.874372],[-108.783423,36.874462],[-108.783535,36.874464]]]},"properties":{"src":"fm"}},{"type":"Feature","geometry":{"type":"Polygon","coordinates":[[[-108.782197,36.874169],[-108.7822,36.874079],[-108.782088,36.874077],[-108.782085,36.874167],[-108.782197,36.874169]]]},"properties":{"src":"fm"}},{"type":"Feature","geometry":{"type":"Polygon","coordinates":[[[-108.783097,36.874096],[-108.783102,36.873916],[-108.782878,36.873911],[-108.782873,36.874092],[-108.783097,36.874096]]]},"properties":{"src":"fm"}},{"type":"Feature","geometry":{"type":"Polygon","coordinates":[[[-108.781757,36.873891],[-108.781762,36.87371],[-108.781538,36.873706],[-108.781543,36.873526],[-108.78087,36.873513],[-108.780865,36.873694],[-108.781089,36.873698],[-108.781084,36.873878],[-108.781757,36.873891]]]},"properties":{"src":"fm"}},{"type":"Feature","geometry":{"type":"Polygon","coordinates":[[[-108.784004,36.873752],[-108.784009,36.873572],[-108.784122,36.873574],[-108.784119,36.873664],[-108.784231,36.873666],[-108.784234,36.873576],[-108.784458,36.87358],[-108.784463,36.8734],[-108.783566,36.873384],[-108.783556,36.873744],[-108.784004,36.873752]]]},"properties":{"src":"fm"}},{"type":"Feature","geometry":{"type":"Polygon","coordinates":[[[-108.780985,36.873425],[-108.780987,36.873335],[-108.781324,36.873342],[-108.781329,36.873162],[-108.780881,36.873153],[-108.780873,36.873423],[-108.780985,36.873425]]]},"properties":{"src":"fm"}},{"type":"Feature","geometry":{"type":"Polygon","coordinates":[[[-108.783347,36.873199],[-108.783352,36.873019],[-108.782904,36.873011],[-108.782899,36.873191],[-108.783347,36.873199]]]},"properties":{"src":"fm"}},{"type":"Feature","geometry":{"type":"Polygon","coordinates":[[[-108.781788,36.87281],[-108.781793,36.872629],[-108.781569,36.872625],[-108.781566,36.872715],[-108.781678,36.872717],[-108.781676,36.872807],[-108.781788,36.87281]]]},"properties":{"src":"fm"}},{"type":"Feature","geometry":{"type":"Polygon","coordinates":[[[-108.781991,36.873534],[-108.782007,36.872994],[-108.782231,36.872998],[-108.782236,36.872818],[-108.782461,36.872822],[-108.782455,36.873002],[-108.78268,36.873006],[-108.782685,36.872826],[-108.783133,36.872835],[-108.783136,36.872745],[-108.783248,36.872747],[-108.783245,36.872837],[-108.783358,36.872839],[-108.783352,36.873019],[-108.783801,36.873027],[-108.783796,36.873208],[-108.78402,36.873212],[-108.784022,36.873122],[-108.784247,36.873126],[-108.784249,36.873036],[-108.784474,36.87304],[-108.784489,36.872499],[-108.783816,36.872487],[-108.783822,36.872307],[-108.78371,36.872305],[-108.783707,36.872395],[-108.783595,36.872393],[-108.783592,36.872483],[-108.782471,36.872462],[-108.782466,36.872642],[-108.782242,36.872638],[-108.782247,36.872458],[-108.781798,36.872449],[-108.781793,36.872629],[-108.782017,36.872634],[-108.782012,36.872814],[-108.781788,36.87281],[-108.781777,36.87317],[-108.781553,36.873166],[-108.781543,36.873526],[-108.781991,36.873534]]]},"properties":{"src":"fm"}},{"type":"Feature","geometry":{"type":"Polygon","coordinates":[[[-108.780985,36.877301],[-108.78099,36.877121],[-108.781214,36.877125],[-108.781219,36.876945],[-108.780771,36.876936],[-108.780761,36.877297],[-108.780985,36.877301]]]},"properties":{"src":"fm"}},{"type":"Feature","geometry":{"type":"Polygon","coordinates":[[[-108.780797,36.860534],[-108.780802,36.860354],[-108.78013,36.860341],[-108.780135,36.860161],[-108.779686,36.860153],[-108.779681,36.860333],[-108.779793,36.860335],[-108.779791,36.860425],[-108.779903,36.860427],[-108.7799,36.860517],[-108.780797,36.860534]]]},"properties":{"src":"fm"}},{"type":"Feature","geometry":{"type":"Polygon","coordinates":[[[-108.778555,36.860492],[-108.778565,36.860132],[-108.777669,36.860115],[-108.777658,36.860475],[-108.778555,36.860492]]]},"properties":{"src":"fm"}},{"type":"Feature","geometry":{"type":"Polygon","coordinates":[[[-108.778344,36.860037],[-108.778346,36.859947],[-108.778122,36.859943],[-108.77812,36.860033],[-108.778344,36.860037]]]},"properties":{"src":"fm"}},{"type":"Feature","geometry":{"type":"Polygon","coordinates":[[[-108.777895,36.860029],[-108.777898,36.859939],[-108.777786,36.859937],[-108.777783,36.860027],[-108.777895,36.860029]]]},"properties":{"src":"fm"}},{"type":"Feature","geometry":{"type":"Polygon","coordinates":[[[-108.780873,36.857921],[-108.780878,36.857741],[-108.78099,36.857743],[-108.780987,36.857834],[-108.781099,36.857836],[-108.781105,36.857655],[-108.780208,36.857639],[-108.780205,36.857729],[-108.780317,36.857731],[-108.780315,36.857821],[-108.780763,36.857829],[-108.78076,36.857919],[-108.780873,36.857921]]]},"properties":{"src":"fm"}},{"type":"Feature","geometry":{"type":"Polygon","coordinates":[[[-108.777961,36.857777],[-108.777966,36.857597],[-108.777742,36.857593],[-108.777736,36.857773],[-108.777961,36.857777]]]},"properties":{"src":"fm"}},{"type":"Feature","geometry":{"type":"Polygon","coordinates":[[[-108.780938,36.86342],[-108.780943,36.86324],[-108.780831,36.863238],[-108.780826,36.863418],[-108.780938,36.86342]]]},"properties":{"src":"fm"}},{"type":"Feature","geometry":{"type":"Polygon","coordinates":[[[-108.778247,36.86337],[-108.77825,36.86328],[-108.778026,36.863276],[-108.778041,36.862735],[-108.777929,36.862733],[-108.777927,36.862823],[-108.777815,36.862821],[-108.77782,36.862641],[-108.777596,36.862637],[-108.777575,36.863358],[-108.778247,36.86337]]]},"properties":{"src":"fm"}},{"type":"Feature","geometry":{"type":"Polygon","coordinates":[[[-108.781191,36.862434],[-108.781193,36.862344],[-108.781081,36.862342],[-108.781079,36.862432],[-108.781191,36.862434]]]},"properties":{"src":"fm"}},{"type":"Feature","geometry":{"type":"Polygon","coordinates":[[[-108.780966,36.86243],[-108.780969,36.86234],[-108.780857,36.862337],[-108.780854,36.862428],[-108.780966,36.86243]]]},"properties":{"src":"fm"}},{"type":"Feature","geometry":{"type":"Polygon","coordinates":[[[-108.780714,36.863416],[-108.780729,36.862876],[-108.780505,36.862872],[-108.78051,36.862691],[-108.780847,36.862698],[-108.780844,36.862788],[-108.780956,36.86279],[-108.780964,36.86252],[-108.78074,36.862516],[-108.780745,36.862335],[-108.780521,36.862331],[-108.780518,36.862421],[-108.78063,36.862423],[-108.780628,36.862513],[-108.780291,36.862507],[-108.780302,36.862147],[-108.780077,36.862143],[-108.78008,36.862053],[-108.780304,36.862057],[-108.780317,36.861606],[-108.780093,36.861602],[-108.780101,36.861332],[-108.780213,36.861334],[-108.780208,36.861514],[-108.78032,36.861516],[-108.780322,36.861426],[-108.780547,36.86143],[-108.780531,36.861971],[-108.781092,36.861981],[-108.781089,36.862071],[-108.781201,36.862073],[-108.781219,36.861443],[-108.780995,36.861439],[-108.781,36.861259],[-108.781225,36.861263],[-108.781245,36.860542],[-108.779676,36.860513],[-108.779671,36.860693],[-108.779559,36.860691],[-108.779556,36.860781],[-108.779668,36.860783],[-108.779666,36.860873],[-108.779441,36.860869],[-108.779436,36.861049],[-108.779548,36.861051],[-108.779546,36.861141],[-108.779658,36.861143],[-108.779655,36.861233],[-108.779207,36.861225],[-108.779212,36.861045],[-108.778315,36.861028],[-108.77832,36.860848],[-108.777872,36.86084],[-108.777882,36.860479],[-108.777658,36.860475],[-108.777627,36.861556],[-108.777851,36.86156],[-108.777846,36.86174],[-108.77807,36.861745],[-108.778067,36.861835],[-108.777843,36.86183],[-108.777841,36.861921],[-108.778065,36.861925],[-108.77806,36.862105],[-108.778284,36.862109],[-108.778281,36.862199],[-108.778169,36.862197],[-108.778166,36.862287],[-108.778279,36.862289],[-108.778273,36.862469],[-108.778498,36.862474],[-108.778495,36.862564],[-108.778383,36.862562],[-108.77838,36.862652],[-108.778492,36.862654],[-108.778487,36.862834],[-108.778711,36.862838],[-108.778706,36.863018],[-108.77893,36.863022],[-108.778928,36.863113],[-108.778704,36.863108],[-108.778701,36.863198],[-108.779149,36.863207],[-108.779147,36.863297],[-108.778922,36.863293],[-108.77892,36.863383],[-108.780714,36.863416]],[[-108.780609,36.863144],[-108.780497,36.863142],[-108.7805,36.863052],[-108.780612,36.863054],[-108.780609,36.863144]],[[-108.779186,36.861946],[-108.778962,36.861942],[-108.778967,36.861761],[-108.778743,36.861757],[-108.778748,36.861577],[-108.779196,36.861585],[-108.779186,36.861946]],[[-108.779869,36.861598],[-108.779645,36.861594],[-108.77965,36.861414],[-108.779874,36.861418],[-108.779869,36.861598]],[[-108.778748,36.861577],[-108.778299,36.861569],[-108.778302,36.861479],[-108.778526,36.861483],[-108.778529,36.861393],[-108.778753,36.861397],[-108.778748,36.861577]],[[-108.778305,36.861388],[-108.77808,36.861384],[-108.778086,36.861204],[-108.77831,36.861208],[-108.778305,36.861388]],[[-108.779991,36.86124],[-108.779879,36.861238],[-108.779882,36.861148],[-108.779994,36.86115],[-108.779991,36.86124]],[[-108.778534,36.861213],[-108.77831,36.861208],[-108.778312,36.861118],[-108.778537,36.861122],[-108.778534,36.861213]]]},"properties":{"src":"fm"}},{"type":"Feature","geometry":{"type":"Polygon","coordinates":[[[-108.77855,36.860672],[-108.778555,36.860492],[-108.778107,36.860483],[-108.778101,36.860664],[-108.77855,36.860672]]]},"properties":{"src":"fm"}},{"type":"Feature","geometry":{"type":"Polygon","coordinates":[[[-108.779285,36.866274],[-108.779287,36.866184],[-108.779175,36.866181],[-108.779173,36.866272],[-108.779285,36.866274]]]},"properties":{"src":"fm"}},{"type":"Feature","geometry":{"type":"Polygon","coordinates":[[[-108.778836,36.866265],[-108.778842,36.866085],[-108.778393,36.866077],[-108.778388,36.866257],[-108.778836,36.866265]]]},"properties":{"src":"fm"}},{"type":"Feature","geometry":{"type":"Polygon","coordinates":[[[-108.778164,36.866253],[-108.778169,36.866073],[-108.777945,36.866068],[-108.77794,36.866249],[-108.778164,36.866253]]]},"properties":{"src":"fm"}},{"type":"Feature","geometry":{"type":"Polygon","coordinates":[[[-108.781081,36.866217],[-108.781084,36.866127],[-108.78086,36.866123],[-108.780857,36.866213],[-108.781081,36.866217]]]},"properties":{"src":"fm"}},{"type":"Feature","geometry":{"type":"Polygon","coordinates":[[[-108.780187,36.86611],[-108.78019,36.86602],[-108.780077,36.866018],[-108.780075,36.866108],[-108.780187,36.86611]]]},"properties":{"src":"fm"}},{"type":"Feature","geometry":{"type":"Polygon","coordinates":[[[-108.778174,36.865892],[-108.778177,36.865802],[-108.778065,36.8658],[-108.778062,36.86589],[-108.778174,36.865892]]]},"properties":{"src":"fm"}},{"type":"Feature","geometry":{"type":"Polygon","coordinates":[[[-108.77795,36.865888],[-108.777955,36.865708],[-108.777731,36.865704],[-108.777726,36.865884],[-108.77795,36.865888]]]},"properties":{"src":"fm"}},{"type":"Feature","geometry":{"type":"Polygon","coordinates":[[[-108.777731,36.865704],[-108.777734,36.865614],[-108.777509,36.86561],[-108.777507,36.8657],[-108.777731,36.865704]]]},"properties":{"src":"fm"}},{"type":"Feature","geometry":{"type":"Polygon","coordinates":[[[-108.778857,36.865545],[-108.778863,36.865364],[-108.778638,36.86536],[-108.778644,36.86518],[-108.778531,36.865178],[-108.778526,36.865358],[-108.778414,36.865356],[-108.778409,36.865536],[-108.778857,36.865545]]]},"properties":{"src":"fm"}},{"type":"Feature","geometry":{"type":"Polygon","coordinates":[[[-108.778198,36.865082],[-108.7782,36.864992],[-108.777976,36.864987],[-108.777973,36.865077],[-108.778198,36.865082]]]},"properties":{"src":"fm"}},{"type":"Feature","geometry":{"type":"Polygon","coordinates":[[[-108.778659,36.86464],[-108.778662,36.86455],[-108.77855,36.864548],[-108.778547,36.864638],[-108.778659,36.86464]]]},"properties":{"src":"fm"}},{"type":"Feature","geometry":{"type":"Polygon","coordinates":[[[-108.779134,36.863747],[-108.779139,36.863567],[-108.778915,36.863563],[-108.778909,36.863743],[-108.779134,36.863747]]]},"properties":{"src":"fm"}},{"type":"Feature","geometry":{"type":"Polygon","coordinates":[[[-108.781089,36.865947],[-108.781162,36.863425],[-108.78105,36.863423],[-108.781047,36.863513],[-108.780935,36.863511],[-108.780938,36.86342],[-108.779144,36.863387],[-108.779139,36.863567],[-108.779363,36.863571],[-108.77936,36.863661],[-108.779248,36.863659],[-108.779246,36.863749],[-108.779134,36.863747],[-108.779131,36.863837],[-108.778907,36.863833],[-108.778904,36.863923],[-108.779128,36.863927],[-108.779126,36.864018],[-108.779014,36.864015],[-108.779011,36.864105],[-108.779123,36.864108],[-108.779115,36.864378],[-108.779003,36.864376],[-108.779001,36.864466],[-108.778889,36.864464],[-108.778878,36.864824],[-108.779102,36.864828],[-108.779097,36.865008],[-108.779321,36.865013],[-108.779316,36.865193],[-108.779428,36.865195],[-108.779426,36.865285],[-108.779314,36.865283],[-108.779311,36.865373],[-108.779535,36.865377],[-108.77954,36.865197],[-108.779765,36.865201],[-108.779754,36.865561],[-108.779978,36.865566],[-108.779973,36.865746],[-108.780085,36.865748],[-108.780083,36.865838],[-108.779971,36.865836],[-108.779968,36.865926],[-108.780192,36.86593],[-108.780203,36.86557],[-108.780427,36.865574],[-108.780422,36.865754],[-108.780646,36.865758],[-108.780641,36.865938],[-108.781089,36.865947]],[[-108.781,36.865134],[-108.780888,36.865132],[-108.780891,36.865042],[-108.781003,36.865044],[-108.781,36.865134]]]},"properties":{"src":"fm"}},{"type":"Feature","geometry":{"type":"Polygon","coordinates":[[[-108.778206,36.864811],[-108.778247,36.86337],[-108.777575,36.863358],[-108.777538,36.864619],[-108.777762,36.864623],[-108.777757,36.864803],[-108.778206,36.864811]]]},"properties":{"src":"fm"}},{"type":"Feature","geometry":{"type":"Polygon","coordinates":[[[-108.780771,36.869186],[-108.780781,36.868825],[-108.780557,36.868821],[-108.780562,36.868641],[-108.780338,36.868637],[-108.780323,36.869177],[-108.780771,36.869186]]]},"properties":{"src":"fm"}},{"type":"Feature","geometry":{"type":"Polygon","coordinates":[[[-108.778982,36.868972],[-108.778988,36.868792],[-108.778763,36.868787],[-108.778769,36.868607],[-108.77832,36.868599],[-108.778315,36.868779],[-108.778651,36.868785],[-108.778649,36.868875],[-108.778761,36.868878],[-108.778758,36.868968],[-108.778982,36.868972]]]},"properties":{"src":"fm"}},{"type":"Feature","geometry":{"type":"Polygon","coordinates":[[[-108.781006,36.868829],[-108.781011,36.868649],[-108.780787,36.868645],[-108.780781,36.868825],[-108.781006,36.868829]]]},"properties":{"src":"fm"}},{"type":"Feature","geometry":{"type":"Polygon","coordinates":[[[-108.780117,36.868542],[-108.780119,36.868452],[-108.779895,36.868448],[-108.779892,36.868538],[-108.780117,36.868542]]]},"properties":{"src":"fm"}},{"type":"Feature","geometry":{"type":"Polygon","coordinates":[[[-108.778099,36.868505],[-108.778101,36.868415],[-108.777989,36.868412],[-108.777986,36.868503],[-108.778099,36.868505]]]},"properties":{"src":"fm"}},{"type":"Feature","geometry":{"type":"Polygon","coordinates":[[[-108.777874,36.8685],[-108.777877,36.86841],[-108.777653,36.868406],[-108.77765,36.868496],[-108.777874,36.8685]]]},"properties":{"src":"fm"}},{"type":"Feature","geometry":{"type":"Polygon","coordinates":[[[-108.781021,36.868289],[-108.781026,36.868109],[-108.780354,36.868096],[-108.780349,36.868276],[-108.781021,36.868289]]]},"properties":{"src":"fm"}},{"type":"Feature","geometry":{"type":"Polygon","coordinates":[[[-108.779003,36.868251],[-108.779014,36.867891],[-108.778117,36.867874],[-108.778112,36.868054],[-108.77856,36.868063],[-108.778555,36.868243],[-108.778779,36.868247],[-108.778782,36.868157],[-108.778894,36.868159],[-108.778891,36.868249],[-108.779003,36.868251]]]},"properties":{"src":"fm"}},{"type":"Feature","geometry":{"type":"Polygon","coordinates":[[[-108.778119,36.867784],[-108.778122,36.867694],[-108.777898,36.86769],[-108.777895,36.86778],[-108.778119,36.867784]]]},"properties":{"src":"fm"}},{"type":"Feature","geometry":{"type":"Polygon","coordinates":[[[-108.781042,36.867568],[-108.781045,36.867478],[-108.780933,36.867476],[-108.78093,36.867566],[-108.781042,36.867568]]]},"properties":{"src":"fm"}},{"type":"Feature","geometry":{"type":"Polygon","coordinates":[[[-108.777913,36.867149],[-108.777919,36.866969],[-108.777694,36.866965],[-108.777689,36.867145],[-108.777913,36.867149]]]},"properties":{"src":"fm"}},{"type":"Feature","geometry":{"type":"Polygon","coordinates":[[[-108.778143,36.866973],[-108.778148,36.866793],[-108.777924,36.866789],[-108.777921,36.866879],[-108.778033,36.866881],[-108.778031,36.866971],[-108.778143,36.866973]]]},"properties":{"src":"fm"}},{"type":"Feature","geometry":{"type":"Polygon","coordinates":[[[-108.781047,36.867388],[-108.781068,36.866667],[-108.780844,36.866663],[-108.780849,36.866483],[-108.780625,36.866479],[-108.780622,36.866569],[-108.78051,36.866567],[-108.780508,36.866657],[-108.78062,36.866659],[-108.780615,36.866839],[-108.780727,36.866841],[-108.780721,36.867022],[-108.780834,36.867024],[-108.780823,36.867384],[-108.781047,36.867388]]]},"properties":{"src":"fm"}},{"type":"Feature","geometry":{"type":"Polygon","coordinates":[[[-108.779436,36.8688],[-108.779441,36.86862],[-108.779665,36.868624],[-108.779676,36.868264],[-108.7799,36.868268],[-108.779905,36.868088],[-108.779681,36.868084],[-108.779686,36.867903],[-108.779911,36.867908],[-108.779916,36.867727],[-108.78014,36.867732],[-108.780135,36.867912],[-108.780359,36.867916],[-108.780367,36.867646],[-108.780143,36.867642],[-108.780156,36.867191],[-108.779931,36.867187],[-108.779944,36.866737],[-108.779832,36.866735],[-108.77983,36.866825],[-108.779718,36.866823],[-108.779728,36.866462],[-108.779504,36.866458],[-108.779509,36.866278],[-108.778164,36.866253],[-108.778159,36.866433],[-108.777934,36.866429],[-108.777932,36.866519],[-108.77782,36.866517],[-108.777817,36.866607],[-108.778041,36.866611],[-108.778039,36.866701],[-108.778151,36.866703],[-108.778148,36.866793],[-108.778821,36.866806],[-108.778816,36.866986],[-108.77904,36.86699],[-108.779035,36.86717],[-108.779259,36.867174],[-108.779248,36.867535],[-108.779473,36.867539],[-108.779467,36.867719],[-108.779243,36.867715],[-108.779233,36.868075],[-108.779569,36.868082],[-108.779566,36.868172],[-108.779454,36.86817],[-108.779452,36.86826],[-108.779227,36.868255],[-108.779217,36.868616],[-108.779329,36.868618],[-108.779324,36.868798],[-108.779436,36.8688]]]},"properties":{"src":"fm"}},{"type":"Feature","geometry":{"type":"Polygon","coordinates":[[[-108.778448,36.871936],[-108.77845,36.871846],[-108.778226,36.871842],[-108.778224,36.871932],[-108.778448,36.871936]]]},"properties":{"src":"fm"}},{"type":"Feature","geometry":{"type":"Polygon","coordinates":[[[-108.778693,36.87122],[-108.778696,36.87113],[-108.778583,36.871127],[-108.778581,36.871217],[-108.778693,36.87122]]]},"properties":{"src":"fm"}},{"type":"Feature","geometry":{"type":"Polygon","coordinates":[[[-108.779149,36.870958],[-108.779154,36.870778],[-108.77893,36.870773],[-108.778925,36.870954],[-108.779149,36.870958]]]},"properties":{"src":"fm"}},{"type":"Feature","geometry":{"type":"Polygon","coordinates":[[[-108.780046,36.870975],[-108.780057,36.870614],[-108.779832,36.87061],[-108.779827,36.87079],[-108.779603,36.870786],[-108.7796,36.870876],[-108.779712,36.870878],[-108.77971,36.870968],[-108.780046,36.870975]]]},"properties":{"src":"fm"}},{"type":"Feature","geometry":{"type":"Polygon","coordinates":[[[-108.7805,36.870803],[-108.780505,36.870623],[-108.780281,36.870618],[-108.780278,36.870708],[-108.78039,36.870711],[-108.780388,36.870801],[-108.7805,36.870803]]]},"properties":{"src":"fm"}},{"type":"Feature","geometry":{"type":"Polygon","coordinates":[[[-108.778456,36.871666],[-108.778477,36.870945],[-108.778701,36.870949],[-108.778716,36.870409],[-108.778492,36.870405],[-108.778482,36.870765],[-108.778258,36.870761],[-108.778252,36.870941],[-108.777804,36.870933],[-108.777799,36.871113],[-108.77735,36.871104],[-108.777334,36.871645],[-108.777559,36.871649],[-108.777561,36.871559],[-108.777673,36.871561],[-108.777671,36.871651],[-108.777783,36.871653],[-108.777788,36.871473],[-108.778012,36.871477],[-108.77801,36.871567],[-108.778122,36.871569],[-108.778119,36.871659],[-108.778456,36.871666]],[[-108.778349,36.871484],[-108.778237,36.871481],[-108.778239,36.871391],[-108.778351,36.871393],[-108.778349,36.871484]],[[-108.778242,36.871301],[-108.778018,36.871297],[-108.778023,36.871117],[-108.778247,36.871121],[-108.778242,36.871301]]]},"properties":{"src":"fm"}},{"type":"Feature","geometry":{"type":"Polygon","coordinates":[[[-108.780281,36.870618],[-108.780286,36.870438],[-108.780062,36.870434],[-108.780057,36.870614],[-108.780281,36.870618]]]},"properties":{"src":"fm"}},{"type":"Feature","geometry":{"type":"Polygon","coordinates":[[[-108.779386,36.870512],[-108.779389,36.870421],[-108.779277,36.870419],[-108.779274,36.870509],[-108.779386,36.870512]]]},"properties":{"src":"fm"}},{"type":"Feature","geometry":{"type":"Polygon","coordinates":[[[-108.778941,36.870413],[-108.778951,36.870053],[-108.778727,36.870049],[-108.778716,36.870409],[-108.778941,36.870413]]]},"properties":{"src":"fm"}},{"type":"Feature","geometry":{"type":"Polygon","coordinates":[[[-108.780294,36.870168],[-108.780296,36.870078],[-108.780184,36.870076],[-108.780182,36.870166],[-108.780294,36.870168]]]},"properties":{"src":"fm"}},{"type":"Feature","geometry":{"type":"Polygon","coordinates":[[[-108.777603,36.870118],[-108.777606,36.870028],[-108.777381,36.870023],[-108.777379,36.870113],[-108.777603,36.870118]]]},"properties":{"src":"fm"}},{"type":"Feature","geometry":{"type":"Polygon","coordinates":[[[-108.779843,36.87025],[-108.779853,36.869889],[-108.779629,36.869885],[-108.779624,36.870065],[-108.779512,36.870063],[-108.779509,36.870153],[-108.779621,36.870155],[-108.779619,36.870245],[-108.779843,36.87025]]]},"properties":{"src":"fm"}},{"type":"Feature","geometry":{"type":"Polygon","coordinates":[[[-108.779175,36.870057],[-108.779181,36.869877],[-108.778956,36.869873],[-108.778951,36.870053],[-108.779175,36.870057]]]},"properties":{"src":"fm"}},{"type":"Feature","geometry":{"type":"Polygon","coordinates":[[[-108.780969,36.87009],[-108.78098,36.86973],[-108.780755,36.869726],[-108.78075,36.869906],[-108.780526,36.869902],[-108.780521,36.870082],[-108.780969,36.87009]]]},"properties":{"src":"fm"}},{"type":"Feature","geometry":{"type":"Polygon","coordinates":[[[-108.779405,36.869881],[-108.77941,36.869701],[-108.779186,36.869697],[-108.779181,36.869877],[-108.779405,36.869881]]]},"properties":{"src":"fm"}},{"type":"Feature","geometry":{"type":"Polygon","coordinates":[[[-108.779634,36.869705],[-108.779639,36.869525],[-108.779415,36.869521],[-108.77941,36.869701],[-108.779634,36.869705]]]},"properties":{"src":"fm"}},{"type":"Feature","geometry":{"type":"Polygon","coordinates":[[[-108.778284,36.86986],[-108.778289,36.86968],[-108.778513,36.869684],[-108.778518,36.869504],[-108.77807,36.869496],[-108.778065,36.869676],[-108.777616,36.869667],[-108.777611,36.869847],[-108.778284,36.86986]]]},"properties":{"src":"fm"}},{"type":"Feature","geometry":{"type":"Polygon","coordinates":[[[-108.780982,36.86964],[-108.780985,36.86955],[-108.780761,36.869546],[-108.780758,36.869636],[-108.780982,36.86964]]]},"properties":{"src":"fm"}},{"type":"Feature","geometry":{"type":"Polygon","coordinates":[[[-108.778967,36.869512],[-108.778972,36.869332],[-108.778748,36.869328],[-108.778742,36.869508],[-108.778967,36.869512]]]},"properties":{"src":"fm"}},{"type":"Feature","geometry":{"type":"Polygon","coordinates":[[[-108.78099,36.86937],[-108.780995,36.86919],[-108.780771,36.869186],[-108.780766,36.869366],[-108.78099,36.86937]]]},"properties":{"src":"fm"}},{"type":"Feature","geometry":{"type":"Polygon","coordinates":[[[-108.780085,36.869623],[-108.780088,36.869533],[-108.780312,36.869537],[-108.780317,36.869357],[-108.780542,36.869361],[-108.780547,36.869181],[-108.779874,36.869169],[-108.779869,36.869349],[-108.779645,36.869345],[-108.779639,36.869525],[-108.779864,36.869529],[-108.779861,36.869619],[-108.780085,36.869623]]]},"properties":{"src":"fm"}},{"type":"Feature","geometry":{"type":"Polygon","coordinates":[[[-108.779645,36.869345],[-108.77965,36.869165],[-108.779426,36.86916],[-108.77942,36.869341],[-108.779645,36.869345]]]},"properties":{"src":"fm"}},{"type":"Feature","geometry":{"type":"Polygon","coordinates":[[[-108.779259,36.874925],[-108.779264,36.874745],[-108.779488,36.874749],[-108.779493,36.874569],[-108.778596,36.874552],[-108.778591,36.874733],[-108.778815,36.874737],[-108.77881,36.874917],[-108.779259,36.874925]],[[-108.779152,36.874743],[-108.77904,36.874741],[-108.779042,36.874651],[-108.779154,36.874653],[-108.779152,36.874743]]]},"properties":{"src":"fm"}},{"type":"Feature","geometry":{"type":"Polygon","coordinates":[[[-108.779723,36.874393],[-108.779728,36.874213],[-108.779504,36.874209],[-108.779501,36.874299],[-108.779613,36.874301],[-108.779611,36.874391],[-108.779723,36.874393]]]},"properties":{"src":"fm"}},{"type":"Feature","geometry":{"type":"Polygon","coordinates":[[[-108.77748,36.874351],[-108.777491,36.873991],[-108.777267,36.873987],[-108.777264,36.874077],[-108.777376,36.874079],[-108.777373,36.874169],[-108.777261,36.874167],[-108.777256,36.874347],[-108.77748,36.874351]]]},"properties":{"src":"fm"}},{"type":"Feature","geometry":{"type":"Polygon","coordinates":[[[-108.780176,36.874222],[-108.780182,36.874041],[-108.779621,36.874031],[-108.779618,36.874121],[-108.779731,36.874123],[-108.779728,36.874213],[-108.780176,36.874222]]]},"properties":{"src":"fm"}},{"type":"Feature","geometry":{"type":"Polygon","coordinates":[[[-108.780635,36.87387],[-108.780641,36.873689],[-108.780865,36.873694],[-108.78087,36.873513],[-108.780422,36.873505],[-108.780427,36.873325],[-108.780203,36.873321],[-108.780192,36.873681],[-108.779968,36.873677],[-108.779963,36.873857],[-108.780635,36.87387]]]},"properties":{"src":"fm"}},{"type":"Feature","geometry":{"type":"Polygon","coordinates":[[[-108.777546,36.872099],[-108.777548,36.872009],[-108.777436,36.872007],[-108.777434,36.872097],[-108.777546,36.872099]]]},"properties":{"src":"fm"}},{"type":"Feature","geometry":{"type":"Polygon","coordinates":[[[-108.777608,36.877688],[-108.777611,36.877598],[-108.777386,36.877594],[-108.777384,36.877684],[-108.777608,36.877688]]]},"properties":{"src":"fm"}},{"type":"Feature","geometry":{"type":"Polygon","coordinates":[[[-108.777386,36.877594],[-108.777392,36.877414],[-108.777167,36.87741],[-108.777162,36.87759],[-108.777386,36.877594]]]},"properties":{"src":"fm"}},{"type":"Feature","geometry":{"type":"Polygon","coordinates":[[[-108.777616,36.877418],[-108.777621,36.877238],[-108.777397,36.877234],[-108.777392,36.877414],[-108.777616,36.877418]]]},"properties":{"src":"fm"}},{"type":"Feature","geometry":{"type":"Polygon","coordinates":[[[-108.780755,36.877477],[-108.780766,36.877117],[-108.780542,36.877112],[-108.780536,36.877293],[-108.780424,36.87729],[-108.780422,36.877381],[-108.780309,36.877378],[-108.780307,36.877469],[-108.780755,36.877477]]]},"properties":{"src":"fm"}},{"type":"Feature","geometry":{"type":"Polygon","coordinates":[[[-108.777629,36.876968],[-108.777632,36.876878],[-108.777407,36.876874],[-108.777405,36.876964],[-108.777629,36.876968]]]},"properties":{"src":"fm"}},{"type":"Feature","geometry":{"type":"Polygon","coordinates":[[[-108.778758,36.876719],[-108.778763,36.876538],[-108.778315,36.87653],[-108.778312,36.87662],[-108.778536,36.876624],[-108.778534,36.876714],[-108.778758,36.876719]]]},"properties":{"src":"fm"}},{"type":"Feature","geometry":{"type":"Polygon","coordinates":[[[-108.77966,36.876555],[-108.779665,36.876375],[-108.778993,36.876362],[-108.778987,36.876543],[-108.77966,36.876555]]]},"properties":{"src":"fm"}},{"type":"Feature","geometry":{"type":"Polygon","coordinates":[[[-108.778774,36.876178],[-108.778779,36.875998],[-108.778555,36.875994],[-108.778549,36.876174],[-108.778774,36.876178]]]},"properties":{"src":"fm"}},{"type":"Feature","geometry":{"type":"Polygon","coordinates":[[[-108.77833,36.87599],[-108.778336,36.875809],[-108.777887,36.875801],[-108.777882,36.875981],[-108.77833,36.87599]]]},"properties":{"src":"fm"}},{"type":"Feature","geometry":{"type":"Polygon","coordinates":[[[-108.778315,36.87653],[-108.77832,36.87635],[-108.777871,36.876341],[-108.777882,36.875981],[-108.777658,36.875977],[-108.777668,36.875617],[-108.778117,36.875625],[-108.778122,36.875445],[-108.777225,36.875428],[-108.777199,36.876329],[-108.777759,36.876339],[-108.777757,36.876429],[-108.777645,36.876427],[-108.777642,36.876517],[-108.778315,36.87653]]]},"properties":{"src":"fm"}},{"type":"Feature","geometry":{"type":"Polygon","coordinates":[[[-108.778346,36.875449],[-108.778351,36.875269],[-108.778239,36.875267],[-108.778237,36.875357],[-108.778124,36.875355],[-108.778122,36.875445],[-108.778346,36.875449]]]},"properties":{"src":"fm"}},{"type":"Feature","geometry":{"type":"Polygon","coordinates":[[[-108.778581,36.875093],[-108.778586,36.874913],[-108.778362,36.874909],[-108.778359,36.874999],[-108.778471,36.875001],[-108.778469,36.875091],[-108.778581,36.875093]]]},"properties":{"src":"fm"}},{"type":"Feature","geometry":{"type":"Polygon","coordinates":[[[-108.777684,36.851823],[-108.77769,36.851643],[-108.777465,36.851639],[-108.77746,36.851819],[-108.777684,36.851823]]]},"properties":{"src":"fm"}},{"type":"Feature","geometry":{"type":"Polygon","coordinates":[[[-108.777236,36.851815],[-108.777241,36.851635],[-108.77612,36.851614],[-108.776118,36.851704],[-108.776454,36.85171],[-108.776451,36.8518],[-108.777236,36.851815]]]},"properties":{"src":"fm"}},{"type":"Feature","geometry":{"type":"Polygon","coordinates":[[[-108.774546,36.851765],[-108.774551,36.851584],[-108.774439,36.851582],[-108.774437,36.851672],[-108.774324,36.85167],[-108.774322,36.85176],[-108.774546,36.851765]]]},"properties":{"src":"fm"}},{"type":"Feature","geometry":{"type":"Polygon","coordinates":[[[-108.776801,36.851356],[-108.776803,36.851266],[-108.776579,36.851262],[-108.776577,36.851352],[-108.776801,36.851356]]]},"properties":{"src":"fm"}},{"type":"Feature","geometry":{"type":"Polygon","coordinates":[[[-108.776352,36.851348],[-108.776355,36.851258],[-108.776131,36.851254],[-108.776128,36.851344],[-108.776352,36.851348]]]},"properties":{"src":"fm"}},{"type":"Feature","geometry":{"type":"Polygon","coordinates":[[[-108.777486,36.850918],[-108.777492,36.850738],[-108.777267,36.850734],[-108.777265,36.850824],[-108.777377,36.850826],[-108.777374,36.850916],[-108.777486,36.850918]]]},"properties":{"src":"fm"}},{"type":"Feature","geometry":{"type":"Polygon","coordinates":[[[-108.775292,36.849255],[-108.775297,36.849075],[-108.775073,36.849071],[-108.77507,36.849161],[-108.775182,36.849163],[-108.77518,36.849253],[-108.775292,36.849255]]]},"properties":{"src":"fm"}},{"type":"Feature","geometry":{"type":"Polygon","coordinates":[[[-108.777846,36.853989],[-108.777856,36.853629],[-108.777632,36.853625],[-108.777637,36.853445],[-108.777189,36.853436],[-108.777187,36.853526],[-108.777299,36.853529],[-108.777296,36.853619],[-108.777184,36.853617],[-108.777176,36.853887],[-108.777288,36.853889],[-108.777286,36.853979],[-108.777846,36.853989]]]},"properties":{"src":"fm"}},{"type":"Feature","geometry":{"type":"Polygon","coordinates":[[[-108.776965,36.853432],[-108.77697,36.853252],[-108.776746,36.853248],[-108.776741,36.853428],[-108.776965,36.853432]]]},"properties":{"src":"fm"}},{"type":"Feature","geometry":{"type":"Polygon","coordinates":[[[-108.777864,36.853359],[-108.777867,36.853269],[-108.777755,36.853267],[-108.777752,36.853357],[-108.777864,36.853359]]]},"properties":{"src":"fm"}},{"type":"Feature","geometry":{"type":"Polygon","coordinates":[[[-108.776519,36.853334],[-108.776522,36.853244],[-108.77641,36.853242],[-108.776407,36.853332],[-108.776519,36.853334]]]},"properties":{"src":"fm"}},{"type":"Feature","geometry":{"type":"Polygon","coordinates":[[[-108.774509,36.853026],[-108.774525,36.852485],[-108.774301,36.852481],[-108.774288,36.852931],[-108.7744,36.852934],[-108.774397,36.853024],[-108.774509,36.853026]]]},"properties":{"src":"fm"}},{"type":"Feature","geometry":{"type":"Polygon","coordinates":[[[-108.774749,36.852489],[-108.774754,36.852309],[-108.77453,36.852305],[-108.774525,36.852485],[-108.774749,36.852489]]]},"properties":{"src":"fm"}},{"type":"Feature","geometry":{"type":"Polygon","coordinates":[[[-108.774979,36.852313],[-108.774984,36.852133],[-108.77476,36.852129],[-108.774754,36.852309],[-108.774979,36.852313]]]},"properties":{"src":"fm"}},{"type":"Feature","geometry":{"type":"Polygon","coordinates":[[[-108.775432,36.852142],[-108.775437,36.851962],[-108.774989,36.851953],[-108.774984,36.852133],[-108.775432,36.852142]]]},"properties":{"src":"fm"}},{"type":"Feature","geometry":{"type":"Polygon","coordinates":[[[-108.777898,36.852188],[-108.777909,36.851828],[-108.777684,36.851823],[-108.777674,36.852184],[-108.777898,36.852188]]]},"properties":{"src":"fm"}},{"type":"Feature","geometry":{"type":"Polygon","coordinates":[[[-108.776318,36.852519],[-108.776324,36.852339],[-108.776996,36.852351],[-108.777007,36.851991],[-108.777119,36.851993],[-108.777116,36.852083],[-108.777228,36.852085],[-108.777236,36.851815],[-108.776227,36.851796],[-108.776225,36.851886],[-108.776337,36.851888],[-108.776329,36.852159],[-108.776105,36.852154],[-108.7761,36.852334],[-108.775875,36.85233],[-108.77587,36.85251],[-108.776094,36.852515],[-108.776097,36.852425],[-108.776209,36.852427],[-108.776206,36.852517],[-108.776318,36.852519]],[[-108.776895,36.851989],[-108.776783,36.851987],[-108.776785,36.851897],[-108.776897,36.851899],[-108.776895,36.851989]]]},"properties":{"src":"fm"}},{"type":"Feature","geometry":{"type":"Polygon","coordinates":[[[-108.775662,36.851966],[-108.775667,36.851786],[-108.775443,36.851781],[-108.775437,36.851962],[-108.775662,36.851966]]]},"properties":{"src":"fm"}},{"type":"Feature","geometry":{"type":"Polygon","coordinates":[[[-108.774536,36.852125],[-108.774541,36.851945],[-108.774765,36.851949],[-108.77477,36.851769],[-108.774322,36.85176],[-108.774311,36.852121],[-108.774536,36.852125]]]},"properties":{"src":"fm"}},{"type":"Feature","geometry":{"type":"Polygon","coordinates":[[[-108.774603,36.857534],[-108.774608,36.857354],[-108.774384,36.857349],[-108.774389,36.857169],[-108.774165,36.857165],[-108.774155,36.857525],[-108.774603,36.857534]]]},"properties":{"src":"fm"}},{"type":"Feature","geometry":{"type":"Polygon","coordinates":[[[-108.774611,36.857264],[-108.774613,36.857174],[-108.774501,36.857171],[-108.774499,36.857262],[-108.774611,36.857264]]]},"properties":{"src":"fm"}},{"type":"Feature","geometry":{"type":"Polygon","coordinates":[[[-108.7744,36.856809],[-108.77441,36.856449],[-108.774186,36.856445],[-108.774183,36.856535],[-108.774295,36.856537],[-108.774293,36.856627],[-108.774181,36.856625],[-108.774175,36.856805],[-108.7744,36.856809]]]},"properties":{"src":"fm"}},{"type":"Feature","geometry":{"type":"Polygon","coordinates":[[[-108.775547,36.855929],[-108.775552,36.855749],[-108.775328,36.855745],[-108.775325,36.855835],[-108.775437,36.855837],[-108.775435,36.855927],[-108.775547,36.855929]]]},"properties":{"src":"fm"}},{"type":"Feature","geometry":{"type":"Polygon","coordinates":[[[-108.775776,36.855753],[-108.775781,36.855573],[-108.775557,36.855569],[-108.775552,36.855749],[-108.775776,36.855753]]]},"properties":{"src":"fm"}},{"type":"Feature","geometry":{"type":"Polygon","coordinates":[[[-108.776006,36.855577],[-108.776016,36.855217],[-108.775792,36.855213],[-108.775784,36.855483],[-108.775896,36.855485],[-108.775893,36.855575],[-108.776006,36.855577]]]},"properties":{"src":"fm"}},{"type":"Feature","geometry":{"type":"Polygon","coordinates":[[[-108.776702,36.854779],[-108.776704,36.854689],[-108.77648,36.854685],[-108.776477,36.854775],[-108.776702,36.854779]]]},"properties":{"src":"fm"}},{"type":"Feature","geometry":{"type":"Polygon","coordinates":[[[-108.777249,36.859116],[-108.777252,36.859025],[-108.777027,36.859021],[-108.777025,36.859111],[-108.777249,36.859116]]]},"properties":{"src":"fm"}},{"type":"Feature","geometry":{"type":"Polygon","coordinates":[[[-108.775695,36.858546],[-108.775698,36.858456],[-108.775586,36.858454],[-108.775583,36.858544],[-108.775695,36.858546]]]},"properties":{"src":"fm"}},{"type":"Feature","geometry":{"type":"Polygon","coordinates":[[[-108.776819,36.858477],[-108.776824,36.858296],[-108.776376,36.858288],[-108.77637,36.858468],[-108.776819,36.858477]]]},"properties":{"src":"fm"}},{"type":"Feature","geometry":{"type":"Polygon","coordinates":[[[-108.777048,36.858301],[-108.777053,36.85812],[-108.776829,36.858116],[-108.776824,36.858296],[-108.777048,36.858301]]]},"properties":{"src":"fm"}},{"type":"Feature","geometry":{"type":"Polygon","coordinates":[[[-108.777278,36.858125],[-108.777283,36.857945],[-108.777059,36.85794],[-108.777053,36.85812],[-108.777278,36.858125]]]},"properties":{"src":"fm"}},{"type":"Feature","geometry":{"type":"Polygon","coordinates":[[[-108.777731,36.857953],[-108.777736,36.857773],[-108.777288,36.857764],[-108.777283,36.857945],[-108.777731,36.857953]]]},"properties":{"src":"fm"}},{"type":"Feature","geometry":{"type":"Polygon","coordinates":[[[-108.777658,36.860475],[-108.777695,36.859214],[-108.777022,36.859201],[-108.777017,36.859382],[-108.776905,36.859379],[-108.7769,36.85956],[-108.776787,36.859558],[-108.776798,36.859197],[-108.776574,36.859193],[-108.776576,36.859103],[-108.7768,36.859107],[-108.776803,36.859017],[-108.776131,36.859004],[-108.776141,36.858644],[-108.776365,36.858648],[-108.77637,36.858468],[-108.775922,36.85846],[-108.775917,36.85864],[-108.775356,36.858629],[-108.775354,36.85872],[-108.775466,36.858722],[-108.775463,36.858812],[-108.775575,36.858814],[-108.775573,36.858904],[-108.775685,36.858906],[-108.775687,36.858816],[-108.775912,36.85882],[-108.775906,36.859],[-108.776018,36.859002],[-108.776016,36.859092],[-108.776128,36.859095],[-108.77612,36.859365],[-108.775896,36.859361],[-108.775893,36.859451],[-108.776005,36.859453],[-108.776003,36.859543],[-108.775891,36.859541],[-108.775885,36.859721],[-108.775661,36.859717],[-108.775666,36.859537],[-108.775218,36.859528],[-108.775229,36.859168],[-108.775453,36.859172],[-108.775458,36.858992],[-108.775234,36.858988],[-108.775249,36.858447],[-108.775025,36.858443],[-108.77503,36.858263],[-108.774806,36.858259],[-108.774811,36.858079],[-108.774587,36.858074],[-108.774582,36.858254],[-108.774358,36.85825],[-108.774376,36.85762],[-108.774488,36.857622],[-108.774491,36.857532],[-108.774155,36.857525],[-108.774076,36.860228],[-108.7743,36.860232],[-108.774295,36.860412],[-108.776089,36.860446],[-108.776099,36.860085],[-108.776323,36.86009],[-108.776329,36.859909],[-108.776553,36.859914],[-108.776563,36.859553],[-108.776675,36.859555],[-108.77667,36.859736],[-108.776782,36.859738],[-108.776777,36.859918],[-108.777001,36.859922],[-108.776991,36.860282],[-108.777215,36.860287],[-108.77721,36.860467],[-108.777658,36.860475]],[[-108.775549,36.859715],[-108.775437,36.859713],[-108.77544,36.859622],[-108.775552,36.859625],[-108.775549,36.859715]],[[-108.776681,36.859375],[-108.776568,36.859373],[-108.776571,36.859283],[-108.776683,36.859285],[-108.776681,36.859375]],[[-108.776462,36.859191],[-108.776349,36.859189],[-108.776352,36.859099],[-108.776464,36.859101],[-108.776462,36.859191]],[[-108.775132,36.858625],[-108.77502,36.858623],[-108.775023,36.858533],[-108.775135,36.858535],[-108.775132,36.858625]]]},"properties":{"src":"fm"}},{"type":"Feature","geometry":{"type":"Polygon","coordinates":[[[-108.77735,36.863353],[-108.777384,36.862182],[-108.777272,36.86218],[-108.77727,36.86227],[-108.777158,36.862268],[-108.777171,36.861818],[-108.777058,36.861816],[-108.777056,36.861906],[-108.776944,36.861904],[-108.776954,36.861543],[-108.77673,36.861539],[-108.776733,36.861449],[-108.776621,36.861447],[-108.776618,36.861537],[-108.776506,36.861535],[-108.776511,36.861355],[-108.775614,36.861338],[-108.775609,36.861518],[-108.774936,36.861506],[-108.774931,36.861686],[-108.774483,36.861677],[-108.774485,36.861587],[-108.774373,36.861585],[-108.774376,36.861495],[-108.77404,36.861489],[-108.773993,36.86311],[-108.774217,36.863114],[-108.774211,36.863295],[-108.77735,36.863353]]]},"properties":{"src":"fm"}},{"type":"Feature","geometry":{"type":"Polygon","coordinates":[[[-108.776297,36.86099],[-108.7763,36.8609],[-108.776188,36.860898],[-108.776185,36.860988],[-108.776297,36.86099]]]},"properties":{"src":"fm"}},{"type":"Feature","geometry":{"type":"Polygon","coordinates":[[[-108.777632,36.861376],[-108.777658,36.860475],[-108.77721,36.860467],[-108.777207,36.860557],[-108.777319,36.860559],[-108.777317,36.860649],[-108.776756,36.860638],[-108.776761,36.860458],[-108.774295,36.860412],[-108.774293,36.860502],[-108.77418,36.8605],[-108.774178,36.86059],[-108.774066,36.860588],[-108.774055,36.860948],[-108.775176,36.860969],[-108.775179,36.860879],[-108.775067,36.860877],[-108.775069,36.860787],[-108.775181,36.860789],[-108.775184,36.860699],[-108.77496,36.860695],[-108.774963,36.860605],[-108.775635,36.860617],[-108.77563,36.860798],[-108.776527,36.860814],[-108.776524,36.860905],[-108.776412,36.860902],[-108.776409,36.860992],[-108.77697,36.861003],[-108.776965,36.861183],[-108.777189,36.861187],[-108.777184,36.861367],[-108.777632,36.861376]],[[-108.774511,36.860687],[-108.774399,36.860684],[-108.774402,36.860594],[-108.774514,36.860597],[-108.774511,36.860687]]]},"properties":{"src":"fm"}},{"type":"Feature","geometry":{"type":"Polygon","coordinates":[[[-108.777043,36.866232],[-108.777048,36.866052],[-108.776824,36.866047],[-108.776818,36.866228],[-108.777043,36.866232]]]},"properties":{"src":"fm"}},{"type":"Feature","geometry":{"type":"Polygon","coordinates":[[[-108.776824,36.866047],[-108.776829,36.865867],[-108.776605,36.865863],[-108.776599,36.866043],[-108.776824,36.866047]]]},"properties":{"src":"fm"}},{"type":"Feature","geometry":{"type":"Polygon","coordinates":[[[-108.775703,36.866026],[-108.775708,36.865846],[-108.775484,36.865842],[-108.775478,36.866022],[-108.775703,36.866026]]]},"properties":{"src":"fm"}},{"type":"Feature","geometry":{"type":"Polygon","coordinates":[[[-108.776146,36.866215],[-108.776151,36.866035],[-108.776375,36.866039],[-108.77638,36.865859],[-108.776605,36.865863],[-108.77661,36.865683],[-108.776386,36.865679],[-108.776391,36.865499],[-108.776279,36.865496],[-108.776276,36.865586],[-108.776164,36.865584],[-108.776167,36.865494],[-108.776055,36.865492],[-108.776052,36.865582],[-108.77594,36.86558],[-108.775937,36.86567],[-108.775713,36.865666],[-108.775708,36.865846],[-108.776044,36.865853],[-108.776042,36.865943],[-108.775929,36.865941],[-108.775927,36.866031],[-108.775703,36.866026],[-108.775697,36.866207],[-108.776146,36.866215]]]},"properties":{"src":"fm"}},{"type":"Feature","geometry":{"type":"Polygon","coordinates":[[[-108.77734,36.863714],[-108.777343,36.863624],[-108.77723,36.863622],[-108.777228,36.863712],[-108.77734,36.863714]]]},"properties":{"src":"fm"}},{"type":"Feature","geometry":{"type":"Polygon","coordinates":[[[-108.777507,36.8657],[-108.777515,36.865429],[-108.777402,36.865427],[-108.7774,36.865517],[-108.777288,36.865515],[-108.777332,36.863984],[-108.77722,36.863982],[-108.777217,36.864072],[-108.777105,36.86407],[-108.777121,36.863529],[-108.777345,36.863534],[-108.777348,36.863443],[-108.777124,36.863439],[-108.777126,36.863349],[-108.774436,36.863299],[-108.77443,36.863479],[-108.774655,36.863483],[-108.774649,36.863663],[-108.774874,36.863668],[-108.774868,36.863848],[-108.775093,36.863852],[-108.775087,36.864032],[-108.775312,36.864036],[-108.775306,36.864216],[-108.775531,36.864221],[-108.775525,36.864401],[-108.77575,36.864405],[-108.775739,36.864765],[-108.776188,36.864774],[-108.776182,36.864954],[-108.776407,36.864958],[-108.776401,36.865138],[-108.776626,36.865142],[-108.77662,36.865323],[-108.776845,36.865327],[-108.776839,36.865507],[-108.777064,36.865511],[-108.777058,36.865691],[-108.777507,36.8657]]]},"properties":{"src":"fm"}},{"type":"Feature","geometry":{"type":"Polygon","coordinates":[[[-108.77539,36.869085],[-108.775405,36.868544],[-108.775069,36.868538],[-108.775066,36.868628],[-108.774954,36.868626],[-108.774952,36.868716],[-108.775064,36.868718],[-108.775061,36.868808],[-108.774949,36.868806],[-108.774946,36.868896],[-108.773825,36.868875],[-108.77382,36.869055],[-108.77539,36.869085]]]},"properties":{"src":"fm"}},{"type":"Feature","geometry":{"type":"Polygon","coordinates":[[[-108.774078,36.867889],[-108.774081,36.867799],[-108.774305,36.867803],[-108.77431,36.867623],[-108.774086,36.867618],[-108.774091,36.867438],[-108.773867,36.867434],[-108.773857,36.867794],[-108.773969,36.867796],[-108.773966,36.867887],[-108.774078,36.867889]]]},"properties":{"src":"fm"}},{"type":"Feature","geometry":{"type":"Polygon","coordinates":[[[-108.777465,36.867141],[-108.77747,36.866961],[-108.777246,36.866957],[-108.777241,36.867137],[-108.777465,36.867141]]]},"properties":{"src":"fm"}},{"type":"Feature","geometry":{"type":"Polygon","coordinates":[[[-108.777246,36.866957],[-108.777251,36.866776],[-108.777027,36.866772],[-108.777022,36.866952],[-108.777246,36.866957]]]},"properties":{"src":"fm"}},{"type":"Feature","geometry":{"type":"Polygon","coordinates":[[[-108.777262,36.866416],[-108.777267,36.866236],[-108.777043,36.866232],[-108.777037,36.866412],[-108.777262,36.866416]]]},"properties":{"src":"fm"}},{"type":"Feature","geometry":{"type":"Polygon","coordinates":[[[-108.77541,36.868364],[-108.775426,36.867824],[-108.775202,36.86782],[-108.775223,36.867099],[-108.774999,36.867095],[-108.775014,36.866554],[-108.775463,36.866563],[-108.775468,36.866383],[-108.775916,36.866391],[-108.775922,36.866211],[-108.775249,36.866198],[-108.775244,36.866378],[-108.774795,36.86637],[-108.77479,36.86655],[-108.774342,36.866542],[-108.774336,36.866722],[-108.774112,36.866718],[-108.774107,36.866898],[-108.773883,36.866894],[-108.773877,36.867074],[-108.774326,36.867082],[-108.774321,36.867262],[-108.774096,36.867258],[-108.774091,36.867438],[-108.774315,36.867442],[-108.77431,36.867623],[-108.774983,36.867635],[-108.774972,36.867996],[-108.774748,36.867991],[-108.774746,36.868081],[-108.77497,36.868086],[-108.774967,36.868176],[-108.774855,36.868174],[-108.774852,36.868264],[-108.774965,36.868266],[-108.774962,36.868356],[-108.77541,36.868364]]]},"properties":{"src":"fm"}},{"type":"Feature","geometry":{"type":"Polygon","coordinates":[[[-108.77711,36.871641],[-108.777115,36.87146],[-108.776891,36.871456],[-108.776886,36.871636],[-108.77711,36.871641]]]},"properties":{"src":"fm"}},{"type":"Feature","geometry":{"type":"Polygon","coordinates":[[[-108.773966,36.871762],[-108.773971,36.871582],[-108.774195,36.871586],[-108.7742,36.871406],[-108.773864,36.8714],[-108.773861,36.87149],[-108.773749,36.871488],[-108.773742,36.871758],[-108.773966,36.871762]]]},"properties":{"src":"fm"}},{"type":"Feature","geometry":{"type":"Polygon","coordinates":[[[-108.774868,36.871599],[-108.774873,36.871418],[-108.774649,36.871414],[-108.774654,36.871234],[-108.77443,36.87123],[-108.774427,36.87132],[-108.774539,36.871322],[-108.774537,36.871412],[-108.774425,36.87141],[-108.774419,36.87159],[-108.774868,36.871599]]]},"properties":{"src":"fm"}},{"type":"Feature","geometry":{"type":"Polygon","coordinates":[[[-108.77734,36.871465],[-108.777345,36.871285],[-108.776672,36.871272],[-108.77667,36.871362],[-108.776782,36.871364],[-108.776779,36.871454],[-108.776891,36.871456],[-108.776894,36.871366],[-108.777118,36.87137],[-108.777115,36.87146],[-108.77734,36.871465]]]},"properties":{"src":"fm"}},{"type":"Feature","geometry":{"type":"Polygon","coordinates":[[[-108.774657,36.871144],[-108.774659,36.871054],[-108.774435,36.87105],[-108.774433,36.87114],[-108.774657,36.871144]]]},"properties":{"src":"fm"}},{"type":"Feature","geometry":{"type":"Polygon","coordinates":[[[-108.776928,36.870195],[-108.776933,36.870015],[-108.776709,36.870011],[-108.776704,36.870191],[-108.776928,36.870195]]]},"properties":{"src":"fm"}},{"type":"Feature","geometry":{"type":"Polygon","coordinates":[[[-108.777379,36.870113],[-108.777381,36.870023],[-108.777157,36.870019],[-108.777155,36.870109],[-108.777379,36.870113]]]},"properties":{"src":"fm"}},{"type":"Feature","geometry":{"type":"Polygon","coordinates":[[[-108.777384,36.869933],[-108.777387,36.869843],[-108.777275,36.869841],[-108.777272,36.869931],[-108.777384,36.869933]]]},"properties":{"src":"fm"}},{"type":"Feature","geometry":{"type":"Polygon","coordinates":[[[-108.777389,36.869753],[-108.777392,36.869663],[-108.777168,36.869659],[-108.777165,36.869749],[-108.777389,36.869753]]]},"properties":{"src":"fm"}},{"type":"Feature","geometry":{"type":"Polygon","coordinates":[[[-108.774477,36.869609],[-108.774487,36.869248],[-108.77516,36.869261],[-108.775163,36.869171],[-108.775275,36.869173],[-108.775272,36.869263],[-108.775384,36.869265],[-108.77539,36.869085],[-108.77382,36.869055],[-108.773815,36.869236],[-108.774263,36.869244],[-108.774253,36.869604],[-108.774477,36.869609]]]},"properties":{"src":"fm"}},{"type":"Feature","geometry":{"type":"Polygon","coordinates":[[[-108.77724,36.874888],[-108.777251,36.874527],[-108.777027,36.874523],[-108.777032,36.874343],[-108.77692,36.874341],[-108.776917,36.874431],[-108.776805,36.874429],[-108.776808,36.874339],[-108.776583,36.874335],[-108.776589,36.874154],[-108.776364,36.87415],[-108.77637,36.87397],[-108.776257,36.873968],[-108.776255,36.874058],[-108.776143,36.874056],[-108.77614,36.874146],[-108.776252,36.874148],[-108.77625,36.874238],[-108.776138,36.874236],[-108.776135,36.874326],[-108.776359,36.87433],[-108.776349,36.874691],[-108.775676,36.874678],[-108.775671,36.874858],[-108.776568,36.874875],[-108.776573,36.874695],[-108.776797,36.874699],[-108.776792,36.874879],[-108.77724,36.874888]]]},"properties":{"src":"fm"}},{"type":"Feature","geometry":{"type":"Polygon","coordinates":[[[-108.775462,36.874314],[-108.775467,36.874133],[-108.775692,36.874138],[-108.775697,36.873957],[-108.773903,36.873924],[-108.773893,36.874284],[-108.774341,36.874293],[-108.774344,36.874203],[-108.774568,36.874207],[-108.77457,36.874117],[-108.774795,36.874121],[-108.774789,36.874301],[-108.775462,36.874314]]]},"properties":{"src":"fm"}},{"type":"Feature","geometry":{"type":"Polygon","coordinates":[[[-108.777261,36.874167],[-108.777267,36.873987],[-108.777042,36.873983],[-108.777048,36.873802],[-108.776823,36.873798],[-108.776818,36.873978],[-108.776594,36.873974],[-108.776589,36.874154],[-108.777261,36.874167]]]},"properties":{"src":"fm"}},{"type":"Feature","geometry":{"type":"Polygon","coordinates":[[[-108.775921,36.873962],[-108.775926,36.873782],[-108.775702,36.873777],[-108.775697,36.873957],[-108.775921,36.873962]]]},"properties":{"src":"fm"}},{"type":"Feature","geometry":{"type":"Polygon","coordinates":[[[-108.774816,36.8734],[-108.774821,36.87322],[-108.775045,36.873224],[-108.77505,36.873044],[-108.774602,36.873036],[-108.774591,36.873396],[-108.774816,36.8734]]]},"properties":{"src":"fm"}},{"type":"Feature","geometry":{"type":"Polygon","coordinates":[[[-108.775499,36.873052],[-108.775504,36.872872],[-108.77528,36.872868],[-108.775275,36.873048],[-108.775499,36.873052]]]},"properties":{"src":"fm"}},{"type":"Feature","geometry":{"type":"Polygon","coordinates":[[[-108.774156,36.872937],[-108.774164,36.872667],[-108.773715,36.872659],[-108.77371,36.872839],[-108.773934,36.872843],[-108.773932,36.872933],[-108.774156,36.872937]]]},"properties":{"src":"fm"}},{"type":"Feature","geometry":{"type":"Polygon","coordinates":[[[-108.775733,36.872696],[-108.775744,36.872336],[-108.77552,36.872332],[-108.775509,36.872692],[-108.775733,36.872696]]]},"properties":{"src":"fm"}},{"type":"Feature","geometry":{"type":"Polygon","coordinates":[[[-108.771127,36.845932],[-108.771132,36.845752],[-108.77102,36.84575],[-108.771017,36.84584],[-108.770905,36.845838],[-108.770902,36.845928],[-108.771127,36.845932]]]},"properties":{"src":"fm"}},{"type":"Feature","geometry":{"type":"Polygon","coordinates":[[[-108.773071,36.848492],[-108.773076,36.848312],[-108.772852,36.848308],[-108.772847,36.848488],[-108.773071,36.848492]]]},"properties":{"src":"fm"}},{"type":"Feature","geometry":{"type":"Polygon","coordinates":[[[-108.771726,36.848467],[-108.771731,36.848287],[-108.771507,36.848283],[-108.771504,36.848373],[-108.771616,36.848375],[-108.771614,36.848465],[-108.771726,36.848467]]]},"properties":{"src":"fm"}},{"type":"Feature","geometry":{"type":"Polygon","coordinates":[[[-108.773298,36.848407],[-108.7733,36.848316],[-108.773188,36.848314],[-108.773186,36.848404],[-108.773298,36.848407]]]},"properties":{"src":"fm"}},{"type":"Feature","geometry":{"type":"Polygon","coordinates":[[[-108.771507,36.848283],[-108.771512,36.848103],[-108.771288,36.848098],[-108.771283,36.848279],[-108.771507,36.848283]]]},"properties":{"src":"fm"}},{"type":"Feature","geometry":{"type":"Polygon","coordinates":[[[-108.772857,36.848128],[-108.772862,36.847948],[-108.772638,36.847944],[-108.772633,36.848124],[-108.772857,36.848128]]]},"properties":{"src":"fm"}},{"type":"Feature","geometry":{"type":"Polygon","coordinates":[[[-108.771288,36.848098],[-108.771293,36.847918],[-108.771069,36.847914],[-108.771064,36.848094],[-108.771288,36.848098]]]},"properties":{"src":"fm"}},{"type":"Feature","geometry":{"type":"Polygon","coordinates":[[[-108.773319,36.847686],[-108.773321,36.847596],[-108.773209,36.847594],[-108.773206,36.847684],[-108.773319,36.847686]]]},"properties":{"src":"fm"}},{"type":"Feature","geometry":{"type":"Polygon","coordinates":[[[-108.772203,36.847485],[-108.772221,36.846854],[-108.771773,36.846846],[-108.771765,36.847116],[-108.771877,36.847118],[-108.771875,36.847208],[-108.771987,36.84721],[-108.771981,36.84739],[-108.772093,36.847393],[-108.772091,36.847483],[-108.772203,36.847485]]]},"properties":{"src":"fm"}},{"type":"Feature","geometry":{"type":"Polygon","coordinates":[[[-108.772664,36.847043],[-108.77267,36.846863],[-108.772445,36.846858],[-108.772451,36.846678],[-108.772226,36.846674],[-108.772221,36.846854],[-108.772333,36.846856],[-108.772331,36.846946],[-108.772443,36.846948],[-108.77244,36.847039],[-108.772664,36.847043]]]},"properties":{"src":"fm"}},{"type":"Feature","geometry":{"type":"Polygon","coordinates":[[[-108.771773,36.846846],[-108.771778,36.846666],[-108.771554,36.846661],[-108.771549,36.846842],[-108.771773,36.846846]]]},"properties":{"src":"fm"}},{"type":"Feature","geometry":{"type":"Polygon","coordinates":[[[-108.771554,36.846661],[-108.771559,36.846481],[-108.771335,36.846477],[-108.77133,36.846657],[-108.771554,36.846661]]]},"properties":{"src":"fm"}},{"type":"Feature","geometry":{"type":"Polygon","coordinates":[[[-108.772008,36.84649],[-108.772013,36.84631],[-108.771789,36.846305],[-108.771783,36.846485],[-108.772008,36.84649]]]},"properties":{"src":"fm"}},{"type":"Feature","geometry":{"type":"Polygon","coordinates":[[[-108.771335,36.846477],[-108.77134,36.846297],[-108.771116,36.846293],[-108.771121,36.846113],[-108.770897,36.846108],[-108.770887,36.846469],[-108.771335,36.846477]]]},"properties":{"src":"fm"}},{"type":"Feature","geometry":{"type":"Polygon","coordinates":[[[-108.771564,36.846301],[-108.77157,36.846121],[-108.771458,36.846119],[-108.771452,36.846299],[-108.771564,36.846301]]]},"properties":{"src":"fm"}},{"type":"Feature","geometry":{"type":"Polygon","coordinates":[[[-108.771346,36.846117],[-108.771351,36.845937],[-108.771127,36.845932],[-108.771121,36.846113],[-108.771346,36.846117]]]},"properties":{"src":"fm"}},{"type":"Feature","geometry":{"type":"Polygon","coordinates":[[[-108.774275,36.853382],[-108.77428,36.853202],[-108.774056,36.853197],[-108.774051,36.853378],[-108.774275,36.853382]]]},"properties":{"src":"fm"}},{"type":"Feature","geometry":{"type":"Polygon","coordinates":[[[-108.773383,36.853185],[-108.773389,36.853005],[-108.773052,36.852998],[-108.77305,36.853089],[-108.773274,36.853093],[-108.773271,36.853183],[-108.773383,36.853185]]]},"properties":{"src":"fm"}},{"type":"Feature","geometry":{"type":"Polygon","coordinates":[[[-108.77385,36.852563],[-108.773853,36.852473],[-108.77374,36.852471],[-108.773738,36.852561],[-108.77385,36.852563]]]},"properties":{"src":"fm"}},{"type":"Feature","geometry":{"type":"Polygon","coordinates":[[[-108.774285,36.853022],[-108.774306,36.852301],[-108.774082,36.852297],[-108.774072,36.852657],[-108.773399,36.852644],[-108.773404,36.852464],[-108.77318,36.85246],[-108.773177,36.85255],[-108.773289,36.852552],[-108.773287,36.852642],[-108.772951,36.852636],[-108.772945,36.852816],[-108.773618,36.852829],[-108.773615,36.852919],[-108.773727,36.852921],[-108.773725,36.853011],[-108.773837,36.853013],[-108.773842,36.852833],[-108.773954,36.852835],[-108.773952,36.852925],[-108.774064,36.852927],[-108.774061,36.853017],[-108.774285,36.853022]]]},"properties":{"src":"fm"}},{"type":"Feature","geometry":{"type":"Polygon","coordinates":[[[-108.77379,36.854635],[-108.773792,36.854544],[-108.774017,36.854549],[-108.774024,36.854278],[-108.7738,36.854274],[-108.773811,36.853914],[-108.773587,36.85391],[-108.773592,36.85373],[-108.773143,36.853721],[-108.773146,36.853631],[-108.77337,36.853635],[-108.773373,36.853545],[-108.773149,36.853541],[-108.773159,36.853181],[-108.772935,36.853176],[-108.772924,36.853537],[-108.7727,36.853533],[-108.772716,36.852992],[-108.77294,36.852996],[-108.772945,36.852816],[-108.772497,36.852808],[-108.772492,36.852988],[-108.77238,36.852986],[-108.772377,36.853076],[-108.772265,36.853074],[-108.772262,36.853164],[-108.772038,36.85316],[-108.772054,36.852619],[-108.77183,36.852615],[-108.771835,36.852435],[-108.771611,36.852431],[-108.771621,36.85207],[-108.771397,36.852066],[-108.771402,36.851886],[-108.770954,36.851878],[-108.770959,36.851697],[-108.770735,36.851693],[-108.770651,36.854576],[-108.77379,36.854635]],[[-108.771564,36.854052],[-108.77134,36.854048],[-108.771345,36.853868],[-108.771569,36.853872],[-108.771564,36.854052]],[[-108.771499,36.852429],[-108.771387,36.852426],[-108.771389,36.852336],[-108.771501,36.852338],[-108.771499,36.852429]]]},"properties":{"src":"fm"}},{"type":"Feature","geometry":{"type":"Polygon","coordinates":[[[-108.774311,36.852121],[-108.774322,36.85176],[-108.773761,36.85175],[-108.773759,36.85184],[-108.773871,36.851842],[-108.773868,36.851932],[-108.774092,36.851936],[-108.774087,36.852117],[-108.774311,36.852121]]]},"properties":{"src":"fm"}},{"type":"Feature","geometry":{"type":"Polygon","coordinates":[[[-108.77319,36.8521],[-108.773196,36.85192],[-108.773644,36.851928],[-108.773649,36.851748],[-108.772977,36.851735],[-108.772972,36.851915],[-108.772747,36.851911],[-108.772742,36.852091],[-108.77319,36.8521]]]},"properties":{"src":"fm"}},{"type":"Feature","geometry":{"type":"Polygon","coordinates":[[[-108.774155,36.857525],[-108.774207,36.855724],[-108.773983,36.85572],[-108.774014,36.854639],[-108.770651,36.854576],[-108.770568,36.857458],[-108.774155,36.857525]],[[-108.772648,36.855334],[-108.772424,36.85533],[-108.772429,36.85515],[-108.772653,36.855154],[-108.772648,36.855334]],[[-108.772429,36.85515],[-108.772205,36.855146],[-108.77221,36.854965],[-108.772434,36.85497],[-108.772429,36.85515]]]},"properties":{"src":"fm"}},{"type":"Feature","geometry":{"type":"Polygon","coordinates":[[[-108.774071,36.860408],[-108.774155,36.857525],[-108.770568,36.857458],[-108.770505,36.85962],[-108.770729,36.859624],[-108.770724,36.859804],[-108.770499,36.8598],[-108.770484,36.860341],[-108.774071,36.860408]],[[-108.771162,36.860173],[-108.770937,36.860169],[-108.770943,36.859989],[-108.770718,36.859985],[-108.770724,36.859804],[-108.771172,36.859813],[-108.771162,36.860173]],[[-108.772528,36.859478],[-108.772303,36.859474],[-108.772309,36.859293],[-108.772533,36.859298],[-108.772528,36.859478]],[[-108.77197,36.859377],[-108.771858,36.859375],[-108.77186,36.859285],[-108.771972,36.859287],[-108.77197,36.859377]],[[-108.771871,36.858925],[-108.771647,36.85892],[-108.771652,36.85874],[-108.771876,36.858745],[-108.771871,36.858925]],[[-108.773219,36.85886],[-108.772994,36.858856],[-108.772997,36.858766],[-108.773221,36.85877],[-108.773219,36.85886]],[[-108.771652,36.85874],[-108.771428,36.858736],[-108.771433,36.858556],[-108.771657,36.85856],[-108.771652,36.85874]],[[-108.770885,36.858095],[-108.770773,36.858093],[-108.770781,36.857823],[-108.771005,36.857827],[-108.771,36.858007],[-108.770888,36.858005],[-108.770885,36.858095]]]},"properties":{"src":"fm"}},{"type":"Feature","geometry":{"type":"Polygon","coordinates":[[[-108.773763,36.863286],[-108.773768,36.863106],[-108.773993,36.86311],[-108.77404,36.861489],[-108.773143,36.861472],[-108.773145,36.861382],[-108.773033,36.86138],[-108.773031,36.86147],[-108.772694,36.861464],[-108.772697,36.861374],[-108.772585,36.861371],[-108.772587,36.861281],[-108.772027,36.861271],[-108.772032,36.861091],[-108.771584,36.861082],[-108.771586,36.860992],[-108.771474,36.86099],[-108.771472,36.86108],[-108.771135,36.861074],[-108.77113,36.861254],[-108.771579,36.861262],[-108.771573,36.861443],[-108.771798,36.861447],[-108.771792,36.861627],[-108.772017,36.861631],[-108.772011,36.861811],[-108.772684,36.861824],[-108.772679,36.862004],[-108.772903,36.862008],[-108.772892,36.862369],[-108.773229,36.862375],[-108.773226,36.862465],[-108.773114,36.862463],[-108.773111,36.862553],[-108.773336,36.862557],[-108.773315,36.863278],[-108.773763,36.863286]]]},"properties":{"src":"fm"}},{"type":"Feature","geometry":{"type":"Polygon","coordinates":[[[-108.770677,36.861426],[-108.770687,36.861066],[-108.770911,36.86107],[-108.770916,36.86089],[-108.770468,36.860881],[-108.770452,36.861422],[-108.770677,36.861426]]]},"properties":{"src":"fm"}},{"type":"Feature","geometry":{"type":"Polygon","coordinates":[[[-108.770927,36.860529],[-108.77093,36.860439],[-108.770817,36.860437],[-108.770815,36.860527],[-108.770927,36.860529]]]},"properties":{"src":"fm"}},{"type":"Feature","geometry":{"type":"Polygon","coordinates":[[[-108.774055,36.860948],[-108.774071,36.860408],[-108.771156,36.860353],[-108.771151,36.860533],[-108.772048,36.86055],[-108.772045,36.86064],[-108.771933,36.860638],[-108.771931,36.860728],[-108.773164,36.860751],[-108.773161,36.860842],[-108.772825,36.860835],[-108.772822,36.860925],[-108.774055,36.860948]]]},"properties":{"src":"fm"}},{"type":"Feature","geometry":{"type":"Polygon","coordinates":[[[-108.77308,36.863634],[-108.773085,36.863454],[-108.772637,36.863445],[-108.772632,36.863626],[-108.77308,36.863634]]]},"properties":{"src":"fm"}},{"type":"Feature","geometry":{"type":"Polygon","coordinates":[[[-108.773523,36.863823],[-108.773534,36.863462],[-108.773758,36.863466],[-108.773763,36.863286],[-108.773315,36.863278],[-108.773304,36.863638],[-108.77308,36.863634],[-108.773075,36.863814],[-108.773523,36.863823]]]},"properties":{"src":"fm"}},{"type":"Feature","geometry":{"type":"Polygon","coordinates":[[[-108.771353,36.869009],[-108.771359,36.868829],[-108.77091,36.868821],[-108.770916,36.86864],[-108.770467,36.868632],[-108.770462,36.868812],[-108.770238,36.868808],[-108.770232,36.868988],[-108.771353,36.869009]]]},"properties":{"src":"fm"}},{"type":"Feature","geometry":{"type":"Polygon","coordinates":[[[-108.77382,36.869055],[-108.773836,36.868515],[-108.773611,36.868511],[-108.773606,36.868691],[-108.773158,36.868683],[-108.773163,36.868502],[-108.772939,36.868498],[-108.772944,36.868318],[-108.772832,36.868316],[-108.772829,36.868406],[-108.772717,36.868404],[-108.772715,36.868494],[-108.77249,36.86849],[-108.772496,36.86831],[-108.77272,36.868314],[-108.772725,36.868134],[-108.772501,36.868129],[-108.772514,36.867679],[-108.772626,36.867681],[-108.772623,36.867771],[-108.772735,36.867773],[-108.772746,36.867413],[-108.772522,36.867409],[-108.772516,36.867589],[-108.772292,36.867585],[-108.772297,36.867405],[-108.771849,36.867396],[-108.771844,36.867576],[-108.772068,36.867581],[-108.772052,36.868121],[-108.772277,36.868125],[-108.772271,36.868305],[-108.771823,36.868297],[-108.771818,36.868477],[-108.771593,36.868473],[-108.771583,36.868833],[-108.771807,36.868837],[-108.771802,36.869018],[-108.772026,36.869022],[-108.772031,36.868842],[-108.772256,36.868846],[-108.77225,36.869026],[-108.772475,36.86903],[-108.77248,36.86885],[-108.773153,36.868863],[-108.773147,36.869043],[-108.77382,36.869055]],[[-108.772368,36.868848],[-108.772256,36.868846],[-108.772261,36.868666],[-108.772373,36.868668],[-108.772368,36.868848]],[[-108.772146,36.868754],[-108.772034,36.868752],[-108.772037,36.868662],[-108.772149,36.868664],[-108.772146,36.868754]],[[-108.772376,36.868578],[-108.772263,36.868576],[-108.772271,36.868305],[-108.772383,36.868308],[-108.772376,36.868578]]]},"properties":{"src":"fm"}},{"type":"Feature","geometry":{"type":"Polygon","coordinates":[[[-108.773857,36.867794],[-108.773864,36.867524],[-108.773752,36.867522],[-108.77375,36.867612],[-108.773638,36.86761],[-108.773643,36.86743],[-108.77297,36.867417],[-108.772975,36.867237],[-108.772751,36.867233],[-108.772746,36.867413],[-108.772858,36.867415],[-108.772855,36.867505],[-108.772968,36.867507],[-108.772965,36.867597],[-108.773413,36.867606],[-108.773408,36.867786],[-108.773857,36.867794]]]},"properties":{"src":"fm"}},{"type":"Feature","geometry":{"type":"Polygon","coordinates":[[[-108.773867,36.867434],[-108.773872,36.867254],[-108.773648,36.86725],[-108.773643,36.86743],[-108.773867,36.867434]]]},"properties":{"src":"fm"}},{"type":"Feature","geometry":{"type":"Polygon","coordinates":[[[-108.772759,36.866963],[-108.772762,36.866873],[-108.772537,36.866868],[-108.772535,36.866958],[-108.772759,36.866963]]]},"properties":{"src":"fm"}},{"type":"Feature","geometry":{"type":"Polygon","coordinates":[[[-108.773736,36.871938],[-108.773742,36.871758],[-108.773517,36.871754],[-108.773512,36.871934],[-108.773736,36.871938]]]},"properties":{"src":"fm"}},{"type":"Feature","geometry":{"type":"Polygon","coordinates":[[[-108.770826,36.871703],[-108.770842,36.871163],[-108.770618,36.871158],[-108.770613,36.871339],[-108.770388,36.871334],[-108.770378,36.871695],[-108.770826,36.871703]]]},"properties":{"src":"fm"}},{"type":"Feature","geometry":{"type":"Polygon","coordinates":[[[-108.770621,36.871068],[-108.770623,36.870978],[-108.770511,36.870976],[-108.770508,36.871066],[-108.770621,36.871068]]]},"properties":{"src":"fm"}},{"type":"Feature","geometry":{"type":"Polygon","coordinates":[[[-108.771087,36.870446],[-108.771093,36.870266],[-108.771317,36.87027],[-108.771322,36.87009],[-108.771546,36.870094],[-108.771552,36.869914],[-108.771776,36.869918],[-108.771781,36.869738],[-108.772005,36.869742],[-108.772,36.869923],[-108.772448,36.869931],[-108.772454,36.869751],[-108.772229,36.869747],[-108.772235,36.869566],[-108.77201,36.869562],[-108.772016,36.869382],[-108.771791,36.869378],[-108.771797,36.869198],[-108.771685,36.869196],[-108.771679,36.869376],[-108.771567,36.869374],[-108.771572,36.869194],[-108.77146,36.869191],[-108.771458,36.869282],[-108.771346,36.869279],[-108.771353,36.869009],[-108.770905,36.869001],[-108.7709,36.869181],[-108.771124,36.869185],[-108.771119,36.869365],[-108.771231,36.869367],[-108.771228,36.869457],[-108.771116,36.869455],[-108.771114,36.869545],[-108.770441,36.869533],[-108.770451,36.869173],[-108.770227,36.869168],[-108.77019,36.870429],[-108.771087,36.870446]],[[-108.771562,36.869554],[-108.771338,36.86955],[-108.771343,36.86937],[-108.771567,36.869374],[-108.771562,36.869554]]]},"properties":{"src":"fm"}},{"type":"Feature","geometry":{"type":"Polygon","coordinates":[[[-108.773815,36.869236],[-108.77382,36.869055],[-108.773372,36.869047],[-108.773366,36.869227],[-108.773815,36.869236]]]},"properties":{"src":"fm"}},{"type":"Feature","geometry":{"type":"Polygon","coordinates":[[[-108.772469,36.86921],[-108.772475,36.86903],[-108.772026,36.869022],[-108.772021,36.869202],[-108.772469,36.86921]]]},"properties":{"src":"fm"}},{"type":"Feature","geometry":{"type":"Polygon","coordinates":[[[-108.770006,36.845911],[-108.770011,36.845731],[-108.769339,36.845719],[-108.769333,36.845899],[-108.769558,36.845903],[-108.76956,36.845813],[-108.769896,36.845819],[-108.769894,36.845909],[-108.770006,36.845911]]]},"properties":{"src":"fm"}},{"type":"Feature","geometry":{"type":"Polygon","coordinates":[[[-108.770908,36.845748],[-108.770913,36.845568],[-108.770689,36.845564],[-108.770684,36.845744],[-108.770908,36.845748]]]},"properties":{"src":"fm"}},{"type":"Feature","geometry":{"type":"Polygon","coordinates":[[[-108.768585,36.848498],[-108.768588,36.848408],[-108.768475,36.848406],[-108.768473,36.848496],[-108.768585,36.848498]]]},"properties":{"src":"fm"}},{"type":"Feature","geometry":{"type":"Polygon","coordinates":[[[-108.767905,36.848756],[-108.767915,36.848396],[-108.767691,36.848391],[-108.767696,36.848211],[-108.767248,36.848203],[-108.767243,36.848383],[-108.767467,36.848387],[-108.767462,36.848567],[-108.767574,36.84857],[-108.767568,36.84875],[-108.767905,36.848756]]]},"properties":{"src":"fm"}},{"type":"Feature","geometry":{"type":"Polygon","coordinates":[[[-108.770172,36.847897],[-108.770178,36.847717],[-108.769729,36.847709],[-108.769724,36.847889],[-108.770172,36.847897]]]},"properties":{"src":"fm"}},{"type":"Feature","geometry":{"type":"Polygon","coordinates":[[[-108.770848,36.84782],[-108.77085,36.84773],[-108.770626,36.847726],[-108.770623,36.847816],[-108.770848,36.84782]]]},"properties":{"src":"fm"}},{"type":"Feature","geometry":{"type":"Polygon","coordinates":[[[-108.767488,36.847667],[-108.767493,36.847486],[-108.767269,36.847482],[-108.767264,36.847662],[-108.767488,36.847667]]]},"properties":{"src":"fm"}},{"type":"Feature","geometry":{"type":"Polygon","coordinates":[[[-108.769719,36.848069],[-108.769724,36.847889],[-108.769276,36.84788],[-108.769281,36.8477],[-108.769057,36.847696],[-108.769062,36.847516],[-108.768614,36.847508],[-108.768619,36.847327],[-108.768395,36.847323],[-108.768387,36.847593],[-108.768611,36.847598],[-108.768609,36.847688],[-108.768833,36.847692],[-108.768827,36.847872],[-108.769052,36.847876],[-108.769046,36.848056],[-108.769719,36.848069]]]},"properties":{"src":"fm"}},{"type":"Feature","geometry":{"type":"Polygon","coordinates":[[[-108.770404,36.847631],[-108.770407,36.847541],[-108.770183,36.847537],[-108.770188,36.847357],[-108.769964,36.847353],[-108.769959,36.847533],[-108.770071,36.847535],[-108.770068,36.847625],[-108.770404,36.847631]]]},"properties":{"src":"fm"}},{"type":"Feature","geometry":{"type":"Polygon","coordinates":[[[-108.769745,36.847168],[-108.76975,36.846988],[-108.769638,36.846986],[-108.769636,36.847076],[-108.769523,36.847074],[-108.769521,36.847164],[-108.769745,36.847168]]]},"properties":{"src":"fm"}},{"type":"Feature","geometry":{"type":"Polygon","coordinates":[[[-108.768395,36.847323],[-108.768405,36.846963],[-108.767733,36.84695],[-108.767738,36.84677],[-108.76729,36.846762],[-108.767279,36.847122],[-108.767503,36.847126],[-108.767498,36.847306],[-108.767947,36.847315],[-108.767952,36.847135],[-108.768064,36.847137],[-108.768061,36.847227],[-108.768173,36.847229],[-108.768171,36.847319],[-108.768395,36.847323]]]},"properties":{"src":"fm"}},{"type":"Feature","geometry":{"type":"Polygon","coordinates":[[[-108.769305,36.84689],[-108.769307,36.8468],[-108.769195,36.846797],[-108.769192,36.846887],[-108.769305,36.84689]]]},"properties":{"src":"fm"}},{"type":"Feature","geometry":{"type":"Polygon","coordinates":[[[-108.768859,36.846791],[-108.768864,36.846611],[-108.76864,36.846607],[-108.768645,36.846427],[-108.768197,36.846418],[-108.768192,36.846598],[-108.767967,36.846594],[-108.767962,36.846774],[-108.768859,36.846791]]]},"properties":{"src":"fm"}},{"type":"Feature","geometry":{"type":"Polygon","coordinates":[[[-108.767746,36.8465],[-108.767749,36.84641],[-108.767636,36.846408],[-108.767634,36.846498],[-108.767746,36.8465]]]},"properties":{"src":"fm"}},{"type":"Feature","geometry":{"type":"Polygon","coordinates":[[[-108.767973,36.846414],[-108.767978,36.846234],[-108.767754,36.84623],[-108.767749,36.84641],[-108.767973,36.846414]]]},"properties":{"src":"fm"}},{"type":"Feature","geometry":{"type":"Polygon","coordinates":[[[-108.769323,36.846259],[-108.769328,36.846079],[-108.76888,36.84607],[-108.768875,36.846251],[-108.769323,36.846259]]]},"properties":{"src":"fm"}},{"type":"Feature","geometry":{"type":"Polygon","coordinates":[[[-108.770892,36.846288],[-108.770902,36.845928],[-108.77023,36.845916],[-108.770227,36.846006],[-108.770339,36.846008],[-108.770337,36.846098],[-108.770449,36.8461],[-108.770452,36.84601],[-108.770676,36.846014],[-108.770668,36.846284],[-108.770892,36.846288]]]},"properties":{"src":"fm"}},{"type":"Feature","geometry":{"type":"Polygon","coordinates":[[[-108.767372,36.85163],[-108.767378,36.85145],[-108.767153,36.851446],[-108.767148,36.851626],[-108.767372,36.85163]]]},"properties":{"src":"fm"}},{"type":"Feature","geometry":{"type":"Polygon","coordinates":[[[-108.770062,36.851681],[-108.770065,36.85159],[-108.770289,36.851595],[-108.770292,36.851505],[-108.769844,36.851496],[-108.769838,36.851676],[-108.770062,36.851681]]]},"properties":{"src":"fm"}},{"type":"Feature","geometry":{"type":"Polygon","coordinates":[[[-108.768269,36.851647],[-108.768306,36.850386],[-108.768082,36.850382],[-108.768087,36.850201],[-108.767639,36.850193],[-108.767633,36.850373],[-108.767857,36.850377],[-108.767852,36.850558],[-108.767404,36.850549],[-108.767401,36.850639],[-108.767513,36.850641],[-108.767511,36.850731],[-108.767623,36.850733],[-108.767604,36.851364],[-108.767829,36.851368],[-108.767826,36.851458],[-108.767602,36.851454],[-108.767597,36.851634],[-108.768269,36.851647]]]},"properties":{"src":"fm"}},{"type":"Feature","geometry":{"type":"Polygon","coordinates":[[[-108.770078,36.85114],[-108.770083,36.85096],[-108.770308,36.850964],[-108.770313,36.850784],[-108.770537,36.850788],[-108.770547,36.850428],[-108.770772,36.850432],[-108.770793,36.849711],[-108.770568,36.849707],[-108.770574,36.849527],[-108.770798,36.849531],[-108.770803,36.849351],[-108.770018,36.849336],[-108.770016,36.849427],[-108.77024,36.849431],[-108.770237,36.849521],[-108.770125,36.849519],[-108.770115,36.849879],[-108.770003,36.849877],[-108.77,36.849967],[-108.770112,36.849969],[-108.77011,36.850059],[-108.769773,36.850053],[-108.769771,36.850143],[-108.769883,36.850145],[-108.76988,36.850235],[-108.769656,36.850231],[-108.769653,36.850321],[-108.769765,36.850323],[-108.769763,36.850413],[-108.769651,36.850411],[-108.769648,36.850501],[-108.76976,36.850503],[-108.769758,36.850593],[-108.769646,36.850591],[-108.76964,36.850771],[-108.769864,36.850776],[-108.769857,36.851046],[-108.769969,36.851048],[-108.769966,36.851138],[-108.770078,36.85114]]]},"properties":{"src":"fm"}},{"type":"Feature","geometry":{"type":"Polygon","coordinates":[[[-108.770581,36.849257],[-108.770584,36.849167],[-108.77036,36.849163],[-108.770357,36.849253],[-108.770581,36.849257]]]},"properties":{"src":"fm"}},{"type":"Feature","geometry":{"type":"Polygon","coordinates":[[[-108.767644,36.850013],[-108.767654,36.849653],[-108.767878,36.849657],[-108.767884,36.849477],[-108.768108,36.849481],[-108.768118,36.849121],[-108.767894,36.849116],[-108.767899,36.848936],[-108.768124,36.84894],[-108.768129,36.84876],[-108.767793,36.848754],[-108.76779,36.848844],[-108.767678,36.848842],[-108.76768,36.848752],[-108.767232,36.848743],[-108.767198,36.849914],[-108.76731,36.849916],[-108.767307,36.850007],[-108.767644,36.850013]]]},"properties":{"src":"fm"}},{"type":"Feature","geometry":{"type":"Polygon","coordinates":[[[-108.770651,36.854576],[-108.77073,36.851873],[-108.770506,36.851869],[-108.770511,36.851689],[-108.769838,36.851676],[-108.769833,36.851857],[-108.770057,36.851861],[-108.770052,36.852041],[-108.769155,36.852024],[-108.76915,36.852204],[-108.768926,36.8522],[-108.768931,36.85202],[-108.768483,36.852011],[-108.768488,36.851831],[-108.768264,36.851827],[-108.768269,36.851647],[-108.767148,36.851626],[-108.767085,36.853788],[-108.767534,36.853796],[-108.767531,36.853886],[-108.767643,36.853888],[-108.767638,36.854068],[-108.76775,36.854071],[-108.767747,36.854161],[-108.767523,36.854156],[-108.767518,36.854337],[-108.76707,36.854328],[-108.767064,36.854508],[-108.770651,36.854576]],[[-108.767966,36.854345],[-108.767742,36.854341],[-108.767747,36.854161],[-108.767859,36.854163],[-108.767857,36.854253],[-108.767969,36.854255],[-108.767966,36.854345]],[[-108.770047,36.852221],[-108.769823,36.852217],[-108.769825,36.852127],[-108.770049,36.852131],[-108.770047,36.852221]]]},"properties":{"src":"fm"}},{"type":"Feature","geometry":{"type":"Polygon","coordinates":[[[-108.768552,36.85733],[-108.768555,36.85724],[-108.768443,36.857238],[-108.76844,36.857328],[-108.768552,36.85733]]]},"properties":{"src":"fm"}},{"type":"Feature","geometry":{"type":"Polygon","coordinates":[[[-108.768101,36.857412],[-108.768112,36.857052],[-108.767888,36.857047],[-108.767893,36.856867],[-108.767781,36.856865],[-108.767778,36.856955],[-108.767666,36.856953],[-108.767653,36.857403],[-108.768101,36.857412]]]},"properties":{"src":"fm"}},{"type":"Feature","geometry":{"type":"Polygon","coordinates":[[[-108.767429,36.857399],[-108.767434,36.857219],[-108.76721,36.857215],[-108.76722,36.856855],[-108.766996,36.85685],[-108.76698,36.857391],[-108.767429,36.857399]]]},"properties":{"src":"fm"}},{"type":"Feature","geometry":{"type":"Polygon","coordinates":[[[-108.770568,36.857458],[-108.770651,36.854576],[-108.767961,36.854525],[-108.767956,36.854705],[-108.767507,36.854697],[-108.767513,36.854517],[-108.767064,36.854508],[-108.767001,36.85667],[-108.767898,36.856687],[-108.767896,36.856777],[-108.76812,36.856781],[-108.768117,36.856871],[-108.768341,36.856876],[-108.768347,36.856695],[-108.768571,36.8567],[-108.768555,36.85724],[-108.768667,36.857242],[-108.768665,36.857332],[-108.768777,36.857334],[-108.768774,36.857425],[-108.769222,36.857433],[-108.769228,36.857253],[-108.768779,36.857244],[-108.768784,36.857064],[-108.769457,36.857077],[-108.769447,36.857437],[-108.770568,36.857458]],[[-108.769942,36.855824],[-108.769718,36.85582],[-108.769723,36.85564],[-108.769947,36.855644],[-108.769942,36.855824]],[[-108.768717,36.855531],[-108.768605,36.855529],[-108.768607,36.855439],[-108.76872,36.855441],[-108.768717,36.855531]],[[-108.769056,36.855447],[-108.768832,36.855443],[-108.768837,36.855263],[-108.769173,36.855269],[-108.769171,36.855359],[-108.769058,36.855357],[-108.769056,36.855447]],[[-108.768837,36.855263],[-108.76794,36.855246],[-108.767945,36.855066],[-108.768842,36.855082],[-108.768837,36.855263]],[[-108.768175,36.85489],[-108.767726,36.854881],[-108.767729,36.854791],[-108.767953,36.854795],[-108.767956,36.854705],[-108.76818,36.85471],[-108.768175,36.85489]]]},"properties":{"src":"fm"}},{"type":"Feature","geometry":{"type":"Polygon","coordinates":[[[-108.767121,36.860278],[-108.767131,36.859917],[-108.766907,36.859913],[-108.766897,36.860273],[-108.767121,36.860278]]]},"properties":{"src":"fm"}},{"type":"Feature","geometry":{"type":"Polygon","coordinates":[[[-108.770484,36.860341],[-108.770515,36.85926],[-108.770291,36.859256],[-108.770301,36.858895],[-108.770526,36.858899],[-108.770552,36.857999],[-108.770328,36.857994],[-108.770333,36.857814],[-108.770557,36.857818],[-108.770568,36.857458],[-108.769334,36.857435],[-108.769332,36.857525],[-108.76922,36.857523],[-108.769222,36.857433],[-108.768998,36.857429],[-108.768993,36.857609],[-108.769217,36.857613],[-108.769212,36.857793],[-108.768876,36.857787],[-108.768873,36.857877],[-108.768985,36.857879],[-108.768982,36.857969],[-108.768534,36.857961],[-108.768539,36.857781],[-108.768315,36.857776],[-108.76832,36.857596],[-108.768096,36.857592],[-108.768101,36.857412],[-108.767541,36.857401],[-108.767538,36.857491],[-108.767426,36.857489],[-108.767429,36.857399],[-108.76698,36.857391],[-108.766954,36.858292],[-108.767178,36.858296],[-108.767176,36.858386],[-108.767064,36.858384],[-108.767061,36.858474],[-108.767173,36.858476],[-108.767168,36.858656],[-108.767392,36.85866],[-108.767387,36.85884],[-108.767611,36.858845],[-108.767606,36.859025],[-108.76783,36.859029],[-108.767825,36.859209],[-108.768049,36.859213],[-108.768044,36.859394],[-108.768268,36.859398],[-108.768263,36.859578],[-108.767814,36.85957],[-108.767809,36.85975],[-108.768033,36.859754],[-108.768031,36.859844],[-108.767919,36.859842],[-108.767916,36.859932],[-108.768252,36.859938],[-108.76825,36.860028],[-108.768138,36.860026],[-108.768135,36.860116],[-108.770041,36.860152],[-108.770035,36.860332],[-108.770484,36.860341]],[[-108.769045,36.859683],[-108.768933,36.859681],[-108.768935,36.859591],[-108.769047,36.859593],[-108.769045,36.859683]],[[-108.770301,36.858895],[-108.770077,36.858891],[-108.770082,36.858711],[-108.770307,36.858715],[-108.770301,36.858895]],[[-108.770088,36.858531],[-108.769864,36.858526],[-108.769869,36.858346],[-108.770093,36.858351],[-108.770088,36.858531]],[[-108.769639,36.858522],[-108.768967,36.85851],[-108.768977,36.858149],[-108.769201,36.858154],[-108.769207,36.857973],[-108.769655,36.857982],[-108.769639,36.858522]],[[-108.768862,36.858237],[-108.76875,36.858235],[-108.768753,36.858145],[-108.768865,36.858147],[-108.768862,36.858237]],[[-108.769092,36.858061],[-108.76898,36.858059],[-108.768982,36.857969],[-108.769095,36.857971],[-108.769092,36.858061]],[[-108.769321,36.857885],[-108.769209,36.857883],[-108.769212,36.857793],[-108.769324,36.857795],[-108.769321,36.857885]]]},"properties":{"src":"fm"}},{"type":"Feature","geometry":{"type":"Polygon","coordinates":[[[-108.768323,36.857506],[-108.768326,36.857416],[-108.768214,36.857414],[-108.768211,36.857504],[-108.768323,36.857506]]]},"properties":{"src":"fm"}},{"type":"Feature","geometry":{"type":"Polygon","coordinates":[[[-108.769769,36.861769],[-108.769774,36.861589],[-108.769326,36.861581],[-108.769321,36.861761],[-108.769769,36.861769]]]},"properties":{"src":"fm"}},{"type":"Feature","geometry":{"type":"Polygon","coordinates":[[[-108.769326,36.861581],[-108.769331,36.861401],[-108.768883,36.861392],[-108.768878,36.861572],[-108.769326,36.861581]]]},"properties":{"src":"fm"}},{"type":"Feature","geometry":{"type":"Polygon","coordinates":[[[-108.770452,36.861422],[-108.770458,36.861241],[-108.770233,36.861237],[-108.770228,36.861417],[-108.770452,36.861422]]]},"properties":{"src":"fm"}},{"type":"Feature","geometry":{"type":"Polygon","coordinates":[[[-108.767762,36.861371],[-108.767767,36.861191],[-108.767543,36.861187],[-108.767538,36.861367],[-108.767762,36.861371]]]},"properties":{"src":"fm"}},{"type":"Feature","geometry":{"type":"Polygon","coordinates":[[[-108.768883,36.861392],[-108.768891,36.861122],[-108.768779,36.86112],[-108.768776,36.86121],[-108.768664,36.861208],[-108.768659,36.861388],[-108.768883,36.861392]]]},"properties":{"src":"fm"}},{"type":"Feature","geometry":{"type":"Polygon","coordinates":[[[-108.770463,36.861061],[-108.770468,36.860881],[-108.770356,36.860879],[-108.770351,36.861059],[-108.770463,36.861061]]]},"properties":{"src":"fm"}},{"type":"Feature","geometry":{"type":"Polygon","coordinates":[[[-108.768664,36.861208],[-108.76868,36.860667],[-108.768455,36.860663],[-108.76845,36.860843],[-108.768226,36.860839],[-108.768216,36.861199],[-108.768664,36.861208]]]},"properties":{"src":"fm"}},{"type":"Feature","geometry":{"type":"Polygon","coordinates":[[[-108.770233,36.861237],[-108.770239,36.861057],[-108.76979,36.861049],[-108.769795,36.860869],[-108.770244,36.860877],[-108.770249,36.860697],[-108.769464,36.860682],[-108.769462,36.860772],[-108.76935,36.86077],[-108.769352,36.86068],[-108.76924,36.860678],[-108.769238,36.860768],[-108.769125,36.860766],[-108.769123,36.860856],[-108.768899,36.860852],[-108.768893,36.861032],[-108.769118,36.861036],[-108.769112,36.861216],[-108.769337,36.86122],[-108.769342,36.86104],[-108.769566,36.861044],[-108.769561,36.861225],[-108.770233,36.861237]]]},"properties":{"src":"fm"}},{"type":"Feature","geometry":{"type":"Polygon","coordinates":[[[-108.769125,36.860766],[-108.769128,36.860676],[-108.769016,36.860674],[-108.769013,36.860764],[-108.769125,36.860766]]]},"properties":{"src":"fm"}},{"type":"Feature","geometry":{"type":"Polygon","coordinates":[[[-108.767319,36.861183],[-108.767329,36.860822],[-108.767553,36.860826],[-108.767548,36.861007],[-108.767997,36.861015],[-108.768002,36.860835],[-108.767778,36.860831],[-108.767788,36.86047],[-108.76734,36.860462],[-108.767345,36.860282],[-108.766897,36.860273],[-108.76687,36.861174],[-108.767319,36.861183]],[[-108.767329,36.860822],[-108.767105,36.860818],[-108.767108,36.860728],[-108.767332,36.860732],[-108.767329,36.860822]]]},"properties":{"src":"fm"}},{"type":"Feature","geometry":{"type":"Polygon","coordinates":[[[-108.76903,36.87176],[-108.769033,36.871669],[-108.76892,36.871667],[-108.768918,36.871757],[-108.76903,36.87176]]]},"properties":{"src":"fm"}},{"type":"Feature","geometry":{"type":"Polygon","coordinates":[[[-108.770175,36.87097],[-108.77018,36.87079],[-108.769956,36.870786],[-108.769951,36.870966],[-108.770175,36.87097]]]},"properties":{"src":"fm"}},{"type":"Feature","geometry":{"type":"Polygon","coordinates":[[[-108.770193,36.870339],[-108.770196,36.870249],[-108.770084,36.870247],[-108.770081,36.870337],[-108.770193,36.870339]]]},"properties":{"src":"fm"}},{"type":"Feature","geometry":{"type":"Polygon","coordinates":[[[-108.76813,36.871833],[-108.768136,36.871653],[-108.767911,36.871648],[-108.767927,36.871108],[-108.768151,36.871112],[-108.768162,36.870752],[-108.768386,36.870756],[-108.768376,36.871116],[-108.7686,36.871121],[-108.76861,36.87076],[-108.768835,36.870764],[-108.76884,36.870584],[-108.768616,36.87058],[-108.768621,36.8704],[-108.768845,36.870404],[-108.76885,36.870224],[-108.769075,36.870228],[-108.769069,36.870408],[-108.769742,36.870421],[-108.769752,36.870061],[-108.770201,36.870069],[-108.770232,36.868988],[-108.770008,36.868984],[-108.770003,36.869164],[-108.76933,36.869151],[-108.769325,36.869332],[-108.769101,36.869327],[-108.769096,36.869508],[-108.768871,36.869503],[-108.768866,36.869684],[-108.768642,36.869679],[-108.768637,36.869859],[-108.768412,36.869855],[-108.768407,36.870035],[-108.768183,36.870031],[-108.768193,36.869671],[-108.768081,36.869669],[-108.768079,36.869759],[-108.767967,36.869757],[-108.767959,36.870027],[-108.767734,36.870023],[-108.767729,36.870203],[-108.767505,36.870199],[-108.76751,36.870019],[-108.767398,36.870016],[-108.767395,36.870107],[-108.767283,36.870104],[-108.767286,36.870014],[-108.767062,36.87001],[-108.767072,36.86965],[-108.766848,36.869646],[-108.766853,36.869465],[-108.766629,36.869461],[-108.766613,36.870002],[-108.766838,36.870006],[-108.766832,36.870186],[-108.76672,36.870184],[-108.766718,36.870274],[-108.766605,36.870272],[-108.766598,36.870542],[-108.767494,36.870559],[-108.767484,36.870919],[-108.76726,36.870915],[-108.767254,36.871095],[-108.76703,36.871091],[-108.767025,36.871271],[-108.766801,36.871267],[-108.766796,36.871447],[-108.766571,36.871443],[-108.766561,36.871803],[-108.766785,36.871807],[-108.76679,36.871627],[-108.767239,36.871636],[-108.767234,36.871816],[-108.76813,36.871833]],[[-108.767572,36.871732],[-108.76746,36.87173],[-108.767468,36.87146],[-108.767692,36.871464],[-108.767687,36.871644],[-108.767575,36.871642],[-108.767572,36.871732]],[[-108.767833,36.870475],[-108.767721,36.870473],[-108.767729,36.870203],[-108.767953,36.870207],[-108.767948,36.870387],[-108.767836,36.870385],[-108.767833,36.870475]]]},"properties":{"src":"fm"}},{"type":"Feature","geometry":{"type":"Polygon","coordinates":[[[-108.767397,36.873892],[-108.7674,36.873802],[-108.767288,36.8738],[-108.767285,36.87389],[-108.767397,36.873892]]]},"properties":{"src":"fm"}},{"type":"Feature","geometry":{"type":"Polygon","coordinates":[[[-108.766925,36.874694],[-108.766946,36.873974],[-108.767171,36.873978],[-108.767176,36.873798],[-108.766952,36.873793],[-108.766957,36.873613],[-108.766508,36.873605],[-108.766503,36.873785],[-108.766727,36.873789],[-108.766717,36.874149],[-108.766605,36.874147],[-108.766602,36.874237],[-108.766714,36.87424],[-108.766712,36.87433],[-108.766487,36.874325],[-108.766477,36.874686],[-108.766925,36.874694]]]},"properties":{"src":"fm"}},{"type":"Feature","geometry":{"type":"Polygon","coordinates":[[[-108.767181,36.873617],[-108.767186,36.873437],[-108.766962,36.873433],[-108.766957,36.873613],[-108.767181,36.873617]]]},"properties":{"src":"fm"}},{"type":"Feature","geometry":{"type":"Polygon","coordinates":[[[-108.766751,36.872978],[-108.766754,36.872888],[-108.766641,36.872886],[-108.766639,36.872976],[-108.766751,36.872978]]]},"properties":{"src":"fm"}},{"type":"Feature","geometry":{"type":"Polygon","coordinates":[[[-108.767864,36.87327],[-108.767869,36.87309],[-108.767645,36.873085],[-108.767656,36.872725],[-108.768104,36.872734],[-108.768099,36.872914],[-108.768547,36.872922],[-108.768542,36.873102],[-108.768766,36.873106],[-108.768774,36.872836],[-108.768999,36.87284],[-108.769006,36.87257],[-108.768558,36.872562],[-108.768563,36.872382],[-108.768787,36.872386],[-108.768785,36.872476],[-108.769009,36.87248],[-108.769012,36.87239],[-108.769236,36.872394],[-108.769241,36.872214],[-108.769465,36.872218],[-108.769476,36.871858],[-108.769027,36.87185],[-108.769022,36.87203],[-108.768349,36.872017],[-108.768355,36.871837],[-108.767906,36.871829],[-108.767901,36.872009],[-108.767677,36.872004],[-108.767682,36.871824],[-108.767458,36.87182],[-108.767445,36.872271],[-108.767557,36.872273],[-108.767554,36.872363],[-108.767218,36.872356],[-108.767213,36.872537],[-108.766988,36.872532],[-108.766967,36.873253],[-108.767192,36.873257],[-108.767202,36.872897],[-108.767426,36.872901],[-108.767416,36.873261],[-108.767864,36.87327]],[[-108.768563,36.872382],[-108.768115,36.872373],[-108.76812,36.872193],[-108.768568,36.872201],[-108.768563,36.872382]],[[-108.767781,36.872277],[-108.767669,36.872275],[-108.767671,36.872185],[-108.767784,36.872187],[-108.767781,36.872277]],[[-108.768681,36.872204],[-108.768568,36.872201],[-108.768571,36.872111],[-108.768683,36.872114],[-108.768681,36.872204]]]},"properties":{"src":"fm"}},{"type":"Feature","geometry":{"type":"Polygon","coordinates":[[[-108.766759,36.872708],[-108.766775,36.872168],[-108.766999,36.872172],[-108.767004,36.871992],[-108.76678,36.871988],[-108.766785,36.871807],[-108.766561,36.871803],[-108.766535,36.872704],[-108.766759,36.872708]]]},"properties":{"src":"fm"}},{"type":"Feature","geometry":{"type":"Polygon","coordinates":[[[-108.768443,36.876525],[-108.768448,36.876345],[-108.768224,36.876341],[-108.768218,36.876521],[-108.768443,36.876525]]]},"properties":{"src":"fm"}},{"type":"Feature","geometry":{"type":"Polygon","coordinates":[[[-108.768669,36.876439],[-108.768672,36.876349],[-108.76856,36.876347],[-108.768557,36.876437],[-108.768669,36.876439]]]},"properties":{"src":"fm"}},{"type":"Feature","geometry":{"type":"Polygon","coordinates":[[[-108.769981,36.877636],[-108.769991,36.877275],[-108.769767,36.877271],[-108.769778,36.876911],[-108.769553,36.876907],[-108.769569,36.876366],[-108.769793,36.87637],[-108.769788,36.87655],[-108.770012,36.876555],[-108.770023,36.876194],[-108.769799,36.87619],[-108.769804,36.87601],[-108.76958,36.876006],[-108.769574,36.876186],[-108.76935,36.876182],[-108.769345,36.876362],[-108.769121,36.876358],[-108.769118,36.876448],[-108.769342,36.876452],[-108.76934,36.876542],[-108.769115,36.876538],[-108.76911,36.876718],[-108.768886,36.876714],[-108.768891,36.876534],[-108.768443,36.876525],[-108.768437,36.876705],[-108.768662,36.87671],[-108.768656,36.87689],[-108.768881,36.876894],[-108.768875,36.877074],[-108.769324,36.877083],[-108.769319,36.877263],[-108.769543,36.877267],[-108.769538,36.877447],[-108.769762,36.877451],[-108.769757,36.877631],[-108.769981,36.877636]]]},"properties":{"src":"fm"}},{"type":"Feature","geometry":{"type":"Polygon","coordinates":[[[-108.769585,36.875826],[-108.76959,36.875645],[-108.769366,36.875641],[-108.769361,36.875821],[-108.769585,36.875826]]]},"properties":{"src":"fm"}},{"type":"Feature","geometry":{"type":"Polygon","coordinates":[[[-108.769606,36.875105],[-108.769611,36.874925],[-108.769387,36.874921],[-108.769384,36.875011],[-108.769496,36.875013],[-108.769494,36.875103],[-108.769606,36.875105]]]},"properties":{"src":"fm"}},{"type":"Feature","geometry":{"type":"Polygon","coordinates":[[[-108.76668,36.875411],[-108.766696,36.87487],[-108.76692,36.874874],[-108.766925,36.874694],[-108.766477,36.874686],[-108.766456,36.875406],[-108.76668,36.875411]]]},"properties":{"src":"fm"}},{"type":"Feature","geometry":{"type":"Polygon","coordinates":[[[-108.769939,36.879077],[-108.769944,36.878897],[-108.76972,36.878893],[-108.769715,36.879073],[-108.769939,36.879077]]]},"properties":{"src":"fm"}},{"type":"Feature","geometry":{"type":"Polygon","coordinates":[[[-108.765763,36.845291],[-108.765768,36.845111],[-108.765544,36.845107],[-108.765538,36.845287],[-108.765763,36.845291]]]},"properties":{"src":"fm"}},{"type":"Feature","geometry":{"type":"Polygon","coordinates":[[[-108.765557,36.844656],[-108.765559,36.844566],[-108.765447,36.844564],[-108.765445,36.844654],[-108.765557,36.844656]]]},"properties":{"src":"fm"}},{"type":"Feature","geometry":{"type":"Polygon","coordinates":[[[-108.765111,36.844558],[-108.765116,36.844377],[-108.764892,36.844373],[-108.764887,36.844553],[-108.765111,36.844558]]]},"properties":{"src":"fm"}},{"type":"Feature","geometry":{"type":"Polygon","coordinates":[[[-108.764665,36.844459],[-108.764668,36.844369],[-108.764444,36.844365],[-108.764441,36.844455],[-108.764665,36.844459]]]},"properties":{"src":"fm"}},{"type":"Feature","geometry":{"type":"Polygon","coordinates":[[[-108.765971,36.845836],[-108.765976,36.845655],[-108.765864,36.845653],[-108.765862,36.845743],[-108.765749,36.845741],[-108.765752,36.845651],[-108.765528,36.845647],[-108.765538,36.845287],[-108.765426,36.845285],[-108.765424,36.845375],[-108.765312,36.845373],[-108.76532,36.845102],[-108.765095,36.845098],[-108.765106,36.844738],[-108.764882,36.844734],[-108.764887,36.844553],[-108.764663,36.844549],[-108.764658,36.844729],[-108.764209,36.844721],[-108.76422,36.844361],[-108.763996,36.844356],[-108.764001,36.844176],[-108.763777,36.844172],[-108.763756,36.844893],[-108.76398,36.844897],[-108.763969,36.845257],[-108.764194,36.845261],[-108.764178,36.845802],[-108.764402,36.845806],[-108.764412,36.845446],[-108.764637,36.84545],[-108.764631,36.84563],[-108.76508,36.845639],[-108.765074,36.845819],[-108.765971,36.845836]]]},"properties":{"src":"fm"}},{"type":"Feature","geometry":{"type":"Polygon","coordinates":[[[-108.764673,36.844189],[-108.764679,36.844009],[-108.764454,36.844004],[-108.764449,36.844185],[-108.764673,36.844189]]]},"properties":{"src":"fm"}},{"type":"Feature","geometry":{"type":"Polygon","coordinates":[[[-108.766784,36.848735],[-108.766789,36.848555],[-108.766565,36.848551],[-108.76656,36.848731],[-108.766784,36.848735]]]},"properties":{"src":"fm"}},{"type":"Feature","geometry":{"type":"Polygon","coordinates":[[[-108.764542,36.848693],[-108.764547,36.848513],[-108.764099,36.848504],[-108.764096,36.848594],[-108.764321,36.848598],[-108.764318,36.848689],[-108.764542,36.848693]]]},"properties":{"src":"fm"}},{"type":"Feature","geometry":{"type":"Polygon","coordinates":[[[-108.76387,36.84868],[-108.763875,36.8485],[-108.763651,36.848496],[-108.763645,36.848676],[-108.76387,36.84868]]]},"properties":{"src":"fm"}},{"type":"Feature","geometry":{"type":"Polygon","coordinates":[[[-108.766335,36.848726],[-108.766341,36.848546],[-108.766565,36.848551],[-108.76657,36.84837],[-108.765898,36.848358],[-108.765892,36.848538],[-108.765668,36.848534],[-108.765663,36.848714],[-108.766335,36.848726]]]},"properties":{"src":"fm"}},{"type":"Feature","geometry":{"type":"Polygon","coordinates":[[[-108.766794,36.848375],[-108.766799,36.848194],[-108.766575,36.84819],[-108.76657,36.84837],[-108.766794,36.848375]]]},"properties":{"src":"fm"}},{"type":"Feature","geometry":{"type":"Polygon","coordinates":[[[-108.767232,36.848743],[-108.767253,36.848023],[-108.766805,36.848014],[-108.766799,36.848194],[-108.767024,36.848199],[-108.767018,36.848379],[-108.766794,36.848375],[-108.766789,36.848555],[-108.767013,36.848559],[-108.767011,36.848649],[-108.767123,36.848651],[-108.76712,36.848741],[-108.767232,36.848743]]]},"properties":{"src":"fm"}},{"type":"Feature","geometry":{"type":"Polygon","coordinates":[[[-108.766575,36.84819],[-108.766581,36.84801],[-108.766805,36.848014],[-108.76681,36.847834],[-108.767034,36.847838],[-108.767039,36.847658],[-108.767264,36.847662],[-108.767269,36.847482],[-108.76682,36.847474],[-108.766815,36.847654],[-108.766591,36.84765],[-108.766602,36.847289],[-108.766377,36.847285],[-108.766372,36.847465],[-108.766148,36.847461],[-108.766143,36.847641],[-108.766367,36.847646],[-108.766362,36.847826],[-108.766137,36.847821],[-108.766135,36.847912],[-108.766247,36.847914],[-108.766244,36.848004],[-108.766356,36.848006],[-108.766351,36.848186],[-108.766575,36.84819]]]},"properties":{"src":"fm"}},{"type":"Feature","geometry":{"type":"Polygon","coordinates":[[[-108.766148,36.847461],[-108.766153,36.847281],[-108.765929,36.847277],[-108.765926,36.847367],[-108.766039,36.847369],[-108.766036,36.847459],[-108.766148,36.847461]]]},"properties":{"src":"fm"}},{"type":"Feature","geometry":{"type":"Polygon","coordinates":[[[-108.763906,36.847419],[-108.763912,36.847239],[-108.763687,36.847235],[-108.763682,36.847415],[-108.763906,36.847419]]]},"properties":{"src":"fm"}},{"type":"Feature","geometry":{"type":"Polygon","coordinates":[[[-108.766826,36.847294],[-108.766831,36.847114],[-108.766607,36.847109],[-108.766604,36.847199],[-108.766716,36.847201],[-108.766714,36.847292],[-108.766826,36.847294]]]},"properties":{"src":"fm"}},{"type":"Feature","geometry":{"type":"Polygon","coordinates":[[[-108.766834,36.847023],[-108.766836,36.846933],[-108.766612,36.846929],[-108.766609,36.847019],[-108.766834,36.847023]]]},"properties":{"src":"fm"}},{"type":"Feature","geometry":{"type":"Polygon","coordinates":[[[-108.766612,36.846929],[-108.766617,36.846749],[-108.766393,36.846745],[-108.766388,36.846925],[-108.766612,36.846929]]]},"properties":{"src":"fm"}},{"type":"Feature","geometry":{"type":"Polygon","coordinates":[[[-108.767279,36.847122],[-108.767295,36.846581],[-108.76651,36.846567],[-108.766508,36.846657],[-108.76662,36.846659],[-108.766617,36.846749],[-108.766841,36.846753],[-108.766836,36.846933],[-108.76706,36.846938],[-108.767055,36.847118],[-108.767279,36.847122]]]},"properties":{"src":"fm"}},{"type":"Feature","geometry":{"type":"Polygon","coordinates":[[[-108.766393,36.846745],[-108.766398,36.846565],[-108.766174,36.84656],[-108.766169,36.846741],[-108.766393,36.846745]]]},"properties":{"src":"fm"}},{"type":"Feature","geometry":{"type":"Polygon","coordinates":[[[-108.765053,36.846539],[-108.765059,36.846359],[-108.76461,36.846351],[-108.764608,36.846441],[-108.764832,36.846445],[-108.764829,36.846535],[-108.765053,36.846539]]]},"properties":{"src":"fm"}},{"type":"Feature","geometry":{"type":"Polygon","coordinates":[[[-108.764837,36.846265],[-108.764845,36.845995],[-108.764621,36.84599],[-108.764613,36.846261],[-108.764837,36.846265]]]},"properties":{"src":"fm"}},{"type":"Feature","geometry":{"type":"Polygon","coordinates":[[[-108.766174,36.84656],[-108.76619,36.84602],[-108.765966,36.846016],[-108.765971,36.845836],[-108.765074,36.845819],[-108.765072,36.845909],[-108.765296,36.845913],[-108.765293,36.846003],[-108.765517,36.846007],[-108.765512,36.846187],[-108.765961,36.846196],[-108.76595,36.846556],[-108.766174,36.84656]]]},"properties":{"src":"fm"}},{"type":"Feature","geometry":{"type":"Polygon","coordinates":[[[-108.764621,36.84599],[-108.764626,36.84581],[-108.764402,36.845806],[-108.764397,36.845986],[-108.764621,36.84599]]]},"properties":{"src":"fm"}},{"type":"Feature","geometry":{"type":"Polygon","coordinates":[[[-108.766932,36.851351],[-108.766935,36.851261],[-108.76671,36.851257],[-108.766708,36.851347],[-108.766932,36.851351]]]},"properties":{"src":"fm"}},{"type":"Feature","geometry":{"type":"Polygon","coordinates":[[[-108.766262,36.851249],[-108.766267,36.851069],[-108.766043,36.851064],[-108.766038,36.851244],[-108.766262,36.851249]]]},"properties":{"src":"fm"}},{"type":"Feature","geometry":{"type":"Polygon","coordinates":[[[-108.766489,36.851163],[-108.766491,36.851073],[-108.766379,36.851071],[-108.766377,36.851161],[-108.766489,36.851163]]]},"properties":{"src":"fm"}},{"type":"Feature","geometry":{"type":"Polygon","coordinates":[[[-108.766043,36.851064],[-108.766048,36.850884],[-108.765824,36.85088],[-108.765819,36.85106],[-108.766043,36.851064]]]},"properties":{"src":"fm"}},{"type":"Feature","geometry":{"type":"Polygon","coordinates":[[[-108.765154,36.850777],[-108.765157,36.850687],[-108.764933,36.850683],[-108.76493,36.850773],[-108.765154,36.850777]]]},"properties":{"src":"fm"}},{"type":"Feature","geometry":{"type":"Polygon","coordinates":[[[-108.766945,36.850901],[-108.766956,36.850541],[-108.766507,36.850532],[-108.766512,36.850352],[-108.766288,36.850348],[-108.766273,36.850888],[-108.766945,36.850901]],[[-108.766614,36.850715],[-108.766502,36.850712],[-108.766505,36.850622],[-108.766617,36.850624],[-108.766614,36.850715]]]},"properties":{"src":"fm"}},{"type":"Feature","geometry":{"type":"Polygon","coordinates":[[[-108.767148,36.851626],[-108.767153,36.851446],[-108.766481,36.851433],[-108.766486,36.851253],[-108.766262,36.851249],[-108.766257,36.851429],[-108.765808,36.85142],[-108.765814,36.85124],[-108.764469,36.851215],[-108.764474,36.851035],[-108.764362,36.851033],[-108.764359,36.851123],[-108.764247,36.851121],[-108.764255,36.85085],[-108.764031,36.850846],[-108.764036,36.850666],[-108.763812,36.850662],[-108.763828,36.850121],[-108.763603,36.850117],[-108.763561,36.851558],[-108.767148,36.851626]]]},"properties":{"src":"fm"}},{"type":"Feature","geometry":{"type":"Polygon","coordinates":[[[-108.767185,36.850365],[-108.767195,36.850004],[-108.766971,36.85],[-108.766966,36.85018],[-108.766742,36.850176],[-108.766737,36.850356],[-108.766961,36.850361],[-108.766963,36.85027],[-108.767075,36.850273],[-108.767073,36.850363],[-108.767185,36.850365]]]},"properties":{"src":"fm"}},{"type":"Feature","geometry":{"type":"Polygon","coordinates":[[[-108.766971,36.85],[-108.766976,36.84982],[-108.766752,36.849816],[-108.766747,36.849996],[-108.766971,36.85]]]},"properties":{"src":"fm"}},{"type":"Feature","geometry":{"type":"Polygon","coordinates":[[[-108.763838,36.849761],[-108.763843,36.849581],[-108.763619,36.849577],[-108.763614,36.849757],[-108.763838,36.849761]]]},"properties":{"src":"fm"}},{"type":"Feature","geometry":{"type":"Polygon","coordinates":[[[-108.764075,36.849315],[-108.764083,36.849045],[-108.763635,36.849036],[-108.76363,36.849216],[-108.763854,36.849221],[-108.763851,36.849311],[-108.764075,36.849315]]]},"properties":{"src":"fm"}},{"type":"Feature","geometry":{"type":"Polygon","coordinates":[[[-108.767201,36.849824],[-108.767227,36.848923],[-108.767003,36.848919],[-108.766997,36.849099],[-108.766885,36.849097],[-108.766883,36.849187],[-108.766995,36.84919],[-108.766992,36.84928],[-108.76688,36.849277],[-108.766877,36.849368],[-108.76699,36.84937],[-108.766987,36.84946],[-108.766875,36.849458],[-108.76687,36.849638],[-108.766982,36.84964],[-108.766976,36.84982],[-108.767201,36.849824]]]},"properties":{"src":"fm"}},{"type":"Feature","geometry":{"type":"Polygon","coordinates":[[[-108.766554,36.848911],[-108.76656,36.848731],[-108.766111,36.848722],[-108.766106,36.848902],[-108.766554,36.848911]]]},"properties":{"src":"fm"}},{"type":"Feature","geometry":{"type":"Polygon","coordinates":[[[-108.764313,36.848869],[-108.764318,36.848689],[-108.763645,36.848676],[-108.76364,36.848856],[-108.764313,36.848869]]]},"properties":{"src":"fm"}},{"type":"Feature","geometry":{"type":"Polygon","coordinates":[[[-108.76415,36.854454],[-108.764155,36.854273],[-108.763931,36.854269],[-108.763926,36.854449],[-108.76415,36.854454]]]},"properties":{"src":"fm"}},{"type":"Feature","geometry":{"type":"Polygon","coordinates":[[[-108.766392,36.854496],[-108.766397,36.854316],[-108.76707,36.854328],[-108.76708,36.853968],[-108.766856,36.853964],[-108.766851,36.854144],[-108.766178,36.854131],[-108.766183,36.853951],[-108.766408,36.853955],[-108.766418,36.853595],[-108.766642,36.853599],[-108.766637,36.853779],[-108.766861,36.853783],[-108.766866,36.853603],[-108.767091,36.853608],[-108.767148,36.851626],[-108.763561,36.851558],[-108.76353,36.852639],[-108.763978,36.852648],[-108.763973,36.852828],[-108.764197,36.852832],[-108.764192,36.853012],[-108.764416,36.853016],[-108.764411,36.853197],[-108.763963,36.853188],[-108.763968,36.853008],[-108.763744,36.853004],[-108.763749,36.852824],[-108.763525,36.852819],[-108.763514,36.85318],[-108.763626,36.853182],[-108.763624,36.853272],[-108.763736,36.853274],[-108.763733,36.853364],[-108.764181,36.853373],[-108.76416,36.854093],[-108.764385,36.854097],[-108.764374,36.854458],[-108.766392,36.854496]],[[-108.764609,36.854102],[-108.764385,36.854097],[-108.76439,36.853917],[-108.764614,36.853921],[-108.764609,36.854102]],[[-108.766183,36.853951],[-108.765959,36.853947],[-108.765964,36.853767],[-108.766077,36.853769],[-108.766074,36.853859],[-108.766186,36.853861],[-108.766183,36.853951]],[[-108.765735,36.853943],[-108.765511,36.853938],[-108.765521,36.853578],[-108.764961,36.853568],[-108.764958,36.853658],[-108.764846,36.853655],[-108.764859,36.853205],[-108.765308,36.853214],[-108.765302,36.853394],[-108.765751,36.853402],[-108.765745,36.853582],[-108.765633,36.85358],[-108.765631,36.85367],[-108.765743,36.853672],[-108.765735,36.853943]],[[-108.765089,36.853029],[-108.764865,36.853025],[-108.76487,36.852845],[-108.764646,36.852841],[-108.764651,36.85266],[-108.765099,36.852669],[-108.765089,36.853029]],[[-108.764427,36.852656],[-108.764202,36.852652],[-108.764208,36.852472],[-108.764432,36.852476],[-108.764427,36.852656]]]},"properties":{"src":"fm"}},{"type":"Feature","geometry":{"type":"Polygon","coordinates":[[[-108.765187,36.857357],[-108.765192,36.857177],[-108.764968,36.857173],[-108.764971,36.857083],[-108.764746,36.857078],[-108.764749,36.856988],[-108.763852,36.856971],[-108.76385,36.857062],[-108.763738,36.857059],[-108.763735,36.85715],[-108.763399,36.857143],[-108.763393,36.857323],[-108.765187,36.857357]]]},"properties":{"src":"fm"}},{"type":"Feature","geometry":{"type":"Polygon","coordinates":[[[-108.765432,36.856641],[-108.765435,36.856551],[-108.765098,36.856544],[-108.765096,36.856634],[-108.765432,36.856641]]]},"properties":{"src":"fm"}},{"type":"Feature","geometry":{"type":"Polygon","coordinates":[[[-108.76698,36.857391],[-108.767064,36.854508],[-108.763477,36.854441],[-108.76342,36.856423],[-108.765662,36.856465],[-108.765651,36.856825],[-108.765875,36.856829],[-108.765873,36.856919],[-108.765761,36.856917],[-108.765758,36.857007],[-108.766094,36.857014],[-108.766092,36.857104],[-108.765979,36.857102],[-108.765977,36.857192],[-108.766313,36.857198],[-108.766311,36.857288],[-108.766086,36.857284],[-108.766084,36.857374],[-108.76698,36.857391]],[[-108.766553,36.856662],[-108.766105,36.856653],[-108.76611,36.856473],[-108.766558,36.856482],[-108.766553,36.856662]],[[-108.764207,36.856347],[-108.764095,36.856345],[-108.764097,36.856255],[-108.76421,36.856257],[-108.764207,36.856347]],[[-108.766574,36.855941],[-108.76635,36.855937],[-108.766355,36.855757],[-108.766579,36.855761],[-108.766574,36.855941]],[[-108.766355,36.855757],[-108.766131,36.855753],[-108.766136,36.855572],[-108.76636,36.855577],[-108.766355,36.855757]]]},"properties":{"src":"fm"}},{"type":"Feature","geometry":{"type":"Polygon","coordinates":[[[-108.766897,36.860273],[-108.76692,36.859463],[-108.766808,36.859461],[-108.766805,36.859551],[-108.766693,36.859548],[-108.766704,36.859188],[-108.76648,36.859184],[-108.766495,36.858643],[-108.766271,36.858639],[-108.766284,36.858189],[-108.76606,36.858185],[-108.766068,36.857914],[-108.765844,36.85791],[-108.765852,36.85764],[-108.76574,36.857638],[-108.765737,36.857728],[-108.765625,36.857726],[-108.765633,36.857456],[-108.765408,36.857451],[-108.765411,36.857361],[-108.763393,36.857323],[-108.763315,36.860026],[-108.764436,36.860047],[-108.76443,36.860227],[-108.766897,36.860273]]]},"properties":{"src":"fm"}},{"type":"Feature","geometry":{"type":"Polygon","coordinates":[[[-108.766959,36.858111],[-108.76698,36.857391],[-108.766532,36.857382],[-108.766529,36.857472],[-108.766305,36.857468],[-108.766303,36.857558],[-108.766527,36.857563],[-108.766522,36.857743],[-108.766746,36.857747],[-108.766743,36.857837],[-108.766631,36.857835],[-108.766628,36.857925],[-108.766741,36.857927],[-108.766735,36.858107],[-108.766959,36.858111]]]},"properties":{"src":"fm"}},{"type":"Feature","geometry":{"type":"Polygon","coordinates":[[[-108.765937,36.862418],[-108.765942,36.862238],[-108.765718,36.862234],[-108.765713,36.862414],[-108.765937,36.862418]]]},"properties":{"src":"fm"}},{"type":"Feature","geometry":{"type":"Polygon","coordinates":[[[-108.765019,36.863122],[-108.765024,36.862942],[-108.765248,36.862946],[-108.765264,36.862406],[-108.765152,36.862404],[-108.765149,36.862494],[-108.765037,36.862492],[-108.765045,36.862221],[-108.764821,36.862217],[-108.764826,36.862037],[-108.764602,36.862033],[-108.764597,36.862213],[-108.764373,36.862209],[-108.764378,36.862028],[-108.764154,36.862024],[-108.764138,36.862565],[-108.763689,36.862556],[-108.763684,36.862736],[-108.763908,36.862741],[-108.763898,36.863101],[-108.764346,36.863109],[-108.764352,36.862929],[-108.764127,36.862925],[-108.764133,36.862745],[-108.764357,36.862749],[-108.764362,36.862569],[-108.764586,36.862573],[-108.764592,36.862393],[-108.764816,36.862397],[-108.764811,36.862577],[-108.764698,36.862575],[-108.764696,36.862665],[-108.764584,36.862663],[-108.764576,36.862933],[-108.7648,36.862938],[-108.764795,36.863118],[-108.765019,36.863122]]]},"properties":{"src":"fm"}},{"type":"Feature","geometry":{"type":"Polygon","coordinates":[[[-108.765945,36.862148],[-108.765947,36.862058],[-108.765835,36.862056],[-108.765833,36.862146],[-108.765945,36.862148]]]},"properties":{"src":"fm"}},{"type":"Feature","geometry":{"type":"Polygon","coordinates":[[[-108.76595,36.861968],[-108.765953,36.861878],[-108.766177,36.861882],[-108.766187,36.861522],[-108.765963,36.861518],[-108.765958,36.861698],[-108.765734,36.861693],[-108.765726,36.861964],[-108.76595,36.861968]]]},"properties":{"src":"fm"}},{"type":"Feature","geometry":{"type":"Polygon","coordinates":[[[-108.764154,36.862024],[-108.764167,36.861574],[-108.764055,36.861572],[-108.764052,36.861662],[-108.76394,36.86166],[-108.763945,36.86148],[-108.763721,36.861475],[-108.763726,36.861295],[-108.763614,36.861293],[-108.763612,36.861383],[-108.763499,36.861381],[-108.763513,36.860931],[-108.763288,36.860926],[-108.763267,36.861647],[-108.763492,36.861651],[-108.763484,36.861922],[-108.763708,36.861926],[-108.763711,36.861836],[-108.763935,36.86184],[-108.763929,36.86202],[-108.764154,36.862024]]]},"properties":{"src":"fm"}},{"type":"Feature","geometry":{"type":"Polygon","coordinates":[[[-108.765536,36.860788],[-108.765541,36.860608],[-108.765317,36.860604],[-108.765311,36.860784],[-108.765536,36.860788]]]},"properties":{"src":"fm"}},{"type":"Feature","geometry":{"type":"Polygon","coordinates":[[[-108.763518,36.860751],[-108.763523,36.86057],[-108.763299,36.860566],[-108.763294,36.860746],[-108.763518,36.860751]]]},"properties":{"src":"fm"}},{"type":"Feature","geometry":{"type":"Polygon","coordinates":[[[-108.766198,36.861161],[-108.766213,36.860621],[-108.766438,36.860625],[-108.766427,36.860986],[-108.766876,36.860994],[-108.766881,36.860814],[-108.766657,36.86081],[-108.766662,36.860629],[-108.766886,36.860634],[-108.766897,36.860273],[-108.764879,36.860235],[-108.764874,36.860416],[-108.765882,36.860434],[-108.76588,36.860525],[-108.765768,36.860522],[-108.765755,36.860973],[-108.765979,36.860977],[-108.765974,36.861157],[-108.766198,36.861161]]]},"properties":{"src":"fm"}},{"type":"Feature","geometry":{"type":"Polygon","coordinates":[[[-108.765832,36.866021],[-108.765837,36.865841],[-108.765613,36.865837],[-108.765618,36.865657],[-108.764945,36.865644],[-108.764935,36.866005],[-108.765832,36.866021]]]},"properties":{"src":"fm"}},{"type":"Feature","geometry":{"type":"Polygon","coordinates":[[[-108.76359,36.865979],[-108.763605,36.865439],[-108.763381,36.865435],[-108.763376,36.865615],[-108.763152,36.86561],[-108.763141,36.865971],[-108.763365,36.865975],[-108.763368,36.865885],[-108.76348,36.865887],[-108.763478,36.865977],[-108.76359,36.865979]]]},"properties":{"src":"fm"}},{"type":"Feature","geometry":{"type":"Polygon","coordinates":[[[-108.764268,36.865812],[-108.764273,36.865632],[-108.764049,36.865627],[-108.764054,36.865447],[-108.76383,36.865443],[-108.763822,36.865713],[-108.763934,36.865715],[-108.763931,36.865805],[-108.764268,36.865812]]]},"properties":{"src":"fm"}},{"type":"Feature","geometry":{"type":"Polygon","coordinates":[[[-108.76383,36.865443],[-108.76384,36.865083],[-108.763616,36.865078],[-108.763605,36.865439],[-108.76383,36.865443]]]},"properties":{"src":"fm"}},{"type":"Feature","geometry":{"type":"Polygon","coordinates":[[[-108.763616,36.865078],[-108.763626,36.864718],[-108.763739,36.86472],[-108.763733,36.8649],[-108.764294,36.864911],[-108.764299,36.864731],[-108.763851,36.864722],[-108.763861,36.864362],[-108.763637,36.864358],[-108.763632,36.864538],[-108.763183,36.86453],[-108.763178,36.86471],[-108.76329,36.864712],[-108.763285,36.864892],[-108.763397,36.864894],[-108.763392,36.865074],[-108.763616,36.865078]]]},"properties":{"src":"fm"}},{"type":"Feature","geometry":{"type":"Polygon","coordinates":[[[-108.763866,36.864182],[-108.763869,36.864092],[-108.763757,36.86409],[-108.763754,36.86418],[-108.763866,36.864182]]]},"properties":{"src":"fm"}},{"type":"Feature","geometry":{"type":"Polygon","coordinates":[[[-108.763413,36.864354],[-108.763423,36.863993],[-108.763199,36.863989],[-108.763189,36.864349],[-108.763413,36.864354]]]},"properties":{"src":"fm"}},{"type":"Feature","geometry":{"type":"Polygon","coordinates":[[[-108.763882,36.863641],[-108.763887,36.863461],[-108.763775,36.863459],[-108.763773,36.863549],[-108.763661,36.863547],[-108.763658,36.863637],[-108.763882,36.863641]]]},"properties":{"src":"fm"}},{"type":"Feature","geometry":{"type":"Polygon","coordinates":[[[-108.764112,36.863466],[-108.764117,36.863285],[-108.764565,36.863294],[-108.764563,36.863384],[-108.764787,36.863388],[-108.764795,36.863118],[-108.76401,36.863103],[-108.764005,36.863283],[-108.763893,36.863281],[-108.763887,36.863461],[-108.764112,36.863466]]]},"properties":{"src":"fm"}},{"type":"Feature","geometry":{"type":"Polygon","coordinates":[[[-108.763511,36.868682],[-108.763516,36.868501],[-108.763292,36.868497],[-108.763287,36.868677],[-108.763511,36.868682]]]},"properties":{"src":"fm"}},{"type":"Feature","geometry":{"type":"Polygon","coordinates":[[[-108.766046,36.866386],[-108.766051,36.866206],[-108.765827,36.866202],[-108.765821,36.866382],[-108.766046,36.866386]]]},"properties":{"src":"fm"}},{"type":"Feature","geometry":{"type":"Polygon","coordinates":[[[-108.765149,36.866369],[-108.765154,36.866189],[-108.765378,36.866193],[-108.765383,36.866013],[-108.764711,36.866],[-108.764706,36.86618],[-108.76493,36.866185],[-108.764924,36.866365],[-108.765149,36.866369]]]},"properties":{"src":"fm"}},{"type":"Feature","geometry":{"type":"Polygon","coordinates":[[[-108.764484,36.866086],[-108.764487,36.865996],[-108.764374,36.865994],[-108.764372,36.866084],[-108.764484,36.866086]]]},"properties":{"src":"fm"}},{"type":"Feature","geometry":{"type":"Polygon","coordinates":[[[-108.766561,36.871803],[-108.766566,36.871623],[-108.766342,36.871619],[-108.766337,36.871799],[-108.766561,36.871803]]]},"properties":{"src":"fm"}},{"type":"Feature","geometry":{"type":"Polygon","coordinates":[[[-108.763197,36.87174],[-108.763203,36.87156],[-108.762978,36.871556],[-108.762973,36.871736],[-108.763197,36.87174]]]},"properties":{"src":"fm"}},{"type":"Feature","geometry":{"type":"Polygon","coordinates":[[[-108.764329,36.871401],[-108.764334,36.871221],[-108.76411,36.871216],[-108.764107,36.871306],[-108.76422,36.871309],[-108.764217,36.871399],[-108.764329,36.871401]]]},"properties":{"src":"fm"}},{"type":"Feature","geometry":{"type":"Polygon","coordinates":[[[-108.764783,36.871229],[-108.764788,36.871049],[-108.764564,36.871045],[-108.764561,36.871135],[-108.764673,36.871137],[-108.764671,36.871227],[-108.764783,36.871229]]]},"properties":{"src":"fm"}},{"type":"Feature","geometry":{"type":"Polygon","coordinates":[[[-108.763213,36.8712],[-108.763224,36.870839],[-108.762999,36.870835],[-108.762989,36.871195],[-108.763213,36.8712]]]},"properties":{"src":"fm"}},{"type":"Feature","geometry":{"type":"Polygon","coordinates":[[[-108.763896,36.870852],[-108.763902,36.870672],[-108.763229,36.870659],[-108.763224,36.870839],[-108.763896,36.870852]]]},"properties":{"src":"fm"}},{"type":"Feature","geometry":{"type":"Polygon","coordinates":[[[-108.766368,36.870718],[-108.766373,36.870538],[-108.766598,36.870542],[-108.766603,36.870362],[-108.766266,36.870356],[-108.766264,36.870446],[-108.766152,36.870444],[-108.766149,36.870534],[-108.765925,36.87053],[-108.76592,36.87071],[-108.766368,36.870718]]]},"properties":{"src":"fm"}},{"type":"Feature","geometry":{"type":"Polygon","coordinates":[[[-108.765028,36.870513],[-108.765033,36.870332],[-108.764585,36.870324],[-108.764579,36.870504],[-108.765028,36.870513]]]},"properties":{"src":"fm"}},{"type":"Feature","geometry":{"type":"Polygon","coordinates":[[[-108.765038,36.870152],[-108.765044,36.869972],[-108.764819,36.869968],[-108.764814,36.870148],[-108.765038,36.870152]]]},"properties":{"src":"fm"}},{"type":"Feature","geometry":{"type":"Polygon","coordinates":[[[-108.763923,36.869951],[-108.763928,36.869771],[-108.763704,36.869767],[-108.763698,36.869947],[-108.763923,36.869951]]]},"properties":{"src":"fm"}},{"type":"Feature","geometry":{"type":"Polygon","coordinates":[[[-108.766619,36.869822],[-108.766624,36.869641],[-108.7664,36.869637],[-108.766394,36.869817],[-108.766619,36.869822]]]},"properties":{"src":"fm"}},{"type":"Feature","geometry":{"type":"Polygon","coordinates":[[[-108.7646,36.869784],[-108.764606,36.869603],[-108.764382,36.869599],[-108.764376,36.869779],[-108.7646,36.869784]]]},"properties":{"src":"fm"}},{"type":"Feature","geometry":{"type":"Polygon","coordinates":[[[-108.765482,36.870341],[-108.765487,36.870161],[-108.765711,36.870165],[-108.765716,36.869985],[-108.766389,36.869997],[-108.766394,36.869817],[-108.76617,36.869813],[-108.766181,36.869453],[-108.765956,36.869449],[-108.765951,36.869629],[-108.765727,36.869625],[-108.765722,36.869805],[-108.765049,36.869792],[-108.765044,36.869972],[-108.765268,36.869976],[-108.765257,36.870337],[-108.765482,36.870341]]]},"properties":{"src":"fm"}},{"type":"Feature","geometry":{"type":"Polygon","coordinates":[[[-108.765057,36.869522],[-108.765059,36.869432],[-108.764947,36.86943],[-108.764945,36.86952],[-108.765057,36.869522]]]},"properties":{"src":"fm"}},{"type":"Feature","geometry":{"type":"Polygon","coordinates":[[[-108.764392,36.869239],[-108.764397,36.869059],[-108.764173,36.869055],[-108.764168,36.869235],[-108.764392,36.869239]]]},"properties":{"src":"fm"}},{"type":"Feature","geometry":{"type":"Polygon","coordinates":[[[-108.763239,36.870299],[-108.763245,36.870119],[-108.763469,36.870123],[-108.763482,36.869672],[-108.763594,36.869675],[-108.763591,36.869765],[-108.763704,36.869767],[-108.763709,36.869587],[-108.764157,36.869595],[-108.764168,36.869235],[-108.763944,36.86923],[-108.763938,36.869411],[-108.763714,36.869406],[-108.763719,36.869226],[-108.763495,36.869222],[-108.7635,36.869042],[-108.763276,36.869038],[-108.763281,36.868857],[-108.763057,36.868853],[-108.763047,36.869214],[-108.763159,36.869216],[-108.763154,36.869396],[-108.763041,36.869394],[-108.763015,36.870295],[-108.763239,36.870299]]]},"properties":{"src":"fm"}},{"type":"Feature","geometry":{"type":"Polygon","coordinates":[[[-108.763503,36.868952],[-108.763506,36.868862],[-108.763394,36.86886],[-108.763391,36.86895],[-108.763503,36.868952]]]},"properties":{"src":"fm"}},{"type":"Feature","geometry":{"type":"Polygon","coordinates":[[[-108.76649,36.874235],[-108.766493,36.874145],[-108.766268,36.874141],[-108.766266,36.874231],[-108.76649,36.874235]]]},"properties":{"src":"fm"}},{"type":"Feature","geometry":{"type":"Polygon","coordinates":[[[-108.764266,36.873563],[-108.764271,36.873382],[-108.764047,36.873378],[-108.764042,36.873558],[-108.764266,36.873563]]]},"properties":{"src":"fm"}},{"type":"Feature","geometry":{"type":"Polygon","coordinates":[[[-108.766524,36.873064],[-108.766529,36.872884],[-108.766305,36.87288],[-108.7663,36.87306],[-108.766524,36.873064]]]},"properties":{"src":"fm"}},{"type":"Feature","geometry":{"type":"Polygon","coordinates":[[[-108.766305,36.87288],[-108.76631,36.8727],[-108.766086,36.872696],[-108.766081,36.872876],[-108.766305,36.87288]]]},"properties":{"src":"fm"}},{"type":"Feature","geometry":{"type":"Polygon","coordinates":[[[-108.766535,36.872704],[-108.76654,36.872524],[-108.766316,36.87252],[-108.76631,36.8727],[-108.766535,36.872704]]]},"properties":{"src":"fm"}},{"type":"Feature","geometry":{"type":"Polygon","coordinates":[[[-108.765864,36.872601],[-108.765867,36.872511],[-108.765643,36.872507],[-108.76564,36.872597],[-108.765864,36.872601]]]},"properties":{"src":"fm"}},{"type":"Feature","geometry":{"type":"Polygon","coordinates":[[[-108.764297,36.872482],[-108.764303,36.872302],[-108.764078,36.872297],[-108.764073,36.872477],[-108.764297,36.872482]]]},"properties":{"src":"fm"}},{"type":"Feature","geometry":{"type":"Polygon","coordinates":[[[-108.766542,36.872434],[-108.766545,36.872344],[-108.766433,36.872342],[-108.76643,36.872432],[-108.766542,36.872434]]]},"properties":{"src":"fm"}},{"type":"Feature","geometry":{"type":"Polygon","coordinates":[[[-108.766477,36.874686],[-108.766487,36.874325],[-108.766263,36.874321],[-108.766258,36.874501],[-108.765809,36.874493],[-108.76582,36.874133],[-108.766044,36.874137],[-108.766055,36.873777],[-108.76583,36.873772],[-108.765851,36.873052],[-108.766076,36.873056],[-108.766081,36.872876],[-108.765632,36.872867],[-108.765622,36.873228],[-108.765398,36.873223],[-108.765419,36.872503],[-108.765643,36.872507],[-108.765648,36.872327],[-108.765872,36.872331],[-108.765878,36.872151],[-108.766102,36.872155],[-108.766107,36.871975],[-108.765659,36.871967],[-108.765653,36.872147],[-108.765429,36.872142],[-108.765424,36.872323],[-108.7652,36.872318],[-108.765189,36.872679],[-108.764965,36.872675],[-108.764954,36.873035],[-108.76473,36.873031],[-108.764728,36.873121],[-108.765064,36.873127],[-108.765061,36.873217],[-108.765173,36.873219],[-108.765168,36.873399],[-108.76528,36.873401],[-108.765278,36.873492],[-108.76539,36.873494],[-108.765387,36.873584],[-108.765163,36.873579],[-108.765158,36.87376],[-108.764933,36.873755],[-108.764939,36.873575],[-108.764714,36.873571],[-108.764709,36.873751],[-108.764485,36.873747],[-108.76448,36.873927],[-108.764255,36.873923],[-108.764245,36.874283],[-108.764021,36.874279],[-108.76401,36.874639],[-108.766477,36.874686]],[[-108.764912,36.874476],[-108.764688,36.874472],[-108.764691,36.874382],[-108.764915,36.874386],[-108.764912,36.874476]],[[-108.765142,36.8743],[-108.764918,36.874296],[-108.764923,36.874116],[-108.765147,36.87412],[-108.765142,36.8743]],[[-108.764816,36.873933],[-108.764704,36.873931],[-108.764709,36.873751],[-108.764821,36.873753],[-108.764816,36.873933]]]},"properties":{"src":"fm"}},{"type":"Feature","geometry":{"type":"Polygon","coordinates":[[[-108.764981,36.872134],[-108.764986,36.871954],[-108.764537,36.871945],[-108.764532,36.872126],[-108.764981,36.872134]]]},"properties":{"src":"fm"}},{"type":"Feature","geometry":{"type":"Polygon","coordinates":[[[-108.766556,36.871983],[-108.766561,36.871803],[-108.766112,36.871795],[-108.766107,36.871975],[-108.766556,36.871983]]]},"properties":{"src":"fm"}},{"type":"Feature","geometry":{"type":"Polygon","coordinates":[[[-108.763311,36.875527],[-108.763316,36.875347],[-108.762868,36.875339],[-108.762863,36.875519],[-108.763311,36.875527]]]},"properties":{"src":"fm"}},{"type":"Feature","geometry":{"type":"Polygon","coordinates":[[[-108.763541,36.875352],[-108.763546,36.875171],[-108.763322,36.875167],[-108.763316,36.875347],[-108.763541,36.875352]]]},"properties":{"src":"fm"}},{"type":"Feature","geometry":{"type":"Polygon","coordinates":[[[-108.76572,36.877556],[-108.765725,36.877375],[-108.76595,36.87738],[-108.765955,36.877199],[-108.765731,36.877195],[-108.765736,36.877015],[-108.765848,36.877017],[-108.765845,36.877107],[-108.765957,36.877109],[-108.765965,36.876839],[-108.765741,36.876835],[-108.765746,36.876655],[-108.765971,36.876659],[-108.765976,36.876479],[-108.7662,36.876483],[-108.766205,36.876303],[-108.765981,36.876299],[-108.765992,36.875938],[-108.765767,36.875934],[-108.765773,36.875754],[-108.765997,36.875758],[-108.766002,36.875578],[-108.766226,36.875582],[-108.766232,36.875402],[-108.766456,36.875406],[-108.766477,36.874686],[-108.766253,36.874682],[-108.766237,36.875222],[-108.766013,36.875218],[-108.766028,36.874677],[-108.763786,36.874635],[-108.763781,36.874815],[-108.763332,36.874807],[-108.763327,36.874987],[-108.763551,36.874991],[-108.763546,36.875171],[-108.76377,36.875176],[-108.76376,36.875536],[-108.763535,36.875532],[-108.76353,36.875712],[-108.764427,36.875729],[-108.764419,36.875999],[-108.764531,36.876001],[-108.764529,36.876091],[-108.764417,36.876089],[-108.764411,36.876269],[-108.764187,36.876265],[-108.764177,36.876625],[-108.762943,36.876602],[-108.762941,36.876692],[-108.762829,36.87669],[-108.762821,36.87696],[-108.763045,36.876964],[-108.763037,36.877235],[-108.763149,36.877237],[-108.763147,36.877327],[-108.763034,36.877325],[-108.763029,36.877505],[-108.763253,36.877509],[-108.763261,36.877239],[-108.763373,36.877241],[-108.763371,36.877331],[-108.763483,36.877333],[-108.763488,36.877153],[-108.763712,36.877157],[-108.763718,36.876977],[-108.763942,36.876981],[-108.763931,36.877342],[-108.763707,36.877337],[-108.763702,36.877518],[-108.76572,36.877556]],[[-108.765287,36.877007],[-108.765063,36.877002],[-108.765068,36.876822],[-108.765181,36.876824],[-108.765178,36.876914],[-108.76529,36.876917],[-108.765287,36.877007]],[[-108.764849,36.876638],[-108.764625,36.876634],[-108.76463,36.876454],[-108.764855,36.876458],[-108.764849,36.876638]],[[-108.764969,36.87637],[-108.764857,36.876368],[-108.76486,36.876278],[-108.764972,36.87628],[-108.764969,36.87637]],[[-108.76486,36.876278],[-108.764636,36.876273],[-108.764646,36.875913],[-108.76487,36.875917],[-108.76486,36.876278]]]},"properties":{"src":"fm"}},{"type":"Feature","geometry":{"type":"Polygon","coordinates":[[[-108.764306,36.879872],[-108.764322,36.879332],[-108.764098,36.879328],[-108.764095,36.879418],[-108.764207,36.87942],[-108.764205,36.87951],[-108.764093,36.879508],[-108.764085,36.879778],[-108.764197,36.87978],[-108.764194,36.87987],[-108.764306,36.879872]]]},"properties":{"src":"fm"}},{"type":"Feature","geometry":{"type":"Polygon","coordinates":[[[-108.76634,36.87937],[-108.766346,36.87919],[-108.766121,36.879185],[-108.766119,36.879275],[-108.766231,36.879278],[-108.766228,36.879368],[-108.76634,36.87937]]]},"properties":{"src":"fm"}},{"type":"Feature","geometry":{"type":"Polygon","coordinates":[[[-108.7641,36.879237],[-108.764103,36.879147],[-108.763991,36.879145],[-108.763988,36.879235],[-108.7641,36.879237]]]},"properties":{"src":"fm"}},{"type":"Feature","geometry":{"type":"Polygon","coordinates":[[[-108.765702,36.878186],[-108.765704,36.878096],[-108.765592,36.878094],[-108.76559,36.878184],[-108.765702,36.878186]]]},"properties":{"src":"fm"}},{"type":"Feature","geometry":{"type":"Polygon","coordinates":[[[-108.765929,36.8781],[-108.765934,36.87792],[-108.76571,36.877916],[-108.765707,36.878006],[-108.765819,36.878008],[-108.765816,36.878098],[-108.765929,36.8781]]]},"properties":{"src":"fm"}},{"type":"Feature","geometry":{"type":"Polygon","coordinates":[[[-108.765636,36.880438],[-108.765641,36.880258],[-108.765193,36.880249],[-108.765203,36.879889],[-108.764979,36.879885],[-108.76499,36.879525],[-108.765438,36.879533],[-108.765443,36.879353],[-108.764995,36.879344],[-108.764997,36.879254],[-108.765222,36.879259],[-108.765224,36.879169],[-108.765,36.879164],[-108.765005,36.878984],[-108.76523,36.878988],[-108.765227,36.879078],[-108.765339,36.879081],[-108.765336,36.879171],[-108.765673,36.879177],[-108.765678,36.878997],[-108.766127,36.879005],[-108.766132,36.878825],[-108.765908,36.878821],[-108.76591,36.878731],[-108.766135,36.878735],[-108.766137,36.878645],[-108.76524,36.878628],[-108.765237,36.878718],[-108.765462,36.878722],[-108.765459,36.878812],[-108.764562,36.878796],[-108.764567,36.878615],[-108.764343,36.878611],[-108.764348,36.878431],[-108.764124,36.878427],[-108.764135,36.878066],[-108.764359,36.878071],[-108.764364,36.877891],[-108.764813,36.877899],[-108.764807,36.878079],[-108.765256,36.878088],[-108.765261,36.877907],[-108.765037,36.877903],[-108.765047,36.877543],[-108.763366,36.877511],[-108.763363,36.877601],[-108.763475,36.877603],[-108.763472,36.877694],[-108.763248,36.877689],[-108.763253,36.877509],[-108.762805,36.877501],[-108.762789,36.878041],[-108.763238,36.87805],[-108.763232,36.87823],[-108.763457,36.878234],[-108.763446,36.878594],[-108.763222,36.87859],[-108.763206,36.879131],[-108.763318,36.879133],[-108.763316,36.879223],[-108.763203,36.879221],[-108.763201,36.879311],[-108.762977,36.879306],[-108.762974,36.879397],[-108.763198,36.879401],[-108.763196,36.879491],[-108.762971,36.879487],[-108.762969,36.879577],[-108.763193,36.879581],[-108.763185,36.879851],[-108.762961,36.879847],[-108.762953,36.880117],[-108.763065,36.880119],[-108.763062,36.880209],[-108.763175,36.880211],[-108.763169,36.880392],[-108.763394,36.880396],[-108.76342,36.879495],[-108.763868,36.879504],[-108.763874,36.879323],[-108.763649,36.879319],[-108.763655,36.879139],[-108.763767,36.879141],[-108.763764,36.879231],[-108.763876,36.879233],[-108.763884,36.878963],[-108.764333,36.878971],[-108.76433,36.879062],[-108.764442,36.879064],[-108.764439,36.879154],[-108.764552,36.879156],[-108.764536,36.879696],[-108.76476,36.879701],[-108.764752,36.879971],[-108.764864,36.879973],[-108.764862,36.880063],[-108.76475,36.880061],[-108.764744,36.880241],[-108.764296,36.880233],[-108.764301,36.880052],[-108.764077,36.880048],[-108.764072,36.880228],[-108.763623,36.88022],[-108.763618,36.8804],[-108.765636,36.880438]],[[-108.763655,36.879139],[-108.76343,36.879135],[-108.763436,36.878955],[-108.76366,36.878959],[-108.763655,36.879139]]]},"properties":{"src":"fm"}},{"type":"Feature","geometry":{"type":"Polygon","coordinates":[[[-108.764431,36.883299],[-108.764441,36.882939],[-108.764217,36.882935],[-108.764222,36.882755],[-108.763774,36.882746],[-108.763758,36.883287],[-108.764431,36.883299]]]},"properties":{"src":"fm"}},{"type":"Feature","geometry":{"type":"Polygon","coordinates":[[[-108.762871,36.88291],[-108.762877,36.882729],[-108.762652,36.882725],[-108.762647,36.882905],[-108.762871,36.88291]]]},"properties":{"src":"fm"}},{"type":"Feature","geometry":{"type":"Polygon","coordinates":[[[-108.766298,36.880811],[-108.766304,36.880631],[-108.766079,36.880627],[-108.766085,36.880446],[-108.76586,36.880442],[-108.76585,36.880803],[-108.766298,36.880811]]]},"properties":{"src":"fm"}},{"type":"Feature","geometry":{"type":"Polygon","coordinates":[[[-108.765631,36.880618],[-108.765636,36.880438],[-108.765412,36.880434],[-108.765407,36.880614],[-108.765631,36.880618]]]},"properties":{"src":"fm"}},{"type":"Feature","geometry":{"type":"Polygon","coordinates":[[[-108.763779,36.882566],[-108.763789,36.882206],[-108.763565,36.882202],[-108.76357,36.882021],[-108.763122,36.882013],[-108.763127,36.881833],[-108.763351,36.881837],[-108.763357,36.881657],[-108.763581,36.881661],[-108.763586,36.881481],[-108.763811,36.881485],[-108.763826,36.880945],[-108.764051,36.880949],[-108.764061,36.880589],[-108.765182,36.88061],[-108.765188,36.88043],[-108.763394,36.880396],[-108.763388,36.880576],[-108.762716,36.880563],[-108.762713,36.880653],[-108.762937,36.880658],[-108.762935,36.880748],[-108.76271,36.880743],[-108.762687,36.881554],[-108.762799,36.881556],[-108.762796,36.881646],[-108.762684,36.881644],[-108.762658,36.882545],[-108.76333,36.882558],[-108.763336,36.882378],[-108.76356,36.882382],[-108.763555,36.882562],[-108.763779,36.882566]],[[-108.763336,36.882378],[-108.763111,36.882373],[-108.763119,36.882103],[-108.763231,36.882105],[-108.763229,36.882195],[-108.763341,36.882197],[-108.763336,36.882378]]]},"properties":{"src":"fm"}},{"type":"Feature","geometry":{"type":"Polygon","coordinates":[[[-108.766306,36.880541],[-108.766309,36.880451],[-108.766197,36.880449],[-108.766194,36.880539],[-108.766306,36.880541]]]},"properties":{"src":"fm"}},{"type":"Feature","geometry":{"type":"Polygon","coordinates":[[[-108.765692,36.886207],[-108.765698,36.886027],[-108.765473,36.886023],[-108.765468,36.886203],[-108.765692,36.886207]]]},"properties":{"src":"fm"}},{"type":"Feature","geometry":{"type":"Polygon","coordinates":[[[-108.764571,36.886186],[-108.764576,36.886006],[-108.764352,36.886002],[-108.764347,36.886182],[-108.764571,36.886186]]]},"properties":{"src":"fm"}},{"type":"Feature","geometry":{"type":"Polygon","coordinates":[[[-108.765922,36.886031],[-108.765927,36.885851],[-108.765254,36.885838],[-108.765249,36.886019],[-108.765473,36.886023],[-108.765476,36.885933],[-108.7657,36.885937],[-108.765698,36.886027],[-108.765922,36.886031]]]},"properties":{"src":"fm"}},{"type":"Feature","geometry":{"type":"Polygon","coordinates":[[[-108.765254,36.885838],[-108.76526,36.885658],[-108.765035,36.885654],[-108.76503,36.885834],[-108.765254,36.885838]]]},"properties":{"src":"fm"}},{"type":"Feature","geometry":{"type":"Polygon","coordinates":[[[-108.765938,36.885491],[-108.765943,36.885311],[-108.765719,36.885306],[-108.765716,36.885397],[-108.765828,36.885399],[-108.765825,36.885489],[-108.765938,36.885491]]]},"properties":{"src":"fm"}},{"type":"Feature","geometry":{"type":"Polygon","coordinates":[[[-108.763935,36.884912],[-108.76394,36.884732],[-108.763716,36.884728],[-108.763711,36.884908],[-108.763935,36.884912]]]},"properties":{"src":"fm"}},{"type":"Feature","geometry":{"type":"Polygon","coordinates":[[[-108.763742,36.883827],[-108.763747,36.883647],[-108.763523,36.883643],[-108.763518,36.883823],[-108.763742,36.883827]]]},"properties":{"src":"fm"}},{"type":"Feature","geometry":{"type":"Polygon","coordinates":[[[-108.763497,36.884544],[-108.763502,36.884363],[-108.763278,36.884359],[-108.763288,36.883999],[-108.763064,36.883995],[-108.763072,36.883724],[-108.763184,36.883727],[-108.763182,36.883817],[-108.763294,36.883819],[-108.763299,36.883639],[-108.763075,36.883634],[-108.76308,36.883454],[-108.762856,36.88345],[-108.762853,36.88354],[-108.762965,36.883542],[-108.762963,36.883632],[-108.76285,36.88363],[-108.762845,36.88381],[-108.762621,36.883806],[-108.762605,36.884347],[-108.763054,36.884355],[-108.763048,36.884535],[-108.763497,36.884544]]]},"properties":{"src":"fm"}},{"type":"Feature","geometry":{"type":"Polygon","coordinates":[[[-108.763972,36.883651],[-108.763977,36.883471],[-108.763865,36.883469],[-108.76386,36.883649],[-108.763972,36.883651]]]},"properties":{"src":"fm"}},{"type":"Feature","geometry":{"type":"Polygon","coordinates":[[[-108.765708,36.885667],[-108.765713,36.885487],[-108.765489,36.885482],[-108.765494,36.885302],[-108.76527,36.885298],[-108.765281,36.884938],[-108.765056,36.884933],[-108.765067,36.884573],[-108.764843,36.884569],[-108.764853,36.884209],[-108.764404,36.8842],[-108.76441,36.88402],[-108.764634,36.884024],[-108.764642,36.883754],[-108.764754,36.883756],[-108.764751,36.883846],[-108.764864,36.883848],[-108.764869,36.883668],[-108.764645,36.883664],[-108.76465,36.883484],[-108.764426,36.88348],[-108.764431,36.883299],[-108.76387,36.883289],[-108.763867,36.883379],[-108.76398,36.883381],[-108.763977,36.883471],[-108.764201,36.883475],[-108.764188,36.883926],[-108.7643,36.883928],[-108.764298,36.884018],[-108.763961,36.884012],[-108.763956,36.884192],[-108.763732,36.884188],[-108.763726,36.884368],[-108.763951,36.884372],[-108.763943,36.884642],[-108.764055,36.884644],[-108.764052,36.884734],[-108.764164,36.884736],[-108.76417,36.884556],[-108.764394,36.88456],[-108.764397,36.88447],[-108.764509,36.884473],[-108.764506,36.884563],[-108.764618,36.884565],[-108.764608,36.884925],[-108.764496,36.884923],[-108.764493,36.885013],[-108.764605,36.885015],[-108.764602,36.885105],[-108.764266,36.885099],[-108.764263,36.885189],[-108.764376,36.885191],[-108.764373,36.885281],[-108.764149,36.885277],[-108.764143,36.885457],[-108.765041,36.885474],[-108.765038,36.885564],[-108.765262,36.885568],[-108.76526,36.885658],[-108.765484,36.885663],[-108.765486,36.885572],[-108.765599,36.885575],[-108.765596,36.885665],[-108.765708,36.885667]],[[-108.765046,36.885294],[-108.764821,36.88529],[-108.764827,36.885109],[-108.765051,36.885114],[-108.765046,36.885294]]]},"properties":{"src":"fm"}},{"type":"Feature","geometry":{"type":"Polygon","coordinates":[[[-108.763365,36.842902],[-108.76337,36.842722],[-108.762922,36.842714],[-108.762917,36.842894],[-108.763365,36.842902]]]},"properties":{"src":"fm"}},{"type":"Feature","geometry":{"type":"Polygon","coordinates":[[[-108.760451,36.842848],[-108.760467,36.842307],[-108.760243,36.842303],[-108.760227,36.842843],[-108.760451,36.842848]]]},"properties":{"src":"fm"}},{"type":"Feature","geometry":{"type":"Polygon","coordinates":[[[-108.762693,36.84289],[-108.762698,36.84271],[-108.762922,36.842714],[-108.762927,36.842534],[-108.762703,36.84253],[-108.762708,36.842349],[-108.762484,36.842345],[-108.762469,36.842886],[-108.762693,36.84289]]]},"properties":{"src":"fm"}},{"type":"Feature","geometry":{"type":"Polygon","coordinates":[[[-108.76225,36.842701],[-108.76226,36.842341],[-108.762148,36.842339],[-108.762145,36.842429],[-108.762033,36.842427],[-108.762036,36.842337],[-108.761364,36.842324],[-108.761369,36.842144],[-108.761257,36.842142],[-108.761254,36.842232],[-108.761142,36.84223],[-108.761139,36.84232],[-108.760691,36.842311],[-108.760686,36.842492],[-108.761358,36.842504],[-108.761353,36.842684],[-108.761577,36.842689],[-108.761582,36.842508],[-108.761807,36.842513],[-108.761801,36.842693],[-108.76225,36.842701]]]},"properties":{"src":"fm"}},{"type":"Feature","geometry":{"type":"Polygon","coordinates":[[[-108.762484,36.842345],[-108.76249,36.842165],[-108.762377,36.842163],[-108.762375,36.842253],[-108.762263,36.842251],[-108.76226,36.842341],[-108.762484,36.842345]]]},"properties":{"src":"fm"}},{"type":"Feature","geometry":{"type":"Polygon","coordinates":[[[-108.762263,36.842251],[-108.762265,36.842161],[-108.762153,36.842159],[-108.762151,36.842249],[-108.762263,36.842251]]]},"properties":{"src":"fm"}},{"type":"Feature","geometry":{"type":"Polygon","coordinates":[[[-108.762716,36.842079],[-108.762719,36.841989],[-108.762495,36.841985],[-108.762492,36.842075],[-108.762716,36.842079]]]},"properties":{"src":"fm"}},{"type":"Feature","geometry":{"type":"Polygon","coordinates":[[[-108.761817,36.842152],[-108.76182,36.842062],[-108.762044,36.842066],[-108.762047,36.841976],[-108.761598,36.841968],[-108.761593,36.842148],[-108.761817,36.842152]]]},"properties":{"src":"fm"}},{"type":"Feature","geometry":{"type":"Polygon","coordinates":[[[-108.760597,36.845554],[-108.760607,36.845194],[-108.760159,36.845185],[-108.760153,36.845366],[-108.760378,36.84537],[-108.760372,36.84555],[-108.760597,36.845554]]]},"properties":{"src":"fm"}},{"type":"Feature","geometry":{"type":"Polygon","coordinates":[[[-108.760612,36.845014],[-108.760618,36.844834],[-108.760169,36.844825],[-108.760164,36.845005],[-108.760612,36.845014]]]},"properties":{"src":"fm"}},{"type":"Feature","geometry":{"type":"Polygon","coordinates":[[[-108.76062,36.844743],[-108.760623,36.844653],[-108.760399,36.844649],[-108.760396,36.844739],[-108.76062,36.844743]]]},"properties":{"src":"fm"}},{"type":"Feature","geometry":{"type":"Polygon","coordinates":[[[-108.763766,36.844532],[-108.763771,36.844352],[-108.763547,36.844348],[-108.763553,36.844168],[-108.76288,36.844155],[-108.762875,36.844335],[-108.763099,36.844339],[-108.763094,36.84452],[-108.763766,36.844532]]]},"properties":{"src":"fm"}},{"type":"Feature","geometry":{"type":"Polygon","coordinates":[[[-108.762659,36.844061],[-108.762661,36.843971],[-108.762437,36.843967],[-108.762434,36.844057],[-108.762659,36.844061]]]},"properties":{"src":"fm"}},{"type":"Feature","geometry":{"type":"Polygon","coordinates":[[[-108.763774,36.844262],[-108.763787,36.843812],[-108.763339,36.843803],[-108.763334,36.843983],[-108.763558,36.843988],[-108.763553,36.844168],[-108.763665,36.84417],[-108.763662,36.84426],[-108.763774,36.844262]]]},"properties":{"src":"fm"}},{"type":"Feature","geometry":{"type":"Polygon","coordinates":[[[-108.763109,36.843979],[-108.763115,36.843799],[-108.762891,36.843795],[-108.762885,36.843975],[-108.763109,36.843979]]]},"properties":{"src":"fm"}},{"type":"Feature","geometry":{"type":"Polygon","coordinates":[[[-108.762666,36.843791],[-108.762672,36.84361],[-108.762448,36.843606],[-108.762442,36.843786],[-108.762666,36.843791]]]},"properties":{"src":"fm"}},{"type":"Feature","geometry":{"type":"Polygon","coordinates":[[[-108.762453,36.843426],[-108.762458,36.843246],[-108.762234,36.843242],[-108.762229,36.843422],[-108.762453,36.843426]]]},"properties":{"src":"fm"}},{"type":"Feature","geometry":{"type":"Polygon","coordinates":[[[-108.76066,36.843392],[-108.760665,36.843212],[-108.760441,36.843208],[-108.760435,36.843388],[-108.76066,36.843392]]]},"properties":{"src":"fm"}},{"type":"Feature","geometry":{"type":"Polygon","coordinates":[[[-108.763574,36.843447],[-108.763584,36.843087],[-108.76336,36.843083],[-108.763349,36.843443],[-108.763574,36.843447]]]},"properties":{"src":"fm"}},{"type":"Feature","geometry":{"type":"Polygon","coordinates":[[[-108.762234,36.843242],[-108.762239,36.843062],[-108.762015,36.843057],[-108.76201,36.843237],[-108.762234,36.843242]]]},"properties":{"src":"fm"}},{"type":"Feature","geometry":{"type":"Polygon","coordinates":[[[-108.763363,36.842993],[-108.763365,36.842902],[-108.763253,36.8429],[-108.76325,36.84299],[-108.763363,36.842993]]]},"properties":{"src":"fm"}},{"type":"Feature","geometry":{"type":"Polygon","coordinates":[[[-108.763645,36.848676],[-108.763651,36.848496],[-108.763427,36.848492],[-108.763421,36.848672],[-108.763645,36.848676]]]},"properties":{"src":"fm"}},{"type":"Feature","geometry":{"type":"Polygon","coordinates":[[[-108.76118,36.848629],[-108.761185,36.848449],[-108.760961,36.848445],[-108.760955,36.848625],[-108.76118,36.848629]]]},"properties":{"src":"fm"}},{"type":"Feature","geometry":{"type":"Polygon","coordinates":[[[-108.763427,36.848492],[-108.763432,36.848311],[-108.763208,36.848307],[-108.763202,36.848487],[-108.763427,36.848492]]]},"properties":{"src":"fm"}},{"type":"Feature","geometry":{"type":"Polygon","coordinates":[[[-108.762306,36.84847],[-108.762316,36.84811],[-108.761868,36.848102],[-108.761865,36.848192],[-108.762089,36.848196],[-108.762082,36.848466],[-108.762306,36.84847]]]},"properties":{"src":"fm"}},{"type":"Feature","geometry":{"type":"Polygon","coordinates":[[[-108.763661,36.848135],[-108.763666,36.847955],[-108.763442,36.847951],[-108.763437,36.848131],[-108.763661,36.848135]]]},"properties":{"src":"fm"}},{"type":"Feature","geometry":{"type":"Polygon","coordinates":[[[-108.760971,36.848085],[-108.760977,36.847905],[-108.760752,36.8479],[-108.760747,36.848081],[-108.760971,36.848085]]]},"properties":{"src":"fm"}},{"type":"Feature","geometry":{"type":"Polygon","coordinates":[[[-108.760758,36.84772],[-108.760763,36.84754],[-108.760539,36.847536],[-108.760533,36.847716],[-108.760758,36.84772]]]},"properties":{"src":"fm"}},{"type":"Feature","geometry":{"type":"Polygon","coordinates":[[[-108.760523,36.848076],[-108.760533,36.847716],[-108.760309,36.847712],[-108.76032,36.847351],[-108.760096,36.847347],[-108.760075,36.848068],[-108.760523,36.848076]]]},"properties":{"src":"fm"}},{"type":"Feature","geometry":{"type":"Polygon","coordinates":[[[-108.762983,36.848303],[-108.762994,36.847943],[-108.763218,36.847947],[-108.763229,36.847587],[-108.763453,36.847591],[-108.763458,36.847411],[-108.76301,36.847402],[-108.763015,36.847222],[-108.762342,36.847209],[-108.762337,36.847389],[-108.762113,36.847385],[-108.762118,36.847205],[-108.761894,36.847201],[-108.761889,36.847381],[-108.761553,36.847375],[-108.76155,36.847465],[-108.761438,36.847463],[-108.761441,36.847373],[-108.760992,36.847364],[-108.760987,36.847544],[-108.761099,36.847546],[-108.761096,36.847636],[-108.760984,36.847634],[-108.760977,36.847905],[-108.761649,36.847917],[-108.761646,36.848007],[-108.761758,36.848009],[-108.761756,36.8481],[-108.761868,36.848102],[-108.761873,36.847922],[-108.762546,36.847934],[-108.762535,36.848294],[-108.762983,36.848303]],[[-108.76143,36.847733],[-108.761206,36.847729],[-108.761211,36.847549],[-108.761435,36.847553],[-108.76143,36.847733]]]},"properties":{"src":"fm"}},{"type":"Feature","geometry":{"type":"Polygon","coordinates":[[[-108.763682,36.847415],[-108.763687,36.847235],[-108.763463,36.84723],[-108.763458,36.847411],[-108.763682,36.847415]]]},"properties":{"src":"fm"}},{"type":"Feature","geometry":{"type":"Polygon","coordinates":[[[-108.760797,36.846369],[-108.7608,36.846279],[-108.760576,36.846275],[-108.760573,36.846365],[-108.760797,36.846369]]]},"properties":{"src":"fm"}},{"type":"Feature","geometry":{"type":"Polygon","coordinates":[[[-108.762374,36.846128],[-108.762379,36.845948],[-108.762155,36.845944],[-108.762158,36.845854],[-108.762382,36.845858],[-108.762385,36.845768],[-108.761936,36.84576],[-108.761931,36.84594],[-108.761707,36.845936],[-108.761702,36.846116],[-108.762374,36.846128]]]},"properties":{"src":"fm"}},{"type":"Feature","geometry":{"type":"Polygon","coordinates":[[[-108.760126,36.850142],[-108.760129,36.850052],[-108.760241,36.850054],[-108.760246,36.849874],[-108.760022,36.849869],[-108.760014,36.85014],[-108.760126,36.850142]]]},"properties":{"src":"fm"}},{"type":"Feature","geometry":{"type":"Polygon","coordinates":[[[-108.760251,36.849693],[-108.760257,36.849513],[-108.760033,36.849509],[-108.760027,36.849689],[-108.760251,36.849693]]]},"properties":{"src":"fm"}},{"type":"Feature","geometry":{"type":"Polygon","coordinates":[[[-108.761602,36.849539],[-108.761607,36.849359],[-108.761383,36.849354],[-108.761388,36.849174],[-108.76094,36.849166],[-108.760934,36.849346],[-108.761159,36.84935],[-108.761153,36.84953],[-108.761602,36.849539]]]},"properties":{"src":"fm"}},{"type":"Feature","geometry":{"type":"Polygon","coordinates":[[[-108.760705,36.849522],[-108.760716,36.849161],[-108.760491,36.849157],[-108.760484,36.849427],[-108.760596,36.84943],[-108.760593,36.84952],[-108.760705,36.849522]]]},"properties":{"src":"fm"}},{"type":"Feature","geometry":{"type":"Polygon","coordinates":[[[-108.762293,36.848921],[-108.762295,36.848831],[-108.762071,36.848827],[-108.762068,36.848917],[-108.762293,36.848921]]]},"properties":{"src":"fm"}},{"type":"Feature","geometry":{"type":"Polygon","coordinates":[[[-108.762504,36.849375],[-108.762509,36.849195],[-108.762397,36.849193],[-108.762394,36.849283],[-108.762282,36.849281],[-108.76229,36.849011],[-108.761842,36.849002],[-108.761852,36.848642],[-108.761404,36.848634],[-108.761399,36.848814],[-108.761623,36.848818],[-108.761612,36.849178],[-108.762061,36.849187],[-108.762055,36.849367],[-108.762504,36.849375]]]},"properties":{"src":"fm"}},{"type":"Feature","geometry":{"type":"Polygon","coordinates":[[[-108.760721,36.848981],[-108.760731,36.848621],[-108.760619,36.848619],[-108.760617,36.848709],[-108.760505,36.848707],[-108.760497,36.848977],[-108.760721,36.848981]]]},"properties":{"src":"fm"}},{"type":"Feature","geometry":{"type":"Polygon","coordinates":[[[-108.763561,36.851558],[-108.763588,36.850658],[-108.763364,36.850653],[-108.763369,36.850473],[-108.763145,36.850469],[-108.76315,36.850289],[-108.762926,36.850285],[-108.762931,36.850104],[-108.763379,36.850113],[-108.763374,36.850293],[-108.763486,36.850295],[-108.763483,36.850385],[-108.763596,36.850387],[-108.763619,36.849577],[-108.763171,36.849568],[-108.763176,36.849388],[-108.763512,36.849394],[-108.76351,36.849484],[-108.763622,36.849487],[-108.763635,36.849036],[-108.763187,36.849028],[-108.763192,36.848848],[-108.76364,36.848856],[-108.763645,36.848676],[-108.762525,36.848655],[-108.762519,36.848835],[-108.762968,36.848843],[-108.762962,36.849024],[-108.76285,36.849021],[-108.762848,36.849112],[-108.762736,36.849109],[-108.762738,36.849019],[-108.762514,36.849015],[-108.762509,36.849195],[-108.762733,36.849199],[-108.762728,36.84938],[-108.762504,36.849375],[-108.762498,36.849556],[-108.762162,36.849549],[-108.762159,36.849639],[-108.762047,36.849637],[-108.76205,36.849547],[-108.761714,36.849541],[-108.761711,36.849631],[-108.761823,36.849633],[-108.761815,36.849903],[-108.762376,36.849914],[-108.762373,36.850004],[-108.762261,36.850002],[-108.762253,36.850272],[-108.762702,36.85028],[-108.762696,36.850461],[-108.762248,36.850452],[-108.762237,36.850812],[-108.761565,36.8508],[-108.76157,36.85062],[-108.761346,36.850615],[-108.761357,36.850255],[-108.761132,36.850251],[-108.761138,36.850071],[-108.760913,36.850066],[-108.760924,36.849706],[-108.7607,36.849702],[-108.760695,36.849882],[-108.76047,36.849878],[-108.76046,36.850238],[-108.760908,36.850247],[-108.760903,36.850427],[-108.76023,36.850414],[-108.760236,36.850234],[-108.760124,36.850232],[-108.760118,36.850412],[-108.760006,36.85041],[-108.759975,36.851491],[-108.763561,36.851558]],[[-108.763358,36.850834],[-108.76291,36.850825],[-108.762915,36.850645],[-108.763364,36.850653],[-108.763358,36.850834]],[[-108.762941,36.849744],[-108.762717,36.84974],[-108.762723,36.84956],[-108.762947,36.849564],[-108.762941,36.849744]],[[-108.763072,36.849116],[-108.76296,36.849114],[-108.762962,36.849024],[-108.763075,36.849026],[-108.763072,36.849116]]]},"properties":{"src":"fm"}},{"type":"Feature","geometry":{"type":"Polygon","coordinates":[[[-108.76195,36.85297],[-108.761955,36.85279],[-108.761395,36.852779],[-108.761392,36.852869],[-108.76128,36.852867],[-108.761278,36.852957],[-108.76195,36.85297]]]},"properties":{"src":"fm"}},{"type":"Feature","geometry":{"type":"Polygon","coordinates":[[[-108.763253,36.854437],[-108.763259,36.854256],[-108.762586,36.854244],[-108.762591,36.854064],[-108.762367,36.854059],[-108.762372,36.853879],[-108.762148,36.853875],[-108.762159,36.853515],[-108.761934,36.853511],[-108.76194,36.85333],[-108.762164,36.853335],[-108.762169,36.853154],[-108.761721,36.853146],[-108.761705,36.853686],[-108.761481,36.853682],[-108.761486,36.853502],[-108.761262,36.853498],[-108.761278,36.852957],[-108.761054,36.852953],[-108.761069,36.852413],[-108.761293,36.852417],[-108.761288,36.852597],[-108.761961,36.85261],[-108.761966,36.85243],[-108.76219,36.852434],[-108.762185,36.852614],[-108.762409,36.852618],[-108.762399,36.852979],[-108.762847,36.852987],[-108.762842,36.853167],[-108.76329,36.853176],[-108.763295,36.852995],[-108.763519,36.853],[-108.763561,36.851558],[-108.759975,36.851491],[-108.759896,36.854193],[-108.760568,36.854206],[-108.760574,36.854026],[-108.760798,36.85403],[-108.760793,36.85421],[-108.761241,36.854218],[-108.761236,36.854399],[-108.763253,36.854437]],[[-108.761585,36.853955],[-108.761473,36.853952],[-108.761476,36.853862],[-108.761588,36.853865],[-108.761585,36.853955]],[[-108.761152,36.853406],[-108.76104,36.853404],[-108.761043,36.853313],[-108.761155,36.853316],[-108.761152,36.853406]],[[-108.760824,36.853129],[-108.760376,36.853121],[-108.760386,36.85276],[-108.760162,36.852756],[-108.760167,36.852576],[-108.760504,36.852582],[-108.760501,36.852672],[-108.760613,36.852674],[-108.76061,36.852765],[-108.760835,36.852769],[-108.760824,36.853129]],[[-108.762852,36.852807],[-108.762628,36.852803],[-108.762639,36.852442],[-108.762975,36.852449],[-108.762972,36.852539],[-108.76286,36.852537],[-108.762852,36.852807]],[[-108.763306,36.852635],[-108.763082,36.852631],[-108.763087,36.852451],[-108.763311,36.852455],[-108.763306,36.852635]],[[-108.762639,36.852442],[-108.76219,36.852434],[-108.762195,36.852254],[-108.762644,36.852262],[-108.762639,36.852442]],[[-108.760509,36.852402],[-108.760397,36.8524],[-108.760407,36.85204],[-108.760183,36.852036],[-108.760188,36.851855],[-108.760861,36.851868],[-108.76085,36.852228],[-108.760514,36.852222],[-108.760509,36.852402]],[[-108.761299,36.852237],[-108.761075,36.852233],[-108.761085,36.851872],[-108.761309,36.851876],[-108.761299,36.852237]],[[-108.762649,36.852082],[-108.762201,36.852074],[-108.762206,36.851893],[-108.762654,36.851902],[-108.762649,36.852082]]]},"properties":{"src":"fm"}},{"type":"Feature","geometry":{"type":"Polygon","coordinates":[[[-108.762721,36.857311],[-108.762723,36.857221],[-108.762611,36.857218],[-108.762609,36.857309],[-108.762721,36.857311]]]},"properties":{"src":"fm"}},{"type":"Feature","geometry":{"type":"Polygon","coordinates":[[[-108.761152,36.857281],[-108.761154,36.857191],[-108.761042,36.857189],[-108.761039,36.857279],[-108.761152,36.857281]]]},"properties":{"src":"fm"}},{"type":"Feature","geometry":{"type":"Polygon","coordinates":[[[-108.763393,36.857323],[-108.763399,36.857143],[-108.76295,36.857135],[-108.762948,36.857225],[-108.762836,36.857223],[-108.762833,36.857313],[-108.763393,36.857323]]]},"properties":{"src":"fm"}},{"type":"Feature","geometry":{"type":"Polygon","coordinates":[[[-108.760927,36.857277],[-108.760933,36.857097],[-108.76026,36.857084],[-108.760263,36.856994],[-108.760038,36.85699],[-108.760041,36.8569],[-108.759817,36.856895],[-108.759806,36.857256],[-108.760927,36.857277]]]},"properties":{"src":"fm"}},{"type":"Feature","geometry":{"type":"Polygon","coordinates":[[[-108.762512,36.856766],[-108.762515,36.856676],[-108.762403,36.856674],[-108.7624,36.856764],[-108.762512,36.856766]]]},"properties":{"src":"fm"}},{"type":"Feature","geometry":{"type":"Polygon","coordinates":[[[-108.763414,36.856603],[-108.763417,36.856513],[-108.763305,36.856511],[-108.763302,36.856601],[-108.763414,36.856603]]]},"properties":{"src":"fm"}},{"type":"Feature","geometry":{"type":"Polygon","coordinates":[[[-108.762288,36.856762],[-108.762293,36.856582],[-108.76319,36.856599],[-108.763195,36.856418],[-108.76342,36.856423],[-108.763477,36.854441],[-108.761236,36.854399],[-108.761225,36.854759],[-108.761001,36.854755],[-108.761006,36.854575],[-108.760894,36.854572],[-108.760891,36.854663],[-108.760779,36.85466],[-108.760787,36.85439],[-108.760115,36.854378],[-108.760104,36.854738],[-108.760328,36.854742],[-108.760323,36.854922],[-108.760099,36.854918],[-108.760102,36.854828],[-108.759989,36.854826],[-108.759987,36.854916],[-108.759875,36.854914],[-108.759848,36.855815],[-108.760073,36.855819],[-108.760062,36.856179],[-108.759838,36.856175],[-108.759833,36.856355],[-108.760057,36.856359],[-108.760052,36.856539],[-108.7605,36.856548],[-108.760495,36.856728],[-108.762288,36.856762]],[[-108.760946,36.856646],[-108.760834,36.856644],[-108.760836,36.856554],[-108.760948,36.856556],[-108.760946,36.856646]],[[-108.760722,36.856642],[-108.760609,36.85664],[-108.760612,36.85655],[-108.760724,36.856552],[-108.760722,36.856642]],[[-108.760839,36.856464],[-108.760727,36.856462],[-108.760729,36.856372],[-108.760842,36.856374],[-108.760839,36.856464]],[[-108.760729,36.856372],[-108.760505,36.856368],[-108.760511,36.856188],[-108.760735,36.856192],[-108.760729,36.856372]],[[-108.760172,36.856271],[-108.76006,36.856269],[-108.760062,36.856179],[-108.760174,36.856181],[-108.760172,36.856271]]]},"properties":{"src":"fm"}},{"type":"Feature","geometry":{"type":"Polygon","coordinates":[[[-108.763085,36.860202],[-108.76309,36.860021],[-108.763315,36.860026],[-108.763393,36.857323],[-108.759806,36.857256],[-108.759743,36.859418],[-108.761537,36.859451],[-108.761532,36.859632],[-108.762428,36.859648],[-108.762418,36.860009],[-108.762866,36.860017],[-108.762861,36.860197],[-108.763085,36.860202]]]},"properties":{"src":"fm"}},{"type":"Feature","geometry":{"type":"Polygon","coordinates":[[[-108.759862,36.863025],[-108.759873,36.862665],[-108.759649,36.86266],[-108.759638,36.863021],[-108.759862,36.863025]]]},"properties":{"src":"fm"}},{"type":"Feature","geometry":{"type":"Polygon","coordinates":[[[-108.762782,36.8629],[-108.762787,36.86272],[-108.762675,36.862717],[-108.762673,36.862808],[-108.762561,36.862805],[-108.762563,36.862715],[-108.762339,36.862711],[-108.762334,36.862891],[-108.762782,36.8629]]]},"properties":{"src":"fm"}},{"type":"Feature","geometry":{"type":"Polygon","coordinates":[[[-108.76054,36.862857],[-108.760545,36.862677],[-108.760433,36.862675],[-108.760431,36.862765],[-108.760319,36.862763],[-108.760316,36.862853],[-108.76054,36.862857]]]},"properties":{"src":"fm"}},{"type":"Feature","geometry":{"type":"Polygon","coordinates":[[[-108.760775,36.862501],[-108.76078,36.862321],[-108.760668,36.862319],[-108.760665,36.862409],[-108.760553,36.862407],[-108.760561,36.862137],[-108.759664,36.86212],[-108.759662,36.86221],[-108.759774,36.862212],[-108.759771,36.862302],[-108.759659,36.8623],[-108.759654,36.86248],[-108.759878,36.862484],[-108.759883,36.862304],[-108.760332,36.862313],[-108.760326,36.862493],[-108.760775,36.862501]]]},"properties":{"src":"fm"}},{"type":"Feature","geometry":{"type":"Polygon","coordinates":[[[-108.762131,36.862166],[-108.762141,36.861806],[-108.762029,36.861804],[-108.762026,36.861894],[-108.761914,36.861892],[-108.761917,36.861802],[-108.761805,36.8618],[-108.761802,36.86189],[-108.76169,36.861888],[-108.761693,36.861798],[-108.761468,36.861793],[-108.761463,36.861974],[-108.761687,36.861978],[-108.761682,36.862158],[-108.762131,36.862166]]]},"properties":{"src":"fm"}},{"type":"Feature","geometry":{"type":"Polygon","coordinates":[[[-108.762365,36.86181],[-108.762376,36.86145],[-108.762152,36.861446],[-108.762141,36.861806],[-108.762365,36.86181]]]},"properties":{"src":"fm"}},{"type":"Feature","geometry":{"type":"Polygon","coordinates":[[[-108.763273,36.861467],[-108.763278,36.861287],[-108.763054,36.861283],[-108.763048,36.861463],[-108.763273,36.861467]]]},"properties":{"src":"fm"}},{"type":"Feature","geometry":{"type":"Polygon","coordinates":[[[-108.7626,36.861454],[-108.762605,36.861274],[-108.762493,36.861272],[-108.762491,36.861362],[-108.762378,36.86136],[-108.762376,36.86145],[-108.7626,36.861454]]]},"properties":{"src":"fm"}},{"type":"Feature","geometry":{"type":"Polygon","coordinates":[[[-108.763054,36.861283],[-108.763059,36.861102],[-108.763283,36.861107],[-108.763304,36.860386],[-108.762856,36.860378],[-108.76285,36.860558],[-108.763075,36.860562],[-108.763064,36.860922],[-108.76284,36.860918],[-108.762829,36.861278],[-108.763054,36.861283]]]},"properties":{"src":"fm"}},{"type":"Feature","geometry":{"type":"Polygon","coordinates":[[[-108.763173,36.86489],[-108.763178,36.86471],[-108.762954,36.864705],[-108.762949,36.864886],[-108.763173,36.86489]]]},"properties":{"src":"fm"}},{"type":"Feature","geometry":{"type":"Polygon","coordinates":[[[-108.762954,36.864705],[-108.762956,36.864615],[-108.762844,36.864613],[-108.762842,36.864703],[-108.762954,36.864705]]]},"properties":{"src":"fm"}},{"type":"Feature","geometry":{"type":"Polygon","coordinates":[[[-108.762297,36.864152],[-108.762302,36.863972],[-108.762078,36.863968],[-108.762073,36.864148],[-108.762297,36.864152]]]},"properties":{"src":"fm"}},{"type":"Feature","geometry":{"type":"Polygon","coordinates":[[[-108.763141,36.865971],[-108.763152,36.86561],[-108.762703,36.865602],[-108.762698,36.865782],[-108.762586,36.86578],[-108.762583,36.86587],[-108.762471,36.865868],[-108.762479,36.865598],[-108.762255,36.865594],[-108.76226,36.865413],[-108.762372,36.865416],[-108.76237,36.865506],[-108.762482,36.865508],[-108.762495,36.865057],[-108.762271,36.865053],[-108.762276,36.864873],[-108.762724,36.864881],[-108.76273,36.864701],[-108.762505,36.864697],[-108.762516,36.864337],[-108.76274,36.864341],[-108.762745,36.864161],[-108.762297,36.864152],[-108.762292,36.864333],[-108.762067,36.864328],[-108.762073,36.864148],[-108.7614,36.864135],[-108.761411,36.863775],[-108.761299,36.863773],[-108.761296,36.863863],[-108.761184,36.863861],[-108.761186,36.863771],[-108.76085,36.863765],[-108.760847,36.863855],[-108.760735,36.863853],[-108.760727,36.864123],[-108.760503,36.864119],[-108.760509,36.863938],[-108.760284,36.863934],[-108.76029,36.863754],[-108.760065,36.86375],[-108.760058,36.86402],[-108.76017,36.864022],[-108.760167,36.864112],[-108.760279,36.864114],[-108.760266,36.864565],[-108.760378,36.864567],[-108.760375,36.864657],[-108.760488,36.864659],[-108.760493,36.864479],[-108.760717,36.864483],[-108.76072,36.864393],[-108.760832,36.864395],[-108.760834,36.864305],[-108.760946,36.864307],[-108.760941,36.864487],[-108.761165,36.864492],[-108.761171,36.864311],[-108.761619,36.86432],[-108.761614,36.8645],[-108.76139,36.864496],[-108.761379,36.864856],[-108.760931,36.864848],[-108.760936,36.864667],[-108.760712,36.864663],[-108.760701,36.865024],[-108.761038,36.86503],[-108.761032,36.86521],[-108.76092,36.865208],[-108.76091,36.865568],[-108.761134,36.865572],[-108.761129,36.865753],[-108.761801,36.865765],[-108.761812,36.865405],[-108.761924,36.865407],[-108.761921,36.865497],[-108.762033,36.865499],[-108.762025,36.86577],[-108.762138,36.865772],[-108.762135,36.865862],[-108.762247,36.865864],[-108.762244,36.865954],[-108.763141,36.865971]],[[-108.762057,36.864689],[-108.761833,36.864684],[-108.761838,36.864504],[-108.762062,36.864508],[-108.762057,36.864689]],[[-108.760722,36.864303],[-108.760498,36.864299],[-108.760501,36.864209],[-108.760725,36.864213],[-108.760722,36.864303]]]},"properties":{"src":"fm"}},{"type":"Feature","geometry":{"type":"Polygon","coordinates":[[[-108.762526,36.863976],[-108.762532,36.863796],[-108.762307,36.863792],[-108.762302,36.863972],[-108.762526,36.863976]]]},"properties":{"src":"fm"}},{"type":"Feature","geometry":{"type":"Polygon","coordinates":[[[-108.763189,36.864349],[-108.763204,36.863809],[-108.76298,36.863805],[-108.762985,36.863625],[-108.762873,36.863622],[-108.762871,36.863713],[-108.762759,36.86371],[-108.762745,36.864161],[-108.76297,36.864165],[-108.762964,36.864345],[-108.763189,36.864349]]]},"properties":{"src":"fm"}},{"type":"Feature","geometry":{"type":"Polygon","coordinates":[[[-108.761635,36.863779],[-108.76164,36.863599],[-108.761416,36.863595],[-108.761411,36.863775],[-108.761635,36.863779]]]},"properties":{"src":"fm"}},{"type":"Feature","geometry":{"type":"Polygon","coordinates":[[[-108.760065,36.86375],[-108.760071,36.86357],[-108.759846,36.863565],[-108.759852,36.863385],[-108.759628,36.863381],[-108.759617,36.863741],[-108.760065,36.86375]]]},"properties":{"src":"fm"}},{"type":"Feature","geometry":{"type":"Polygon","coordinates":[[[-108.760308,36.863123],[-108.760311,36.863033],[-108.760086,36.863029],[-108.760084,36.863119],[-108.760308,36.863123]]]},"properties":{"src":"fm"}},{"type":"Feature","geometry":{"type":"Polygon","coordinates":[[[-108.760815,36.868811],[-108.76082,36.868631],[-108.760596,36.868627],[-108.760593,36.868717],[-108.760705,36.868719],[-108.760703,36.868809],[-108.760815,36.868811]]]},"properties":{"src":"fm"}},{"type":"Feature","geometry":{"type":"Polygon","coordinates":[[[-108.760142,36.868798],[-108.760153,36.868438],[-108.759929,36.868434],[-108.759934,36.868254],[-108.759485,36.868245],[-108.75947,36.868786],[-108.760142,36.868798]]]},"properties":{"src":"fm"}},{"type":"Feature","geometry":{"type":"Polygon","coordinates":[[[-108.761055,36.868275],[-108.76106,36.868095],[-108.760836,36.86809],[-108.760831,36.868271],[-108.761055,36.868275]]]},"properties":{"src":"fm"}},{"type":"Feature","geometry":{"type":"Polygon","coordinates":[[[-108.761506,36.868193],[-108.761509,36.868103],[-108.761397,36.868101],[-108.761394,36.868191],[-108.761506,36.868193]]]},"properties":{"src":"fm"}},{"type":"Feature","geometry":{"type":"Polygon","coordinates":[[[-108.761284,36.868099],[-108.76129,36.867919],[-108.760953,36.867912],[-108.760951,36.868002],[-108.761175,36.868007],[-108.761172,36.868097],[-108.761284,36.868099]]]},"properties":{"src":"fm"}},{"type":"Feature","geometry":{"type":"Polygon","coordinates":[[[-108.763057,36.868853],[-108.763068,36.868493],[-108.762843,36.868489],[-108.762849,36.868309],[-108.763073,36.868313],[-108.763078,36.868133],[-108.762854,36.868128],[-108.762859,36.867948],[-108.762635,36.867944],[-108.76264,36.867764],[-108.762192,36.867755],[-108.762181,36.868116],[-108.761957,36.868112],[-108.761952,36.868292],[-108.761055,36.868275],[-108.76105,36.868455],[-108.760825,36.868451],[-108.76082,36.868631],[-108.761044,36.868635],[-108.761039,36.868815],[-108.761488,36.868824],[-108.761498,36.868463],[-108.761947,36.868472],[-108.761941,36.868652],[-108.762053,36.868654],[-108.762051,36.868744],[-108.761939,36.868742],[-108.761936,36.868832],[-108.763057,36.868853]],[[-108.761381,36.868641],[-108.761269,36.868639],[-108.761271,36.868549],[-108.761383,36.868551],[-108.761381,36.868641]],[[-108.762619,36.868485],[-108.762395,36.86848],[-108.7624,36.8683],[-108.762625,36.868304],[-108.762619,36.868485]]]},"properties":{"src":"fm"}},{"type":"Feature","geometry":{"type":"Polygon","coordinates":[[[-108.761962,36.867931],[-108.761968,36.867751],[-108.761743,36.867747],[-108.761749,36.867567],[-108.761524,36.867563],[-108.761514,36.867923],[-108.761962,36.867931]]]},"properties":{"src":"fm"}},{"type":"Feature","geometry":{"type":"Polygon","coordinates":[[[-108.762202,36.867395],[-108.762208,36.867215],[-108.761983,36.867211],[-108.761978,36.867391],[-108.762202,36.867395]]]},"properties":{"src":"fm"}},{"type":"Feature","geometry":{"type":"Polygon","coordinates":[[[-108.76153,36.867382],[-108.761535,36.867202],[-108.761311,36.867198],[-108.761305,36.867378],[-108.76153,36.867382]]]},"properties":{"src":"fm"}},{"type":"Feature","geometry":{"type":"Polygon","coordinates":[[[-108.761757,36.867297],[-108.761759,36.867207],[-108.761647,36.867204],[-108.761644,36.867294],[-108.761757,36.867297]]]},"properties":{"src":"fm"}},{"type":"Feature","geometry":{"type":"Polygon","coordinates":[[[-108.761311,36.867198],[-108.761316,36.867018],[-108.761204,36.867016],[-108.761199,36.867196],[-108.761311,36.867198]]]},"properties":{"src":"fm"}},{"type":"Feature","geometry":{"type":"Polygon","coordinates":[[[-108.759741,36.867168],[-108.759746,36.866988],[-108.759522,36.866984],[-108.759517,36.867164],[-108.759741,36.867168]]]},"properties":{"src":"fm"}},{"type":"Feature","geometry":{"type":"Polygon","coordinates":[[[-108.761089,36.867104],[-108.761092,36.867014],[-108.76098,36.867012],[-108.760977,36.867102],[-108.761089,36.867104]]]},"properties":{"src":"fm"}},{"type":"Feature","geometry":{"type":"Polygon","coordinates":[[[-108.760617,36.867906],[-108.760622,36.867726],[-108.760959,36.867732],[-108.760956,36.867822],[-108.761068,36.867824],[-108.761073,36.867644],[-108.761185,36.867646],[-108.761183,36.867736],[-108.761295,36.867739],[-108.7613,36.867558],[-108.760628,36.867546],[-108.760643,36.867005],[-108.760868,36.867009],[-108.760873,36.866829],[-108.761097,36.866834],[-108.761102,36.866653],[-108.760654,36.866645],[-108.760649,36.866825],[-108.760536,36.866823],[-108.760531,36.867003],[-108.760419,36.867001],[-108.760424,36.866821],[-108.759976,36.866812],[-108.759968,36.867083],[-108.760192,36.867087],[-108.76019,36.867177],[-108.759741,36.867168],[-108.759736,36.867349],[-108.75996,36.867353],[-108.759955,36.867533],[-108.760179,36.867537],[-108.760174,36.867717],[-108.76051,36.867724],[-108.760505,36.867904],[-108.760617,36.867906]]]},"properties":{"src":"fm"}},{"type":"Feature","geometry":{"type":"Polygon","coordinates":[[[-108.761329,36.866568],[-108.761332,36.866477],[-108.76122,36.866475],[-108.761217,36.866565],[-108.761329,36.866568]]]},"properties":{"src":"fm"}},{"type":"Feature","geometry":{"type":"Polygon","coordinates":[[[-108.761556,36.866482],[-108.761561,36.866302],[-108.761337,36.866297],[-108.761332,36.866477],[-108.761556,36.866482]]]},"properties":{"src":"fm"}},{"type":"Feature","geometry":{"type":"Polygon","coordinates":[[[-108.762682,36.866323],[-108.762688,36.866143],[-108.762912,36.866147],[-108.762917,36.865967],[-108.76202,36.86595],[-108.762015,36.86613],[-108.762239,36.866134],[-108.762234,36.866314],[-108.762682,36.866323]]]},"properties":{"src":"fm"}},{"type":"Feature","geometry":{"type":"Polygon","coordinates":[[[-108.762749,36.871732],[-108.762759,36.871371],[-108.762984,36.871375],[-108.762994,36.871015],[-108.76277,36.871011],[-108.762775,36.870831],[-108.762663,36.870829],[-108.76266,36.870919],[-108.762548,36.870917],[-108.762546,36.871007],[-108.762434,36.871005],[-108.762431,36.871095],[-108.762319,36.871093],[-108.762316,36.871183],[-108.762092,36.871178],[-108.762102,36.870818],[-108.762327,36.870822],[-108.762332,36.870642],[-108.762668,36.870648],[-108.762666,36.870739],[-108.762778,36.870741],[-108.76278,36.870651],[-108.763005,36.870655],[-108.763036,36.869574],[-108.762812,36.86957],[-108.762807,36.86975],[-108.762358,36.869741],[-108.762353,36.869922],[-108.76168,36.869909],[-108.761686,36.869729],[-108.761573,36.869727],[-108.761571,36.869817],[-108.761459,36.869815],[-108.761456,36.869905],[-108.761008,36.869896],[-108.761013,36.869716],[-108.760901,36.869714],[-108.760898,36.869804],[-108.760786,36.869802],[-108.760789,36.869712],[-108.760564,36.869708],[-108.76057,36.869527],[-108.760121,36.869519],[-108.760116,36.869699],[-108.76034,36.869703],[-108.760335,36.869883],[-108.760111,36.869879],[-108.7601,36.87024],[-108.759876,36.870235],[-108.759886,36.869875],[-108.759438,36.869867],[-108.759401,36.871128],[-108.760186,36.871142],[-108.760183,36.871233],[-108.760295,36.871235],[-108.760293,36.871325],[-108.760069,36.871321],[-108.760063,36.871501],[-108.760288,36.871505],[-108.760282,36.871685],[-108.761403,36.871706],[-108.761409,36.871526],[-108.761633,36.87153],[-108.761628,36.87171],[-108.762749,36.871732]],[[-108.762423,36.871365],[-108.762311,36.871363],[-108.762316,36.871183],[-108.762428,36.871185],[-108.762423,36.871365]]]},"properties":{"src":"fm"}},{"type":"Feature","geometry":{"type":"Polygon","coordinates":[[[-108.759668,36.869691],[-108.759673,36.869511],[-108.759449,36.869506],[-108.759443,36.869686],[-108.759668,36.869691]]]},"properties":{"src":"fm"}},{"type":"Feature","geometry":{"type":"Polygon","coordinates":[[[-108.760121,36.869519],[-108.760127,36.869339],[-108.759902,36.869335],[-108.759897,36.869515],[-108.760121,36.869519]]]},"properties":{"src":"fm"}},{"type":"Feature","geometry":{"type":"Polygon","coordinates":[[[-108.763047,36.869214],[-108.763057,36.868853],[-108.76216,36.868836],[-108.762152,36.869107],[-108.762265,36.869109],[-108.762262,36.869199],[-108.762374,36.869201],[-108.762379,36.869021],[-108.762828,36.869029],[-108.762822,36.869209],[-108.763047,36.869214]]]},"properties":{"src":"fm"}},{"type":"Feature","geometry":{"type":"Polygon","coordinates":[[[-108.76081,36.868991],[-108.760815,36.868811],[-108.760591,36.868807],[-108.760585,36.868987],[-108.76081,36.868991]]]},"properties":{"src":"fm"}},{"type":"Feature","geometry":{"type":"Polygon","coordinates":[[[-108.759913,36.868974],[-108.759918,36.868794],[-108.759694,36.86879],[-108.759689,36.86897],[-108.759913,36.868974]]]},"properties":{"src":"fm"}},{"type":"Feature","geometry":{"type":"Polygon","coordinates":[[[-108.761485,36.868914],[-108.761488,36.868824],[-108.761376,36.868822],[-108.761373,36.868912],[-108.761485,36.868914]]]},"properties":{"src":"fm"}},{"type":"Feature","geometry":{"type":"Polygon","coordinates":[[[-108.762003,36.874241],[-108.762013,36.873881],[-108.761565,36.873872],[-108.761554,36.874233],[-108.762003,36.874241]]]},"properties":{"src":"fm"}},{"type":"Feature","geometry":{"type":"Polygon","coordinates":[[[-108.760214,36.874027],[-108.760219,36.873847],[-108.759995,36.873843],[-108.75999,36.874023],[-108.760214,36.874027]]]},"properties":{"src":"fm"}},{"type":"Feature","geometry":{"type":"Polygon","coordinates":[[[-108.76224,36.873795],[-108.762243,36.873705],[-108.762018,36.873701],[-108.762016,36.873791],[-108.76224,36.873795]]]},"properties":{"src":"fm"}},{"type":"Feature","geometry":{"type":"Polygon","coordinates":[[[-108.762245,36.873615],[-108.762248,36.873525],[-108.762024,36.87352],[-108.762021,36.87361],[-108.762245,36.873615]]]},"properties":{"src":"fm"}},{"type":"Feature","geometry":{"type":"Polygon","coordinates":[[[-108.762696,36.873533],[-108.762702,36.873353],[-108.762253,36.873344],[-108.762248,36.873525],[-108.762696,36.873533]]]},"properties":{"src":"fm"}},{"type":"Feature","geometry":{"type":"Polygon","coordinates":[[[-108.759794,36.873028],[-108.759797,36.872938],[-108.759685,36.872936],[-108.759682,36.873026],[-108.759794,36.873028]]]},"properties":{"src":"fm"}},{"type":"Feature","geometry":{"type":"Polygon","coordinates":[[[-108.761544,36.874593],[-108.761554,36.874233],[-108.761218,36.874226],[-108.761215,36.874316],[-108.761103,36.874314],[-108.761129,36.873413],[-108.761354,36.873418],[-108.761351,36.873508],[-108.761575,36.873512],[-108.761578,36.873422],[-108.761802,36.873426],[-108.761807,36.873246],[-108.761919,36.873248],[-108.761917,36.873338],[-108.762029,36.87334],[-108.762039,36.87298],[-108.762264,36.872984],[-108.762258,36.873164],[-108.762483,36.873169],[-108.762493,36.872808],[-108.762717,36.872812],[-108.762723,36.872632],[-108.762947,36.872637],[-108.762952,36.872456],[-108.762728,36.872452],[-108.762744,36.871912],[-108.762519,36.871907],[-108.762525,36.871727],[-108.761291,36.871704],[-108.761286,36.871884],[-108.761174,36.871882],[-108.761158,36.872423],[-108.76071,36.872414],[-108.760699,36.872774],[-108.760251,36.872766],[-108.760245,36.872946],[-108.760021,36.872942],[-108.760016,36.873122],[-108.759568,36.873114],[-108.759557,36.873474],[-108.759445,36.873472],[-108.759442,36.873562],[-108.759554,36.873564],[-108.759546,36.873834],[-108.759771,36.873838],[-108.759784,36.873388],[-108.759896,36.87339],[-108.759893,36.87348],[-108.76023,36.873487],[-108.760235,36.873306],[-108.760459,36.873311],[-108.760449,36.873671],[-108.760224,36.873667],[-108.760219,36.873847],[-108.760443,36.873851],[-108.760438,36.874031],[-108.760662,36.874036],[-108.760657,36.874216],[-108.760433,36.874211],[-108.760422,36.874572],[-108.761095,36.874584],[-108.7611,36.874404],[-108.761325,36.874408],[-108.761319,36.874589],[-108.761544,36.874593]],[[-108.760991,36.874312],[-108.760879,36.87431],[-108.760881,36.87422],[-108.760993,36.874222],[-108.760991,36.874312]],[[-108.760689,36.873135],[-108.76024,36.873126],[-108.760245,36.872946],[-108.760694,36.872955],[-108.760689,36.873135]],[[-108.761815,36.872976],[-108.761367,36.872967],[-108.761372,36.872787],[-108.76182,36.872796],[-108.761815,36.872976]],[[-108.761487,36.872699],[-108.761375,36.872697],[-108.761377,36.872607],[-108.761489,36.872609],[-108.761487,36.872699]],[[-108.762509,36.872268],[-108.762285,36.872264],[-108.76229,36.872083],[-108.762402,36.872085],[-108.762399,36.872176],[-108.762511,36.872178],[-108.762509,36.872268]]]},"properties":{"src":"fm"}},{"type":"Feature","geometry":{"type":"Polygon","coordinates":[[[-108.762968,36.871916],[-108.762973,36.871736],[-108.762749,36.871732],[-108.762744,36.871912],[-108.762968,36.871916]]]},"properties":{"src":"fm"}},{"type":"Feature","geometry":{"type":"Polygon","coordinates":[[[-108.76095,36.871878],[-108.760955,36.871698],[-108.760282,36.871685],[-108.76028,36.871775],[-108.760392,36.871777],[-108.760389,36.871867],[-108.76095,36.871878]]]},"properties":{"src":"fm"}},{"type":"Feature","geometry":{"type":"Polygon","coordinates":[[[-108.762356,36.877492],[-108.762362,36.877312],[-108.761913,36.877304],[-108.761908,36.877484],[-108.762356,36.877492]]]},"properties":{"src":"fm"}},{"type":"Feature","geometry":{"type":"Polygon","coordinates":[[[-108.76281,36.877321],[-108.762836,36.87642],[-108.762612,36.876416],[-108.762607,36.876596],[-108.762383,36.876591],[-108.762377,36.876772],[-108.762153,36.876767],[-108.762143,36.877128],[-108.762367,36.877132],[-108.762364,36.877222],[-108.762589,36.877226],[-108.762586,36.877316],[-108.76281,36.877321]]]},"properties":{"src":"fm"}},{"type":"Feature","geometry":{"type":"Polygon","coordinates":[[[-108.759702,36.87618],[-108.759708,36.876],[-108.759259,36.875992],[-108.759254,36.876172],[-108.759702,36.87618]]]},"properties":{"src":"fm"}},{"type":"Feature","geometry":{"type":"Polygon","coordinates":[[[-108.759937,36.875824],[-108.759953,36.875284],[-108.76085,36.875301],[-108.760855,36.875121],[-108.761079,36.875125],[-108.761082,36.875035],[-108.761194,36.875037],[-108.761191,36.875127],[-108.761304,36.875129],[-108.761314,36.874769],[-108.761538,36.874773],[-108.761544,36.874593],[-108.760647,36.874576],[-108.760631,36.875116],[-108.760182,36.875108],[-108.760188,36.874928],[-108.760075,36.874926],[-108.760073,36.875016],[-108.759961,36.875014],[-108.759963,36.874924],[-108.759291,36.874911],[-108.759288,36.875001],[-108.7594,36.875003],[-108.759397,36.875093],[-108.759285,36.875091],[-108.759264,36.875812],[-108.759937,36.875824]]]},"properties":{"src":"fm"}},{"type":"Feature","geometry":{"type":"Polygon","coordinates":[[[-108.761605,36.880182],[-108.76161,36.880002],[-108.761386,36.879998],[-108.76138,36.880178],[-108.761605,36.880182]]]},"properties":{"src":"fm"}},{"type":"Feature","geometry":{"type":"Polygon","coordinates":[[[-108.760478,36.880341],[-108.760494,36.8798],[-108.76027,36.879796],[-108.76028,36.879436],[-108.760056,36.879432],[-108.760045,36.879792],[-108.759821,36.879788],[-108.759811,36.880148],[-108.760035,36.880152],[-108.76003,36.880332],[-108.760478,36.880341]]]},"properties":{"src":"fm"}},{"type":"Feature","geometry":{"type":"Polygon","coordinates":[[[-108.761853,36.879375],[-108.761855,36.879285],[-108.761743,36.879283],[-108.761741,36.879373],[-108.761853,36.879375]]]},"properties":{"src":"fm"}},{"type":"Feature","geometry":{"type":"Polygon","coordinates":[[[-108.761177,36.879453],[-108.761188,36.879093],[-108.761412,36.879097],[-108.761438,36.878196],[-108.761663,36.8782],[-108.761647,36.878741],[-108.762095,36.878749],[-108.762106,36.878389],[-108.761882,36.878385],[-108.761887,36.878204],[-108.762111,36.878209],[-108.762116,36.878028],[-108.762341,36.878033],[-108.762346,36.877853],[-108.76257,36.877857],[-108.762565,36.878037],[-108.762789,36.878041],[-108.762805,36.877501],[-108.761459,36.877475],[-108.761454,36.877655],[-108.76123,36.877651],[-108.761219,36.878012],[-108.760995,36.878007],[-108.76099,36.878188],[-108.760766,36.878183],[-108.76076,36.878363],[-108.760985,36.878368],[-108.760974,36.878728],[-108.76075,36.878724],[-108.760745,36.878904],[-108.760969,36.878908],[-108.760964,36.879088],[-108.760403,36.879078],[-108.7604,36.879168],[-108.760288,36.879166],[-108.760286,36.879256],[-108.760061,36.879252],[-108.760059,36.879342],[-108.760283,36.879346],[-108.76028,36.879436],[-108.761177,36.879453]]]},"properties":{"src":"fm"}},{"type":"Feature","geometry":{"type":"Polygon","coordinates":[[[-108.762196,36.882987],[-108.762199,36.882897],[-108.762086,36.882895],[-108.762084,36.882985],[-108.762196,36.882987]]]},"properties":{"src":"fm"}},{"type":"Feature","geometry":{"type":"Polygon","coordinates":[[[-108.762426,36.882811],[-108.762433,36.882541],[-108.762209,36.882537],[-108.762201,36.882807],[-108.762426,36.882811]]]},"properties":{"src":"fm"}},{"type":"Feature","geometry":{"type":"Polygon","coordinates":[[[-108.759286,36.882752],[-108.759294,36.882482],[-108.759069,36.882477],[-108.759062,36.882748],[-108.759286,36.882752]]]},"properties":{"src":"fm"}},{"type":"Feature","geometry":{"type":"Polygon","coordinates":[[[-108.759518,36.882486],[-108.759529,36.882126],[-108.759304,36.882121],[-108.759294,36.882482],[-108.759518,36.882486]]]},"properties":{"src":"fm"}},{"type":"Feature","geometry":{"type":"Polygon","coordinates":[[[-108.760645,36.882327],[-108.76065,36.882147],[-108.760426,36.882142],[-108.76042,36.882323],[-108.760645,36.882327]]]},"properties":{"src":"fm"}},{"type":"Feature","geometry":{"type":"Polygon","coordinates":[[[-108.761769,36.882258],[-108.761771,36.882168],[-108.761547,36.882164],[-108.761544,36.882254],[-108.761769,36.882258]]]},"properties":{"src":"fm"}},{"type":"Feature","geometry":{"type":"Polygon","coordinates":[[[-108.759304,36.882121],[-108.75931,36.881941],[-108.759085,36.881937],[-108.75908,36.882117],[-108.759304,36.882121]]]},"properties":{"src":"fm"}},{"type":"Feature","geometry":{"type":"Polygon","coordinates":[[[-108.762188,36.883257],[-108.762193,36.883077],[-108.761969,36.883073],[-108.76198,36.882712],[-108.761531,36.882704],[-108.761536,36.882524],[-108.761088,36.882515],[-108.761093,36.882335],[-108.761317,36.88234],[-108.761323,36.882159],[-108.761098,36.882155],[-108.761109,36.881795],[-108.760885,36.881791],[-108.760858,36.882691],[-108.761083,36.882696],[-108.761072,36.883056],[-108.760624,36.883047],[-108.760629,36.882867],[-108.760405,36.882863],[-108.760394,36.883223],[-108.762188,36.883257]]]},"properties":{"src":"fm"}},{"type":"Feature","geometry":{"type":"Polygon","coordinates":[[[-108.761117,36.881525],[-108.761119,36.881435],[-108.760895,36.88143],[-108.760893,36.88152],[-108.761117,36.881525]]]},"properties":{"src":"fm"}},{"type":"Feature","geometry":{"type":"Polygon","coordinates":[[[-108.761365,36.880718],[-108.76137,36.880538],[-108.760921,36.88053],[-108.760916,36.88071],[-108.761365,36.880718]]]},"properties":{"src":"fm"}},{"type":"Feature","geometry":{"type":"Polygon","coordinates":[[[-108.762663,36.882365],[-108.762721,36.880383],[-108.762497,36.880379],[-108.762486,36.880739],[-108.762262,36.880735],[-108.762241,36.881456],[-108.762016,36.881451],[-108.762011,36.881632],[-108.761338,36.881619],[-108.761333,36.881799],[-108.761782,36.881807],[-108.761776,36.881988],[-108.762449,36.882],[-108.762439,36.882361],[-108.762663,36.882365]],[[-108.762577,36.881462],[-108.762465,36.88146],[-108.762468,36.88137],[-108.76258,36.881372],[-108.762577,36.881462]],[[-108.762582,36.881282],[-108.76247,36.88128],[-108.762473,36.88119],[-108.762585,36.881192],[-108.762582,36.881282]]]},"properties":{"src":"fm"}},{"type":"Feature","geometry":{"type":"Polygon","coordinates":[[[-108.76018,36.882859],[-108.760186,36.882679],[-108.759961,36.882674],[-108.759967,36.882494],[-108.760191,36.882499],[-108.760201,36.882138],[-108.760426,36.882142],[-108.760431,36.881962],[-108.760655,36.881967],[-108.760676,36.881246],[-108.761125,36.881254],[-108.761135,36.880894],[-108.760687,36.880886],[-108.760697,36.880525],[-108.760473,36.880521],[-108.760478,36.880341],[-108.760254,36.880337],[-108.760243,36.880697],[-108.760019,36.880693],[-108.760014,36.880873],[-108.75979,36.880869],[-108.759784,36.881049],[-108.75956,36.881045],[-108.759557,36.881135],[-108.760006,36.881143],[-108.759998,36.881413],[-108.759325,36.881401],[-108.759323,36.881491],[-108.759435,36.881493],[-108.759432,36.881583],[-108.759769,36.881589],[-108.759758,36.88195],[-108.759534,36.881945],[-108.759529,36.882126],[-108.759753,36.88213],[-108.759732,36.88285],[-108.76018,36.882859]],[[-108.760102,36.881686],[-108.75999,36.881684],[-108.759998,36.881413],[-108.760222,36.881418],[-108.760217,36.881598],[-108.760105,36.881596],[-108.760102,36.881686]],[[-108.760676,36.881246],[-108.760452,36.881242],[-108.760457,36.881062],[-108.760681,36.881066],[-108.760676,36.881246]]]},"properties":{"src":"fm"}},{"type":"Feature","geometry":{"type":"Polygon","coordinates":[[[-108.761655,36.886131],[-108.761661,36.885951],[-108.761436,36.885947],[-108.761431,36.886127],[-108.761655,36.886131]]]},"properties":{"src":"fm"}},{"type":"Feature","geometry":{"type":"Polygon","coordinates":[[[-108.761217,36.885762],[-108.761228,36.885402],[-108.761004,36.885398],[-108.760993,36.885758],[-108.761217,36.885762]]]},"properties":{"src":"fm"}},{"type":"Feature","geometry":{"type":"Polygon","coordinates":[[[-108.76031,36.886106],[-108.760326,36.885565],[-108.76055,36.88557],[-108.760566,36.885029],[-108.76079,36.885033],[-108.7608,36.884673],[-108.760576,36.884669],[-108.760571,36.884849],[-108.760347,36.884845],[-108.760336,36.885205],[-108.760112,36.885201],[-108.760096,36.885741],[-108.759872,36.885737],[-108.759861,36.886097],[-108.760085,36.886102],[-108.760088,36.886012],[-108.7602,36.886014],[-108.760198,36.886104],[-108.76031,36.886106]]]},"properties":{"src":"fm"}},{"type":"Feature","geometry":{"type":"Polygon","coordinates":[[[-108.760808,36.884403],[-108.760811,36.884313],[-108.760587,36.884309],[-108.760584,36.884399],[-108.760808,36.884403]]]},"properties":{"src":"fm"}},{"type":"Feature","geometry":{"type":"Polygon","coordinates":[[[-108.762605,36.884347],[-108.762626,36.883626],[-108.762402,36.883622],[-108.762412,36.883261],[-108.760618,36.883228],[-108.760608,36.883588],[-108.760832,36.883592],[-108.760837,36.883412],[-108.761062,36.883416],[-108.761056,36.883596],[-108.761281,36.883601],[-108.761278,36.883691],[-108.761502,36.883695],[-108.7615,36.883785],[-108.761275,36.883781],[-108.76127,36.883961],[-108.761719,36.883969],[-108.761713,36.88415],[-108.761938,36.884154],[-108.761932,36.884334],[-108.762605,36.884347]]]},"properties":{"src":"fm"}},{"type":"Feature","geometry":{"type":"Polygon","coordinates":[[[-108.762059,36.887671],[-108.762062,36.887581],[-108.761838,36.887577],[-108.761835,36.887667],[-108.762059,36.887671]]]},"properties":{"src":"fm"}},{"type":"Feature","geometry":{"type":"Polygon","coordinates":[[[-108.759608,36.887084],[-108.759611,36.886994],[-108.759835,36.886998],[-108.759845,36.886638],[-108.759397,36.886629],[-108.759386,36.88699],[-108.759498,36.886992],[-108.759496,36.887082],[-108.759608,36.887084]]]},"properties":{"src":"fm"}},{"type":"Feature","geometry":{"type":"Polygon","coordinates":[[[-108.759624,36.886544],[-108.759626,36.886453],[-108.759514,36.886451],[-108.759512,36.886541],[-108.759624,36.886544]]]},"properties":{"src":"fm"}},{"type":"Feature","geometry":{"type":"Polygon","coordinates":[[[-108.760721,36.887375],[-108.760727,36.887195],[-108.760502,36.887191],[-108.760529,36.88629],[-108.76008,36.886282],[-108.760075,36.886462],[-108.760299,36.886466],[-108.760289,36.886826],[-108.760177,36.886824],[-108.760174,36.886914],[-108.760286,36.886917],[-108.760283,36.887007],[-108.760059,36.887002],[-108.760054,36.887183],[-108.760278,36.887187],[-108.760273,36.887367],[-108.760721,36.887375]]]},"properties":{"src":"fm"}},{"type":"Feature","geometry":{"type":"Polygon","coordinates":[[[-108.75933,36.842826],[-108.759336,36.842646],[-108.759224,36.842644],[-108.759221,36.842734],[-108.759109,36.842732],[-108.759106,36.842822],[-108.75933,36.842826]]]},"properties":{"src":"fm"}},{"type":"Feature","geometry":{"type":"Polygon","coordinates":[[[-108.75821,36.842805],[-108.758226,36.842265],[-108.758113,36.842263],[-108.758111,36.842353],[-108.757999,36.842351],[-108.757996,36.842441],[-108.758108,36.842443],[-108.758103,36.842623],[-108.757879,36.842619],[-108.757876,36.842709],[-108.757764,36.842707],[-108.757767,36.842617],[-108.757206,36.842606],[-108.757204,36.842696],[-108.757316,36.842698],[-108.757313,36.842788],[-108.75821,36.842805]]]},"properties":{"src":"fm"}},{"type":"Feature","geometry":{"type":"Polygon","coordinates":[[[-108.758887,36.842638],[-108.758898,36.842278],[-108.758674,36.842273],[-108.758669,36.842453],[-108.758781,36.842456],[-108.758778,36.842546],[-108.758666,36.842544],[-108.758663,36.842634],[-108.758887,36.842638]]]},"properties":{"src":"fm"}},{"type":"Feature","geometry":{"type":"Polygon","coordinates":[[[-108.760227,36.842843],[-108.760248,36.842123],[-108.760024,36.842119],[-108.760019,36.842299],[-108.759907,36.842297],[-108.759904,36.842387],[-108.760016,36.842389],[-108.760013,36.842479],[-108.759789,36.842475],[-108.759795,36.842294],[-108.759346,36.842286],[-108.759341,36.842466],[-108.759565,36.84247],[-108.75956,36.842651],[-108.759784,36.842655],[-108.759779,36.842835],[-108.760227,36.842843]]]},"properties":{"src":"fm"}},{"type":"Feature","geometry":{"type":"Polygon","coordinates":[[[-108.75913,36.842012],[-108.759133,36.841921],[-108.758908,36.841917],[-108.758906,36.842007],[-108.75913,36.842012]]]},"properties":{"src":"fm"}},{"type":"Feature","geometry":{"type":"Polygon","coordinates":[[[-108.758911,36.841827],[-108.758914,36.841737],[-108.75869,36.841733],[-108.758687,36.841823],[-108.758911,36.841827]]]},"properties":{"src":"fm"}},{"type":"Feature","geometry":{"type":"Polygon","coordinates":[[[-108.758479,36.841278],[-108.758481,36.841188],[-108.758257,36.841184],[-108.758254,36.841274],[-108.758479,36.841278]]]},"properties":{"src":"fm"}},{"type":"Feature","geometry":{"type":"Polygon","coordinates":[[[-108.758128,36.845598],[-108.758131,36.845508],[-108.757907,36.845503],[-108.757904,36.845593],[-108.758128,36.845598]]]},"properties":{"src":"fm"}},{"type":"Feature","geometry":{"type":"Polygon","coordinates":[[[-108.759257,36.845349],[-108.759262,36.845168],[-108.759038,36.845164],[-108.759033,36.845344],[-108.759257,36.845349]]]},"properties":{"src":"fm"}},{"type":"Feature","geometry":{"type":"Polygon","coordinates":[[[-108.757677,36.845679],[-108.757683,36.845499],[-108.757907,36.845503],[-108.757912,36.845323],[-108.758136,36.845327],[-108.758141,36.845147],[-108.757917,36.845143],[-108.757922,36.844963],[-108.757698,36.844959],[-108.757688,36.845319],[-108.757464,36.845315],[-108.757458,36.845495],[-108.757234,36.845491],[-108.757229,36.845671],[-108.757677,36.845679]]]},"properties":{"src":"fm"}},{"type":"Feature","geometry":{"type":"Polygon","coordinates":[[[-108.758592,36.845066],[-108.758595,36.844976],[-108.758483,36.844974],[-108.75848,36.845064],[-108.758592,36.845066]]]},"properties":{"src":"fm"}},{"type":"Feature","geometry":{"type":"Polygon","coordinates":[[[-108.758809,36.84534],[-108.758824,36.8448],[-108.7586,36.844795],[-108.758595,36.844976],[-108.758707,36.844978],[-108.758704,36.845068],[-108.758592,36.845066],[-108.758584,36.845336],[-108.758809,36.84534]]]},"properties":{"src":"fm"}},{"type":"Feature","geometry":{"type":"Polygon","coordinates":[[[-108.759492,36.844993],[-108.759497,36.844812],[-108.759273,36.844808],[-108.759267,36.844988],[-108.759492,36.844993]]]},"properties":{"src":"fm"}},{"type":"Feature","geometry":{"type":"Polygon","coordinates":[[[-108.760164,36.845005],[-108.760175,36.844645],[-108.75995,36.844641],[-108.759945,36.844821],[-108.759721,36.844817],[-108.759716,36.844997],[-108.760164,36.845005]]]},"properties":{"src":"fm"}},{"type":"Feature","geometry":{"type":"Polygon","coordinates":[[[-108.758379,36.844701],[-108.758381,36.844611],[-108.758157,36.844607],[-108.758155,36.844697],[-108.758379,36.844701]]]},"properties":{"src":"fm"}},{"type":"Feature","geometry":{"type":"Polygon","coordinates":[[[-108.758384,36.844521],[-108.758387,36.844431],[-108.758274,36.844429],[-108.758272,36.844519],[-108.758384,36.844521]]]},"properties":{"src":"fm"}},{"type":"Feature","geometry":{"type":"Polygon","coordinates":[[[-108.758392,36.844251],[-108.758397,36.844071],[-108.758173,36.844066],[-108.758168,36.844247],[-108.758392,36.844251]]]},"properties":{"src":"fm"}},{"type":"Feature","geometry":{"type":"Polygon","coordinates":[[[-108.759987,36.84338],[-108.759992,36.843199],[-108.759544,36.843191],[-108.759549,36.843011],[-108.760222,36.843024],[-108.760227,36.842843],[-108.75877,36.842816],[-108.758767,36.842906],[-108.758655,36.842904],[-108.758658,36.842814],[-108.757761,36.842797],[-108.757756,36.842977],[-108.758429,36.84299],[-108.758423,36.84317],[-108.759096,36.843183],[-108.759091,36.843363],[-108.759315,36.843367],[-108.759317,36.843277],[-108.759429,36.843279],[-108.759427,36.843369],[-108.759539,36.843371],[-108.759541,36.843281],[-108.759766,36.843285],[-108.759763,36.843375],[-108.759987,36.84338]]]},"properties":{"src":"fm"}},{"type":"Feature","geometry":{"type":"Polygon","coordinates":[[[-108.760059,36.848608],[-108.760064,36.848428],[-108.75984,36.848424],[-108.759835,36.848604],[-108.760059,36.848608]]]},"properties":{"src":"fm"}},{"type":"Feature","geometry":{"type":"Polygon","coordinates":[[[-108.757828,36.848206],[-108.757833,36.848026],[-108.757609,36.848021],[-108.757604,36.848202],[-108.757828,36.848206]]]},"properties":{"src":"fm"}},{"type":"Feature","geometry":{"type":"Polygon","coordinates":[[[-108.75985,36.848064],[-108.759856,36.847883],[-108.759632,36.847879],[-108.759626,36.848059],[-108.75985,36.848064]]]},"properties":{"src":"fm"}},{"type":"Feature","geometry":{"type":"Polygon","coordinates":[[[-108.758057,36.84803],[-108.758062,36.84785],[-108.757838,36.847845],[-108.757833,36.848026],[-108.758057,36.84803]]]},"properties":{"src":"fm"}},{"type":"Feature","geometry":{"type":"Polygon","coordinates":[[[-108.757838,36.847845],[-108.757844,36.847665],[-108.757619,36.847661],[-108.757614,36.847841],[-108.757838,36.847845]]]},"properties":{"src":"fm"}},{"type":"Feature","geometry":{"type":"Polygon","coordinates":[[[-108.76008,36.847888],[-108.76009,36.847527],[-108.759978,36.847525],[-108.759976,36.847615],[-108.759864,36.847613],[-108.759856,36.847883],[-108.76008,36.847888]]]},"properties":{"src":"fm"}},{"type":"Feature","geometry":{"type":"Polygon","coordinates":[[[-108.757619,36.847661],[-108.757625,36.847481],[-108.7574,36.847477],[-108.757395,36.847657],[-108.757619,36.847661]]]},"properties":{"src":"fm"}},{"type":"Feature","geometry":{"type":"Polygon","coordinates":[[[-108.759632,36.847879],[-108.759647,36.847339],[-108.759199,36.84733],[-108.759194,36.84751],[-108.759418,36.847515],[-108.759407,36.847875],[-108.759632,36.847879]]]},"properties":{"src":"fm"}},{"type":"Feature","geometry":{"type":"Polygon","coordinates":[[[-108.758065,36.84776],[-108.758068,36.84767],[-108.758516,36.847678],[-108.758521,36.847498],[-108.758745,36.847502],[-108.758751,36.847322],[-108.758302,36.847313],[-108.758297,36.847494],[-108.757961,36.847487],[-108.757958,36.847577],[-108.757846,36.847575],[-108.757844,36.847665],[-108.757956,36.847667],[-108.757953,36.847757],[-108.758065,36.84776]]]},"properties":{"src":"fm"}},{"type":"Feature","geometry":{"type":"Polygon","coordinates":[[[-108.756728,36.847464],[-108.756733,36.847284],[-108.756509,36.84728],[-108.756506,36.84737],[-108.756619,36.847372],[-108.756616,36.847462],[-108.756728,36.847464]]]},"properties":{"src":"fm"}},{"type":"Feature","geometry":{"type":"Polygon","coordinates":[[[-108.75763,36.847301],[-108.757635,36.847121],[-108.757411,36.847116],[-108.757406,36.847297],[-108.75763,36.847301]]]},"properties":{"src":"fm"}},{"type":"Feature","geometry":{"type":"Polygon","coordinates":[[[-108.759199,36.84733],[-108.75921,36.84697],[-108.758873,36.846964],[-108.758871,36.847054],[-108.758759,36.847052],[-108.758756,36.847142],[-108.758868,36.847144],[-108.758865,36.847234],[-108.758753,36.847232],[-108.758751,36.847322],[-108.759199,36.84733]]]},"properties":{"src":"fm"}},{"type":"Feature","geometry":{"type":"Polygon","coordinates":[[[-108.758078,36.847309],[-108.758089,36.846949],[-108.757865,36.846945],[-108.757854,36.847305],[-108.758078,36.847309]]]},"properties":{"src":"fm"}},{"type":"Feature","geometry":{"type":"Polygon","coordinates":[[[-108.758532,36.847137],[-108.758537,36.846957],[-108.758313,36.846953],[-108.758308,36.847133],[-108.758532,36.847137]]]},"properties":{"src":"fm"}},{"type":"Feature","geometry":{"type":"Polygon","coordinates":[[[-108.757638,36.847031],[-108.75764,36.84694],[-108.757528,36.846938],[-108.757526,36.847028],[-108.757638,36.847031]]]},"properties":{"src":"fm"}},{"type":"Feature","geometry":{"type":"Polygon","coordinates":[[[-108.759871,36.847343],[-108.759887,36.846803],[-108.759439,36.846794],[-108.759434,36.846974],[-108.759658,36.846978],[-108.759647,36.847339],[-108.759871,36.847343]]]},"properties":{"src":"fm"}},{"type":"Feature","geometry":{"type":"Polygon","coordinates":[[[-108.758761,36.846962],[-108.758766,36.846781],[-108.758542,36.846777],[-108.758537,36.846957],[-108.758761,36.846962]]]},"properties":{"src":"fm"}},{"type":"Feature","geometry":{"type":"Polygon","coordinates":[[[-108.760111,36.846807],[-108.760117,36.846627],[-108.759893,36.846622],[-108.759887,36.846803],[-108.760111,36.846807]]]},"properties":{"src":"fm"}},{"type":"Feature","geometry":{"type":"Polygon","coordinates":[[[-108.757646,36.84676],[-108.757651,36.84658],[-108.757427,36.846576],[-108.757424,36.846666],[-108.757536,36.846668],[-108.757534,36.846758],[-108.757646,36.84676]]]},"properties":{"src":"fm"}},{"type":"Feature","geometry":{"type":"Polygon","coordinates":[[[-108.759439,36.846794],[-108.759449,36.846434],[-108.759001,36.846425],[-108.758996,36.846605],[-108.75922,36.84661],[-108.759215,36.84679],[-108.759439,36.846794]]]},"properties":{"src":"fm"}},{"type":"Feature","geometry":{"type":"Polygon","coordinates":[[[-108.757203,36.846572],[-108.757208,36.846392],[-108.756984,36.846387],[-108.756978,36.846567],[-108.757203,36.846572]]]},"properties":{"src":"fm"}},{"type":"Feature","geometry":{"type":"Polygon","coordinates":[[[-108.757429,36.846486],[-108.757432,36.846396],[-108.75732,36.846394],[-108.757317,36.846484],[-108.757429,36.846486]]]},"properties":{"src":"fm"}},{"type":"Feature","geometry":{"type":"Polygon","coordinates":[[[-108.759001,36.846425],[-108.759006,36.846245],[-108.758894,36.846243],[-108.758892,36.846333],[-108.75878,36.846331],[-108.758777,36.846421],[-108.759001,36.846425]]]},"properties":{"src":"fm"}},{"type":"Feature","geometry":{"type":"Polygon","coordinates":[[[-108.756986,36.846297],[-108.756989,36.846207],[-108.756765,36.846203],[-108.756762,36.846293],[-108.756986,36.846297]]]},"properties":{"src":"fm"}},{"type":"Feature","geometry":{"type":"Polygon","coordinates":[[[-108.758782,36.846241],[-108.758788,36.846061],[-108.758563,36.846057],[-108.758558,36.846237],[-108.758782,36.846241]]]},"properties":{"src":"fm"}},{"type":"Feature","geometry":{"type":"Polygon","coordinates":[[[-108.758318,36.846773],[-108.758329,36.846413],[-108.758105,36.846408],[-108.75811,36.846228],[-108.757886,36.846224],[-108.757896,36.845864],[-108.757672,36.845859],[-108.757677,36.845679],[-108.757005,36.845667],[-108.757,36.845847],[-108.757224,36.845851],[-108.757218,36.846031],[-108.757443,36.846035],[-108.757432,36.846396],[-108.75788,36.846404],[-108.757875,36.846584],[-108.758099,36.846589],[-108.758094,36.846769],[-108.758318,36.846773]]]},"properties":{"src":"fm"}},{"type":"Feature","geometry":{"type":"Polygon","coordinates":[[[-108.75812,36.845868],[-108.758126,36.845688],[-108.757901,36.845684],[-108.757896,36.845864],[-108.75812,36.845868]]]},"properties":{"src":"fm"}},{"type":"Feature","geometry":{"type":"Polygon","coordinates":[[[-108.759975,36.851491],[-108.760027,36.849689],[-108.759579,36.849681],[-108.759574,36.849861],[-108.759798,36.849865],[-108.759787,36.850225],[-108.758891,36.850209],[-108.758896,36.850028],[-108.758448,36.85002],[-108.758453,36.84984],[-108.758341,36.849838],[-108.758338,36.849928],[-108.758226,36.849926],[-108.758229,36.849836],[-108.757332,36.849819],[-108.757337,36.849639],[-108.756889,36.84963],[-108.756894,36.84945],[-108.756446,36.849441],[-108.756388,36.851423],[-108.75863,36.851465],[-108.758635,36.851285],[-108.758859,36.85129],[-108.758854,36.85147],[-108.759975,36.851491]],[[-108.758411,36.851281],[-108.758187,36.851277],[-108.758192,36.851097],[-108.758416,36.851101],[-108.758411,36.851281]]]},"properties":{"src":"fm"}},{"type":"Feature","geometry":{"type":"Polygon","coordinates":[[[-108.759355,36.849677],[-108.75936,36.849496],[-108.759136,36.849492],[-108.759131,36.849672],[-108.759355,36.849677]]]},"properties":{"src":"fm"}},{"type":"Feature","geometry":{"type":"Polygon","coordinates":[[[-108.757116,36.849544],[-108.757118,36.849454],[-108.757006,36.849452],[-108.757004,36.849542],[-108.757116,36.849544]]]},"properties":{"src":"fm"}},{"type":"Feature","geometry":{"type":"Polygon","coordinates":[[[-108.757564,36.849553],[-108.757572,36.849282],[-108.757348,36.849278],[-108.75734,36.849548],[-108.757564,36.849553]]]},"properties":{"src":"fm"}},{"type":"Feature","geometry":{"type":"Polygon","coordinates":[[[-108.758912,36.849488],[-108.758917,36.849308],[-108.758469,36.849299],[-108.758466,36.849389],[-108.75869,36.849394],[-108.758688,36.849484],[-108.758912,36.849488]]]},"properties":{"src":"fm"}},{"type":"Feature","geometry":{"type":"Polygon","coordinates":[[[-108.758015,36.849471],[-108.75802,36.849291],[-108.757796,36.849287],[-108.757791,36.849467],[-108.758015,36.849471]]]},"properties":{"src":"fm"}},{"type":"Feature","geometry":{"type":"Polygon","coordinates":[[[-108.757121,36.849364],[-108.757124,36.849274],[-108.756899,36.84927],[-108.756897,36.84936],[-108.757121,36.849364]]]},"properties":{"src":"fm"}},{"type":"Feature","geometry":{"type":"Polygon","coordinates":[[[-108.758471,36.849209],[-108.758474,36.849119],[-108.75825,36.849115],[-108.758247,36.849205],[-108.758471,36.849209]]]},"properties":{"src":"fm"}},{"type":"Feature","geometry":{"type":"Polygon","coordinates":[[[-108.757129,36.849094],[-108.757134,36.848914],[-108.75691,36.848909],[-108.756905,36.84909],[-108.757129,36.849094]]]},"properties":{"src":"fm"}},{"type":"Feature","geometry":{"type":"Polygon","coordinates":[[[-108.758028,36.849021],[-108.758031,36.848931],[-108.757807,36.848926],[-108.757804,36.849016],[-108.758028,36.849021]]]},"properties":{"src":"fm"}},{"type":"Feature","geometry":{"type":"Polygon","coordinates":[[[-108.758709,36.848763],[-108.758714,36.848583],[-108.75849,36.848579],[-108.758484,36.848759],[-108.758709,36.848763]]]},"properties":{"src":"fm"}},{"type":"Feature","geometry":{"type":"Polygon","coordinates":[[[-108.759891,36.854373],[-108.759943,36.852572],[-108.759719,36.852568],[-108.759714,36.852748],[-108.75949,36.852743],[-108.759505,36.852203],[-108.759954,36.852211],[-108.759975,36.851491],[-108.758854,36.85147],[-108.758849,36.85165],[-108.758624,36.851646],[-108.75863,36.851465],[-108.756724,36.851429],[-108.756722,36.85152],[-108.756609,36.851517],[-108.756612,36.851427],[-108.756388,36.851423],[-108.756309,36.854125],[-108.756421,36.854128],[-108.756416,36.854308],[-108.757873,36.854335],[-108.757878,36.854155],[-108.758102,36.854159],[-108.758097,36.854339],[-108.758321,36.854344],[-108.758332,36.853983],[-108.758556,36.853988],[-108.758551,36.854168],[-108.759447,36.854185],[-108.759453,36.854005],[-108.759677,36.854009],[-108.759666,36.854369],[-108.759891,36.854373]],[[-108.757878,36.854155],[-108.757654,36.854151],[-108.757665,36.853791],[-108.757889,36.853795],[-108.757878,36.854155]],[[-108.758353,36.853263],[-108.758129,36.853259],[-108.758134,36.853078],[-108.758358,36.853083],[-108.758353,36.853263]],[[-108.758134,36.853078],[-108.75791,36.853074],[-108.757915,36.852894],[-108.758139,36.852898],[-108.758134,36.853078]],[[-108.757133,36.852789],[-108.757021,36.852787],[-108.757029,36.852517],[-108.757365,36.852523],[-108.757362,36.852613],[-108.75725,36.852611],[-108.757248,36.852701],[-108.757136,36.852699],[-108.757133,36.852789]],[[-108.757589,36.852527],[-108.757477,36.852525],[-108.757482,36.852345],[-108.757595,36.852347],[-108.757589,36.852527]],[[-108.756922,36.852334],[-108.756586,36.852328],[-108.756591,36.852148],[-108.757039,36.852156],[-108.757037,36.852247],[-108.756925,36.852244],[-108.756922,36.852334]],[[-108.759505,36.852203],[-108.759281,36.852199],[-108.759292,36.851838],[-108.759516,36.851843],[-108.759505,36.852203]],[[-108.759177,36.851926],[-108.759065,36.851924],[-108.759067,36.851834],[-108.75918,36.851836],[-108.759177,36.851926]],[[-108.759855,36.851759],[-108.759743,36.851757],[-108.759745,36.851667],[-108.759857,36.851669],[-108.759855,36.851759]]]},"properties":{"src":"fm"}},{"type":"Feature","geometry":{"type":"Polygon","coordinates":[[[-108.759806,36.857256],[-108.75982,36.856805],[-108.759707,36.856803],[-108.759705,36.856893],[-108.759593,36.856891],[-108.759598,36.856711],[-108.759374,36.856707],[-108.759376,36.856617],[-108.759152,36.856613],[-108.759155,36.856522],[-108.758931,36.856518],[-108.758936,36.856338],[-108.757815,36.856317],[-108.757818,36.856227],[-108.757593,36.856223],[-108.757596,36.856133],[-108.756251,36.856107],[-108.75623,36.856828],[-108.756454,36.856832],[-108.756449,36.857012],[-108.756897,36.857021],[-108.756892,36.857201],[-108.759806,36.857256]]]},"properties":{"src":"fm"}},{"type":"Feature","geometry":{"type":"Polygon","coordinates":[[[-108.759838,36.856175],[-108.759843,36.855995],[-108.759619,36.85599],[-108.759616,36.856081],[-108.759392,36.856076],[-108.75939,36.856166],[-108.759838,36.856175]]]},"properties":{"src":"fm"}},{"type":"Feature","geometry":{"type":"Polygon","coordinates":[[[-108.757153,36.855944],[-108.757156,36.855854],[-108.757044,36.855852],[-108.757041,36.855942],[-108.757153,36.855944]]]},"properties":{"src":"fm"}},{"type":"Feature","geometry":{"type":"Polygon","coordinates":[[[-108.758722,36.855974],[-108.758728,36.855793],[-108.758503,36.855789],[-108.758498,36.855969],[-108.758722,36.855974]]]},"properties":{"src":"fm"}},{"type":"Feature","geometry":{"type":"Polygon","coordinates":[[[-108.759619,36.85599],[-108.759624,36.85581],[-108.759848,36.855815],[-108.75988,36.854734],[-108.759768,36.854731],[-108.759765,36.854822],[-108.759653,36.854819],[-108.759651,36.85491],[-108.759426,36.854905],[-108.759432,36.854725],[-108.759656,36.854729],[-108.759661,36.854549],[-108.758764,36.854532],[-108.75877,36.854352],[-108.758545,36.854348],[-108.75854,36.854528],[-108.757868,36.854515],[-108.757873,36.854335],[-108.756304,36.854306],[-108.756272,36.855387],[-108.756496,36.855391],[-108.756491,36.855571],[-108.756715,36.855575],[-108.75671,36.855755],[-108.757607,36.855772],[-108.757604,36.855862],[-108.75738,36.855858],[-108.757377,36.855948],[-108.75805,36.855961],[-108.758055,36.855781],[-108.758279,36.855785],[-108.758284,36.855605],[-108.758957,36.855617],[-108.758949,36.855888],[-108.758837,36.855886],[-108.758834,36.855976],[-108.759619,36.85599]]]},"properties":{"src":"fm"}},{"type":"Feature","geometry":{"type":"Polygon","coordinates":[[[-108.758319,36.854434],[-108.758321,36.854344],[-108.758209,36.854342],[-108.758207,36.854432],[-108.758319,36.854434]]]},"properties":{"src":"fm"}},{"type":"Feature","geometry":{"type":"Polygon","coordinates":[[[-108.757261,36.859912],[-108.757288,36.859011],[-108.757063,36.859007],[-108.757058,36.859187],[-108.75661,36.859178],[-108.756605,36.859358],[-108.756156,36.85935],[-108.756146,36.85971],[-108.756818,36.859723],[-108.756813,36.859903],[-108.757261,36.859912]],[[-108.757162,36.859459],[-108.75705,36.859457],[-108.757053,36.859367],[-108.757165,36.859369],[-108.757162,36.859459]]]},"properties":{"src":"fm"}},{"type":"Feature","geometry":{"type":"Polygon","coordinates":[[[-108.756631,36.858458],[-108.756636,36.858277],[-108.756524,36.858275],[-108.756519,36.858456],[-108.756631,36.858458]]]},"properties":{"src":"fm"}},{"type":"Feature","geometry":{"type":"Polygon","coordinates":[[[-108.759743,36.859418],[-108.759806,36.857256],[-108.75734,36.857209],[-108.757335,36.857389],[-108.757559,36.857394],[-108.757554,36.857574],[-108.757778,36.857578],[-108.757773,36.857758],[-108.758221,36.857767],[-108.758216,36.857947],[-108.75844,36.857951],[-108.75843,36.858311],[-108.757757,36.858299],[-108.757752,36.858479],[-108.757303,36.85847],[-108.757309,36.85829],[-108.757085,36.858286],[-108.757079,36.858466],[-108.756631,36.858458],[-108.756626,36.858638],[-108.757074,36.858646],[-108.757069,36.858826],[-108.757293,36.858831],[-108.757288,36.859011],[-108.758409,36.859032],[-108.758403,36.859212],[-108.759524,36.859233],[-108.759519,36.859413],[-108.759743,36.859418]],[[-108.759449,36.85797],[-108.759337,36.857968],[-108.75934,36.857878],[-108.759452,36.85788],[-108.759449,36.85797]]]},"properties":{"src":"fm"}},{"type":"Feature","geometry":{"type":"Polygon","coordinates":[[[-108.758293,36.862995],[-108.758298,36.862815],[-108.758074,36.862811],[-108.75809,36.86227],[-108.757865,36.862266],[-108.757847,36.862897],[-108.757959,36.862899],[-108.757956,36.862989],[-108.758293,36.862995]]]},"properties":{"src":"fm"}},{"type":"Feature","geometry":{"type":"Polygon","coordinates":[[[-108.75876,36.862373],[-108.758762,36.862283],[-108.758538,36.862279],[-108.758535,36.862369],[-108.75876,36.862373]]]},"properties":{"src":"fm"}},{"type":"Feature","geometry":{"type":"Polygon","coordinates":[[[-108.759649,36.86266],[-108.759659,36.8623],[-108.759435,36.862296],[-108.75944,36.862116],[-108.759216,36.862111],[-108.759205,36.862472],[-108.758757,36.862463],[-108.758752,36.862643],[-108.759424,36.862656],[-108.759427,36.862566],[-108.759539,36.862568],[-108.759536,36.862658],[-108.759649,36.86266]]]},"properties":{"src":"fm"}},{"type":"Feature","geometry":{"type":"Polygon","coordinates":[[[-108.759612,36.863921],[-108.759622,36.863561],[-108.759286,36.863555],[-108.759283,36.863645],[-108.759171,36.863643],[-108.759163,36.863913],[-108.759612,36.863921]]]},"properties":{"src":"fm"}},{"type":"Feature","geometry":{"type":"Polygon","coordinates":[[[-108.758512,36.86318],[-108.758517,36.863],[-108.758293,36.862995],[-108.758288,36.863175],[-108.758512,36.86318]]]},"properties":{"src":"fm"}},{"type":"Feature","geometry":{"type":"Polygon","coordinates":[[[-108.758797,36.868773],[-108.758802,36.868593],[-108.759026,36.868597],[-108.759032,36.868417],[-108.759256,36.868421],[-108.759251,36.868601],[-108.759475,36.868606],[-108.759491,36.868065],[-108.759042,36.868057],[-108.75904,36.868147],[-108.759264,36.868151],[-108.759261,36.868241],[-108.758589,36.868228],[-108.758578,36.868589],[-108.75813,36.86858],[-108.75814,36.86822],[-108.757916,36.868216],[-108.757921,36.868035],[-108.757697,36.868031],[-108.757686,36.868392],[-108.757014,36.868379],[-108.757008,36.868559],[-108.757233,36.868563],[-108.757227,36.868743],[-108.758797,36.868773]],[[-108.758017,36.868578],[-108.757905,36.868576],[-108.757908,36.868486],[-108.75802,36.868488],[-108.758017,36.868578]]]},"properties":{"src":"fm"}},{"type":"Feature","geometry":{"type":"Polygon","coordinates":[[[-108.758589,36.868228],[-108.758594,36.868048],[-108.75837,36.868044],[-108.758364,36.868224],[-108.758589,36.868228]]]},"properties":{"src":"fm"}},{"type":"Feature","geometry":{"type":"Polygon","coordinates":[[[-108.756251,36.871429],[-108.756262,36.871068],[-108.756486,36.871073],[-108.756491,36.870892],[-108.756043,36.870884],[-108.756048,36.870704],[-108.755824,36.8707],[-108.755808,36.87124],[-108.756145,36.871246],[-108.756139,36.871427],[-108.756251,36.871429]]]},"properties":{"src":"fm"}},{"type":"Feature","geometry":{"type":"Polygon","coordinates":[[[-108.758958,36.870939],[-108.758969,36.870579],[-108.758744,36.870575],[-108.758742,36.870665],[-108.758854,36.870667],[-108.758851,36.870757],[-108.758739,36.870755],[-108.758734,36.870935],[-108.758958,36.870939]]]},"properties":{"src":"fm"}},{"type":"Feature","geometry":{"type":"Polygon","coordinates":[[[-108.757148,36.871446],[-108.757154,36.871266],[-108.758051,36.871282],[-108.758053,36.871192],[-108.758165,36.871194],[-108.758163,36.871285],[-108.758275,36.871287],[-108.75828,36.871107],[-108.758504,36.871111],[-108.758525,36.87039],[-108.756956,36.87036],[-108.756953,36.870451],[-108.757065,36.870453],[-108.757063,36.870543],[-108.75695,36.870541],[-108.756945,36.870721],[-108.757169,36.870725],[-108.757164,36.870905],[-108.75694,36.870901],[-108.756927,36.871351],[-108.757039,36.871353],[-108.757036,36.871444],[-108.757148,36.871446]]]},"properties":{"src":"fm"}},{"type":"Feature","geometry":{"type":"Polygon","coordinates":[[[-108.759412,36.870767],[-108.759449,36.869506],[-108.759,36.869498],[-108.758974,36.870399],[-108.759198,36.870403],[-108.759187,36.870763],[-108.759412,36.870767]]]},"properties":{"src":"fm"}},{"type":"Feature","geometry":{"type":"Polygon","coordinates":[[[-108.756993,36.869099],[-108.756998,36.868919],[-108.756886,36.868917],[-108.756881,36.869097],[-108.756993,36.869099]]]},"properties":{"src":"fm"}},{"type":"Feature","geometry":{"type":"Polygon","coordinates":[[[-108.758536,36.87003],[-108.758541,36.86985],[-108.758765,36.869854],[-108.758776,36.869494],[-108.758552,36.869489],[-108.758562,36.869129],[-108.759235,36.869142],[-108.759245,36.868781],[-108.757227,36.868743],[-108.757212,36.869284],[-108.757436,36.869288],[-108.757431,36.869468],[-108.757655,36.869472],[-108.75766,36.869292],[-108.758108,36.869301],[-108.758093,36.869841],[-108.758317,36.869845],[-108.758312,36.870026],[-108.758536,36.87003]]]},"properties":{"src":"fm"}},{"type":"Feature","geometry":{"type":"Polygon","coordinates":[[[-108.75909,36.874096],[-108.759093,36.874006],[-108.758981,36.874004],[-108.758978,36.874094],[-108.75909,36.874096]]]},"properties":{"src":"fm"}},{"type":"Feature","geometry":{"type":"Polygon","coordinates":[[[-108.759327,36.87365],[-108.759333,36.87347],[-108.759109,36.873465],[-108.759103,36.873646],[-108.759327,36.87365]]]},"properties":{"src":"fm"}},{"type":"Feature","geometry":{"type":"Polygon","coordinates":[[[-108.756302,36.877378],[-108.756307,36.877198],[-108.756083,36.877194],[-108.756077,36.877374],[-108.756302,36.877378]]]},"properties":{"src":"fm"}},{"type":"Feature","geometry":{"type":"Polygon","coordinates":[[[-108.756088,36.877013],[-108.756093,36.876833],[-108.755645,36.876825],[-108.75564,36.877005],[-108.756088,36.877013]]]},"properties":{"src":"fm"}},{"type":"Feature","geometry":{"type":"Polygon","coordinates":[[[-108.756761,36.877026],[-108.756766,36.876846],[-108.75699,36.87685],[-108.756996,36.87667],[-108.756771,36.876666],[-108.756777,36.876486],[-108.756552,36.876481],[-108.756547,36.876662],[-108.756099,36.876653],[-108.756093,36.876833],[-108.756318,36.876838],[-108.756315,36.876928],[-108.756539,36.876932],[-108.756536,36.877022],[-108.756761,36.877026]]]},"properties":{"src":"fm"}},{"type":"Feature","geometry":{"type":"Polygon","coordinates":[[[-108.75722,36.876674],[-108.757222,36.876584],[-108.757447,36.876589],[-108.757449,36.876498],[-108.757674,36.876503],[-108.757679,36.876323],[-108.757903,36.876327],[-108.757908,36.876147],[-108.75746,36.876138],[-108.757455,36.876318],[-108.75723,36.876314],[-108.757225,36.876494],[-108.757001,36.87649],[-108.756996,36.87667],[-108.75722,36.876674]]]},"properties":{"src":"fm"}},{"type":"Feature","geometry":{"type":"Polygon","coordinates":[[[-108.759254,36.876172],[-108.759259,36.875992],[-108.759035,36.875988],[-108.75903,36.876168],[-108.759254,36.876172]]]},"properties":{"src":"fm"}},{"type":"Feature","geometry":{"type":"Polygon","coordinates":[[[-108.7577,36.875602],[-108.757705,36.875422],[-108.757257,36.875413],[-108.757251,36.875593],[-108.7577,36.875602]]]},"properties":{"src":"fm"}},{"type":"Feature","geometry":{"type":"Polygon","coordinates":[[[-108.758357,36.876155],[-108.758362,36.875975],[-108.759035,36.875988],[-108.75904,36.875807],[-108.759264,36.875812],[-108.75928,36.875271],[-108.759056,36.875267],[-108.759051,36.875447],[-108.758378,36.875434],[-108.758373,36.875615],[-108.758148,36.87561],[-108.758143,36.875791],[-108.757919,36.875786],[-108.757908,36.876147],[-108.758357,36.876155]],[[-108.75916,36.875539],[-108.759048,36.875537],[-108.759051,36.875447],[-108.759163,36.875449],[-108.75916,36.875539]]]},"properties":{"src":"fm"}},{"type":"Feature","geometry":{"type":"Polygon","coordinates":[[[-108.756808,36.875405],[-108.756813,36.875225],[-108.756589,36.87522],[-108.756587,36.87531],[-108.756699,36.875313],[-108.756696,36.875403],[-108.756808,36.875405]]]},"properties":{"src":"fm"}},{"type":"Feature","geometry":{"type":"Polygon","coordinates":[[[-108.758159,36.87525],[-108.758164,36.87507],[-108.758613,36.875078],[-108.758618,36.874898],[-108.758394,36.874894],[-108.758399,36.874714],[-108.75795,36.874705],[-108.757945,36.874886],[-108.757721,36.874881],[-108.757726,36.874701],[-108.757278,36.874693],[-108.757267,36.875053],[-108.757043,36.875049],[-108.757038,36.875229],[-108.757486,36.875237],[-108.757491,36.875057],[-108.75794,36.875066],[-108.757935,36.875246],[-108.758159,36.87525]]]},"properties":{"src":"fm"}},{"type":"Feature","geometry":{"type":"Polygon","coordinates":[[[-108.758626,36.874628],[-108.758628,36.874538],[-108.758404,36.874534],[-108.758402,36.874624],[-108.758626,36.874628]]]},"properties":{"src":"fm"}},{"type":"Feature","geometry":{"type":"Polygon","coordinates":[[[-108.758177,36.87462],[-108.75818,36.874529],[-108.758068,36.874527],[-108.758065,36.874617],[-108.758177,36.87462]]]},"properties":{"src":"fm"}},{"type":"Feature","geometry":{"type":"Polygon","coordinates":[[[-108.759064,36.882658],[-108.759067,36.882567],[-108.758955,36.882565],[-108.758952,36.882655],[-108.759064,36.882658]]]},"properties":{"src":"fm"}},{"type":"Feature","geometry":{"type":"Polygon","coordinates":[[[-108.756946,36.886042],[-108.756951,36.885862],[-108.756727,36.885858],[-108.756721,36.886038],[-108.756946,36.886042]]]},"properties":{"src":"fm"}},{"type":"Feature","geometry":{"type":"Polygon","coordinates":[[[-108.756278,36.885849],[-108.756289,36.885489],[-108.756064,36.885485],[-108.756054,36.885845],[-108.756278,36.885849]]]},"properties":{"src":"fm"}},{"type":"Feature","geometry":{"type":"Polygon","coordinates":[[[-108.756954,36.885772],[-108.756967,36.885322],[-108.75663,36.885315],[-108.756628,36.885405],[-108.75674,36.885408],[-108.756735,36.885588],[-108.756847,36.88559],[-108.756841,36.88577],[-108.756954,36.885772]]]},"properties":{"src":"fm"}},{"type":"Feature","geometry":{"type":"Polygon","coordinates":[[[-108.756518,36.885313],[-108.756529,36.884953],[-108.756304,36.884949],[-108.756294,36.885309],[-108.756518,36.885313]]]},"properties":{"src":"fm"}},{"type":"Feature","geometry":{"type":"Polygon","coordinates":[[[-108.756977,36.884961],[-108.756988,36.884601],[-108.757212,36.884605],[-108.757217,36.884425],[-108.756769,36.884417],[-108.756764,36.884597],[-108.756651,36.884595],[-108.756649,36.884685],[-108.756761,36.884687],[-108.756758,36.884777],[-108.756534,36.884773],[-108.756529,36.884953],[-108.756977,36.884961]]]},"properties":{"src":"fm"}},{"type":"Feature","geometry":{"type":"Polygon","coordinates":[[[-108.757682,36.883893],[-108.757692,36.883533],[-108.757468,36.883529],[-108.757457,36.883889],[-108.757682,36.883893]]]},"properties":{"src":"fm"}},{"type":"Feature","geometry":{"type":"Polygon","coordinates":[[[-108.758819,36.883374],[-108.758824,36.883194],[-108.757927,36.883177],[-108.757922,36.883357],[-108.758819,36.883374]]]},"properties":{"src":"fm"}},{"type":"Feature","geometry":{"type":"Polygon","coordinates":[[[-108.755971,36.842673],[-108.755974,36.842583],[-108.755749,36.842579],[-108.755747,36.842669],[-108.755971,36.842673]]]},"properties":{"src":"fm"}},{"type":"Feature","geometry":{"type":"Polygon","coordinates":[[[-108.756556,36.845658],[-108.756562,36.845478],[-108.756113,36.84547],[-108.756108,36.84565],[-108.756332,36.845654],[-108.756335,36.845564],[-108.756447,36.845566],[-108.756444,36.845656],[-108.756556,36.845658]]]},"properties":{"src":"fm"}},{"type":"Feature","geometry":{"type":"Polygon","coordinates":[[[-108.754318,36.845526],[-108.75432,36.845436],[-108.753984,36.845429],[-108.753981,36.845519],[-108.754318,36.845526]]]},"properties":{"src":"fm"}},{"type":"Feature","geometry":{"type":"Polygon","coordinates":[[[-108.753194,36.845595],[-108.753205,36.845234],[-108.753093,36.845232],[-108.75309,36.845322],[-108.752978,36.84532],[-108.752975,36.84541],[-108.753087,36.845412],[-108.753085,36.845502],[-108.752973,36.8455],[-108.75297,36.84559],[-108.753194,36.845595]]]},"properties":{"src":"fm"}},{"type":"Feature","geometry":{"type":"Polygon","coordinates":[[[-108.756113,36.84547],[-108.756116,36.845379],[-108.75634,36.845384],[-108.756343,36.845294],[-108.75567,36.845281],[-108.755665,36.845461],[-108.756113,36.84547]]]},"properties":{"src":"fm"}},{"type":"Feature","geometry":{"type":"Polygon","coordinates":[[[-108.754769,36.845444],[-108.754771,36.845354],[-108.754995,36.845358],[-108.754998,36.845268],[-108.75455,36.84526],[-108.754555,36.84508],[-108.754107,36.845071],[-108.754101,36.845251],[-108.754325,36.845256],[-108.75432,36.845436],[-108.754769,36.845444]]]},"properties":{"src":"fm"}},{"type":"Feature","geometry":{"type":"Polygon","coordinates":[[[-108.754558,36.84499],[-108.75456,36.844899],[-108.754448,36.844897],[-108.754445,36.844987],[-108.754558,36.84499]]]},"properties":{"src":"fm"}},{"type":"Feature","geometry":{"type":"Polygon","coordinates":[[[-108.754112,36.844891],[-108.754117,36.844711],[-108.753445,36.844698],[-108.753439,36.844878],[-108.754112,36.844891]]]},"properties":{"src":"fm"}},{"type":"Feature","geometry":{"type":"Polygon","coordinates":[[[-108.753242,36.843973],[-108.753247,36.843793],[-108.753023,36.843789],[-108.753017,36.843969],[-108.753242,36.843973]]]},"properties":{"src":"fm"}},{"type":"Feature","geometry":{"type":"Polygon","coordinates":[[[-108.753482,36.843437],[-108.753487,36.843257],[-108.753039,36.843248],[-108.753036,36.843338],[-108.753148,36.843341],[-108.753145,36.843431],[-108.753482,36.843437]]]},"properties":{"src":"fm"}},{"type":"Feature","geometry":{"type":"Polygon","coordinates":[[[-108.753711,36.843261],[-108.753716,36.843081],[-108.75338,36.843075],[-108.753377,36.843165],[-108.75349,36.843167],[-108.753487,36.843257],[-108.753711,36.843261]]]},"properties":{"src":"fm"}},{"type":"Feature","geometry":{"type":"Polygon","coordinates":[[[-108.755509,36.843115],[-108.755515,36.842935],[-108.755291,36.84293],[-108.755285,36.843111],[-108.755509,36.843115]]]},"properties":{"src":"fm"}},{"type":"Feature","geometry":{"type":"Polygon","coordinates":[[[-108.754455,36.848503],[-108.75446,36.848322],[-108.754236,36.848318],[-108.754231,36.848498],[-108.754455,36.848503]]]},"properties":{"src":"fm"}},{"type":"Feature","geometry":{"type":"Polygon","coordinates":[[[-108.753558,36.848486],[-108.753563,36.848305],[-108.753227,36.848299],[-108.753224,36.848389],[-108.753112,36.848387],[-108.753115,36.848297],[-108.752891,36.848293],[-108.752886,36.848473],[-108.753558,36.848486]]]},"properties":{"src":"fm"}},{"type":"Feature","geometry":{"type":"Polygon","coordinates":[[[-108.754236,36.848318],[-108.754241,36.848138],[-108.754017,36.848134],[-108.754012,36.848314],[-108.754236,36.848318]]]},"properties":{"src":"fm"}},{"type":"Feature","geometry":{"type":"Polygon","coordinates":[[[-108.7558,36.848528],[-108.755816,36.847987],[-108.755591,36.847983],[-108.755576,36.848524],[-108.7558,36.848528]]]},"properties":{"src":"fm"}},{"type":"Feature","geometry":{"type":"Polygon","coordinates":[[[-108.754017,36.848134],[-108.754022,36.847954],[-108.75391,36.847951],[-108.753905,36.848132],[-108.754017,36.848134]]]},"properties":{"src":"fm"}},{"type":"Feature","geometry":{"type":"Polygon","coordinates":[[[-108.753793,36.84813],[-108.753798,36.847949],[-108.753462,36.847943],[-108.753459,36.848033],[-108.753347,36.848031],[-108.753344,36.848121],[-108.753793,36.84813]]]},"properties":{"src":"fm"}},{"type":"Feature","geometry":{"type":"Polygon","coordinates":[[[-108.75335,36.847941],[-108.753355,36.847761],[-108.753243,36.847759],[-108.75324,36.847849],[-108.753128,36.847847],[-108.753126,36.847937],[-108.75335,36.847941]]]},"properties":{"src":"fm"}},{"type":"Feature","geometry":{"type":"Polygon","coordinates":[[[-108.753806,36.847679],[-108.753809,36.847589],[-108.753584,36.847585],[-108.753582,36.847675],[-108.753806,36.847679]]]},"properties":{"src":"fm"}},{"type":"Feature","geometry":{"type":"Polygon","coordinates":[[[-108.754257,36.847598],[-108.754262,36.847417],[-108.754038,36.847413],[-108.754033,36.847593],[-108.754257,36.847598]]]},"properties":{"src":"fm"}},{"type":"Feature","geometry":{"type":"Polygon","coordinates":[[[-108.755591,36.847983],[-108.755602,36.847623],[-108.75605,36.847631],[-108.756055,36.847451],[-108.755943,36.847449],[-108.755941,36.847539],[-108.755829,36.847537],[-108.755831,36.847447],[-108.755607,36.847443],[-108.755612,36.847263],[-108.755388,36.847258],[-108.755367,36.847979],[-108.755591,36.847983]]]},"properties":{"src":"fm"}},{"type":"Feature","geometry":{"type":"Polygon","coordinates":[[[-108.753814,36.847409],[-108.753819,36.847229],[-108.753371,36.84722],[-108.753366,36.8474],[-108.753814,36.847409]]]},"properties":{"src":"fm"}},{"type":"Feature","geometry":{"type":"Polygon","coordinates":[[[-108.753373,36.84713],[-108.753376,36.84704],[-108.753264,36.847038],[-108.753261,36.847128],[-108.753373,36.84713]]]},"properties":{"src":"fm"}},{"type":"Feature","geometry":{"type":"Polygon","coordinates":[[[-108.753147,36.847216],[-108.753157,36.846856],[-108.752933,36.846851],[-108.752923,36.847212],[-108.753147,36.847216]]]},"properties":{"src":"fm"}},{"type":"Feature","geometry":{"type":"Polygon","coordinates":[[[-108.754721,36.847066],[-108.754726,36.846885],[-108.754502,36.846881],[-108.754497,36.847061],[-108.754721,36.847066]]]},"properties":{"src":"fm"}},{"type":"Feature","geometry":{"type":"Polygon","coordinates":[[[-108.753603,36.846954],[-108.753606,36.846864],[-108.753493,36.846862],[-108.753491,36.846952],[-108.753603,36.846954]]]},"properties":{"src":"fm"}},{"type":"Feature","geometry":{"type":"Polygon","coordinates":[[[-108.75316,36.846766],[-108.753163,36.846676],[-108.75305,36.846673],[-108.753048,36.846764],[-108.75316,36.846766]]]},"properties":{"src":"fm"}},{"type":"Feature","geometry":{"type":"Polygon","coordinates":[[[-108.755175,36.846894],[-108.755188,36.846443],[-108.755076,36.846441],[-108.755073,36.846531],[-108.754961,36.846529],[-108.754972,36.846169],[-108.754747,36.846165],[-108.754753,36.845985],[-108.754641,36.845983],[-108.754638,36.846073],[-108.754526,36.84607],[-108.754523,36.846161],[-108.754299,36.846156],[-108.75431,36.845796],[-108.753861,36.845788],[-108.753864,36.845697],[-108.753752,36.845695],[-108.753749,36.845785],[-108.753637,36.845783],[-108.753642,36.845603],[-108.75353,36.845601],[-108.753528,36.845691],[-108.753416,36.845689],[-108.753418,36.845599],[-108.753306,36.845597],[-108.753304,36.845687],[-108.753192,36.845685],[-108.753194,36.845595],[-108.753082,36.845593],[-108.753079,36.845683],[-108.752967,36.84568],[-108.752965,36.845771],[-108.753189,36.845775],[-108.753184,36.845955],[-108.753632,36.845963],[-108.753627,36.846144],[-108.754075,36.846152],[-108.75407,36.846332],[-108.754294,36.846336],[-108.754283,36.846697],[-108.754732,36.846705],[-108.754726,36.846885],[-108.755175,36.846894]],[[-108.755065,36.846802],[-108.754953,36.8468],[-108.754956,36.846709],[-108.755068,36.846712],[-108.755065,36.846802]]]},"properties":{"src":"fm"}},{"type":"Feature","geometry":{"type":"Polygon","coordinates":[[[-108.754146,36.851381],[-108.754152,36.851201],[-108.753927,36.851196],[-108.753933,36.851016],[-108.753708,36.851012],[-108.753711,36.850922],[-108.753487,36.850918],[-108.753484,36.851008],[-108.753596,36.85101],[-108.753594,36.8511],[-108.753482,36.851098],[-108.753479,36.851188],[-108.753255,36.851184],[-108.75325,36.851364],[-108.754146,36.851381]],[[-108.753588,36.85128],[-108.753476,36.851278],[-108.753479,36.851188],[-108.753591,36.85119],[-108.753588,36.85128]]]},"properties":{"src":"fm"}},{"type":"Feature","geometry":{"type":"Polygon","coordinates":[[[-108.754605,36.851029],[-108.754608,36.850939],[-108.754496,36.850937],[-108.754493,36.851027],[-108.754605,36.851029]]]},"properties":{"src":"fm"}},{"type":"Feature","geometry":{"type":"Polygon","coordinates":[[[-108.754386,36.850845],[-108.754389,36.850754],[-108.754277,36.850752],[-108.754274,36.850842],[-108.754386,36.850845]]]},"properties":{"src":"fm"}},{"type":"Feature","geometry":{"type":"Polygon","coordinates":[[[-108.75326,36.851004],[-108.753265,36.850823],[-108.75349,36.850828],[-108.753492,36.850738],[-108.753268,36.850733],[-108.753276,36.850463],[-108.753052,36.850459],[-108.753057,36.850279],[-108.752833,36.850274],[-108.752828,36.850455],[-108.75294,36.850457],[-108.752937,36.850547],[-108.752825,36.850545],[-108.752822,36.850635],[-108.753046,36.850639],[-108.753036,36.850999],[-108.75326,36.851004]]]},"properties":{"src":"fm"}},{"type":"Feature","geometry":{"type":"Polygon","coordinates":[[[-108.754428,36.849403],[-108.754439,36.849043],[-108.753991,36.849035],[-108.753985,36.849215],[-108.75421,36.849219],[-108.754204,36.849399],[-108.754428,36.849403]]]},"properties":{"src":"fm"}},{"type":"Feature","geometry":{"type":"Polygon","coordinates":[[[-108.756388,36.851423],[-108.756451,36.849261],[-108.756115,36.849255],[-108.756112,36.849345],[-108.756,36.849343],[-108.756008,36.849073],[-108.75556,36.849064],[-108.755565,36.848884],[-108.755341,36.84888],[-108.755346,36.8487],[-108.755234,36.848698],[-108.755231,36.848788],[-108.755119,36.848785],[-108.755117,36.848876],[-108.754893,36.848871],[-108.754898,36.848691],[-108.754786,36.848689],[-108.754783,36.848779],[-108.754671,36.848777],[-108.754663,36.849047],[-108.754887,36.849051],[-108.754882,36.849232],[-108.755106,36.849236],[-108.755101,36.849416],[-108.755213,36.849418],[-108.75521,36.849508],[-108.755098,36.849506],[-108.755096,36.849596],[-108.754984,36.849594],[-108.754981,36.849684],[-108.754869,36.849682],[-108.754871,36.849592],[-108.754759,36.84959],[-108.754757,36.84968],[-108.754645,36.849678],[-108.754642,36.849768],[-108.754418,36.849764],[-108.754413,36.849944],[-108.754188,36.84994],[-108.754183,36.85012],[-108.754407,36.850124],[-108.754402,36.850304],[-108.754626,36.850308],[-108.754621,36.850488],[-108.754845,36.850493],[-108.754824,36.851213],[-108.755048,36.851218],[-108.755043,36.851398],[-108.756388,36.851423]],[[-108.755286,36.850771],[-108.754949,36.850765],[-108.754952,36.850675],[-108.755288,36.850681],[-108.755286,36.850771]],[[-108.755202,36.849778],[-108.75509,36.849776],[-108.755096,36.849596],[-108.755208,36.849598],[-108.755202,36.849778]],[[-108.755885,36.849431],[-108.755773,36.849429],[-108.755779,36.849249],[-108.755891,36.849251],[-108.755885,36.849431]]]},"properties":{"src":"fm"}},{"type":"Feature","geometry":{"type":"Polygon","coordinates":[[[-108.754188,36.84994],[-108.754194,36.849759],[-108.754418,36.849764],[-108.754423,36.849583],[-108.754311,36.849581],[-108.754308,36.849671],[-108.754196,36.849669],[-108.754199,36.849579],[-108.753975,36.849575],[-108.753985,36.849215],[-108.753761,36.84921],[-108.753772,36.84885],[-108.753323,36.848842],[-108.753329,36.848662],[-108.753105,36.848657],[-108.75311,36.848477],[-108.752998,36.848475],[-108.752995,36.848565],[-108.752883,36.848563],[-108.75287,36.849013],[-108.752982,36.849015],[-108.752979,36.849106],[-108.752867,36.849103],[-108.752854,36.849554],[-108.753751,36.849571],[-108.753748,36.849661],[-108.753524,36.849657],[-108.753521,36.849747],[-108.75397,36.849755],[-108.753967,36.849845],[-108.753855,36.849843],[-108.753852,36.849933],[-108.754188,36.84994]],[[-108.753865,36.849483],[-108.753753,36.849481],[-108.753756,36.849391],[-108.753868,36.849393],[-108.753865,36.849483]]]},"properties":{"src":"fm"}},{"type":"Feature","geometry":{"type":"Polygon","coordinates":[[[-108.755407,36.854289],[-108.75541,36.854199],[-108.755297,36.854196],[-108.755295,36.854287],[-108.755407,36.854289]]]},"properties":{"src":"fm"}},{"type":"Feature","geometry":{"type":"Polygon","coordinates":[[[-108.755855,36.854297],[-108.755861,36.854117],[-108.755748,36.854115],[-108.755746,36.854205],[-108.755634,36.854203],[-108.755631,36.854293],[-108.755855,36.854297]]]},"properties":{"src":"fm"}},{"type":"Feature","geometry":{"type":"Polygon","coordinates":[[[-108.755412,36.854109],[-108.755415,36.854018],[-108.755191,36.854014],[-108.755188,36.854104],[-108.755412,36.854109]]]},"properties":{"src":"fm"}},{"type":"Feature","geometry":{"type":"Polygon","coordinates":[[[-108.755417,36.853928],[-108.75542,36.853838],[-108.755308,36.853836],[-108.755305,36.853926],[-108.755417,36.853928]]]},"properties":{"src":"fm"}},{"type":"Feature","geometry":{"type":"Polygon","coordinates":[[[-108.755423,36.853748],[-108.755425,36.853658],[-108.755201,36.853654],[-108.755199,36.853744],[-108.755423,36.853748]]]},"properties":{"src":"fm"}},{"type":"Feature","geometry":{"type":"Polygon","coordinates":[[[-108.75475,36.853735],[-108.754753,36.853645],[-108.754641,36.853643],[-108.754638,36.853733],[-108.75475,36.853735]]]},"properties":{"src":"fm"}},{"type":"Feature","geometry":{"type":"Polygon","coordinates":[[[-108.754755,36.853555],[-108.754758,36.853465],[-108.754646,36.853463],[-108.754643,36.853553],[-108.754755,36.853555]]]},"properties":{"src":"fm"}},{"type":"Feature","geometry":{"type":"Polygon","coordinates":[[[-108.754761,36.853375],[-108.754763,36.853285],[-108.754651,36.853283],[-108.754649,36.853373],[-108.754761,36.853375]]]},"properties":{"src":"fm"}},{"type":"Feature","geometry":{"type":"Polygon","coordinates":[[[-108.754766,36.853195],[-108.754769,36.853105],[-108.754544,36.853101],[-108.754542,36.853191],[-108.754766,36.853195]]]},"properties":{"src":"fm"}},{"type":"Feature","geometry":{"type":"Polygon","coordinates":[[[-108.754771,36.853015],[-108.75479,36.852384],[-108.754678,36.852382],[-108.754675,36.852472],[-108.754563,36.85247],[-108.754547,36.853011],[-108.754771,36.853015]]]},"properties":{"src":"fm"}},{"type":"Feature","geometry":{"type":"Polygon","coordinates":[[[-108.754734,36.854276],[-108.754742,36.854006],[-108.75463,36.854004],[-108.754628,36.854094],[-108.754516,36.854092],[-108.754534,36.853461],[-108.754422,36.853459],[-108.754425,36.853369],[-108.754312,36.853367],[-108.754318,36.853187],[-108.754206,36.853184],[-108.7542,36.853365],[-108.754088,36.853362],[-108.754094,36.853182],[-108.753645,36.853174],[-108.753656,36.852814],[-108.753432,36.852809],[-108.753437,36.852629],[-108.753213,36.852625],[-108.753218,36.852445],[-108.752994,36.852441],[-108.752999,36.85226],[-108.752775,36.852256],[-108.752722,36.854058],[-108.752834,36.85406],[-108.752832,36.85415],[-108.752944,36.854152],[-108.752941,36.854242],[-108.754734,36.854276]],[[-108.753533,36.853172],[-108.753197,36.853165],[-108.753202,36.852985],[-108.753426,36.852989],[-108.753424,36.85308],[-108.753536,36.853082],[-108.753533,36.853172]]]},"properties":{"src":"fm"}},{"type":"Feature","geometry":{"type":"Polygon","coordinates":[[[-108.756304,36.854306],[-108.756372,36.851964],[-108.756148,36.851959],[-108.756153,36.851779],[-108.756377,36.851783],[-108.756388,36.851423],[-108.755043,36.851398],[-108.755038,36.851578],[-108.755262,36.851582],[-108.755259,36.851672],[-108.755147,36.85167],[-108.755144,36.85176],[-108.755257,36.851762],[-108.755241,36.852303],[-108.755577,36.852309],[-108.755574,36.852399],[-108.755462,36.852397],[-108.755428,36.853568],[-108.755764,36.853574],[-108.755759,36.853755],[-108.756095,36.853761],[-108.756079,36.854301],[-108.756304,36.854306]]]},"properties":{"src":"fm"}},{"type":"Feature","geometry":{"type":"Polygon","coordinates":[[[-108.75413,36.851921],[-108.754136,36.851741],[-108.754584,36.85175],[-108.754587,36.851659],[-108.754138,36.851651],[-108.754141,36.851561],[-108.754365,36.851565],[-108.75437,36.851385],[-108.753474,36.851368],[-108.753468,36.851548],[-108.753917,36.851557],[-108.753906,36.851917],[-108.75413,36.851921]]]},"properties":{"src":"fm"}},{"type":"Feature","geometry":{"type":"Polygon","coordinates":[[[-108.752875,36.856494],[-108.752878,36.856404],[-108.752766,36.856402],[-108.752763,36.856492],[-108.752875,36.856494]]]},"properties":{"src":"fm"}},{"type":"Feature","geometry":{"type":"Polygon","coordinates":[[[-108.755573,36.856275],[-108.755576,36.856185],[-108.755464,36.856182],[-108.755461,36.856272],[-108.755573,36.856275]]]},"properties":{"src":"fm"}},{"type":"Feature","geometry":{"type":"Polygon","coordinates":[[[-108.755803,36.856099],[-108.755805,36.856009],[-108.755693,36.856006],[-108.755691,36.856097],[-108.755803,36.856099]]]},"properties":{"src":"fm"}},{"type":"Feature","geometry":{"type":"Polygon","coordinates":[[[-108.755578,36.856094],[-108.755581,36.856004],[-108.755245,36.855998],[-108.755242,36.856088],[-108.755578,36.856094]]]},"properties":{"src":"fm"}},{"type":"Feature","geometry":{"type":"Polygon","coordinates":[[[-108.756272,36.855387],[-108.756304,36.854306],[-108.755967,36.854299],[-108.755962,36.854479],[-108.755626,36.854473],[-108.755631,36.854293],[-108.755407,36.854289],[-108.755404,36.854379],[-108.755292,36.854377],[-108.75529,36.854467],[-108.755402,36.854469],[-108.755391,36.854829],[-108.755615,36.854833],[-108.755613,36.854923],[-108.755389,36.854919],[-108.755386,36.855009],[-108.75561,36.855014],[-108.755605,36.855194],[-108.755829,36.855198],[-108.755824,36.855378],[-108.756272,36.855387]]]},"properties":{"src":"fm"}},{"type":"Feature","geometry":{"type":"Polygon","coordinates":[[[-108.75623,36.856828],[-108.756248,36.856197],[-108.756136,36.856195],[-108.756134,36.856285],[-108.755797,36.856279],[-108.755792,36.856459],[-108.75512,36.856446],[-108.755127,36.856176],[-108.755015,36.856174],[-108.755013,36.856264],[-108.754901,36.856262],[-108.754924,36.855451],[-108.754812,36.855449],[-108.754815,36.855359],[-108.754927,36.855361],[-108.754935,36.855091],[-108.754711,36.855087],[-108.754734,36.854276],[-108.752717,36.854238],[-108.752712,36.854418],[-108.752936,36.854422],[-108.75293,36.854602],[-108.752706,36.854598],[-108.752701,36.854778],[-108.752925,36.854783],[-108.75292,36.854963],[-108.752696,36.854958],[-108.752685,36.855319],[-108.752797,36.855321],[-108.752795,36.855411],[-108.752682,36.855409],[-108.752675,36.855679],[-108.752899,36.855683],[-108.752915,36.855143],[-108.753363,36.855151],[-108.753358,36.855331],[-108.753582,36.855336],[-108.753577,36.855516],[-108.753689,36.855518],[-108.753686,36.855608],[-108.753574,36.855606],[-108.753571,36.855696],[-108.753123,36.855688],[-108.753112,36.856048],[-108.753337,36.856052],[-108.753331,36.856232],[-108.753555,36.856236],[-108.75355,36.856417],[-108.753999,36.856425],[-108.754004,36.856245],[-108.754228,36.856249],[-108.754233,36.856069],[-108.754458,36.856073],[-108.75445,36.856343],[-108.754562,36.856346],[-108.754559,36.856436],[-108.754671,36.856438],[-108.754666,36.856618],[-108.756011,36.856643],[-108.756006,36.856824],[-108.75623,36.856828]],[[-108.75379,36.85588],[-108.753566,36.855876],[-108.753571,36.855696],[-108.753795,36.8557],[-108.75379,36.85588]]]},"properties":{"src":"fm"}},{"type":"Feature","geometry":{"type":"Polygon","coordinates":[[[-108.756151,36.85953],[-108.756154,36.85944],[-108.756041,36.859438],[-108.756039,36.859528],[-108.756151,36.85953]]]},"properties":{"src":"fm"}},{"type":"Feature","geometry":{"type":"Polygon","coordinates":[[[-108.755515,36.858256],[-108.755526,36.857896],[-108.755302,36.857892],[-108.755307,36.857712],[-108.755195,36.857709],[-108.755192,36.8578],[-108.75508,36.857797],[-108.755083,36.857707],[-108.754746,36.857701],[-108.754744,36.857791],[-108.754632,36.857789],[-108.754624,36.858059],[-108.755408,36.858074],[-108.755406,36.858164],[-108.755294,36.858162],[-108.755291,36.858252],[-108.755515,36.858256]]]},"properties":{"src":"fm"}},{"type":"Feature","geometry":{"type":"Polygon","coordinates":[[[-108.755573,36.871596],[-108.755579,36.871416],[-108.755355,36.871412],[-108.755352,36.871502],[-108.755464,36.871504],[-108.755461,36.871594],[-108.755573,36.871596]]]},"properties":{"src":"fm"}},{"type":"Feature","geometry":{"type":"Polygon","coordinates":[[[-108.755808,36.87124],[-108.755824,36.8707],[-108.7556,36.870695],[-108.755584,36.871236],[-108.755808,36.87124]]]},"properties":{"src":"fm"}},{"type":"Feature","geometry":{"type":"Polygon","coordinates":[[[-108.750365,36.842657],[-108.75037,36.842477],[-108.749922,36.842468],[-108.749916,36.842649],[-108.750365,36.842657]]]},"properties":{"src":"fm"}},{"type":"Feature","geometry":{"type":"Polygon","coordinates":[[[-108.750813,36.842666],[-108.750824,36.842305],[-108.750375,36.842297],[-108.75037,36.842477],[-108.750594,36.842481],[-108.750589,36.842661],[-108.750813,36.842666]]]},"properties":{"src":"fm"}},{"type":"Feature","geometry":{"type":"Polygon","coordinates":[[[-108.749692,36.842644],[-108.749698,36.842464],[-108.749922,36.842468],[-108.749932,36.842108],[-108.749484,36.8421],[-108.749468,36.84264],[-108.749692,36.842644]]]},"properties":{"src":"fm"}},{"type":"Feature","geometry":{"type":"Polygon","coordinates":[[[-108.750156,36.842112],[-108.750167,36.841752],[-108.750055,36.84175],[-108.750052,36.84184],[-108.74994,36.841838],[-108.749953,36.841387],[-108.749729,36.841383],[-108.749734,36.841203],[-108.74951,36.841199],[-108.749489,36.841919],[-108.749937,36.841928],[-108.749932,36.842108],[-108.750156,36.842112]]]},"properties":{"src":"fm"}},{"type":"Feature","geometry":{"type":"Polygon","coordinates":[[[-108.751852,36.845479],[-108.751855,36.845389],[-108.751742,36.845387],[-108.75174,36.845477],[-108.751852,36.845479]]]},"properties":{"src":"fm"}},{"type":"Feature","geometry":{"type":"Polygon","coordinates":[[[-108.750291,36.845179],[-108.750296,36.844999],[-108.750072,36.844995],[-108.750067,36.845175],[-108.750291,36.845179]]]},"properties":{"src":"fm"}},{"type":"Feature","geometry":{"type":"Polygon","coordinates":[[[-108.752751,36.845406],[-108.752762,36.845046],[-108.752538,36.845041],[-108.75254,36.844951],[-108.752428,36.844949],[-108.752425,36.845039],[-108.752313,36.845037],[-108.752319,36.844857],[-108.75187,36.844849],[-108.751865,36.845029],[-108.752089,36.845033],[-108.752079,36.845393],[-108.752751,36.845406]]]},"properties":{"src":"fm"}},{"type":"Feature","geometry":{"type":"Polygon","coordinates":[[[-108.752986,36.84505],[-108.752996,36.84469],[-108.752772,36.844685],[-108.752762,36.845046],[-108.752986,36.84505]]]},"properties":{"src":"fm"}},{"type":"Feature","geometry":{"type":"Polygon","coordinates":[[[-108.752772,36.844685],[-108.752778,36.844505],[-108.752553,36.844501],[-108.752548,36.844681],[-108.752772,36.844685]]]},"properties":{"src":"fm"}},{"type":"Feature","geometry":{"type":"Polygon","coordinates":[[[-108.750056,36.845535],[-108.750067,36.845175],[-108.749842,36.845171],[-108.749858,36.84463],[-108.750082,36.844635],[-108.750088,36.844454],[-108.749864,36.84445],[-108.749869,36.84427],[-108.749645,36.844266],[-108.749639,36.844446],[-108.749415,36.844442],[-108.749384,36.845523],[-108.750056,36.845535]]]},"properties":{"src":"fm"}},{"type":"Feature","geometry":{"type":"Polygon","coordinates":[[[-108.749893,36.843459],[-108.749895,36.843369],[-108.749671,36.843365],[-108.749668,36.843455],[-108.749893,36.843459]]]},"properties":{"src":"fm"}},{"type":"Feature","geometry":{"type":"Polygon","coordinates":[[[-108.753033,36.843429],[-108.753039,36.843248],[-108.751694,36.843223],[-108.751688,36.843403],[-108.753033,36.843429]]]},"properties":{"src":"fm"}},{"type":"Feature","geometry":{"type":"Polygon","coordinates":[[[-108.749671,36.843365],[-108.749676,36.843185],[-108.749452,36.843181],[-108.749447,36.843361],[-108.749671,36.843365]]]},"properties":{"src":"fm"}},{"type":"Feature","geometry":{"type":"Polygon","coordinates":[[[-108.751694,36.843223],[-108.751699,36.843043],[-108.751475,36.843039],[-108.75147,36.843219],[-108.751694,36.843223]]]},"properties":{"src":"fm"}},{"type":"Feature","geometry":{"type":"Polygon","coordinates":[[[-108.749682,36.843005],[-108.749687,36.842824],[-108.749463,36.84282],[-108.749458,36.843],[-108.749682,36.843005]]]},"properties":{"src":"fm"}},{"type":"Feature","geometry":{"type":"Polygon","coordinates":[[[-108.751177,36.845556],[-108.751187,36.845196],[-108.750963,36.845192],[-108.750974,36.844832],[-108.75075,36.844827],[-108.750771,36.844107],[-108.750995,36.844111],[-108.75099,36.844291],[-108.751102,36.844293],[-108.751096,36.844473],[-108.751545,36.844482],[-108.751539,36.844662],[-108.751651,36.844664],[-108.751646,36.844844],[-108.75187,36.844849],[-108.751881,36.844488],[-108.752553,36.844501],[-108.752559,36.844321],[-108.752783,36.844325],[-108.752799,36.843785],[-108.75235,36.843776],[-108.752356,36.843596],[-108.751683,36.843583],[-108.751688,36.843403],[-108.75124,36.843395],[-108.751245,36.843214],[-108.750797,36.843206],[-108.750802,36.843026],[-108.75069,36.843024],[-108.750688,36.843114],[-108.750576,36.843112],[-108.750573,36.843202],[-108.750349,36.843198],[-108.750359,36.842837],[-108.750584,36.842841],[-108.750589,36.842661],[-108.749916,36.842649],[-108.749911,36.842829],[-108.750247,36.842835],[-108.750242,36.843015],[-108.750018,36.843011],[-108.750015,36.843101],[-108.749903,36.843099],[-108.749906,36.843009],[-108.749682,36.843005],[-108.749676,36.843185],[-108.749901,36.843189],[-108.749895,36.843369],[-108.750119,36.843373],[-108.750114,36.843554],[-108.750226,36.843556],[-108.750224,36.843646],[-108.750111,36.843644],[-108.750104,36.843914],[-108.749879,36.84391],[-108.749869,36.84427],[-108.750093,36.844274],[-108.750098,36.844094],[-108.750322,36.844098],[-108.750312,36.844459],[-108.750648,36.844465],[-108.750645,36.844555],[-108.750533,36.844553],[-108.75052,36.845003],[-108.750744,36.845008],[-108.750728,36.845548],[-108.751177,36.845556]],[[-108.752559,36.844321],[-108.752334,36.844317],[-108.75234,36.844136],[-108.752564,36.844141],[-108.752559,36.844321]],[[-108.750653,36.844285],[-108.750541,36.844283],[-108.750547,36.844103],[-108.750659,36.844105],[-108.750653,36.844285]]]},"properties":{"src":"fm"}},{"type":"Feature","geometry":{"type":"Polygon","coordinates":[[[-108.752661,36.848469],[-108.752667,36.848288],[-108.752555,36.848286],[-108.752552,36.848376],[-108.75244,36.848374],[-108.752437,36.848464],[-108.752661,36.848469]]]},"properties":{"src":"fm"}},{"type":"Feature","geometry":{"type":"Polygon","coordinates":[[[-108.752891,36.848293],[-108.752896,36.848113],[-108.752672,36.848108],[-108.752667,36.848288],[-108.752891,36.848293]]]},"properties":{"src":"fm"}},{"type":"Feature","geometry":{"type":"Polygon","coordinates":[[[-108.752672,36.848108],[-108.752688,36.847568],[-108.752912,36.847572],[-108.752917,36.847392],[-108.752245,36.847379],[-108.75224,36.847559],[-108.752464,36.847564],[-108.752458,36.847744],[-108.752234,36.84774],[-108.752224,36.8481],[-108.752672,36.848108]]]},"properties":{"src":"fm"}},{"type":"Feature","geometry":{"type":"Polygon","coordinates":[[[-108.752474,36.847203],[-108.75249,36.846663],[-108.752042,36.846654],[-108.752031,36.847015],[-108.752367,36.847021],[-108.752365,36.847111],[-108.752253,36.847109],[-108.75225,36.847199],[-108.752474,36.847203]]]},"properties":{"src":"fm"}},{"type":"Feature","geometry":{"type":"Polygon","coordinates":[[[-108.752933,36.846851],[-108.752938,36.846671],[-108.752714,36.846667],[-108.752709,36.846847],[-108.752933,36.846851]]]},"properties":{"src":"fm"}},{"type":"Feature","geometry":{"type":"Polygon","coordinates":[[[-108.752495,36.846483],[-108.752501,36.846303],[-108.752389,36.8463],[-108.752386,36.846391],[-108.752274,36.846388],[-108.752271,36.846478],[-108.752495,36.846483]]]},"properties":{"src":"fm"}},{"type":"Feature","geometry":{"type":"Polygon","coordinates":[[[-108.75115,36.846457],[-108.751161,36.846097],[-108.750713,36.846088],[-108.750707,36.846269],[-108.750932,36.846273],[-108.750926,36.846453],[-108.75115,36.846457]]]},"properties":{"src":"fm"}},{"type":"Feature","geometry":{"type":"Polygon","coordinates":[[[-108.751823,36.84647],[-108.751839,36.84593],[-108.751278,36.845919],[-108.751276,36.846009],[-108.751388,36.846011],[-108.751382,36.846191],[-108.751607,36.846196],[-108.751599,36.846466],[-108.751823,36.84647]]]},"properties":{"src":"fm"}},{"type":"Feature","geometry":{"type":"Polygon","coordinates":[[[-108.752213,36.84846],[-108.752218,36.84828],[-108.75177,36.848272],[-108.751775,36.848091],[-108.751663,36.848089],[-108.751658,36.848269],[-108.751546,36.848267],[-108.751556,36.847907],[-108.752005,36.847915],[-108.752015,36.847555],[-108.751791,36.847551],[-108.751796,36.847371],[-108.752245,36.847379],[-108.75225,36.847199],[-108.751353,36.847182],[-108.751359,36.847002],[-108.751135,36.846998],[-108.75114,36.846818],[-108.751364,36.846822],[-108.751369,36.846642],[-108.751257,36.84664],[-108.751255,36.84673],[-108.751142,36.846727],[-108.751145,36.846637],[-108.750921,36.846633],[-108.750926,36.846453],[-108.750478,36.846445],[-108.750488,36.846084],[-108.750264,36.84608],[-108.75027,36.8459],[-108.750718,36.845908],[-108.750723,36.845728],[-108.749827,36.845711],[-108.749832,36.845531],[-108.749384,36.845523],[-108.749331,36.847324],[-108.749555,36.847328],[-108.749552,36.847418],[-108.74944,36.847416],[-108.749438,36.847506],[-108.749325,36.847504],[-108.74931,36.848045],[-108.749534,36.848049],[-108.749528,36.848229],[-108.749753,36.848233],[-108.749747,36.848413],[-108.750868,36.848435],[-108.750876,36.848164],[-108.750652,36.84816],[-108.75066,36.84789],[-108.750884,36.847894],[-108.750879,36.848074],[-108.751103,36.848079],[-108.7511,36.848169],[-108.750988,36.848167],[-108.750986,36.848257],[-108.751098,36.848259],[-108.751092,36.848439],[-108.752213,36.84846]],[[-108.750206,36.848062],[-108.749758,36.848053],[-108.749763,36.847873],[-108.750212,36.847882],[-108.750206,36.848062]],[[-108.751442,36.847995],[-108.75133,36.847993],[-108.751332,36.847903],[-108.751444,36.847905],[-108.751442,36.847995]],[[-108.750548,36.847888],[-108.750436,36.847886],[-108.750441,36.847706],[-108.750665,36.84771],[-108.750662,36.8478],[-108.75055,36.847798],[-108.750548,36.847888]],[[-108.749651,36.847871],[-108.749539,36.847869],[-108.749544,36.847689],[-108.749768,36.847693],[-108.749766,36.847783],[-108.749654,36.847781],[-108.749651,36.847871]],[[-108.751786,36.847731],[-108.751562,36.847727],[-108.751567,36.847547],[-108.751791,36.847551],[-108.751786,36.847731]],[[-108.751226,36.84772],[-108.751113,36.847718],[-108.751124,36.847358],[-108.751348,36.847362],[-108.751343,36.847542],[-108.751231,36.84754],[-108.751226,36.84772]],[[-108.750895,36.847534],[-108.75067,36.84753],[-108.750678,36.847259],[-108.750566,36.847257],[-108.750564,36.847347],[-108.750452,36.847345],[-108.750457,36.847165],[-108.750905,36.847174],[-108.750895,36.847534]],[[-108.750334,36.847523],[-108.750222,36.847521],[-108.750227,36.847341],[-108.750452,36.847345],[-108.750449,36.847435],[-108.750337,36.847433],[-108.750334,36.847523]],[[-108.749886,36.847515],[-108.749774,36.847513],[-108.749784,36.847152],[-108.750008,36.847157],[-108.750006,36.847247],[-108.749894,36.847245],[-108.749886,36.847515]],[[-108.751682,36.847459],[-108.75157,36.847457],[-108.751572,36.847367],[-108.751684,36.847369],[-108.751682,36.847459]],[[-108.750572,36.847077],[-108.750459,36.847075],[-108.750462,36.846985],[-108.750574,36.846987],[-108.750572,36.847077]],[[-108.750462,36.846985],[-108.750238,36.846981],[-108.750243,36.846801],[-108.750467,36.846805],[-108.750462,36.846985]],[[-108.749792,36.846882],[-108.74968,36.84688],[-108.749683,36.84679],[-108.749795,36.846792],[-108.749792,36.846882]]]},"properties":{"src":"fm"}},{"type":"Feature","geometry":{"type":"Polygon","coordinates":[[[-108.752965,36.845771],[-108.75297,36.84559],[-108.752746,36.845586],[-108.752741,36.845766],[-108.752965,36.845771]]]},"properties":{"src":"fm"}},{"type":"Feature","geometry":{"type":"Polygon","coordinates":[[[-108.750278,36.84563],[-108.75028,36.84554],[-108.750056,36.845535],[-108.750053,36.845625],[-108.750278,36.84563]]]},"properties":{"src":"fm"}},{"type":"Feature","geometry":{"type":"Polygon","coordinates":[[[-108.750335,36.851309],[-108.750346,36.850948],[-108.750122,36.850944],[-108.750127,36.850764],[-108.749903,36.85076],[-108.749908,36.85058],[-108.749684,36.850575],[-108.749679,36.850755],[-108.749455,36.850751],[-108.749449,36.850931],[-108.749673,36.850936],[-108.749663,36.851296],[-108.749887,36.8513],[-108.749895,36.85103],[-108.750007,36.851032],[-108.750004,36.851122],[-108.750116,36.851124],[-108.750111,36.851304],[-108.750335,36.851309]]]},"properties":{"src":"fm"}},{"type":"Feature","geometry":{"type":"Polygon","coordinates":[[[-108.74946,36.850571],[-108.749465,36.850391],[-108.749241,36.850387],[-108.749236,36.850567],[-108.74946,36.850571]]]},"properties":{"src":"fm"}},{"type":"Feature","geometry":{"type":"Polygon","coordinates":[[[-108.749911,36.85049],[-108.749913,36.850399],[-108.749801,36.850397],[-108.749799,36.850487],[-108.749911,36.85049]]]},"properties":{"src":"fm"}},{"type":"Feature","geometry":{"type":"Polygon","coordinates":[[[-108.752828,36.850455],[-108.752833,36.850274],[-108.752609,36.85027],[-108.752603,36.85045],[-108.752828,36.850455]]]},"properties":{"src":"fm"}},{"type":"Feature","geometry":{"type":"Polygon","coordinates":[[[-108.752609,36.85027],[-108.752611,36.85018],[-108.752387,36.850176],[-108.752385,36.850266],[-108.752609,36.85027]]]},"properties":{"src":"fm"}},{"type":"Feature","geometry":{"type":"Polygon","coordinates":[[[-108.750143,36.850224],[-108.750148,36.850043],[-108.749924,36.850039],[-108.749919,36.850219],[-108.750143,36.850224]]]},"properties":{"src":"fm"}},{"type":"Feature","geometry":{"type":"Polygon","coordinates":[[[-108.752166,36.850082],[-108.752168,36.849991],[-108.751944,36.849987],[-108.751941,36.850077],[-108.752166,36.850082]]]},"properties":{"src":"fm"}},{"type":"Feature","geometry":{"type":"Polygon","coordinates":[[[-108.750372,36.850048],[-108.750383,36.849687],[-108.750159,36.849683],[-108.750148,36.850043],[-108.750372,36.850048]]]},"properties":{"src":"fm"}},{"type":"Feature","geometry":{"type":"Polygon","coordinates":[[[-108.749924,36.850039],[-108.749929,36.849859],[-108.749705,36.849855],[-108.74971,36.849675],[-108.749262,36.849666],[-108.749254,36.849936],[-108.749702,36.849945],[-108.7497,36.850035],[-108.749924,36.850039]]]},"properties":{"src":"fm"}},{"type":"Feature","geometry":{"type":"Polygon","coordinates":[[[-108.751723,36.849893],[-108.751728,36.849713],[-108.751504,36.849709],[-108.751509,36.849528],[-108.751285,36.849524],[-108.75129,36.849344],[-108.750842,36.849335],[-108.750844,36.849245],[-108.750732,36.849243],[-108.75073,36.849333],[-108.750618,36.849331],[-108.750623,36.849151],[-108.74995,36.849138],[-108.749953,36.849048],[-108.749841,36.849046],[-108.749838,36.849136],[-108.749726,36.849134],[-108.749732,36.848954],[-108.749283,36.848945],[-108.749267,36.849486],[-108.750388,36.849507],[-108.750383,36.849687],[-108.75128,36.849704],[-108.751274,36.849884],[-108.751723,36.849893]]]},"properties":{"src":"fm"}},{"type":"Feature","geometry":{"type":"Polygon","coordinates":[[[-108.750858,36.848795],[-108.75086,36.848705],[-108.750748,36.848703],[-108.750746,36.848793],[-108.750858,36.848795]]]},"properties":{"src":"fm"}},{"type":"Feature","geometry":{"type":"Polygon","coordinates":[[[-108.752854,36.849554],[-108.752857,36.849464],[-108.752745,36.849462],[-108.752747,36.849372],[-108.752859,36.849374],[-108.752875,36.848833],[-108.752651,36.848829],[-108.752656,36.848649],[-108.752432,36.848645],[-108.752437,36.848464],[-108.751316,36.848443],[-108.751314,36.848533],[-108.751202,36.848531],[-108.751199,36.848621],[-108.751311,36.848623],[-108.751301,36.848984],[-108.751525,36.848988],[-108.75152,36.849168],[-108.751968,36.849177],[-108.751965,36.849267],[-108.751853,36.849264],[-108.751851,36.849355],[-108.752635,36.849369],[-108.752632,36.849459],[-108.75252,36.849457],[-108.752518,36.849547],[-108.752854,36.849554]]]},"properties":{"src":"fm"}},{"type":"Feature","geometry":{"type":"Polygon","coordinates":[[[-108.750863,36.848615],[-108.750868,36.848435],[-108.75042,36.848426],[-108.750415,36.848606],[-108.750863,36.848615]]]},"properties":{"src":"fm"}},{"type":"Feature","geometry":{"type":"Polygon","coordinates":[[[-108.751596,36.854217],[-108.751601,36.854036],[-108.751377,36.854032],[-108.751372,36.854212],[-108.751596,36.854217]]]},"properties":{"src":"fm"}},{"type":"Feature","geometry":{"type":"Polygon","coordinates":[[[-108.751393,36.853492],[-108.751403,36.853131],[-108.751179,36.853127],[-108.751171,36.853397],[-108.751283,36.8534],[-108.751281,36.85349],[-108.751393,36.853492]]]},"properties":{"src":"fm"}},{"type":"Feature","geometry":{"type":"Polygon","coordinates":[[[-108.749623,36.852647],[-108.749626,36.852557],[-108.749514,36.852555],[-108.749511,36.852645],[-108.749623,36.852647]]]},"properties":{"src":"fm"}},{"type":"Feature","geometry":{"type":"Polygon","coordinates":[[[-108.749402,36.852553],[-108.749407,36.852373],[-108.749631,36.852377],[-108.749636,36.852197],[-108.749524,36.852195],[-108.749522,36.852285],[-108.74941,36.852283],[-108.749412,36.852192],[-108.749188,36.852188],[-108.749177,36.852549],[-108.749402,36.852553]]]},"properties":{"src":"fm"}},{"type":"Feature","geometry":{"type":"Polygon","coordinates":[[[-108.752332,36.852067],[-108.752337,36.851887],[-108.752113,36.851883],[-108.752108,36.852063],[-108.752332,36.852067]]]},"properties":{"src":"fm"}},{"type":"Feature","geometry":{"type":"Polygon","coordinates":[[[-108.749642,36.852017],[-108.749647,36.851836],[-108.749423,36.851832],[-108.749418,36.852012],[-108.749642,36.852017]]]},"properties":{"src":"fm"}},{"type":"Feature","geometry":{"type":"Polygon","coordinates":[[[-108.752717,36.854238],[-108.752775,36.852256],[-108.752214,36.852246],[-108.752212,36.852336],[-108.752324,36.852338],[-108.752321,36.852428],[-108.752097,36.852424],[-108.752102,36.852243],[-108.751654,36.852235],[-108.751659,36.852055],[-108.751883,36.852059],[-108.751894,36.851699],[-108.751446,36.85169],[-108.751451,36.85151],[-108.751227,36.851506],[-108.751221,36.851686],[-108.750773,36.851677],[-108.750778,36.851497],[-108.750554,36.851493],[-108.750549,36.851673],[-108.750325,36.851669],[-108.750319,36.851849],[-108.750992,36.851862],[-108.750989,36.851952],[-108.751101,36.851954],[-108.751099,36.852044],[-108.750314,36.852029],[-108.750304,36.85239],[-108.750079,36.852385],[-108.750085,36.852205],[-108.749861,36.852201],[-108.749834,36.853102],[-108.750058,36.853106],[-108.750061,36.853016],[-108.750173,36.853018],[-108.75017,36.853108],[-108.750507,36.853114],[-108.750512,36.852934],[-108.750288,36.85293],[-108.750293,36.85275],[-108.750741,36.852758],[-108.750744,36.852668],[-108.750856,36.85267],[-108.750854,36.852761],[-108.750966,36.852763],[-108.750963,36.852853],[-108.751075,36.852855],[-108.751072,36.852945],[-108.75096,36.852943],[-108.750955,36.853123],[-108.751179,36.853127],[-108.751187,36.852857],[-108.751299,36.852859],[-108.751297,36.852949],[-108.751633,36.852956],[-108.751622,36.853316],[-108.751846,36.85332],[-108.751841,36.8535],[-108.751617,36.853496],[-108.751606,36.853856],[-108.751831,36.853861],[-108.75182,36.854221],[-108.752717,36.854238]],[[-108.750523,36.852574],[-108.750298,36.85257],[-108.750304,36.85239],[-108.750528,36.852394],[-108.750523,36.852574]],[[-108.750976,36.852402],[-108.750752,36.852398],[-108.750757,36.852218],[-108.750869,36.85222],[-108.750867,36.85231],[-108.750979,36.852312],[-108.750976,36.852402]],[[-108.751542,36.852233],[-108.75143,36.852231],[-108.751435,36.852051],[-108.751547,36.852053],[-108.751542,36.852233]],[[-108.751323,36.852048],[-108.751211,36.852046],[-108.751214,36.851956],[-108.751326,36.851958],[-108.751323,36.852048]],[[-108.751328,36.851868],[-108.751216,36.851866],[-108.751219,36.851776],[-108.751331,36.851778],[-108.751328,36.851868]]]},"properties":{"src":"fm"}},{"type":"Feature","geometry":{"type":"Polygon","coordinates":[[[-108.75009,36.852025],[-108.750106,36.851485],[-108.749882,36.85148],[-108.749876,36.851661],[-108.749652,36.851656],[-108.74965,36.851746],[-108.749762,36.851748],[-108.749759,36.851839],[-108.749871,36.851841],[-108.749869,36.851931],[-108.749981,36.851933],[-108.749978,36.852023],[-108.75009,36.852025]]]},"properties":{"src":"fm"}},{"type":"Feature","geometry":{"type":"Polygon","coordinates":[[[-108.749428,36.851652],[-108.749439,36.851292],[-108.749214,36.851287],[-108.749204,36.851648],[-108.749428,36.851652]]]},"properties":{"src":"fm"}},{"type":"Feature","geometry":{"type":"Polygon","coordinates":[[[-108.75033,36.851489],[-108.750335,36.851309],[-108.750111,36.851304],[-108.750106,36.851485],[-108.75033,36.851489]]]},"properties":{"src":"fm"}},{"type":"Feature","geometry":{"type":"Polygon","coordinates":[[[-108.752184,36.857112],[-108.752189,36.856932],[-108.752413,36.856936],[-108.752419,36.856756],[-108.752195,36.856751],[-108.752197,36.856661],[-108.752085,36.856659],[-108.752082,36.856749],[-108.751746,36.856743],[-108.751741,36.856923],[-108.751965,36.856927],[-108.75196,36.857108],[-108.752184,36.857112]]]},"properties":{"src":"fm"}},{"type":"Feature","geometry":{"type":"Polygon","coordinates":[[[-108.751757,36.856383],[-108.751762,36.856203],[-108.751538,36.856198],[-108.751533,36.856378],[-108.751757,36.856383]]]},"properties":{"src":"fm"}},{"type":"Feature","geometry":{"type":"Polygon","coordinates":[[[-108.75221,36.856211],[-108.752216,36.856031],[-108.751991,36.856027],[-108.751986,36.856207],[-108.75221,36.856211]]]},"properties":{"src":"fm"}},{"type":"Feature","geometry":{"type":"Polygon","coordinates":[[[-108.751767,36.856022],[-108.751773,36.855842],[-108.75166,36.85584],[-108.751658,36.85593],[-108.751546,36.855928],[-108.751543,36.856018],[-108.751767,36.856022]]]},"properties":{"src":"fm"}},{"type":"Feature","geometry":{"type":"Polygon","coordinates":[[[-108.7511,36.85583],[-108.751105,36.855649],[-108.750881,36.855645],[-108.750876,36.855825],[-108.7511,36.85583]]]},"properties":{"src":"fm"}},{"type":"Feature","geometry":{"type":"Polygon","coordinates":[[[-108.751327,36.855744],[-108.751329,36.855654],[-108.751778,36.855662],[-108.751788,36.855302],[-108.752013,36.855306],[-108.752002,36.855666],[-108.75245,36.855675],[-108.752456,36.855495],[-108.75268,36.855499],[-108.752701,36.854778],[-108.752477,36.854774],[-108.752482,36.854594],[-108.752706,36.854598],[-108.752717,36.854238],[-108.752493,36.854234],[-108.752487,36.854414],[-108.752263,36.854409],[-108.752268,36.854229],[-108.751372,36.854212],[-108.751366,36.854393],[-108.750918,36.854384],[-108.750902,36.854924],[-108.750678,36.85492],[-108.750667,36.855281],[-108.750443,36.855276],[-108.750433,36.855637],[-108.750881,36.855645],[-108.750892,36.855285],[-108.751116,36.855289],[-108.751121,36.855109],[-108.751233,36.855111],[-108.751231,36.855201],[-108.751343,36.855203],[-108.751335,36.855473],[-108.751111,36.855469],[-108.751105,36.855649],[-108.751217,36.855651],[-108.751215,36.855742],[-108.751327,36.855744]],[[-108.752127,36.855218],[-108.752015,36.855216],[-108.752018,36.855126],[-108.75213,36.855128],[-108.752127,36.855218]],[[-108.751799,36.854941],[-108.751575,36.854937],[-108.751585,36.854577],[-108.752034,36.854585],[-108.752028,36.854766],[-108.751692,36.854759],[-108.75169,36.854849],[-108.751802,36.854851],[-108.751799,36.854941]],[[-108.751473,36.854575],[-108.751361,36.854573],[-108.751364,36.854483],[-108.751476,36.854485],[-108.751473,36.854575]]]},"properties":{"src":"fm"}},{"type":"Feature","geometry":{"type":"Polygon","coordinates":[[[-108.751432,36.859801],[-108.751438,36.859621],[-108.751662,36.859625],[-108.751667,36.859445],[-108.751443,36.859441],[-108.751448,36.859261],[-108.750439,36.859242],[-108.750437,36.859332],[-108.750324,36.85933],[-108.750317,36.8596],[-108.751213,36.859617],[-108.751208,36.859797],[-108.751432,36.859801]]]},"properties":{"src":"fm"}},{"type":"Feature","geometry":{"type":"Polygon","coordinates":[[[-108.751918,36.858549],[-108.751923,36.858369],[-108.751699,36.858364],[-108.751693,36.858545],[-108.751918,36.858549]]]},"properties":{"src":"fm"}},{"type":"Feature","geometry":{"type":"Polygon","coordinates":[[[-108.750348,36.858519],[-108.750354,36.858339],[-108.750129,36.858335],[-108.750124,36.858515],[-108.750348,36.858519]]]},"properties":{"src":"fm"}},{"type":"Feature","geometry":{"type":"Polygon","coordinates":[[[-108.751229,36.859077],[-108.751256,36.858176],[-108.751143,36.858174],[-108.751141,36.858264],[-108.751029,36.858262],[-108.751026,36.858352],[-108.751138,36.858354],[-108.751136,36.858444],[-108.751023,36.858442],[-108.751021,36.858532],[-108.750348,36.858519],[-108.750343,36.858699],[-108.750903,36.85871],[-108.750901,36.8588],[-108.750789,36.858798],[-108.750781,36.859068],[-108.751229,36.859077]]]},"properties":{"src":"fm"}},{"type":"Feature","geometry":{"type":"Polygon","coordinates":[[[-108.749676,36.858506],[-108.749681,36.858326],[-108.749457,36.858322],[-108.749462,36.858142],[-108.749238,36.858138],[-108.749227,36.858498],[-108.749676,36.858506]]]},"properties":{"src":"fm"}},{"type":"Feature","geometry":{"type":"Polygon","coordinates":[[[-108.751699,36.858364],[-108.751704,36.858184],[-108.75148,36.85818],[-108.751474,36.85836],[-108.751699,36.858364]]]},"properties":{"src":"fm"}},{"type":"Feature","geometry":{"type":"Polygon","coordinates":[[[-108.750129,36.858335],[-108.750135,36.858155],[-108.74991,36.85815],[-108.749905,36.85833],[-108.750129,36.858335]]]},"properties":{"src":"fm"}},{"type":"Feature","geometry":{"type":"Polygon","coordinates":[[[-108.750802,36.858347],[-108.750807,36.858167],[-108.750583,36.858163],[-108.750588,36.857983],[-108.750364,36.857979],[-108.750359,36.858159],[-108.750471,36.858161],[-108.750468,36.858251],[-108.750356,36.858249],[-108.750354,36.858339],[-108.750802,36.858347]]]},"properties":{"src":"fm"}},{"type":"Feature","geometry":{"type":"Polygon","coordinates":[[[-108.748111,36.820083],[-108.748117,36.819902],[-108.747892,36.819898],[-108.747887,36.820078],[-108.748111,36.820083]]]},"properties":{"src":"fm"}},{"type":"Feature","geometry":{"type":"Polygon","coordinates":[[[-108.746444,36.831047],[-108.746458,36.830596],[-108.746346,36.830594],[-108.746348,36.830504],[-108.746236,36.830502],[-108.74622,36.831042],[-108.746444,36.831047]]]},"properties":{"src":"fm"}},{"type":"Feature","geometry":{"type":"Polygon","coordinates":[[[-108.746476,36.829966],[-108.746479,36.829876],[-108.746367,36.829873],[-108.746369,36.829783],[-108.746257,36.829781],[-108.746252,36.829961],[-108.746476,36.829966]]]},"properties":{"src":"fm"}},{"type":"Feature","geometry":{"type":"Polygon","coordinates":[[[-108.747496,36.83341],[-108.747507,36.833049],[-108.747395,36.833047],[-108.747392,36.833137],[-108.74728,36.833135],[-108.747272,36.833406],[-108.747496,36.83341]]]},"properties":{"src":"fm"}},{"type":"Feature","geometry":{"type":"Polygon","coordinates":[[[-108.747288,36.832865],[-108.747291,36.832775],[-108.747179,36.832773],[-108.747176,36.832863],[-108.747288,36.832865]]]},"properties":{"src":"fm"}},{"type":"Feature","geometry":{"type":"Polygon","coordinates":[[[-108.746808,36.833937],[-108.746827,36.833307],[-108.746714,36.833305],[-108.746712,36.833395],[-108.7466,36.833393],[-108.746613,36.832942],[-108.746389,36.832938],[-108.746397,36.832668],[-108.746173,36.832664],[-108.746136,36.833925],[-108.746808,36.833937]]]},"properties":{"src":"fm"}},{"type":"Feature","geometry":{"type":"Polygon","coordinates":[[[-108.747304,36.832325],[-108.747306,36.832235],[-108.747194,36.832232],[-108.747192,36.832322],[-108.747304,36.832325]]]},"properties":{"src":"fm"}},{"type":"Feature","geometry":{"type":"Polygon","coordinates":[[[-108.747314,36.831964],[-108.747317,36.831874],[-108.747093,36.83187],[-108.74709,36.83196],[-108.747314,36.831964]]]},"properties":{"src":"fm"}},{"type":"Feature","geometry":{"type":"Polygon","coordinates":[[[-108.74732,36.831784],[-108.747322,36.831694],[-108.74721,36.831692],[-108.747208,36.831782],[-108.74732,36.831784]]]},"properties":{"src":"fm"}},{"type":"Feature","geometry":{"type":"Polygon","coordinates":[[[-108.746626,36.832492],[-108.746661,36.831321],[-108.746548,36.831319],[-108.746551,36.831229],[-108.746439,36.831227],[-108.746444,36.831047],[-108.74622,36.831042],[-108.746183,36.832303],[-108.746407,36.832308],[-108.746402,36.832488],[-108.746626,36.832492]]]},"properties":{"src":"fm"}},{"type":"Feature","geometry":{"type":"Polygon","coordinates":[[[-108.746948,36.836824],[-108.746969,36.836104],[-108.746745,36.836099],[-108.746739,36.836279],[-108.746851,36.836282],[-108.746843,36.836552],[-108.746731,36.83655],[-108.746734,36.83646],[-108.74651,36.836455],[-108.746505,36.836636],[-108.74628,36.836631],[-108.746275,36.836811],[-108.746948,36.836824]]]},"properties":{"src":"fm"}},{"type":"Feature","geometry":{"type":"Polygon","coordinates":[[[-108.746536,36.835555],[-108.746539,36.835465],[-108.746427,36.835462],[-108.746424,36.835552],[-108.746536,36.835555]]]},"properties":{"src":"fm"}},{"type":"Feature","geometry":{"type":"Polygon","coordinates":[[[-108.747022,36.834302],[-108.747024,36.834212],[-108.746912,36.83421],[-108.746909,36.8343],[-108.747022,36.834302]]]},"properties":{"src":"fm"}},{"type":"Feature","geometry":{"type":"Polygon","coordinates":[[[-108.746302,36.835911],[-108.746317,36.83537],[-108.746542,36.835374],[-108.746552,36.835014],[-108.746776,36.835018],[-108.746808,36.833937],[-108.746136,36.833925],[-108.746077,36.835906],[-108.746302,36.835911]]]},"properties":{"src":"fm"}},{"type":"Feature","geometry":{"type":"Polygon","coordinates":[[[-108.746639,36.839702],[-108.746649,36.839342],[-108.746425,36.839338],[-108.746436,36.838978],[-108.746212,36.838973],[-108.746206,36.839153],[-108.745982,36.839149],[-108.745966,36.83969],[-108.746639,36.839702]],[[-108.746529,36.83961],[-108.746417,36.839608],[-108.74642,36.839518],[-108.746532,36.83952],[-108.746529,36.83961]]]},"properties":{"src":"fm"}},{"type":"Feature","geometry":{"type":"Polygon","coordinates":[[[-108.746212,36.838973],[-108.746217,36.838793],[-108.746105,36.838791],[-108.7461,36.838971],[-108.746212,36.838973]]]},"properties":{"src":"fm"}},{"type":"Feature","geometry":{"type":"Polygon","coordinates":[[[-108.746233,36.838253],[-108.746241,36.837982],[-108.746129,36.83798],[-108.746126,36.83807],[-108.746014,36.838068],[-108.746009,36.838248],[-108.746233,36.838253]]]},"properties":{"src":"fm"}},{"type":"Feature","geometry":{"type":"Polygon","coordinates":[[[-108.746468,36.837897],[-108.746483,36.837356],[-108.746708,36.83736],[-108.746723,36.83682],[-108.746051,36.836807],[-108.746019,36.837888],[-108.746468,36.837897]]]},"properties":{"src":"fm"}},{"type":"Feature","geometry":{"type":"Polygon","coordinates":[[[-108.747899,36.84261],[-108.747904,36.84243],[-108.747456,36.842422],[-108.747451,36.842602],[-108.747899,36.84261]]]},"properties":{"src":"fm"}},{"type":"Feature","geometry":{"type":"Polygon","coordinates":[[[-108.747242,36.842057],[-108.747248,36.841877],[-108.747024,36.841873],[-108.747018,36.842053],[-108.747242,36.842057]]]},"properties":{"src":"fm"}},{"type":"Feature","geometry":{"type":"Polygon","coordinates":[[[-108.748405,36.840637],[-108.748411,36.840457],[-108.748187,36.840453],[-108.748181,36.840633],[-108.748405,36.840637]]]},"properties":{"src":"fm"}},{"type":"Feature","geometry":{"type":"Polygon","coordinates":[[[-108.748187,36.840453],[-108.748192,36.840273],[-108.747968,36.840268],[-108.747962,36.840449],[-108.748187,36.840453]]]},"properties":{"src":"fm"}},{"type":"Feature","geometry":{"type":"Polygon","coordinates":[[[-108.747738,36.840444],[-108.747744,36.840264],[-108.747632,36.840262],[-108.747629,36.840352],[-108.747517,36.84035],[-108.747514,36.84044],[-108.747738,36.840444]]]},"properties":{"src":"fm"}},{"type":"Feature","geometry":{"type":"Polygon","coordinates":[[[-108.747968,36.840268],[-108.747978,36.839908],[-108.747306,36.839895],[-108.747301,36.840075],[-108.747749,36.840084],[-108.747744,36.840264],[-108.747968,36.840268]]]},"properties":{"src":"fm"}},{"type":"Feature","geometry":{"type":"Polygon","coordinates":[[[-108.749468,36.84264],[-108.749516,36.841019],[-108.749291,36.841014],[-108.749297,36.840834],[-108.749185,36.840832],[-108.749182,36.840922],[-108.74907,36.84092],[-108.749067,36.84101],[-108.748731,36.841004],[-108.748726,36.841184],[-108.74895,36.841188],[-108.748947,36.841278],[-108.748835,36.841276],[-108.748833,36.841366],[-108.748608,36.841362],[-108.748619,36.841002],[-108.748395,36.840997],[-108.74839,36.841178],[-108.748165,36.841173],[-108.748171,36.840993],[-108.747947,36.840989],[-108.747952,36.840809],[-108.747728,36.840805],[-108.747733,36.840624],[-108.747509,36.84062],[-108.747514,36.84044],[-108.74729,36.840436],[-108.747295,36.840256],[-108.746847,36.840247],[-108.746863,36.839707],[-108.746751,36.839705],[-108.746746,36.839885],[-108.746409,36.839878],[-108.746415,36.839698],[-108.745966,36.83969],[-108.745961,36.83987],[-108.746185,36.839874],[-108.74618,36.840054],[-108.746404,36.840058],[-108.746394,36.840419],[-108.746169,36.840415],[-108.746167,36.840505],[-108.746391,36.840509],[-108.746388,36.840599],[-108.746837,36.840607],[-108.746831,36.840788],[-108.746607,36.840783],[-108.746591,36.841324],[-108.746255,36.841317],[-108.74625,36.841498],[-108.746138,36.841495],[-108.746148,36.841135],[-108.745924,36.841131],[-108.745882,36.842572],[-108.747227,36.842598],[-108.747232,36.842417],[-108.747008,36.842413],[-108.747013,36.842233],[-108.746789,36.842229],[-108.746794,36.842049],[-108.74657,36.842044],[-108.746581,36.841684],[-108.746357,36.84168],[-108.746362,36.8415],[-108.74681,36.841508],[-108.746805,36.841688],[-108.747253,36.841697],[-108.747258,36.841517],[-108.747482,36.841521],[-108.747472,36.841881],[-108.747696,36.841885],[-108.747691,36.842066],[-108.747915,36.84207],[-108.747912,36.84216],[-108.748024,36.842162],[-108.748022,36.842252],[-108.748134,36.842254],[-108.748123,36.842615],[-108.748796,36.842627],[-108.748801,36.842447],[-108.749025,36.842451],[-108.74902,36.842632],[-108.749468,36.84264]],[[-108.74903,36.842271],[-108.748806,36.842267],[-108.748811,36.842087],[-108.749148,36.842093],[-108.749145,36.842183],[-108.749033,36.842181],[-108.74903,36.842271]],[[-108.748358,36.842259],[-108.748134,36.842254],[-108.748139,36.842074],[-108.748363,36.842078],[-108.748358,36.842259]],[[-108.748587,36.842083],[-108.748363,36.842078],[-108.748368,36.841898],[-108.748593,36.841902],[-108.748587,36.842083]],[[-108.748144,36.841894],[-108.74792,36.84189],[-108.747925,36.84171],[-108.74815,36.841714],[-108.748144,36.841894]],[[-108.74927,36.841735],[-108.749046,36.841731],[-108.749051,36.841551],[-108.749388,36.841557],[-108.749385,36.841647],[-108.749273,36.841645],[-108.74927,36.841735]],[[-108.749051,36.841551],[-108.748827,36.841546],[-108.748833,36.841366],[-108.749169,36.841373],[-108.749166,36.841463],[-108.749054,36.841461],[-108.749051,36.841551]],[[-108.74816,36.841354],[-108.747712,36.841345],[-108.747717,36.841165],[-108.748165,36.841173],[-108.74816,36.841354]],[[-108.747488,36.841341],[-108.74704,36.841332],[-108.74705,36.840972],[-108.747274,36.840976],[-108.747269,36.841156],[-108.747493,36.841161],[-108.747488,36.841341]],[[-108.747717,36.841165],[-108.747493,36.841161],[-108.747498,36.84098],[-108.747722,36.840985],[-108.747717,36.841165]]]},"properties":{"src":"fm"}},{"type":"Feature","geometry":{"type":"Polygon","coordinates":[[[-108.749384,36.845523],[-108.749386,36.845432],[-108.749274,36.84543],[-108.749271,36.84552],[-108.749384,36.845523]]]},"properties":{"src":"fm"}},{"type":"Feature","geometry":{"type":"Polygon","coordinates":[[[-108.746491,36.844747],[-108.746493,36.844657],[-108.746381,36.844654],[-108.746379,36.844745],[-108.746491,36.844747]]]},"properties":{"src":"fm"}},{"type":"Feature","geometry":{"type":"Polygon","coordinates":[[[-108.746918,36.845476],[-108.746926,36.845206],[-108.746814,36.845203],[-108.746811,36.845294],[-108.746699,36.845291],[-108.746715,36.844751],[-108.746491,36.844747],[-108.74648,36.845107],[-108.746256,36.845103],[-108.746251,36.845283],[-108.746027,36.845279],[-108.746037,36.844918],[-108.746261,36.844923],[-108.746275,36.844472],[-108.746162,36.84447],[-108.74616,36.84456],[-108.746048,36.844558],[-108.746066,36.843928],[-108.745842,36.843923],[-108.745797,36.845455],[-108.746918,36.845476]]]},"properties":{"src":"fm"}},{"type":"Feature","geometry":{"type":"Polygon","coordinates":[[[-108.749442,36.843541],[-108.749447,36.843361],[-108.748999,36.843352],[-108.748993,36.843532],[-108.749442,36.843541]]]},"properties":{"src":"fm"}},{"type":"Feature","geometry":{"type":"Polygon","coordinates":[[[-108.749159,36.845518],[-108.749167,36.845248],[-108.749055,36.845246],[-108.749058,36.845156],[-108.749394,36.845162],[-108.749423,36.844171],[-108.749311,36.844169],[-108.749308,36.844259],[-108.748972,36.844253],[-108.748983,36.843893],[-108.749095,36.843895],[-108.74909,36.844075],[-108.749202,36.844077],[-108.749212,36.843717],[-108.7491,36.843715],[-108.749098,36.843805],[-108.748985,36.843803],[-108.748988,36.843713],[-108.748764,36.843708],[-108.748775,36.843348],[-108.74855,36.843344],[-108.748566,36.842803],[-108.748118,36.842795],[-108.748123,36.842615],[-108.745882,36.842572],[-108.745876,36.842752],[-108.746101,36.842757],[-108.746098,36.842847],[-108.745986,36.842844],[-108.745983,36.842935],[-108.746095,36.842937],[-108.74609,36.843117],[-108.746314,36.843121],[-108.746309,36.843301],[-108.746533,36.843305],[-108.74653,36.843396],[-108.746418,36.843393],[-108.746416,36.843483],[-108.746752,36.84349],[-108.746749,36.84358],[-108.746525,36.843576],[-108.746522,36.843666],[-108.746747,36.84367],[-108.746736,36.84403],[-108.74696,36.844035],[-108.746958,36.844125],[-108.746845,36.844123],[-108.746843,36.844213],[-108.746955,36.844215],[-108.74695,36.844395],[-108.747174,36.844399],[-108.747153,36.84512],[-108.747377,36.845124],[-108.747387,36.844764],[-108.747611,36.844768],[-108.747606,36.844948],[-108.74783,36.844952],[-108.747825,36.845133],[-108.747601,36.845128],[-108.747596,36.845308],[-108.748044,36.845317],[-108.748049,36.845137],[-108.748273,36.845141],[-108.748263,36.845501],[-108.749159,36.845518]],[[-108.748735,36.844699],[-108.748623,36.844697],[-108.748625,36.844607],[-108.748738,36.844609],[-108.748735,36.844699]],[[-108.748852,36.844521],[-108.74874,36.844519],[-108.748743,36.844429],[-108.748855,36.844431],[-108.748852,36.844521]]]},"properties":{"src":"fm"}},{"type":"Feature","geometry":{"type":"Polygon","coordinates":[[[-108.749463,36.84282],[-108.749468,36.84264],[-108.749244,36.842636],[-108.749239,36.842816],[-108.749463,36.84282]]]},"properties":{"src":"fm"}},{"type":"Feature","geometry":{"type":"Polygon","coordinates":[[[-108.748569,36.842713],[-108.748571,36.842623],[-108.748347,36.842619],[-108.748345,36.842709],[-108.748569,36.842713]]]},"properties":{"src":"fm"}},{"type":"Feature","geometry":{"type":"Polygon","coordinates":[[[-108.749315,36.847865],[-108.749325,36.847504],[-108.748989,36.847498],[-108.748987,36.847588],[-108.749099,36.84759],[-108.749091,36.84786],[-108.749315,36.847865]]]},"properties":{"src":"fm"}},{"type":"Feature","geometry":{"type":"Polygon","coordinates":[[[-108.746161,36.848346],[-108.746166,36.848165],[-108.74639,36.84817],[-108.746411,36.847449],[-108.746187,36.847445],[-108.746198,36.847084],[-108.745974,36.84708],[-108.745976,36.84699],[-108.745864,36.846988],[-108.745862,36.847078],[-108.745749,36.847076],[-108.745712,36.848337],[-108.746161,36.848346]]]},"properties":{"src":"fm"}},{"type":"Feature","geometry":{"type":"Polygon","coordinates":[[[-108.747799,36.846033],[-108.747804,36.845853],[-108.74758,36.845849],[-108.747574,36.846029],[-108.747799,36.846033]]]},"properties":{"src":"fm"}},{"type":"Feature","geometry":{"type":"Polygon","coordinates":[[[-108.74908,36.848221],[-108.749085,36.84804],[-108.748973,36.848038],[-108.748971,36.848128],[-108.748859,36.848126],[-108.748861,36.848036],[-108.748637,36.848032],[-108.748642,36.847852],[-108.748418,36.847848],[-108.748424,36.847667],[-108.748648,36.847672],[-108.748658,36.847311],[-108.748882,36.847316],[-108.748888,36.847135],[-108.748664,36.847131],[-108.748674,36.846771],[-108.749347,36.846784],[-108.749384,36.845523],[-108.747814,36.845493],[-108.747804,36.845853],[-108.748028,36.845857],[-108.748023,36.846038],[-108.748247,36.846042],[-108.748239,36.846312],[-108.748463,36.846316],[-108.748466,36.846226],[-108.74869,36.84623],[-108.748685,36.846411],[-108.748461,36.846406],[-108.748455,36.846586],[-108.747559,36.846569],[-108.747553,36.84675],[-108.747329,36.846745],[-108.747316,36.847196],[-108.747204,36.847194],[-108.747201,36.847284],[-108.747089,36.847282],[-108.747073,36.847822],[-108.747522,36.847831],[-108.747516,36.848011],[-108.74774,36.848015],[-108.747735,36.848195],[-108.74908,36.848221]],[[-108.747962,36.848109],[-108.74785,36.848107],[-108.747853,36.848017],[-108.747965,36.848019],[-108.747962,36.848109]],[[-108.748199,36.847663],[-108.747975,36.847659],[-108.747996,36.846938],[-108.747772,36.846934],[-108.747777,36.846754],[-108.748226,36.846762],[-108.748199,36.847663]],[[-108.749128,36.846599],[-108.748679,36.846591],[-108.748685,36.846411],[-108.749133,36.846419],[-108.749128,36.846599]],[[-108.748591,36.845778],[-108.748479,36.845776],[-108.748482,36.845686],[-108.748594,36.845688],[-108.748591,36.845778]]]},"properties":{"src":"fm"}},{"type":"Feature","geometry":{"type":"Polygon","coordinates":[[[-108.746433,36.846728],[-108.746438,36.846548],[-108.746662,36.846552],[-108.746667,36.846372],[-108.746891,36.846377],[-108.746918,36.845476],[-108.745797,36.845455],[-108.745792,36.845635],[-108.746016,36.845639],[-108.746011,36.845819],[-108.745787,36.845815],[-108.745771,36.846355],[-108.745995,36.84636],[-108.745984,36.84672],[-108.746433,36.846728]]]},"properties":{"src":"fm"}},{"type":"Feature","geometry":{"type":"Polygon","coordinates":[[[-108.748542,36.851275],[-108.748553,36.850914],[-108.748328,36.85091],[-108.748323,36.85109],[-108.747875,36.851082],[-108.747869,36.851262],[-108.748542,36.851275]]]},"properties":{"src":"fm"}},{"type":"Feature","geometry":{"type":"Polygon","coordinates":[[[-108.748996,36.851103],[-108.749001,36.850923],[-108.748777,36.850919],[-108.748771,36.851099],[-108.748996,36.851103]]]},"properties":{"src":"fm"}},{"type":"Feature","geometry":{"type":"Polygon","coordinates":[[[-108.747875,36.851082],[-108.747885,36.850722],[-108.747661,36.850717],[-108.747651,36.851078],[-108.747875,36.851082]]]},"properties":{"src":"fm"}},{"type":"Feature","geometry":{"type":"Polygon","coordinates":[[[-108.748777,36.850919],[-108.748782,36.850739],[-108.74923,36.850747],[-108.749236,36.850567],[-108.748563,36.850554],[-108.748553,36.850914],[-108.748777,36.850919]]]},"properties":{"src":"fm"}},{"type":"Feature","geometry":{"type":"Polygon","coordinates":[[[-108.747213,36.850709],[-108.747218,36.850529],[-108.746994,36.850524],[-108.746999,36.850344],[-108.746775,36.85034],[-108.746767,36.85061],[-108.746879,36.850612],[-108.746877,36.850702],[-108.747213,36.850709]]]},"properties":{"src":"fm"}},{"type":"Feature","geometry":{"type":"Polygon","coordinates":[[[-108.747669,36.850447],[-108.747672,36.850357],[-108.747448,36.850353],[-108.747445,36.850443],[-108.747669,36.850447]]]},"properties":{"src":"fm"}},{"type":"Feature","geometry":{"type":"Polygon","coordinates":[[[-108.747221,36.850439],[-108.747223,36.850348],[-108.747111,36.850346],[-108.747109,36.850436],[-108.747221,36.850439]]]},"properties":{"src":"fm"}},{"type":"Feature","geometry":{"type":"Polygon","coordinates":[[[-108.748568,36.850374],[-108.748579,36.850014],[-108.748355,36.850009],[-108.748352,36.850099],[-108.748464,36.850102],[-108.748462,36.850192],[-108.74835,36.85019],[-108.748344,36.85037],[-108.748568,36.850374]]]},"properties":{"src":"fm"}},{"type":"Feature","geometry":{"type":"Polygon","coordinates":[[[-108.747682,36.849997],[-108.747688,36.849816],[-108.747463,36.849812],[-108.747458,36.849992],[-108.747682,36.849997]]]},"properties":{"src":"fm"}},{"type":"Feature","geometry":{"type":"Polygon","coordinates":[[[-108.745889,36.849963],[-108.745894,36.849782],[-108.74567,36.849778],[-108.745667,36.849868],[-108.74578,36.84987],[-108.745777,36.849961],[-108.745889,36.849963]]]},"properties":{"src":"fm"}},{"type":"Feature","geometry":{"type":"Polygon","coordinates":[[[-108.746118,36.849787],[-108.746124,36.849607],[-108.7459,36.849602],[-108.745894,36.849782],[-108.746118,36.849787]]]},"properties":{"src":"fm"}},{"type":"Feature","geometry":{"type":"Polygon","coordinates":[[[-108.746572,36.849615],[-108.746577,36.849435],[-108.746353,36.849431],[-108.746348,36.849611],[-108.746572,36.849615]]]},"properties":{"src":"fm"}},{"type":"Feature","geometry":{"type":"Polygon","coordinates":[[[-108.749246,36.850207],[-108.749257,36.849846],[-108.749033,36.849842],[-108.749048,36.849302],[-108.749273,36.849306],[-108.749283,36.848945],[-108.748387,36.848928],[-108.748392,36.848748],[-108.747719,36.848736],[-108.747725,36.848555],[-108.7475,36.848551],[-108.74749,36.848911],[-108.747714,36.848916],[-108.747703,36.849276],[-108.747255,36.849268],[-108.74725,36.849448],[-108.747474,36.849452],[-108.747477,36.849362],[-108.747589,36.849364],[-108.747586,36.849454],[-108.747698,36.849456],[-108.747693,36.849636],[-108.747917,36.849641],[-108.747906,36.850001],[-108.748355,36.850009],[-108.748357,36.849919],[-108.748582,36.849924],[-108.74859,36.849653],[-108.748814,36.849658],[-108.748803,36.850018],[-108.749027,36.850022],[-108.749022,36.850202],[-108.749246,36.850207]],[[-108.748365,36.849649],[-108.748141,36.849645],[-108.748147,36.849465],[-108.748371,36.849469],[-108.748365,36.849649]],[[-108.7486,36.849293],[-108.748376,36.849289],[-108.748381,36.849109],[-108.748605,36.849113],[-108.7486,36.849293]]]},"properties":{"src":"fm"}},{"type":"Feature","geometry":{"type":"Polygon","coordinates":[[[-108.745794,36.853205],[-108.745799,36.853025],[-108.745575,36.853021],[-108.74557,36.853201],[-108.745794,36.853205]]]},"properties":{"src":"fm"}},{"type":"Feature","geometry":{"type":"Polygon","coordinates":[[[-108.746925,36.852866],[-108.74693,36.852686],[-108.746706,36.852682],[-108.746701,36.852862],[-108.746925,36.852866]]]},"properties":{"src":"fm"}},{"type":"Feature","geometry":{"type":"Polygon","coordinates":[[[-108.749183,36.852368],[-108.749188,36.852188],[-108.748964,36.852184],[-108.748959,36.852364],[-108.749183,36.852368]]]},"properties":{"src":"fm"}},{"type":"Feature","geometry":{"type":"Polygon","coordinates":[[[-108.748967,36.852094],[-108.748969,36.852004],[-108.748745,36.852],[-108.748742,36.85209],[-108.748967,36.852094]]]},"properties":{"src":"fm"}},{"type":"Feature","geometry":{"type":"Polygon","coordinates":[[[-108.745721,36.851852],[-108.745724,36.851762],[-108.745612,36.85176],[-108.745609,36.85185],[-108.745721,36.851852]]]},"properties":{"src":"fm"}},{"type":"Feature","geometry":{"type":"Polygon","coordinates":[[[-108.746706,36.852682],[-108.746722,36.852141],[-108.747171,36.85215],[-108.747186,36.85161],[-108.74685,36.851603],[-108.746847,36.851693],[-108.746735,36.851691],[-108.746733,36.851781],[-108.746621,36.851779],[-108.746618,36.851869],[-108.746506,36.851867],[-108.746509,36.851777],[-108.746284,36.851773],[-108.746279,36.851953],[-108.746055,36.851949],[-108.74605,36.852129],[-108.746498,36.852137],[-108.746493,36.852317],[-108.746269,36.852313],[-108.746263,36.852493],[-108.746487,36.852498],[-108.746482,36.852678],[-108.746706,36.852682]],[[-108.746602,36.85241],[-108.74649,36.852407],[-108.746493,36.852317],[-108.746605,36.85232],[-108.746602,36.85241]]]},"properties":{"src":"fm"}},{"type":"Feature","geometry":{"type":"Polygon","coordinates":[[[-108.749207,36.851558],[-108.749214,36.851287],[-108.74899,36.851283],[-108.748982,36.851553],[-108.749207,36.851558]]]},"properties":{"src":"fm"}},{"type":"Feature","geometry":{"type":"Polygon","coordinates":[[[-108.748537,36.851455],[-108.748542,36.851275],[-108.748318,36.85127],[-108.748313,36.851451],[-108.748537,36.851455]]]},"properties":{"src":"fm"}},{"type":"Feature","geometry":{"type":"Polygon","coordinates":[[[-108.747859,36.851622],[-108.747864,36.851442],[-108.748088,36.851446],[-108.748094,36.851266],[-108.747421,36.851253],[-108.747416,36.851434],[-108.747192,36.851429],[-108.747186,36.85161],[-108.747859,36.851622]]]},"properties":{"src":"fm"}},{"type":"Feature","geometry":{"type":"Polygon","coordinates":[[[-108.743483,36.80972],[-108.743488,36.80954],[-108.743264,36.809536],[-108.743259,36.809716],[-108.743483,36.80972]]]},"properties":{"src":"fm"}},{"type":"Feature","geometry":{"type":"Polygon","coordinates":[[[-108.743749,36.808283],[-108.743755,36.808103],[-108.743531,36.808099],[-108.743525,36.808279],[-108.743749,36.808283]]]},"properties":{"src":"fm"}},{"type":"Feature","geometry":{"type":"Polygon","coordinates":[[[-108.745078,36.808849],[-108.745083,36.808669],[-108.745531,36.808678],[-108.745537,36.808497],[-108.746209,36.80851],[-108.746214,36.80833],[-108.745766,36.808322],[-108.745776,36.807961],[-108.745664,36.807959],[-108.745662,36.808049],[-108.74555,36.808047],[-108.745552,36.807957],[-108.745328,36.807953],[-108.745323,36.808133],[-108.745099,36.808129],[-108.745094,36.808309],[-108.744982,36.808307],[-108.744979,36.808397],[-108.744867,36.808395],[-108.744864,36.808485],[-108.74464,36.80848],[-108.744635,36.808661],[-108.744747,36.808663],[-108.744744,36.808753],[-108.744856,36.808755],[-108.744854,36.808845],[-108.745078,36.808849]],[[-108.745312,36.808493],[-108.745088,36.808489],[-108.745094,36.808309],[-108.745318,36.808313],[-108.745312,36.808493]]]},"properties":{"src":"fm"}},{"type":"Feature","geometry":{"type":"Polygon","coordinates":[[[-108.746219,36.80815],[-108.746225,36.80797],[-108.746,36.807966],[-108.745995,36.808146],[-108.746219,36.80815]]]},"properties":{"src":"fm"}},{"type":"Feature","geometry":{"type":"Polygon","coordinates":[[[-108.74435,36.818389],[-108.74436,36.818029],[-108.744136,36.818024],[-108.744125,36.818385],[-108.74435,36.818389]]]},"properties":{"src":"fm"}},{"type":"Feature","geometry":{"type":"Polygon","coordinates":[[[-108.743901,36.81838],[-108.743907,36.8182],[-108.743683,36.818196],[-108.743693,36.817836],[-108.743245,36.817827],[-108.743234,36.818188],[-108.743459,36.818192],[-108.743453,36.818372],[-108.743901,36.81838]]]},"properties":{"src":"fm"}},{"type":"Feature","geometry":{"type":"Polygon","coordinates":[[[-108.743245,36.817827],[-108.74325,36.817647],[-108.743026,36.817643],[-108.743021,36.817823],[-108.743245,36.817827]]]},"properties":{"src":"fm"}},{"type":"Feature","geometry":{"type":"Polygon","coordinates":[[[-108.744147,36.817664],[-108.744152,36.817484],[-108.743928,36.81748],[-108.743923,36.81766],[-108.744147,36.817664]]]},"properties":{"src":"fm"}},{"type":"Feature","geometry":{"type":"Polygon","coordinates":[[[-108.743698,36.817656],[-108.743704,36.817475],[-108.74348,36.817471],[-108.743474,36.817651],[-108.743698,36.817656]]]},"properties":{"src":"fm"}},{"type":"Feature","geometry":{"type":"Polygon","coordinates":[[[-108.746334,36.819508],[-108.74634,36.819328],[-108.745892,36.819319],[-108.745902,36.818959],[-108.746126,36.818963],[-108.746153,36.818063],[-108.745929,36.818058],[-108.745934,36.817878],[-108.746158,36.817883],[-108.746171,36.817432],[-108.746395,36.817436],[-108.746403,36.817166],[-108.746179,36.817162],[-108.746174,36.817342],[-108.74595,36.817338],[-108.745944,36.817518],[-108.74572,36.817514],[-108.745726,36.817334],[-108.745614,36.817331],[-108.745611,36.817422],[-108.745499,36.817419],[-108.745502,36.817329],[-108.745053,36.817321],[-108.745048,36.817501],[-108.744824,36.817497],[-108.744837,36.817046],[-108.744725,36.817044],[-108.744723,36.817134],[-108.744611,36.817132],[-108.744605,36.817312],[-108.744381,36.817308],[-108.744376,36.817488],[-108.7446,36.817492],[-108.744595,36.817673],[-108.744147,36.817664],[-108.744141,36.817844],[-108.744365,36.817849],[-108.74436,36.818029],[-108.744584,36.818033],[-108.744574,36.818393],[-108.74435,36.818389],[-108.744339,36.818749],[-108.744115,36.818745],[-108.74412,36.818565],[-108.743,36.818544],[-108.742979,36.819264],[-108.743203,36.819268],[-108.743208,36.819088],[-108.74332,36.81909],[-108.743317,36.819181],[-108.743429,36.819183],[-108.743421,36.819453],[-108.744318,36.81947],[-108.744323,36.81929],[-108.744547,36.819294],[-108.744542,36.819474],[-108.746334,36.819508]],[[-108.744099,36.819285],[-108.743651,36.819277],[-108.743656,36.819097],[-108.74388,36.819101],[-108.743885,36.818921],[-108.74411,36.818925],[-108.744099,36.819285]],[[-108.743656,36.819097],[-108.743432,36.819093],[-108.743437,36.818912],[-108.743661,36.818917],[-108.743656,36.819097]],[[-108.743667,36.818737],[-108.743443,36.818732],[-108.743445,36.818642],[-108.743669,36.818646],[-108.743667,36.818737]]]},"properties":{"src":"fm"}},{"type":"Feature","geometry":{"type":"Polygon","coordinates":[[[-108.745283,36.817145],[-108.745288,36.816965],[-108.745064,36.81696],[-108.745059,36.817141],[-108.745283,36.817145]]]},"properties":{"src":"fm"}},{"type":"Feature","geometry":{"type":"Polygon","coordinates":[[[-108.744611,36.817132],[-108.744616,36.816952],[-108.744168,36.816943],[-108.744162,36.817124],[-108.744611,36.817132]]]},"properties":{"src":"fm"}},{"type":"Feature","geometry":{"type":"Polygon","coordinates":[[[-108.743266,36.817107],[-108.743274,36.816836],[-108.743162,36.816834],[-108.743159,36.816924],[-108.743047,36.816922],[-108.743042,36.817102],[-108.743266,36.817107]]]},"properties":{"src":"fm"}},{"type":"Feature","geometry":{"type":"Polygon","coordinates":[[[-108.743933,36.8173],[-108.743938,36.817119],[-108.743714,36.817115],[-108.743725,36.816755],[-108.743501,36.816751],[-108.743485,36.817291],[-108.743933,36.8173]]]},"properties":{"src":"fm"}},{"type":"Feature","geometry":{"type":"Polygon","coordinates":[[[-108.746638,36.81681],[-108.746643,36.81663],[-108.746195,36.816621],[-108.74619,36.816802],[-108.746638,36.81681]]]},"properties":{"src":"fm"}},{"type":"Feature","geometry":{"type":"Polygon","coordinates":[[[-108.745129,36.822369],[-108.745135,36.822189],[-108.744911,36.822185],[-108.744905,36.822365],[-108.745129,36.822369]]]},"properties":{"src":"fm"}},{"type":"Feature","geometry":{"type":"Polygon","coordinates":[[[-108.744681,36.822361],[-108.744687,36.822181],[-108.744238,36.822172],[-108.744233,36.822352],[-108.744681,36.822361]]]},"properties":{"src":"fm"}},{"type":"Feature","geometry":{"type":"Polygon","coordinates":[[[-108.745615,36.821117],[-108.74562,36.820937],[-108.745396,36.820932],[-108.745391,36.821113],[-108.745615,36.821117]]]},"properties":{"src":"fm"}},{"type":"Feature","geometry":{"type":"Polygon","coordinates":[[[-108.744009,36.822348],[-108.744014,36.822168],[-108.744238,36.822172],[-108.744241,36.822082],[-108.744465,36.822086],[-108.744468,36.821996],[-108.744244,36.821992],[-108.744254,36.821632],[-108.744478,36.821636],[-108.744484,36.821456],[-108.744708,36.82146],[-108.744713,36.82128],[-108.744937,36.821284],[-108.744942,36.821104],[-108.745166,36.821108],[-108.745172,36.820928],[-108.745396,36.820932],[-108.745401,36.820752],[-108.745849,36.820761],[-108.74586,36.8204],[-108.745748,36.820398],[-108.745745,36.820488],[-108.745633,36.820486],[-108.745641,36.820216],[-108.745865,36.82022],[-108.74587,36.82004],[-108.746095,36.820044],[-108.746089,36.820225],[-108.746313,36.820229],[-108.746334,36.819508],[-108.744766,36.819478],[-108.744755,36.819839],[-108.744531,36.819834],[-108.744526,36.820015],[-108.744414,36.820012],[-108.744406,36.820283],[-108.744294,36.820281],[-108.744281,36.820731],[-108.744057,36.820727],[-108.744062,36.820547],[-108.743838,36.820542],[-108.743848,36.820182],[-108.743624,36.820178],[-108.743614,36.820538],[-108.74339,36.820534],[-108.743379,36.820894],[-108.743155,36.82089],[-108.74316,36.82071],[-108.742936,36.820705],[-108.742926,36.821066],[-108.74315,36.82107],[-108.743144,36.82125],[-108.74292,36.821246],[-108.742889,36.822327],[-108.743561,36.82234],[-108.743566,36.822159],[-108.74379,36.822164],[-108.743785,36.822344],[-108.744009,36.822348]],[[-108.743571,36.821979],[-108.743347,36.821975],[-108.743353,36.821795],[-108.743577,36.821799],[-108.743571,36.821979]],[[-108.743598,36.821079],[-108.743374,36.821074],[-108.743379,36.820894],[-108.743603,36.820898],[-108.743598,36.821079]],[[-108.744051,36.820907],[-108.743827,36.820903],[-108.743833,36.820722],[-108.744057,36.820727],[-108.744051,36.820907]],[[-108.74463,36.820287],[-108.744518,36.820285],[-108.744521,36.820195],[-108.744633,36.820197],[-108.74463,36.820287]],[[-108.7461,36.819864],[-108.745876,36.81986],[-108.745878,36.81977],[-108.746102,36.819774],[-108.7461,36.819864]]]},"properties":{"src":"fm"}},{"type":"Feature","geometry":{"type":"Polygon","coordinates":[[[-108.744531,36.819834],[-108.744542,36.819474],[-108.744318,36.81947],[-108.744307,36.81983],[-108.744531,36.819834]]]},"properties":{"src":"fm"}},{"type":"Feature","geometry":{"type":"Polygon","coordinates":[[[-108.744083,36.819826],[-108.744094,36.819466],[-108.743758,36.819459],[-108.743755,36.819549],[-108.743643,36.819547],[-108.74364,36.819637],[-108.743864,36.819642],[-108.743859,36.819822],[-108.744083,36.819826]]]},"properties":{"src":"fm"}},{"type":"Feature","geometry":{"type":"Polygon","coordinates":[[[-108.746392,36.825187],[-108.746395,36.825097],[-108.746283,36.825095],[-108.74628,36.825185],[-108.746392,36.825187]]]},"properties":{"src":"fm"}},{"type":"Feature","geometry":{"type":"Polygon","coordinates":[[[-108.744821,36.825248],[-108.744837,36.824707],[-108.744613,36.824703],[-108.744607,36.824883],[-108.744383,36.824879],[-108.744388,36.824699],[-108.744164,36.824694],[-108.744159,36.824875],[-108.743935,36.82487],[-108.74393,36.82505],[-108.744154,36.825055],[-108.744148,36.825235],[-108.744821,36.825248]]]},"properties":{"src":"fm"}},{"type":"Feature","geometry":{"type":"Polygon","coordinates":[[[-108.743711,36.824866],[-108.743716,36.824686],[-108.743492,36.824682],[-108.743489,36.824772],[-108.743601,36.824774],[-108.743599,36.824864],[-108.743711,36.824866]]]},"properties":{"src":"fm"}},{"type":"Feature","geometry":{"type":"Polygon","coordinates":[[[-108.746181,36.824733],[-108.746186,36.824552],[-108.745962,36.824548],[-108.745957,36.824728],[-108.746181,36.824733]]]},"properties":{"src":"fm"}},{"type":"Feature","geometry":{"type":"Polygon","coordinates":[[[-108.743959,36.82406],[-108.743961,36.823969],[-108.743849,36.823967],[-108.743847,36.824057],[-108.743959,36.82406]]]},"properties":{"src":"fm"}},{"type":"Feature","geometry":{"type":"Polygon","coordinates":[[[-108.745509,36.82472],[-108.745514,36.82454],[-108.745738,36.824544],[-108.745744,36.824364],[-108.745968,36.824368],[-108.745973,36.824188],[-108.745525,36.824179],[-108.745538,36.823729],[-108.74565,36.823731],[-108.745647,36.823821],[-108.745759,36.823823],[-108.745765,36.823643],[-108.745541,36.823639],[-108.745551,36.823279],[-108.745327,36.823274],[-108.745332,36.823094],[-108.745108,36.82309],[-108.745129,36.822369],[-108.744905,36.822365],[-108.7449,36.822545],[-108.744676,36.822541],[-108.744665,36.822901],[-108.744441,36.822897],[-108.744436,36.823077],[-108.744212,36.823073],[-108.744223,36.822713],[-108.743998,36.822708],[-108.744009,36.822348],[-108.743785,36.822344],[-108.743764,36.823064],[-108.74354,36.82306],[-108.743561,36.82234],[-108.743113,36.822331],[-108.743107,36.822511],[-108.742883,36.822507],[-108.742841,36.823948],[-108.743289,36.823957],[-108.743284,36.824137],[-108.743508,36.824141],[-108.743511,36.824051],[-108.743623,36.824053],[-108.74362,36.824143],[-108.743732,36.824145],[-108.743737,36.823965],[-108.743513,36.823961],[-108.743519,36.823781],[-108.743743,36.823785],[-108.743748,36.823605],[-108.743524,36.823601],[-108.743529,36.823421],[-108.743977,36.823429],[-108.743969,36.823699],[-108.744193,36.823704],[-108.744191,36.823794],[-108.743967,36.823789],[-108.743964,36.823879],[-108.744188,36.823884],[-108.744175,36.824334],[-108.743951,36.82433],[-108.743946,36.82451],[-108.744394,36.824518],[-108.744391,36.824609],[-108.744615,36.824613],[-108.744618,36.824523],[-108.744954,36.824529],[-108.744951,36.824619],[-108.744839,36.824617],[-108.744837,36.824707],[-108.745061,36.824711],[-108.745071,36.824351],[-108.745183,36.824353],[-108.745181,36.824443],[-108.745293,36.824445],[-108.745285,36.824716],[-108.745509,36.82472]],[[-108.745317,36.823635],[-108.745092,36.82363],[-108.745103,36.82327],[-108.745327,36.823274],[-108.745317,36.823635]],[[-108.7433,36.823596],[-108.743076,36.823592],[-108.743078,36.823502],[-108.743302,36.823506],[-108.7433,36.823596]],[[-108.744103,36.822981],[-108.743991,36.822979],[-108.743993,36.822889],[-108.744105,36.822891],[-108.744103,36.822981]]]},"properties":{"src":"fm"}},{"type":"Feature","geometry":{"type":"Polygon","coordinates":[[[-108.745562,36.822918],[-108.745567,36.822738],[-108.745791,36.822742],[-108.745802,36.822382],[-108.745354,36.822374],[-108.745338,36.822914],[-108.745562,36.822918]]]},"properties":{"src":"fm"}},{"type":"Feature","geometry":{"type":"Polygon","coordinates":[[[-108.745013,36.826333],[-108.745024,36.825972],[-108.745136,36.825975],[-108.745133,36.826065],[-108.745245,36.826067],[-108.745253,36.825797],[-108.745029,36.825792],[-108.745034,36.825612],[-108.744922,36.82561],[-108.74492,36.8257],[-108.744808,36.825698],[-108.744789,36.826329],[-108.745013,36.826333]]]},"properties":{"src":"fm"}},{"type":"Feature","geometry":{"type":"Polygon","coordinates":[[[-108.745857,36.828151],[-108.745867,36.827791],[-108.746091,36.827795],[-108.746097,36.827615],[-108.745873,36.827611],[-108.745878,36.827431],[-108.74543,36.827422],[-108.745424,36.827602],[-108.744752,36.82759],[-108.744763,36.827229],[-108.744314,36.827221],[-108.744325,36.82686],[-108.744549,36.826865],[-108.744554,36.826685],[-108.744778,36.826689],[-108.744789,36.826329],[-108.744565,36.826324],[-108.74457,36.826144],[-108.744234,36.826138],[-108.744229,36.826318],[-108.744341,36.82632],[-108.744338,36.82641],[-108.744114,36.826406],[-108.744143,36.825415],[-108.743919,36.825411],[-108.743898,36.826131],[-108.743674,36.826127],[-108.743663,36.826487],[-108.743439,36.826483],[-108.743444,36.826303],[-108.742996,36.826294],[-108.743012,36.825754],[-108.7429,36.825752],[-108.742897,36.825842],[-108.742785,36.82584],[-108.742746,36.827191],[-108.743194,36.827199],[-108.743191,36.82729],[-108.742967,36.827285],[-108.742964,36.827375],[-108.743413,36.827384],[-108.74341,36.827474],[-108.743298,36.827472],[-108.743295,36.827562],[-108.743856,36.827573],[-108.743853,36.827663],[-108.743741,36.827661],[-108.743738,36.827751],[-108.744074,36.827757],[-108.744069,36.827937],[-108.744293,36.827941],[-108.744291,36.828031],[-108.744066,36.828027],[-108.744064,36.828117],[-108.745857,36.828151]]]},"properties":{"src":"fm"}},{"type":"Feature","geometry":{"type":"Polygon","coordinates":[[[-108.744815,36.825428],[-108.744821,36.825248],[-108.744597,36.825243],[-108.744591,36.825423],[-108.744815,36.825428]]]},"properties":{"src":"fm"}},{"type":"Feature","geometry":{"type":"Polygon","coordinates":[[[-108.744918,36.829576],[-108.744921,36.829485],[-108.744809,36.829483],[-108.744806,36.829573],[-108.744918,36.829576]]]},"properties":{"src":"fm"}},{"type":"Feature","geometry":{"type":"Polygon","coordinates":[[[-108.743824,36.828653],[-108.743826,36.828563],[-108.743602,36.828559],[-108.7436,36.828649],[-108.743824,36.828653]]]},"properties":{"src":"fm"}},{"type":"Feature","geometry":{"type":"Polygon","coordinates":[[[-108.74622,36.831042],[-108.746241,36.830322],[-108.746017,36.830317],[-108.746023,36.830137],[-108.745574,36.830129],[-108.74558,36.829949],[-108.745356,36.829944],[-108.745361,36.829764],[-108.744913,36.829756],[-108.744915,36.829666],[-108.744803,36.829663],[-108.744806,36.829573],[-108.744694,36.829571],[-108.744702,36.829301],[-108.74459,36.829299],[-108.744587,36.829389],[-108.744475,36.829387],[-108.744483,36.829117],[-108.744371,36.829115],[-108.744368,36.829205],[-108.744256,36.829202],[-108.744267,36.828842],[-108.744043,36.828838],[-108.744048,36.828658],[-108.743824,36.828653],[-108.743811,36.829104],[-108.743587,36.8291],[-108.743592,36.828919],[-108.743368,36.828915],[-108.743376,36.828645],[-108.743152,36.828641],[-108.743157,36.828461],[-108.742933,36.828456],[-108.742941,36.828186],[-108.742717,36.828182],[-108.742634,36.830974],[-108.744203,36.831004],[-108.744227,36.830193],[-108.744003,36.830189],[-108.744006,36.830099],[-108.74423,36.830103],[-108.744232,36.830013],[-108.744008,36.830009],[-108.744027,36.829378],[-108.744251,36.829383],[-108.74424,36.829743],[-108.744464,36.829747],[-108.744462,36.829837],[-108.74435,36.829835],[-108.744347,36.829925],[-108.744459,36.829927],[-108.744433,36.830828],[-108.744657,36.830832],[-108.744654,36.830922],[-108.74443,36.830918],[-108.744427,36.831008],[-108.74622,36.831042]],[[-108.744027,36.829378],[-108.743803,36.829374],[-108.743808,36.829194],[-108.744032,36.829198],[-108.744027,36.829378]]]},"properties":{"src":"fm"}},{"type":"Feature","geometry":{"type":"Polygon","coordinates":[[[-108.746257,36.829781],[-108.746278,36.829061],[-108.746166,36.829058],[-108.746161,36.829239],[-108.746049,36.829236],[-108.74607,36.828516],[-108.746294,36.82852],[-108.746305,36.82816],[-108.744288,36.828122],[-108.744283,36.828302],[-108.744507,36.828306],[-108.744501,36.828486],[-108.74495,36.828495],[-108.744947,36.828585],[-108.744835,36.828583],[-108.744832,36.828673],[-108.744944,36.828675],[-108.744942,36.828765],[-108.74483,36.828763],[-108.744827,36.828853],[-108.744939,36.828855],[-108.744934,36.829035],[-108.745158,36.829039],[-108.745155,36.829129],[-108.745043,36.829127],[-108.745041,36.829217],[-108.745153,36.829219],[-108.745147,36.8294],[-108.74582,36.829412],[-108.745817,36.829502],[-108.745593,36.829498],[-108.74559,36.829588],[-108.745814,36.829593],[-108.745809,36.829773],[-108.746257,36.829781]],[[-108.745955,36.828604],[-108.745843,36.828602],[-108.745846,36.828512],[-108.745958,36.828514],[-108.745955,36.828604]],[[-108.746185,36.828428],[-108.746073,36.828426],[-108.746075,36.828336],[-108.746188,36.828338],[-108.746185,36.828428]]]},"properties":{"src":"fm"}},{"type":"Feature","geometry":{"type":"Polygon","coordinates":[[[-108.742998,36.833865],[-108.743003,36.833685],[-108.742779,36.833681],[-108.742774,36.833861],[-108.742998,36.833865]]]},"properties":{"src":"fm"}},{"type":"Feature","geometry":{"type":"Polygon","coordinates":[[[-108.746136,36.833925],[-108.746178,36.832483],[-108.74573,36.832475],[-108.745735,36.832295],[-108.745511,36.832291],[-108.745514,36.832201],[-108.745401,36.832198],[-108.745399,36.832288],[-108.745287,36.832286],[-108.745292,36.832106],[-108.744844,36.832098],[-108.744849,36.831918],[-108.744625,36.831913],[-108.744633,36.831643],[-108.744521,36.831641],[-108.744518,36.831731],[-108.744406,36.831729],[-108.744425,36.831098],[-108.744313,36.831096],[-108.74431,36.831186],[-108.744198,36.831184],[-108.744203,36.831004],[-108.742634,36.830974],[-108.742597,36.832235],[-108.743046,36.832244],[-108.743035,36.832604],[-108.742811,36.8326],[-108.742816,36.83242],[-108.742592,36.832415],[-108.742582,36.832776],[-108.742806,36.83278],[-108.7428,36.83296],[-108.742576,36.832956],[-108.742563,36.833406],[-108.742787,36.833411],[-108.74279,36.83332],[-108.743238,36.833329],[-108.743233,36.833509],[-108.743457,36.833513],[-108.743446,36.833874],[-108.746136,36.833925]],[[-108.744124,36.833706],[-108.7439,36.833702],[-108.743905,36.833522],[-108.744129,36.833526],[-108.744124,36.833706]],[[-108.743467,36.833153],[-108.743243,36.833149],[-108.743249,36.832969],[-108.743473,36.832973],[-108.743467,36.833153]],[[-108.743249,36.832969],[-108.743024,36.832964],[-108.743035,36.832604],[-108.743259,36.832608],[-108.743249,36.832969]]]},"properties":{"src":"fm"}},{"type":"Feature","geometry":{"type":"Polygon","coordinates":[[[-108.746183,36.832303],[-108.74622,36.831042],[-108.744651,36.831013],[-108.744641,36.831373],[-108.744865,36.831377],[-108.744854,36.831737],[-108.745079,36.831742],[-108.745073,36.831922],[-108.745746,36.831935],[-108.745743,36.832025],[-108.745631,36.832022],[-108.745628,36.832113],[-108.745964,36.832119],[-108.745959,36.832299],[-108.746183,36.832303]]]},"properties":{"src":"fm"}},{"type":"Feature","geometry":{"type":"Polygon","coordinates":[[[-108.74493,36.836786],[-108.744933,36.836696],[-108.744821,36.836694],[-108.744818,36.836784],[-108.74493,36.836786]]]},"properties":{"src":"fm"}},{"type":"Feature","geometry":{"type":"Polygon","coordinates":[[[-108.744706,36.836782],[-108.744712,36.836602],[-108.745384,36.836614],[-108.745389,36.836434],[-108.745613,36.836438],[-108.745619,36.836258],[-108.745843,36.836262],[-108.745848,36.836082],[-108.746072,36.836087],[-108.746136,36.833925],[-108.743894,36.833882],[-108.743884,36.834243],[-108.74366,36.834238],[-108.743665,36.834058],[-108.743441,36.834054],[-108.743446,36.833874],[-108.742774,36.833861],[-108.742769,36.834041],[-108.742544,36.834037],[-108.742476,36.836379],[-108.7427,36.836383],[-108.742694,36.836563],[-108.74247,36.836559],[-108.742465,36.836739],[-108.744706,36.836782]],[[-108.744938,36.836516],[-108.744826,36.836514],[-108.744829,36.836423],[-108.744941,36.836426],[-108.744938,36.836516]],[[-108.744269,36.836413],[-108.744044,36.836409],[-108.74405,36.836228],[-108.744274,36.836233],[-108.744269,36.836413]],[[-108.744944,36.836336],[-108.744832,36.836333],[-108.744834,36.836243],[-108.744946,36.836245],[-108.744944,36.836336]],[[-108.743719,36.836042],[-108.743607,36.83604],[-108.743609,36.83595],[-108.743722,36.835952],[-108.743719,36.836042]],[[-108.744962,36.835705],[-108.744738,36.835701],[-108.744754,36.83516],[-108.74509,36.835167],[-108.745085,36.835347],[-108.744973,36.835345],[-108.744962,36.835705]],[[-108.744639,36.835248],[-108.744527,36.835246],[-108.74453,36.835156],[-108.744642,36.835158],[-108.744639,36.835248]],[[-108.744092,36.834787],[-108.743868,36.834783],[-108.743873,36.834603],[-108.744097,36.834607],[-108.744092,36.834787]],[[-108.743649,36.834599],[-108.743425,36.834594],[-108.74343,36.834414],[-108.743654,36.834418],[-108.743649,36.834599]],[[-108.744775,36.83444],[-108.744551,36.834435],[-108.744556,36.834255],[-108.744668,36.834257],[-108.744666,36.834347],[-108.744778,36.83435],[-108.744775,36.83444]],[[-108.743436,36.834234],[-108.742987,36.834225],[-108.742993,36.834045],[-108.743441,36.834054],[-108.743436,36.834234]]]},"properties":{"src":"fm"}},{"type":"Feature","geometry":{"type":"Polygon","coordinates":[[[-108.74508,36.839312],[-108.745086,36.839132],[-108.74531,36.839136],[-108.745336,36.838236],[-108.745112,36.838231],[-108.745117,36.838051],[-108.744669,36.838043],[-108.744653,36.838583],[-108.744541,36.838581],[-108.744539,36.838671],[-108.744427,36.838669],[-108.744424,36.838759],[-108.744648,36.838763],[-108.744643,36.838944],[-108.744867,36.838948],[-108.744856,36.839308],[-108.74508,36.839312]]]},"properties":{"src":"fm"}},{"type":"Feature","geometry":{"type":"Polygon","coordinates":[[[-108.744221,36.838034],[-108.744224,36.837944],[-108.744112,36.837942],[-108.744109,36.838032],[-108.744221,36.838034]]]},"properties":{"src":"fm"}},{"type":"Feature","geometry":{"type":"Polygon","coordinates":[[[-108.745966,36.83969],[-108.746043,36.837077],[-108.745819,36.837073],[-108.745811,36.837343],[-108.745587,36.837339],[-108.745579,36.837609],[-108.745467,36.837607],[-108.745464,36.837697],[-108.745576,36.837699],[-108.745574,36.83779],[-108.74535,36.837785],[-108.745347,36.837875],[-108.745571,36.83788],[-108.745568,36.83797],[-108.745456,36.837968],[-108.745454,36.838058],[-108.745566,36.83806],[-108.745518,36.839681],[-108.745966,36.83969]]]},"properties":{"src":"fm"}},{"type":"Feature","geometry":{"type":"Polygon","coordinates":[[[-108.74469,36.837322],[-108.744701,36.836962],[-108.744253,36.836953],[-108.744258,36.836773],[-108.74381,36.836765],[-108.743804,36.836945],[-108.744029,36.836949],[-108.744023,36.837129],[-108.744472,36.837138],[-108.744466,36.837318],[-108.74469,36.837322]]]},"properties":{"src":"fm"}},{"type":"Feature","geometry":{"type":"Polygon","coordinates":[[[-108.743949,36.839651],[-108.743994,36.83812],[-108.743882,36.838118],[-108.743885,36.838028],[-108.743997,36.83803],[-108.744002,36.83785],[-108.744226,36.837854],[-108.744242,36.837314],[-108.744018,36.837309],[-108.744023,36.837129],[-108.743799,36.837125],[-108.743804,36.836945],[-108.743356,36.836936],[-108.743351,36.837116],[-108.743127,36.837112],[-108.743137,36.836752],[-108.743025,36.83675],[-108.743023,36.83684],[-108.742911,36.836838],[-108.742908,36.836928],[-108.742684,36.836924],[-108.742689,36.836743],[-108.742465,36.836739],[-108.742396,36.839081],[-108.74262,36.839085],[-108.742615,36.839266],[-108.742391,36.839261],[-108.74238,36.839622],[-108.743949,36.839651]],[[-108.74309,36.838373],[-108.742866,36.838369],[-108.742868,36.838279],[-108.74298,36.838281],[-108.742983,36.838191],[-108.743095,36.838193],[-108.74309,36.838373]],[[-108.743906,36.837307],[-108.743794,36.837305],[-108.743797,36.837215],[-108.743909,36.837217],[-108.743906,36.837307]],[[-108.74357,36.837301],[-108.743346,36.837297],[-108.743351,36.837116],[-108.743575,36.837121],[-108.74357,36.837301]],[[-108.743121,36.837292],[-108.742897,36.837288],[-108.742903,36.837108],[-108.743127,36.837112],[-108.743121,36.837292]]]},"properties":{"src":"fm"}},{"type":"Feature","geometry":{"type":"Polygon","coordinates":[[[-108.745882,36.842572],[-108.745884,36.842482],[-108.74566,36.842478],[-108.745658,36.842568],[-108.745882,36.842572]]]},"properties":{"src":"fm"}},{"type":"Feature","geometry":{"type":"Polygon","coordinates":[[[-108.742992,36.841706],[-108.742994,36.841616],[-108.742882,36.841614],[-108.74288,36.841704],[-108.742992,36.841706]]]},"properties":{"src":"fm"}},{"type":"Feature","geometry":{"type":"Polygon","coordinates":[[[-108.744985,36.842555],[-108.744996,36.842195],[-108.744772,36.842191],[-108.74479,36.84156],[-108.744566,36.841556],[-108.744569,36.841466],[-108.744793,36.84147],[-108.744795,36.84138],[-108.744683,36.841378],[-108.744686,36.841288],[-108.744798,36.84129],[-108.744822,36.840479],[-108.744598,36.840475],[-108.744606,36.840205],[-108.744382,36.8402],[-108.744387,36.84002],[-108.744163,36.840016],[-108.744173,36.839656],[-108.74238,36.839622],[-108.742343,36.840883],[-108.742567,36.840887],[-108.742573,36.840707],[-108.742685,36.840709],[-108.742682,36.840799],[-108.742794,36.840801],[-108.742797,36.840711],[-108.743469,36.840724],[-108.743466,36.840814],[-108.743579,36.840816],[-108.743581,36.840726],[-108.743693,36.840728],[-108.743683,36.841088],[-108.743459,36.841084],[-108.743437,36.841805],[-108.743662,36.841809],[-108.743651,36.842169],[-108.742978,36.842156],[-108.742968,36.842517],[-108.744985,36.842555]],[[-108.743261,36.840179],[-108.743037,36.840175],[-108.743047,36.839814],[-108.743271,36.839819],[-108.743261,36.840179]]]},"properties":{"src":"fm"}},{"type":"Feature","geometry":{"type":"Polygon","coordinates":[[[-108.745887,36.842392],[-108.745929,36.840951],[-108.745817,36.840949],[-108.745815,36.841039],[-108.745703,36.841037],[-108.745716,36.840586],[-108.74594,36.84059],[-108.745966,36.83969],[-108.745518,36.839681],[-108.745515,36.839771],[-108.745403,36.839769],[-108.745401,36.839859],[-108.745513,36.839861],[-108.74551,36.839951],[-108.745398,36.839949],[-108.745395,36.840039],[-108.745508,36.840041],[-108.745505,36.840132],[-108.745393,36.840129],[-108.74539,36.840219],[-108.745502,36.840222],[-108.7455,36.840312],[-108.745275,36.840307],[-108.745273,36.840397],[-108.745497,36.840402],[-108.745494,36.840492],[-108.74527,36.840488],[-108.745268,36.840578],[-108.745492,36.840582],[-108.745449,36.842023],[-108.745673,36.842027],[-108.745671,36.842117],[-108.745559,36.842115],[-108.745556,36.842205],[-108.745668,36.842208],[-108.745663,36.842388],[-108.745887,36.842392]]]},"properties":{"src":"fm"}},{"type":"Feature","geometry":{"type":"Polygon","coordinates":[[[-108.742488,36.843589],[-108.742498,36.843229],[-108.742274,36.843225],[-108.742272,36.843315],[-108.742384,36.843317],[-108.742381,36.843407],[-108.742269,36.843405],[-108.742264,36.843585],[-108.742488,36.843589]]]},"properties":{"src":"fm"}},{"type":"Feature","geometry":{"type":"Polygon","coordinates":[[[-108.742952,36.843057],[-108.742957,36.842877],[-108.742733,36.842873],[-108.742728,36.843053],[-108.742952,36.843057]]]},"properties":{"src":"fm"}},{"type":"Feature","geometry":{"type":"Polygon","coordinates":[[[-108.745797,36.845455],[-108.74585,36.843653],[-108.745626,36.843649],[-108.745634,36.843379],[-108.74541,36.843374],[-108.745423,36.842924],[-108.745199,36.84292],[-108.745207,36.842649],[-108.745095,36.842647],[-108.745092,36.842737],[-108.74498,36.842735],[-108.744985,36.842555],[-108.743192,36.842521],[-108.743187,36.842701],[-108.742963,36.842697],[-108.742957,36.842877],[-108.743406,36.842886],[-108.7434,36.843066],[-108.743176,36.843062],[-108.743174,36.843152],[-108.743286,36.843154],[-108.743283,36.843244],[-108.743395,36.843246],[-108.74339,36.843426],[-108.743166,36.843422],[-108.74316,36.843602],[-108.742936,36.843598],[-108.742941,36.843418],[-108.742717,36.843413],[-108.742707,36.843774],[-108.742258,36.843765],[-108.742248,36.844125],[-108.742472,36.84413],[-108.742461,36.84449],[-108.742685,36.844494],[-108.74268,36.844674],[-108.742232,36.844666],[-108.742211,36.845386],[-108.743107,36.845403],[-108.743113,36.845223],[-108.743337,36.845228],[-108.743331,36.845408],[-108.745797,36.845455]],[[-108.743113,36.845223],[-108.742888,36.845219],[-108.742894,36.845039],[-108.743006,36.845041],[-108.743003,36.845131],[-108.743115,36.845133],[-108.743113,36.845223]],[[-108.742776,36.845217],[-108.742664,36.845215],[-108.74267,36.845035],[-108.742782,36.845037],[-108.742776,36.845217]],[[-108.744067,36.843259],[-108.743843,36.843254],[-108.743849,36.843074],[-108.744073,36.843079],[-108.744067,36.843259]],[[-108.744297,36.843083],[-108.744073,36.843079],[-108.744078,36.842898],[-108.744302,36.842903],[-108.744297,36.843083]]]},"properties":{"src":"fm"}},{"type":"Feature","geometry":{"type":"Polygon","coordinates":[[[-108.742424,36.845751],[-108.74243,36.845571],[-108.742205,36.845567],[-108.7422,36.845747],[-108.742424,36.845751]]]},"properties":{"src":"fm"}},{"type":"Feature","geometry":{"type":"Polygon","coordinates":[[[-108.744816,36.84832],[-108.744821,36.84814],[-108.745718,36.848157],[-108.74576,36.846716],[-108.745536,36.846711],[-108.745544,36.846441],[-108.745432,36.846439],[-108.745429,36.846529],[-108.745317,36.846527],[-108.745322,36.846347],[-108.745547,36.846351],[-108.745562,36.845811],[-108.745787,36.845815],[-108.745797,36.845455],[-108.745237,36.845444],[-108.745231,36.845624],[-108.745119,36.845622],[-108.745125,36.845442],[-108.742883,36.845399],[-108.742873,36.84576],[-108.743097,36.845764],[-108.743091,36.845944],[-108.742867,36.84594],[-108.742862,36.84612],[-108.74275,36.846118],[-108.742745,36.846298],[-108.742408,36.846291],[-108.742406,36.846382],[-108.742518,36.846384],[-108.742515,36.846474],[-108.742179,36.846467],[-108.742158,36.847188],[-108.742382,36.847192],[-108.742387,36.847012],[-108.742611,36.847016],[-108.742617,36.846836],[-108.743065,36.846845],[-108.74307,36.846665],[-108.743519,36.846673],[-108.743513,36.846853],[-108.743289,36.846849],[-108.743278,36.847209],[-108.743054,36.847205],[-108.743033,36.847926],[-108.743257,36.84793],[-108.743252,36.84811],[-108.7437,36.848119],[-108.743695,36.848299],[-108.744816,36.84832]],[[-108.74472,36.847777],[-108.744383,36.847771],[-108.744394,36.847411],[-108.744506,36.847413],[-108.744503,36.847503],[-108.744615,36.847505],[-108.74461,36.847685],[-108.744722,36.847687],[-108.74472,36.847777]],[[-108.743946,36.847402],[-108.743721,36.847398],[-108.743727,36.847218],[-108.743951,36.847222],[-108.743946,36.847402]],[[-108.742846,36.84666],[-108.742622,36.846656],[-108.74263,36.846386],[-108.742742,36.846388],[-108.742737,36.846568],[-108.742849,36.84657],[-108.742846,36.84666]],[[-108.742963,36.846482],[-108.742851,36.84648],[-108.742854,36.84639],[-108.742966,36.846392],[-108.742963,36.846482]],[[-108.743417,36.846311],[-108.743081,36.846304],[-108.743086,36.846124],[-108.743422,36.84613],[-108.743417,36.846311]],[[-108.744879,36.846158],[-108.744655,36.846154],[-108.74466,36.845974],[-108.744885,36.845978],[-108.744879,36.846158]],[[-108.743769,36.845777],[-108.743545,36.845772],[-108.74355,36.845592],[-108.743774,36.845596],[-108.743769,36.845777]]]},"properties":{"src":"fm"}},{"type":"Feature","geometry":{"type":"Polygon","coordinates":[[[-108.742654,36.845575],[-108.742659,36.845395],[-108.742435,36.845391],[-108.74243,36.845571],[-108.742654,36.845575]]]},"properties":{"src":"fm"}},{"type":"Feature","geometry":{"type":"Polygon","coordinates":[[[-108.744525,36.850568],[-108.744528,36.850478],[-108.744304,36.850473],[-108.744301,36.850563],[-108.744525,36.850568]]]},"properties":{"src":"fm"}},{"type":"Feature","geometry":{"type":"Polygon","coordinates":[[[-108.745211,36.85013],[-108.745216,36.84995],[-108.744768,36.849941],[-108.744763,36.850122],[-108.745211,36.85013]]]},"properties":{"src":"fm"}},{"type":"Feature","geometry":{"type":"Polygon","coordinates":[[[-108.745665,36.849958],[-108.74567,36.849778],[-108.745222,36.84977],[-108.745216,36.84995],[-108.745665,36.849958]]]},"properties":{"src":"fm"}},{"type":"Feature","geometry":{"type":"Polygon","coordinates":[[[-108.745029,36.848685],[-108.745035,36.848504],[-108.744811,36.8485],[-108.744808,36.84859],[-108.74492,36.848592],[-108.744917,36.848682],[-108.745029,36.848685]]]},"properties":{"src":"fm"}},{"type":"Feature","geometry":{"type":"Polygon","coordinates":[[[-108.744127,36.848848],[-108.744133,36.848668],[-108.744357,36.848672],[-108.744362,36.848492],[-108.744811,36.8485],[-108.744816,36.84832],[-108.743919,36.848303],[-108.743914,36.848483],[-108.743017,36.848466],[-108.743015,36.848556],[-108.743127,36.848558],[-108.743124,36.848648],[-108.743684,36.848659],[-108.743682,36.848749],[-108.743794,36.848751],[-108.743791,36.848841],[-108.744127,36.848848]]]},"properties":{"src":"fm"}},{"type":"Feature","geometry":{"type":"Polygon","coordinates":[[[-108.742992,36.856938],[-108.742998,36.856757],[-108.743222,36.856762],[-108.743227,36.856581],[-108.743676,36.85659],[-108.743681,36.85641],[-108.743457,36.856406],[-108.743462,36.856225],[-108.743238,36.856221],[-108.743232,36.856401],[-108.743008,36.856397],[-108.743003,36.856577],[-108.742891,36.856575],[-108.742888,36.856665],[-108.742776,36.856663],[-108.742768,36.856933],[-108.742992,36.856938]],[[-108.743342,36.856494],[-108.74323,36.856491],[-108.743232,36.856401],[-108.743345,36.856403],[-108.743342,36.856494]]]},"properties":{"src":"fm"}},{"type":"Feature","geometry":{"type":"Polygon","coordinates":[[[-108.743691,36.85605],[-108.743697,36.855869],[-108.743585,36.855867],[-108.743579,36.856047],[-108.743691,36.85605]]]},"properties":{"src":"fm"}},{"type":"Feature","geometry":{"type":"Polygon","coordinates":[[[-108.742331,36.81078],[-108.742336,36.8106],[-108.742,36.810593],[-108.741998,36.810684],[-108.74211,36.810686],[-108.742107,36.810776],[-108.742331,36.81078]]]},"properties":{"src":"fm"}},{"type":"Feature","geometry":{"type":"Polygon","coordinates":[[[-108.740987,36.810754],[-108.740992,36.810574],[-108.740544,36.810566],[-108.740539,36.810746],[-108.740987,36.810754]]]},"properties":{"src":"fm"}},{"type":"Feature","geometry":{"type":"Polygon","coordinates":[[[-108.741883,36.810771],[-108.741894,36.810411],[-108.74167,36.810407],[-108.741659,36.810767],[-108.741883,36.810771]]]},"properties":{"src":"fm"}},{"type":"Feature","geometry":{"type":"Polygon","coordinates":[[[-108.74032,36.810561],[-108.740325,36.810381],[-108.740101,36.810377],[-108.740096,36.810557],[-108.74032,36.810561]]]},"properties":{"src":"fm"}},{"type":"Feature","geometry":{"type":"Polygon","coordinates":[[[-108.74144,36.810583],[-108.741446,36.810403],[-108.74167,36.810407],[-108.741672,36.810317],[-108.741896,36.810321],[-108.741899,36.810231],[-108.741227,36.810218],[-108.741221,36.810398],[-108.740997,36.810394],[-108.740992,36.810574],[-108.74144,36.810583]],[[-108.741331,36.810491],[-108.741219,36.810488],[-108.741221,36.810398],[-108.741333,36.8104],[-108.741331,36.810491]]]},"properties":{"src":"fm"}},{"type":"Feature","geometry":{"type":"Polygon","coordinates":[[[-108.74168,36.810047],[-108.741685,36.809866],[-108.741237,36.809858],[-108.741232,36.810038],[-108.74168,36.810047]]]},"properties":{"src":"fm"}},{"type":"Feature","geometry":{"type":"Polygon","coordinates":[[[-108.743027,36.809982],[-108.74303,36.809892],[-108.742918,36.80989],[-108.742915,36.80998],[-108.743027,36.809982]]]},"properties":{"src":"fm"}},{"type":"Feature","geometry":{"type":"Polygon","coordinates":[[[-108.743254,36.809896],[-108.743259,36.809716],[-108.743035,36.809712],[-108.74303,36.809892],[-108.743254,36.809896]]]},"properties":{"src":"fm"}},{"type":"Feature","geometry":{"type":"Polygon","coordinates":[[[-108.742806,36.809888],[-108.742816,36.809527],[-108.74248,36.809521],[-108.742478,36.809611],[-108.742366,36.809609],[-108.742363,36.809699],[-108.742587,36.809703],[-108.742582,36.809883],[-108.742806,36.809888]]]},"properties":{"src":"fm"}},{"type":"Feature","geometry":{"type":"Polygon","coordinates":[[[-108.741464,36.809772],[-108.741472,36.809502],[-108.741024,36.809493],[-108.741021,36.809583],[-108.741245,36.809588],[-108.741243,36.809678],[-108.741355,36.80968],[-108.741352,36.80977],[-108.741464,36.809772]]]},"properties":{"src":"fm"}},{"type":"Feature","geometry":{"type":"Polygon","coordinates":[[[-108.742139,36.809695],[-108.742144,36.809515],[-108.74192,36.80951],[-108.741915,36.809691],[-108.742139,36.809695]]]},"properties":{"src":"fm"}},{"type":"Feature","geometry":{"type":"Polygon","coordinates":[[[-108.74057,36.809665],[-108.740576,36.809485],[-108.739904,36.809472],[-108.739898,36.809652],[-108.740122,36.809656],[-108.740125,36.809566],[-108.740349,36.809571],[-108.740346,36.809661],[-108.74057,36.809665]]]},"properties":{"src":"fm"}},{"type":"Feature","geometry":{"type":"Polygon","coordinates":[[[-108.743046,36.809351],[-108.743051,36.809171],[-108.742827,36.809167],[-108.742822,36.809347],[-108.743046,36.809351]]]},"properties":{"src":"fm"}},{"type":"Feature","geometry":{"type":"Polygon","coordinates":[[[-108.742603,36.809163],[-108.742608,36.808983],[-108.743056,36.808991],[-108.743067,36.808631],[-108.742843,36.808627],[-108.742837,36.808807],[-108.742389,36.808798],[-108.742395,36.808618],[-108.741947,36.80861],[-108.741952,36.808429],[-108.741392,36.808419],[-108.741389,36.808509],[-108.741277,36.808507],[-108.74128,36.808417],[-108.741056,36.808412],[-108.74104,36.808953],[-108.741712,36.808966],[-108.741717,36.808785],[-108.741941,36.80879],[-108.741931,36.80915],[-108.742603,36.809163]]]},"properties":{"src":"fm"}},{"type":"Feature","geometry":{"type":"Polygon","coordinates":[[[-108.742619,36.808622],[-108.742624,36.808442],[-108.7424,36.808438],[-108.742395,36.808618],[-108.742619,36.808622]]]},"properties":{"src":"fm"}},{"type":"Feature","geometry":{"type":"Polygon","coordinates":[[[-108.743293,36.808545],[-108.743296,36.808455],[-108.743184,36.808453],[-108.743181,36.808543],[-108.743293,36.808545]]]},"properties":{"src":"fm"}},{"type":"Feature","geometry":{"type":"Polygon","coordinates":[[[-108.743075,36.808361],[-108.743077,36.808271],[-108.742853,36.808266],[-108.742851,36.808356],[-108.743075,36.808361]]]},"properties":{"src":"fm"}},{"type":"Feature","geometry":{"type":"Polygon","coordinates":[[[-108.740454,36.813628],[-108.740459,36.813448],[-108.740235,36.813444],[-108.74024,36.813264],[-108.739792,36.813255],[-108.739798,36.813075],[-108.739574,36.813071],[-108.739558,36.813611],[-108.740454,36.813628]]]},"properties":{"src":"fm"}},{"type":"Feature","geometry":{"type":"Polygon","coordinates":[[[-108.739814,36.812535],[-108.739824,36.812174],[-108.7396,36.81217],[-108.73959,36.81253],[-108.739814,36.812535]]]},"properties":{"src":"fm"}},{"type":"Feature","geometry":{"type":"Polygon","coordinates":[[[-108.740163,36.812091],[-108.740166,36.812001],[-108.740054,36.811998],[-108.740051,36.812089],[-108.740163,36.812091]]]},"properties":{"src":"fm"}},{"type":"Feature","geometry":{"type":"Polygon","coordinates":[[[-108.741419,36.811303],[-108.741424,36.811123],[-108.7412,36.811119],[-108.741195,36.811299],[-108.741419,36.811303]]]},"properties":{"src":"fm"}},{"type":"Feature","geometry":{"type":"Polygon","coordinates":[[[-108.740757,36.81093],[-108.740763,36.81075],[-108.740539,36.810746],[-108.740533,36.810926],[-108.740757,36.81093]]]},"properties":{"src":"fm"}},{"type":"Feature","geometry":{"type":"Polygon","coordinates":[[[-108.742433,36.814928],[-108.742439,36.814748],[-108.741991,36.814739],[-108.741985,36.814919],[-108.742433,36.814928]]]},"properties":{"src":"fm"}},{"type":"Feature","geometry":{"type":"Polygon","coordinates":[[[-108.742441,36.814658],[-108.742444,36.814567],[-108.74222,36.814563],[-108.742217,36.814653],[-108.742441,36.814658]]]},"properties":{"src":"fm"}},{"type":"Feature","geometry":{"type":"Polygon","coordinates":[[[-108.741265,36.816528],[-108.741271,36.816348],[-108.741943,36.81636],[-108.741948,36.81618],[-108.741724,36.816176],[-108.741735,36.815816],[-108.741959,36.81582],[-108.741969,36.81546],[-108.741409,36.815449],[-108.741404,36.815629],[-108.741292,36.815627],[-108.741297,36.815447],[-108.741185,36.815445],[-108.74118,36.815625],[-108.741068,36.815623],[-108.741089,36.814902],[-108.740865,36.814898],[-108.74087,36.814718],[-108.741094,36.814722],[-108.741105,36.814362],[-108.741217,36.814364],[-108.741212,36.814544],[-108.741324,36.814546],[-108.741318,36.814726],[-108.74143,36.814728],[-108.741428,36.814819],[-108.741316,36.814816],[-108.741313,36.814906],[-108.741537,36.814911],[-108.741553,36.81437],[-108.741329,36.814366],[-108.741334,36.814186],[-108.741558,36.81419],[-108.741561,36.8141],[-108.741785,36.814104],[-108.741782,36.814194],[-108.742006,36.814199],[-108.742012,36.814018],[-108.741564,36.81401],[-108.741569,36.81383],[-108.741233,36.813823],[-108.741222,36.814184],[-108.74111,36.814182],[-108.741126,36.813641],[-108.741014,36.813639],[-108.741011,36.813729],[-108.740899,36.813727],[-108.740902,36.813637],[-108.739558,36.813611],[-108.739542,36.814152],[-108.739766,36.814156],[-108.739761,36.814336],[-108.739537,36.814332],[-108.739499,36.815593],[-108.739723,36.815597],[-108.739721,36.815687],[-108.739609,36.815685],[-108.739606,36.815775],[-108.739718,36.815777],[-108.739702,36.816318],[-108.740038,36.816324],[-108.740033,36.816504],[-108.741265,36.816528]],[[-108.741271,36.816348],[-108.740823,36.816339],[-108.740828,36.816159],[-108.740604,36.816155],[-108.740609,36.815975],[-108.740833,36.815979],[-108.740836,36.815889],[-108.74106,36.815893],[-108.741063,36.815803],[-108.741399,36.815809],[-108.741393,36.81599],[-108.741281,36.815987],[-108.741279,36.816077],[-108.741391,36.81608],[-108.741388,36.81617],[-108.741276,36.816168],[-108.741271,36.816348]],[[-108.741735,36.815816],[-108.741511,36.815812],[-108.741516,36.815631],[-108.74174,36.815636],[-108.741735,36.815816]],[[-108.740396,36.81561],[-108.740172,36.815606],[-108.74018,36.815336],[-108.740404,36.81534],[-108.740396,36.81561]],[[-108.740854,36.815258],[-108.740182,36.815245],[-108.740185,36.815155],[-108.740409,36.81516],[-108.740414,36.81498],[-108.740638,36.814984],[-108.740641,36.814894],[-108.740865,36.814898],[-108.740854,36.815258]],[[-108.740075,36.815063],[-108.739963,36.815061],[-108.739974,36.814701],[-108.73975,36.814697],[-108.739761,36.814336],[-108.740209,36.814345],[-108.740193,36.814885],[-108.740081,36.814883],[-108.740075,36.815063]],[[-108.740641,36.814894],[-108.740417,36.814889],[-108.740425,36.814619],[-108.740537,36.814621],[-108.740534,36.814711],[-108.740646,36.814714],[-108.740641,36.814894]],[[-108.740876,36.814538],[-108.740652,36.814533],[-108.740654,36.814443],[-108.740878,36.814448],[-108.740876,36.814538]]]},"properties":{"src":"fm"}},{"type":"Feature","geometry":{"type":"Polygon","coordinates":[[[-108.742973,36.819444],[-108.742979,36.819264],[-108.742755,36.81926],[-108.742749,36.81944],[-108.742973,36.819444]]]},"properties":{"src":"fm"}},{"type":"Feature","geometry":{"type":"Polygon","coordinates":[[[-108.74006,36.819389],[-108.740066,36.819209],[-108.739393,36.819196],[-108.739388,36.819376],[-108.74006,36.819389]]]},"properties":{"src":"fm"}},{"type":"Feature","geometry":{"type":"Polygon","coordinates":[[[-108.74253,36.819256],[-108.742536,36.819076],[-108.742312,36.819071],[-108.742306,36.819251],[-108.74253,36.819256]]]},"properties":{"src":"fm"}},{"type":"Feature","geometry":{"type":"Polygon","coordinates":[[[-108.742984,36.819084],[-108.742989,36.818904],[-108.742765,36.8189],[-108.74276,36.81908],[-108.742984,36.819084]]]},"properties":{"src":"fm"}},{"type":"Feature","geometry":{"type":"Polygon","coordinates":[[[-108.740743,36.819041],[-108.740748,36.818861],[-108.740524,36.818857],[-108.740519,36.819037],[-108.740743,36.819041]]]},"properties":{"src":"fm"}},{"type":"Feature","geometry":{"type":"Polygon","coordinates":[[[-108.739847,36.819024],[-108.739857,36.818664],[-108.739409,36.818656],[-108.739399,36.819016],[-108.739847,36.819024]]]},"properties":{"src":"fm"}},{"type":"Feature","geometry":{"type":"Polygon","coordinates":[[[-108.741421,36.818874],[-108.741426,36.818694],[-108.741202,36.81869],[-108.741197,36.81887],[-108.741421,36.818874]]]},"properties":{"src":"fm"}},{"type":"Feature","geometry":{"type":"Polygon","coordinates":[[[-108.742994,36.818724],[-108.743005,36.818363],[-108.742557,36.818355],[-108.742562,36.818175],[-108.742114,36.818166],[-108.742109,36.818346],[-108.742333,36.818351],[-108.742322,36.818711],[-108.742546,36.818715],[-108.742549,36.818625],[-108.742773,36.818629],[-108.74277,36.81872],[-108.742994,36.818724]],[[-108.742776,36.818539],[-108.742552,36.818535],[-108.742554,36.818445],[-108.742778,36.818449],[-108.742776,36.818539]]]},"properties":{"src":"fm"}},{"type":"Feature","geometry":{"type":"Polygon","coordinates":[[[-108.740543,36.818227],[-108.740546,36.818136],[-108.740434,36.818134],[-108.740431,36.818224],[-108.740543,36.818227]]]},"properties":{"src":"fm"}},{"type":"Feature","geometry":{"type":"Polygon","coordinates":[[[-108.74301,36.818183],[-108.743016,36.818003],[-108.742792,36.817999],[-108.742786,36.818179],[-108.74301,36.818183]]]},"properties":{"src":"fm"}},{"type":"Feature","geometry":{"type":"Polygon","coordinates":[[[-108.741218,36.818149],[-108.741228,36.817789],[-108.741004,36.817785],[-108.740994,36.818145],[-108.741218,36.818149]]]},"properties":{"src":"fm"}},{"type":"Feature","geometry":{"type":"Polygon","coordinates":[[[-108.741004,36.817785],[-108.74101,36.817605],[-108.740786,36.8176],[-108.74078,36.81778],[-108.741004,36.817785]]]},"properties":{"src":"fm"}},{"type":"Feature","geometry":{"type":"Polygon","coordinates":[[[-108.740786,36.8176],[-108.740791,36.81742],[-108.740567,36.817416],[-108.740561,36.817596],[-108.740786,36.8176]]]},"properties":{"src":"fm"}},{"type":"Feature","geometry":{"type":"Polygon","coordinates":[[[-108.742805,36.817549],[-108.742807,36.817458],[-108.742583,36.817454],[-108.742581,36.817544],[-108.742805,36.817549]]]},"properties":{"src":"fm"}},{"type":"Feature","geometry":{"type":"Polygon","coordinates":[[[-108.741234,36.817609],[-108.741244,36.817248],[-108.74102,36.817244],[-108.74101,36.817605],[-108.741234,36.817609]]]},"properties":{"src":"fm"}},{"type":"Feature","geometry":{"type":"Polygon","coordinates":[[[-108.742586,36.817364],[-108.742589,36.817274],[-108.742365,36.81727],[-108.742362,36.81736],[-108.742586,36.817364]]]},"properties":{"src":"fm"}},{"type":"Feature","geometry":{"type":"Polygon","coordinates":[[[-108.741692,36.817257],[-108.741703,36.816897],[-108.741479,36.816892],[-108.741468,36.817253],[-108.741692,36.817257]]]},"properties":{"src":"fm"}},{"type":"Feature","geometry":{"type":"Polygon","coordinates":[[[-108.742597,36.817004],[-108.742599,36.816914],[-108.743047,36.816922],[-108.743053,36.816742],[-108.742381,36.816729],[-108.742375,36.816909],[-108.742487,36.816912],[-108.742485,36.817002],[-108.742597,36.817004]]]},"properties":{"src":"fm"}},{"type":"Feature","geometry":{"type":"Polygon","coordinates":[[[-108.742381,36.816729],[-108.742386,36.816549],[-108.742162,36.816545],[-108.742156,36.816725],[-108.742381,36.816729]]]},"properties":{"src":"fm"}},{"type":"Feature","geometry":{"type":"Polygon","coordinates":[[[-108.74029,36.819213],[-108.7403,36.818853],[-108.740524,36.818857],[-108.74053,36.818677],[-108.740306,36.818673],[-108.740322,36.818132],[-108.740097,36.818128],[-108.740103,36.817948],[-108.740327,36.817952],[-108.740359,36.816871],[-108.740807,36.81688],[-108.740812,36.816699],[-108.741036,36.816704],[-108.741041,36.816524],[-108.740929,36.816521],[-108.740927,36.816612],[-108.740815,36.816609],[-108.740817,36.816519],[-108.740033,36.816504],[-108.74003,36.816595],[-108.739806,36.81659],[-108.739804,36.81668],[-108.739692,36.816678],[-108.73967,36.817399],[-108.739446,36.817395],[-108.739415,36.818475],[-108.740087,36.818488],[-108.740071,36.819029],[-108.739959,36.819027],[-108.739956,36.819117],[-108.740068,36.819119],[-108.740066,36.819209],[-108.74029,36.819213]]]},"properties":{"src":"fm"}},{"type":"Feature","geometry":{"type":"Polygon","coordinates":[[[-108.742889,36.822327],[-108.742899,36.821967],[-108.742675,36.821962],[-108.74267,36.822142],[-108.742446,36.822138],[-108.74244,36.822318],[-108.742889,36.822327]]]},"properties":{"src":"fm"}},{"type":"Feature","geometry":{"type":"Polygon","coordinates":[[[-108.741552,36.822031],[-108.741555,36.821941],[-108.741331,36.821937],[-108.741328,36.822027],[-108.741552,36.822031]]]},"properties":{"src":"fm"}},{"type":"Feature","geometry":{"type":"Polygon","coordinates":[[[-108.740658,36.821924],[-108.740664,36.821744],[-108.74044,36.82174],[-108.740437,36.82183],[-108.740549,36.821832],[-108.740546,36.821922],[-108.740658,36.821924]]]},"properties":{"src":"fm"}},{"type":"Feature","geometry":{"type":"Polygon","coordinates":[[[-108.742902,36.821876],[-108.742905,36.821786],[-108.742792,36.821784],[-108.74279,36.821874],[-108.742902,36.821876]]]},"properties":{"src":"fm"}},{"type":"Feature","geometry":{"type":"Polygon","coordinates":[[[-108.740888,36.821748],[-108.740893,36.821568],[-108.740669,36.821564],[-108.740664,36.821744],[-108.740888,36.821748]]]},"properties":{"src":"fm"}},{"type":"Feature","geometry":{"type":"Polygon","coordinates":[[[-108.739997,36.821551],[-108.740002,36.821371],[-108.739778,36.821366],[-108.739773,36.821547],[-108.739997,36.821551]]]},"properties":{"src":"fm"}},{"type":"Feature","geometry":{"type":"Polygon","coordinates":[[[-108.741122,36.821392],[-108.741128,36.821212],[-108.740904,36.821208],[-108.740898,36.821388],[-108.741122,36.821392]]]},"properties":{"src":"fm"}},{"type":"Feature","geometry":{"type":"Polygon","coordinates":[[[-108.739781,36.821276],[-108.739783,36.821186],[-108.739671,36.821184],[-108.739669,36.821274],[-108.739781,36.821276]]]},"properties":{"src":"fm"}},{"type":"Feature","geometry":{"type":"Polygon","coordinates":[[[-108.742496,36.820427],[-108.742499,36.820337],[-108.742275,36.820332],[-108.742272,36.820422],[-108.742496,36.820427]]]},"properties":{"src":"fm"}},{"type":"Feature","geometry":{"type":"Polygon","coordinates":[[[-108.741842,36.819783],[-108.741848,36.819603],[-108.741624,36.819599],[-108.741618,36.819779],[-108.741842,36.819783]]]},"properties":{"src":"fm"}},{"type":"Feature","geometry":{"type":"Polygon","coordinates":[[[-108.7402,36.822276],[-108.740205,36.822096],[-108.739757,36.822087],[-108.739773,36.821547],[-108.739549,36.821542],[-108.739564,36.821002],[-108.739789,36.821006],[-108.739783,36.821186],[-108.740456,36.821199],[-108.740461,36.821019],[-108.740013,36.82101],[-108.740029,36.82047],[-108.739804,36.820466],[-108.739826,36.819745],[-108.739714,36.819743],[-108.739711,36.819833],[-108.739599,36.819831],[-108.739612,36.81938],[-108.739388,36.819376],[-108.739356,36.820457],[-108.739468,36.820459],[-108.739463,36.820639],[-108.739351,36.820637],[-108.739303,36.822259],[-108.7402,36.822276]],[[-108.739794,36.820826],[-108.73957,36.820822],[-108.739575,36.820642],[-108.739799,36.820646],[-108.739794,36.820826]]]},"properties":{"src":"fm"}},{"type":"Feature","geometry":{"type":"Polygon","coordinates":[[[-108.740055,36.819569],[-108.74006,36.819389],[-108.739836,36.819385],[-108.739831,36.819565],[-108.740055,36.819569]]]},"properties":{"src":"fm"}},{"type":"Feature","geometry":{"type":"Polygon","coordinates":[[[-108.740115,36.825158],[-108.74012,36.824978],[-108.739896,36.824974],[-108.739891,36.825154],[-108.740115,36.825158]]]},"properties":{"src":"fm"}},{"type":"Feature","geometry":{"type":"Polygon","coordinates":[[[-108.74258,36.825205],[-108.74259,36.824845],[-108.742366,36.82484],[-108.742382,36.8243],[-108.742606,36.824304],[-108.742612,36.824124],[-108.742388,36.82412],[-108.742393,36.82394],[-108.742841,36.823948],[-108.742873,36.822867],[-108.7422,36.822855],[-108.742195,36.823035],[-108.740851,36.823009],[-108.740861,36.822649],[-108.740637,36.822645],[-108.740627,36.823005],[-108.740739,36.823007],[-108.740733,36.823187],[-108.740845,36.823189],[-108.74084,36.823369],[-108.740616,36.823365],[-108.740621,36.823185],[-108.740397,36.823181],[-108.740413,36.82264],[-108.740189,36.822636],[-108.740194,36.822456],[-108.73997,36.822452],[-108.739976,36.822271],[-108.739303,36.822259],[-108.739256,36.82388],[-108.73948,36.823884],[-108.739469,36.824245],[-108.739693,36.824249],[-108.739688,36.824429],[-108.739912,36.824433],[-108.739907,36.824613],[-108.740131,36.824618],[-108.740125,36.824798],[-108.74035,36.824802],[-108.740347,36.824892],[-108.740235,36.82489],[-108.740232,36.82498],[-108.740344,36.824982],[-108.740342,36.825072],[-108.74023,36.82507],[-108.740227,36.82516],[-108.74258,36.825205]],[[-108.742153,36.824476],[-108.741929,36.824472],[-108.741945,36.823931],[-108.742169,36.823935],[-108.742153,36.824476]],[[-108.741598,36.824285],[-108.741486,36.824283],[-108.741491,36.824103],[-108.741267,36.824099],[-108.741272,36.823918],[-108.74116,36.823916],[-108.741155,36.824096],[-108.741043,36.824094],[-108.741054,36.823734],[-108.741278,36.823738],[-108.74128,36.823648],[-108.741392,36.82365],[-108.74139,36.82374],[-108.741502,36.823743],[-108.741507,36.823562],[-108.741283,36.823558],[-108.741294,36.823198],[-108.741518,36.823202],[-108.741512,36.823382],[-108.742185,36.823395],[-108.74219,36.823215],[-108.742414,36.823219],[-108.742403,36.823579],[-108.741731,36.823567],[-108.741726,36.823747],[-108.741614,36.823745],[-108.741609,36.823925],[-108.741721,36.823927],[-108.741715,36.824107],[-108.741603,36.824105],[-108.741598,36.824285]],[[-108.742393,36.82394],[-108.742169,36.823935],[-108.742171,36.823845],[-108.742283,36.823847],[-108.742286,36.823757],[-108.742398,36.82376],[-108.742393,36.82394]],[[-108.741054,36.823734],[-108.740829,36.82373],[-108.74084,36.823369],[-108.741064,36.823374],[-108.741054,36.823734]],[[-108.74275,36.823225],[-108.742638,36.823223],[-108.742641,36.823133],[-108.742753,36.823135],[-108.74275,36.823225]]]},"properties":{"src":"fm"}},{"type":"Feature","geometry":{"type":"Polygon","coordinates":[[[-108.742435,36.822498],[-108.74244,36.822318],[-108.741992,36.82231],[-108.741987,36.82249],[-108.742435,36.822498]]]},"properties":{"src":"fm"}},{"type":"Feature","geometry":{"type":"Polygon","coordinates":[[[-108.742886,36.822417],[-108.742889,36.822327],[-108.742665,36.822323],[-108.742662,36.822413],[-108.742886,36.822417]]]},"properties":{"src":"fm"}},{"type":"Feature","geometry":{"type":"Polygon","coordinates":[[[-108.742719,36.828092],[-108.742725,36.827912],[-108.7425,36.827907],[-108.742506,36.827727],[-108.742282,36.827723],[-108.742287,36.827543],[-108.742063,36.827539],[-108.742065,36.827448],[-108.741841,36.827444],[-108.741844,36.827354],[-108.74162,36.82735],[-108.741623,36.82726],[-108.741398,36.827256],[-108.741404,36.827075],[-108.741292,36.827073],[-108.741289,36.827163],[-108.741177,36.827161],[-108.741182,36.826981],[-108.74051,36.826968],[-108.740515,36.826788],[-108.740291,36.826784],[-108.740294,36.826694],[-108.740182,36.826692],[-108.740179,36.826782],[-108.740067,36.82678],[-108.740075,36.826509],[-108.739963,36.826507],[-108.73996,36.826597],[-108.739848,36.826595],[-108.739856,36.826325],[-108.739744,36.826323],[-108.739742,36.826413],[-108.73963,36.826411],[-108.739637,36.826141],[-108.739525,36.826138],[-108.739523,36.826228],[-108.739411,36.826226],[-108.739421,36.825866],[-108.739197,36.825862],[-108.739134,36.828024],[-108.742719,36.828092]]]},"properties":{"src":"fm"}},{"type":"Feature","geometry":{"type":"Polygon","coordinates":[[[-108.74011,36.825338],[-108.740112,36.825248],[-108.74,36.825246],[-108.739997,36.825336],[-108.74011,36.825338]]]},"properties":{"src":"fm"}},{"type":"Feature","geometry":{"type":"Polygon","coordinates":[[[-108.742751,36.827011],[-108.742788,36.82575],[-108.742564,36.825745],[-108.742569,36.825565],[-108.742793,36.82557],[-108.742799,36.825389],[-108.742575,36.825385],[-108.74258,36.825205],[-108.740339,36.825162],[-108.740328,36.825523],[-108.740552,36.825527],[-108.740547,36.825707],[-108.740771,36.825711],[-108.740766,36.825892],[-108.74099,36.825896],[-108.740985,36.826076],[-108.741209,36.82608],[-108.741203,36.82626],[-108.741652,36.826269],[-108.741649,36.826359],[-108.741537,36.826357],[-108.741534,36.826447],[-108.74187,36.826453],[-108.741868,36.826543],[-108.741756,36.826541],[-108.741753,36.826631],[-108.742313,36.826642],[-108.742311,36.826732],[-108.741975,36.826726],[-108.741972,36.826816],[-108.742532,36.826826],[-108.74253,36.826916],[-108.742417,36.826914],[-108.742415,36.827004],[-108.742751,36.827011]],[[-108.742092,36.826548],[-108.74198,36.826546],[-108.741983,36.826455],[-108.742095,36.826458],[-108.742092,36.826548]]]},"properties":{"src":"fm"}},{"type":"Feature","geometry":{"type":"Polygon","coordinates":[[[-108.739885,36.825334],[-108.739891,36.825154],[-108.739667,36.82515],[-108.739661,36.82533],[-108.739885,36.825334]]]},"properties":{"src":"fm"}},{"type":"Feature","geometry":{"type":"Polygon","coordinates":[[[-108.742634,36.830974],[-108.742719,36.828092],[-108.739134,36.828024],[-108.739054,36.830726],[-108.739278,36.83073],[-108.739273,36.83091],[-108.742634,36.830974]],[[-108.740847,36.83076],[-108.740623,36.830756],[-108.740625,36.830666],[-108.74085,36.83067],[-108.740847,36.83076]]]},"properties":{"src":"fm"}},{"type":"Feature","geometry":{"type":"Polygon","coordinates":[[[-108.741205,36.833831],[-108.74121,36.833651],[-108.740986,36.833647],[-108.740992,36.833467],[-108.740767,36.833462],[-108.740762,36.833642],[-108.740538,36.833638],[-108.740533,36.833818],[-108.741205,36.833831]]]},"properties":{"src":"fm"}},{"type":"Feature","geometry":{"type":"Polygon","coordinates":[[[-108.739636,36.833801],[-108.739642,36.833621],[-108.739417,36.833617],[-108.73942,36.833527],[-108.739644,36.833531],[-108.739647,36.833441],[-108.739423,36.833437],[-108.739439,36.832896],[-108.739215,36.832892],[-108.739193,36.833613],[-108.738969,36.833608],[-108.738964,36.833788],[-108.739636,36.833801]]]},"properties":{"src":"fm"}},{"type":"Feature","geometry":{"type":"Polygon","coordinates":[[[-108.740095,36.833449],[-108.740106,36.833089],[-108.739882,36.833085],[-108.739887,36.832905],[-108.739663,36.832901],[-108.739647,36.833441],[-108.740095,36.833449]]]},"properties":{"src":"fm"}},{"type":"Feature","geometry":{"type":"Polygon","coordinates":[[[-108.73989,36.832815],[-108.739892,36.832725],[-108.73978,36.832722],[-108.739777,36.832813],[-108.73989,36.832815]]]},"properties":{"src":"fm"}},{"type":"Feature","geometry":{"type":"Polygon","coordinates":[[[-108.741015,36.832656],[-108.741018,36.832566],[-108.740906,36.832564],[-108.740903,36.832654],[-108.741015,36.832656]]]},"properties":{"src":"fm"}},{"type":"Feature","geometry":{"type":"Polygon","coordinates":[[[-108.739668,36.83272],[-108.739679,36.83236],[-108.739006,36.832347],[-108.739004,36.832437],[-108.739228,36.832442],[-108.73922,36.832712],[-108.739668,36.83272]]]},"properties":{"src":"fm"}},{"type":"Feature","geometry":{"type":"Polygon","coordinates":[[[-108.741469,36.832484],[-108.741472,36.832394],[-108.741247,36.83239],[-108.741245,36.83248],[-108.741469,36.832484]]]},"properties":{"src":"fm"}},{"type":"Feature","geometry":{"type":"Polygon","coordinates":[[[-108.74058,36.832197],[-108.740591,36.831837],[-108.740367,36.831832],[-108.740359,36.832103],[-108.740471,36.832105],[-108.740468,36.832195],[-108.74058,36.832197]]]},"properties":{"src":"fm"}},{"type":"Feature","geometry":{"type":"Polygon","coordinates":[[[-108.741717,36.831678],[-108.741722,36.831498],[-108.741498,36.831493],[-108.741493,36.831674],[-108.741717,36.831678]]]},"properties":{"src":"fm"}},{"type":"Feature","geometry":{"type":"Polygon","coordinates":[[[-108.74255,36.833857],[-108.742571,36.833136],[-108.742123,36.833128],[-108.742128,36.832947],[-108.742464,36.832954],[-108.742462,36.833044],[-108.742574,36.833046],[-108.742592,36.832415],[-108.742144,36.832407],[-108.742154,36.832047],[-108.742267,36.832049],[-108.742261,36.832229],[-108.742597,36.832235],[-108.742634,36.830974],[-108.739273,36.83091],[-108.739268,36.83109],[-108.739043,36.831086],[-108.739033,36.831446],[-108.739145,36.831449],[-108.739142,36.831539],[-108.739254,36.831541],[-108.739252,36.831631],[-108.739028,36.831627],[-108.739017,36.831987],[-108.739241,36.831991],[-108.739236,36.832171],[-108.73946,36.832176],[-108.739465,36.831995],[-108.739577,36.831998],[-108.739575,36.832088],[-108.739687,36.83209],[-108.739684,36.83218],[-108.739908,36.832184],[-108.739919,36.831824],[-108.740143,36.831828],[-108.740148,36.831648],[-108.740596,36.831656],[-108.740594,36.831747],[-108.740706,36.831749],[-108.740703,36.831839],[-108.740815,36.831841],[-108.740805,36.832201],[-108.74058,36.832197],[-108.740575,36.832377],[-108.741247,36.83239],[-108.741253,36.83221],[-108.741477,36.832214],[-108.741472,36.832394],[-108.74192,36.832403],[-108.741914,36.832583],[-108.74113,36.832568],[-108.741127,36.832658],[-108.741015,36.832656],[-108.741013,36.832746],[-108.740116,36.832729],[-108.740106,36.833089],[-108.74033,36.833093],[-108.740319,36.833454],[-108.740767,36.833462],[-108.740778,36.833102],[-108.741002,36.833106],[-108.740997,36.833286],[-108.741221,36.833291],[-108.741218,36.833381],[-108.74133,36.833383],[-108.741328,36.833473],[-108.74144,36.833475],[-108.741429,36.833835],[-108.74255,36.833857]],[[-108.741445,36.833295],[-108.741221,36.833291],[-108.741232,36.83293],[-108.741456,36.832935],[-108.74145,36.833115],[-108.741562,36.833117],[-108.74156,36.833207],[-108.741448,36.833205],[-108.741445,36.833295]],[[-108.740778,36.833102],[-108.740554,36.833098],[-108.740559,36.832918],[-108.740783,36.832922],[-108.740778,36.833102]],[[-108.742128,36.832947],[-108.741904,36.832943],[-108.741909,36.832763],[-108.742133,36.832767],[-108.742128,36.832947]],[[-108.74168,36.832939],[-108.741456,36.832935],[-108.741461,36.832754],[-108.741685,36.832759],[-108.74168,36.832939]],[[-108.742037,36.832225],[-108.741925,36.832223],[-108.74193,36.832042],[-108.741706,36.832038],[-108.741712,36.831858],[-108.741487,36.831854],[-108.741493,36.831674],[-108.741269,36.831669],[-108.741274,36.831489],[-108.741498,36.831493],[-108.741503,36.831313],[-108.741615,36.831315],[-108.741613,36.831405],[-108.741725,36.831408],[-108.741722,36.831498],[-108.741946,36.831502],[-108.741936,36.831862],[-108.74216,36.831866],[-108.742154,36.832047],[-108.742042,36.832044],[-108.742037,36.832225]],[[-108.741258,36.83203],[-108.741034,36.832025],[-108.741039,36.831845],[-108.741263,36.831849],[-108.741258,36.83203]],[[-108.741039,36.831845],[-108.740815,36.831841],[-108.740818,36.831751],[-108.741042,36.831755],[-108.741039,36.831845]],[[-108.739583,36.831817],[-108.73947,36.831815],[-108.739476,36.831635],[-108.7397,36.831639],[-108.739697,36.83173],[-108.739585,36.831727],[-108.739583,36.831817]],[[-108.739924,36.831644],[-108.7397,36.831639],[-108.73971,36.831279],[-108.739935,36.831283],[-108.739924,36.831644]],[[-108.740607,36.831296],[-108.740383,36.831292],[-108.740388,36.831112],[-108.740612,36.831116],[-108.740607,36.831296]],[[-108.739486,36.831275],[-108.739262,36.831271],[-108.739265,36.831181],[-108.739489,36.831185],[-108.739486,36.831275]]]},"properties":{"src":"fm"}},{"type":"Feature","geometry":{"type":"Polygon","coordinates":[[[-108.739778,36.836598],[-108.739781,36.836508],[-108.739669,36.836506],[-108.739666,36.836596],[-108.739778,36.836598]]]},"properties":{"src":"fm"}},{"type":"Feature","geometry":{"type":"Polygon","coordinates":[[[-108.740458,36.83634],[-108.740469,36.83598],[-108.740245,36.835976],[-108.740234,36.836336],[-108.740458,36.83634]]]},"properties":{"src":"fm"}},{"type":"Feature","geometry":{"type":"Polygon","coordinates":[[[-108.740693,36.835984],[-108.740699,36.835804],[-108.740474,36.8358],[-108.740469,36.83598],[-108.740693,36.835984]]]},"properties":{"src":"fm"}},{"type":"Feature","geometry":{"type":"Polygon","coordinates":[[[-108.741368,36.835907],[-108.741371,36.835817],[-108.741147,36.835813],[-108.741144,36.835903],[-108.741368,36.835907]]]},"properties":{"src":"fm"}},{"type":"Feature","geometry":{"type":"Polygon","coordinates":[[[-108.74048,36.83562],[-108.740485,36.83544],[-108.740261,36.835435],[-108.740256,36.835616],[-108.74048,36.83562]]]},"properties":{"src":"fm"}},{"type":"Feature","geometry":{"type":"Polygon","coordinates":[[[-108.741793,36.836726],[-108.741803,36.836366],[-108.741355,36.836358],[-108.74135,36.836538],[-108.741126,36.836533],[-108.741136,36.836173],[-108.740688,36.836165],[-108.740677,36.836525],[-108.740229,36.836516],[-108.740234,36.836336],[-108.74001,36.836332],[-108.740026,36.835791],[-108.739802,36.835787],[-108.739807,36.835607],[-108.739583,36.835603],[-108.739588,36.835423],[-108.739364,36.835418],[-108.73937,36.835238],[-108.738921,36.83523],[-108.738884,36.836491],[-108.738996,36.836493],[-108.738991,36.836673],[-108.739103,36.836675],[-108.739108,36.836495],[-108.739557,36.836504],[-108.739562,36.836323],[-108.739786,36.836328],[-108.739781,36.836508],[-108.740005,36.836512],[-108.74,36.836692],[-108.74112,36.836714],[-108.741123,36.836623],[-108.741347,36.836628],[-108.741344,36.836718],[-108.741569,36.836722],[-108.741571,36.836632],[-108.741683,36.836634],[-108.741681,36.836724],[-108.741793,36.836726]],[[-108.739567,36.836143],[-108.739343,36.836139],[-108.739348,36.835959],[-108.739573,36.835963],[-108.739567,36.836143]]]},"properties":{"src":"fm"}},{"type":"Feature","geometry":{"type":"Polygon","coordinates":[[[-108.740261,36.835435],[-108.740264,36.835345],[-108.740488,36.83535],[-108.74049,36.83526],[-108.740042,36.835251],[-108.740037,36.835431],[-108.740261,36.835435]]]},"properties":{"src":"fm"}},{"type":"Feature","geometry":{"type":"Polygon","coordinates":[[[-108.739826,36.834977],[-108.739829,36.834886],[-108.739716,36.834884],[-108.739714,36.834974],[-108.739826,36.834977]]]},"properties":{"src":"fm"}},{"type":"Feature","geometry":{"type":"Polygon","coordinates":[[[-108.740053,36.834891],[-108.740058,36.834711],[-108.739834,36.834706],[-108.739831,36.834796],[-108.739943,36.834799],[-108.739941,36.834889],[-108.740053,36.834891]]]},"properties":{"src":"fm"}},{"type":"Feature","geometry":{"type":"Polygon","coordinates":[[[-108.739604,36.834882],[-108.73961,36.834702],[-108.739386,36.834698],[-108.73938,36.834878],[-108.739604,36.834882]]]},"properties":{"src":"fm"}},{"type":"Feature","geometry":{"type":"Polygon","coordinates":[[[-108.740952,36.834818],[-108.740954,36.834728],[-108.74073,36.834723],[-108.740728,36.834813],[-108.740952,36.834818]]]},"properties":{"src":"fm"}},{"type":"Feature","geometry":{"type":"Polygon","coordinates":[[[-108.739375,36.835058],[-108.73938,36.834878],[-108.739156,36.834874],[-108.739161,36.834694],[-108.739386,36.834698],[-108.739391,36.834518],[-108.738943,36.834509],[-108.738927,36.83505],[-108.739375,36.835058]]]},"properties":{"src":"fm"}},{"type":"Feature","geometry":{"type":"Polygon","coordinates":[[[-108.740736,36.834543],[-108.740746,36.834183],[-108.740522,36.834179],[-108.740511,36.834539],[-108.740736,36.834543]]]},"properties":{"src":"fm"}},{"type":"Feature","geometry":{"type":"Polygon","coordinates":[[[-108.742465,36.836739],[-108.74247,36.836559],[-108.742246,36.836555],[-108.742257,36.836194],[-108.742481,36.836199],[-108.742502,36.835478],[-108.742278,36.835474],[-108.742283,36.835294],[-108.742507,36.835298],[-108.74255,36.833857],[-108.741429,36.833835],[-108.741392,36.835096],[-108.74128,36.835094],[-108.741277,36.835184],[-108.741165,36.835182],[-108.741163,36.835272],[-108.740939,36.835268],[-108.740944,36.835088],[-108.74072,36.835084],[-108.740709,36.835444],[-108.740933,36.835448],[-108.740928,36.835628],[-108.741376,36.835637],[-108.741371,36.835817],[-108.741595,36.835821],[-108.74159,36.836001],[-108.741141,36.835993],[-108.741139,36.836083],[-108.741363,36.836087],[-108.74136,36.836177],[-108.741809,36.836186],[-108.741803,36.836366],[-108.742027,36.83637],[-108.742017,36.836731],[-108.742465,36.836739]],[[-108.742033,36.83619],[-108.741809,36.836186],[-108.741824,36.835645],[-108.742049,36.83565],[-108.742033,36.83619]],[[-108.741491,36.835549],[-108.741379,36.835547],[-108.741387,36.835277],[-108.741611,36.835281],[-108.741606,36.835461],[-108.741494,36.835459],[-108.741491,36.835549]],[[-108.74184,36.835105],[-108.741616,36.835101],[-108.741627,36.83474],[-108.741851,36.834745],[-108.74184,36.835105]],[[-108.741856,36.834564],[-108.741632,36.83456],[-108.741648,36.83402],[-108.741872,36.834024],[-108.741867,36.834204],[-108.741755,36.834202],[-108.741749,36.834382],[-108.741862,36.834384],[-108.741856,36.834564]],[[-108.742195,36.834481],[-108.742083,36.834479],[-108.742091,36.834208],[-108.742315,36.834213],[-108.74231,36.834393],[-108.742198,36.834391],[-108.742195,36.834481]]]},"properties":{"src":"fm"}},{"type":"Feature","geometry":{"type":"Polygon","coordinates":[[[-108.741189,36.834372],[-108.741205,36.833831],[-108.740533,36.833818],[-108.740527,36.833998],[-108.740976,36.834007],[-108.740965,36.834367],[-108.741189,36.834372]]]},"properties":{"src":"fm"}},{"type":"Feature","geometry":{"type":"Polygon","coordinates":[[[-108.739844,36.834346],[-108.73985,36.834166],[-108.739626,36.834162],[-108.739631,36.833981],[-108.739407,36.833977],[-108.739412,36.833797],[-108.738964,36.833788],[-108.738961,36.833879],[-108.739185,36.833883],[-108.739183,36.833973],[-108.738959,36.833969],[-108.738948,36.834329],[-108.739844,36.834346]]]},"properties":{"src":"fm"}},{"type":"Feature","geometry":{"type":"Polygon","coordinates":[[[-108.739466,36.839566],[-108.739472,36.839386],[-108.739248,36.839382],[-108.739242,36.839562],[-108.739466,36.839566]]]},"properties":{"src":"fm"}},{"type":"Feature","geometry":{"type":"Polygon","coordinates":[[[-108.73925,36.839292],[-108.739253,36.839202],[-108.739141,36.839199],[-108.739138,36.83929],[-108.73925,36.839292]]]},"properties":{"src":"fm"}},{"type":"Feature","geometry":{"type":"Polygon","coordinates":[[[-108.739018,36.839558],[-108.739034,36.839017],[-108.73881,36.839013],[-108.738794,36.839553],[-108.739018,36.839558]]]},"properties":{"src":"fm"}},{"type":"Feature","geometry":{"type":"Polygon","coordinates":[[[-108.740157,36.838948],[-108.74016,36.838858],[-108.740048,36.838856],[-108.740045,36.838946],[-108.740157,36.838948]]]},"properties":{"src":"fm"}},{"type":"Feature","geometry":{"type":"Polygon","coordinates":[[[-108.73905,36.838477],[-108.739055,36.838297],[-108.738943,36.838294],[-108.738938,36.838475],[-108.73905,36.838477]]]},"properties":{"src":"fm"}},{"type":"Feature","geometry":{"type":"Polygon","coordinates":[[[-108.739504,36.838305],[-108.73952,36.837765],[-108.739295,36.83776],[-108.73929,36.837941],[-108.739066,36.837936],[-108.739071,36.837756],[-108.738847,36.837752],[-108.738839,36.838022],[-108.738951,36.838024],[-108.738949,36.838114],[-108.739061,36.838116],[-108.739058,36.838206],[-108.73917,36.838209],[-108.739167,36.838299],[-108.739279,36.838301],[-108.739282,36.838211],[-108.739394,36.838213],[-108.739392,36.838303],[-108.739504,36.838305]]]},"properties":{"src":"fm"}},{"type":"Feature","geometry":{"type":"Polygon","coordinates":[[[-108.739543,36.836954],[-108.739546,36.836864],[-108.739434,36.836862],[-108.739431,36.836952],[-108.739543,36.836954]]]},"properties":{"src":"fm"}},{"type":"Feature","geometry":{"type":"Polygon","coordinates":[[[-108.74238,36.839622],[-108.742433,36.83782],[-108.742209,36.837816],[-108.742214,36.837636],[-108.742439,36.83764],[-108.742465,36.836739],[-108.742017,36.836731],[-108.742011,36.836911],[-108.741787,36.836906],[-108.741793,36.836726],[-108.739551,36.836684],[-108.739546,36.836864],[-108.73977,36.836868],[-108.739768,36.836958],[-108.73988,36.83696],[-108.739872,36.837231],[-108.73976,36.837228],[-108.739765,36.837048],[-108.739317,36.83704],[-108.739311,36.83722],[-108.739087,36.837216],[-108.739082,36.837396],[-108.738858,36.837392],[-108.738852,36.837572],[-108.739301,36.83758],[-108.739306,36.8374],[-108.739642,36.837406],[-108.739637,36.837587],[-108.739749,36.837589],[-108.739728,36.838309],[-108.739504,36.838305],[-108.739488,36.838846],[-108.739264,36.838841],[-108.739258,36.839021],[-108.739707,36.83903],[-108.739712,36.83885],[-108.739936,36.838854],[-108.739962,36.837953],[-108.740187,36.837958],[-108.740192,36.837777],[-108.74064,36.837786],[-108.740635,36.837966],[-108.740411,36.837962],[-108.7404,36.838322],[-108.740624,36.838326],[-108.740603,36.839047],[-108.741051,36.839056],[-108.741041,36.839416],[-108.741265,36.83942],[-108.74126,36.8396],[-108.741484,36.839605],[-108.741494,36.839244],[-108.741718,36.839248],[-108.741708,36.839609],[-108.74238,36.839622]],[[-108.741505,36.838884],[-108.741281,36.83888],[-108.741286,36.838699],[-108.74151,36.838704],[-108.741505,36.838884]],[[-108.741291,36.838519],[-108.741067,36.838515],[-108.741073,36.838335],[-108.741297,36.838339],[-108.741291,36.838519]],[[-108.741969,36.838352],[-108.741745,36.838348],[-108.74175,36.838168],[-108.741862,36.83817],[-108.74186,36.83826],[-108.741972,36.838262],[-108.741969,36.838352]],[[-108.741073,36.838335],[-108.740848,36.838331],[-108.740854,36.838151],[-108.741078,36.838155],[-108.741073,36.838335]]]},"properties":{"src":"fm"}},{"type":"Feature","geometry":{"type":"Polygon","coordinates":[[[-108.740726,36.842474],[-108.740732,36.842294],[-108.740283,36.842286],[-108.740278,36.842466],[-108.740726,36.842474]]]},"properties":{"src":"fm"}},{"type":"Feature","geometry":{"type":"Polygon","coordinates":[[[-108.742301,36.842324],[-108.742306,36.842144],[-108.742082,36.842139],[-108.742077,36.84232],[-108.742301,36.842324]]]},"properties":{"src":"fm"}},{"type":"Feature","geometry":{"type":"Polygon","coordinates":[[[-108.741623,36.842491],[-108.741639,36.841951],[-108.741415,36.841947],[-108.74141,36.842127],[-108.741185,36.842122],[-108.74118,36.842303],[-108.740844,36.842296],[-108.740839,36.842476],[-108.741623,36.842491]]]},"properties":{"src":"fm"}},{"type":"Feature","geometry":{"type":"Polygon","coordinates":[[[-108.739382,36.842449],[-108.739398,36.841908],[-108.739173,36.841904],[-108.739163,36.842264],[-108.738939,36.84226],[-108.738933,36.84244],[-108.739382,36.842449]]]},"properties":{"src":"fm"}},{"type":"Feature","geometry":{"type":"Polygon","coordinates":[[[-108.741191,36.841942],[-108.741196,36.841762],[-108.740972,36.841758],[-108.740967,36.841938],[-108.741191,36.841942]]]},"properties":{"src":"fm"}},{"type":"Feature","geometry":{"type":"Polygon","coordinates":[[[-108.740742,36.841934],[-108.740748,36.841754],[-108.740524,36.841749],[-108.740518,36.841929],[-108.740742,36.841934]]]},"properties":{"src":"fm"}},{"type":"Feature","geometry":{"type":"Polygon","coordinates":[[[-108.738944,36.84208],[-108.738955,36.841719],[-108.739179,36.841724],[-108.739189,36.841363],[-108.738965,36.841359],[-108.738963,36.841449],[-108.739075,36.841451],[-108.739072,36.841541],[-108.738736,36.841535],[-108.738722,36.841985],[-108.738835,36.841988],[-108.738832,36.842078],[-108.738944,36.84208]]]},"properties":{"src":"fm"}},{"type":"Feature","geometry":{"type":"Polygon","coordinates":[[[-108.740305,36.841565],[-108.74031,36.841385],[-108.740086,36.84138],[-108.740081,36.841561],[-108.740305,36.841565]]]},"properties":{"src":"fm"}},{"type":"Feature","geometry":{"type":"Polygon","coordinates":[[[-108.740344,36.840214],[-108.740347,36.840124],[-108.740235,36.840122],[-108.740232,36.840212],[-108.740344,36.840214]]]},"properties":{"src":"fm"}},{"type":"Feature","geometry":{"type":"Polygon","coordinates":[[[-108.740571,36.840128],[-108.740577,36.839948],[-108.740352,36.839944],[-108.740347,36.840124],[-108.740571,36.840128]]]},"properties":{"src":"fm"}},{"type":"Feature","geometry":{"type":"Polygon","coordinates":[[[-108.741692,36.840149],[-108.741703,36.839789],[-108.741478,36.839785],[-108.741468,36.840145],[-108.741692,36.840149]]]},"properties":{"src":"fm"}},{"type":"Feature","geometry":{"type":"Polygon","coordinates":[[[-108.742364,36.840162],[-108.74238,36.839622],[-108.741932,36.839613],[-108.741916,36.840154],[-108.742364,36.840162]]]},"properties":{"src":"fm"}},{"type":"Feature","geometry":{"type":"Polygon","coordinates":[[[-108.740358,36.839763],[-108.740363,36.839583],[-108.740139,36.839579],[-108.740136,36.839669],[-108.740248,36.839671],[-108.740246,36.839761],[-108.740358,36.839763]]]},"properties":{"src":"fm"}},{"type":"Feature","geometry":{"type":"Polygon","coordinates":[[[-108.739424,36.841007],[-108.739443,36.840377],[-108.739555,36.840379],[-108.739552,36.840469],[-108.739664,36.840471],[-108.739685,36.839751],[-108.739573,36.839748],[-108.739568,36.839929],[-108.739232,36.839922],[-108.739237,36.839742],[-108.739461,36.839746],[-108.739466,36.839566],[-108.738794,36.839553],[-108.738783,36.839914],[-108.739008,36.839918],[-108.738986,36.840639],[-108.739211,36.840643],[-108.739203,36.840913],[-108.739315,36.840915],[-108.739312,36.841005],[-108.739424,36.841007]],[[-108.739323,36.840645],[-108.739211,36.840643],[-108.739213,36.840553],[-108.739325,36.840555],[-108.739323,36.840645]],[[-108.739445,36.840287],[-108.739221,36.840283],[-108.739226,36.840102],[-108.739451,36.840107],[-108.739445,36.840287]],[[-108.739563,36.840109],[-108.739451,36.840107],[-108.739453,36.840017],[-108.739565,36.840019],[-108.739563,36.840109]],[[-108.739237,36.839742],[-108.739013,36.839738],[-108.739016,36.839648],[-108.73924,36.839652],[-108.739237,36.839742]]]},"properties":{"src":"fm"}},{"type":"Feature","geometry":{"type":"Polygon","coordinates":[[[-108.741101,36.845005],[-108.741106,36.844825],[-108.740882,36.84482],[-108.740876,36.845001],[-108.741101,36.845005]]]},"properties":{"src":"fm"}},{"type":"Feature","geometry":{"type":"Polygon","coordinates":[[[-108.740204,36.844988],[-108.740209,36.844808],[-108.739985,36.844803],[-108.73998,36.844984],[-108.740204,36.844988]]]},"properties":{"src":"fm"}},{"type":"Feature","geometry":{"type":"Polygon","coordinates":[[[-108.74133,36.844829],[-108.741335,36.844649],[-108.741111,36.844645],[-108.741106,36.844825],[-108.74133,36.844829]]]},"properties":{"src":"fm"}},{"type":"Feature","geometry":{"type":"Polygon","coordinates":[[[-108.742211,36.845386],[-108.742237,36.844486],[-108.742013,36.844481],[-108.742008,36.844662],[-108.741784,36.844657],[-108.741778,36.844837],[-108.74133,36.844829],[-108.741325,36.845009],[-108.741773,36.845018],[-108.741768,36.845198],[-108.741544,36.845194],[-108.741538,36.845374],[-108.742211,36.845386]]]},"properties":{"src":"fm"}},{"type":"Feature","geometry":{"type":"Polygon","coordinates":[[[-108.741559,36.844653],[-108.741565,36.844473],[-108.741341,36.844469],[-108.741335,36.844649],[-108.741559,36.844653]]]},"properties":{"src":"fm"}},{"type":"Feature","geometry":{"type":"Polygon","coordinates":[[[-108.741575,36.844113],[-108.741581,36.843932],[-108.741805,36.843937],[-108.741815,36.843576],[-108.741367,36.843568],[-108.741362,36.843748],[-108.741474,36.84375],[-108.741469,36.84393],[-108.741356,36.843928],[-108.741351,36.844108],[-108.741575,36.844113]]]},"properties":{"src":"fm"}},{"type":"Feature","geometry":{"type":"Polygon","coordinates":[[[-108.741154,36.843203],[-108.741159,36.843023],[-108.740935,36.843019],[-108.740929,36.843199],[-108.741154,36.843203]]]},"properties":{"src":"fm"}},{"type":"Feature","geometry":{"type":"Polygon","coordinates":[[[-108.742274,36.843225],[-108.742285,36.842864],[-108.742061,36.84286],[-108.742055,36.84304],[-108.742168,36.843042],[-108.742162,36.843222],[-108.742274,36.843225]]]},"properties":{"src":"fm"}},{"type":"Feature","geometry":{"type":"Polygon","coordinates":[[[-108.740658,36.844816],[-108.740663,36.844636],[-108.740887,36.84464],[-108.740892,36.84446],[-108.741116,36.844464],[-108.741143,36.843564],[-108.741367,36.843568],[-108.741378,36.843208],[-108.741154,36.843203],[-108.741148,36.843383],[-108.740924,36.843379],[-108.740929,36.843199],[-108.740705,36.843195],[-108.7407,36.843375],[-108.740476,36.843371],[-108.740481,36.843191],[-108.739809,36.843178],[-108.739814,36.842998],[-108.740486,36.84301],[-108.740492,36.84283],[-108.740716,36.842834],[-108.740711,36.843015],[-108.740935,36.843019],[-108.740945,36.842659],[-108.740721,36.842654],[-108.740726,36.842474],[-108.740054,36.842461],[-108.740049,36.842642],[-108.739825,36.842637],[-108.739819,36.842817],[-108.739371,36.842809],[-108.739366,36.842989],[-108.738917,36.842981],[-108.738912,36.843161],[-108.738688,36.843156],[-108.738661,36.844057],[-108.738773,36.844059],[-108.738768,36.844239],[-108.738656,36.844237],[-108.738651,36.844417],[-108.738875,36.844422],[-108.73887,36.844602],[-108.739094,36.844606],[-108.739099,36.844426],[-108.739211,36.844428],[-108.739209,36.844518],[-108.739433,36.844522],[-108.73943,36.844613],[-108.739318,36.84461],[-108.739313,36.844791],[-108.739761,36.844799],[-108.739772,36.844439],[-108.739996,36.844443],[-108.73999,36.844623],[-108.740215,36.844627],[-108.740209,36.844808],[-108.740658,36.844816]],[[-108.740892,36.84446],[-108.740444,36.844452],[-108.740449,36.844271],[-108.740898,36.84428],[-108.740892,36.84446]],[[-108.740449,36.844271],[-108.740225,36.844267],[-108.74023,36.844087],[-108.740006,36.844083],[-108.740012,36.843903],[-108.739787,36.843898],[-108.739793,36.843718],[-108.740241,36.843727],[-108.740236,36.843907],[-108.74046,36.843911],[-108.740449,36.844271]],[[-108.739104,36.844246],[-108.73888,36.844242],[-108.738891,36.843881],[-108.739115,36.843886],[-108.739104,36.844246]],[[-108.739894,36.844081],[-108.739782,36.844079],[-108.739785,36.843988],[-108.739897,36.843991],[-108.739894,36.844081]],[[-108.740796,36.843918],[-108.740684,36.843915],[-108.740687,36.843825],[-108.740799,36.843827],[-108.740796,36.843918]],[[-108.740134,36.843544],[-108.740022,36.843542],[-108.740025,36.843452],[-108.740137,36.843454],[-108.740134,36.843544]],[[-108.739798,36.843538],[-108.739574,36.843534],[-108.739579,36.843354],[-108.739803,36.843358],[-108.739798,36.843538]]]},"properties":{"src":"fm"}},{"type":"Feature","geometry":{"type":"Polygon","coordinates":[[[-108.742061,36.84286],[-108.742071,36.8425],[-108.741175,36.842483],[-108.741172,36.842573],[-108.741284,36.842575],[-108.741282,36.842665],[-108.741618,36.842671],[-108.741612,36.842852],[-108.742061,36.84286]]]},"properties":{"src":"fm"}},{"type":"Feature","geometry":{"type":"Polygon","coordinates":[[[-108.739147,36.842805],[-108.739157,36.842444],[-108.738709,36.842436],[-108.738707,36.842526],[-108.738931,36.84253],[-108.738923,36.8428],[-108.739147,36.842805]]]},"properties":{"src":"fm"}},{"type":"Feature","geometry":{"type":"Polygon","coordinates":[[[-108.739014,36.847308],[-108.739019,36.847128],[-108.738795,36.847124],[-108.73879,36.847304],[-108.739014,36.847308]]]},"properties":{"src":"fm"}},{"type":"Feature","geometry":{"type":"Polygon","coordinates":[[[-108.739246,36.847043],[-108.739249,36.846952],[-108.739025,36.846948],[-108.739022,36.847038],[-108.739246,36.847043]]]},"properties":{"src":"fm"}},{"type":"Feature","geometry":{"type":"Polygon","coordinates":[[[-108.742179,36.846467],[-108.742184,36.846287],[-108.74196,36.846283],[-108.741955,36.846463],[-108.742179,36.846467]]]},"properties":{"src":"fm"}},{"type":"Feature","geometry":{"type":"Polygon","coordinates":[[[-108.74196,36.846283],[-108.741965,36.846103],[-108.741741,36.846099],[-108.741739,36.846189],[-108.741851,36.846191],[-108.741848,36.846281],[-108.74196,36.846283]]]},"properties":{"src":"fm"}},{"type":"Feature","geometry":{"type":"Polygon","coordinates":[[[-108.742189,36.846107],[-108.742195,36.845927],[-108.741971,36.845923],[-108.741965,36.846103],[-108.742189,36.846107]]]},"properties":{"src":"fm"}},{"type":"Feature","geometry":{"type":"Polygon","coordinates":[[[-108.7422,36.845747],[-108.742211,36.845386],[-108.741538,36.845374],[-108.741533,36.845554],[-108.741757,36.845558],[-108.741752,36.845738],[-108.7422,36.845747]]]},"properties":{"src":"fm"}},{"type":"Feature","geometry":{"type":"Polygon","coordinates":[[[-108.738921,36.850461],[-108.738924,36.850371],[-108.738812,36.850369],[-108.738809,36.850459],[-108.738921,36.850461]]]},"properties":{"src":"fm"}},{"type":"Feature","geometry":{"type":"Polygon","coordinates":[[[-108.738746,36.810712],[-108.738752,36.810532],[-108.738528,36.810527],[-108.738522,36.810708],[-108.738746,36.810712]]]},"properties":{"src":"fm"}},{"type":"Feature","geometry":{"type":"Polygon","coordinates":[[[-108.738298,36.810703],[-108.738304,36.810523],[-108.738079,36.810519],[-108.738074,36.810699],[-108.738298,36.810703]]]},"properties":{"src":"fm"}},{"type":"Feature","geometry":{"type":"Polygon","coordinates":[[[-108.737423,36.809966],[-108.737426,36.809876],[-108.737314,36.809873],[-108.737311,36.809963],[-108.737423,36.809966]]]},"properties":{"src":"fm"}},{"type":"Feature","geometry":{"type":"Polygon","coordinates":[[[-108.737429,36.809785],[-108.737431,36.809695],[-108.737319,36.809693],[-108.737317,36.809783],[-108.737429,36.809785]]]},"properties":{"src":"fm"}},{"type":"Feature","geometry":{"type":"Polygon","coordinates":[[[-108.737455,36.808885],[-108.737476,36.808164],[-108.737252,36.80816],[-108.737231,36.80888],[-108.737455,36.808885]]]},"properties":{"src":"fm"}},{"type":"Feature","geometry":{"type":"Polygon","coordinates":[[[-108.737026,36.808246],[-108.737028,36.808156],[-108.736916,36.808153],[-108.736914,36.808244],[-108.737026,36.808246]]]},"properties":{"src":"fm"}},{"type":"Feature","geometry":{"type":"Polygon","coordinates":[[[-108.73785,36.810695],[-108.737855,36.810515],[-108.737743,36.810512],[-108.737741,36.810603],[-108.737629,36.8106],[-108.737642,36.81015],[-108.73753,36.810148],[-108.737527,36.810238],[-108.737191,36.810232],[-108.737204,36.809781],[-108.737092,36.809779],[-108.737087,36.809959],[-108.736975,36.809957],[-108.736991,36.809417],[-108.737215,36.809421],[-108.73721,36.809601],[-108.737434,36.809605],[-108.737439,36.809425],[-108.737663,36.809429],[-108.737668,36.809249],[-108.737444,36.809245],[-108.73745,36.809065],[-108.737226,36.809061],[-108.737231,36.80888],[-108.737007,36.808876],[-108.737023,36.808336],[-108.736799,36.808331],[-108.736809,36.807971],[-108.736585,36.807967],[-108.736591,36.807787],[-108.736367,36.807782],[-108.736351,36.808323],[-108.736463,36.808325],[-108.736457,36.808505],[-108.736794,36.808512],[-108.736778,36.809052],[-108.73633,36.809044],[-108.736335,36.808863],[-108.736111,36.808859],[-108.736095,36.8094],[-108.736543,36.809408],[-108.736548,36.809228],[-108.736772,36.809232],[-108.736762,36.809593],[-108.736538,36.809588],[-108.736527,36.809949],[-108.736415,36.809946],[-108.736412,36.810037],[-108.7363,36.810034],[-108.736298,36.810124],[-108.736074,36.81012],[-108.736071,36.81021],[-108.736183,36.810212],[-108.73618,36.810302],[-108.736068,36.8103],[-108.736063,36.81048],[-108.736511,36.810489],[-108.736506,36.810669],[-108.73785,36.810695]],[[-108.736735,36.810493],[-108.736511,36.810489],[-108.736522,36.810129],[-108.736746,36.810133],[-108.736735,36.810493]],[[-108.736858,36.810135],[-108.736746,36.810133],[-108.736756,36.809773],[-108.736868,36.809775],[-108.736858,36.810135]],[[-108.736548,36.809228],[-108.736324,36.809224],[-108.736327,36.809134],[-108.736551,36.809138],[-108.736548,36.809228]]]},"properties":{"src":"fm"}},{"type":"Feature","geometry":{"type":"Polygon","coordinates":[[[-108.736197,36.813547],[-108.736202,36.813367],[-108.735978,36.813363],[-108.735973,36.813543],[-108.736197,36.813547]]]},"properties":{"src":"fm"}},{"type":"Feature","geometry":{"type":"Polygon","coordinates":[[[-108.739165,36.811711],[-108.739168,36.811621],[-108.738944,36.811617],[-108.738941,36.811707],[-108.739165,36.811711]]]},"properties":{"src":"fm"}},{"type":"Feature","geometry":{"type":"Polygon","coordinates":[[[-108.736479,36.81157],[-108.73649,36.81121],[-108.736266,36.811205],[-108.736255,36.811566],[-108.736479,36.81157]]]},"properties":{"src":"fm"}},{"type":"Feature","geometry":{"type":"Polygon","coordinates":[[[-108.739558,36.813611],[-108.73959,36.81253],[-108.739477,36.812528],[-108.739475,36.812618],[-108.739363,36.812616],[-108.739371,36.812346],[-108.739595,36.81235],[-108.7396,36.81217],[-108.73904,36.812159],[-108.739035,36.81234],[-108.738923,36.812337],[-108.738933,36.811977],[-108.738709,36.811973],[-108.738715,36.811793],[-108.738602,36.811791],[-108.7386,36.811881],[-108.738488,36.811879],[-108.738485,36.811969],[-108.738597,36.811971],[-108.738592,36.812151],[-108.73848,36.812149],[-108.738475,36.812329],[-108.73825,36.812325],[-108.738266,36.811784],[-108.738042,36.81178],[-108.738053,36.81142],[-108.737829,36.811415],[-108.737845,36.810875],[-108.738069,36.810879],[-108.738074,36.810699],[-108.737962,36.810697],[-108.737959,36.810787],[-108.737847,36.810785],[-108.73785,36.810695],[-108.736954,36.810678],[-108.736943,36.811038],[-108.736719,36.811034],[-108.736701,36.811664],[-108.736925,36.811669],[-108.736927,36.811578],[-108.737151,36.811583],[-108.73713,36.812303],[-108.736682,36.812295],[-108.736698,36.811754],[-108.73625,36.811746],[-108.736245,36.811926],[-108.736021,36.811922],[-108.73601,36.812282],[-108.736234,36.812286],[-108.736231,36.812376],[-108.736007,36.812372],[-108.736005,36.812462],[-108.736229,36.812466],[-108.736223,36.812647],[-108.736896,36.812659],[-108.736893,36.812749],[-108.736781,36.812747],[-108.736778,36.812837],[-108.736442,36.812831],[-108.736437,36.813011],[-108.736661,36.813015],[-108.736658,36.813106],[-108.736546,36.813103],[-108.736544,36.813193],[-108.736656,36.813196],[-108.73665,36.813376],[-108.736874,36.81338],[-108.736872,36.81347],[-108.73676,36.813468],[-108.736757,36.813558],[-108.738437,36.81359],[-108.738445,36.81332],[-108.738333,36.813318],[-108.738331,36.813408],[-108.738219,36.813406],[-108.738227,36.813135],[-108.738115,36.813133],[-108.738112,36.813223],[-108.738,36.813221],[-108.738005,36.813041],[-108.738453,36.81305],[-108.738448,36.81323],[-108.738672,36.813234],[-108.738667,36.813414],[-108.738891,36.813418],[-108.738886,36.813599],[-108.739558,36.813611]],[[-108.737781,36.813037],[-108.737557,36.813032],[-108.73756,36.812942],[-108.737448,36.81294],[-108.737445,36.81303],[-108.737333,36.813028],[-108.737338,36.812848],[-108.737786,36.812857],[-108.737781,36.813037]],[[-108.738456,36.812959],[-108.738232,36.812955],[-108.738237,36.812775],[-108.738461,36.812779],[-108.738456,36.812959]],[[-108.736458,36.812291],[-108.736234,36.812286],[-108.736239,36.812106],[-108.736463,36.81211],[-108.736458,36.812291]]]},"properties":{"src":"fm"}},{"type":"Feature","geometry":{"type":"Polygon","coordinates":[[[-108.738577,36.816477],[-108.738582,36.816297],[-108.73847,36.816294],[-108.738465,36.816475],[-108.738577,36.816477]]]},"properties":{"src":"fm"}},{"type":"Feature","geometry":{"type":"Polygon","coordinates":[[[-108.736565,36.816258],[-108.736571,36.816078],[-108.736347,36.816074],[-108.736357,36.815713],[-108.735909,36.815705],[-108.735898,36.816065],[-108.736123,36.81607],[-108.736117,36.81625],[-108.736565,36.816258]]]},"properties":{"src":"fm"}},{"type":"Feature","geometry":{"type":"Polygon","coordinates":[[[-108.739041,36.815945],[-108.739046,36.815765],[-108.738822,36.81576],[-108.738817,36.815941],[-108.739041,36.815945]]]},"properties":{"src":"fm"}},{"type":"Feature","geometry":{"type":"Polygon","coordinates":[[[-108.737035,36.815546],[-108.73704,36.815366],[-108.736816,36.815362],[-108.736811,36.815542],[-108.737035,36.815546]]]},"properties":{"src":"fm"}},{"type":"Feature","geometry":{"type":"Polygon","coordinates":[[[-108.739281,36.815409],[-108.739283,36.815319],[-108.739171,36.815316],[-108.739169,36.815406],[-108.739281,36.815409]]]},"properties":{"src":"fm"}},{"type":"Feature","geometry":{"type":"Polygon","coordinates":[[[-108.739286,36.815228],[-108.739294,36.814958],[-108.739182,36.814956],[-108.739179,36.815046],[-108.739067,36.815044],[-108.739065,36.815134],[-108.738953,36.815132],[-108.73895,36.815222],[-108.739286,36.815228]]]},"properties":{"src":"fm"}},{"type":"Feature","geometry":{"type":"Polygon","coordinates":[[[-108.739526,36.814692],[-108.739529,36.814602],[-108.739305,36.814598],[-108.739302,36.814688],[-108.739526,36.814692]]]},"properties":{"src":"fm"}},{"type":"Feature","geometry":{"type":"Polygon","coordinates":[[[-108.738353,36.816472],[-108.738379,36.815572],[-108.738603,36.815576],[-108.738606,36.815486],[-108.738494,36.815484],[-108.738496,36.815394],[-108.738384,36.815392],[-108.738387,36.815301],[-108.738163,36.815297],[-108.738166,36.815207],[-108.737942,36.815203],[-108.73795,36.814933],[-108.737838,36.814931],[-108.737835,36.815021],[-108.737723,36.815018],[-108.737731,36.814748],[-108.737507,36.814744],[-108.737515,36.814474],[-108.737291,36.814469],[-108.737296,36.814289],[-108.737072,36.814285],[-108.737075,36.814195],[-108.736962,36.814193],[-108.73696,36.814283],[-108.736848,36.814281],[-108.736853,36.814101],[-108.736629,36.814096],[-108.736634,36.813916],[-108.73641,36.813912],[-108.736418,36.813642],[-108.736306,36.81364],[-108.736304,36.81373],[-108.736192,36.813728],[-108.736197,36.813547],[-108.735973,36.813543],[-108.735946,36.814444],[-108.736058,36.814446],[-108.736056,36.814536],[-108.735944,36.814534],[-108.735941,36.814624],[-108.736165,36.814628],[-108.73616,36.814808],[-108.736608,36.814817],[-108.736603,36.814997],[-108.736827,36.815001],[-108.736821,36.815182],[-108.737269,36.81519],[-108.737259,36.81555],[-108.737483,36.815555],[-108.737472,36.815915],[-108.7368,36.815902],[-108.736805,36.815722],[-108.736581,36.815718],[-108.736571,36.816078],[-108.737019,36.816087],[-108.737013,36.816267],[-108.737238,36.816271],[-108.737232,36.816451],[-108.738353,36.816472]]]},"properties":{"src":"fm"}},{"type":"Feature","geometry":{"type":"Polygon","coordinates":[[[-108.739067,36.815044],[-108.739094,36.814143],[-108.73887,36.814139],[-108.73888,36.813779],[-108.738656,36.813774],[-108.738661,36.813594],[-108.737093,36.813564],[-108.73709,36.813655],[-108.736978,36.813652],[-108.736976,36.813742],[-108.737312,36.813749],[-108.737309,36.813839],[-108.737197,36.813837],[-108.737195,36.813927],[-108.737531,36.813933],[-108.737528,36.814023],[-108.737416,36.814021],[-108.737413,36.814111],[-108.737973,36.814122],[-108.737971,36.814212],[-108.737635,36.814206],[-108.737632,36.814296],[-108.737968,36.814302],[-108.737965,36.814392],[-108.737853,36.81439],[-108.737851,36.81448],[-108.738187,36.814487],[-108.738184,36.814577],[-108.73796,36.814572],[-108.737957,36.814662],[-108.738182,36.814667],[-108.738176,36.814847],[-108.7384,36.814851],[-108.738395,36.815031],[-108.739067,36.815044]]]},"properties":{"src":"fm"}},{"type":"Feature","geometry":{"type":"Polygon","coordinates":[[[-108.739531,36.814512],[-108.739558,36.813611],[-108.73911,36.813603],[-108.739107,36.813693],[-108.738883,36.813689],[-108.73888,36.813779],[-108.739104,36.813783],[-108.739099,36.813963],[-108.739323,36.813967],[-108.739307,36.814508],[-108.739531,36.814512]]]},"properties":{"src":"fm"}},{"type":"Feature","geometry":{"type":"Polygon","coordinates":[[[-108.737825,36.819166],[-108.737833,36.818896],[-108.737721,36.818894],[-108.737718,36.818984],[-108.737606,36.818982],[-108.737601,36.819162],[-108.737825,36.819166]]]},"properties":{"src":"fm"}},{"type":"Feature","geometry":{"type":"Polygon","coordinates":[[[-108.737371,36.819338],[-108.737393,36.818617],[-108.736945,36.818609],[-108.736929,36.819149],[-108.73648,36.819141],[-108.736486,36.81896],[-108.736038,36.818952],[-108.736048,36.818592],[-108.735824,36.818587],[-108.735803,36.819308],[-108.737371,36.819338]]]},"properties":{"src":"fm"}},{"type":"Feature","geometry":{"type":"Polygon","coordinates":[[[-108.737836,36.818806],[-108.737841,36.818626],[-108.737617,36.818622],[-108.737611,36.818802],[-108.737836,36.818806]]]},"properties":{"src":"fm"}},{"type":"Feature","geometry":{"type":"Polygon","coordinates":[[[-108.736491,36.81878],[-108.736496,36.8186],[-108.736272,36.818596],[-108.736267,36.818776],[-108.736491,36.81878]]]},"properties":{"src":"fm"}},{"type":"Feature","geometry":{"type":"Polygon","coordinates":[[[-108.738753,36.818102],[-108.738756,36.818012],[-108.738644,36.81801],[-108.738641,36.8181],[-108.738753,36.818102]]]},"properties":{"src":"fm"}},{"type":"Feature","geometry":{"type":"Polygon","coordinates":[[[-108.738524,36.818278],[-108.738534,36.817918],[-108.738198,36.817912],[-108.738193,36.818092],[-108.738081,36.81809],[-108.738075,36.81827],[-108.738524,36.818278]]]},"properties":{"src":"fm"}},{"type":"Feature","geometry":{"type":"Polygon","coordinates":[[[-108.739388,36.819376],[-108.739433,36.817845],[-108.739321,36.817843],[-108.739318,36.817933],[-108.739206,36.817931],[-108.739198,36.818201],[-108.739086,36.818199],[-108.739084,36.818289],[-108.738972,36.818287],[-108.738966,36.818467],[-108.738742,36.818463],[-108.738732,36.818823],[-108.738508,36.818819],[-108.738497,36.819179],[-108.738273,36.819175],[-108.738268,36.819355],[-108.739388,36.819376]]]},"properties":{"src":"fm"}},{"type":"Feature","geometry":{"type":"Polygon","coordinates":[[[-108.737867,36.817725],[-108.737873,36.817545],[-108.737649,36.817541],[-108.737643,36.817721],[-108.737867,36.817725]]]},"properties":{"src":"fm"}},{"type":"Feature","geometry":{"type":"Polygon","coordinates":[[[-108.737419,36.817716],[-108.737424,36.817536],[-108.737312,36.817534],[-108.737307,36.817714],[-108.737419,36.817716]]]},"properties":{"src":"fm"}},{"type":"Feature","geometry":{"type":"Polygon","coordinates":[[[-108.738764,36.817742],[-108.738769,36.817562],[-108.738993,36.817566],[-108.739004,36.817206],[-108.739228,36.81721],[-108.739233,36.81703],[-108.738337,36.817013],[-108.738315,36.817734],[-108.738764,36.817742]]]},"properties":{"src":"fm"}},{"type":"Feature","geometry":{"type":"Polygon","coordinates":[[[-108.738566,36.816837],[-108.738569,36.816747],[-108.738457,36.816745],[-108.738454,36.816835],[-108.738566,36.816837]]]},"properties":{"src":"fm"}},{"type":"Feature","geometry":{"type":"Polygon","coordinates":[[[-108.738105,36.817279],[-108.738113,36.817009],[-108.738337,36.817013],[-108.738347,36.816653],[-108.738571,36.816657],[-108.738577,36.816477],[-108.737232,36.816451],[-108.737227,36.816631],[-108.737003,36.816627],[-108.736998,36.816807],[-108.737446,36.816816],[-108.737451,36.816636],[-108.737563,36.816638],[-108.73756,36.816728],[-108.737672,36.81673],[-108.737664,36.817],[-108.737889,36.817004],[-108.737881,36.817275],[-108.738105,36.817279]]]},"properties":{"src":"fm"}},{"type":"Feature","geometry":{"type":"Polygon","coordinates":[[[-108.736555,36.816618],[-108.73656,36.816438],[-108.736112,36.81643],[-108.736107,36.81661],[-108.736555,36.816618]]]},"properties":{"src":"fm"}},{"type":"Feature","geometry":{"type":"Polygon","coordinates":[[[-108.735942,36.822195],[-108.735947,36.822015],[-108.735723,36.82201],[-108.735718,36.82219],[-108.735942,36.822195]]]},"properties":{"src":"fm"}},{"type":"Feature","geometry":{"type":"Polygon","coordinates":[[[-108.739303,36.822259],[-108.739388,36.819376],[-108.738268,36.819355],[-108.738244,36.820166],[-108.738132,36.820163],[-108.738129,36.820254],[-108.738241,36.820256],[-108.738239,36.820346],[-108.738127,36.820344],[-108.738124,36.820434],[-108.738012,36.820432],[-108.737985,36.821332],[-108.738209,36.821337],[-108.738207,36.821427],[-108.737983,36.821422],[-108.737969,36.821873],[-108.738193,36.821877],[-108.738191,36.821967],[-108.737967,36.821963],[-108.737964,36.822053],[-108.738188,36.822057],[-108.738183,36.822237],[-108.739303,36.822259]],[[-108.738634,36.822156],[-108.73841,36.822152],[-108.738412,36.822061],[-108.738636,36.822066],[-108.738634,36.822156]],[[-108.738882,36.821349],[-108.738658,36.821345],[-108.738663,36.821165],[-108.738887,36.821169],[-108.738882,36.821349]],[[-108.738433,36.821341],[-108.738209,36.821337],[-108.738231,36.820616],[-108.738455,36.82062],[-108.738465,36.82026],[-108.738689,36.820264],[-108.738673,36.820805],[-108.738561,36.820803],[-108.738559,36.820893],[-108.738447,36.82089],[-108.738433,36.821341]],[[-108.739111,36.821174],[-108.738887,36.821169],[-108.738892,36.820989],[-108.739004,36.820991],[-108.739002,36.821081],[-108.739114,36.821083],[-108.739111,36.821174]],[[-108.738233,36.820526],[-108.738121,36.820524],[-108.738124,36.820434],[-108.738236,36.820436],[-108.738233,36.820526]],[[-108.738583,36.820082],[-108.738471,36.82008],[-108.738476,36.8199],[-108.738588,36.819902],[-108.738583,36.820082]]]},"properties":{"src":"fm"}},{"type":"Feature","geometry":{"type":"Polygon","coordinates":[[[-108.737511,36.822225],[-108.737521,36.821864],[-108.737297,36.82186],[-108.737345,36.820239],[-108.737569,36.820243],[-108.737572,36.820153],[-108.737348,36.820149],[-108.73735,36.820058],[-108.737574,36.820063],[-108.737577,36.819973],[-108.737353,36.819968],[-108.737356,36.819878],[-108.73758,36.819883],[-108.737596,36.819342],[-108.736923,36.819329],[-108.736918,36.819509],[-108.736694,36.819505],[-108.736699,36.819325],[-108.735803,36.819308],[-108.735739,36.82147],[-108.735851,36.821472],[-108.735849,36.821562],[-108.735961,36.821564],[-108.735953,36.821834],[-108.736401,36.821843],[-108.736396,36.822023],[-108.736844,36.822032],[-108.736838,36.822212],[-108.737511,36.822225]],[[-108.736091,36.820936],[-108.735979,36.820934],[-108.735982,36.820844],[-108.736094,36.820846],[-108.736091,36.820936]],[[-108.737361,36.819698],[-108.736913,36.81969],[-108.736918,36.819509],[-108.737366,36.819518],[-108.737361,36.819698]]]},"properties":{"src":"fm"}},{"type":"Feature","geometry":{"type":"Polygon","coordinates":[[[-108.73877,36.825133],[-108.738781,36.824772],[-108.738557,36.824768],[-108.738551,36.824948],[-108.738327,36.824944],[-108.738333,36.824764],[-108.738109,36.82476],[-108.738114,36.824579],[-108.73789,36.824575],[-108.737898,36.824305],[-108.73801,36.824307],[-108.738007,36.824397],[-108.738119,36.824399],[-108.738117,36.824489],[-108.738229,36.824491],[-108.738226,36.824581],[-108.738786,36.824592],[-108.738789,36.824502],[-108.738565,36.824498],[-108.738589,36.823687],[-108.738365,36.823683],[-108.738354,36.824043],[-108.73813,36.824039],[-108.738127,36.824129],[-108.738239,36.824131],[-108.738237,36.824221],[-108.73678,36.824193],[-108.736775,36.824374],[-108.736551,36.824369],[-108.736567,36.823829],[-108.736342,36.823825],[-108.736334,36.824095],[-108.736447,36.824097],[-108.736444,36.824187],[-108.736332,36.824185],[-108.736326,36.824365],[-108.736102,36.824361],[-108.736097,36.824541],[-108.735873,36.824537],[-108.735862,36.824897],[-108.735638,36.824893],[-108.735633,36.825073],[-108.73877,36.825133]],[[-108.738461,36.824225],[-108.738349,36.824223],[-108.738351,36.824133],[-108.738463,36.824135],[-108.738461,36.824225]]]},"properties":{"src":"fm"}},{"type":"Feature","geometry":{"type":"Polygon","coordinates":[[[-108.737233,36.824022],[-108.737239,36.823842],[-108.737463,36.823846],[-108.737468,36.823666],[-108.73702,36.823657],[-108.737017,36.823747],[-108.737129,36.823749],[-108.737127,36.82384],[-108.737015,36.823837],[-108.737009,36.824018],[-108.737233,36.824022]]]},"properties":{"src":"fm"}},{"type":"Feature","geometry":{"type":"Polygon","coordinates":[[[-108.739261,36.8237],[-108.739264,36.82361],[-108.739151,36.823608],[-108.739149,36.823698],[-108.739261,36.8237]]]},"properties":{"src":"fm"}},{"type":"Feature","geometry":{"type":"Polygon","coordinates":[[[-108.7377,36.8234],[-108.737703,36.82331],[-108.737591,36.823308],[-108.737588,36.823398],[-108.7377,36.8234]]]},"properties":{"src":"fm"}},{"type":"Feature","geometry":{"type":"Polygon","coordinates":[[[-108.73837,36.823503],[-108.738375,36.823323],[-108.738151,36.823318],[-108.738162,36.822958],[-108.737938,36.822954],[-108.737922,36.823494],[-108.73837,36.823503]]]},"properties":{"src":"fm"}},{"type":"Feature","geometry":{"type":"Polygon","coordinates":[[[-108.737938,36.822954],[-108.737948,36.822593],[-108.737724,36.822589],[-108.737713,36.822949],[-108.737938,36.822954]]]},"properties":{"src":"fm"}},{"type":"Feature","geometry":{"type":"Polygon","coordinates":[[[-108.739266,36.82352],[-108.739303,36.822259],[-108.738183,36.822237],[-108.738178,36.822418],[-108.738402,36.822422],[-108.738396,36.822602],[-108.73862,36.822606],[-108.738618,36.822696],[-108.738506,36.822694],[-108.738503,36.822784],[-108.738615,36.822786],[-108.73861,36.822967],[-108.738834,36.822971],[-108.738823,36.823331],[-108.739047,36.823335],[-108.739042,36.823515],[-108.739266,36.82352]]]},"properties":{"src":"fm"}},{"type":"Feature","geometry":{"type":"Polygon","coordinates":[[[-108.737724,36.822589],[-108.737735,36.822229],[-108.736278,36.822201],[-108.736276,36.822291],[-108.736388,36.822293],[-108.736385,36.822383],[-108.736609,36.822388],[-108.736604,36.822568],[-108.736828,36.822572],[-108.736833,36.822392],[-108.737617,36.822407],[-108.737612,36.822587],[-108.737724,36.822589]]]},"properties":{"src":"fm"}},{"type":"Feature","geometry":{"type":"Polygon","coordinates":[[[-108.735799,36.827059],[-108.735804,36.826879],[-108.73558,36.826874],[-108.735575,36.827055],[-108.735799,36.827059]]]},"properties":{"src":"fm"}},{"type":"Feature","geometry":{"type":"Polygon","coordinates":[[[-108.737389,36.826368],[-108.737394,36.826188],[-108.73717,36.826184],[-108.737167,36.826274],[-108.737279,36.826276],[-108.737277,36.826366],[-108.737389,36.826368]]]},"properties":{"src":"fm"}},{"type":"Feature","geometry":{"type":"Polygon","coordinates":[[[-108.739134,36.828024],[-108.739155,36.827303],[-108.738931,36.827299],[-108.738933,36.827209],[-108.739157,36.827213],[-108.739171,36.826763],[-108.738947,36.826758],[-108.738949,36.826668],[-108.739173,36.826672],[-108.739203,36.825682],[-108.738978,36.825677],[-108.738984,36.825497],[-108.73876,36.825493],[-108.73877,36.825133],[-108.736865,36.825096],[-108.736863,36.825186],[-108.736975,36.825189],[-108.736972,36.825279],[-108.736748,36.825274],[-108.736753,36.825094],[-108.735633,36.825073],[-108.735628,36.825253],[-108.73574,36.825255],[-108.735734,36.825435],[-108.735846,36.825437],[-108.735841,36.825618],[-108.735617,36.825613],[-108.735604,36.826064],[-108.735716,36.826066],[-108.735713,36.826156],[-108.735601,36.826154],[-108.735588,36.826604],[-108.7357,36.826606],[-108.735695,36.826786],[-108.735807,36.826789],[-108.735823,36.826248],[-108.736047,36.826252],[-108.736028,36.826883],[-108.73614,36.826885],[-108.736135,36.827065],[-108.735911,36.827061],[-108.735908,36.827151],[-108.73602,36.827153],[-108.736017,36.827243],[-108.735569,36.827235],[-108.735553,36.827775],[-108.735777,36.827779],[-108.735772,36.82796],[-108.73622,36.827968],[-108.736226,36.827788],[-108.73645,36.827792],[-108.736444,36.827972],[-108.739134,36.828024]],[[-108.738595,36.827292],[-108.738483,36.82729],[-108.738485,36.8272],[-108.738597,36.827202],[-108.738595,36.827292]],[[-108.738712,36.827114],[-108.738488,36.82711],[-108.73849,36.82702],[-108.738715,36.827024],[-108.738712,36.827114]],[[-108.737591,36.827093],[-108.737143,36.827084],[-108.737149,36.826904],[-108.737373,36.826909],[-108.73737,36.826999],[-108.737482,36.827001],[-108.737485,36.826911],[-108.737597,36.826913],[-108.737591,36.827093]],[[-108.738717,36.826934],[-108.738493,36.82693],[-108.738498,36.82675],[-108.738723,36.826754],[-108.738717,36.826934]],[[-108.736476,36.826891],[-108.736252,36.826887],[-108.736263,36.826527],[-108.736487,36.826531],[-108.736476,36.826891]],[[-108.737154,36.826724],[-108.73693,36.82672],[-108.736951,36.825999],[-108.737399,36.826008],[-108.737394,36.826188],[-108.737618,36.826192],[-108.737613,36.826372],[-108.737389,36.826368],[-108.737383,36.826548],[-108.737159,36.826544],[-108.737154,36.826724]],[[-108.738533,36.825579],[-108.738421,36.825577],[-108.738424,36.825487],[-108.738536,36.825489],[-108.738533,36.825579]],[[-108.736185,36.825354],[-108.736073,36.825352],[-108.736076,36.825262],[-108.736188,36.825264],[-108.736185,36.825354]],[[-108.735961,36.82535],[-108.735849,36.825347],[-108.735852,36.825257],[-108.735964,36.825259],[-108.735961,36.82535]]]},"properties":{"src":"fm"}},{"type":"Feature","geometry":{"type":"Polygon","coordinates":[[[-108.737056,36.830057],[-108.737064,36.829787],[-108.73684,36.829782],[-108.736834,36.829963],[-108.736946,36.829965],[-108.736944,36.830055],[-108.737056,36.830057]]]},"properties":{"src":"fm"}},{"type":"Feature","geometry":{"type":"Polygon","coordinates":[[[-108.737069,36.829607],[-108.73708,36.829246],[-108.736855,36.829242],[-108.736845,36.829602],[-108.737069,36.829607]]]},"properties":{"src":"fm"}},{"type":"Feature","geometry":{"type":"Polygon","coordinates":[[[-108.737642,36.829167],[-108.737645,36.829077],[-108.737533,36.829075],[-108.73753,36.829165],[-108.737642,36.829167]]]},"properties":{"src":"fm"}},{"type":"Feature","geometry":{"type":"Polygon","coordinates":[[[-108.736855,36.829242],[-108.736866,36.828882],[-108.736642,36.828877],[-108.736631,36.829238],[-108.736855,36.829242]]]},"properties":{"src":"fm"}},{"type":"Feature","geometry":{"type":"Polygon","coordinates":[[[-108.73748,36.830876],[-108.737496,36.830336],[-108.737048,36.830327],[-108.73705,36.830237],[-108.736826,36.830233],[-108.736824,36.830323],[-108.736599,36.830319],[-108.736621,36.829598],[-108.736397,36.829594],[-108.736423,36.828693],[-108.736199,36.828689],[-108.73621,36.828328],[-108.736098,36.828326],[-108.736092,36.828506],[-108.73598,36.828504],[-108.73597,36.828865],[-108.736194,36.828869],[-108.736183,36.829229],[-108.735735,36.829221],[-108.735738,36.829131],[-108.735962,36.829135],[-108.735964,36.829045],[-108.73574,36.829041],[-108.735756,36.8285],[-108.735532,36.828496],[-108.735508,36.829306],[-108.73562,36.829309],[-108.735618,36.829399],[-108.735506,36.829397],[-108.735463,36.830838],[-108.73748,36.830876]]]},"properties":{"src":"fm"}},{"type":"Feature","geometry":{"type":"Polygon","coordinates":[[[-108.73598,36.828504],[-108.735986,36.828324],[-108.735761,36.82832],[-108.735756,36.8285],[-108.73598,36.828504]]]},"properties":{"src":"fm"}},{"type":"Feature","geometry":{"type":"Polygon","coordinates":[[[-108.739049,36.830906],[-108.739134,36.828024],[-108.735996,36.827964],[-108.735991,36.828144],[-108.736439,36.828153],[-108.736434,36.828333],[-108.736658,36.828337],[-108.736653,36.828517],[-108.737101,36.828526],[-108.737098,36.828616],[-108.73721,36.828618],[-108.737208,36.828708],[-108.736871,36.828702],[-108.736866,36.828882],[-108.73709,36.828886],[-108.73708,36.829246],[-108.737304,36.829251],[-108.737293,36.829611],[-108.737517,36.829615],[-108.73753,36.829165],[-108.737306,36.82916],[-108.73732,36.82871],[-108.737544,36.828714],[-108.737536,36.828985],[-108.73776,36.828989],[-108.737741,36.829619],[-108.737965,36.829624],[-108.73796,36.829804],[-108.737736,36.8298],[-108.737731,36.82998],[-108.737955,36.829984],[-108.737928,36.830885],[-108.739049,36.830906]],[[-108.738189,36.829628],[-108.737965,36.829624],[-108.737971,36.829443],[-108.738195,36.829448],[-108.738189,36.829628]],[[-108.736882,36.828341],[-108.736658,36.828337],[-108.736663,36.828157],[-108.736887,36.828161],[-108.736882,36.828341]]]},"properties":{"src":"fm"}},{"type":"Feature","geometry":{"type":"Polygon","coordinates":[[[-108.738967,36.833698],[-108.738969,36.833608],[-108.738857,36.833606],[-108.738854,36.833696],[-108.738967,36.833698]]]},"properties":{"src":"fm"}},{"type":"Feature","geometry":{"type":"Polygon","coordinates":[[[-108.738745,36.833604],[-108.738756,36.833244],[-108.738532,36.833239],[-108.738521,36.8336],[-108.738745,36.833604]]]},"properties":{"src":"fm"}},{"type":"Feature","geometry":{"type":"Polygon","coordinates":[[[-108.735829,36.833639],[-108.735832,36.833549],[-108.736056,36.833553],[-108.736066,36.833193],[-108.735842,36.833188],[-108.735837,36.833368],[-108.735613,36.833364],[-108.735605,36.833634],[-108.735829,36.833639]]]},"properties":{"src":"fm"}},{"type":"Feature","geometry":{"type":"Polygon","coordinates":[[[-108.736069,36.833102],[-108.736072,36.833012],[-108.735847,36.833008],[-108.735845,36.833098],[-108.736069,36.833102]]]},"properties":{"src":"fm"}},{"type":"Feature","geometry":{"type":"Polygon","coordinates":[[[-108.738985,36.833068],[-108.73899,36.832888],[-108.738766,36.832883],[-108.738761,36.833064],[-108.738985,36.833068]]]},"properties":{"src":"fm"}},{"type":"Feature","geometry":{"type":"Polygon","coordinates":[[[-108.736296,36.833017],[-108.736301,36.832837],[-108.736077,36.832832],[-108.736072,36.833012],[-108.736296,36.833017]]]},"properties":{"src":"fm"}},{"type":"Feature","geometry":{"type":"Polygon","coordinates":[[[-108.735853,36.832828],[-108.735858,36.832648],[-108.735634,36.832644],[-108.735639,36.832463],[-108.735415,36.832459],[-108.735413,36.832549],[-108.735525,36.832551],[-108.735522,36.832641],[-108.73541,36.832639],[-108.735405,36.832819],[-108.735853,36.832828]]]},"properties":{"src":"fm"}},{"type":"Feature","geometry":{"type":"Polygon","coordinates":[[[-108.738292,36.833776],[-108.738307,36.833235],[-108.738083,36.833231],[-108.738086,36.833141],[-108.73831,36.833145],[-108.738318,36.832875],[-108.73787,36.832866],[-108.73788,36.832506],[-108.738105,36.83251],[-108.738099,36.832691],[-108.738996,36.832708],[-108.739001,36.832527],[-108.738777,36.832523],[-108.738788,36.832163],[-108.738563,36.832159],[-108.738553,36.832519],[-108.738329,36.832515],[-108.738339,36.832154],[-108.738115,36.83215],[-108.738131,36.83161],[-108.738355,36.831614],[-108.738358,36.831524],[-108.738582,36.831528],[-108.738585,36.831438],[-108.738361,36.831434],[-108.738366,36.831254],[-108.738142,36.831249],[-108.738139,36.831339],[-108.738251,36.831341],[-108.738248,36.831432],[-108.737912,36.831425],[-108.737918,36.831245],[-108.737693,36.831241],[-108.737704,36.83088],[-108.735463,36.830838],[-108.735436,36.831739],[-108.735661,36.831743],[-108.735653,36.832013],[-108.735765,36.832015],[-108.735762,36.832105],[-108.735874,36.832107],[-108.735879,36.831927],[-108.736328,36.831936],[-108.736338,36.831575],[-108.736786,36.831584],[-108.736776,36.831944],[-108.737224,36.831953],[-108.737216,36.832223],[-108.737328,36.832225],[-108.737325,36.832315],[-108.737438,36.832317],[-108.737432,36.832498],[-108.737656,36.832502],[-108.737651,36.832682],[-108.737427,36.832678],[-108.737406,36.833398],[-108.737182,36.833394],[-108.737171,36.833754],[-108.737619,36.833763],[-108.737624,36.833583],[-108.737849,36.833587],[-108.737843,36.833767],[-108.738292,36.833776]],[[-108.737742,36.833405],[-108.73763,36.833403],[-108.737632,36.833313],[-108.737745,36.833315],[-108.737742,36.833405]],[[-108.738201,36.833053],[-108.738089,36.833051],[-108.738091,36.832961],[-108.738203,36.832963],[-108.738201,36.833053]],[[-108.737752,36.833044],[-108.73764,36.833042],[-108.737643,36.832952],[-108.737755,36.832954],[-108.737752,36.833044]],[[-108.737758,36.832864],[-108.737646,36.832862],[-108.737648,36.832772],[-108.73776,36.832774],[-108.737758,36.832864]],[[-108.73811,36.83233],[-108.737886,36.832326],[-108.737891,36.832146],[-108.738115,36.83215],[-108.73811,36.83233]],[[-108.735778,36.831565],[-108.735666,36.831563],[-108.735669,36.831473],[-108.735781,36.831475],[-108.735778,36.831565]]]},"properties":{"src":"fm"}},{"type":"Feature","geometry":{"type":"Polygon","coordinates":[[[-108.739017,36.831987],[-108.739038,36.831266],[-108.738814,36.831262],[-108.738819,36.831082],[-108.739043,36.831086],[-108.739049,36.830906],[-108.737928,36.830885],[-108.737918,36.831245],[-108.738142,36.831249],[-108.738144,36.831159],[-108.738256,36.831161],[-108.738259,36.831071],[-108.738371,36.831073],[-108.738366,36.831254],[-108.73859,36.831258],[-108.738587,36.831348],[-108.738811,36.831352],[-108.738803,36.831622],[-108.738579,36.831618],[-108.738574,36.831798],[-108.738798,36.831803],[-108.738793,36.831983],[-108.739017,36.831987]]]},"properties":{"src":"fm"}},{"type":"Feature","geometry":{"type":"Polygon","coordinates":[[[-108.73889,36.836311],[-108.738895,36.83613],[-108.738783,36.836128],[-108.738778,36.836308],[-108.73889,36.836311]]]},"properties":{"src":"fm"}},{"type":"Feature","geometry":{"type":"Polygon","coordinates":[[[-108.738665,36.836306],[-108.738671,36.836126],[-108.738223,36.836118],[-108.738217,36.836298],[-108.738441,36.836302],[-108.738444,36.836212],[-108.738556,36.836214],[-108.738553,36.836304],[-108.738665,36.836306]]]},"properties":{"src":"fm"}},{"type":"Feature","geometry":{"type":"Polygon","coordinates":[[[-108.738223,36.836118],[-108.738228,36.835938],[-108.73778,36.835929],[-108.737774,36.836109],[-108.737998,36.836113],[-108.738001,36.836023],[-108.738113,36.836025],[-108.73811,36.836116],[-108.738223,36.836118]]]},"properties":{"src":"fm"}},{"type":"Feature","geometry":{"type":"Polygon","coordinates":[[[-108.738676,36.835946],[-108.738681,36.835766],[-108.738457,36.835762],[-108.738452,36.835942],[-108.738676,36.835946]]]},"properties":{"src":"fm"}},{"type":"Feature","geometry":{"type":"Polygon","coordinates":[[[-108.736899,36.835371],[-108.736904,36.835191],[-108.73668,36.835187],[-108.736678,36.835277],[-108.73679,36.835279],[-108.736787,36.835369],[-108.736899,36.835371]]]},"properties":{"src":"fm"}},{"type":"Feature","geometry":{"type":"Polygon","coordinates":[[[-108.738916,36.83541],[-108.738927,36.83505],[-108.738815,36.835047],[-108.738809,36.835228],[-108.738697,36.835225],[-108.738692,36.835406],[-108.738916,36.83541]]]},"properties":{"src":"fm"}},{"type":"Feature","geometry":{"type":"Polygon","coordinates":[[[-108.738238,36.835577],[-108.738244,36.835397],[-108.738468,36.835401],[-108.738478,36.835041],[-108.73803,36.835032],[-108.73802,36.835393],[-108.737571,36.835384],[-108.737569,36.835474],[-108.737681,36.835476],[-108.737678,36.835567],[-108.738238,36.835577]]]},"properties":{"src":"fm"}},{"type":"Feature","geometry":{"type":"Polygon","coordinates":[[[-108.736795,36.835099],[-108.736798,36.835009],[-108.736686,36.835007],[-108.736683,36.835097],[-108.736795,36.835099]]]},"properties":{"src":"fm"}},{"type":"Feature","geometry":{"type":"Polygon","coordinates":[[[-108.736243,36.834818],[-108.736248,36.834638],[-108.736024,36.834634],[-108.736021,36.834724],[-108.736133,36.834726],[-108.736131,36.834816],[-108.736243,36.834818]]]},"properties":{"src":"fm"}},{"type":"Feature","geometry":{"type":"Polygon","coordinates":[[[-108.736686,36.835007],[-108.736707,36.834286],[-108.736483,36.834282],[-108.736467,36.834822],[-108.736243,36.834818],[-108.73624,36.834908],[-108.736352,36.83491],[-108.736349,36.835],[-108.736686,36.835007]]]},"properties":{"src":"fm"}},{"type":"Feature","geometry":{"type":"Polygon","coordinates":[[[-108.738708,36.834865],[-108.738724,36.834325],[-108.7385,36.83432],[-108.738484,36.834861],[-108.738708,36.834865]]]},"properties":{"src":"fm"}},{"type":"Feature","geometry":{"type":"Polygon","coordinates":[[[-108.737806,36.835028],[-108.737811,36.834848],[-108.738036,36.834852],[-108.738044,36.834582],[-108.738156,36.834584],[-108.738153,36.834674],[-108.738265,36.834676],[-108.738292,36.833776],[-108.738067,36.833771],[-108.738062,36.833952],[-108.737838,36.833947],[-108.737827,36.834308],[-108.737603,36.834303],[-108.737614,36.833943],[-108.73739,36.833939],[-108.737387,36.834029],[-108.737499,36.834031],[-108.737496,36.834121],[-108.73716,36.834115],[-108.73715,36.834475],[-108.736926,36.834471],[-108.73691,36.835011],[-108.737358,36.83502],[-108.737363,36.83484],[-108.737587,36.834844],[-108.737582,36.835024],[-108.737806,36.835028]],[[-108.737705,36.834666],[-108.737593,36.834664],[-108.737595,36.834574],[-108.737707,36.834576],[-108.737705,36.834666]]]},"properties":{"src":"fm"}},{"type":"Feature","geometry":{"type":"Polygon","coordinates":[[[-108.736483,36.834282],[-108.736499,36.833742],[-108.736274,36.833737],[-108.736259,36.834278],[-108.736483,36.834282]]]},"properties":{"src":"fm"}},{"type":"Feature","geometry":{"type":"Polygon","coordinates":[[[-108.738734,36.833964],[-108.73874,36.833784],[-108.738516,36.83378],[-108.738513,36.83387],[-108.738625,36.833872],[-108.738622,36.833962],[-108.738734,36.833964]]]},"properties":{"src":"fm"}},{"type":"Feature","geometry":{"type":"Polygon","coordinates":[[[-108.737838,36.833947],[-108.737843,36.833767],[-108.737619,36.833763],[-108.737614,36.833943],[-108.737838,36.833947]]]},"properties":{"src":"fm"}},{"type":"Feature","geometry":{"type":"Polygon","coordinates":[[[-108.73739,36.833939],[-108.737395,36.833759],[-108.737171,36.833754],[-108.737166,36.833935],[-108.73739,36.833939]]]},"properties":{"src":"fm"}},{"type":"Feature","geometry":{"type":"Polygon","coordinates":[[[-108.738346,36.839545],[-108.738351,36.839365],[-108.738127,36.83936],[-108.738122,36.839541],[-108.738346,36.839545]]]},"properties":{"src":"fm"}},{"type":"Feature","geometry":{"type":"Polygon","coordinates":[[[-108.736104,36.839502],[-108.73611,36.839322],[-108.735886,36.839318],[-108.73588,36.839498],[-108.736104,36.839502]]]},"properties":{"src":"fm"}},{"type":"Feature","geometry":{"type":"Polygon","coordinates":[[[-108.736339,36.839146],[-108.736345,36.838966],[-108.73612,36.838962],[-108.736115,36.839142],[-108.736339,36.839146]]]},"properties":{"src":"fm"}},{"type":"Feature","geometry":{"type":"Polygon","coordinates":[[[-108.738799,36.839373],[-108.738815,36.838833],[-108.738591,36.838828],[-108.738596,36.838648],[-108.738148,36.83864],[-108.738138,36.839],[-108.738362,36.839004],[-108.738356,36.839185],[-108.738581,36.839189],[-108.738575,36.839369],[-108.738799,36.839373]]]},"properties":{"src":"fm"}},{"type":"Feature","geometry":{"type":"Polygon","coordinates":[[[-108.73636,36.838426],[-108.736366,36.838245],[-108.73659,36.83825],[-108.736595,36.838069],[-108.736147,36.838061],[-108.736136,36.838421],[-108.73636,36.838426]]]},"properties":{"src":"fm"}},{"type":"Feature","geometry":{"type":"Polygon","coordinates":[[[-108.737684,36.839172],[-108.737727,36.837731],[-108.737614,36.837728],[-108.737609,36.837909],[-108.737497,36.837906],[-108.737481,36.838447],[-108.737257,36.838443],[-108.737254,36.838533],[-108.737366,36.838535],[-108.737364,36.838625],[-108.736803,36.838614],[-108.736814,36.838254],[-108.73659,36.83825],[-108.736563,36.83915],[-108.737012,36.839159],[-108.737022,36.838799],[-108.737246,36.838803],[-108.737249,36.838713],[-108.737361,36.838715],[-108.737358,36.838805],[-108.737471,36.838807],[-108.73746,36.839167],[-108.737684,36.839172]]]},"properties":{"src":"fm"}},{"type":"Feature","geometry":{"type":"Polygon","coordinates":[[[-108.737262,36.838262],[-108.737268,36.838082],[-108.737044,36.838078],[-108.737059,36.837538],[-108.736835,36.837533],[-108.736817,36.838164],[-108.737153,36.83817],[-108.73715,36.83826],[-108.737262,36.838262]]]},"properties":{"src":"fm"}},{"type":"Feature","geometry":{"type":"Polygon","coordinates":[[[-108.737951,36.837735],[-108.737956,36.837555],[-108.73762,36.837548],[-108.737617,36.837638],[-108.737729,36.83764],[-108.737727,36.837731],[-108.737951,36.837735]]]},"properties":{"src":"fm"}},{"type":"Feature","geometry":{"type":"Polygon","coordinates":[[[-108.737734,36.83746],[-108.737737,36.83737],[-108.737625,36.837368],[-108.737622,36.837458],[-108.737734,36.83746]]]},"properties":{"src":"fm"}},{"type":"Feature","geometry":{"type":"Polygon","coordinates":[[[-108.738185,36.837379],[-108.738191,36.837199],[-108.738079,36.837196],[-108.738073,36.837377],[-108.738185,36.837379]]]},"properties":{"src":"fm"}},{"type":"Feature","geometry":{"type":"Polygon","coordinates":[[[-108.735933,36.837696],[-108.735939,36.837516],[-108.736387,36.837525],[-108.736392,36.837345],[-108.736841,36.837353],[-108.736846,36.837173],[-108.735949,36.837156],[-108.735947,36.837246],[-108.736171,36.83725],[-108.736168,36.83734],[-108.735496,36.837328],[-108.735491,36.837508],[-108.735266,36.837503],[-108.735261,36.837684],[-108.735933,36.837696]]]},"properties":{"src":"fm"}},{"type":"Feature","geometry":{"type":"Polygon","coordinates":[[[-108.737959,36.837465],[-108.737972,36.837014],[-108.737748,36.83701],[-108.737737,36.83737],[-108.737849,36.837372],[-108.737847,36.837462],[-108.737959,36.837465]]]},"properties":{"src":"fm"}},{"type":"Feature","geometry":{"type":"Polygon","coordinates":[[[-108.737813,36.842419],[-108.737818,36.842239],[-108.737146,36.842226],[-108.73714,36.842406],[-108.737813,36.842419]]]},"properties":{"src":"fm"}},{"type":"Feature","geometry":{"type":"Polygon","coordinates":[[[-108.738261,36.842427],[-108.738277,36.841887],[-108.738053,36.841883],[-108.738047,36.842063],[-108.737935,36.842061],[-108.737925,36.842421],[-108.738261,36.842427]],[[-108.738151,36.842335],[-108.738039,36.842333],[-108.738042,36.842243],[-108.738154,36.842245],[-108.738151,36.842335]]]},"properties":{"src":"fm"}},{"type":"Feature","geometry":{"type":"Polygon","coordinates":[[[-108.737375,36.84205],[-108.73738,36.84187],[-108.737156,36.841865],[-108.737151,36.842046],[-108.737375,36.84205]]]},"properties":{"src":"fm"}},{"type":"Feature","geometry":{"type":"Polygon","coordinates":[[[-108.736724,36.841316],[-108.736729,36.841136],[-108.736505,36.841132],[-108.7365,36.841312],[-108.736724,36.841316]]]},"properties":{"src":"fm"}},{"type":"Feature","geometry":{"type":"Polygon","coordinates":[[[-108.738501,36.841891],[-108.738506,36.841711],[-108.73873,36.841715],[-108.738741,36.841355],[-108.738517,36.841351],[-108.738528,36.84099],[-108.737631,36.840973],[-108.73762,36.841334],[-108.737396,36.841329],[-108.737402,36.841149],[-108.737177,36.841145],[-108.73718,36.841055],[-108.737404,36.841059],[-108.737412,36.840789],[-108.7373,36.840787],[-108.737295,36.840967],[-108.737183,36.840965],[-108.737188,36.840785],[-108.73674,36.840776],[-108.736737,36.840866],[-108.736849,36.840868],[-108.736846,36.840958],[-108.736959,36.84096],[-108.736943,36.841501],[-108.737167,36.841505],[-108.737169,36.841415],[-108.737394,36.841419],[-108.737391,36.841509],[-108.737839,36.841518],[-108.737834,36.841698],[-108.738058,36.841702],[-108.738055,36.841792],[-108.738392,36.841799],[-108.738389,36.841889],[-108.738501,36.841891]],[[-108.738405,36.841349],[-108.738293,36.841346],[-108.738295,36.841256],[-108.738407,36.841258],[-108.738405,36.841349]],[[-108.738069,36.841342],[-108.737844,36.841338],[-108.737847,36.841248],[-108.738071,36.841252],[-108.738069,36.841342]]]},"properties":{"src":"fm"}},{"type":"Feature","geometry":{"type":"Polygon","coordinates":[[[-108.73651,36.840952],[-108.736516,36.840772],[-108.736291,36.840767],[-108.736289,36.840858],[-108.736401,36.84086],[-108.736398,36.84095],[-108.73651,36.840952]]]},"properties":{"src":"fm"}},{"type":"Feature","geometry":{"type":"Polygon","coordinates":[[[-108.735571,36.842376],[-108.735582,36.842016],[-108.735358,36.842011],[-108.735368,36.841651],[-108.735817,36.84166],[-108.735822,36.84148],[-108.735598,36.841475],[-108.735603,36.841295],[-108.736051,36.841304],[-108.736046,36.841484],[-108.73627,36.841488],[-108.736286,36.840948],[-108.735614,36.840935],[-108.735619,36.840755],[-108.736067,36.840763],[-108.736073,36.840583],[-108.735176,36.840566],[-108.735171,36.840746],[-108.735395,36.84075],[-108.73539,36.840931],[-108.735165,36.840926],[-108.735123,36.842368],[-108.735571,36.842376]],[[-108.735483,36.841563],[-108.735371,36.841561],[-108.735374,36.841471],[-108.735486,36.841473],[-108.735483,36.841563]]]},"properties":{"src":"fm"}},{"type":"Feature","geometry":{"type":"Polygon","coordinates":[[[-108.738085,36.840802],[-108.73809,36.840621],[-108.737866,36.840617],[-108.737871,36.840437],[-108.737647,36.840433],[-108.737642,36.840613],[-108.737417,36.840609],[-108.737412,36.840789],[-108.73786,36.840797],[-108.737863,36.840707],[-108.737975,36.840709],[-108.737972,36.8408],[-108.738085,36.840802]]]},"properties":{"src":"fm"}},{"type":"Feature","geometry":{"type":"Polygon","coordinates":[[[-108.736521,36.840592],[-108.736526,36.840411],[-108.736302,36.840407],[-108.736297,36.840587],[-108.736521,36.840592]]]},"properties":{"src":"fm"}},{"type":"Feature","geometry":{"type":"Polygon","coordinates":[[[-108.736537,36.840051],[-108.736542,36.839871],[-108.736318,36.839867],[-108.736313,36.840047],[-108.736537,36.840051]]]},"properties":{"src":"fm"}},{"type":"Feature","geometry":{"type":"Polygon","coordinates":[[[-108.737193,36.840604],[-108.737204,36.840244],[-108.737428,36.840248],[-108.737431,36.840158],[-108.737543,36.84016],[-108.73754,36.840251],[-108.737652,36.840253],[-108.737655,36.840163],[-108.737767,36.840165],[-108.737764,36.840255],[-108.737876,36.840257],[-108.737871,36.840437],[-108.737983,36.840439],[-108.73798,36.840529],[-108.738092,36.840531],[-108.738095,36.840441],[-108.738319,36.840446],[-108.738325,36.840265],[-108.738437,36.840268],[-108.738434,36.840358],[-108.738546,36.84036],[-108.738543,36.84045],[-108.738768,36.840454],[-108.738773,36.840274],[-108.738549,36.84027],[-108.738554,36.84009],[-108.738106,36.840081],[-108.738111,36.839901],[-108.737887,36.839897],[-108.737892,36.839716],[-108.737444,36.839708],[-108.737439,36.839888],[-108.73699,36.83988],[-108.736985,36.84006],[-108.736761,36.840055],[-108.73675,36.840416],[-108.737087,36.840422],[-108.737081,36.840602],[-108.737193,36.840604]],[[-108.738213,36.840263],[-108.7381,36.840261],[-108.738103,36.840171],[-108.738215,36.840173],[-108.738213,36.840263]]]},"properties":{"src":"fm"}},{"type":"Feature","geometry":{"type":"Polygon","coordinates":[[[-108.73699,36.83988],[-108.736996,36.839699],[-108.736772,36.839695],[-108.736766,36.839875],[-108.73699,36.83988]]]},"properties":{"src":"fm"}},{"type":"Feature","geometry":{"type":"Polygon","coordinates":[[[-108.736318,36.839867],[-108.736323,36.839687],[-108.736099,36.839682],[-108.736094,36.839862],[-108.736318,36.839867]]]},"properties":{"src":"fm"}},{"type":"Feature","geometry":{"type":"Polygon","coordinates":[[[-108.738335,36.839905],[-108.738341,36.839725],[-108.738789,36.839734],[-108.738794,36.839553],[-108.738122,36.839541],[-108.738111,36.839901],[-108.738335,36.839905]]]},"properties":{"src":"fm"}},{"type":"Feature","geometry":{"type":"Polygon","coordinates":[[[-108.735961,36.844366],[-108.735966,36.844186],[-108.735742,36.844182],[-108.735737,36.844362],[-108.735961,36.844366]]]},"properties":{"src":"fm"}},{"type":"Feature","geometry":{"type":"Polygon","coordinates":[[[-108.735513,36.844358],[-108.735531,36.843727],[-108.735643,36.843729],[-108.735641,36.843819],[-108.735753,36.843822],[-108.735758,36.843641],[-108.735086,36.843629],[-108.735064,36.844349],[-108.735513,36.844358]]]},"properties":{"src":"fm"}},{"type":"Feature","geometry":{"type":"Polygon","coordinates":[[[-108.736618,36.84492],[-108.73662,36.844829],[-108.736844,36.844834],[-108.736852,36.844564],[-108.737076,36.844568],[-108.737082,36.844388],[-108.737306,36.844392],[-108.737311,36.844212],[-108.737087,36.844207],[-108.737092,36.844027],[-108.736644,36.844019],[-108.736665,36.843298],[-108.736441,36.843294],[-108.736447,36.843114],[-108.736222,36.843109],[-108.736228,36.842929],[-108.735331,36.842912],[-108.735326,36.843092],[-108.735102,36.843088],[-108.735091,36.843448],[-108.735315,36.843453],[-108.73532,36.843273],[-108.735993,36.843285],[-108.735988,36.843466],[-108.736212,36.84347],[-108.736201,36.84383],[-108.735977,36.843826],[-108.735966,36.844186],[-108.73619,36.84419],[-108.736185,36.844371],[-108.735961,36.844366],[-108.735958,36.844456],[-108.736183,36.844461],[-108.736175,36.844731],[-108.736399,36.844735],[-108.736393,36.844915],[-108.736618,36.84492]]]},"properties":{"src":"fm"}},{"type":"Feature","geometry":{"type":"Polygon","coordinates":[[[-108.738016,36.843144],[-108.738021,36.842963],[-108.737573,36.842955],[-108.737567,36.843135],[-108.738016,36.843144]]]},"properties":{"src":"fm"}},{"type":"Feature","geometry":{"type":"Polygon","coordinates":[[[-108.736452,36.842934],[-108.736457,36.842753],[-108.736233,36.842749],[-108.736228,36.842929],[-108.736452,36.842934]]]},"properties":{"src":"fm"}},{"type":"Feature","geometry":{"type":"Polygon","coordinates":[[[-108.735334,36.842822],[-108.735336,36.842732],[-108.735112,36.842728],[-108.73511,36.842818],[-108.735334,36.842822]]]},"properties":{"src":"fm"}},{"type":"Feature","geometry":{"type":"Polygon","coordinates":[[[-108.735785,36.842741],[-108.73579,36.84256],[-108.735566,36.842556],[-108.735561,36.842736],[-108.735785,36.842741]]]},"properties":{"src":"fm"}},{"type":"Feature","geometry":{"type":"Polygon","coordinates":[[[-108.737578,36.842775],[-108.737588,36.842414],[-108.73714,36.842406],[-108.73713,36.842766],[-108.737578,36.842775]],[[-108.737468,36.842683],[-108.737356,36.84268],[-108.737359,36.84259],[-108.737471,36.842593],[-108.737468,36.842683]]]},"properties":{"src":"fm"}},{"type":"Feature","geometry":{"type":"Polygon","coordinates":[[[-108.736905,36.842762],[-108.736916,36.842402],[-108.736692,36.842397],[-108.736681,36.842758],[-108.736905,36.842762]]]},"properties":{"src":"fm"}},{"type":"Feature","geometry":{"type":"Polygon","coordinates":[[[-108.738651,36.844417],[-108.738699,36.842796],[-108.738474,36.842792],[-108.738477,36.842702],[-108.738701,36.842706],[-108.738704,36.842616],[-108.738256,36.842607],[-108.738261,36.842427],[-108.737813,36.842419],[-108.737807,36.842599],[-108.738031,36.842603],[-108.738021,36.842963],[-108.738245,36.842968],[-108.73824,36.843148],[-108.738016,36.843144],[-108.73801,36.843324],[-108.737786,36.84332],[-108.737781,36.8435],[-108.737332,36.843491],[-108.737317,36.844032],[-108.737541,36.844036],[-108.737535,36.844216],[-108.737984,36.844225],[-108.737978,36.844405],[-108.738651,36.844417]],[[-108.738547,36.844145],[-108.738435,36.844143],[-108.738437,36.844053],[-108.738549,36.844055],[-108.738547,36.844145]],[[-108.738581,36.842974],[-108.738469,36.842972],[-108.738472,36.842882],[-108.738584,36.842884],[-108.738581,36.842974]]]},"properties":{"src":"fm"}},{"type":"Feature","geometry":{"type":"Polygon","coordinates":[[[-108.735342,36.842552],[-108.735347,36.842372],[-108.735123,36.842368],[-108.735118,36.842548],[-108.735342,36.842552]]]},"properties":{"src":"fm"}},{"type":"Feature","geometry":{"type":"Polygon","coordinates":[[[-108.73705,36.845469],[-108.737055,36.845288],[-108.736607,36.84528],[-108.736604,36.84537],[-108.736716,36.845372],[-108.736714,36.845462],[-108.73705,36.845469]]]},"properties":{"src":"fm"}},{"type":"Feature","geometry":{"type":"Polygon","coordinates":[[[-108.736153,36.845451],[-108.736159,36.845271],[-108.73571,36.845263],[-108.735705,36.845443],[-108.736153,36.845451]]]},"properties":{"src":"fm"}},{"type":"Feature","geometry":{"type":"Polygon","coordinates":[[[-108.737277,36.845383],[-108.737279,36.845293],[-108.737167,36.845291],[-108.737165,36.845381],[-108.737277,36.845383]]]},"properties":{"src":"fm"}},{"type":"Feature","geometry":{"type":"Polygon","coordinates":[[[-108.737347,36.850611],[-108.737349,36.850521],[-108.737125,36.850517],[-108.737123,36.850607],[-108.737347,36.850611]]]},"properties":{"src":"fm"}},{"type":"Feature","geometry":{"type":"Polygon","coordinates":[[[-108.736674,36.850599],[-108.736677,36.850509],[-108.736453,36.850504],[-108.73645,36.850594],[-108.736674,36.850599]]]},"properties":{"src":"fm"}},{"type":"Feature","geometry":{"type":"Polygon","coordinates":[[[-108.737376,36.849621],[-108.737381,36.84944],[-108.737157,36.849436],[-108.737152,36.849616],[-108.737376,36.849621]]]},"properties":{"src":"fm"}},{"type":"Feature","geometry":{"type":"Polygon","coordinates":[[[-108.734969,36.809558],[-108.734975,36.809378],[-108.734751,36.809374],[-108.734745,36.809554],[-108.734969,36.809558]]]},"properties":{"src":"fm"}},{"type":"Feature","geometry":{"type":"Polygon","coordinates":[[[-108.736105,36.809039],[-108.736111,36.808859],[-108.735887,36.808855],[-108.735881,36.809035],[-108.736105,36.809039]]]},"properties":{"src":"fm"}},{"type":"Feature","geometry":{"type":"Polygon","coordinates":[[[-108.735228,36.808392],[-108.735231,36.808302],[-108.735006,36.808297],[-108.735004,36.808387],[-108.735228,36.808392]]]},"properties":{"src":"fm"}},{"type":"Feature","geometry":{"type":"Polygon","coordinates":[[[-108.735973,36.813543],[-108.735983,36.813183],[-108.735759,36.813179],[-108.735762,36.813088],[-108.73565,36.813086],[-108.735647,36.813176],[-108.735535,36.813174],[-108.735541,36.812994],[-108.735317,36.81299],[-108.735322,36.81281],[-108.73465,36.812797],[-108.734652,36.812707],[-108.73454,36.812705],[-108.734538,36.812795],[-108.734426,36.812793],[-108.734428,36.812703],[-108.734316,36.8127],[-108.734319,36.81261],[-108.732414,36.812574],[-108.732388,36.813475],[-108.735973,36.813543]]]},"properties":{"src":"fm"}},{"type":"Feature","geometry":{"type":"Polygon","coordinates":[[[-108.735557,36.812454],[-108.735559,36.812364],[-108.735447,36.812361],[-108.735445,36.812452],[-108.735557,36.812454]]]},"properties":{"src":"fm"}},{"type":"Feature","geometry":{"type":"Polygon","coordinates":[[[-108.733993,36.812244],[-108.733996,36.812154],[-108.733884,36.812151],[-108.733881,36.812241],[-108.733993,36.812244]]]},"properties":{"src":"fm"}},{"type":"Feature","geometry":{"type":"Polygon","coordinates":[[[-108.733545,36.812235],[-108.733548,36.812145],[-108.733436,36.812143],[-108.733433,36.812233],[-108.733545,36.812235]]]},"properties":{"src":"fm"}},{"type":"Feature","geometry":{"type":"Polygon","coordinates":[[[-108.736005,36.812462],[-108.736031,36.811561],[-108.735807,36.811557],[-108.735791,36.812098],[-108.735343,36.812089],[-108.735348,36.811909],[-108.735124,36.811905],[-108.735119,36.812085],[-108.734671,36.812076],[-108.734682,36.811716],[-108.734458,36.811712],[-108.734447,36.812072],[-108.734223,36.812068],[-108.734218,36.812248],[-108.735786,36.812278],[-108.735783,36.812368],[-108.735671,36.812366],[-108.735669,36.812456],[-108.736005,36.812462]],[[-108.734668,36.812166],[-108.734556,36.812164],[-108.734559,36.812074],[-108.734671,36.812076],[-108.734668,36.812166]]]},"properties":{"src":"fm"}},{"type":"Feature","geometry":{"type":"Polygon","coordinates":[[[-108.733569,36.811424],[-108.733572,36.811334],[-108.73346,36.811332],[-108.733457,36.811422],[-108.733569,36.811424]]]},"properties":{"src":"fm"}},{"type":"Feature","geometry":{"type":"Polygon","coordinates":[[[-108.736036,36.811381],[-108.736042,36.811201],[-108.735818,36.811197],[-108.735812,36.811377],[-108.736036,36.811381]]]},"properties":{"src":"fm"}},{"type":"Feature","geometry":{"type":"Polygon","coordinates":[[[-108.733999,36.812063],[-108.734004,36.811883],[-108.73378,36.811879],[-108.733785,36.811699],[-108.733673,36.811697],[-108.733671,36.811787],[-108.733559,36.811785],[-108.733556,36.811875],[-108.733332,36.81187],[-108.733343,36.81151],[-108.733119,36.811506],[-108.733134,36.810965],[-108.73291,36.810961],[-108.7329,36.811321],[-108.732676,36.811317],[-108.732681,36.811137],[-108.732457,36.811133],[-108.73243,36.812034],[-108.733999,36.812063]],[[-108.732657,36.811948],[-108.732545,36.811946],[-108.732548,36.811856],[-108.73266,36.811858],[-108.732657,36.811948]],[[-108.732889,36.811682],[-108.732665,36.811677],[-108.73267,36.811497],[-108.732894,36.811502],[-108.732889,36.811682]]]},"properties":{"src":"fm"}},{"type":"Feature","geometry":{"type":"Polygon","coordinates":[[[-108.735216,36.816413],[-108.735221,36.816233],[-108.734997,36.816228],[-108.734992,36.816408],[-108.735216,36.816413]]]},"properties":{"src":"fm"}},{"type":"Feature","geometry":{"type":"Polygon","coordinates":[[[-108.734997,36.816228],[-108.735008,36.815868],[-108.734783,36.815864],[-108.734773,36.816224],[-108.734997,36.816228]]]},"properties":{"src":"fm"}},{"type":"Feature","geometry":{"type":"Polygon","coordinates":[[[-108.735674,36.816061],[-108.73568,36.815881],[-108.735456,36.815877],[-108.73545,36.816057],[-108.735674,36.816061]]]},"properties":{"src":"fm"}},{"type":"Feature","geometry":{"type":"Polygon","coordinates":[[[-108.735015,36.815598],[-108.735018,36.815508],[-108.734906,36.815506],[-108.734903,36.815596],[-108.735015,36.815598]]]},"properties":{"src":"fm"}},{"type":"Feature","geometry":{"type":"Polygon","coordinates":[[[-108.733935,36.814225],[-108.73394,36.814045],[-108.733716,36.814041],[-108.733711,36.814221],[-108.733935,36.814225]]]},"properties":{"src":"fm"}},{"type":"Feature","geometry":{"type":"Polygon","coordinates":[[[-108.734543,36.8164],[-108.734549,36.81622],[-108.734325,36.816215],[-108.73433,36.816035],[-108.734554,36.81604],[-108.734559,36.815859],[-108.734783,36.815864],[-108.734799,36.815323],[-108.735248,36.815332],[-108.735242,36.815512],[-108.735466,36.815516],[-108.735477,36.815156],[-108.735253,36.815152],[-108.735255,36.815062],[-108.735368,36.815064],[-108.73537,36.814974],[-108.735482,36.814976],[-108.735493,36.814615],[-108.735045,36.814607],[-108.73505,36.814427],[-108.735722,36.81444],[-108.735717,36.81462],[-108.735941,36.814624],[-108.735973,36.813543],[-108.732388,36.813475],[-108.732383,36.813655],[-108.732719,36.813661],[-108.732713,36.813841],[-108.732601,36.813839],[-108.732596,36.814019],[-108.732372,36.814015],[-108.732367,36.814195],[-108.733039,36.814208],[-108.733031,36.814478],[-108.733367,36.814485],[-108.733364,36.814575],[-108.733252,36.814573],[-108.733247,36.814753],[-108.732799,36.814744],[-108.732804,36.814564],[-108.732356,36.814556],[-108.732303,36.816357],[-108.734543,36.8164]],[[-108.734559,36.815859],[-108.734335,36.815855],[-108.734338,36.815765],[-108.734562,36.815769],[-108.734559,36.815859]],[[-108.73457,36.815499],[-108.734122,36.815491],[-108.734133,36.81513],[-108.734357,36.815135],[-108.734349,36.815405],[-108.734573,36.815409],[-108.73457,36.815499]],[[-108.733674,36.815482],[-108.73345,36.815478],[-108.733455,36.815298],[-108.733231,36.815293],[-108.733239,36.815023],[-108.733351,36.815025],[-108.733348,36.815115],[-108.73346,36.815117],[-108.733466,36.814937],[-108.733242,36.814933],[-108.733247,36.814753],[-108.733359,36.814755],[-108.733356,36.814845],[-108.733468,36.814847],[-108.733476,36.814577],[-108.7337,36.814581],[-108.733695,36.814761],[-108.733583,36.814759],[-108.733578,36.814939],[-108.73369,36.814942],[-108.733674,36.815482]],[[-108.734362,36.814954],[-108.734138,36.81495],[-108.734143,36.81477],[-108.733919,36.814766],[-108.73393,36.814405],[-108.733482,36.814397],[-108.733487,36.814217],[-108.733039,36.814208],[-108.733044,36.814028],[-108.73282,36.814024],[-108.732831,36.813663],[-108.733279,36.813672],[-108.733273,36.813852],[-108.733722,36.813861],[-108.733724,36.813771],[-108.733948,36.813775],[-108.733946,36.813865],[-108.734618,36.813878],[-108.734613,36.814058],[-108.734388,36.814054],[-108.734373,36.814594],[-108.73426,36.814592],[-108.734258,36.814682],[-108.73437,36.814684],[-108.734362,36.814954]],[[-108.734815,36.814783],[-108.734591,36.814779],[-108.734597,36.814598],[-108.734821,36.814603],[-108.734815,36.814783]],[[-108.734826,36.814423],[-108.734602,36.814418],[-108.734605,36.814328],[-108.734829,36.814332],[-108.734826,36.814423]]]},"properties":{"src":"fm"}},{"type":"Feature","geometry":{"type":"Polygon","coordinates":[[[-108.733786,36.81927],[-108.733792,36.819089],[-108.733567,36.819085],[-108.733573,36.818905],[-108.733125,36.818896],[-108.733135,36.818536],[-108.732911,36.818532],[-108.732909,36.818622],[-108.733021,36.818624],[-108.733018,36.818714],[-108.732682,36.818708],[-108.732687,36.818528],[-108.732463,36.818523],[-108.732474,36.818163],[-108.732362,36.818161],[-108.732356,36.818341],[-108.732244,36.818339],[-108.732218,36.81924],[-108.733786,36.81927]],[[-108.73257,36.818706],[-108.732458,36.818703],[-108.73246,36.818613],[-108.732572,36.818616],[-108.73257,36.818706]]]},"properties":{"src":"fm"}},{"type":"Feature","geometry":{"type":"Polygon","coordinates":[[[-108.735848,36.817777],[-108.735851,36.817687],[-108.735627,36.817682],[-108.735624,36.817772],[-108.735848,36.817777]]]},"properties":{"src":"fm"}},{"type":"Feature","geometry":{"type":"Polygon","coordinates":[[[-108.735803,36.819308],[-108.735829,36.818407],[-108.735717,36.818405],[-108.735715,36.818495],[-108.735603,36.818493],[-108.735605,36.818403],[-108.735381,36.818399],[-108.735392,36.818038],[-108.735168,36.818034],[-108.735171,36.817944],[-108.735395,36.817948],[-108.735397,36.817858],[-108.735173,36.817854],[-108.735184,36.817494],[-108.73496,36.817489],[-108.734968,36.817219],[-108.735192,36.817223],[-108.735194,36.817133],[-108.73497,36.817129],[-108.734981,36.816769],[-108.734757,36.816764],[-108.734762,36.816584],[-108.734538,36.81658],[-108.734543,36.8164],[-108.734319,36.816396],[-108.734314,36.816576],[-108.73409,36.816572],[-108.734095,36.816391],[-108.732303,36.816357],[-108.732292,36.816717],[-108.732516,36.816722],[-108.732503,36.817172],[-108.732615,36.817174],[-108.732612,36.817264],[-108.732276,36.817258],[-108.732266,36.817618],[-108.73249,36.817623],[-108.732495,36.817442],[-108.732607,36.817445],[-108.732599,36.817715],[-108.732711,36.817717],[-108.732714,36.817627],[-108.732938,36.817631],[-108.732935,36.817721],[-108.733047,36.817723],[-108.733042,36.817903],[-108.733154,36.817906],[-108.733146,36.818176],[-108.733594,36.818184],[-108.733586,36.818455],[-108.733698,36.818457],[-108.733695,36.818547],[-108.733808,36.818549],[-108.733797,36.818909],[-108.734133,36.818916],[-108.73413,36.819006],[-108.734242,36.819008],[-108.734234,36.819278],[-108.734907,36.819291],[-108.734909,36.819201],[-108.735133,36.819205],[-108.735131,36.819295],[-108.735803,36.819308]],[[-108.735136,36.819115],[-108.734688,36.819106],[-108.734691,36.819016],[-108.734803,36.819019],[-108.734805,36.818928],[-108.735141,36.818935],[-108.735136,36.819115]],[[-108.734805,36.818928],[-108.734693,36.818926],[-108.734696,36.818836],[-108.734808,36.818838],[-108.734805,36.818928]],[[-108.734474,36.818742],[-108.734026,36.818733],[-108.734032,36.818553],[-108.73448,36.818562],[-108.734474,36.818742]],[[-108.734704,36.818566],[-108.73448,36.818562],[-108.734485,36.818382],[-108.734709,36.818386],[-108.734704,36.818566]],[[-108.734261,36.818377],[-108.734037,36.818373],[-108.734048,36.818013],[-108.734272,36.818017],[-108.734269,36.818107],[-108.734493,36.818111],[-108.73449,36.818201],[-108.734266,36.818197],[-108.734261,36.818377]],[[-108.734501,36.817841],[-108.734053,36.817833],[-108.734058,36.817652],[-108.734506,36.817661],[-108.734501,36.817841]],[[-108.733829,36.817828],[-108.733381,36.81782],[-108.733407,36.816919],[-108.733743,36.816925],[-108.733738,36.817106],[-108.73385,36.817108],[-108.733845,36.817288],[-108.734069,36.817292],[-108.734058,36.817652],[-108.733834,36.817648],[-108.733829,36.817828]],[[-108.73329,36.817097],[-108.733178,36.817095],[-108.733183,36.816915],[-108.733295,36.816917],[-108.73329,36.817097]]]},"properties":{"src":"fm"}},{"type":"Feature","geometry":{"type":"Polygon","coordinates":[[[-108.735883,36.816606],[-108.735888,36.816426],[-108.735664,36.816421],[-108.735658,36.816601],[-108.735883,36.816606]]]},"properties":{"src":"fm"}},{"type":"Feature","geometry":{"type":"Polygon","coordinates":[[[-108.732378,36.821406],[-108.732383,36.821226],[-108.732159,36.821221],[-108.732154,36.821401],[-108.732378,36.821406]]]},"properties":{"src":"fm"}},{"type":"Feature","geometry":{"type":"Polygon","coordinates":[[[-108.732402,36.820595],[-108.732405,36.820505],[-108.732181,36.820501],[-108.732178,36.820591],[-108.732402,36.820595]]]},"properties":{"src":"fm"}},{"type":"Feature","geometry":{"type":"Polygon","coordinates":[[[-108.73241,36.820325],[-108.732442,36.819244],[-108.732218,36.81924],[-108.732186,36.820321],[-108.73241,36.820325]]]},"properties":{"src":"fm"}},{"type":"Feature","geometry":{"type":"Polygon","coordinates":[[[-108.735718,36.82219],[-108.735723,36.82201],[-108.735499,36.822006],[-108.73551,36.821646],[-108.735622,36.821648],[-108.735619,36.821738],[-108.735731,36.82174],[-108.735782,36.820029],[-108.735558,36.820024],[-108.735563,36.819844],[-108.735787,36.819848],[-108.735803,36.819308],[-108.734122,36.819276],[-108.73412,36.819366],[-108.734232,36.819368],[-108.734224,36.819638],[-108.734,36.819634],[-108.734005,36.819454],[-108.733781,36.81945],[-108.733786,36.81927],[-108.732666,36.819248],[-108.732663,36.819338],[-108.732775,36.81934],[-108.732773,36.81943],[-108.733109,36.819437],[-108.733103,36.819617],[-108.733327,36.819621],[-108.733325,36.819711],[-108.733437,36.819714],[-108.733434,36.819804],[-108.733546,36.819806],[-108.733544,36.819896],[-108.733656,36.819898],[-108.733653,36.819988],[-108.733765,36.81999],[-108.73376,36.82017],[-108.733984,36.820175],[-108.733978,36.820355],[-108.734203,36.820359],[-108.734192,36.820719],[-108.734416,36.820724],[-108.734411,36.820904],[-108.734859,36.820912],[-108.734853,36.821092],[-108.734629,36.821088],[-108.734627,36.821178],[-108.734739,36.82118],[-108.734736,36.82127],[-108.734848,36.821273],[-108.734843,36.821453],[-108.734619,36.821448],[-108.734613,36.821629],[-108.73495,36.821635],[-108.734944,36.821815],[-108.734832,36.821813],[-108.73483,36.821903],[-108.734942,36.821905],[-108.734939,36.821995],[-108.735387,36.822004],[-108.735384,36.822094],[-108.735497,36.822096],[-108.735494,36.822186],[-108.735718,36.82219]],[[-108.735398,36.821644],[-108.735286,36.821641],[-108.735288,36.821551],[-108.7354,36.821553],[-108.735398,36.821644]],[[-108.733989,36.819994],[-108.733765,36.81999],[-108.73377,36.81981],[-108.733994,36.819814],[-108.733989,36.819994]],[[-108.735563,36.819844],[-108.735339,36.81984],[-108.735349,36.81948],[-108.735574,36.819484],[-108.735563,36.819844]],[[-108.735013,36.819473],[-108.734901,36.819471],[-108.734904,36.819381],[-108.735016,36.819383],[-108.735013,36.819473]]]},"properties":{"src":"fm"}},{"type":"Feature","geometry":{"type":"Polygon","coordinates":[[[-108.733531,36.827917],[-108.733536,36.827737],[-108.732192,36.827711],[-108.732187,36.827891],[-108.733307,36.827913],[-108.73331,36.827823],[-108.733422,36.827825],[-108.733419,36.827915],[-108.733531,36.827917]]]},"properties":{"src":"fm"}},{"type":"Feature","geometry":{"type":"Polygon","coordinates":[[[-108.734428,36.827934],[-108.734438,36.827574],[-108.73399,36.827565],[-108.733985,36.827745],[-108.733761,36.827741],[-108.733755,36.827921],[-108.734428,36.827934]]]},"properties":{"src":"fm"}},{"type":"Feature","geometry":{"type":"Polygon","coordinates":[[[-108.733091,36.827638],[-108.733094,36.827548],[-108.732869,36.827544],[-108.732867,36.827634],[-108.733091,36.827638]]]},"properties":{"src":"fm"}},{"type":"Feature","geometry":{"type":"Polygon","coordinates":[[[-108.7351,36.827947],[-108.735116,36.827406],[-108.734892,36.827402],[-108.734876,36.827943],[-108.7351,36.827947]]]},"properties":{"src":"fm"}},{"type":"Feature","geometry":{"type":"Polygon","coordinates":[[[-108.735553,36.827775],[-108.735569,36.827235],[-108.735345,36.82723],[-108.735335,36.827591],[-108.735447,36.827593],[-108.735441,36.827773],[-108.735553,36.827775]]]},"properties":{"src":"fm"}},{"type":"Feature","geometry":{"type":"Polygon","coordinates":[[[-108.733334,36.827012],[-108.733339,36.826832],[-108.732891,36.826823],[-108.732888,36.826913],[-108.733112,36.826917],[-108.733109,36.827008],[-108.733334,36.827012]]]},"properties":{"src":"fm"}},{"type":"Feature","geometry":{"type":"Polygon","coordinates":[[[-108.733787,36.82684],[-108.733792,36.82666],[-108.73368,36.826658],[-108.733678,36.826748],[-108.733566,36.826746],[-108.733563,36.826836],[-108.733787,36.82684]]]},"properties":{"src":"fm"}},{"type":"Feature","geometry":{"type":"Polygon","coordinates":[[[-108.734241,36.826669],[-108.734246,36.826488],[-108.734022,36.826484],[-108.734017,36.826664],[-108.734241,36.826669]]]},"properties":{"src":"fm"}},{"type":"Feature","geometry":{"type":"Polygon","coordinates":[[[-108.734689,36.826677],[-108.734699,36.826317],[-108.734251,36.826308],[-108.734246,36.826488],[-108.73447,36.826493],[-108.734467,36.826583],[-108.734579,36.826585],[-108.734577,36.826675],[-108.734689,36.826677]]]},"properties":{"src":"fm"}},{"type":"Feature","geometry":{"type":"Polygon","coordinates":[[[-108.735366,36.82651],[-108.735372,36.82633],[-108.735596,36.826334],[-108.735601,36.826154],[-108.735377,36.82615],[-108.735382,36.825969],[-108.734934,36.825961],[-108.734929,36.826141],[-108.734705,36.826137],[-108.734699,36.826317],[-108.735036,36.826323],[-108.735033,36.826413],[-108.735145,36.826415],[-108.735142,36.826506],[-108.735366,36.82651]]]},"properties":{"src":"fm"}},{"type":"Feature","geometry":{"type":"Polygon","coordinates":[[[-108.735612,36.825793],[-108.735622,36.825433],[-108.735398,36.825429],[-108.735393,36.825609],[-108.735169,36.825605],[-108.735164,36.825785],[-108.735612,36.825793]]]},"properties":{"src":"fm"}},{"type":"Feature","geometry":{"type":"Polygon","coordinates":[[[-108.735527,36.828676],[-108.735537,36.828316],[-108.735313,36.828311],[-108.735303,36.828672],[-108.735527,36.828676]]]},"properties":{"src":"fm"}},{"type":"Feature","geometry":{"type":"Polygon","coordinates":[[[-108.733971,36.828196],[-108.733979,36.827925],[-108.733755,36.827921],[-108.73375,36.828101],[-108.733862,36.828103],[-108.733859,36.828194],[-108.733971,36.828196]]]},"properties":{"src":"fm"}},{"type":"Feature","geometry":{"type":"Polygon","coordinates":[[[-108.735463,36.830838],[-108.735479,36.830297],[-108.735255,36.830293],[-108.73526,36.830113],[-108.735484,36.830117],[-108.735521,36.828856],[-108.735073,36.828848],[-108.735079,36.828667],[-108.734854,36.828663],[-108.73487,36.828123],[-108.735094,36.828127],[-108.7351,36.827947],[-108.734652,36.827938],[-108.734641,36.828299],[-108.734417,36.828294],[-108.734396,36.829015],[-108.73462,36.829019],[-108.734625,36.828839],[-108.734849,36.828843],[-108.734833,36.829384],[-108.734609,36.829379],[-108.734604,36.82956],[-108.734156,36.829551],[-108.73415,36.829731],[-108.734374,36.829735],[-108.734369,36.829916],[-108.734593,36.82992],[-108.734588,36.8301],[-108.7347,36.830102],[-108.734697,36.830192],[-108.734809,36.830194],[-108.734799,36.830555],[-108.734911,36.830557],[-108.734908,36.830647],[-108.73502,36.830649],[-108.735015,36.830829],[-108.735463,36.830838]],[[-108.735383,36.829755],[-108.735271,36.829753],[-108.735273,36.829663],[-108.735385,36.829665],[-108.735383,36.829755]]]},"properties":{"src":"fm"}},{"type":"Feature","geometry":{"type":"Polygon","coordinates":[[[-108.734422,36.828114],[-108.734428,36.827934],[-108.734203,36.82793],[-108.734198,36.82811],[-108.734422,36.828114]]]},"properties":{"src":"fm"}},{"type":"Feature","geometry":{"type":"Polygon","coordinates":[[[-108.733302,36.828093],[-108.733307,36.827913],[-108.733083,36.827908],[-108.733078,36.828088],[-108.733302,36.828093]]]},"properties":{"src":"fm"}},{"type":"Feature","geometry":{"type":"Polygon","coordinates":[[[-108.732395,36.828436],[-108.7324,36.828256],[-108.733072,36.828269],[-108.733078,36.828088],[-108.732181,36.828071],[-108.732184,36.827981],[-108.732408,36.827986],[-108.732411,36.827895],[-108.731962,36.827887],[-108.731946,36.828427],[-108.732171,36.828432],[-108.732176,36.828252],[-108.732288,36.828254],[-108.732283,36.828434],[-108.732395,36.828436]]]},"properties":{"src":"fm"}},{"type":"Feature","geometry":{"type":"Polygon","coordinates":[[[-108.735431,36.831919],[-108.735463,36.830838],[-108.735015,36.830829],[-108.735004,36.83119],[-108.735228,36.831194],[-108.735207,36.831914],[-108.735431,36.831919]]]},"properties":{"src":"fm"}},{"type":"Feature","geometry":{"type":"Polygon","coordinates":[[[-108.7335,36.836568],[-108.733505,36.836388],[-108.733281,36.836384],[-108.733276,36.836564],[-108.7335,36.836568]]]},"properties":{"src":"fm"}},{"type":"Feature","geometry":{"type":"Polygon","coordinates":[[[-108.734802,36.838035],[-108.734808,36.837855],[-108.735256,36.837864],[-108.735266,36.837503],[-108.735042,36.837499],[-108.735037,36.837679],[-108.734589,36.837671],[-108.734578,36.838031],[-108.734802,36.838035]]]},"properties":{"src":"fm"}},{"type":"Feature","geometry":{"type":"Polygon","coordinates":[[[-108.732668,36.84196],[-108.732673,36.84178],[-108.732561,36.841778],[-108.732556,36.841958],[-108.732668,36.84196]]]},"properties":{"src":"fm"}},{"type":"Feature","geometry":{"type":"Polygon","coordinates":[[[-108.734258,36.84127],[-108.734264,36.841089],[-108.733591,36.841077],[-108.733586,36.841257],[-108.734258,36.84127]]]},"properties":{"src":"fm"}},{"type":"Feature","geometry":{"type":"Polygon","coordinates":[[[-108.735123,36.842368],[-108.735165,36.840926],[-108.734941,36.840922],[-108.734936,36.841102],[-108.734712,36.841098],[-108.734707,36.841278],[-108.734819,36.84128],[-108.734816,36.84137],[-108.734704,36.841368],[-108.734701,36.841458],[-108.734477,36.841454],[-108.734472,36.841634],[-108.734023,36.841626],[-108.734018,36.841806],[-108.733794,36.841801],[-108.733786,36.842072],[-108.733898,36.842074],[-108.733895,36.842164],[-108.733783,36.842162],[-108.733778,36.842342],[-108.735123,36.842368]],[[-108.734456,36.842175],[-108.734232,36.84217],[-108.734237,36.84199],[-108.734461,36.841994],[-108.734456,36.842175]]]},"properties":{"src":"fm"}},{"type":"Feature","geometry":{"type":"Polygon","coordinates":[[[-108.734712,36.841098],[-108.734717,36.840918],[-108.734493,36.840913],[-108.734488,36.841094],[-108.734712,36.841098]]]},"properties":{"src":"fm"}},{"type":"Feature","geometry":{"type":"Polygon","coordinates":[[[-108.734941,36.840922],[-108.734947,36.840742],[-108.734722,36.840738],[-108.734717,36.840918],[-108.734941,36.840922]]]},"properties":{"src":"fm"}},{"type":"Feature","geometry":{"type":"Polygon","coordinates":[[[-108.735171,36.840746],[-108.735176,36.840566],[-108.734952,36.840562],[-108.734947,36.840742],[-108.735171,36.840746]]]},"properties":{"src":"fm"}},{"type":"Feature","geometry":{"type":"Polygon","coordinates":[[[-108.732935,36.840523],[-108.732951,36.839983],[-108.733175,36.839987],[-108.73318,36.839807],[-108.732732,36.839798],[-108.732713,36.840429],[-108.732825,36.840431],[-108.732823,36.840521],[-108.732935,36.840523]]]},"properties":{"src":"fm"}},{"type":"Feature","geometry":{"type":"Polygon","coordinates":[[[-108.732959,36.839713],[-108.732961,36.839622],[-108.732737,36.839618],[-108.732735,36.839708],[-108.732959,36.839713]]]},"properties":{"src":"fm"}},{"type":"Feature","geometry":{"type":"Polygon","coordinates":[[[-108.734144,36.845143],[-108.734147,36.845053],[-108.734035,36.845051],[-108.734032,36.845141],[-108.734144,36.845143]]]},"properties":{"src":"fm"}},{"type":"Feature","geometry":{"type":"Polygon","coordinates":[[[-108.734595,36.845061],[-108.734598,36.844971],[-108.734822,36.844975],[-108.734824,36.844885],[-108.734376,36.844877],[-108.734371,36.845057],[-108.734595,36.845061]]]},"properties":{"src":"fm"}},{"type":"Feature","geometry":{"type":"Polygon","coordinates":[[[-108.733917,36.845229],[-108.733928,36.844868],[-108.733704,36.844864],[-108.733706,36.844774],[-108.733594,36.844772],[-108.733592,36.844862],[-108.733479,36.84486],[-108.733485,36.84468],[-108.732812,36.844667],[-108.732796,36.845207],[-108.733917,36.845229]]]},"properties":{"src":"fm"}},{"type":"Feature","geometry":{"type":"Polygon","coordinates":[[[-108.73393,36.844778],[-108.733933,36.844688],[-108.733821,36.844686],[-108.733818,36.844776],[-108.73393,36.844778]]]},"properties":{"src":"fm"}},{"type":"Feature","geometry":{"type":"Polygon","coordinates":[[[-108.732596,36.844392],[-108.732599,36.844302],[-108.732375,36.844298],[-108.732372,36.844388],[-108.732596,36.844392]]]},"properties":{"src":"fm"}},{"type":"Feature","geometry":{"type":"Polygon","coordinates":[[[-108.732823,36.844306],[-108.732828,36.844126],[-108.731932,36.844109],[-108.731926,36.844289],[-108.732151,36.844294],[-108.732153,36.844204],[-108.732265,36.844206],[-108.732263,36.844296],[-108.732375,36.844298],[-108.732377,36.844208],[-108.732714,36.844214],[-108.732711,36.844304],[-108.732823,36.844306]]]},"properties":{"src":"fm"}},{"type":"Feature","geometry":{"type":"Polygon","coordinates":[[[-108.732831,36.844036],[-108.732834,36.843946],[-108.732609,36.843942],[-108.732607,36.844032],[-108.732831,36.844036]]]},"properties":{"src":"fm"}},{"type":"Feature","geometry":{"type":"Polygon","coordinates":[[[-108.733287,36.843775],[-108.733293,36.843594],[-108.732844,36.843586],[-108.732842,36.843676],[-108.732954,36.843678],[-108.732951,36.843768],[-108.733287,36.843775]]]},"properties":{"src":"fm"}},{"type":"Feature","geometry":{"type":"Polygon","coordinates":[[[-108.731948,36.843569],[-108.731958,36.843208],[-108.731734,36.843204],[-108.731724,36.843564],[-108.731948,36.843569]]]},"properties":{"src":"fm"}},{"type":"Feature","geometry":{"type":"Polygon","coordinates":[[[-108.733762,36.842882],[-108.733767,36.842702],[-108.733543,36.842698],[-108.733538,36.842878],[-108.733762,36.842882]]]},"properties":{"src":"fm"}},{"type":"Feature","geometry":{"type":"Polygon","coordinates":[[[-108.735059,36.844529],[-108.735123,36.842368],[-108.733778,36.842342],[-108.733775,36.842432],[-108.733887,36.842434],[-108.733885,36.842524],[-108.733997,36.842526],[-108.733992,36.842706],[-108.73444,36.842715],[-108.734424,36.843255],[-108.7342,36.843251],[-108.734194,36.843431],[-108.73397,36.843427],[-108.733965,36.843607],[-108.734413,36.843616],[-108.734408,36.843796],[-108.734856,36.843804],[-108.73484,36.844345],[-108.734392,36.844336],[-108.734387,36.844517],[-108.735059,36.844529]],[[-108.734637,36.84362],[-108.734413,36.843616],[-108.734419,36.843436],[-108.734643,36.84344],[-108.734637,36.84362]]]},"properties":{"src":"fm"}},{"type":"Feature","geometry":{"type":"Polygon","coordinates":[[[-108.732321,36.846099],[-108.732332,36.845739],[-108.732556,36.845743],[-108.732559,36.845653],[-108.732783,36.845658],[-108.732786,36.845568],[-108.733234,36.845576],[-108.733239,36.845396],[-108.733912,36.845409],[-108.733917,36.845229],[-108.732348,36.845199],[-108.732343,36.845379],[-108.731894,36.84537],[-108.731889,36.84555],[-108.731441,36.845542],[-108.73143,36.845902],[-108.731878,36.845911],[-108.731873,36.846091],[-108.732321,36.846099]]]},"properties":{"src":"fm"}},{"type":"Feature","geometry":{"type":"Polygon","coordinates":[[[-108.731129,36.810567],[-108.731134,36.810387],[-108.73091,36.810382],[-108.730905,36.810562],[-108.731129,36.810567]]]},"properties":{"src":"fm"}},{"type":"Feature","geometry":{"type":"Polygon","coordinates":[[[-108.730232,36.81055],[-108.730238,36.810369],[-108.730686,36.810378],[-108.730691,36.810198],[-108.730019,36.810185],[-108.730024,36.810005],[-108.730472,36.810013],[-108.730478,36.809833],[-108.73003,36.809825],[-108.730067,36.808564],[-108.729843,36.808559],[-108.729864,36.807839],[-108.730312,36.807847],[-108.730318,36.807667],[-108.728973,36.807641],[-108.728931,36.809083],[-108.729155,36.809087],[-108.729149,36.809267],[-108.728925,36.809263],[-108.728909,36.809803],[-108.729134,36.809808],[-108.729131,36.809898],[-108.729019,36.809895],[-108.729016,36.809986],[-108.729128,36.809988],[-108.729123,36.810168],[-108.729347,36.810172],[-108.729336,36.810532],[-108.730232,36.81055]],[[-108.730238,36.810369],[-108.730014,36.810365],[-108.730016,36.810275],[-108.73024,36.810279],[-108.730238,36.810369]],[[-108.729944,36.808922],[-108.729832,36.80892],[-108.729838,36.808739],[-108.72995,36.808742],[-108.729944,36.808922]]]},"properties":{"src":"fm"}},{"type":"Feature","geometry":{"type":"Polygon","coordinates":[[[-108.73243,36.812034],[-108.732433,36.811943],[-108.732321,36.811941],[-108.732318,36.812031],[-108.73243,36.812034]]]},"properties":{"src":"fm"}},{"type":"Feature","geometry":{"type":"Polygon","coordinates":[[[-108.731758,36.812021],[-108.731761,36.811931],[-108.731649,36.811928],[-108.731646,36.812019],[-108.731758,36.812021]]]},"properties":{"src":"fm"}},{"type":"Feature","geometry":{"type":"Polygon","coordinates":[[[-108.731534,36.812016],[-108.731537,36.811926],[-108.731425,36.811924],[-108.731422,36.812014],[-108.731534,36.812016]]]},"properties":{"src":"fm"}},{"type":"Feature","geometry":{"type":"Polygon","coordinates":[[[-108.732388,36.813475],[-108.732414,36.812574],[-108.731518,36.812557],[-108.731524,36.812377],[-108.731075,36.812368],[-108.731081,36.812188],[-108.730633,36.812179],[-108.730638,36.811999],[-108.729966,36.811986],[-108.729971,36.811806],[-108.729523,36.811798],[-108.729531,36.811528],[-108.729307,36.811523],[-108.729304,36.811613],[-108.729416,36.811615],[-108.729414,36.811706],[-108.729302,36.811703],[-108.729299,36.811793],[-108.729075,36.811789],[-108.72907,36.811969],[-108.728846,36.811965],[-108.72884,36.812145],[-108.729288,36.812154],[-108.72928,36.812424],[-108.729392,36.812426],[-108.72939,36.812516],[-108.729502,36.812518],[-108.729507,36.812338],[-108.729731,36.812343],[-108.729726,36.812523],[-108.72995,36.812527],[-108.729929,36.813248],[-108.729705,36.813243],[-108.729699,36.813423],[-108.731044,36.813449],[-108.731049,36.813269],[-108.731161,36.813271],[-108.731156,36.813451],[-108.731268,36.813453],[-108.731273,36.813273],[-108.731721,36.813282],[-108.731716,36.813462],[-108.732388,36.813475]]]},"properties":{"src":"fm"}},{"type":"Feature","geometry":{"type":"Polygon","coordinates":[[[-108.72931,36.811433],[-108.729315,36.811253],[-108.729091,36.811249],[-108.729086,36.811429],[-108.72931,36.811433]]]},"properties":{"src":"fm"}},{"type":"Feature","geometry":{"type":"Polygon","coordinates":[[[-108.729091,36.811249],[-108.729096,36.811069],[-108.728872,36.811064],[-108.728867,36.811244],[-108.729091,36.811249]]]},"properties":{"src":"fm"}},{"type":"Feature","geometry":{"type":"Polygon","coordinates":[[[-108.732206,36.812029],[-108.732212,36.811849],[-108.732436,36.811853],[-108.732462,36.810953],[-108.73179,36.81094],[-108.731785,36.81112],[-108.732233,36.811128],[-108.732222,36.811489],[-108.73211,36.811487],[-108.732105,36.811667],[-108.731993,36.811665],[-108.732004,36.811304],[-108.731892,36.811302],[-108.731889,36.811392],[-108.731777,36.81139],[-108.73178,36.8113],[-108.731555,36.811296],[-108.731571,36.810755],[-108.731795,36.81076],[-108.731801,36.810579],[-108.730905,36.810562],[-108.730902,36.810652],[-108.731014,36.810655],[-108.731011,36.810745],[-108.731123,36.810747],[-108.731118,36.810927],[-108.731342,36.810931],[-108.731337,36.811111],[-108.730441,36.811094],[-108.730451,36.810734],[-108.730227,36.81073],[-108.730232,36.81055],[-108.72956,36.810537],[-108.729555,36.810717],[-108.729779,36.810721],[-108.729774,36.810901],[-108.729998,36.810906],[-108.729992,36.811086],[-108.730216,36.81109],[-108.730211,36.81127],[-108.730435,36.811274],[-108.73043,36.811455],[-108.730654,36.811459],[-108.730649,36.811639],[-108.731097,36.811648],[-108.731094,36.811738],[-108.730982,36.811736],[-108.730979,36.811826],[-108.731988,36.811845],[-108.731985,36.811935],[-108.731873,36.811933],[-108.73187,36.812023],[-108.732206,36.812029]],[[-108.731318,36.811742],[-108.731206,36.81174],[-108.731209,36.81165],[-108.731321,36.811652],[-108.731318,36.811742]]]},"properties":{"src":"fm"}},{"type":"Feature","geometry":{"type":"Polygon","coordinates":[[[-108.730675,36.810738],[-108.730681,36.810558],[-108.730456,36.810554],[-108.730451,36.810734],[-108.730675,36.810738]]]},"properties":{"src":"fm"}},{"type":"Feature","geometry":{"type":"Polygon","coordinates":[[[-108.731407,36.81634],[-108.731412,36.81616],[-108.731076,36.816154],[-108.73107,36.816334],[-108.731407,36.81634]]]},"properties":{"src":"fm"}},{"type":"Feature","geometry":{"type":"Polygon","coordinates":[[[-108.732367,36.814195],[-108.732372,36.814015],[-108.732148,36.814011],[-108.732143,36.814191],[-108.732367,36.814195]]]},"properties":{"src":"fm"}},{"type":"Feature","geometry":{"type":"Polygon","coordinates":[[[-108.729459,36.81396],[-108.729464,36.813779],[-108.729016,36.813771],[-108.729014,36.813861],[-108.729238,36.813865],[-108.729235,36.813955],[-108.729459,36.81396]]]},"properties":{"src":"fm"}},{"type":"Feature","geometry":{"type":"Polygon","coordinates":[[[-108.730958,36.816332],[-108.730969,36.815971],[-108.731193,36.815976],[-108.731198,36.815795],[-108.730974,36.815791],[-108.73098,36.815611],[-108.730532,36.815602],[-108.730548,36.815062],[-108.730772,36.815066],[-108.730777,36.814886],[-108.731001,36.81489],[-108.730996,36.81507],[-108.73122,36.815075],[-108.731214,36.815255],[-108.731438,36.815259],[-108.731423,36.8158],[-108.731759,36.815806],[-108.731756,36.815896],[-108.731868,36.815898],[-108.731871,36.815808],[-108.732095,36.815812],[-108.732092,36.815903],[-108.732204,36.815905],[-108.732201,36.815995],[-108.732313,36.815997],[-108.732356,36.814556],[-108.732132,36.814551],[-108.732137,36.814371],[-108.731913,36.814367],[-108.731924,36.814007],[-108.7317,36.814002],[-108.731705,36.813822],[-108.731481,36.813818],[-108.731486,36.813638],[-108.731038,36.813629],[-108.731044,36.813449],[-108.730371,36.813436],[-108.730366,36.813616],[-108.730814,36.813625],[-108.730809,36.813805],[-108.729913,36.813788],[-108.729907,36.813968],[-108.730355,36.813977],[-108.73035,36.814157],[-108.730574,36.814161],[-108.730579,36.813981],[-108.730804,36.813985],[-108.730788,36.814526],[-108.730339,36.814517],[-108.730345,36.814337],[-108.729897,36.814328],[-108.729886,36.814689],[-108.72955,36.814682],[-108.729547,36.814772],[-108.729435,36.81477],[-108.729433,36.81486],[-108.729881,36.814869],[-108.729878,36.814959],[-108.729766,36.814957],[-108.729763,36.815047],[-108.729427,36.815041],[-108.729422,36.815221],[-108.729646,36.815225],[-108.729643,36.815315],[-108.729755,36.815317],[-108.729753,36.815407],[-108.729865,36.815409],[-108.729859,36.81559],[-108.729635,36.815585],[-108.729614,36.816306],[-108.730734,36.816327],[-108.73074,36.816147],[-108.730852,36.816149],[-108.730846,36.816329],[-108.730958,36.816332]],[[-108.730313,36.815418],[-108.729865,36.815409],[-108.72987,36.815229],[-108.730318,36.815238],[-108.730313,36.815418]]]},"properties":{"src":"fm"}},{"type":"Feature","geometry":{"type":"Polygon","coordinates":[[[-108.732156,36.813741],[-108.732164,36.81347],[-108.73194,36.813466],[-108.731932,36.813736],[-108.732156,36.813741]]]},"properties":{"src":"fm"}},{"type":"Feature","geometry":{"type":"Polygon","coordinates":[[[-108.730142,36.813612],[-108.730147,36.813432],[-108.729699,36.813423],[-108.729694,36.813604],[-108.730142,36.813612]]]},"properties":{"src":"fm"}},{"type":"Feature","geometry":{"type":"Polygon","coordinates":[[[-108.732218,36.81924],[-108.732239,36.818519],[-108.732015,36.818515],[-108.731999,36.819055],[-108.731887,36.819053],[-108.731884,36.819143],[-108.732108,36.819147],[-108.732106,36.819237],[-108.732218,36.81924]]]},"properties":{"src":"fm"}},{"type":"Feature","geometry":{"type":"Polygon","coordinates":[[[-108.732242,36.818429],[-108.732244,36.818339],[-108.732132,36.818337],[-108.73213,36.818427],[-108.732242,36.818429]]]},"properties":{"src":"fm"}},{"type":"Feature","geometry":{"type":"Polygon","coordinates":[[[-108.729014,36.817646],[-108.729017,36.817556],[-108.728905,36.817554],[-108.728902,36.817644],[-108.729014,36.817646]]]},"properties":{"src":"fm"}},{"type":"Feature","geometry":{"type":"Polygon","coordinates":[[[-108.73177,36.819231],[-108.73178,36.818871],[-108.731556,36.818867],[-108.731572,36.818326],[-108.731908,36.818332],[-108.731903,36.818513],[-108.732015,36.818515],[-108.732026,36.818154],[-108.732138,36.818157],[-108.732135,36.818247],[-108.732247,36.818249],[-108.73226,36.817798],[-108.732148,36.817796],[-108.732143,36.817976],[-108.732031,36.817974],[-108.732047,36.817434],[-108.731935,36.817432],[-108.731929,36.817612],[-108.731817,36.81761],[-108.731847,36.816619],[-108.731959,36.816621],[-108.731956,36.816711],[-108.732068,36.816713],[-108.732052,36.817254],[-108.732276,36.817258],[-108.732297,36.816537],[-108.731625,36.816525],[-108.731631,36.816344],[-108.730958,36.816332],[-108.73094,36.816962],[-108.731052,36.816964],[-108.731049,36.817054],[-108.730937,36.817052],[-108.730932,36.817232],[-108.730708,36.817228],[-108.730713,36.817048],[-108.730489,36.817044],[-108.730484,36.817224],[-108.73026,36.817219],[-108.730254,36.8174],[-108.730478,36.817404],[-108.730476,36.817494],[-108.730588,36.817496],[-108.730585,36.817586],[-108.730473,36.817584],[-108.73047,36.817674],[-108.730582,36.817676],[-108.73058,36.817766],[-108.730916,36.817773],[-108.730921,36.817593],[-108.730697,36.817588],[-108.730702,36.817408],[-108.730814,36.81741],[-108.730812,36.8175],[-108.730924,36.817503],[-108.730926,36.817412],[-108.731151,36.817417],[-108.73114,36.817777],[-108.731476,36.817783],[-108.731471,36.817964],[-108.731695,36.817968],[-108.731689,36.818148],[-108.731353,36.818142],[-108.731348,36.818322],[-108.731124,36.818317],[-108.731119,36.818498],[-108.730895,36.818493],[-108.730889,36.818674],[-108.731113,36.818678],[-108.731108,36.818858],[-108.73122,36.81886],[-108.731217,36.81895],[-108.731329,36.818952],[-108.731327,36.819042],[-108.731103,36.819038],[-108.731097,36.819218],[-108.731546,36.819227],[-108.731548,36.819137],[-108.73166,36.819139],[-108.731658,36.819229],[-108.73177,36.819231]],[[-108.731449,36.818684],[-108.731337,36.818682],[-108.73134,36.818592],[-108.731452,36.818594],[-108.731449,36.818684]],[[-108.73138,36.817241],[-108.731156,36.817237],[-108.731167,36.816876],[-108.731391,36.816881],[-108.73138,36.817241]]]},"properties":{"src":"fm"}},{"type":"Feature","geometry":{"type":"Polygon","coordinates":[[[-108.730425,36.819205],[-108.73043,36.819025],[-108.730206,36.819021],[-108.730217,36.818661],[-108.729993,36.818656],[-108.729998,36.818476],[-108.730446,36.818485],[-108.730462,36.817944],[-108.730238,36.81794],[-108.730249,36.81758],[-108.730025,36.817575],[-108.730041,36.817035],[-108.730265,36.817039],[-108.730286,36.816319],[-108.729614,36.816306],[-108.729603,36.816666],[-108.729379,36.816662],[-108.729371,36.816932],[-108.729483,36.816934],[-108.729481,36.817024],[-108.729593,36.817026],[-108.729587,36.817207],[-108.729363,36.817202],[-108.729353,36.817563],[-108.729577,36.817567],[-108.729571,36.817747],[-108.729347,36.817743],[-108.729321,36.818644],[-108.729097,36.818639],[-108.729094,36.818729],[-108.729206,36.818731],[-108.729203,36.818822],[-108.729091,36.818819],[-108.729081,36.81918],[-108.730425,36.819205]],[[-108.72979,36.817932],[-108.729566,36.817927],[-108.729571,36.817747],[-108.729683,36.817749],[-108.729681,36.817839],[-108.729793,36.817841],[-108.72979,36.817932]]]},"properties":{"src":"fm"}},{"type":"Feature","geometry":{"type":"Polygon","coordinates":[[[-108.729689,36.821354],[-108.729694,36.821174],[-108.72947,36.82117],[-108.729468,36.82126],[-108.72958,36.821262],[-108.729577,36.821352],[-108.729689,36.821354]]]},"properties":{"src":"fm"}},{"type":"Feature","geometry":{"type":"Polygon","coordinates":[[[-108.728793,36.821337],[-108.728798,36.821157],[-108.728574,36.821153],[-108.728569,36.821333],[-108.728793,36.821337]]]},"properties":{"src":"fm"}},{"type":"Feature","geometry":{"type":"Polygon","coordinates":[[[-108.730377,36.820827],[-108.730383,36.820647],[-108.730158,36.820642],[-108.730153,36.820823],[-108.730377,36.820827]]]},"properties":{"src":"fm"}},{"type":"Feature","geometry":{"type":"Polygon","coordinates":[[[-108.730831,36.820655],[-108.730836,36.820475],[-108.730164,36.820462],[-108.730161,36.820552],[-108.730497,36.820559],[-108.730495,36.820649],[-108.730831,36.820655]]]},"properties":{"src":"fm"}},{"type":"Feature","geometry":{"type":"Polygon","coordinates":[[[-108.732186,36.820321],[-108.732218,36.81924],[-108.731882,36.819233],[-108.731879,36.819323],[-108.731991,36.819325],[-108.731988,36.819416],[-108.73154,36.819407],[-108.73153,36.819767],[-108.731754,36.819772],[-108.731748,36.819952],[-108.731972,36.819956],[-108.731964,36.820226],[-108.732076,36.820228],[-108.732074,36.820318],[-108.732186,36.820321]]]},"properties":{"src":"fm"}},{"type":"Feature","geometry":{"type":"Polygon","coordinates":[[[-108.73154,36.819407],[-108.731546,36.819227],[-108.731433,36.819225],[-108.731428,36.819405],[-108.73154,36.819407]]]},"properties":{"src":"fm"}},{"type":"Feature","geometry":{"type":"Polygon","coordinates":[[[-108.730639,36.81957],[-108.730644,36.81939],[-108.731092,36.819398],[-108.731097,36.819218],[-108.730425,36.819205],[-108.73042,36.819386],[-108.730196,36.819381],[-108.730201,36.819201],[-108.728857,36.819175],[-108.728851,36.819356],[-108.729075,36.81936],[-108.72907,36.81954],[-108.729294,36.819544],[-108.729299,36.819364],[-108.729972,36.819377],[-108.729969,36.819467],[-108.730081,36.819469],[-108.730078,36.819559],[-108.730639,36.81957]]]},"properties":{"src":"fm"}},{"type":"Feature","geometry":{"type":"Polygon","coordinates":[[[-108.730932,36.824803],[-108.730938,36.824623],[-108.730714,36.824619],[-108.730708,36.824799],[-108.730932,36.824803]]]},"properties":{"src":"fm"}},{"type":"Feature","geometry":{"type":"Polygon","coordinates":[[[-108.730313,36.822989],[-108.730319,36.822808],[-108.730095,36.822804],[-108.730089,36.822984],[-108.730313,36.822989]]]},"properties":{"src":"fm"}},{"type":"Feature","geometry":{"type":"Polygon","coordinates":[[[-108.729946,36.827848],[-108.729967,36.827128],[-108.729519,36.827119],[-108.729513,36.827299],[-108.729289,36.827295],[-108.7293,36.826935],[-108.728628,36.826922],[-108.728617,36.827282],[-108.728393,36.827278],[-108.728377,36.827818],[-108.729273,36.827836],[-108.729279,36.827655],[-108.729391,36.827658],[-108.729388,36.827748],[-108.7295,36.82775],[-108.729497,36.82784],[-108.729946,36.827848]],[[-108.728836,36.827467],[-108.728612,36.827462],[-108.728617,36.827282],[-108.728841,36.827287],[-108.728836,36.827467]]]},"properties":{"src":"fm"}},{"type":"Feature","geometry":{"type":"Polygon","coordinates":[[[-108.729764,36.826403],[-108.729775,36.826043],[-108.729551,36.826038],[-108.729545,36.826219],[-108.729433,36.826216],[-108.729431,36.826306],[-108.729543,36.826309],[-108.72954,36.826399],[-108.729764,36.826403]]]},"properties":{"src":"fm"}},{"type":"Feature","geometry":{"type":"Polygon","coordinates":[[[-108.729642,36.830546],[-108.729647,36.830366],[-108.729423,36.830362],[-108.72942,36.830452],[-108.729532,36.830454],[-108.729529,36.830544],[-108.729642,36.830546]]]},"properties":{"src":"fm"}},{"type":"Feature","geometry":{"type":"Polygon","coordinates":[[[-108.72898,36.830173],[-108.728985,36.829993],[-108.728761,36.829989],[-108.728758,36.830079],[-108.72887,36.830081],[-108.728868,36.830171],[-108.72898,36.830173]]]},"properties":{"src":"fm"}},{"type":"Feature","geometry":{"type":"Polygon","coordinates":[[[-108.72855,36.829534],[-108.728553,36.829444],[-108.728329,36.82944],[-108.728326,36.82953],[-108.72855,36.829534]]]},"properties":{"src":"fm"}},{"type":"Feature","geometry":{"type":"Polygon","coordinates":[[[-108.729919,36.828749],[-108.729924,36.828569],[-108.7297,36.828565],[-108.729695,36.828745],[-108.729919,36.828749]]]},"properties":{"src":"fm"}},{"type":"Feature","geometry":{"type":"Polygon","coordinates":[[[-108.731941,36.828608],[-108.731946,36.828427],[-108.731722,36.828423],[-108.731717,36.828603],[-108.731941,36.828608]]]},"properties":{"src":"fm"}},{"type":"Feature","geometry":{"type":"Polygon","coordinates":[[[-108.731269,36.828595],[-108.731271,36.828505],[-108.731496,36.828509],[-108.731498,36.828419],[-108.73105,36.82841],[-108.731045,36.82859],[-108.731269,36.828595]]]},"properties":{"src":"fm"}},{"type":"Feature","geometry":{"type":"Polygon","coordinates":[[[-108.730602,36.828402],[-108.730607,36.828222],[-108.730383,36.828217],[-108.730378,36.828397],[-108.730602,36.828402]]]},"properties":{"src":"fm"}},{"type":"Feature","geometry":{"type":"Polygon","coordinates":[[[-108.731949,36.828337],[-108.731952,36.828247],[-108.731728,36.828243],[-108.731725,36.828333],[-108.731949,36.828337]]]},"properties":{"src":"fm"}},{"type":"Feature","geometry":{"type":"Polygon","coordinates":[[[-108.729935,36.828209],[-108.72994,36.828029],[-108.729828,36.828026],[-108.729823,36.828207],[-108.729935,36.828209]]]},"properties":{"src":"fm"}},{"type":"Feature","geometry":{"type":"Polygon","coordinates":[[[-108.729711,36.828204],[-108.729716,36.828024],[-108.729268,36.828016],[-108.729263,36.828196],[-108.729711,36.828204]]]},"properties":{"src":"fm"}},{"type":"Feature","geometry":{"type":"Polygon","coordinates":[[[-108.730164,36.828033],[-108.73017,36.827853],[-108.729833,36.827846],[-108.729831,36.827936],[-108.729943,36.827939],[-108.72994,36.828029],[-108.730164,36.828033]]]},"properties":{"src":"fm"}},{"type":"Feature","geometry":{"type":"Polygon","coordinates":[[[-108.729268,36.828016],[-108.729273,36.827836],[-108.728825,36.827827],[-108.72882,36.828007],[-108.729268,36.828016]]]},"properties":{"src":"fm"}},{"type":"Feature","geometry":{"type":"Polygon","coordinates":[[[-108.730343,36.833354],[-108.730346,36.833264],[-108.730682,36.83327],[-108.730688,36.83309],[-108.730239,36.833081],[-108.730231,36.833352],[-108.730343,36.833354]]]},"properties":{"src":"fm"}},{"type":"Feature","geometry":{"type":"Polygon","coordinates":[[[-108.730912,36.833094],[-108.730917,36.832914],[-108.730693,36.83291],[-108.730688,36.83309],[-108.730912,36.833094]]]},"properties":{"src":"fm"}},{"type":"Feature","geometry":{"type":"Polygon","coordinates":[[[-108.730714,36.832189],[-108.730719,36.832009],[-108.730495,36.832005],[-108.730493,36.832095],[-108.730605,36.832097],[-108.730602,36.832187],[-108.730714,36.832189]]]},"properties":{"src":"fm"}},{"type":"Feature","geometry":{"type":"Polygon","coordinates":[[[-108.728697,36.832151],[-108.728702,36.831971],[-108.728478,36.831966],[-108.728473,36.832146],[-108.728697,36.832151]]]},"properties":{"src":"fm"}},{"type":"Feature","geometry":{"type":"Polygon","coordinates":[[[-108.728927,36.831975],[-108.728932,36.831795],[-108.728708,36.83179],[-108.728702,36.831971],[-108.728927,36.831975]]]},"properties":{"src":"fm"}},{"type":"Feature","geometry":{"type":"Polygon","coordinates":[[[-108.729159,36.831709],[-108.729161,36.831619],[-108.728937,36.831614],[-108.728935,36.831705],[-108.729159,36.831709]]]},"properties":{"src":"fm"}},{"type":"Feature","geometry":{"type":"Polygon","coordinates":[[[-108.72961,36.831627],[-108.729615,36.831447],[-108.729167,36.831439],[-108.729161,36.831619],[-108.72961,36.831627]]]},"properties":{"src":"fm"}},{"type":"Feature","geometry":{"type":"Polygon","coordinates":[[[-108.730063,36.831456],[-108.730068,36.831276],[-108.729396,36.831263],[-108.729393,36.831353],[-108.729618,36.831357],[-108.729615,36.831447],[-108.730063,36.831456]]]},"properties":{"src":"fm"}},{"type":"Feature","geometry":{"type":"Polygon","coordinates":[[[-108.729631,36.830907],[-108.729636,36.830727],[-108.729412,36.830722],[-108.729407,36.830902],[-108.729631,36.830907]]]},"properties":{"src":"fm"}},{"type":"Feature","geometry":{"type":"Polygon","coordinates":[[[-108.731088,36.83472],[-108.731091,36.83463],[-108.731315,36.834634],[-108.731317,36.834544],[-108.730869,36.834535],[-108.730864,36.834716],[-108.731088,36.83472]]]},"properties":{"src":"fm"}},{"type":"Feature","geometry":{"type":"Polygon","coordinates":[[[-108.730245,36.848043],[-108.730251,36.847862],[-108.730139,36.84786],[-108.730136,36.84795],[-108.730024,36.847948],[-108.730021,36.848038],[-108.730245,36.848043]]]},"properties":{"src":"fm"}},{"type":"Feature","geometry":{"type":"Polygon","coordinates":[[[-108.730475,36.847867],[-108.73048,36.847687],[-108.730256,36.847682],[-108.730251,36.847862],[-108.730475,36.847867]]]},"properties":{"src":"fm"}},{"type":"Feature","geometry":{"type":"Polygon","coordinates":[[[-108.730704,36.847691],[-108.73071,36.847511],[-108.730486,36.847506],[-108.73048,36.847687],[-108.730704,36.847691]]]},"properties":{"src":"fm"}},{"type":"Feature","geometry":{"type":"Polygon","coordinates":[[[-108.730934,36.847515],[-108.730939,36.847335],[-108.730827,36.847333],[-108.730822,36.847513],[-108.730934,36.847515]]]},"properties":{"src":"fm"}},{"type":"Feature","geometry":{"type":"Polygon","coordinates":[[[-108.728047,36.846558],[-108.728052,36.846378],[-108.727828,36.846374],[-108.727822,36.846554],[-108.728047,36.846558]]]},"properties":{"src":"fm"}},{"type":"Feature","geometry":{"type":"Polygon","coordinates":[[[-108.729381,36.846945],[-108.729397,36.846404],[-108.729173,36.8464],[-108.729189,36.845859],[-108.729077,36.845857],[-108.729071,36.846037],[-108.728511,36.846027],[-108.728522,36.845666],[-108.728073,36.845658],[-108.728068,36.845838],[-108.727844,36.845834],[-108.727838,36.846014],[-108.728063,36.846018],[-108.728052,36.846378],[-108.7285,36.846387],[-108.728495,36.846567],[-108.728271,36.846563],[-108.728265,36.846743],[-108.728041,36.846739],[-108.728036,36.846919],[-108.728933,36.846936],[-108.728938,36.846756],[-108.729162,36.84676],[-108.729157,36.84694],[-108.729381,36.846945]],[[-108.728615,36.846299],[-108.728503,36.846297],[-108.728506,36.846207],[-108.728618,36.846209],[-108.728615,36.846299]]]},"properties":{"src":"fm"}},{"type":"Feature","geometry":{"type":"Polygon","coordinates":[[[-108.72984,36.846593],[-108.729845,36.846413],[-108.730069,36.846417],[-108.730075,36.846237],[-108.731195,36.846258],[-108.731201,36.846078],[-108.731425,36.846082],[-108.731441,36.845542],[-108.731105,36.845535],[-108.731102,36.845625],[-108.73099,36.845623],[-108.730987,36.845713],[-108.730763,36.845709],[-108.730758,36.845889],[-108.730309,36.845881],[-108.730304,36.846061],[-108.729295,36.846042],[-108.729293,36.846132],[-108.729405,36.846134],[-108.729402,36.846224],[-108.729626,36.846228],[-108.729616,36.846588],[-108.72984,36.846593]]]},"properties":{"src":"fm"}},{"type":"Feature","geometry":{"type":"Polygon","coordinates":[[[-108.730544,36.845525],[-108.73055,36.845345],[-108.730101,36.845336],[-108.730096,36.845516],[-108.730544,36.845525]]]},"properties":{"src":"fm"}},{"type":"Feature","geometry":{"type":"Polygon","coordinates":[[[-108.729199,36.845499],[-108.729205,36.845319],[-108.72898,36.845315],[-108.728975,36.845495],[-108.729199,36.845499]]]},"properties":{"src":"fm"}},{"type":"Feature","geometry":{"type":"Polygon","coordinates":[[[-108.728664,36.81052],[-108.728675,36.810159],[-108.728451,36.810155],[-108.72844,36.810515],[-108.728664,36.81052]]]},"properties":{"src":"fm"}},{"type":"Feature","geometry":{"type":"Polygon","coordinates":[[[-108.728451,36.810155],[-108.728461,36.809795],[-108.728237,36.80979],[-108.728245,36.80952],[-108.728133,36.809518],[-108.728131,36.809608],[-108.728019,36.809606],[-108.728013,36.809786],[-108.728125,36.809788],[-108.728123,36.809878],[-108.728235,36.80988],[-108.728227,36.810151],[-108.728451,36.810155]]]},"properties":{"src":"fm"}},{"type":"Feature","geometry":{"type":"Polygon","coordinates":[[[-108.728915,36.809623],[-108.728917,36.809533],[-108.728805,36.809531],[-108.728803,36.809621],[-108.728915,36.809623]]]},"properties":{"src":"fm"}},{"type":"Feature","geometry":{"type":"Polygon","coordinates":[[[-108.728248,36.80943],[-108.728256,36.80916],[-108.728032,36.809156],[-108.728024,36.809426],[-108.728248,36.80943]]]},"properties":{"src":"fm"}},{"type":"Feature","geometry":{"type":"Polygon","coordinates":[[[-108.72892,36.809443],[-108.728931,36.809083],[-108.728707,36.809078],[-108.728696,36.809439],[-108.72892,36.809443]]]},"properties":{"src":"fm"}},{"type":"Feature","geometry":{"type":"Polygon","coordinates":[[[-108.727805,36.809241],[-108.727811,36.809061],[-108.727586,36.809057],[-108.727581,36.809237],[-108.727805,36.809241]]]},"properties":{"src":"fm"}},{"type":"Feature","geometry":{"type":"Polygon","coordinates":[[[-108.728275,36.808529],[-108.728277,36.808439],[-108.728165,36.808437],[-108.728163,36.808527],[-108.728275,36.808529]]]},"properties":{"src":"fm"}},{"type":"Feature","geometry":{"type":"Polygon","coordinates":[[[-108.72828,36.808349],[-108.728283,36.808259],[-108.728171,36.808257],[-108.728168,36.808347],[-108.72828,36.808349]]]},"properties":{"src":"fm"}},{"type":"Feature","geometry":{"type":"Polygon","coordinates":[[[-108.728936,36.808902],[-108.728973,36.807641],[-108.728749,36.807637],[-108.728712,36.808898],[-108.728936,36.808902]]]},"properties":{"src":"fm"}},{"type":"Feature","geometry":{"type":"Polygon","coordinates":[[[-108.728045,36.808705],[-108.728077,36.807624],[-108.727405,36.807611],[-108.7274,36.807792],[-108.727848,36.8078],[-108.727837,36.80816],[-108.727501,36.808154],[-108.727498,36.808244],[-108.727386,36.808242],[-108.727378,36.808512],[-108.727939,36.808523],[-108.727933,36.808703],[-108.728045,36.808705]]]},"properties":{"src":"fm"}},{"type":"Feature","geometry":{"type":"Polygon","coordinates":[[[-108.726802,36.812827],[-108.726808,36.812647],[-108.726584,36.812643],[-108.726578,36.812823],[-108.726802,36.812827]]]},"properties":{"src":"fm"}},{"type":"Feature","geometry":{"type":"Polygon","coordinates":[[[-108.726354,36.812819],[-108.72636,36.812639],[-108.726136,36.812634],[-108.72613,36.812814],[-108.726354,36.812819]]]},"properties":{"src":"fm"}},{"type":"Feature","geometry":{"type":"Polygon","coordinates":[[[-108.727485,36.81248],[-108.727491,36.8123],[-108.727042,36.812291],[-108.727037,36.812471],[-108.727485,36.81248]]]},"properties":{"src":"fm"}},{"type":"Feature","geometry":{"type":"Polygon","coordinates":[[[-108.72884,36.812145],[-108.728846,36.811965],[-108.728734,36.811963],[-108.728731,36.812053],[-108.728619,36.812051],[-108.728616,36.812141],[-108.72884,36.812145]]]},"properties":{"src":"fm"}},{"type":"Feature","geometry":{"type":"Polygon","coordinates":[[[-108.728878,36.810884],[-108.72888,36.810794],[-108.728768,36.810792],[-108.728771,36.810702],[-108.728659,36.8107],[-108.728653,36.81088],[-108.728878,36.810884]]]},"properties":{"src":"fm"}},{"type":"Feature","geometry":{"type":"Polygon","coordinates":[[[-108.725581,36.816229],[-108.725592,36.815868],[-108.72548,36.815866],[-108.725477,36.815956],[-108.725365,36.815954],[-108.725367,36.815864],[-108.725143,36.81586],[-108.725133,36.81622],[-108.725581,36.816229]]]},"properties":{"src":"fm"}},{"type":"Feature","geometry":{"type":"Polygon","coordinates":[[[-108.728499,36.816104],[-108.728504,36.815924],[-108.72828,36.81592],[-108.728275,36.8161],[-108.728499,36.816104]]]},"properties":{"src":"fm"}},{"type":"Feature","geometry":{"type":"Polygon","coordinates":[[[-108.725605,36.815418],[-108.725613,36.815148],[-108.725389,36.815144],[-108.725383,36.815324],[-108.725496,36.815326],[-108.725493,36.815416],[-108.725605,36.815418]]]},"properties":{"src":"fm"}},{"type":"Feature","geometry":{"type":"Polygon","coordinates":[[[-108.726306,36.81444],[-108.726312,36.81426],[-108.726088,36.814256],[-108.726082,36.814436],[-108.726306,36.81444]]]},"properties":{"src":"fm"}},{"type":"Feature","geometry":{"type":"Polygon","coordinates":[[[-108.726397,36.818948],[-108.726408,36.818588],[-108.72596,36.818579],[-108.725952,36.81885],[-108.726176,36.818854],[-108.726173,36.818944],[-108.726397,36.818948]]]},"properties":{"src":"fm"}},{"type":"Feature","geometry":{"type":"Polygon","coordinates":[[[-108.728419,36.818807],[-108.728424,36.818626],[-108.7282,36.818622],[-108.728195,36.818802],[-108.728419,36.818807]]]},"properties":{"src":"fm"}},{"type":"Feature","geometry":{"type":"Polygon","coordinates":[[[-108.72572,36.819115],[-108.72573,36.818755],[-108.725506,36.818751],[-108.725544,36.81749],[-108.725319,36.817486],[-108.72533,36.817125],[-108.725106,36.817121],[-108.725058,36.818742],[-108.725282,36.818747],[-108.725277,36.818927],[-108.725501,36.818931],[-108.725496,36.819111],[-108.72572,36.819115]]]},"properties":{"src":"fm"}},{"type":"Feature","geometry":{"type":"Polygon","coordinates":[[[-108.725335,36.816945],[-108.725341,36.816765],[-108.725565,36.816769],[-108.725581,36.816229],[-108.725133,36.81622],[-108.725111,36.816941],[-108.725335,36.816945]]]},"properties":{"src":"fm"}},{"type":"Feature","geometry":{"type":"Polygon","coordinates":[[[-108.726536,36.821835],[-108.726541,36.821655],[-108.726317,36.82165],[-108.726312,36.821831],[-108.726536,36.821835]]]},"properties":{"src":"fm"}},{"type":"Feature","geometry":{"type":"Polygon","coordinates":[[[-108.728107,36.821775],[-108.72811,36.821685],[-108.727998,36.821683],[-108.727995,36.821773],[-108.728107,36.821775]]]},"properties":{"src":"fm"}},{"type":"Feature","geometry":{"type":"Polygon","coordinates":[[[-108.726544,36.821565],[-108.726552,36.821294],[-108.726328,36.82129],[-108.72632,36.82156],[-108.726544,36.821565]]]},"properties":{"src":"fm"}},{"type":"Feature","geometry":{"type":"Polygon","coordinates":[[[-108.727,36.821303],[-108.727005,36.821123],[-108.726781,36.821119],[-108.726776,36.821299],[-108.727,36.821303]]]},"properties":{"src":"fm"}},{"type":"Feature","geometry":{"type":"Polygon","coordinates":[[[-108.728334,36.821689],[-108.728339,36.821509],[-108.728563,36.821513],[-108.728579,36.820973],[-108.728355,36.820968],[-108.728345,36.821329],[-108.727896,36.82132],[-108.727894,36.82141],[-108.728118,36.821415],[-108.72811,36.821685],[-108.728334,36.821689]]]},"properties":{"src":"fm"}},{"type":"Feature","geometry":{"type":"Polygon","coordinates":[[[-108.725666,36.820917],[-108.725672,36.820737],[-108.725223,36.820728],[-108.725221,36.820818],[-108.725557,36.820825],[-108.725554,36.820915],[-108.725666,36.820917]]]},"properties":{"src":"fm"}},{"type":"Feature","geometry":{"type":"Polygon","coordinates":[[[-108.728582,36.820883],[-108.728585,36.820793],[-108.728473,36.82079],[-108.72847,36.82088],[-108.728582,36.820883]]]},"properties":{"src":"fm"}},{"type":"Feature","geometry":{"type":"Polygon","coordinates":[[[-108.725928,36.81966],[-108.725933,36.81948],[-108.725709,36.819476],[-108.725704,36.819656],[-108.725928,36.81966]]]},"properties":{"src":"fm"}},{"type":"Feature","geometry":{"type":"Polygon","coordinates":[[[-108.727053,36.819501],[-108.727059,36.819321],[-108.726835,36.819317],[-108.726829,36.819497],[-108.727053,36.819501]]]},"properties":{"src":"fm"}},{"type":"Feature","geometry":{"type":"Polygon","coordinates":[[[-108.725714,36.819296],[-108.72572,36.819115],[-108.725496,36.819111],[-108.725493,36.819201],[-108.725605,36.819203],[-108.725602,36.819293],[-108.725714,36.819296]]]},"properties":{"src":"fm"}},{"type":"Feature","geometry":{"type":"Polygon","coordinates":[[[-108.728014,36.824927],[-108.728019,36.824747],[-108.727795,36.824743],[-108.72779,36.824923],[-108.728014,36.824927]]]},"properties":{"src":"fm"}},{"type":"Feature","geometry":{"type":"Polygon","coordinates":[[[-108.725101,36.824872],[-108.725111,36.824511],[-108.724887,36.824507],[-108.724877,36.824867],[-108.725101,36.824872]]]},"properties":{"src":"fm"}},{"type":"Feature","geometry":{"type":"Polygon","coordinates":[[[-108.726448,36.824807],[-108.726456,36.824537],[-108.726232,36.824533],[-108.726229,36.824623],[-108.726341,36.824625],[-108.726339,36.824715],[-108.726227,36.824713],[-108.726224,36.824803],[-108.726448,36.824807]]]},"properties":{"src":"fm"}},{"type":"Feature","geometry":{"type":"Polygon","coordinates":[[[-108.725674,36.824432],[-108.725677,36.824342],[-108.725565,36.82434],[-108.725562,36.82443],[-108.725674,36.824432]]]},"properties":{"src":"fm"}},{"type":"Feature","geometry":{"type":"Polygon","coordinates":[[[-108.72668,36.824541],[-108.726691,36.824181],[-108.726467,36.824177],[-108.726456,36.824537],[-108.72668,36.824541]]]},"properties":{"src":"fm"}},{"type":"Feature","geometry":{"type":"Polygon","coordinates":[[[-108.727603,36.823658],[-108.727608,36.823478],[-108.727384,36.823473],[-108.727379,36.823654],[-108.727603,36.823658]]]},"properties":{"src":"fm"}},{"type":"Feature","geometry":{"type":"Polygon","coordinates":[[[-108.728057,36.823486],[-108.728062,36.823306],[-108.727838,36.823302],[-108.727832,36.823482],[-108.728057,36.823486]]]},"properties":{"src":"fm"}},{"type":"Feature","geometry":{"type":"Polygon","coordinates":[[[-108.727619,36.823117],[-108.727624,36.822937],[-108.7274,36.822933],[-108.727398,36.823023],[-108.72751,36.823025],[-108.727507,36.823115],[-108.727619,36.823117]]]},"properties":{"src":"fm"}},{"type":"Feature","geometry":{"type":"Polygon","coordinates":[[[-108.728078,36.822766],[-108.728089,36.822405],[-108.727864,36.822401],[-108.727854,36.822761],[-108.728078,36.822766]]]},"properties":{"src":"fm"}},{"type":"Feature","geometry":{"type":"Polygon","coordinates":[[[-108.727171,36.823109],[-108.727176,36.822929],[-108.726952,36.822924],[-108.726957,36.822744],[-108.727182,36.822749],[-108.727192,36.822388],[-108.726968,36.822384],[-108.726963,36.822564],[-108.726851,36.822562],[-108.726848,36.822652],[-108.726736,36.82265],[-108.726749,36.822199],[-108.726525,36.822195],[-108.726504,36.822916],[-108.72628,36.822912],[-108.726275,36.823092],[-108.727171,36.823109]]]},"properties":{"src":"fm"}},{"type":"Feature","geometry":{"type":"Polygon","coordinates":[[[-108.72787,36.822221],[-108.727875,36.822041],[-108.727651,36.822036],[-108.727646,36.822217],[-108.72787,36.822221]]]},"properties":{"src":"fm"}},{"type":"Feature","geometry":{"type":"Polygon","coordinates":[[[-108.725688,36.827767],[-108.725693,36.827587],[-108.725469,36.827583],[-108.725464,36.827763],[-108.725688,36.827767]]]},"properties":{"src":"fm"}},{"type":"Feature","geometry":{"type":"Polygon","coordinates":[[[-108.726376,36.827239],[-108.726381,36.827059],[-108.726605,36.827064],[-108.726611,36.826883],[-108.725714,36.826866],[-108.725712,36.826956],[-108.725936,36.826961],[-108.725933,36.827051],[-108.725485,36.827042],[-108.72548,36.827222],[-108.726152,36.827235],[-108.726155,36.827145],[-108.726267,36.827147],[-108.726264,36.827237],[-108.726376,36.827239]]]},"properties":{"src":"fm"}},{"type":"Feature","geometry":{"type":"Polygon","coordinates":[[[-108.725042,36.826853],[-108.725047,36.826673],[-108.725271,36.826678],[-108.725287,36.826137],[-108.725512,36.826141],[-108.725522,36.825781],[-108.725186,36.825775],[-108.725183,36.825865],[-108.725071,36.825863],[-108.725069,36.825953],[-108.724957,36.825951],[-108.724954,36.826041],[-108.724842,36.826038],[-108.724818,36.826849],[-108.725042,36.826853]],[[-108.725167,36.826405],[-108.725055,36.826403],[-108.725058,36.826313],[-108.72517,36.826315],[-108.725167,36.826405]]]},"properties":{"src":"fm"}},{"type":"Feature","geometry":{"type":"Polygon","coordinates":[[[-108.727982,36.826008],[-108.727993,36.825648],[-108.727769,36.825644],[-108.727761,36.825914],[-108.727873,36.825916],[-108.72787,36.826006],[-108.727982,36.826008]]]},"properties":{"src":"fm"}},{"type":"Feature","geometry":{"type":"Polygon","coordinates":[[[-108.725079,36.825592],[-108.725085,36.825412],[-108.724861,36.825408],[-108.724855,36.825588],[-108.725079,36.825592]]]},"properties":{"src":"fm"}},{"type":"Feature","geometry":{"type":"Polygon","coordinates":[[[-108.727995,36.825558],[-108.727998,36.825468],[-108.727886,36.825466],[-108.727883,36.825556],[-108.727995,36.825558]]]},"properties":{"src":"fm"}},{"type":"Feature","geometry":{"type":"Polygon","coordinates":[[[-108.725533,36.825421],[-108.725538,36.825241],[-108.725314,36.825236],[-108.725309,36.825416],[-108.725533,36.825421]]]},"properties":{"src":"fm"}},{"type":"Feature","geometry":{"type":"Polygon","coordinates":[[[-108.728382,36.827638],[-108.728398,36.827098],[-108.728174,36.827094],[-108.728195,36.826373],[-108.727971,36.826369],[-108.727977,36.826189],[-108.727304,36.826176],[-108.727315,36.825815],[-108.727091,36.825811],[-108.727094,36.825721],[-108.727206,36.825723],[-108.727208,36.825633],[-108.727096,36.825631],[-108.727107,36.825271],[-108.726883,36.825266],[-108.726877,36.825446],[-108.726205,36.825434],[-108.726213,36.825163],[-108.726325,36.825166],[-108.726323,36.825256],[-108.726435,36.825258],[-108.726445,36.824897],[-108.725997,36.824889],[-108.725992,36.825069],[-108.725768,36.825065],[-108.725757,36.825425],[-108.725533,36.825421],[-108.725528,36.825601],[-108.725752,36.825605],[-108.725746,36.825785],[-108.726643,36.825803],[-108.726635,36.826073],[-108.726747,36.826075],[-108.726749,36.825985],[-108.726861,36.825987],[-108.726856,36.826167],[-108.727192,36.826174],[-108.72719,36.826264],[-108.727302,36.826266],[-108.727294,36.826536],[-108.727518,36.82654],[-108.72751,36.82681],[-108.727622,36.826813],[-108.727619,36.826903],[-108.727731,36.826905],[-108.727715,36.827445],[-108.728163,36.827454],[-108.728158,36.827634],[-108.728382,36.827638]],[[-108.728078,36.826551],[-108.727966,36.826549],[-108.727969,36.826459],[-108.728081,36.826461],[-108.728078,36.826551]]]},"properties":{"src":"fm"}},{"type":"Feature","geometry":{"type":"Polygon","coordinates":[[[-108.725314,36.825236],[-108.725325,36.824876],[-108.725101,36.824872],[-108.72509,36.825232],[-108.725314,36.825236]]]},"properties":{"src":"fm"}},{"type":"Feature","geometry":{"type":"Polygon","coordinates":[[[-108.727843,36.830692],[-108.727849,36.830512],[-108.727625,36.830508],[-108.727619,36.830688],[-108.727843,36.830692]]]},"properties":{"src":"fm"}},{"type":"Feature","geometry":{"type":"Polygon","coordinates":[[[-108.728073,36.830516],[-108.728078,36.830336],[-108.727854,36.830332],[-108.727851,36.830422],[-108.727963,36.830424],[-108.727961,36.830514],[-108.728073,36.830516]]]},"properties":{"src":"fm"}},{"type":"Feature","geometry":{"type":"Polygon","coordinates":[[[-108.725848,36.829933],[-108.725853,36.829753],[-108.725629,36.829749],[-108.725626,36.829839],[-108.725738,36.829841],[-108.725736,36.829931],[-108.725848,36.829933]]]},"properties":{"src":"fm"}},{"type":"Feature","geometry":{"type":"Polygon","coordinates":[[[-108.728329,36.82944],[-108.728334,36.82926],[-108.72811,36.829255],[-108.728107,36.829345],[-108.728219,36.829348],[-108.728217,36.829438],[-108.728329,36.82944]]]},"properties":{"src":"fm"}},{"type":"Feature","geometry":{"type":"Polygon","coordinates":[[[-108.725437,36.828663],[-108.725442,36.828483],[-108.725218,36.828479],[-108.725213,36.828659],[-108.725437,36.828663]]]},"properties":{"src":"fm"}},{"type":"Feature","geometry":{"type":"Polygon","coordinates":[[[-108.72747,36.828162],[-108.727475,36.827981],[-108.727251,36.827977],[-108.727246,36.828157],[-108.72747,36.828162]]]},"properties":{"src":"fm"}},{"type":"Feature","geometry":{"type":"Polygon","coordinates":[[[-108.725453,36.828123],[-108.725464,36.827763],[-108.725239,36.827758],[-108.725229,36.828119],[-108.725453,36.828123]]]},"properties":{"src":"fm"}},{"type":"Feature","geometry":{"type":"Polygon","coordinates":[[[-108.727785,36.832674],[-108.72779,36.832494],[-108.727342,36.832485],[-108.727337,36.832665],[-108.727785,36.832674]]]},"properties":{"src":"fm"}},{"type":"Feature","geometry":{"type":"Polygon","coordinates":[[[-108.728244,36.832322],[-108.728249,36.832142],[-108.728025,36.832138],[-108.72802,36.832318],[-108.728244,36.832322]]]},"properties":{"src":"fm"}},{"type":"Feature","geometry":{"type":"Polygon","coordinates":[[[-108.725773,36.832455],[-108.725778,36.832275],[-108.726003,36.832279],[-108.726008,36.832099],[-108.725784,36.832095],[-108.725781,36.832185],[-108.725669,36.832183],[-108.725666,36.832273],[-108.725554,36.832271],[-108.725565,36.831911],[-108.725341,36.831906],[-108.725336,36.832086],[-108.725111,36.832082],[-108.725106,36.832262],[-108.724882,36.832258],[-108.724877,36.832438],[-108.725773,36.832455]]]},"properties":{"src":"fm"}},{"type":"Feature","geometry":{"type":"Polygon","coordinates":[[[-108.727347,36.832305],[-108.727355,36.832035],[-108.727467,36.832037],[-108.727465,36.832127],[-108.727577,36.832129],[-108.727587,36.831769],[-108.727363,36.831765],[-108.72736,36.831855],[-108.727473,36.831857],[-108.72747,36.831947],[-108.727134,36.831941],[-108.727128,36.832121],[-108.726904,36.832116],[-108.726899,36.832297],[-108.727347,36.832305]]]},"properties":{"src":"fm"}},{"type":"Feature","geometry":{"type":"Polygon","coordinates":[[[-108.726461,36.831928],[-108.726472,36.831567],[-108.726248,36.831563],[-108.726245,36.831653],[-108.726357,36.831655],[-108.726355,36.831745],[-108.726243,36.831743],[-108.726237,36.831923],[-108.726461,36.831928]]]},"properties":{"src":"fm"}},{"type":"Feature","geometry":{"type":"Polygon","coordinates":[[[-108.727144,36.83158],[-108.72715,36.8314],[-108.726926,36.831396],[-108.72692,36.831576],[-108.727144,36.83158]]]},"properties":{"src":"fm"}},{"type":"Feature","geometry":{"type":"Polygon","coordinates":[[[-108.727374,36.831404],[-108.727379,36.831224],[-108.727155,36.83122],[-108.727152,36.83131],[-108.727264,36.831312],[-108.727262,36.831402],[-108.727374,36.831404]]]},"properties":{"src":"fm"}},{"type":"Feature","geometry":{"type":"Polygon","coordinates":[[[-108.726707,36.831211],[-108.726712,36.831031],[-108.726488,36.831027],[-108.726485,36.831117],[-108.726597,36.831119],[-108.726595,36.831209],[-108.726707,36.831211]]]},"properties":{"src":"fm"}},{"type":"Feature","geometry":{"type":"Polygon","coordinates":[[[-108.72716,36.83104],[-108.727166,36.83086],[-108.726942,36.830855],[-108.726936,36.831035],[-108.72716,36.83104]]]},"properties":{"src":"fm"}},{"type":"Feature","geometry":{"type":"Polygon","coordinates":[[[-108.728286,36.830881],[-108.728292,36.830701],[-108.728067,36.830697],[-108.728062,36.830877],[-108.728286,36.830881]]]},"properties":{"src":"fm"}},{"type":"Feature","geometry":{"type":"Polygon","coordinates":[[[-108.72739,36.830864],[-108.727395,36.830684],[-108.727171,36.830679],[-108.727166,36.83086],[-108.72739,36.830864]]]},"properties":{"src":"fm"}},{"type":"Feature","geometry":{"type":"Polygon","coordinates":[[[-108.725824,36.830744],[-108.725826,36.830654],[-108.725714,36.830652],[-108.725712,36.830742],[-108.725824,36.830744]]]},"properties":{"src":"fm"}},{"type":"Feature","geometry":{"type":"Polygon","coordinates":[[[-108.724765,36.836221],[-108.724773,36.835951],[-108.724997,36.835955],[-108.724999,36.835865],[-108.724775,36.835861],[-108.724786,36.835501],[-108.724562,36.835496],[-108.724559,36.835586],[-108.724671,36.835589],[-108.724668,36.835679],[-108.724556,36.835677],[-108.72454,36.836217],[-108.724765,36.836221]]]},"properties":{"src":"fm"}},{"type":"Feature","geometry":{"type":"Polygon","coordinates":[[[-108.725672,36.835878],[-108.725677,36.835698],[-108.725453,36.835694],[-108.725458,36.835514],[-108.72501,36.835505],[-108.724999,36.835865],[-108.725672,36.835878]]]},"properties":{"src":"fm"}},{"type":"Feature","geometry":{"type":"Polygon","coordinates":[[[-108.725917,36.835162],[-108.725922,36.834982],[-108.725474,36.834973],[-108.725469,36.835153],[-108.725917,36.835162]]]},"properties":{"src":"fm"}},{"type":"Feature","geometry":{"type":"Polygon","coordinates":[[[-108.726595,36.834995],[-108.7266,36.834814],[-108.726376,36.83481],[-108.726371,36.83499],[-108.726595,36.834995]]]},"properties":{"src":"fm"}},{"type":"Feature","geometry":{"type":"Polygon","coordinates":[[[-108.725042,36.834424],[-108.725047,36.834244],[-108.724823,36.83424],[-108.724818,36.83442],[-108.725042,36.834424]]]},"properties":{"src":"fm"}},{"type":"Feature","geometry":{"type":"Polygon","coordinates":[[[-108.725501,36.834072],[-108.725506,36.833892],[-108.72461,36.833875],[-108.724604,36.834055],[-108.725501,36.834072]]]},"properties":{"src":"fm"}},{"type":"Feature","geometry":{"type":"Polygon","coordinates":[[[-108.728196,36.833944],[-108.728201,36.833763],[-108.727753,36.833755],[-108.72775,36.833845],[-108.727974,36.833849],[-108.727972,36.833939],[-108.728196,36.833944]]]},"properties":{"src":"fm"}},{"type":"Feature","geometry":{"type":"Polygon","coordinates":[[[-108.72573,36.833896],[-108.725736,36.833716],[-108.725512,36.833712],[-108.725506,36.833892],[-108.72573,36.833896]]]},"properties":{"src":"fm"}},{"type":"Feature","geometry":{"type":"Polygon","coordinates":[[[-108.72596,36.833721],[-108.725965,36.83354],[-108.725741,36.833536],[-108.725736,36.833716],[-108.72596,36.833721]]]},"properties":{"src":"fm"}},{"type":"Feature","geometry":{"type":"Polygon","coordinates":[[[-108.726312,36.836972],[-108.726317,36.836792],[-108.726093,36.836787],[-108.726088,36.836968],[-108.726312,36.836972]]]},"properties":{"src":"fm"}},{"type":"Feature","geometry":{"type":"Polygon","coordinates":[[[-108.72564,36.836959],[-108.725645,36.836779],[-108.725421,36.836775],[-108.725416,36.836955],[-108.72564,36.836959]]]},"properties":{"src":"fm"}},{"type":"Feature","geometry":{"type":"Polygon","coordinates":[[[-108.726133,36.846792],[-108.726136,36.846702],[-108.726024,36.8467],[-108.726021,36.84679],[-108.726133,36.846792]]]},"properties":{"src":"fm"}},{"type":"Feature","geometry":{"type":"Polygon","coordinates":[[[-108.727852,36.845563],[-108.727854,36.845473],[-108.727742,36.845471],[-108.72774,36.845561],[-108.727852,36.845563]]]},"properties":{"src":"fm"}},{"type":"Feature","geometry":{"type":"Polygon","coordinates":[[[-108.727403,36.845555],[-108.727406,36.845465],[-108.727294,36.845463],[-108.727291,36.845553],[-108.727403,36.845555]]]},"properties":{"src":"fm"}},{"type":"Feature","geometry":{"type":"Polygon","coordinates":[[[-108.726915,36.846897],[-108.72692,36.846717],[-108.727145,36.846722],[-108.72715,36.846541],[-108.727598,36.84655],[-108.727609,36.84619],[-108.727833,36.846194],[-108.727844,36.845834],[-108.727395,36.845825],[-108.72739,36.846005],[-108.727166,36.846001],[-108.727171,36.845821],[-108.727059,36.845819],[-108.727054,36.845999],[-108.726269,36.845984],[-108.726272,36.845894],[-108.72616,36.845892],[-108.726157,36.845982],[-108.726045,36.845979],[-108.726051,36.845799],[-108.725602,36.845791],[-108.725608,36.845611],[-108.725383,36.845606],[-108.725389,36.845426],[-108.725613,36.84543],[-108.725618,36.84525],[-108.72517,36.845242],[-108.725165,36.845422],[-108.724716,36.845413],[-108.724711,36.845593],[-108.724487,36.845589],[-108.724481,36.845769],[-108.724257,36.845765],[-108.724252,36.845945],[-108.7247,36.845954],[-108.724698,36.846044],[-108.72481,36.846046],[-108.724807,36.846136],[-108.724695,36.846134],[-108.72469,36.846314],[-108.724465,36.84631],[-108.72446,36.84649],[-108.725357,36.846507],[-108.725349,36.846777],[-108.725573,36.846782],[-108.725576,36.846691],[-108.726024,36.8467],[-108.726029,36.84652],[-108.726141,36.846522],[-108.726139,36.846612],[-108.726251,36.846614],[-108.726248,36.846704],[-108.726472,36.846709],[-108.726469,36.846799],[-108.726582,36.846801],[-108.726579,36.846891],[-108.726915,36.846897]],[[-108.725805,36.846516],[-108.725581,36.846511],[-108.725586,36.846331],[-108.72581,36.846335],[-108.725805,36.846516]],[[-108.725149,36.845962],[-108.7247,36.845954],[-108.724706,36.845774],[-108.725154,36.845782],[-108.725149,36.845962]]]},"properties":{"src":"fm"}},{"type":"Feature","geometry":{"type":"Polygon","coordinates":[[[-108.725303,36.810455],[-108.725309,36.810275],[-108.725085,36.810271],[-108.725079,36.810451],[-108.725303,36.810455]]]},"properties":{"src":"fm"}},{"type":"Feature","geometry":{"type":"Polygon","coordinates":[[[-108.724634,36.810352],[-108.724637,36.810262],[-108.724413,36.810258],[-108.72441,36.810348],[-108.724634,36.810352]]]},"properties":{"src":"fm"}},{"type":"Feature","geometry":{"type":"Polygon","coordinates":[[[-108.721857,36.813273],[-108.721868,36.812913],[-108.721644,36.812909],[-108.721633,36.813269],[-108.721857,36.813273]]]},"properties":{"src":"fm"}},{"type":"Feature","geometry":{"type":"Polygon","coordinates":[[[-108.724626,36.810623],[-108.724631,36.810442],[-108.724407,36.810438],[-108.724402,36.810618],[-108.724626,36.810623]]]},"properties":{"src":"fm"}},{"type":"Feature","geometry":{"type":"Polygon","coordinates":[[[-108.721937,36.810571],[-108.721943,36.810391],[-108.721719,36.810387],[-108.721713,36.810567],[-108.721937,36.810571]]]},"properties":{"src":"fm"}},{"type":"Feature","geometry":{"type":"Polygon","coordinates":[[[-108.72222,36.816164],[-108.722225,36.815984],[-108.722001,36.81598],[-108.721996,36.81616],[-108.72222,36.816164]]]},"properties":{"src":"fm"}},{"type":"Feature","geometry":{"type":"Polygon","coordinates":[[[-108.722228,36.815894],[-108.722231,36.815804],[-108.722119,36.815802],[-108.722116,36.815892],[-108.722228,36.815894]]]},"properties":{"src":"fm"}},{"type":"Feature","geometry":{"type":"Polygon","coordinates":[[[-108.725133,36.81622],[-108.725143,36.81586],[-108.724023,36.815838],[-108.724028,36.815658],[-108.723916,36.815656],[-108.723914,36.815746],[-108.723802,36.815744],[-108.723799,36.815834],[-108.723127,36.815821],[-108.723124,36.815911],[-108.723236,36.815913],[-108.723234,36.816004],[-108.723346,36.816006],[-108.72334,36.816186],[-108.725133,36.81622]]]},"properties":{"src":"fm"}},{"type":"Feature","geometry":{"type":"Polygon","coordinates":[[[-108.722073,36.813548],[-108.722076,36.813458],[-108.721852,36.813454],[-108.721849,36.813544],[-108.722073,36.813548]]]},"properties":{"src":"fm"}},{"type":"Feature","geometry":{"type":"Polygon","coordinates":[[[-108.723858,36.813852],[-108.723863,36.813672],[-108.724311,36.813681],[-108.724322,36.813321],[-108.723538,36.813306],[-108.723535,36.813396],[-108.723647,36.813398],[-108.723644,36.813488],[-108.72342,36.813484],[-108.723415,36.813664],[-108.723639,36.813668],[-108.723634,36.813848],[-108.723858,36.813852]]]},"properties":{"src":"fm"}},{"type":"Feature","geometry":{"type":"Polygon","coordinates":[[[-108.721855,36.813363],[-108.721857,36.813273],[-108.721633,36.813269],[-108.721631,36.813359],[-108.721855,36.813363]]]},"properties":{"src":"fm"}},{"type":"Feature","geometry":{"type":"Polygon","coordinates":[[[-108.72238,36.81833],[-108.722385,36.81815],[-108.722161,36.818146],[-108.722156,36.818326],[-108.72238,36.81833]]]},"properties":{"src":"fm"}},{"type":"Feature","geometry":{"type":"Polygon","coordinates":[[[-108.722172,36.817786],[-108.722177,36.817606],[-108.721953,36.817601],[-108.72195,36.817691],[-108.722062,36.817694],[-108.72206,36.817784],[-108.722172,36.817786]]]},"properties":{"src":"fm"}},{"type":"Feature","geometry":{"type":"Polygon","coordinates":[[[-108.725058,36.818742],[-108.725133,36.81622],[-108.72334,36.816186],[-108.723276,36.818348],[-108.723724,36.818356],[-108.72373,36.818176],[-108.723954,36.81818],[-108.723951,36.81827],[-108.724063,36.818273],[-108.72406,36.818363],[-108.724172,36.818365],[-108.724167,36.818545],[-108.724391,36.818549],[-108.724386,36.818729],[-108.725058,36.818742]]]},"properties":{"src":"fm"}},{"type":"Feature","geometry":{"type":"Polygon","coordinates":[[[-108.723634,36.821419],[-108.723639,36.821239],[-108.723415,36.821234],[-108.723409,36.821415],[-108.723634,36.821419]]]},"properties":{"src":"fm"}},{"type":"Feature","geometry":{"type":"Polygon","coordinates":[[[-108.723185,36.82141],[-108.723191,36.82123],[-108.722855,36.821224],[-108.722852,36.821314],[-108.72274,36.821312],[-108.722737,36.821402],[-108.723185,36.82141]]]},"properties":{"src":"fm"}},{"type":"Feature","geometry":{"type":"Polygon","coordinates":[[[-108.722289,36.821393],[-108.722294,36.821213],[-108.721622,36.8212],[-108.72162,36.82129],[-108.721844,36.821294],[-108.721841,36.821384],[-108.722289,36.821393]]]},"properties":{"src":"fm"}},{"type":"Feature","geometry":{"type":"Polygon","coordinates":[[[-108.723644,36.821059],[-108.72365,36.820878],[-108.723426,36.820874],[-108.723423,36.820964],[-108.723535,36.820966],[-108.723532,36.821056],[-108.723644,36.821059]]]},"properties":{"src":"fm"}},{"type":"Feature","geometry":{"type":"Polygon","coordinates":[[[-108.722417,36.82464],[-108.722422,36.82446],[-108.722198,36.824456],[-108.722196,36.824546],[-108.722308,36.824548],[-108.722305,36.824638],[-108.722417,36.82464]]]},"properties":{"src":"fm"}},{"type":"Feature","geometry":{"type":"Polygon","coordinates":[[[-108.722198,36.824456],[-108.722204,36.824275],[-108.72198,36.824271],[-108.721977,36.824361],[-108.722089,36.824363],[-108.722086,36.824453],[-108.722198,36.824456]]]},"properties":{"src":"fm"}},{"type":"Feature","geometry":{"type":"Polygon","coordinates":[[[-108.722428,36.82428],[-108.722433,36.8241],[-108.722209,36.824095],[-108.722204,36.824275],[-108.722428,36.82428]]]},"properties":{"src":"fm"}},{"type":"Feature","geometry":{"type":"Polygon","coordinates":[[[-108.721739,36.824807],[-108.72175,36.824447],[-108.721526,36.824443],[-108.721531,36.824263],[-108.721755,36.824267],[-108.721761,36.824087],[-108.721313,36.824078],[-108.721297,36.824619],[-108.721521,36.824623],[-108.721515,36.824803],[-108.721739,36.824807]]]},"properties":{"src":"fm"}},{"type":"Feature","geometry":{"type":"Polygon","coordinates":[[[-108.724887,36.824507],[-108.724898,36.824147],[-108.724674,36.824143],[-108.724679,36.823962],[-108.724455,36.823958],[-108.724447,36.824228],[-108.724559,36.82423],[-108.724557,36.824321],[-108.724669,36.824323],[-108.724663,36.824503],[-108.724887,36.824507]]]},"properties":{"src":"fm"}},{"type":"Feature","geometry":{"type":"Polygon","coordinates":[[[-108.722209,36.824095],[-108.722214,36.823915],[-108.72199,36.823911],[-108.721985,36.824091],[-108.722209,36.824095]]]},"properties":{"src":"fm"}},{"type":"Feature","geometry":{"type":"Polygon","coordinates":[[[-108.723329,36.824117],[-108.723332,36.824027],[-108.723556,36.824031],[-108.723559,36.823941],[-108.722438,36.823919],[-108.722433,36.8241],[-108.723329,36.824117]]]},"properties":{"src":"fm"}},{"type":"Feature","geometry":{"type":"Polygon","coordinates":[[[-108.72398,36.82485],[-108.724012,36.823769],[-108.723788,36.823765],[-108.723756,36.824846],[-108.72398,36.82485]]]},"properties":{"src":"fm"}},{"type":"Feature","geometry":{"type":"Polygon","coordinates":[[[-108.723113,36.823842],[-108.723116,36.823752],[-108.722892,36.823748],[-108.722889,36.823838],[-108.723113,36.823842]]]},"properties":{"src":"fm"}},{"type":"Feature","geometry":{"type":"Polygon","coordinates":[[[-108.722665,36.823834],[-108.722668,36.823744],[-108.722556,36.823741],[-108.722553,36.823832],[-108.722665,36.823834]]]},"properties":{"src":"fm"}},{"type":"Feature","geometry":{"type":"Polygon","coordinates":[[[-108.724461,36.823778],[-108.724466,36.823598],[-108.724242,36.823594],[-108.724236,36.823774],[-108.724461,36.823778]]]},"properties":{"src":"fm"}},{"type":"Feature","geometry":{"type":"Polygon","coordinates":[[[-108.724479,36.823147],[-108.724482,36.823057],[-108.724258,36.823053],[-108.724255,36.823143],[-108.724479,36.823147]]]},"properties":{"src":"fm"}},{"type":"Feature","geometry":{"type":"Polygon","coordinates":[[[-108.723591,36.82286],[-108.723596,36.82268],[-108.723372,36.822676],[-108.723369,36.822766],[-108.723481,36.822768],[-108.723479,36.822858],[-108.723591,36.82286]]]},"properties":{"src":"fm"}},{"type":"Feature","geometry":{"type":"Polygon","coordinates":[[[-108.722681,36.827079],[-108.722684,36.826988],[-108.722572,36.826986],[-108.722569,36.827076],[-108.722681,36.827079]]]},"properties":{"src":"fm"}},{"type":"Feature","geometry":{"type":"Polygon","coordinates":[[[-108.723255,36.826639],[-108.72326,36.826459],[-108.723036,36.826454],[-108.723031,36.826635],[-108.723255,36.826639]]]},"properties":{"src":"fm"}},{"type":"Feature","geometry":{"type":"Polygon","coordinates":[[[-108.722833,36.82573],[-108.722838,36.825549],[-108.722614,36.825545],[-108.722612,36.825635],[-108.722724,36.825637],[-108.722721,36.825727],[-108.722833,36.82573]]]},"properties":{"src":"fm"}},{"type":"Feature","geometry":{"type":"Polygon","coordinates":[[[-108.722572,36.826986],[-108.722577,36.826806],[-108.722801,36.82681],[-108.722812,36.82645],[-108.723036,36.826454],[-108.723041,36.826274],[-108.722817,36.82627],[-108.722822,36.82609],[-108.722598,36.826086],[-108.722609,36.825725],[-108.721937,36.825712],[-108.721942,36.825532],[-108.721718,36.825528],[-108.721723,36.825348],[-108.721611,36.825346],[-108.721609,36.825436],[-108.721497,36.825434],[-108.721505,36.825163],[-108.721281,36.825159],[-108.721248,36.82624],[-108.721697,36.826249],[-108.721686,36.826609],[-108.721462,36.826605],[-108.721459,36.826695],[-108.721683,36.826699],[-108.721681,36.826789],[-108.722129,36.826798],[-108.722123,36.826978],[-108.722572,36.826986]],[[-108.722577,36.826806],[-108.722353,36.826802],[-108.722358,36.826622],[-108.722582,36.826626],[-108.722577,36.826806]],[[-108.722134,36.826617],[-108.72191,36.826613],[-108.721921,36.826253],[-108.722369,36.826261],[-108.722364,36.826442],[-108.72214,36.826437],[-108.722134,36.826617]]]},"properties":{"src":"fm"}},{"type":"Feature","geometry":{"type":"Polygon","coordinates":[[[-108.721734,36.824988],[-108.721739,36.824807],[-108.721291,36.824799],[-108.721289,36.824889],[-108.721513,36.824893],[-108.72151,36.824983],[-108.721734,36.824988]]]},"properties":{"src":"fm"}},{"type":"Feature","geometry":{"type":"Polygon","coordinates":[[[-108.723681,36.827368],[-108.723687,36.827188],[-108.724359,36.827201],[-108.724364,36.827021],[-108.724813,36.827029],[-108.724839,36.826129],[-108.724615,36.826124],[-108.724626,36.825764],[-108.724402,36.82576],[-108.72441,36.825489],[-108.724298,36.825487],[-108.724295,36.825577],[-108.724183,36.825575],[-108.724199,36.825035],[-108.723975,36.82503],[-108.723978,36.82494],[-108.724202,36.824945],[-108.724204,36.824855],[-108.723756,36.824846],[-108.723743,36.825296],[-108.723855,36.825299],[-108.723852,36.825389],[-108.723964,36.825391],[-108.723954,36.825751],[-108.724178,36.825755],[-108.724172,36.825935],[-108.724396,36.82594],[-108.724391,36.82612],[-108.724167,36.826116],[-108.724162,36.826296],[-108.723938,36.826291],[-108.723932,36.826472],[-108.724156,36.826476],[-108.724151,36.826656],[-108.724263,36.826658],[-108.72426,36.826748],[-108.724148,36.826746],[-108.724146,36.826836],[-108.723473,36.826823],[-108.723468,36.827004],[-108.723244,36.826999],[-108.723249,36.826819],[-108.722801,36.82681],[-108.72279,36.827171],[-108.723239,36.827179],[-108.723233,36.82736],[-108.723681,36.827368]]]},"properties":{"src":"fm"}},{"type":"Feature","geometry":{"type":"Polygon","coordinates":[[[-108.721957,36.847704],[-108.721962,36.847524],[-108.722411,36.847532],[-108.722416,36.847352],[-108.722192,36.847348],[-108.722197,36.847168],[-108.721973,36.847163],[-108.72197,36.847253],[-108.722082,36.847255],[-108.72208,36.847346],[-108.721744,36.847339],[-108.721733,36.847699],[-108.721957,36.847704]]]},"properties":{"src":"fm"}},{"type":"Feature","geometry":{"type":"Polygon","coordinates":[[[-108.723315,36.847279],[-108.723318,36.847189],[-108.723206,36.847187],[-108.723203,36.847277],[-108.723315,36.847279]]]},"properties":{"src":"fm"}},{"type":"Feature","geometry":{"type":"Polygon","coordinates":[[[-108.723099,36.847005],[-108.723105,36.846824],[-108.72288,36.84682],[-108.722875,36.847],[-108.723099,36.847005]]]},"properties":{"src":"fm"}},{"type":"Feature","geometry":{"type":"Polygon","coordinates":[[[-108.723331,36.846739],[-108.723334,36.846649],[-108.72311,36.846644],[-108.723107,36.846734],[-108.723331,36.846739]]]},"properties":{"src":"fm"}},{"type":"Feature","geometry":{"type":"Polygon","coordinates":[[[-108.723782,36.846657],[-108.723788,36.846477],[-108.723564,36.846473],[-108.723558,36.846653],[-108.723782,36.846657]]]},"properties":{"src":"fm"}},{"type":"Feature","geometry":{"type":"Polygon","coordinates":[[[-108.724009,36.846571],[-108.724012,36.846481],[-108.724236,36.846486],[-108.724241,36.846305],[-108.723793,36.846297],[-108.723788,36.846477],[-108.7239,36.846479],[-108.723897,36.846569],[-108.724009,36.846571]]]},"properties":{"src":"fm"}},{"type":"Feature","geometry":{"type":"Polygon","coordinates":[[[-108.723339,36.846468],[-108.72335,36.846108],[-108.723126,36.846104],[-108.723123,36.846194],[-108.723235,36.846196],[-108.723233,36.846286],[-108.723121,36.846284],[-108.723118,36.846374],[-108.72323,36.846376],[-108.723227,36.846466],[-108.723339,36.846468]]]},"properties":{"src":"fm"}},{"type":"Feature","geometry":{"type":"Polygon","coordinates":[[[-108.723798,36.846117],[-108.723804,36.845937],[-108.72358,36.845932],[-108.723574,36.846112],[-108.723798,36.846117]]]},"properties":{"src":"fm"}},{"type":"Feature","geometry":{"type":"Polygon","coordinates":[[[-108.724252,36.845945],[-108.724257,36.845765],[-108.723809,36.845756],[-108.723804,36.845937],[-108.724252,36.845945]]]},"properties":{"src":"fm"}},{"type":"Feature","geometry":{"type":"Polygon","coordinates":[[[-108.723361,36.845748],[-108.723366,36.845568],[-108.723142,36.845563],[-108.723137,36.845744],[-108.723361,36.845748]]]},"properties":{"src":"fm"}},{"type":"Feature","geometry":{"type":"Polygon","coordinates":[[[-108.724263,36.845585],[-108.724268,36.845405],[-108.723596,36.845392],[-108.723601,36.845212],[-108.723153,36.845203],[-108.723147,36.845383],[-108.723371,36.845387],[-108.723366,36.845568],[-108.724263,36.845585]]]},"properties":{"src":"fm"}},{"type":"Feature","geometry":{"type":"Polygon","coordinates":[[[-108.7237,36.849449],[-108.723708,36.849179],[-108.723483,36.849175],[-108.723478,36.849355],[-108.72359,36.849357],[-108.723587,36.849447],[-108.7237,36.849449]]]},"properties":{"src":"fm"}},{"type":"Feature","geometry":{"type":"Polygon","coordinates":[[[-108.720804,36.848763],[-108.72081,36.848583],[-108.720585,36.848579],[-108.72058,36.848759],[-108.720804,36.848763]]]},"properties":{"src":"fm"}},{"type":"Feature","geometry":{"type":"Polygon","coordinates":[[[-108.721039,36.848407],[-108.721044,36.848227],[-108.72082,36.848223],[-108.720815,36.848403],[-108.721039,36.848407]]]},"properties":{"src":"fm"}},{"type":"Feature","geometry":{"type":"Polygon","coordinates":[[[-108.721495,36.848145],[-108.721503,36.847875],[-108.721279,36.847871],[-108.721277,36.847961],[-108.721389,36.847963],[-108.721386,36.848053],[-108.721274,36.848051],[-108.721271,36.848141],[-108.721495,36.848145]]]},"properties":{"src":"fm"}},{"type":"Feature","geometry":{"type":"Polygon","coordinates":[[[-108.721719,36.810387],[-108.721724,36.810207],[-108.7215,36.810202],[-108.721495,36.810382],[-108.721719,36.810387]]]},"properties":{"src":"fm"}},{"type":"Feature","geometry":{"type":"Polygon","coordinates":[[[-108.720428,36.808559],[-108.720433,36.808379],[-108.719985,36.808371],[-108.71998,36.808551],[-108.720428,36.808559]]]},"properties":{"src":"fm"}},{"type":"Feature","geometry":{"type":"Polygon","coordinates":[[[-108.719756,36.808546],[-108.719761,36.808366],[-108.719537,36.808362],[-108.719532,36.808542],[-108.719756,36.808546]]]},"properties":{"src":"fm"}},{"type":"Feature","geometry":{"type":"Polygon","coordinates":[[[-108.720598,36.810365],[-108.720609,36.810005],[-108.720385,36.810001],[-108.720396,36.80964],[-108.72062,36.809645],[-108.720614,36.809825],[-108.720839,36.809829],[-108.720844,36.809649],[-108.721068,36.809653],[-108.721073,36.809473],[-108.720849,36.809469],[-108.720871,36.808748],[-108.720198,36.808735],[-108.720188,36.809096],[-108.719964,36.809091],[-108.719969,36.808911],[-108.719745,36.808907],[-108.71975,36.808727],[-108.719526,36.808722],[-108.719532,36.808542],[-108.719308,36.808538],[-108.719313,36.808358],[-108.719537,36.808362],[-108.719542,36.808182],[-108.719094,36.808173],[-108.719089,36.808353],[-108.718865,36.808349],[-108.71887,36.808169],[-108.718422,36.80816],[-108.718401,36.808881],[-108.718177,36.808877],[-108.718174,36.808967],[-108.718398,36.808971],[-108.718385,36.809421],[-108.718609,36.809426],[-108.718587,36.810146],[-108.719259,36.810159],[-108.719254,36.810339],[-108.720598,36.810365]],[[-108.719281,36.809439],[-108.719057,36.809434],[-108.719062,36.809254],[-108.719286,36.809258],[-108.719281,36.809439]]]},"properties":{"src":"fm"}},{"type":"Feature","geometry":{"type":"Polygon","coordinates":[[[-108.720436,36.808289],[-108.720439,36.808199],[-108.720214,36.808195],[-108.720212,36.808285],[-108.720436,36.808289]]]},"properties":{"src":"fm"}},{"type":"Feature","geometry":{"type":"Polygon","coordinates":[[[-108.719996,36.80801],[-108.720006,36.80765],[-108.719782,36.807646],[-108.719772,36.808006],[-108.719996,36.80801]]]},"properties":{"src":"fm"}},{"type":"Feature","geometry":{"type":"Polygon","coordinates":[[[-108.720449,36.807839],[-108.72046,36.807478],[-108.720012,36.80747],[-108.720006,36.80765],[-108.72023,36.807654],[-108.720225,36.807834],[-108.720449,36.807839]]]},"properties":{"src":"fm"}},{"type":"Feature","geometry":{"type":"Polygon","coordinates":[[[-108.719553,36.807822],[-108.719558,36.807641],[-108.719782,36.807646],[-108.719788,36.807466],[-108.719228,36.807455],[-108.719225,36.807545],[-108.719113,36.807543],[-108.71911,36.807633],[-108.718662,36.807624],[-108.718657,36.807804],[-108.719553,36.807822]]]},"properties":{"src":"fm"}},{"type":"Feature","geometry":{"type":"Polygon","coordinates":[[[-108.718961,36.812677],[-108.718966,36.812497],[-108.718742,36.812493],[-108.718739,36.812583],[-108.718851,36.812585],[-108.718849,36.812675],[-108.718961,36.812677]]]},"properties":{"src":"fm"}},{"type":"Feature","geometry":{"type":"Polygon","coordinates":[[[-108.719867,36.812334],[-108.719873,36.812154],[-108.719649,36.81215],[-108.719643,36.81233],[-108.719867,36.812334]]]},"properties":{"src":"fm"}},{"type":"Feature","geometry":{"type":"Polygon","coordinates":[[[-108.719195,36.812321],[-108.719201,36.812141],[-108.718977,36.812137],[-108.718971,36.812317],[-108.719195,36.812321]]]},"properties":{"src":"fm"}},{"type":"Feature","geometry":{"type":"Polygon","coordinates":[[[-108.719659,36.811789],[-108.719665,36.811609],[-108.719441,36.811605],[-108.719435,36.811785],[-108.719659,36.811789]]]},"properties":{"src":"fm"}},{"type":"Feature","geometry":{"type":"Polygon","coordinates":[[[-108.719014,36.810876],[-108.719019,36.810695],[-108.718795,36.810691],[-108.71879,36.810871],[-108.719014,36.810876]]]},"properties":{"src":"fm"}},{"type":"Feature","geometry":{"type":"Polygon","coordinates":[[[-108.719892,36.811523],[-108.719894,36.811433],[-108.720118,36.811437],[-108.720124,36.811257],[-108.7199,36.811253],[-108.71991,36.810893],[-108.720134,36.810897],[-108.72014,36.810717],[-108.720364,36.810721],[-108.720374,36.810361],[-108.719478,36.810344],[-108.719446,36.811425],[-108.71967,36.811429],[-108.719667,36.811519],[-108.719892,36.811523]]]},"properties":{"src":"fm"}},{"type":"Feature","geometry":{"type":"Polygon","coordinates":[[[-108.721713,36.810567],[-108.721719,36.810387],[-108.721495,36.810382],[-108.721489,36.810563],[-108.721713,36.810567]]]},"properties":{"src":"fm"}},{"type":"Feature","geometry":{"type":"Polygon","coordinates":[[[-108.721105,36.815963],[-108.72111,36.815783],[-108.720886,36.815778],[-108.720884,36.815868],[-108.720996,36.815871],[-108.720993,36.815961],[-108.721105,36.815963]]]},"properties":{"src":"fm"}},{"type":"Feature","geometry":{"type":"Polygon","coordinates":[[[-108.71887,36.81574],[-108.71888,36.815379],[-108.718656,36.815375],[-108.718654,36.815465],[-108.718766,36.815467],[-108.718763,36.815557],[-108.718651,36.815555],[-108.718646,36.815735],[-108.71887,36.81574]]]},"properties":{"src":"fm"}},{"type":"Feature","geometry":{"type":"Polygon","coordinates":[[[-108.719107,36.815294],[-108.71911,36.815203],[-108.718886,36.815199],[-108.718883,36.815289],[-108.719107,36.815294]]]},"properties":{"src":"fm"}},{"type":"Feature","geometry":{"type":"Polygon","coordinates":[[[-108.720902,36.815238],[-108.720918,36.814697],[-108.719798,36.814676],[-108.719785,36.815126],[-108.719897,36.815128],[-108.719894,36.815219],[-108.720902,36.815238]]]},"properties":{"src":"fm"}},{"type":"Feature","geometry":{"type":"Polygon","coordinates":[[[-108.719569,36.814852],[-108.719574,36.814672],[-108.719798,36.814676],[-108.719803,36.814496],[-108.719355,36.814487],[-108.719345,36.814847],[-108.719569,36.814852]]]},"properties":{"src":"fm"}},{"type":"Feature","geometry":{"type":"Polygon","coordinates":[[[-108.720705,36.814333],[-108.72071,36.814153],[-108.720486,36.814148],[-108.720481,36.814329],[-108.720705,36.814333]]]},"properties":{"src":"fm"}},{"type":"Feature","geometry":{"type":"Polygon","coordinates":[[[-108.719126,36.814663],[-108.719131,36.814483],[-108.719355,36.814487],[-108.719361,36.814307],[-108.719585,36.814311],[-108.719595,36.813951],[-108.718027,36.813921],[-108.718022,36.814101],[-108.718694,36.814114],[-108.718678,36.814654],[-108.719126,36.814663]],[[-108.719251,36.814215],[-108.719139,36.814213],[-108.719142,36.814123],[-108.719254,36.814125],[-108.719251,36.814215]]]},"properties":{"src":"fm"}},{"type":"Feature","geometry":{"type":"Polygon","coordinates":[[[-108.720486,36.814148],[-108.720492,36.813968],[-108.720267,36.813964],[-108.720262,36.814144],[-108.720486,36.814148]]]},"properties":{"src":"fm"}},{"type":"Feature","geometry":{"type":"Polygon","coordinates":[[[-108.721276,36.817769],[-108.721281,36.817588],[-108.721057,36.817584],[-108.721052,36.817764],[-108.721276,36.817769]]]},"properties":{"src":"fm"}},{"type":"Feature","geometry":{"type":"Polygon","coordinates":[[[-108.719707,36.817738],[-108.719712,36.817558],[-108.719488,36.817554],[-108.719483,36.817734],[-108.719707,36.817738]]]},"properties":{"src":"fm"}},{"type":"Feature","geometry":{"type":"Polygon","coordinates":[[[-108.718403,36.816362],[-108.718406,36.816271],[-108.718181,36.816267],[-108.718179,36.816357],[-108.718403,36.816362]]]},"properties":{"src":"fm"}},{"type":"Feature","geometry":{"type":"Polygon","coordinates":[[[-108.721161,36.821642],[-108.721163,36.821552],[-108.720939,36.821547],[-108.720937,36.821638],[-108.721161,36.821642]]]},"properties":{"src":"fm"}},{"type":"Feature","geometry":{"type":"Polygon","coordinates":[[[-108.718032,36.821311],[-108.718037,36.821131],[-108.717813,36.821127],[-108.71781,36.821217],[-108.717922,36.821219],[-108.71792,36.821309],[-108.718032,36.821311]]]},"properties":{"src":"fm"}},{"type":"Feature","geometry":{"type":"Polygon","coordinates":[[[-108.721185,36.820831],[-108.721195,36.820471],[-108.720971,36.820467],[-108.720961,36.820827],[-108.721185,36.820831]]]},"properties":{"src":"fm"}},{"type":"Feature","geometry":{"type":"Polygon","coordinates":[[[-108.719152,36.821333],[-108.719157,36.821153],[-108.719381,36.821157],[-108.719387,36.820977],[-108.719163,36.820973],[-108.719168,36.820792],[-108.719392,36.820797],[-108.719397,36.820617],[-108.719734,36.820623],[-108.719731,36.820713],[-108.719843,36.820715],[-108.719856,36.820265],[-108.72008,36.820269],[-108.720086,36.820089],[-108.720534,36.820098],[-108.720531,36.820188],[-108.720643,36.82019],[-108.720646,36.8201],[-108.720758,36.820102],[-108.720753,36.820282],[-108.720977,36.820286],[-108.720987,36.819926],[-108.718747,36.819883],[-108.718704,36.821324],[-108.718928,36.821329],[-108.718931,36.821239],[-108.719043,36.821241],[-108.71904,36.821331],[-108.719152,36.821333]]]},"properties":{"src":"fm"}},{"type":"Feature","geometry":{"type":"Polygon","coordinates":[[[-108.720998,36.819566],[-108.721003,36.819386],[-108.718987,36.819347],[-108.718981,36.819527],[-108.720998,36.819566]]]},"properties":{"src":"fm"}},{"type":"Feature","geometry":{"type":"Polygon","coordinates":[[[-108.721291,36.824799],[-108.721313,36.824078],[-108.720864,36.82407],[-108.72087,36.823889],[-108.720646,36.823885],[-108.72064,36.824065],[-108.720192,36.824057],[-108.720187,36.824237],[-108.720411,36.824241],[-108.720406,36.824421],[-108.719957,36.824413],[-108.719952,36.824593],[-108.720176,36.824597],[-108.720171,36.824777],[-108.721291,36.824799]]]},"properties":{"src":"fm"}},{"type":"Feature","geometry":{"type":"Polygon","coordinates":[[[-108.721315,36.823988],[-108.721318,36.823898],[-108.721206,36.823896],[-108.721203,36.823986],[-108.721315,36.823988]]]},"properties":{"src":"fm"}},{"type":"Feature","geometry":{"type":"Polygon","coordinates":[[[-108.718357,36.825463],[-108.718359,36.825373],[-108.718583,36.825378],[-108.718586,36.825288],[-108.718138,36.825279],[-108.718133,36.825459],[-108.718357,36.825463]]]},"properties":{"src":"fm"}},{"type":"Feature","geometry":{"type":"Polygon","coordinates":[[[-108.720606,36.825236],[-108.720608,36.825146],[-108.720496,36.825144],[-108.720494,36.825234],[-108.720606,36.825236]]]},"properties":{"src":"fm"}},{"type":"Feature","geometry":{"type":"Polygon","coordinates":[[[-108.718965,36.827638],[-108.718975,36.827278],[-108.7192,36.827282],[-108.719205,36.827102],[-108.719429,36.827106],[-108.719434,36.826926],[-108.719658,36.82693],[-108.719664,36.82675],[-108.719888,36.826755],[-108.719891,36.826665],[-108.720115,36.826669],[-108.720117,36.826579],[-108.720341,36.826583],[-108.720347,36.826403],[-108.720795,36.826412],[-108.7208,36.826231],[-108.721024,36.826236],[-108.721019,36.826416],[-108.721243,36.82642],[-108.721275,36.825339],[-108.721051,36.825335],[-108.721046,36.825515],[-108.720822,36.825511],[-108.720827,36.825331],[-108.720603,36.825326],[-108.720592,36.825687],[-108.71992,36.825674],[-108.719915,36.825854],[-108.719018,36.825837],[-108.719026,36.825566],[-108.71925,36.825571],[-108.719253,36.825481],[-108.719477,36.825485],[-108.719482,36.825305],[-108.719931,36.825313],[-108.719936,36.825133],[-108.719712,36.825129],[-108.719717,36.824949],[-108.719493,36.824945],[-108.719488,36.825125],[-108.719264,36.82512],[-108.719258,36.825301],[-108.71881,36.825292],[-108.7188,36.825652],[-108.718575,36.825648],[-108.71857,36.825828],[-108.718346,36.825824],[-108.718343,36.825914],[-108.718455,36.825916],[-108.718453,36.826006],[-108.718117,36.826],[-108.718133,36.825459],[-108.717684,36.825451],[-108.717679,36.825631],[-108.717903,36.825635],[-108.717898,36.825815],[-108.717674,36.825811],[-108.717663,36.826171],[-108.717887,36.826175],[-108.717884,36.826266],[-108.718109,36.82627],[-108.718111,36.82618],[-108.718335,36.826184],[-108.718327,36.826454],[-108.718551,36.826459],[-108.718549,36.826549],[-108.718213,36.826542],[-108.71821,36.826632],[-108.718098,36.82663],[-108.718095,36.82672],[-108.717647,36.826712],[-108.717634,36.827162],[-108.717746,36.827164],[-108.717743,36.827254],[-108.717631,36.827252],[-108.71762,36.827612],[-108.718965,36.827638]],[[-108.718186,36.827443],[-108.718074,36.827441],[-108.718076,36.827351],[-108.718188,36.827353],[-108.718186,36.827443]],[[-108.718762,36.826913],[-108.718538,36.826909],[-108.718543,36.826729],[-108.718767,36.826733],[-108.718762,36.826913]],[[-108.718992,36.826737],[-108.718767,36.826733],[-108.718773,36.826553],[-108.718997,36.826557],[-108.718992,36.826737]]]},"properties":{"src":"fm"}},{"type":"Feature","geometry":{"type":"Polygon","coordinates":[[[-108.720384,36.825142],[-108.72039,36.824962],[-108.721286,36.824979],[-108.721291,36.824799],[-108.719947,36.824773],[-108.719936,36.825133],[-108.720384,36.825142]]]},"properties":{"src":"fm"}},{"type":"Feature","geometry":{"type":"Polygon","coordinates":[[[-108.719493,36.824945],[-108.719499,36.824764],[-108.719274,36.82476],[-108.719272,36.82485],[-108.719384,36.824852],[-108.719381,36.824942],[-108.719493,36.824945]]]},"properties":{"src":"fm"}},{"type":"Feature","geometry":{"type":"Polygon","coordinates":[[[-108.718218,36.830147],[-108.718223,36.829967],[-108.717999,36.829963],[-108.718009,36.829603],[-108.717785,36.829598],[-108.717791,36.829418],[-108.717567,36.829414],[-108.717551,36.829954],[-108.717775,36.829959],[-108.717769,36.830139],[-108.717993,36.830143],[-108.717996,36.830053],[-108.718108,36.830055],[-108.718105,36.830145],[-108.718218,36.830147]]]},"properties":{"src":"fm"}},{"type":"Feature","geometry":{"type":"Polygon","coordinates":[[[-108.717823,36.828337],[-108.717836,36.827887],[-108.717948,36.827889],[-108.717946,36.827979],[-108.718506,36.82799],[-108.718509,36.8279],[-108.718733,36.827904],[-108.718741,36.827634],[-108.71762,36.827612],[-108.717599,36.828333],[-108.717823,36.828337]]]},"properties":{"src":"fm"}},{"type":"Feature","geometry":{"type":"Polygon","coordinates":[[[-108.719438,36.849458],[-108.719443,36.849278],[-108.719219,36.849273],[-108.719216,36.849363],[-108.719328,36.849366],[-108.719326,36.849456],[-108.719438,36.849458]]]},"properties":{"src":"fm"}},{"type":"Feature","geometry":{"type":"Polygon","coordinates":[[[-108.719899,36.849016],[-108.719902,36.848926],[-108.719678,36.848922],[-108.719675,36.849012],[-108.719899,36.849016]]]},"properties":{"src":"fm"}},{"type":"Feature","geometry":{"type":"Polygon","coordinates":[[[-108.720126,36.84893],[-108.720132,36.84875],[-108.719908,36.848746],[-108.719902,36.848926],[-108.720126,36.84893]]]},"properties":{"src":"fm"}},{"type":"Feature","geometry":{"type":"Polygon","coordinates":[[[-108.72058,36.848759],[-108.720585,36.848579],[-108.720249,36.848572],[-108.720246,36.848662],[-108.720359,36.848664],[-108.720356,36.848754],[-108.72058,36.848759]]]},"properties":{"src":"fm"}},{"type":"Feature","geometry":{"type":"Polygon","coordinates":[[[-108.719011,36.848729],[-108.719016,36.848549],[-108.718792,36.848544],[-108.718787,36.848724],[-108.719011,36.848729]]]},"properties":{"src":"fm"}},{"type":"Feature","geometry":{"type":"Polygon","coordinates":[[[-108.72014,36.84848],[-108.720142,36.84839],[-108.719918,36.848386],[-108.719916,36.848476],[-108.72014,36.84848]]]},"properties":{"src":"fm"}},{"type":"Feature","geometry":{"type":"Polygon","coordinates":[[[-108.719243,36.848463],[-108.719246,36.848373],[-108.719022,36.848368],[-108.719019,36.848458],[-108.719243,36.848463]]]},"properties":{"src":"fm"}},{"type":"Feature","geometry":{"type":"Polygon","coordinates":[[[-108.719918,36.848386],[-108.719924,36.848205],[-108.719699,36.848201],[-108.719694,36.848381],[-108.719918,36.848386]]]},"properties":{"src":"fm"}},{"type":"Feature","geometry":{"type":"Polygon","coordinates":[[[-108.715221,36.810262],[-108.715227,36.810082],[-108.715003,36.810077],[-108.714997,36.810258],[-108.715221,36.810262]]]},"properties":{"src":"fm"}},{"type":"Feature","geometry":{"type":"Polygon","coordinates":[[[-108.714789,36.809713],[-108.714795,36.809533],[-108.714571,36.809528],[-108.714565,36.809709],[-108.714789,36.809713]]]},"properties":{"src":"fm"}},{"type":"Feature","geometry":{"type":"Polygon","coordinates":[[[-108.716139,36.809559],[-108.716144,36.809378],[-108.71592,36.809374],[-108.715915,36.809554],[-108.716139,36.809559]]]},"properties":{"src":"fm"}},{"type":"Feature","geometry":{"type":"Polygon","coordinates":[[[-108.715467,36.809546],[-108.715472,36.809365],[-108.715024,36.809357],[-108.715021,36.809447],[-108.715133,36.809449],[-108.715131,36.809539],[-108.715467,36.809546]]]},"properties":{"src":"fm"}},{"type":"Feature","geometry":{"type":"Polygon","coordinates":[[[-108.715251,36.809271],[-108.715253,36.809181],[-108.715141,36.809179],[-108.715139,36.809269],[-108.715251,36.809271]]]},"properties":{"src":"fm"}},{"type":"Feature","geometry":{"type":"Polygon","coordinates":[[[-108.718171,36.809057],[-108.718177,36.808877],[-108.717953,36.808872],[-108.71795,36.808962],[-108.718062,36.808965],[-108.718059,36.809055],[-108.718171,36.809057]]]},"properties":{"src":"fm"}},{"type":"Feature","geometry":{"type":"Polygon","coordinates":[[[-108.715136,36.813144],[-108.715141,36.812964],[-108.714917,36.81296],[-108.714912,36.81314],[-108.715136,36.813144]]]},"properties":{"src":"fm"}},{"type":"Feature","geometry":{"type":"Polygon","coordinates":[[[-108.715589,36.812973],[-108.7156,36.812613],[-108.715152,36.812604],[-108.715141,36.812964],[-108.715589,36.812973]]]},"properties":{"src":"fm"}},{"type":"Feature","geometry":{"type":"Polygon","coordinates":[[[-108.716715,36.812814],[-108.71672,36.812634],[-108.716496,36.81263],[-108.716491,36.81281],[-108.716715,36.812814]]]},"properties":{"src":"fm"}},{"type":"Feature","geometry":{"type":"Polygon","coordinates":[[[-108.715152,36.812604],[-108.715157,36.812424],[-108.714933,36.812419],[-108.714928,36.8126],[-108.715152,36.812604]]]},"properties":{"src":"fm"}},{"type":"Feature","geometry":{"type":"Polygon","coordinates":[[[-108.716277,36.812445],[-108.716283,36.812265],[-108.716059,36.812261],[-108.716053,36.812441],[-108.716277,36.812445]]]},"properties":{"src":"fm"}},{"type":"Feature","geometry":{"type":"Polygon","coordinates":[[[-108.715381,36.812428],[-108.715386,36.812248],[-108.715162,36.812244],[-108.715157,36.812424],[-108.715381,36.812428]]]},"properties":{"src":"fm"}},{"type":"Feature","geometry":{"type":"Polygon","coordinates":[[[-108.714933,36.812419],[-108.714938,36.812239],[-108.714714,36.812235],[-108.714709,36.812415],[-108.714933,36.812419]]]},"properties":{"src":"fm"}},{"type":"Feature","geometry":{"type":"Polygon","coordinates":[[[-108.715611,36.812252],[-108.715621,36.811892],[-108.715397,36.811888],[-108.715386,36.812248],[-108.715611,36.812252]]]},"properties":{"src":"fm"}},{"type":"Feature","geometry":{"type":"Polygon","coordinates":[[[-108.715162,36.812244],[-108.715173,36.811883],[-108.714949,36.811879],[-108.714938,36.812239],[-108.715162,36.812244]]]},"properties":{"src":"fm"}},{"type":"Feature","geometry":{"type":"Polygon","coordinates":[[[-108.717427,36.811476],[-108.71743,36.811386],[-108.717206,36.811382],[-108.717203,36.811472],[-108.717427,36.811476]]]},"properties":{"src":"fm"}},{"type":"Feature","geometry":{"type":"Polygon","coordinates":[[[-108.714763,36.810614],[-108.714768,36.810433],[-108.714544,36.810429],[-108.714538,36.810609],[-108.714763,36.810614]]]},"properties":{"src":"fm"}},{"type":"Feature","geometry":{"type":"Polygon","coordinates":[[[-108.716394,36.816053],[-108.7164,36.815872],[-108.715279,36.815851],[-108.715277,36.815941],[-108.715389,36.815943],[-108.715386,36.816033],[-108.716394,36.816053]]]},"properties":{"src":"fm"}},{"type":"Feature","geometry":{"type":"Polygon","coordinates":[[[-108.717744,36.815898],[-108.717749,36.815718],[-108.717301,36.81571],[-108.717296,36.81589],[-108.71752,36.815894],[-108.717523,36.815804],[-108.717635,36.815806],[-108.717632,36.815896],[-108.717744,36.815898]]]},"properties":{"src":"fm"}},{"type":"Feature","geometry":{"type":"Polygon","coordinates":[[[-108.714607,36.815838],[-108.714613,36.815658],[-108.714388,36.815654],[-108.714383,36.815834],[-108.714607,36.815838]]]},"properties":{"src":"fm"}},{"type":"Feature","geometry":{"type":"Polygon","coordinates":[[[-108.717771,36.814998],[-108.717776,36.814817],[-108.717552,36.814813],[-108.717547,36.814993],[-108.717771,36.814998]]]},"properties":{"src":"fm"}},{"type":"Feature","geometry":{"type":"Polygon","coordinates":[[[-108.717557,36.814633],[-108.717573,36.814092],[-108.717349,36.814088],[-108.717355,36.813908],[-108.717131,36.813904],[-108.717125,36.814084],[-108.716789,36.814077],[-108.716787,36.814167],[-108.716675,36.814165],[-108.716672,36.814255],[-108.717344,36.814268],[-108.717333,36.814629],[-108.717557,36.814633]]]},"properties":{"src":"fm"}},{"type":"Feature","geometry":{"type":"Polygon","coordinates":[[[-108.715357,36.813239],[-108.71536,36.813149],[-108.715248,36.813147],[-108.715245,36.813237],[-108.715357,36.813239]]]},"properties":{"src":"fm"}},{"type":"Feature","geometry":{"type":"Polygon","coordinates":[[[-108.715898,36.817665],[-108.715901,36.817575],[-108.716349,36.817584],[-108.716351,36.817494],[-108.715903,36.817485],[-108.715909,36.817305],[-108.715685,36.817301],[-108.715674,36.817661],[-108.715898,36.817665]]]},"properties":{"src":"fm"}},{"type":"Feature","geometry":{"type":"Polygon","coordinates":[[[-108.716354,36.817404],[-108.716362,36.817134],[-108.715914,36.817125],[-108.715909,36.817305],[-108.716133,36.817309],[-108.71613,36.817399],[-108.716354,36.817404]]]},"properties":{"src":"fm"}},{"type":"Feature","geometry":{"type":"Polygon","coordinates":[[[-108.715914,36.817125],[-108.715919,36.816945],[-108.715695,36.81694],[-108.71569,36.817121],[-108.715914,36.817125]]]},"properties":{"src":"fm"}},{"type":"Feature","geometry":{"type":"Polygon","coordinates":[[[-108.716143,36.816949],[-108.716149,36.816769],[-108.716597,36.816778],[-108.716602,36.816597],[-108.716154,36.816589],[-108.71616,36.816409],[-108.715935,36.816404],[-108.71593,36.816584],[-108.715258,36.816572],[-108.715253,36.816752],[-108.715925,36.816765],[-108.715919,36.816945],[-108.716143,36.816949]]]},"properties":{"src":"fm"}},{"type":"Feature","geometry":{"type":"Polygon","coordinates":[[[-108.715711,36.8164],[-108.715717,36.81622],[-108.715941,36.816224],[-108.715946,36.816044],[-108.715498,36.816035],[-108.715487,36.816396],[-108.715711,36.8164]]]},"properties":{"src":"fm"}},{"type":"Feature","geometry":{"type":"Polygon","coordinates":[[[-108.716616,36.816147],[-108.716618,36.816057],[-108.716394,36.816053],[-108.716392,36.816143],[-108.716616,36.816147]]]},"properties":{"src":"fm"}},{"type":"Feature","geometry":{"type":"Polygon","coordinates":[[[-108.717808,36.821307],[-108.717813,36.821127],[-108.717589,36.821123],[-108.717583,36.821303],[-108.717808,36.821307]]]},"properties":{"src":"fm"}},{"type":"Feature","geometry":{"type":"Polygon","coordinates":[[[-108.714462,36.820702],[-108.714479,36.820162],[-108.714254,36.820157],[-108.714241,36.820608],[-108.714353,36.82061],[-108.71435,36.8207],[-108.714462,36.820702]]]},"properties":{"src":"fm"}},{"type":"Feature","geometry":{"type":"Polygon","coordinates":[[[-108.714505,36.819261],[-108.714511,36.819081],[-108.714287,36.819076],[-108.714281,36.819257],[-108.714505,36.819261]]]},"properties":{"src":"fm"}},{"type":"Feature","geometry":{"type":"Polygon","coordinates":[[[-108.716585,36.824708],[-108.716596,36.824348],[-108.716372,36.824344],[-108.716383,36.823984],[-108.716159,36.823979],[-108.716169,36.823619],[-108.715945,36.823615],[-108.715951,36.823434],[-108.715727,36.82343],[-108.715732,36.82325],[-108.71562,36.823248],[-108.715617,36.823338],[-108.715505,36.823336],[-108.715508,36.823246],[-108.714612,36.823228],[-108.714622,36.822868],[-108.714174,36.82286],[-108.714137,36.824121],[-108.714585,36.824129],[-108.714582,36.824219],[-108.714806,36.824224],[-108.714798,36.824494],[-108.715022,36.824498],[-108.715017,36.824678],[-108.716585,36.824708]]]},"properties":{"src":"fm"}},{"type":"Feature","geometry":{"type":"Polygon","coordinates":[[[-108.71495,36.82693],[-108.714952,36.82684],[-108.714728,36.826836],[-108.714726,36.826926],[-108.71495,36.82693]]]},"properties":{"src":"fm"}},{"type":"Feature","geometry":{"type":"Polygon","coordinates":[[[-108.717668,36.825991],[-108.717674,36.825811],[-108.71745,36.825807],[-108.717444,36.825987],[-108.717668,36.825991]]]},"properties":{"src":"fm"}},{"type":"Feature","geometry":{"type":"Polygon","coordinates":[[[-108.71745,36.825807],[-108.717455,36.825626],[-108.717679,36.825631],[-108.71769,36.82527],[-108.717242,36.825262],[-108.717236,36.825442],[-108.717012,36.825438],[-108.717007,36.825618],[-108.717231,36.825622],[-108.717226,36.825802],[-108.71745,36.825807]],[[-108.717346,36.825534],[-108.717234,36.825532],[-108.717236,36.825442],[-108.717348,36.825444],[-108.717346,36.825534]]]},"properties":{"src":"fm"}},{"type":"Feature","geometry":{"type":"Polygon","coordinates":[[[-108.717242,36.825262],[-108.717247,36.825082],[-108.717023,36.825077],[-108.717018,36.825257],[-108.717242,36.825262]]]},"properties":{"src":"fm"}},{"type":"Feature","geometry":{"type":"Polygon","coordinates":[[[-108.714443,36.825118],[-108.714446,36.825028],[-108.714334,36.825026],[-108.714331,36.825116],[-108.714443,36.825118]]]},"properties":{"src":"fm"}},{"type":"Feature","geometry":{"type":"Polygon","coordinates":[[[-108.71762,36.827612],[-108.717642,36.826892],[-108.717418,36.826887],[-108.717423,36.826707],[-108.716751,36.826694],[-108.716745,36.826875],[-108.716521,36.82687],[-108.716516,36.82705],[-108.716292,36.827046],[-108.716297,36.826866],[-108.716073,36.826862],[-108.716078,36.826681],[-108.71563,36.826673],[-108.715635,36.826493],[-108.71586,36.826497],[-108.71587,36.826137],[-108.715982,36.826139],[-108.71598,36.826229],[-108.716092,36.826231],[-108.7161,36.825961],[-108.716324,36.825965],[-108.716335,36.825605],[-108.716559,36.825609],[-108.716561,36.825519],[-108.716785,36.825523],[-108.716799,36.825073],[-108.717023,36.825077],[-108.717028,36.824897],[-108.716804,36.824893],[-108.716809,36.824713],[-108.715241,36.824683],[-108.715225,36.825223],[-108.715113,36.825221],[-108.71511,36.825311],[-108.715222,36.825313],[-108.715219,36.825403],[-108.714995,36.825399],[-108.714985,36.825759],[-108.714312,36.825746],[-108.714307,36.825926],[-108.714979,36.825939],[-108.714974,36.826119],[-108.715198,36.826124],[-108.715193,36.826304],[-108.714969,36.8263],[-108.714963,36.82648],[-108.714739,36.826475],[-108.714734,36.826656],[-108.715182,36.826664],[-108.715171,36.827025],[-108.715619,36.827033],[-108.715609,36.827393],[-108.716057,36.827402],[-108.716052,36.827582],[-108.71762,36.827612]],[[-108.717401,36.827428],[-108.717177,36.827424],[-108.71718,36.827334],[-108.717404,36.827338],[-108.717401,36.827428]],[[-108.716953,36.827419],[-108.716729,36.827415],[-108.716735,36.827235],[-108.716959,36.827239],[-108.716953,36.827419]],[[-108.716286,36.827226],[-108.716062,36.827222],[-108.716068,36.827042],[-108.716292,36.827046],[-108.716286,36.827226]],[[-108.715073,36.826572],[-108.714961,36.82657],[-108.714963,36.82648],[-108.715075,36.826482],[-108.715073,36.826572]],[[-108.715635,36.826493],[-108.715411,36.826488],[-108.715417,36.826308],[-108.715641,36.826313],[-108.715635,36.826493]],[[-108.715427,36.825948],[-108.715203,36.825944],[-108.715219,36.825403],[-108.715444,36.825408],[-108.715438,36.825588],[-108.715326,36.825585],[-108.715323,36.825676],[-108.715435,36.825678],[-108.715427,36.825948]]]},"properties":{"src":"fm"}},{"type":"Feature","geometry":{"type":"Polygon","coordinates":[[[-108.715782,36.829109],[-108.715785,36.829019],[-108.715673,36.829017],[-108.71567,36.829107],[-108.715782,36.829109]]]},"properties":{"src":"fm"}},{"type":"Feature","geometry":{"type":"Polygon","coordinates":[[[-108.717092,36.830306],[-108.717102,36.829946],[-108.717551,36.829954],[-108.717583,36.828873],[-108.717135,36.828865],[-108.717132,36.828955],[-108.717356,36.828959],[-108.717353,36.829049],[-108.717129,36.829045],[-108.717118,36.829405],[-108.717343,36.82941],[-108.717337,36.82959],[-108.717113,36.829585],[-108.717108,36.829766],[-108.71666,36.829757],[-108.716643,36.830297],[-108.717092,36.830306]]]},"properties":{"src":"fm"}},{"type":"Feature","geometry":{"type":"Polygon","coordinates":[[[-108.716462,36.828852],[-108.716468,36.828672],[-108.716916,36.82868],[-108.716921,36.8285],[-108.716249,36.828487],[-108.716243,36.828667],[-108.716019,36.828663],[-108.716014,36.828843],[-108.716462,36.828852]]]},"properties":{"src":"fm"}},{"type":"Feature","geometry":{"type":"Polygon","coordinates":[[[-108.717585,36.828783],[-108.71762,36.827612],[-108.716724,36.827595],[-108.716718,36.827775],[-108.716943,36.82778],[-108.716937,36.82796],[-108.717161,36.827964],[-108.717151,36.828324],[-108.716926,36.82832],[-108.716921,36.8285],[-108.717145,36.828505],[-108.71714,36.828685],[-108.717364,36.828689],[-108.717361,36.828779],[-108.717585,36.828783]]]},"properties":{"src":"fm"}},{"type":"Feature","geometry":{"type":"Polygon","coordinates":[[[-108.714253,36.827728],[-108.714259,36.827548],[-108.714035,36.827543],[-108.714029,36.827724],[-108.714253,36.827728]]]},"properties":{"src":"fm"}},{"type":"Feature","geometry":{"type":"Polygon","coordinates":[[[-108.71436,36.809074],[-108.714363,36.808984],[-108.714139,36.808979],[-108.714136,36.809069],[-108.71436,36.809074]]]},"properties":{"src":"fm"}},{"type":"Feature","geometry":{"type":"Polygon","coordinates":[[[-108.712581,36.808589],[-108.712586,36.808409],[-108.712138,36.8084],[-108.712136,36.80849],[-108.71236,36.808494],[-108.712357,36.808585],[-108.712581,36.808589]]]},"properties":{"src":"fm"}},{"type":"Feature","geometry":{"type":"Polygon","coordinates":[[[-108.712608,36.807688],[-108.712613,36.807508],[-108.712389,36.807504],[-108.712384,36.807684],[-108.712608,36.807688]]]},"properties":{"src":"fm"}},{"type":"Feature","geometry":{"type":"Polygon","coordinates":[[[-108.713947,36.807894],[-108.713952,36.807714],[-108.7144,36.807723],[-108.714411,36.807362],[-108.714187,36.807358],[-108.714181,36.807538],[-108.713957,36.807534],[-108.713963,36.807354],[-108.712843,36.807332],[-108.71284,36.807422],[-108.713064,36.807427],[-108.713061,36.807517],[-108.712837,36.807512],[-108.712832,36.807692],[-108.712608,36.807688],[-108.712603,36.807868],[-108.713947,36.807894]]]},"properties":{"src":"fm"}},{"type":"Feature","geometry":{"type":"Polygon","coordinates":[[[-108.711941,36.807495],[-108.711946,36.807315],[-108.711722,36.807311],[-108.711717,36.807491],[-108.711941,36.807495]]]},"properties":{"src":"fm"}},{"type":"Feature","geometry":{"type":"Polygon","coordinates":[[[-108.711103,36.813067],[-108.711108,36.812887],[-108.710884,36.812882],[-108.710879,36.813062],[-108.711103,36.813067]]]},"properties":{"src":"fm"}},{"type":"Feature","geometry":{"type":"Polygon","coordinates":[[[-108.711802,36.812179],[-108.711807,36.811999],[-108.711583,36.811994],[-108.711578,36.812175],[-108.711802,36.812179]]]},"properties":{"src":"fm"}},{"type":"Feature","geometry":{"type":"Polygon","coordinates":[[[-108.711354,36.81217],[-108.711359,36.81199],[-108.710911,36.811982],[-108.710905,36.812162],[-108.711354,36.81217]]]},"properties":{"src":"fm"}},{"type":"Feature","geometry":{"type":"Polygon","coordinates":[[[-108.712028,36.812093],[-108.712031,36.812003],[-108.711919,36.812001],[-108.711916,36.812091],[-108.712028,36.812093]]]},"properties":{"src":"fm"}},{"type":"Feature","geometry":{"type":"Polygon","coordinates":[[[-108.711167,36.810905],[-108.711178,36.810545],[-108.710954,36.81054],[-108.710943,36.810901],[-108.711167,36.810905]]]},"properties":{"src":"fm"}},{"type":"Feature","geometry":{"type":"Polygon","coordinates":[[[-108.711689,36.815962],[-108.711694,36.815782],[-108.711246,36.815773],[-108.711241,36.815953],[-108.711465,36.815958],[-108.711468,36.815868],[-108.71158,36.81587],[-108.711577,36.81596],[-108.711689,36.815962]]]},"properties":{"src":"fm"}},{"type":"Feature","geometry":{"type":"Polygon","coordinates":[[[-108.711017,36.815949],[-108.711022,36.815769],[-108.710798,36.815765],[-108.710793,36.815945],[-108.711017,36.815949]]]},"properties":{"src":"fm"}},{"type":"Feature","geometry":{"type":"Polygon","coordinates":[[[-108.714378,36.816014],[-108.714388,36.815654],[-108.714164,36.815649],[-108.714156,36.815919],[-108.714268,36.815922],[-108.714266,36.816012],[-108.714378,36.816014]]]},"properties":{"src":"fm"}},{"type":"Feature","geometry":{"type":"Polygon","coordinates":[[[-108.711073,36.814058],[-108.711076,36.813968],[-108.710964,36.813965],[-108.710961,36.814055],[-108.711073,36.814058]]]},"properties":{"src":"fm"}},{"type":"Feature","geometry":{"type":"Polygon","coordinates":[[[-108.712196,36.813989],[-108.712201,36.813809],[-108.711529,36.813796],[-108.711524,36.813976],[-108.712196,36.813989]]]},"properties":{"src":"fm"}},{"type":"Feature","geometry":{"type":"Polygon","coordinates":[[[-108.711311,36.813612],[-108.711316,36.813431],[-108.711092,36.813427],[-108.711087,36.813607],[-108.711311,36.813612]]]},"properties":{"src":"fm"}},{"type":"Feature","geometry":{"type":"Polygon","coordinates":[[[-108.714002,36.813573],[-108.714005,36.813483],[-108.713781,36.813479],[-108.713778,36.813569],[-108.714002,36.813573]]]},"properties":{"src":"fm"}},{"type":"Feature","geometry":{"type":"Polygon","coordinates":[[[-108.714453,36.813492],[-108.714458,36.813312],[-108.714234,36.813307],[-108.714229,36.813487],[-108.714453,36.813492]]]},"properties":{"src":"fm"}},{"type":"Feature","geometry":{"type":"Polygon","coordinates":[[[-108.711092,36.813427],[-108.711103,36.813067],[-108.710879,36.813062],[-108.710868,36.813423],[-108.711092,36.813427]]]},"properties":{"src":"fm"}},{"type":"Feature","geometry":{"type":"Polygon","coordinates":[[[-108.711635,36.817764],[-108.711641,36.817583],[-108.711417,36.817579],[-108.711411,36.817759],[-108.711635,36.817764]]]},"properties":{"src":"fm"}},{"type":"Feature","geometry":{"type":"Polygon","coordinates":[[[-108.712116,36.816691],[-108.712121,36.816511],[-108.711897,36.816507],[-108.711892,36.816687],[-108.712116,36.816691]]]},"properties":{"src":"fm"}},{"type":"Feature","geometry":{"type":"Polygon","coordinates":[[[-108.714238,36.820698],[-108.714249,36.820337],[-108.714025,36.820333],[-108.714017,36.820603],[-108.714129,36.820606],[-108.714126,36.820696],[-108.714238,36.820698]]]},"properties":{"src":"fm"}},{"type":"Feature","geometry":{"type":"Polygon","coordinates":[[[-108.711598,36.819025],[-108.711603,36.818845],[-108.710931,36.818832],[-108.710926,36.819012],[-108.711598,36.819025]]]},"properties":{"src":"fm"}},{"type":"Feature","geometry":{"type":"Polygon","coordinates":[[[-108.71328,36.822752],[-108.713283,36.822662],[-108.713171,36.82266],[-108.713168,36.82275],[-108.71328,36.822752]]]},"properties":{"src":"fm"}},{"type":"Feature","geometry":{"type":"Polygon","coordinates":[[[-108.712114,36.824262],[-108.71212,36.824082],[-108.712344,36.824086],[-108.712347,36.823996],[-108.712571,36.824],[-108.712573,36.82391],[-108.714142,36.82394],[-108.714153,36.82358],[-108.713704,36.823572],[-108.71371,36.823391],[-108.714158,36.8234],[-108.714169,36.82304],[-108.713945,36.823035],[-108.71395,36.822855],[-108.713054,36.822838],[-108.713059,36.822658],[-108.712835,36.822654],[-108.712832,36.822744],[-108.712944,36.822746],[-108.712942,36.822836],[-108.712157,36.822821],[-108.712163,36.822641],[-108.711939,36.822636],[-108.711944,36.822456],[-108.711496,36.822448],[-108.711501,36.822267],[-108.710605,36.82225],[-108.710551,36.824052],[-108.710775,36.824056],[-108.710773,36.824146],[-108.710997,36.82415],[-108.710999,36.82406],[-108.711223,36.824065],[-108.711218,36.824245],[-108.712114,36.824262]]]},"properties":{"src":"fm"}},{"type":"Feature","geometry":{"type":"Polygon","coordinates":[[[-108.710879,36.813062],[-108.710889,36.812702],[-108.710665,36.812698],[-108.710655,36.813058],[-108.710879,36.813062]]]},"properties":{"src":"fm"}},{"type":"Feature","geometry":{"type":"Polygon","coordinates":[[[-108.707966,36.813006],[-108.707977,36.812646],[-108.707753,36.812642],[-108.707747,36.812822],[-108.707523,36.812818],[-108.707518,36.812998],[-108.707966,36.813006]]]},"properties":{"src":"fm"}},{"type":"Feature","geometry":{"type":"Polygon","coordinates":[[[-108.710436,36.812874],[-108.710441,36.812694],[-108.710217,36.812689],[-108.710212,36.812869],[-108.710436,36.812874]]]},"properties":{"src":"fm"}},{"type":"Feature","geometry":{"type":"Polygon","coordinates":[[[-108.709988,36.812865],[-108.709993,36.812685],[-108.709769,36.812681],[-108.709764,36.812861],[-108.709988,36.812865]]]},"properties":{"src":"fm"}},{"type":"Feature","geometry":{"type":"Polygon","coordinates":[[[-108.710895,36.812522],[-108.7109,36.812342],[-108.710676,36.812338],[-108.710673,36.812428],[-108.710785,36.81243],[-108.710783,36.81252],[-108.710895,36.812522]]]},"properties":{"src":"fm"}},{"type":"Feature","geometry":{"type":"Polygon","coordinates":[[[-108.70978,36.81232],[-108.709785,36.81214],[-108.708105,36.812108],[-108.708102,36.812198],[-108.708214,36.8122],[-108.708211,36.81229],[-108.70978,36.81232]]]},"properties":{"src":"fm"}},{"type":"Feature","geometry":{"type":"Polygon","coordinates":[[[-108.707545,36.812097],[-108.70755,36.811917],[-108.707326,36.811912],[-108.707321,36.812093],[-108.707545,36.812097]]]},"properties":{"src":"fm"}},{"type":"Feature","geometry":{"type":"Polygon","coordinates":[[[-108.71002,36.811784],[-108.710031,36.811424],[-108.709807,36.81142],[-108.709796,36.81178],[-108.71002,36.811784]]]},"properties":{"src":"fm"}},{"type":"Feature","geometry":{"type":"Polygon","coordinates":[[[-108.708916,36.811222],[-108.708921,36.811042],[-108.707801,36.81102],[-108.707796,36.8112],[-108.708692,36.811218],[-108.708695,36.811128],[-108.708807,36.81113],[-108.708804,36.81122],[-108.708916,36.811222]]]},"properties":{"src":"fm"}},{"type":"Feature","geometry":{"type":"Polygon","coordinates":[[[-108.707686,36.811108],[-108.707689,36.811018],[-108.707577,36.811016],[-108.707574,36.811106],[-108.707686,36.811108]]]},"properties":{"src":"fm"}},{"type":"Feature","geometry":{"type":"Polygon","coordinates":[[[-108.710044,36.810973],[-108.710047,36.810883],[-108.709823,36.810879],[-108.70982,36.810969],[-108.710044,36.810973]]]},"properties":{"src":"fm"}},{"type":"Feature","geometry":{"type":"Polygon","coordinates":[[[-108.71005,36.810793],[-108.710052,36.810703],[-108.709828,36.810699],[-108.709825,36.810789],[-108.71005,36.810793]]]},"properties":{"src":"fm"}},{"type":"Feature","geometry":{"type":"Polygon","coordinates":[[[-108.709828,36.810699],[-108.709834,36.810519],[-108.709609,36.810514],[-108.709604,36.810695],[-108.709828,36.810699]]]},"properties":{"src":"fm"}},{"type":"Feature","geometry":{"type":"Polygon","coordinates":[[[-108.710676,36.812338],[-108.710681,36.812157],[-108.710905,36.812162],[-108.710916,36.811801],[-108.710692,36.811797],[-108.710703,36.811437],[-108.710927,36.811441],[-108.710956,36.81045],[-108.710844,36.810448],[-108.710842,36.810538],[-108.71073,36.810536],[-108.710735,36.810356],[-108.710511,36.810352],[-108.710506,36.810532],[-108.710282,36.810527],[-108.710244,36.811788],[-108.710468,36.811793],[-108.710463,36.811973],[-108.710015,36.811964],[-108.710012,36.812054],[-108.710236,36.812059],[-108.710233,36.812149],[-108.710457,36.812153],[-108.710452,36.812333],[-108.710676,36.812338]]]},"properties":{"src":"fm"}},{"type":"Feature","geometry":{"type":"Polygon","coordinates":[[[-108.709612,36.810424],[-108.709615,36.810334],[-108.709391,36.81033],[-108.709388,36.81042],[-108.709612,36.810424]]]},"properties":{"src":"fm"}},{"type":"Feature","geometry":{"type":"Polygon","coordinates":[[[-108.709057,36.810233],[-108.70906,36.810143],[-108.708948,36.810141],[-108.708945,36.810231],[-108.709057,36.810233]]]},"properties":{"src":"fm"}},{"type":"Feature","geometry":{"type":"Polygon","coordinates":[[[-108.710793,36.815945],[-108.710798,36.815765],[-108.709902,36.815747],[-108.709913,36.815387],[-108.709689,36.815383],[-108.709683,36.815563],[-108.709795,36.815565],[-108.709793,36.815655],[-108.709681,36.815653],[-108.709678,36.815743],[-108.708558,36.815722],[-108.708552,36.815902],[-108.710793,36.815945]]]},"properties":{"src":"fm"}},{"type":"Feature","geometry":{"type":"Polygon","coordinates":[[[-108.709923,36.815027],[-108.709929,36.814847],[-108.709817,36.814845],[-108.709811,36.815025],[-108.709923,36.815027]]]},"properties":{"src":"fm"}},{"type":"Feature","geometry":{"type":"Polygon","coordinates":[[[-108.709934,36.814667],[-108.70995,36.814126],[-108.710174,36.81413],[-108.71018,36.81395],[-108.707939,36.813907],[-108.707955,36.813367],[-108.707731,36.813362],[-108.70771,36.814083],[-108.709726,36.814122],[-108.709718,36.814392],[-108.70983,36.814394],[-108.709827,36.814484],[-108.709715,36.814482],[-108.70971,36.814662],[-108.709934,36.814667]]]},"properties":{"src":"fm"}},{"type":"Feature","geometry":{"type":"Polygon","coordinates":[[[-108.710873,36.813243],[-108.710879,36.813062],[-108.710655,36.813058],[-108.710649,36.813238],[-108.710873,36.813243]]]},"properties":{"src":"fm"}},{"type":"Feature","geometry":{"type":"Polygon","coordinates":[[[-108.707737,36.813182],[-108.707742,36.813002],[-108.707518,36.812998],[-108.707512,36.813178],[-108.707737,36.813182]]]},"properties":{"src":"fm"}},{"type":"Feature","geometry":{"type":"Polygon","coordinates":[[[-108.708722,36.817707],[-108.708728,36.817527],[-108.708504,36.817523],[-108.708498,36.817703],[-108.708722,36.817707]]]},"properties":{"src":"fm"}},{"type":"Feature","geometry":{"type":"Polygon","coordinates":[[[-108.710515,36.817742],[-108.71052,36.817562],[-108.710072,36.817553],[-108.710078,36.817373],[-108.709854,36.817369],[-108.709848,36.817549],[-108.7094,36.81754],[-108.709395,36.81772],[-108.710291,36.817738],[-108.710294,36.817648],[-108.710406,36.81765],[-108.710403,36.81774],[-108.710515,36.817742]]]},"properties":{"src":"fm"}},{"type":"Feature","geometry":{"type":"Polygon","coordinates":[[[-108.709854,36.817369],[-108.709859,36.817189],[-108.709635,36.817184],[-108.709632,36.817274],[-108.709744,36.817277],[-108.709742,36.817367],[-108.709854,36.817369]]]},"properties":{"src":"fm"}},{"type":"Feature","geometry":{"type":"Polygon","coordinates":[[[-108.710563,36.816121],[-108.710569,36.815941],[-108.710457,36.815938],[-108.710451,36.816119],[-108.710563,36.816121]]]},"properties":{"src":"fm"}},{"type":"Feature","geometry":{"type":"Polygon","coordinates":[[[-108.710083,36.817193],[-108.71011,36.816292],[-108.709886,36.816288],[-108.709888,36.816198],[-108.710113,36.816202],[-108.710115,36.816112],[-108.710339,36.816116],[-108.710345,36.815936],[-108.709672,36.815923],[-108.709656,36.816464],[-108.70988,36.816468],[-108.70987,36.816828],[-108.709646,36.816824],[-108.70964,36.817004],[-108.709864,36.817008],[-108.709859,36.817189],[-108.710083,36.817193]]]},"properties":{"src":"fm"}},{"type":"Feature","geometry":{"type":"Polygon","coordinates":[[[-108.707653,36.815974],[-108.707656,36.815884],[-108.707432,36.81588],[-108.707429,36.81597],[-108.707653,36.815974]]]},"properties":{"src":"fm"}},{"type":"Feature","geometry":{"type":"Polygon","coordinates":[[[-108.707484,36.821649],[-108.707487,36.821559],[-108.707711,36.821563],[-108.707713,36.821473],[-108.707489,36.821469],[-108.707505,36.820929],[-108.707057,36.82092],[-108.707036,36.821641],[-108.707484,36.821649]]]},"properties":{"src":"fm"}},{"type":"Feature","geometry":{"type":"Polygon","coordinates":[[[-108.710087,36.824583],[-108.710098,36.824223],[-108.710322,36.824227],[-108.710327,36.824047],[-108.710551,36.824052],[-108.710605,36.82225],[-108.709933,36.822237],[-108.709938,36.822057],[-108.709714,36.822053],[-108.709719,36.821873],[-108.708711,36.821853],[-108.708708,36.821943],[-108.709044,36.82195],[-108.709036,36.82222],[-108.708812,36.822216],[-108.708818,36.822035],[-108.708594,36.822031],[-108.708599,36.821851],[-108.708263,36.821844],[-108.70826,36.821935],[-108.708148,36.821932],[-108.708145,36.822022],[-108.707921,36.822018],[-108.707932,36.821658],[-108.707708,36.821653],[-108.707703,36.821834],[-108.707479,36.821829],[-108.707484,36.821649],[-108.70726,36.821645],[-108.707249,36.822005],[-108.707025,36.822001],[-108.706982,36.823442],[-108.707206,36.823446],[-108.707201,36.823626],[-108.706977,36.823622],[-108.706966,36.823982],[-108.70719,36.823987],[-108.707195,36.823807],[-108.707643,36.823815],[-108.707633,36.824176],[-108.70696,36.824163],[-108.70695,36.824523],[-108.707398,36.824532],[-108.707403,36.824351],[-108.708075,36.824364],[-108.70807,36.824545],[-108.708518,36.824553],[-108.708524,36.824373],[-108.708748,36.824377],[-108.708753,36.824197],[-108.708977,36.824202],[-108.708966,36.824562],[-108.710087,36.824583]],[[-108.708305,36.824189],[-108.708081,36.824184],[-108.708086,36.824004],[-108.70831,36.824008],[-108.708305,36.824189]],[[-108.708759,36.824017],[-108.708534,36.824013],[-108.70854,36.823833],[-108.708764,36.823837],[-108.708759,36.824017]],[[-108.708201,36.823916],[-108.708089,36.823914],[-108.708092,36.823824],[-108.708204,36.823826],[-108.708201,36.823916]],[[-108.708999,36.823481],[-108.708775,36.823477],[-108.70878,36.823296],[-108.708556,36.823292],[-108.708559,36.823202],[-108.708783,36.823206],[-108.708785,36.823116],[-108.709009,36.823121],[-108.709007,36.823211],[-108.709119,36.823213],[-108.709116,36.823303],[-108.709004,36.823301],[-108.708999,36.823481]],[[-108.709564,36.823312],[-108.709228,36.823305],[-108.709234,36.823125],[-108.709458,36.823129],[-108.709455,36.823219],[-108.709567,36.823221],[-108.709564,36.823312]],[[-108.708785,36.823116],[-108.708113,36.823103],[-108.708119,36.822923],[-108.70767,36.822915],[-108.707676,36.822734],[-108.708572,36.822752],[-108.708567,36.822932],[-108.708791,36.822936],[-108.708785,36.823116]],[[-108.707558,36.822912],[-108.707222,36.822906],[-108.707228,36.822726],[-108.707452,36.82273],[-108.707449,36.82282],[-108.707561,36.822822],[-108.707558,36.822912]],[[-108.708695,36.822394],[-108.708583,36.822391],[-108.708588,36.822211],[-108.7087,36.822213],[-108.708695,36.822394]],[[-108.708135,36.822383],[-108.707462,36.82237],[-108.707468,36.82219],[-108.70814,36.822203],[-108.708135,36.822383]],[[-108.708588,36.822211],[-108.708364,36.822207],[-108.708369,36.822027],[-108.708594,36.822031],[-108.708588,36.822211]]]},"properties":{"src":"fm"}},{"type":"Feature","geometry":{"type":"Polygon","coordinates":[[[-108.705363,36.810072],[-108.705369,36.809892],[-108.705145,36.809888],[-108.705139,36.810068],[-108.705363,36.810072]]]},"properties":{"src":"fm"}},{"type":"Feature","geometry":{"type":"Polygon","coordinates":[[[-108.704691,36.810059],[-108.704697,36.809879],[-108.704249,36.80987],[-108.704243,36.81005],[-108.704691,36.810059]]]},"properties":{"src":"fm"}},{"type":"Feature","geometry":{"type":"Polygon","coordinates":[[[-108.704019,36.810046],[-108.704025,36.809866],[-108.7038,36.809862],[-108.703795,36.810042],[-108.704019,36.810046]]]},"properties":{"src":"fm"}},{"type":"Feature","geometry":{"type":"Polygon","coordinates":[[[-108.705145,36.809888],[-108.705156,36.809527],[-108.704707,36.809519],[-108.704705,36.809609],[-108.704817,36.809611],[-108.704814,36.809701],[-108.704702,36.809699],[-108.704697,36.809879],[-108.705145,36.809888]]]},"properties":{"src":"fm"}},{"type":"Feature","geometry":{"type":"Polygon","coordinates":[[[-108.704478,36.809694],[-108.704483,36.809514],[-108.704371,36.809512],[-108.704366,36.809692],[-108.704478,36.809694]]]},"properties":{"src":"fm"}},{"type":"Feature","geometry":{"type":"Polygon","coordinates":[[[-108.704486,36.809424],[-108.704489,36.809334],[-108.704377,36.809332],[-108.704374,36.809422],[-108.704486,36.809424]]]},"properties":{"src":"fm"}},{"type":"Feature","geometry":{"type":"Polygon","coordinates":[[[-108.704713,36.809338],[-108.704729,36.808798],[-108.704505,36.808794],[-108.704489,36.809334],[-108.704713,36.809338]]]},"properties":{"src":"fm"}},{"type":"Feature","geometry":{"type":"Polygon","coordinates":[[[-108.704953,36.808802],[-108.704958,36.808622],[-108.704734,36.808618],[-108.704729,36.808798],[-108.704953,36.808802]]]},"properties":{"src":"fm"}},{"type":"Feature","geometry":{"type":"Polygon","coordinates":[[[-108.704041,36.809325],[-108.704046,36.809145],[-108.70427,36.80915],[-108.704281,36.808789],[-108.704505,36.808794],[-108.70451,36.808614],[-108.703838,36.808601],[-108.703817,36.809321],[-108.704041,36.809325]]]},"properties":{"src":"fm"}},{"type":"Feature","geometry":{"type":"Polygon","coordinates":[[[-108.706751,36.808657],[-108.706756,36.808477],[-108.706308,36.808468],[-108.706305,36.808558],[-108.706417,36.80856],[-108.706415,36.80865],[-108.706751,36.808657]]]},"properties":{"src":"fm"}},{"type":"Feature","geometry":{"type":"Polygon","coordinates":[[[-108.705188,36.808446],[-108.705193,36.808266],[-108.704745,36.808258],[-108.70474,36.808438],[-108.705188,36.808446]]]},"properties":{"src":"fm"}},{"type":"Feature","geometry":{"type":"Polygon","coordinates":[[[-108.705423,36.80809],[-108.705428,36.80791],[-108.70498,36.807902],[-108.704977,36.807992],[-108.705313,36.807998],[-108.705311,36.808088],[-108.705423,36.80809]]]},"properties":{"src":"fm"}},{"type":"Feature","geometry":{"type":"Polygon","coordinates":[[[-108.705207,36.807816],[-108.705209,36.807726],[-108.704985,36.807721],[-108.704983,36.807812],[-108.705207,36.807816]]]},"properties":{"src":"fm"}},{"type":"Feature","geometry":{"type":"Polygon","coordinates":[[[-108.705657,36.807734],[-108.705668,36.807374],[-108.705444,36.80737],[-108.705441,36.80746],[-108.705553,36.807462],[-108.705551,36.807552],[-108.705439,36.80755],[-108.705433,36.80773],[-108.705657,36.807734]]]},"properties":{"src":"fm"}},{"type":"Feature","geometry":{"type":"Polygon","coordinates":[[[-108.70522,36.807365],[-108.705225,36.807185],[-108.705001,36.807181],[-108.704996,36.807361],[-108.70522,36.807365]]]},"properties":{"src":"fm"}},{"type":"Feature","geometry":{"type":"Polygon","coordinates":[[[-108.706622,36.81298],[-108.706627,36.8128],[-108.706403,36.812796],[-108.706398,36.812976],[-108.706622,36.81298]]]},"properties":{"src":"fm"}},{"type":"Feature","geometry":{"type":"Polygon","coordinates":[[[-108.706288,36.812884],[-108.706291,36.812794],[-108.706179,36.812792],[-108.706176,36.812882],[-108.706288,36.812884]]]},"properties":{"src":"fm"}},{"type":"Feature","geometry":{"type":"Polygon","coordinates":[[[-108.706184,36.812611],[-108.70619,36.812431],[-108.705742,36.812423],[-108.705736,36.812603],[-108.706184,36.812611]]]},"properties":{"src":"fm"}},{"type":"Feature","geometry":{"type":"Polygon","coordinates":[[[-108.705968,36.812337],[-108.705976,36.812067],[-108.705752,36.812062],[-108.705744,36.812333],[-108.705968,36.812337]]]},"properties":{"src":"fm"}},{"type":"Feature","geometry":{"type":"Polygon","coordinates":[[[-108.707321,36.812093],[-108.707326,36.811912],[-108.705982,36.811887],[-108.705979,36.811977],[-108.706203,36.811981],[-108.7062,36.812071],[-108.707321,36.812093]]]},"properties":{"src":"fm"}},{"type":"Feature","geometry":{"type":"Polygon","coordinates":[[[-108.705318,36.811603],[-108.70532,36.811513],[-108.705096,36.811509],[-108.705094,36.811599],[-108.705318,36.811603]]]},"properties":{"src":"fm"}},{"type":"Feature","geometry":{"type":"Polygon","coordinates":[[[-108.70488,36.811234],[-108.704883,36.811144],[-108.704771,36.811142],[-108.704768,36.811232],[-108.70488,36.811234]]]},"properties":{"src":"fm"}},{"type":"Feature","geometry":{"type":"Polygon","coordinates":[[[-108.704214,36.811041],[-108.704216,36.810951],[-108.703992,36.810947],[-108.70399,36.811037],[-108.704214,36.811041]]]},"properties":{"src":"fm"}},{"type":"Feature","geometry":{"type":"Polygon","coordinates":[[[-108.704659,36.81114],[-108.704681,36.810419],[-108.704456,36.810415],[-108.704435,36.811136],[-108.704659,36.81114]]]},"properties":{"src":"fm"}},{"type":"Feature","geometry":{"type":"Polygon","coordinates":[[[-108.707145,36.810467],[-108.70715,36.810287],[-108.706926,36.810282],[-108.706921,36.810463],[-108.707145,36.810467]]]},"properties":{"src":"fm"}},{"type":"Feature","geometry":{"type":"Polygon","coordinates":[[[-108.704683,36.810329],[-108.704691,36.810059],[-108.704243,36.81005],[-108.704238,36.810231],[-108.704462,36.810235],[-108.704459,36.810325],[-108.704683,36.810329]]]},"properties":{"src":"fm"}},{"type":"Feature","geometry":{"type":"Polygon","coordinates":[[[-108.707374,36.810291],[-108.70738,36.810111],[-108.707156,36.810107],[-108.70715,36.810287],[-108.707374,36.810291]]]},"properties":{"src":"fm"}},{"type":"Feature","geometry":{"type":"Polygon","coordinates":[[[-108.706478,36.810274],[-108.706484,36.810094],[-108.70626,36.810089],[-108.706254,36.810269],[-108.706478,36.810274]]]},"properties":{"src":"fm"}},{"type":"Feature","geometry":{"type":"Polygon","coordinates":[[[-108.705129,36.810428],[-108.705134,36.810248],[-108.705806,36.810261],[-108.705811,36.810081],[-108.704915,36.810063],[-108.704907,36.810334],[-108.705019,36.810336],[-108.705017,36.810426],[-108.705129,36.810428]]]},"properties":{"src":"fm"}},{"type":"Feature","geometry":{"type":"Polygon","coordinates":[[[-108.70684,36.813165],[-108.706846,36.812985],[-108.706398,36.812976],[-108.706392,36.813156],[-108.70684,36.813165]]]},"properties":{"src":"fm"}},{"type":"Feature","geometry":{"type":"Polygon","coordinates":[[[-108.706493,36.817304],[-108.706498,36.817124],[-108.705826,36.817111],[-108.705823,36.817201],[-108.705935,36.817203],[-108.705932,36.817293],[-108.706044,36.817295],[-108.706047,36.817205],[-108.706271,36.81721],[-108.706269,36.8173],[-108.706493,36.817304]]]},"properties":{"src":"fm"}},{"type":"Feature","geometry":{"type":"Polygon","coordinates":[[[-108.70541,36.816021],[-108.705415,36.815841],[-108.705191,36.815837],[-108.705186,36.816017],[-108.70541,36.816021]]]},"properties":{"src":"fm"}},{"type":"Feature","geometry":{"type":"Polygon","coordinates":[[[-108.707044,36.82137],[-108.707063,36.82074],[-108.706166,36.820722],[-108.706161,36.820903],[-108.706049,36.8209],[-108.706044,36.821081],[-108.706828,36.821096],[-108.706822,36.821276],[-108.706934,36.821278],[-108.706932,36.821368],[-108.707044,36.82137]]]},"properties":{"src":"fm"}},{"type":"Feature","geometry":{"type":"Polygon","coordinates":[[[-108.705243,36.821606],[-108.705249,36.821426],[-108.705024,36.821421],[-108.70503,36.821241],[-108.705254,36.821246],[-108.705259,36.821065],[-108.705931,36.821078],[-108.705942,36.820718],[-108.704598,36.820692],[-108.704592,36.820872],[-108.704368,36.820868],[-108.704366,36.820958],[-108.70459,36.820962],[-108.704587,36.821052],[-108.704363,36.821048],[-108.704347,36.821589],[-108.705243,36.821606]]]},"properties":{"src":"fm"}},{"type":"Feature","geometry":{"type":"Polygon","coordinates":[[[-108.706955,36.824343],[-108.706966,36.823982],[-108.706742,36.823978],[-108.706731,36.824338],[-108.706955,36.824343]]]},"properties":{"src":"fm"}},{"type":"Feature","geometry":{"type":"Polygon","coordinates":[[[-108.706742,36.823978],[-108.706747,36.823798],[-108.706635,36.823796],[-108.706632,36.823886],[-108.70652,36.823884],[-108.706518,36.823974],[-108.706742,36.823978]]]},"properties":{"src":"fm"}},{"type":"Feature","geometry":{"type":"Polygon","coordinates":[[[-108.706971,36.823802],[-108.706977,36.823622],[-108.706753,36.823618],[-108.706747,36.823798],[-108.706971,36.823802]]]},"properties":{"src":"fm"}},{"type":"Feature","geometry":{"type":"Polygon","coordinates":[[[-108.70608,36.823605],[-108.706086,36.823425],[-108.705862,36.82342],[-108.705859,36.82351],[-108.705971,36.823513],[-108.705968,36.823603],[-108.70608,36.823605]]]},"properties":{"src":"fm"}},{"type":"Feature","geometry":{"type":"Polygon","coordinates":[[[-108.704064,36.823566],[-108.704074,36.823206],[-108.704186,36.823208],[-108.704184,36.823298],[-108.704296,36.8233],[-108.704298,36.82321],[-108.706091,36.823245],[-108.706086,36.823425],[-108.706534,36.823433],[-108.706539,36.823253],[-108.706875,36.82326],[-108.706873,36.82335],[-108.706761,36.823348],[-108.706758,36.823438],[-108.706982,36.823442],[-108.707025,36.822001],[-108.706577,36.821992],[-108.706571,36.822172],[-108.706123,36.822164],[-108.706118,36.822344],[-108.705894,36.822339],[-108.705905,36.821979],[-108.705681,36.821975],[-108.705678,36.822065],[-108.70579,36.822067],[-108.705787,36.822157],[-108.705451,36.822151],[-108.705446,36.822331],[-108.704998,36.822322],[-108.705003,36.822142],[-108.704779,36.822138],[-108.704784,36.821958],[-108.70456,36.821953],[-108.704571,36.821593],[-108.703899,36.82158],[-108.703896,36.82167],[-108.70412,36.821674],[-108.704112,36.821945],[-108.703664,36.821936],[-108.703669,36.821756],[-108.703445,36.821751],[-108.703407,36.823012],[-108.703632,36.823017],[-108.703621,36.823377],[-108.703397,36.823373],[-108.703391,36.823553],[-108.704064,36.823566]],[[-108.70632,36.823069],[-108.706096,36.823064],[-108.706102,36.822884],[-108.706326,36.822889],[-108.70632,36.823069]],[[-108.704752,36.823038],[-108.704528,36.823034],[-108.704533,36.822854],[-108.704757,36.822858],[-108.704752,36.823038]],[[-108.704981,36.822863],[-108.704757,36.822858],[-108.704763,36.822678],[-108.704987,36.822682],[-108.704981,36.822863]],[[-108.704533,36.822854],[-108.704309,36.82285],[-108.704312,36.82276],[-108.704536,36.822764],[-108.704533,36.822854]],[[-108.704197,36.822847],[-108.703637,36.822837],[-108.703645,36.822566],[-108.703757,36.822569],[-108.703752,36.822749],[-108.703864,36.822751],[-108.703866,36.822661],[-108.70409,36.822665],[-108.704088,36.822755],[-108.7042,36.822757],[-108.704197,36.822847]],[[-108.706107,36.822704],[-108.705883,36.8227],[-108.705888,36.82252],[-108.706113,36.822524],[-108.706107,36.822704]],[[-108.704651,36.822676],[-108.704315,36.82267],[-108.704323,36.822399],[-108.704435,36.822401],[-108.704432,36.822492],[-108.704544,36.822494],[-108.704541,36.822584],[-108.704653,36.822586],[-108.704651,36.822676]],[[-108.704208,36.822487],[-108.703872,36.822481],[-108.703877,36.822301],[-108.704213,36.822307],[-108.704208,36.822487]],[[-108.70376,36.822479],[-108.703648,36.822476],[-108.70365,36.822386],[-108.703762,36.822388],[-108.70376,36.822479]],[[-108.704667,36.822136],[-108.704555,36.822133],[-108.704557,36.822043],[-108.704669,36.822045],[-108.704667,36.822136]]]},"properties":{"src":"fm"}},{"type":"Feature","geometry":{"type":"Polygon","coordinates":[[[-108.705462,36.82179],[-108.705467,36.82161],[-108.705243,36.821606],[-108.70524,36.821696],[-108.705352,36.821698],[-108.70535,36.821788],[-108.705462,36.82179]]]},"properties":{"src":"fm"}},{"type":"Feature","geometry":{"type":"Polygon","coordinates":[[[-108.70291,36.809664],[-108.702915,36.809484],[-108.702691,36.80948],[-108.702686,36.80966],[-108.70291,36.809664]]]},"properties":{"src":"fm"}},{"type":"Feature","geometry":{"type":"Polygon","coordinates":[[[-108.703811,36.809501],[-108.703838,36.808601],[-108.703502,36.808594],[-108.703499,36.808684],[-108.703611,36.808686],[-108.703609,36.808776],[-108.702489,36.808755],[-108.702486,36.808845],[-108.702598,36.808847],[-108.702595,36.808937],[-108.703155,36.808948],[-108.703145,36.809308],[-108.703369,36.809313],[-108.703363,36.809493],[-108.703811,36.809501]]]},"properties":{"src":"fm"}},{"type":"Feature","geometry":{"type":"Polygon","coordinates":[[[-108.70372,36.812564],[-108.703725,36.812384],[-108.703277,36.812375],[-108.703274,36.812465],[-108.703498,36.812469],[-108.703496,36.81256],[-108.70372,36.812564]]]},"properties":{"src":"fm"}},{"type":"Feature","geometry":{"type":"Polygon","coordinates":[[[-108.70146,36.813151],[-108.701463,36.813061],[-108.701351,36.813059],[-108.701348,36.813149],[-108.70146,36.813151]]]},"properties":{"src":"fm"}},{"type":"Feature","geometry":{"type":"Polygon","coordinates":[[[-108.701885,36.821451],[-108.701887,36.821361],[-108.701663,36.821356],[-108.701661,36.821447],[-108.701885,36.821451]]]},"properties":{"src":"fm"}},{"type":"Feature","geometry":{"type":"Polygon","coordinates":[[[-108.701437,36.821442],[-108.701439,36.821352],[-108.701327,36.82135],[-108.701324,36.82144],[-108.701437,36.821442]]]},"properties":{"src":"fm"}},{"type":"Feature","geometry":{"type":"Polygon","coordinates":[[[-108.703469,36.820941],[-108.703472,36.820851],[-108.703248,36.820846],[-108.703245,36.820936],[-108.703469,36.820941]]]},"properties":{"src":"fm"}},{"type":"Feature","geometry":{"type":"Polygon","coordinates":[[[-108.702573,36.820923],[-108.702576,36.820833],[-108.702352,36.820829],[-108.702349,36.820919],[-108.702573,36.820923]]]},"properties":{"src":"fm"}},{"type":"Feature","geometry":{"type":"Polygon","coordinates":[[[-108.703156,36.823909],[-108.703162,36.823729],[-108.703386,36.823733],[-108.703402,36.823193],[-108.703178,36.823188],[-108.703173,36.823368],[-108.703285,36.823371],[-108.703282,36.823461],[-108.70317,36.823459],[-108.703167,36.823549],[-108.702943,36.823544],[-108.702938,36.823724],[-108.702714,36.82372],[-108.702708,36.8239],[-108.703156,36.823909]]]},"properties":{"src":"fm"}},{"type":"Feature","geometry":{"type":"Polygon","coordinates":[[[-108.700046,36.822947],[-108.700054,36.822677],[-108.700166,36.822679],[-108.700164,36.82277],[-108.700276,36.822772],[-108.700281,36.822592],[-108.699833,36.822583],[-108.699822,36.822943],[-108.700046,36.822947]]]},"properties":{"src":"fm"}},{"type":"Feature","geometry":{"type":"Polygon","coordinates":[[[-108.700484,36.823316],[-108.700494,36.822956],[-108.700718,36.82296],[-108.700721,36.82287],[-108.700945,36.822875],[-108.70094,36.823055],[-108.701164,36.823059],[-108.701167,36.822969],[-108.701839,36.822982],[-108.701844,36.822802],[-108.703413,36.822832],[-108.703445,36.821751],[-108.703221,36.821747],[-108.703216,36.821927],[-108.702992,36.821923],[-108.702986,36.822103],[-108.702538,36.822094],[-108.702533,36.822275],[-108.702309,36.82227],[-108.702314,36.82209],[-108.70209,36.822086],[-108.702079,36.822446],[-108.701855,36.822442],[-108.701866,36.822081],[-108.701642,36.822077],[-108.701644,36.821987],[-108.701869,36.821991],[-108.701871,36.821901],[-108.701983,36.821903],[-108.701981,36.821994],[-108.702093,36.821996],[-108.702101,36.821725],[-108.701877,36.821721],[-108.701882,36.821541],[-108.701658,36.821537],[-108.701653,36.821717],[-108.701428,36.821712],[-108.701423,36.821893],[-108.700975,36.821884],[-108.70097,36.822064],[-108.700521,36.822055],[-108.700511,36.822416],[-108.700735,36.82242],[-108.700724,36.82278],[-108.700276,36.822772],[-108.70026,36.823312],[-108.700484,36.823316]],[[-108.700959,36.822424],[-108.700735,36.82242],[-108.70074,36.82224],[-108.700964,36.822244],[-108.700959,36.822424]]]},"properties":{"src":"fm"}},{"type":"Feature","geometry":{"type":"Polygon","coordinates":[[[-108.703224,36.821657],[-108.703226,36.821567],[-108.703114,36.821565],[-108.703112,36.821655],[-108.703224,36.821657]]]},"properties":{"src":"fm"}},{"type":"Feature","geometry":{"type":"Polygon","coordinates":[[[-108.697538,36.824341],[-108.697544,36.824161],[-108.697319,36.824156],[-108.697325,36.823976],[-108.697101,36.823972],[-108.697106,36.823792],[-108.696658,36.823783],[-108.696655,36.823873],[-108.696879,36.823878],[-108.696877,36.823968],[-108.696204,36.823955],[-108.696202,36.824045],[-108.696314,36.824047],[-108.696311,36.824137],[-108.696423,36.824139],[-108.696418,36.824319],[-108.697538,36.824341]]]},"properties":{"src":"fm"}},{"type":"Feature","geometry":{"type":"Polygon","coordinates":[[[-108.697773,36.823985],[-108.697778,36.823805],[-108.697554,36.8238],[-108.697549,36.823981],[-108.697773,36.823985]]]},"properties":{"src":"fm"}},{"type":"Feature","geometry":{"type":"Polygon","coordinates":[[[-108.69733,36.823796],[-108.697336,36.823616],[-108.697112,36.823612],[-108.697106,36.823792],[-108.69733,36.823796]]]},"properties":{"src":"fm"}},{"type":"Feature","geometry":{"type":"Polygon","coordinates":[[[-108.698008,36.823629],[-108.698013,36.823449],[-108.697789,36.823445],[-108.697784,36.823625],[-108.698008,36.823629]]]},"properties":{"src":"fm"}},{"type":"Feature","geometry":{"type":"Polygon","coordinates":[[[-108.698464,36.823367],[-108.698472,36.823097],[-108.697688,36.823082],[-108.697685,36.823172],[-108.697797,36.823174],[-108.697795,36.823264],[-108.698243,36.823273],[-108.69824,36.823363],[-108.698464,36.823367]]]},"properties":{"src":"fm"}},{"type":"Feature","geometry":{"type":"Polygon","coordinates":[[[-108.698696,36.823102],[-108.698702,36.822921],[-108.698478,36.822917],[-108.698472,36.823097],[-108.698696,36.823102]]]},"properties":{"src":"fm"}},{"type":"Feature","geometry":{"type":"Polygon","coordinates":[[[-108.69848,36.822827],[-108.698483,36.822737],[-108.698259,36.822733],[-108.698256,36.822823],[-108.69848,36.822827]]]},"properties":{"src":"fm"}},{"type":"Feature","geometry":{"type":"Polygon","coordinates":[[[-108.699819,36.823033],[-108.699833,36.822583],[-108.699385,36.822574],[-108.699379,36.822754],[-108.699603,36.822759],[-108.699595,36.823029],[-108.699819,36.823033]]]},"properties":{"src":"fm"}},{"type":"Feature","geometry":{"type":"Polygon","coordinates":[[[-108.699374,36.822934],[-108.699379,36.822754],[-108.698931,36.822746],[-108.698937,36.822566],[-108.698713,36.822561],[-108.698702,36.822921],[-108.69915,36.82293],[-108.699153,36.82284],[-108.699265,36.822842],[-108.699262,36.822932],[-108.699374,36.822934]]]},"properties":{"src":"fm"}},{"type":"Feature","geometry":{"type":"Polygon","coordinates":[[[-108.698488,36.822557],[-108.698494,36.822377],[-108.69827,36.822372],[-108.698264,36.822552],[-108.698488,36.822557]]]},"properties":{"src":"fm"}},{"type":"Feature","geometry":{"type":"Polygon","coordinates":[[[-108.698734,36.821841],[-108.69874,36.82166],[-108.698627,36.821658],[-108.698625,36.821748],[-108.698513,36.821746],[-108.69851,36.821836],[-108.698734,36.821841]]]},"properties":{"src":"fm"}},{"type":"Feature","geometry":{"type":"Polygon","coordinates":[[[-108.697614,36.821819],[-108.697619,36.821639],[-108.697395,36.821634],[-108.69739,36.821815],[-108.697614,36.821819]]]},"properties":{"src":"fm"}},{"type":"Feature","geometry":{"type":"Polygon","coordinates":[[[-108.697846,36.821553],[-108.697849,36.821463],[-108.697625,36.821459],[-108.697622,36.821549],[-108.697846,36.821553]]]},"properties":{"src":"fm"}}]}