{"type":"FeatureCollection","features":[{"type":"Feature","geometry":{"type":"Polygon","coordinates":[[[-108.817219,36.888373],[-108.817222,36.888283],[-108.816998,36.888279],[-108.816995,36.888369],[-108.817219,36.888373]]]},"properties":{"src":"truth"}},{"type":"Feature","geometry":{"type":"Polygon","coordinates":[[[-108.817558,36.888289],[-108.817561,36.888199],[-108.817673,36.888201],[-108.817678,36.888021],[-108.81779,36.888023],[-108.817793,36.887933],[-108.817905,36.887935],[-108.817908,36.887845],[-108.81802,36.887847],[-108.818022,36.887757],[-108.818135,36.887759],[-108.818137,36.887669],[-108.817913,36.887665],[-108.81791,36.887755],[-108.817798,36.887753],[-108.817796,36.887843],[-108.817683,36.887841],[-108.817681,36.887931],[-108.817569,36.887929],[-108.817566,36.888019],[-108.817454,36.888017],[-108.817451,36.888107],[-108.817339,36.888105],[-108.817337,36.888195],[-108.817224,36.888193],[-108.817222,36.888283],[-108.817558,36.888289]]]},"properties":{"src":"truth"}},{"type":"Feature","geometry":{"type":"Polygon","coordinates":[[[-108.815773,36.891861],[-108.815778,36.891681],[-108.815666,36.891679],[-108.815674,36.891409],[-108.815449,36.891405],[-108.815452,36.891315],[-108.81534,36.891313],[-108.815342,36.891223],[-108.815118,36.891218],[-108.815123,36.891038],[-108.815011,36.891036],[-108.815019,36.890766],[-108.814907,36.890764],[-108.814912,36.890584],[-108.8148,36.890582],[-108.814802,36.890492],[-108.814129,36.890479],[-108.814132,36.890389],[-108.813795,36.890383],[-108.813798,36.890293],[-108.813686,36.890291],[-108.813683,36.890381],[-108.813346,36.890375],[-108.813349,36.890285],[-108.813237,36.890283],[-108.813239,36.890193],[-108.813127,36.89019],[-108.81313,36.8901],[-108.812905,36.890096],[-108.812908,36.890006],[-108.812684,36.890002],[-108.812681,36.890092],[-108.812569,36.89009],[-108.812574,36.88991],[-108.812462,36.889908],[-108.812464,36.889818],[-108.81224,36.889814],[-108.812243,36.889724],[-108.812131,36.889721],[-108.812128,36.889812],[-108.811904,36.889807],[-108.811906,36.889717],[-108.811682,36.889713],[-108.811684,36.889623],[-108.81146,36.889619],[-108.811463,36.889529],[-108.81135,36.889527],[-108.811353,36.889437],[-108.811241,36.889435],[-108.811243,36.889345],[-108.811131,36.889343],[-108.811129,36.889433],[-108.811017,36.889431],[-108.811019,36.88934],[-108.810907,36.889338],[-108.81091,36.889248],[-108.810797,36.889246],[-108.8108,36.889156],[-108.810576,36.889152],[-108.810578,36.889062],[-108.810354,36.889058],[-108.810356,36.888968],[-108.810244,36.888966],[-108.810247,36.888876],[-108.810022,36.888871],[-108.810025,36.888781],[-108.809913,36.888779],[-108.809921,36.888509],[-108.810033,36.888511],[-108.810038,36.888331],[-108.81015,36.888333],[-108.810153,36.888243],[-108.809928,36.888239],[-108.809926,36.888329],[-108.809814,36.888327],[-108.809811,36.888417],[-108.809587,36.888413],[-108.809592,36.888233],[-108.809704,36.888235],[-108.809707,36.888145],[-108.809819,36.888147],[-108.809821,36.888057],[-108.809597,36.888052],[-108.809594,36.888143],[-108.809482,36.88814],[-108.80948,36.888231],[-108.809367,36.888228],[-108.809373,36.888048],[-108.80926,36.888046],[-108.809263,36.887956],[-108.809375,36.887958],[-108.809378,36.887868],[-108.809714,36.887874],[-108.809712,36.887964],[-108.809936,36.887969],[-108.809939,36.887878],[-108.809826,36.887876],[-108.809829,36.887786],[-108.809605,36.887782],[-108.809607,36.887692],[-108.809495,36.88769],[-108.8095,36.88751],[-108.809388,36.887508],[-108.809393,36.887328],[-108.809281,36.887326],[-108.809266,36.887866],[-108.809041,36.887862],[-108.809044,36.887772],[-108.808932,36.88777],[-108.808937,36.88759],[-108.808825,36.887588],[-108.808827,36.887497],[-108.808715,36.887495],[-108.80872,36.887315],[-108.808496,36.887311],[-108.808491,36.887491],[-108.808603,36.887493],[-108.808598,36.887674],[-108.80871,36.887676],[-108.808707,36.887766],[-108.808819,36.887768],[-108.808814,36.887948],[-108.808926,36.88795],[-108.808924,36.88804],[-108.809036,36.888042],[-108.809034,36.888132],[-108.809146,36.888134],[-108.809141,36.888314],[-108.809253,36.888316],[-108.80925,36.888407],[-108.809362,36.888409],[-108.80936,36.888499],[-108.809472,36.888501],[-108.809467,36.888681],[-108.809691,36.888685],[-108.809688,36.888775],[-108.809801,36.888777],[-108.809798,36.888867],[-108.80991,36.888869],[-108.809908,36.888959],[-108.81002,36.888962],[-108.810017,36.889052],[-108.810242,36.889056],[-108.810239,36.889146],[-108.810351,36.889148],[-108.810349,36.889238],[-108.810573,36.889242],[-108.81057,36.889332],[-108.810795,36.889336],[-108.810792,36.889426],[-108.810904,36.889428],[-108.810902,36.889519],[-108.811126,36.889523],[-108.811124,36.889613],[-108.811348,36.889617],[-108.811345,36.889707],[-108.811458,36.889709],[-108.811455,36.889799],[-108.811679,36.889803],[-108.811677,36.889893],[-108.811901,36.889897],[-108.811898,36.889988],[-108.812123,36.889992],[-108.81212,36.890082],[-108.812232,36.890084],[-108.81223,36.890174],[-108.812454,36.890178],[-108.812452,36.890268],[-108.812676,36.890272],[-108.812673,36.890362],[-108.812898,36.890366],[-108.812895,36.890457],[-108.81312,36.890461],[-108.813117,36.890551],[-108.813453,36.890557],[-108.813451,36.890647],[-108.813787,36.890653],[-108.813785,36.890743],[-108.814121,36.89075],[-108.814119,36.89084],[-108.814455,36.890846],[-108.814453,36.890936],[-108.814565,36.890938],[-108.814562,36.891028],[-108.814675,36.89103],[-108.814672,36.89112],[-108.814784,36.891122],[-108.814782,36.891212],[-108.814894,36.891214],[-108.814889,36.891395],[-108.815001,36.891397],[-108.814996,36.891577],[-108.81522,36.891581],[-108.815217,36.891671],[-108.815442,36.891675],[-108.815439,36.891765],[-108.815664,36.891769],[-108.815661,36.891859],[-108.815773,36.891861]]]},"properties":{"src":"truth"}},{"type":"Feature","geometry":{"type":"Polygon","coordinates":[[[-108.809281,36.887326],[-108.809286,36.887145],[-108.809174,36.887143],[-108.809169,36.887324],[-108.809281,36.887326]]]},"properties":{"src":"truth"}},{"type":"Feature","geometry":{"type":"Polygon","coordinates":[[[-108.760481,36.886686],[-108.760499,36.886055],[-108.760387,36.886053],[-108.760393,36.885873],[-108.760168,36.885869],[-108.760158,36.886229],[-108.76027,36.886231],[-108.760265,36.886411],[-108.760377,36.886414],[-108.760369,36.886684],[-108.760481,36.886686]]]},"properties":{"src":"truth"}},{"type":"Feature","geometry":{"type":"Polygon","coordinates":[[[-108.801338,36.886458],[-108.80134,36.886368],[-108.801228,36.886366],[-108.801226,36.886456],[-108.801338,36.886458]]]},"properties":{"src":"truth"}},{"type":"Feature","geometry":{"type":"Polygon","coordinates":[[[-108.818191,36.885777],[-108.818194,36.885687],[-108.817969,36.885683],[-108.817967,36.885773],[-108.818191,36.885777]]]},"properties":{"src":"truth"}},{"type":"Feature","geometry":{"type":"Polygon","coordinates":[[[-108.812936,36.889015],[-108.812939,36.888925],[-108.814621,36.888956],[-108.814624,36.888866],[-108.814848,36.88887],[-108.814853,36.88869],[-108.814517,36.888684],[-108.814514,36.888774],[-108.813056,36.888747],[-108.813061,36.888567],[-108.813173,36.888569],[-108.813176,36.888479],[-108.813961,36.888493],[-108.813964,36.888403],[-108.813852,36.888401],[-108.813857,36.888221],[-108.813745,36.888219],[-108.813747,36.888129],[-108.813972,36.888133],[-108.813977,36.887953],[-108.813865,36.887951],[-108.813867,36.887861],[-108.813643,36.887857],[-108.813645,36.887767],[-108.814318,36.887779],[-108.814321,36.887689],[-108.814433,36.887691],[-108.81443,36.887781],[-108.814543,36.887783],[-108.81454,36.887873],[-108.814652,36.887875],[-108.81465,36.887965],[-108.815547,36.887982],[-108.81555,36.887892],[-108.815886,36.887898],[-108.815889,36.887808],[-108.816113,36.887812],[-108.816116,36.887722],[-108.81634,36.887726],[-108.816343,36.887636],[-108.816679,36.887642],[-108.816682,36.887552],[-108.816794,36.887554],[-108.816796,36.887464],[-108.817021,36.887468],[-108.817023,36.887378],[-108.817135,36.88738],[-108.817143,36.88711],[-108.817031,36.887108],[-108.817033,36.887018],[-108.816921,36.887016],[-108.816924,36.886926],[-108.816812,36.886924],[-108.816814,36.886833],[-108.816702,36.886831],[-108.81671,36.886561],[-108.816822,36.886563],[-108.816825,36.886473],[-108.816937,36.886475],[-108.816939,36.886385],[-108.817051,36.886387],[-108.817049,36.886477],[-108.817273,36.886481],[-108.817271,36.886571],[-108.817495,36.886576],[-108.817498,36.886485],[-108.817722,36.88649],[-108.817724,36.8864],[-108.818173,36.886408],[-108.818171,36.886498],[-108.818395,36.886502],[-108.818392,36.886592],[-108.818504,36.886594],[-108.818507,36.886504],[-108.818619,36.886506],[-108.818624,36.886326],[-108.818849,36.88633],[-108.818851,36.88624],[-108.818963,36.886242],[-108.818966,36.886152],[-108.819078,36.886154],[-108.819081,36.886064],[-108.819193,36.886066],[-108.819195,36.885976],[-108.818971,36.885972],[-108.818969,36.886062],[-108.818856,36.88606],[-108.818859,36.88597],[-108.818522,36.885964],[-108.818525,36.885873],[-108.818413,36.885871],[-108.81841,36.885961],[-108.818298,36.885959],[-108.818301,36.885869],[-108.817403,36.885853],[-108.817406,36.885763],[-108.815387,36.885726],[-108.815389,36.885636],[-108.813819,36.885607],[-108.813822,36.885517],[-108.810793,36.885461],[-108.810791,36.885551],[-108.810903,36.885553],[-108.8109,36.885643],[-108.811125,36.885647],[-108.811122,36.885737],[-108.811234,36.885739],[-108.811232,36.885829],[-108.811344,36.885831],[-108.811341,36.885922],[-108.811566,36.885926],[-108.811563,36.886016],[-108.811899,36.886022],[-108.811897,36.886112],[-108.812121,36.886116],[-108.812119,36.886206],[-108.812343,36.88621],[-108.81234,36.8863],[-108.812453,36.886303],[-108.81245,36.886393],[-108.812338,36.886391],[-108.812335,36.886481],[-108.812223,36.886479],[-108.812218,36.886659],[-108.812106,36.886657],[-108.812103,36.886747],[-108.811879,36.886743],[-108.811876,36.886833],[-108.81154,36.886826],[-108.811537,36.886917],[-108.811201,36.88691],[-108.811198,36.887],[-108.811086,36.886998],[-108.811083,36.887088],[-108.810971,36.887086],[-108.810966,36.887267],[-108.811078,36.887269],[-108.811068,36.887629],[-108.810731,36.887623],[-108.810729,36.887713],[-108.810617,36.887711],[-108.810612,36.887891],[-108.810724,36.887893],[-108.810721,36.887983],[-108.810833,36.887985],[-108.810828,36.888165],[-108.81094,36.888167],[-108.810938,36.888257],[-108.81105,36.888259],[-108.811045,36.88844],[-108.811157,36.888442],[-108.811154,36.888532],[-108.811267,36.888534],[-108.811264,36.888624],[-108.811376,36.888626],[-108.811374,36.888716],[-108.811486,36.888718],[-108.811483,36.888808],[-108.811595,36.88881],[-108.811593,36.8889],[-108.812378,36.888915],[-108.812375,36.889005],[-108.812936,36.889015]]]},"properties":{"src":"truth"}},{"type":"Feature","geometry":{"type":"Polygon","coordinates":[[[-108.819422,36.88589],[-108.819425,36.8858],[-108.819537,36.885802],[-108.819542,36.885622],[-108.81943,36.88562],[-108.819427,36.88571],[-108.819315,36.885708],[-108.81931,36.885888],[-108.819422,36.88589]]]},"properties":{"src":"truth"}},{"type":"Feature","geometry":{"type":"Polygon","coordinates":[[[-108.756916,36.885807],[-108.756918,36.885717],[-108.756806,36.885715],[-108.756811,36.885535],[-108.757036,36.885539],[-108.757038,36.885449],[-108.756926,36.885447],[-108.756929,36.885357],[-108.757041,36.885359],[-108.757049,36.885089],[-108.757161,36.885091],[-108.757169,36.884821],[-108.757057,36.884819],[-108.757065,36.884548],[-108.757177,36.884551],[-108.757179,36.884461],[-108.757292,36.884463],[-108.757297,36.884282],[-108.757185,36.88428],[-108.757187,36.88419],[-108.757075,36.884188],[-108.757072,36.884278],[-108.75696,36.884276],[-108.756958,36.884366],[-108.756733,36.884362],[-108.75672,36.884812],[-108.756496,36.884808],[-108.756493,36.884898],[-108.756381,36.884896],[-108.756378,36.884986],[-108.756266,36.884984],[-108.756261,36.885164],[-108.756037,36.88516],[-108.756034,36.88525],[-108.755698,36.885244],[-108.755695,36.885334],[-108.755919,36.885338],[-108.755917,36.885428],[-108.756029,36.88543],[-108.756024,36.88561],[-108.75636,36.885617],[-108.756357,36.885707],[-108.756582,36.885711],[-108.756579,36.885801],[-108.756916,36.885807]]]},"properties":{"src":"truth"}},{"type":"Feature","geometry":{"type":"Polygon","coordinates":[[[-108.759688,36.886941],[-108.759691,36.886851],[-108.759803,36.886853],[-108.759805,36.886763],[-108.759693,36.886761],[-108.759699,36.886581],[-108.759811,36.886583],[-108.759819,36.886313],[-108.759931,36.886315],[-108.759939,36.886045],[-108.760051,36.886047],[-108.760056,36.885867],[-108.760168,36.885869],[-108.760176,36.885599],[-108.760288,36.885601],[-108.760291,36.885511],[-108.760515,36.885515],[-108.760534,36.884884],[-108.760646,36.884886],[-108.760648,36.884796],[-108.760536,36.884794],[-108.760539,36.884704],[-108.760651,36.884706],[-108.760659,36.884436],[-108.760771,36.884438],[-108.760774,36.884348],[-108.760662,36.884346],[-108.760664,36.884256],[-108.760776,36.884258],[-108.760779,36.884168],[-108.760667,36.884166],[-108.760677,36.883806],[-108.76079,36.883808],[-108.760797,36.883537],[-108.760685,36.883535],[-108.76068,36.883715],[-108.760568,36.883713],[-108.760565,36.883803],[-108.760453,36.883801],[-108.76045,36.883891],[-108.760563,36.883893],[-108.760547,36.884434],[-108.760435,36.884432],[-108.760422,36.884882],[-108.760309,36.88488],[-108.760299,36.88524],[-108.760187,36.885238],[-108.760179,36.885509],[-108.760067,36.885506],[-108.760061,36.885687],[-108.759949,36.885684],[-108.759944,36.885865],[-108.759832,36.885862],[-108.759826,36.886043],[-108.759714,36.886041],[-108.759709,36.886221],[-108.759597,36.886219],[-108.759594,36.886309],[-108.759482,36.886307],[-108.759464,36.886937],[-108.759688,36.886941]]]},"properties":{"src":"truth"}},{"type":"Feature","geometry":{"type":"Polygon","coordinates":[[[-108.807115,36.884582],[-108.807118,36.884492],[-108.807342,36.884496],[-108.807344,36.884406],[-108.806671,36.884393],[-108.806674,36.884303],[-108.80645,36.884299],[-108.806452,36.884209],[-108.80634,36.884207],[-108.806343,36.884117],[-108.805894,36.884109],[-108.805891,36.884199],[-108.806004,36.884201],[-108.806001,36.884291],[-108.806113,36.884293],[-108.806111,36.884383],[-108.806335,36.884387],[-108.806332,36.884477],[-108.806445,36.884479],[-108.806442,36.884569],[-108.807115,36.884582]]]},"properties":{"src":"truth"}},{"type":"Feature","geometry":{"type":"Polygon","coordinates":[[[-108.817335,36.884319],[-108.817337,36.884229],[-108.817225,36.884227],[-108.817223,36.884317],[-108.817335,36.884319]]]},"properties":{"src":"truth"}},{"type":"Feature","geometry":{"type":"Polygon","coordinates":[[[-108.760685,36.883535],[-108.760706,36.882815],[-108.760258,36.882806],[-108.76026,36.882716],[-108.760148,36.882714],[-108.760151,36.882624],[-108.760039,36.882622],[-108.760036,36.882712],[-108.759924,36.88271],[-108.759921,36.8828],[-108.760146,36.882804],[-108.760143,36.882894],[-108.760592,36.882903],[-108.760586,36.883083],[-108.760474,36.883081],[-108.760466,36.883351],[-108.760578,36.883353],[-108.760573,36.883533],[-108.760685,36.883535]]]},"properties":{"src":"truth"}},{"type":"Feature","geometry":{"type":"Polygon","coordinates":[[[-108.80267,36.883058],[-108.802675,36.882877],[-108.802563,36.882875],[-108.802558,36.883056],[-108.80267,36.883058]]]},"properties":{"src":"truth"}},{"type":"Feature","geometry":{"type":"Polygon","coordinates":[[[-108.799185,36.883263],[-108.79919,36.883083],[-108.799078,36.883081],[-108.799081,36.882991],[-108.798968,36.882989],[-108.798971,36.882899],[-108.798635,36.882893],[-108.798637,36.882803],[-108.798413,36.882799],[-108.798415,36.882708],[-108.798303,36.882706],[-108.798308,36.882526],[-108.798196,36.882524],[-108.798199,36.882434],[-108.797862,36.882428],[-108.79786,36.882518],[-108.797972,36.88252],[-108.797967,36.8827],[-108.798191,36.882704],[-108.798186,36.882884],[-108.798298,36.882887],[-108.798295,36.882977],[-108.79852,36.882981],[-108.798517,36.883071],[-108.798629,36.883073],[-108.798632,36.882983],[-108.798856,36.882987],[-108.798851,36.883167],[-108.798963,36.883169],[-108.798961,36.883259],[-108.799185,36.883263]]]},"properties":{"src":"truth"}},{"type":"Feature","geometry":{"type":"Polygon","coordinates":[[[-108.802563,36.882875],[-108.802573,36.882515],[-108.802461,36.882513],[-108.802451,36.882873],[-108.802563,36.882875]]]},"properties":{"src":"truth"}},{"type":"Feature","geometry":{"type":"Polygon","coordinates":[[[-108.819619,36.882919],[-108.819622,36.882829],[-108.819509,36.882827],[-108.819507,36.882917],[-108.819619,36.882919]]]},"properties":{"src":"truth"}},{"type":"Feature","geometry":{"type":"Polygon","coordinates":[[[-108.808852,36.882721],[-108.808854,36.882631],[-108.80863,36.882627],[-108.808627,36.882717],[-108.808852,36.882721]]]},"properties":{"src":"truth"}},{"type":"Feature","geometry":{"type":"Polygon","coordinates":[[[-108.805823,36.882665],[-108.805826,36.882575],[-108.805714,36.882573],[-108.805711,36.882663],[-108.805823,36.882665]]]},"properties":{"src":"truth"}},{"type":"Feature","geometry":{"type":"Polygon","coordinates":[[[-108.760068,36.881631],[-108.76007,36.881541],[-108.759958,36.881539],[-108.759955,36.881629],[-108.760068,36.881631]]]},"properties":{"src":"truth"}},{"type":"Feature","geometry":{"type":"Polygon","coordinates":[[[-108.805714,36.882573],[-108.805716,36.882483],[-108.805604,36.882481],[-108.805609,36.882301],[-108.805497,36.882299],[-108.805489,36.882569],[-108.805714,36.882573]]]},"properties":{"src":"truth"}},{"type":"Feature","geometry":{"type":"Polygon","coordinates":[[[-108.795507,36.882384],[-108.795515,36.882114],[-108.795403,36.882112],[-108.7954,36.882202],[-108.795176,36.882198],[-108.795173,36.882288],[-108.795397,36.882292],[-108.795395,36.882382],[-108.795507,36.882384]]]},"properties":{"src":"truth"}},{"type":"Feature","geometry":{"type":"Polygon","coordinates":[[[-108.795736,36.882208],[-108.795739,36.882118],[-108.795627,36.882116],[-108.795624,36.882206],[-108.795736,36.882208]]]},"properties":{"src":"truth"}},{"type":"Feature","geometry":{"type":"Polygon","coordinates":[[[-108.804834,36.881926],[-108.804837,36.881836],[-108.804725,36.881834],[-108.804722,36.881924],[-108.804834,36.881926]]]},"properties":{"src":"truth"}},{"type":"Feature","geometry":{"type":"Polygon","coordinates":[[[-108.805497,36.882299],[-108.8055,36.882209],[-108.805387,36.882207],[-108.805393,36.882026],[-108.80528,36.882024],[-108.805283,36.881934],[-108.805171,36.881932],[-108.805176,36.881752],[-108.80484,36.881746],[-108.804837,36.881836],[-108.804949,36.881838],[-108.804941,36.882108],[-108.805166,36.882112],[-108.805163,36.882202],[-108.805275,36.882205],[-108.805273,36.882295],[-108.805497,36.882299]]]},"properties":{"src":"truth"}},{"type":"Feature","geometry":{"type":"Polygon","coordinates":[[[-108.800011,36.889678],[-108.800013,36.889588],[-108.800126,36.88959],[-108.800141,36.889049],[-108.800253,36.889051],[-108.800284,36.88797],[-108.800396,36.887973],[-108.800399,36.887882],[-108.800511,36.887885],[-108.800516,36.887704],[-108.800629,36.887706],[-108.800631,36.887616],[-108.800407,36.887612],[-108.800412,36.887432],[-108.800524,36.887434],[-108.800527,36.887344],[-108.800639,36.887346],[-108.800647,36.887076],[-108.800759,36.887078],[-108.800772,36.886628],[-108.800884,36.88663],[-108.800892,36.886359],[-108.801004,36.886362],[-108.801009,36.886181],[-108.801233,36.886186],[-108.801231,36.886276],[-108.801343,36.886278],[-108.80134,36.886368],[-108.801453,36.88637],[-108.801463,36.886009],[-108.801575,36.886012],[-108.801572,36.886102],[-108.801685,36.886104],[-108.801687,36.886014],[-108.801799,36.886016],[-108.801802,36.885926],[-108.801914,36.885928],[-108.801912,36.886018],[-108.802024,36.88602],[-108.802026,36.88593],[-108.802138,36.885932],[-108.802141,36.885842],[-108.802365,36.885846],[-108.802368,36.885756],[-108.802704,36.885762],[-108.802699,36.885942],[-108.802811,36.885944],[-108.802819,36.885674],[-108.802931,36.885676],[-108.802934,36.885586],[-108.802822,36.885584],[-108.802824,36.885494],[-108.803049,36.885498],[-108.803046,36.885588],[-108.803383,36.885594],[-108.803377,36.885775],[-108.803265,36.885772],[-108.80325,36.886313],[-108.803362,36.886315],[-108.803357,36.886495],[-108.803469,36.886497],[-108.803466,36.886587],[-108.803579,36.886589],[-108.803573,36.88677],[-108.803686,36.886772],[-108.80368,36.886952],[-108.803793,36.886954],[-108.80379,36.887044],[-108.803902,36.887046],[-108.803897,36.887226],[-108.804009,36.887228],[-108.804007,36.887318],[-108.804119,36.88732],[-108.804116,36.88741],[-108.804228,36.887413],[-108.804226,36.887503],[-108.804338,36.887505],[-108.804335,36.887595],[-108.80456,36.887599],[-108.804557,36.887689],[-108.804669,36.887691],[-108.804667,36.887781],[-108.804891,36.887785],[-108.804888,36.887875],[-108.805113,36.88788],[-108.80511,36.88797],[-108.805447,36.887976],[-108.805444,36.888066],[-108.805668,36.88807],[-108.805666,36.88816],[-108.806002,36.888166],[-108.806,36.888256],[-108.806561,36.888267],[-108.806563,36.888177],[-108.806675,36.888179],[-108.806678,36.888089],[-108.80679,36.888091],[-108.806793,36.888001],[-108.806905,36.888003],[-108.80691,36.887823],[-108.807022,36.887825],[-108.807027,36.887645],[-108.80714,36.887647],[-108.80715,36.887286],[-108.805916,36.887263],[-108.805913,36.887354],[-108.805577,36.887347],[-108.805574,36.887437],[-108.805462,36.887435],[-108.80546,36.887525],[-108.805235,36.887521],[-108.805238,36.887431],[-108.805013,36.887427],[-108.805016,36.887337],[-108.805128,36.887339],[-108.805136,36.887069],[-108.80536,36.887073],[-108.805363,36.886983],[-108.805699,36.886989],[-108.805702,36.886899],[-108.806038,36.886905],[-108.806041,36.886815],[-108.80649,36.886823],[-108.806492,36.886733],[-108.806268,36.886729],[-108.806271,36.886639],[-108.806046,36.886635],[-108.806049,36.886545],[-108.805824,36.886541],[-108.805827,36.886451],[-108.805715,36.886449],[-108.805717,36.886359],[-108.805493,36.886354],[-108.805496,36.886264],[-108.805271,36.88626],[-108.805274,36.88617],[-108.805162,36.886168],[-108.805164,36.886078],[-108.80494,36.886074],[-108.804943,36.885984],[-108.804718,36.88598],[-108.804721,36.88589],[-108.804609,36.885887],[-108.804611,36.885797],[-108.804499,36.885795],[-108.804502,36.885705],[-108.804389,36.885703],[-108.804395,36.885523],[-108.804282,36.885521],[-108.804285,36.885431],[-108.804061,36.885427],[-108.804063,36.885337],[-108.803727,36.88533],[-108.803729,36.88524],[-108.803617,36.885238],[-108.80362,36.885148],[-108.803508,36.885146],[-108.803513,36.884966],[-108.803401,36.884964],[-108.803408,36.884694],[-108.803521,36.884696],[-108.803523,36.884606],[-108.803747,36.88461],[-108.803745,36.8847],[-108.803857,36.884702],[-108.803854,36.884792],[-108.804079,36.884796],[-108.804076,36.884886],[-108.804188,36.884888],[-108.804186,36.884978],[-108.804298,36.88498],[-108.804295,36.88507],[-108.804408,36.885073],[-108.804405,36.885163],[-108.804966,36.885173],[-108.804963,36.885263],[-108.805412,36.885271],[-108.805409,36.885361],[-108.805858,36.88537],[-108.805855,36.88546],[-108.806416,36.88547],[-108.806414,36.88556],[-108.80675,36.885566],[-108.806748,36.885657],[-108.806972,36.885661],[-108.806982,36.8853],[-108.806421,36.88529],[-108.806419,36.88538],[-108.806307,36.885378],[-108.806309,36.885288],[-108.805861,36.88528],[-108.805863,36.88519],[-108.805527,36.885183],[-108.805529,36.885093],[-108.805081,36.885085],[-108.805083,36.884995],[-108.804522,36.884985],[-108.804525,36.884894],[-108.804413,36.884892],[-108.804415,36.884802],[-108.804303,36.8848],[-108.804306,36.88471],[-108.804081,36.884706],[-108.804084,36.884616],[-108.803972,36.884614],[-108.803974,36.884524],[-108.803862,36.884522],[-108.803867,36.884342],[-108.803755,36.884339],[-108.803758,36.884249],[-108.803421,36.884243],[-108.803424,36.884153],[-108.803312,36.884151],[-108.803317,36.883971],[-108.803205,36.883969],[-108.803207,36.883879],[-108.803095,36.883877],[-108.8031,36.883696],[-108.802876,36.883692],[-108.802886,36.883332],[-108.802774,36.88333],[-108.802777,36.88324],[-108.802552,36.883236],[-108.802558,36.883056],[-108.802445,36.883053],[-108.802451,36.882873],[-108.802338,36.882871],[-108.802341,36.882781],[-108.802229,36.882779],[-108.802234,36.882599],[-108.802122,36.882597],[-108.802124,36.882507],[-108.802237,36.882509],[-108.802239,36.882419],[-108.802127,36.882417],[-108.80213,36.882327],[-108.802017,36.882325],[-108.802023,36.882144],[-108.801798,36.88214],[-108.801801,36.88205],[-108.801689,36.882048],[-108.801691,36.881958],[-108.801355,36.881952],[-108.801357,36.881862],[-108.801133,36.881858],[-108.801136,36.881767],[-108.800911,36.881763],[-108.800914,36.881673],[-108.800802,36.881671],[-108.800799,36.881761],[-108.800687,36.881759],[-108.800682,36.881939],[-108.800906,36.881943],[-108.800904,36.882034],[-108.801016,36.882036],[-108.801013,36.882126],[-108.801237,36.88213],[-108.80124,36.88204],[-108.801352,36.882042],[-108.80135,36.882132],[-108.801462,36.882134],[-108.801457,36.882314],[-108.801569,36.882316],[-108.801561,36.882586],[-108.801673,36.882589],[-108.801671,36.882679],[-108.801783,36.882681],[-108.80178,36.882771],[-108.801892,36.882773],[-108.80189,36.882863],[-108.802002,36.882865],[-108.801994,36.883135],[-108.802219,36.883139],[-108.802216,36.883229],[-108.802328,36.883232],[-108.802323,36.883412],[-108.802435,36.883414],[-108.80243,36.883594],[-108.802542,36.883596],[-108.802534,36.883866],[-108.802422,36.883864],[-108.802425,36.883774],[-108.802313,36.883772],[-108.802315,36.883682],[-108.801867,36.883674],[-108.801864,36.883764],[-108.801527,36.883758],[-108.801525,36.883848],[-108.801413,36.883846],[-108.80141,36.883936],[-108.800961,36.883927],[-108.800964,36.883837],[-108.800852,36.883835],[-108.800857,36.883655],[-108.800969,36.883657],[-108.800974,36.883477],[-108.801423,36.883485],[-108.80142,36.883575],[-108.801645,36.883579],[-108.801647,36.883489],[-108.801872,36.883493],[-108.801882,36.883133],[-108.80177,36.883131],[-108.801772,36.883041],[-108.80166,36.883039],[-108.801663,36.882949],[-108.801326,36.882943],[-108.801324,36.883033],[-108.801099,36.883029],[-108.801097,36.883119],[-108.800873,36.883114],[-108.80087,36.883205],[-108.800758,36.883202],[-108.800755,36.883293],[-108.800643,36.88329],[-108.80064,36.883381],[-108.800528,36.883379],[-108.800526,36.883469],[-108.800414,36.883467],[-108.800411,36.883557],[-108.799962,36.883548],[-108.799965,36.883458],[-108.799741,36.883454],[-108.799743,36.883364],[-108.798958,36.883349],[-108.798961,36.883259],[-108.798624,36.883253],[-108.798627,36.883163],[-108.79829,36.883157],[-108.798293,36.883067],[-108.798069,36.883063],[-108.798071,36.882972],[-108.797959,36.88297],[-108.797951,36.883241],[-108.797727,36.883236],[-108.797732,36.883056],[-108.797508,36.883052],[-108.79751,36.882962],[-108.797735,36.882966],[-108.797737,36.882876],[-108.797625,36.882874],[-108.79763,36.882694],[-108.797406,36.88269],[-108.797409,36.8826],[-108.797296,36.882598],[-108.797299,36.882508],[-108.797187,36.882505],[-108.797189,36.882415],[-108.797077,36.882413],[-108.79708,36.882323],[-108.796968,36.882321],[-108.796962,36.882501],[-108.79685,36.882499],[-108.796853,36.882409],[-108.796741,36.882407],[-108.796743,36.882317],[-108.796631,36.882315],[-108.796634,36.882225],[-108.796522,36.882223],[-108.796524,36.882133],[-108.796412,36.882131],[-108.796422,36.88177],[-108.796198,36.881766],[-108.796195,36.881856],[-108.796083,36.881854],[-108.796086,36.881764],[-108.795749,36.881758],[-108.795752,36.881668],[-108.79564,36.881666],[-108.795642,36.881576],[-108.79553,36.881573],[-108.795535,36.881393],[-108.795311,36.881389],[-108.795314,36.881299],[-108.794977,36.881293],[-108.794972,36.881473],[-108.795084,36.881475],[-108.795082,36.881565],[-108.795194,36.881567],[-108.795191,36.881657],[-108.795303,36.881659],[-108.795301,36.881749],[-108.795525,36.881754],[-108.795523,36.881844],[-108.795635,36.881846],[-108.795632,36.881936],[-108.795744,36.881938],[-108.795739,36.882118],[-108.795851,36.88212],[-108.795854,36.88203],[-108.796078,36.882034],[-108.796076,36.882124],[-108.796188,36.882126],[-108.796185,36.882216],[-108.796073,36.882214],[-108.796065,36.882485],[-108.796177,36.882487],[-108.796175,36.882577],[-108.796399,36.882581],[-108.796402,36.882491],[-108.796514,36.882493],[-108.796511,36.882583],[-108.796623,36.882585],[-108.796621,36.882675],[-108.796733,36.882677],[-108.796728,36.882857],[-108.79684,36.88286],[-108.796835,36.88304],[-108.797171,36.883046],[-108.797163,36.883316],[-108.797276,36.883318],[-108.797273,36.883408],[-108.797385,36.88341],[-108.797383,36.8835],[-108.797607,36.883505],[-108.797604,36.883595],[-108.797717,36.883597],[-108.797714,36.883687],[-108.797938,36.883691],[-108.797936,36.883781],[-108.798048,36.883783],[-108.798045,36.883873],[-108.799279,36.883896],[-108.799276,36.883986],[-108.799389,36.883988],[-108.799386,36.884078],[-108.799498,36.88408],[-108.799496,36.884171],[-108.799608,36.884173],[-108.799605,36.884263],[-108.799717,36.884265],[-108.799712,36.884445],[-108.799824,36.884447],[-108.799822,36.884537],[-108.799934,36.884539],[-108.799926,36.884809],[-108.800038,36.884811],[-108.800025,36.885262],[-108.800138,36.885264],[-108.80014,36.885174],[-108.800364,36.885178],[-108.800362,36.885268],[-108.800586,36.885272],[-108.800584,36.885362],[-108.800696,36.885364],[-108.800685,36.885725],[-108.800573,36.885723],[-108.800571,36.885813],[-108.800459,36.885811],[-108.800456,36.885901],[-108.800232,36.885897],[-108.800226,36.886077],[-108.800114,36.886075],[-108.800109,36.886255],[-108.800221,36.886257],[-108.800216,36.886437],[-108.800328,36.886439],[-108.800318,36.886799],[-108.80043,36.886802],[-108.80042,36.887162],[-108.800308,36.88716],[-108.800302,36.88734],[-108.800078,36.887336],[-108.800076,36.887426],[-108.800188,36.887428],[-108.800182,36.887608],[-108.80007,36.887606],[-108.800068,36.887696],[-108.799956,36.887694],[-108.799953,36.887784],[-108.799841,36.887782],[-108.799838,36.887872],[-108.799726,36.88787],[-108.799723,36.88796],[-108.799499,36.887956],[-108.799489,36.888316],[-108.799377,36.888314],[-108.799359,36.888945],[-108.799471,36.888947],[-108.799455,36.889487],[-108.799567,36.889489],[-108.799562,36.88967],[-108.800011,36.889678]],[[-108.796402,36.882491],[-108.79629,36.882489],[-108.796292,36.882399],[-108.79618,36.882397],[-108.796183,36.882307],[-108.796407,36.882311],[-108.796402,36.882491]],[[-108.796305,36.881948],[-108.796193,36.881946],[-108.796195,36.881856],[-108.796308,36.881858],[-108.796305,36.881948]]]},"properties":{"src":"truth"}},{"type":"Feature","geometry":{"type":"Polygon","coordinates":[[[-108.808217,36.881358],[-108.80822,36.881267],[-108.808108,36.881265],[-108.808105,36.881356],[-108.808217,36.881358]]]},"properties":{"src":"truth"}},{"type":"Feature","geometry":{"type":"Polygon","coordinates":[[[-108.794753,36.881289],[-108.794756,36.881199],[-108.794868,36.881201],[-108.794873,36.88102],[-108.794761,36.881018],[-108.794763,36.880928],[-108.794651,36.880926],[-108.794654,36.880836],[-108.794429,36.880832],[-108.794427,36.880922],[-108.794315,36.88092],[-108.794312,36.88101],[-108.7942,36.881008],[-108.794197,36.881098],[-108.794422,36.881102],[-108.794419,36.881192],[-108.794643,36.881196],[-108.794641,36.881287],[-108.794753,36.881289]]]},"properties":{"src":"truth"}},{"type":"Feature","geometry":{"type":"Polygon","coordinates":[[[-108.793856,36.881272],[-108.793861,36.881092],[-108.793749,36.88109],[-108.793754,36.88091],[-108.793642,36.880907],[-108.793644,36.880817],[-108.793532,36.880815],[-108.793535,36.880725],[-108.793198,36.880719],[-108.793201,36.880629],[-108.793089,36.880627],[-108.793086,36.880717],[-108.792862,36.880713],[-108.792859,36.880803],[-108.792747,36.880801],[-108.792744,36.880891],[-108.792632,36.880889],[-108.79263,36.880979],[-108.792742,36.880981],[-108.792739,36.881071],[-108.793076,36.881077],[-108.793073,36.881167],[-108.793185,36.881169],[-108.793183,36.881259],[-108.793295,36.881262],[-108.793297,36.881171],[-108.79341,36.881174],[-108.793407,36.881264],[-108.793856,36.881272]],[[-108.793639,36.880998],[-108.793527,36.880995],[-108.79353,36.880905],[-108.793642,36.880907],[-108.793639,36.880998]]]},"properties":{"src":"truth"}},{"type":"Feature","geometry":{"type":"Polygon","coordinates":[[[-108.792979,36.880535],[-108.792982,36.880445],[-108.79287,36.880442],[-108.792867,36.880533],[-108.792979,36.880535]]]},"properties":{"src":"truth"}},{"type":"Feature","geometry":{"type":"Polygon","coordinates":[[[-108.759901,36.879645],[-108.759904,36.879555],[-108.759792,36.879553],[-108.759789,36.879643],[-108.759901,36.879645]]]},"properties":{"src":"truth"}},{"type":"Feature","geometry":{"type":"Polygon","coordinates":[[[-108.819686,36.880577],[-108.819704,36.879947],[-108.819591,36.879945],[-108.819586,36.880125],[-108.819362,36.880121],[-108.819354,36.880391],[-108.819466,36.880393],[-108.819464,36.880483],[-108.819576,36.880485],[-108.819574,36.880575],[-108.819686,36.880577]]]},"properties":{"src":"truth"}},{"type":"Feature","geometry":{"type":"Polygon","coordinates":[[[-108.819591,36.879945],[-108.819594,36.879855],[-108.81937,36.87985],[-108.819367,36.87994],[-108.819591,36.879945]]]},"properties":{"src":"truth"}},{"type":"Feature","geometry":{"type":"Polygon","coordinates":[[[-108.790548,36.879228],[-108.790553,36.879048],[-108.790441,36.879045],[-108.790436,36.879226],[-108.790548,36.879228]]]},"properties":{"src":"truth"}},{"type":"Feature","geometry":{"type":"Polygon","coordinates":[[[-108.801993,36.87926],[-108.801996,36.87917],[-108.801884,36.879168],[-108.801881,36.879258],[-108.801993,36.87926]]]},"properties":{"src":"truth"}},{"type":"Feature","geometry":{"type":"Polygon","coordinates":[[[-108.792356,36.878811],[-108.792358,36.878721],[-108.792246,36.878718],[-108.792243,36.878809],[-108.792356,36.878811]]]},"properties":{"src":"truth"}},{"type":"Feature","geometry":{"type":"Polygon","coordinates":[[[-108.793028,36.878823],[-108.793034,36.878643],[-108.792921,36.878641],[-108.792916,36.878821],[-108.793028,36.878823]]]},"properties":{"src":"truth"}},{"type":"Feature","geometry":{"type":"Polygon","coordinates":[[[-108.796291,36.878523],[-108.796294,36.878433],[-108.796182,36.878431],[-108.796179,36.878521],[-108.796291,36.878523]]]},"properties":{"src":"truth"}},{"type":"Feature","geometry":{"type":"Polygon","coordinates":[[[-108.799531,36.879034],[-108.799536,36.878854],[-108.799648,36.878856],[-108.799651,36.878766],[-108.799763,36.878768],[-108.799765,36.878678],[-108.799878,36.87868],[-108.79988,36.87859],[-108.799992,36.878592],[-108.799995,36.878502],[-108.799883,36.8785],[-108.799885,36.87841],[-108.799661,36.878405],[-108.799656,36.878586],[-108.799432,36.878581],[-108.799429,36.878672],[-108.79898,36.878663],[-108.798975,36.878843],[-108.798751,36.878839],[-108.798748,36.878929],[-108.799085,36.878936],[-108.799087,36.878845],[-108.7992,36.878848],[-108.799197,36.878938],[-108.799309,36.87894],[-108.799307,36.87903],[-108.799531,36.879034]]]},"properties":{"src":"truth"}},{"type":"Feature","geometry":{"type":"Polygon","coordinates":[[[-108.796182,36.878431],[-108.796184,36.878341],[-108.796072,36.878339],[-108.79607,36.878429],[-108.796182,36.878431]]]},"properties":{"src":"truth"}},{"type":"Feature","geometry":{"type":"Polygon","coordinates":[[[-108.812622,36.880357],[-108.812625,36.880267],[-108.813634,36.880286],[-108.813637,36.880196],[-108.814085,36.880204],[-108.814088,36.880114],[-108.814312,36.880118],[-108.814315,36.880028],[-108.814427,36.88003],[-108.81443,36.87994],[-108.814654,36.879944],[-108.814659,36.879764],[-108.814996,36.87977],[-108.814998,36.87968],[-108.81511,36.879682],[-108.815113,36.879592],[-108.815225,36.879594],[-108.81523,36.879414],[-108.815567,36.87942],[-108.815569,36.87933],[-108.815008,36.87932],[-108.815011,36.87923],[-108.81445,36.879219],[-108.814448,36.879309],[-108.814111,36.879303],[-108.814109,36.879393],[-108.813436,36.879381],[-108.813433,36.879471],[-108.811975,36.879444],[-108.811978,36.879354],[-108.811865,36.879352],[-108.811868,36.879262],[-108.811756,36.87926],[-108.811758,36.87917],[-108.811646,36.879168],[-108.811649,36.879078],[-108.811537,36.879075],[-108.811539,36.878985],[-108.811427,36.878983],[-108.81143,36.878893],[-108.811318,36.878891],[-108.811323,36.878711],[-108.81121,36.878709],[-108.811213,36.878619],[-108.811101,36.878617],[-108.811103,36.878527],[-108.810991,36.878525],[-108.810994,36.878435],[-108.810882,36.878432],[-108.810884,36.878342],[-108.810772,36.87834],[-108.810767,36.878521],[-108.810879,36.878523],[-108.810871,36.878793],[-108.810984,36.878795],[-108.810978,36.878975],[-108.811091,36.878977],[-108.811088,36.879067],[-108.8112,36.879069],[-108.811198,36.879159],[-108.81131,36.879161],[-108.811307,36.879251],[-108.811532,36.879256],[-108.811526,36.879436],[-108.811639,36.879438],[-108.811641,36.879348],[-108.811753,36.87935],[-108.811748,36.87953],[-108.81186,36.879532],[-108.811858,36.879622],[-108.81197,36.879624],[-108.811962,36.879894],[-108.812074,36.879897],[-108.812069,36.880077],[-108.812181,36.880079],[-108.812179,36.880169],[-108.811954,36.880165],[-108.811952,36.880255],[-108.812513,36.880265],[-108.81251,36.880355],[-108.812622,36.880357]]]},"properties":{"src":"truth"}},{"type":"Feature","geometry":{"type":"Polygon","coordinates":[[[-108.819597,36.879764],[-108.819599,36.879674],[-108.819711,36.879676],[-108.819775,36.877424],[-108.819551,36.87742],[-108.819541,36.877781],[-108.819429,36.877779],[-108.819426,36.877869],[-108.819202,36.877865],[-108.819199,36.877955],[-108.819087,36.877953],[-108.819082,36.878133],[-108.81897,36.878131],[-108.818967,36.878221],[-108.818743,36.878217],[-108.81874,36.878307],[-108.818516,36.878303],[-108.818513,36.878393],[-108.818289,36.878389],[-108.818287,36.878479],[-108.818174,36.878477],[-108.818172,36.878567],[-108.81806,36.878565],[-108.818057,36.878655],[-108.817945,36.878653],[-108.81794,36.878833],[-108.818052,36.878835],[-108.818047,36.879015],[-108.818159,36.879017],[-108.818162,36.878927],[-108.81861,36.878935],[-108.818608,36.879025],[-108.818496,36.879023],[-108.818493,36.879113],[-108.818717,36.879117],[-108.818712,36.879298],[-108.818824,36.8793],[-108.818822,36.87939],[-108.818934,36.879392],[-108.818931,36.879482],[-108.819268,36.879488],[-108.81926,36.879758],[-108.819597,36.879764]],[[-108.819492,36.879492],[-108.81938,36.87949],[-108.819383,36.8794],[-108.819495,36.879402],[-108.819492,36.879492]]]},"properties":{"src":"truth"}},{"type":"Feature","geometry":{"type":"Polygon","coordinates":[[[-108.804632,36.877236],[-108.804635,36.877146],[-108.804522,36.877143],[-108.80452,36.877234],[-108.804632,36.877236]]]},"properties":{"src":"truth"}},{"type":"Feature","geometry":{"type":"Polygon","coordinates":[[[-108.789032,36.877307],[-108.789035,36.877217],[-108.789147,36.877219],[-108.78915,36.877129],[-108.789374,36.877133],[-108.789377,36.877043],[-108.789601,36.877047],[-108.789609,36.876777],[-108.789497,36.876775],[-108.789494,36.876865],[-108.789382,36.876863],[-108.789379,36.876953],[-108.789155,36.876949],[-108.789152,36.877039],[-108.78904,36.877037],[-108.789038,36.877127],[-108.788925,36.877125],[-108.78892,36.877305],[-108.789032,36.877307]]]},"properties":{"src":"truth"}},{"type":"Feature","geometry":{"type":"Polygon","coordinates":[[[-108.819778,36.877334],[-108.81978,36.877244],[-108.819668,36.877242],[-108.819666,36.877332],[-108.819778,36.877334]]]},"properties":{"src":"truth"}},{"type":"Feature","geometry":{"type":"Polygon","coordinates":[[[-108.789721,36.876779],[-108.789726,36.876599],[-108.789614,36.876597],[-108.789609,36.876777],[-108.789721,36.876779]]]},"properties":{"src":"truth"}},{"type":"Feature","geometry":{"type":"Polygon","coordinates":[[[-108.764396,36.875584],[-108.764399,36.875494],[-108.764287,36.875492],[-108.764284,36.875582],[-108.764396,36.875584]]]},"properties":{"src":"truth"}},{"type":"Feature","geometry":{"type":"Polygon","coordinates":[[[-108.804994,36.876341],[-108.804997,36.876251],[-108.805333,36.876257],[-108.805336,36.876167],[-108.80556,36.876171],[-108.805563,36.876081],[-108.805226,36.876075],[-108.805224,36.876165],[-108.804887,36.876159],[-108.804885,36.876249],[-108.80466,36.876245],[-108.804658,36.876335],[-108.804994,36.876341]]]},"properties":{"src":"truth"}},{"type":"Feature","geometry":{"type":"Polygon","coordinates":[[[-108.809711,36.880123],[-108.809714,36.880033],[-108.81005,36.880039],[-108.810053,36.879949],[-108.810277,36.879954],[-108.81028,36.879863],[-108.810616,36.87987],[-108.810624,36.879599],[-108.810512,36.879597],[-108.810517,36.879417],[-108.810405,36.879415],[-108.81041,36.879235],[-108.810298,36.879233],[-108.810318,36.878512],[-108.810206,36.87851],[-108.810211,36.87833],[-108.810099,36.878328],[-108.810107,36.878058],[-108.809995,36.878056],[-108.809997,36.877966],[-108.809885,36.877963],[-108.809888,36.877873],[-108.809551,36.877867],[-108.809554,36.877777],[-108.809442,36.877775],[-108.809444,36.877685],[-108.809332,36.877683],[-108.809337,36.877503],[-108.809225,36.877501],[-108.809228,36.877411],[-108.809116,36.877409],[-108.809134,36.876778],[-108.809021,36.876776],[-108.809032,36.876416],[-108.80892,36.876414],[-108.808932,36.875963],[-108.808147,36.875949],[-108.808145,36.876039],[-108.807472,36.876026],[-108.807469,36.876116],[-108.806348,36.876096],[-108.806345,36.876186],[-108.806009,36.87618],[-108.806004,36.87636],[-108.805667,36.876353],[-108.805665,36.876444],[-108.80544,36.876439],[-108.805438,36.876529],[-108.805326,36.876527],[-108.805323,36.876618],[-108.805099,36.876613],[-108.805096,36.876703],[-108.804984,36.876701],[-108.804981,36.876791],[-108.804869,36.876789],[-108.804872,36.876699],[-108.80476,36.876697],[-108.804757,36.876787],[-108.804645,36.876785],[-108.80464,36.876965],[-108.804752,36.876967],[-108.804749,36.877058],[-108.804637,36.877055],[-108.804635,36.877146],[-108.804747,36.877148],[-108.804744,36.877238],[-108.804632,36.877236],[-108.804629,36.877326],[-108.804405,36.877322],[-108.804408,36.877231],[-108.804183,36.877227],[-108.804186,36.877137],[-108.804074,36.877135],[-108.804064,36.877495],[-108.8044,36.877502],[-108.804403,36.877412],[-108.804851,36.87742],[-108.804849,36.87751],[-108.804961,36.877512],[-108.804958,36.877602],[-108.805295,36.877608],[-108.805297,36.877518],[-108.805634,36.877525],[-108.805636,36.877434],[-108.805748,36.877437],[-108.805751,36.877346],[-108.806087,36.877353],[-108.806085,36.877443],[-108.806197,36.877445],[-108.8062,36.877355],[-108.806424,36.877359],[-108.806421,36.877449],[-108.806758,36.877455],[-108.806755,36.877545],[-108.806867,36.877547],[-108.806865,36.877637],[-108.806977,36.877639],[-108.806974,36.87773],[-108.807087,36.877732],[-108.807084,36.877822],[-108.807196,36.877824],[-108.807194,36.877914],[-108.807306,36.877916],[-108.807301,36.878096],[-108.807413,36.878098],[-108.80741,36.878188],[-108.807522,36.87819],[-108.807517,36.87837],[-108.807629,36.878373],[-108.807627,36.878463],[-108.807739,36.878465],[-108.807734,36.878645],[-108.807846,36.878647],[-108.807841,36.878827],[-108.807953,36.878829],[-108.807943,36.879189],[-108.808055,36.879192],[-108.80805,36.879372],[-108.808162,36.879374],[-108.808159,36.879464],[-108.808383,36.879468],[-108.808381,36.879558],[-108.808493,36.87956],[-108.80849,36.87965],[-108.808603,36.879652],[-108.8086,36.879742],[-108.808824,36.879746],[-108.808822,36.879837],[-108.808934,36.879839],[-108.808931,36.879929],[-108.809156,36.879933],[-108.809153,36.880023],[-108.80949,36.880029],[-108.809487,36.880119],[-108.809711,36.880123]]]},"properties":{"src":"truth"}},{"type":"Feature","geometry":{"type":"Polygon","coordinates":[[[-108.806465,36.875918],[-108.806468,36.875827],[-108.806356,36.875825],[-108.806353,36.875916],[-108.806465,36.875918]]]},"properties":{"src":"truth"}},{"type":"Feature","geometry":{"type":"Polygon","coordinates":[[[-108.764409,36.875134],[-108.764412,36.875043],[-108.7643,36.875041],[-108.764297,36.875131],[-108.764409,36.875134]]]},"properties":{"src":"truth"}},{"type":"Feature","geometry":{"type":"Polygon","coordinates":[[[-108.806243,36.875823],[-108.806246,36.875733],[-108.805685,36.875723],[-108.805683,36.875813],[-108.806243,36.875823]]]},"properties":{"src":"truth"}},{"type":"Feature","geometry":{"type":"Polygon","coordinates":[[[-108.807253,36.875842],[-108.807255,36.875752],[-108.80748,36.875756],[-108.807482,36.875666],[-108.807146,36.87566],[-108.807148,36.87557],[-108.8067,36.875561],[-108.806697,36.875651],[-108.806473,36.875647],[-108.806468,36.875827],[-108.807253,36.875842]]]},"properties":{"src":"truth"}},{"type":"Feature","geometry":{"type":"Polygon","coordinates":[[[-108.807707,36.87567],[-108.807709,36.87558],[-108.807597,36.875578],[-108.807594,36.875668],[-108.807707,36.87567]]]},"properties":{"src":"truth"}},{"type":"Feature","geometry":{"type":"Polygon","coordinates":[[[-108.807933,36.875584],[-108.807936,36.875494],[-108.808272,36.8755],[-108.808275,36.87541],[-108.808611,36.875416],[-108.808614,36.875326],[-108.808502,36.875324],[-108.808504,36.875234],[-108.808392,36.875232],[-108.808395,36.875142],[-108.808171,36.875138],[-108.808168,36.875228],[-108.808056,36.875226],[-108.808053,36.875316],[-108.807941,36.875314],[-108.807939,36.875404],[-108.807826,36.875402],[-108.807824,36.875492],[-108.807712,36.87549],[-108.807709,36.87558],[-108.807933,36.875584]]]},"properties":{"src":"truth"}},{"type":"Feature","geometry":{"type":"Polygon","coordinates":[[[-108.77789,36.874575],[-108.777893,36.874485],[-108.777781,36.874483],[-108.777778,36.874573],[-108.77789,36.874575]]]},"properties":{"src":"truth"}},{"type":"Feature","geometry":{"type":"Polygon","coordinates":[[[-108.782267,36.874567],[-108.782269,36.874477],[-108.782157,36.874475],[-108.782155,36.874565],[-108.782267,36.874567]]]},"properties":{"src":"truth"}},{"type":"Feature","geometry":{"type":"Polygon","coordinates":[[[-108.757526,36.876446],[-108.757529,36.876356],[-108.757753,36.87636],[-108.757756,36.87627],[-108.757868,36.876272],[-108.75787,36.876182],[-108.758095,36.876186],[-108.758097,36.876096],[-108.75821,36.876098],[-108.758212,36.876008],[-108.758324,36.87601],[-108.758327,36.87592],[-108.759,36.875933],[-108.759002,36.875843],[-108.759563,36.875853],[-108.759561,36.875943],[-108.759673,36.875946],[-108.759675,36.875855],[-108.759787,36.875858],[-108.759793,36.875677],[-108.759905,36.87568],[-108.759913,36.875409],[-108.760137,36.875414],[-108.76014,36.875323],[-108.760028,36.875321],[-108.760033,36.875141],[-108.760145,36.875143],[-108.760142,36.875233],[-108.760254,36.875236],[-108.760257,36.875145],[-108.760594,36.875152],[-108.760591,36.875242],[-108.760703,36.875244],[-108.760706,36.875154],[-108.76093,36.875158],[-108.760933,36.875068],[-108.761157,36.875072],[-108.76116,36.874982],[-108.761272,36.874984],[-108.761274,36.874894],[-108.761386,36.874896],[-108.761389,36.874806],[-108.761501,36.874808],[-108.761504,36.874718],[-108.761616,36.87472],[-108.761634,36.87409],[-108.761971,36.874096],[-108.761968,36.874186],[-108.76208,36.874188],[-108.762094,36.873738],[-108.761757,36.873732],[-108.761754,36.873822],[-108.761642,36.87382],[-108.76164,36.87391],[-108.761528,36.873908],[-108.761525,36.873998],[-108.761413,36.873996],[-108.761408,36.874176],[-108.761295,36.874174],[-108.761285,36.874534],[-108.761173,36.874532],[-108.76117,36.874622],[-108.761058,36.87462],[-108.761061,36.87453],[-108.760724,36.874523],[-108.760721,36.874613],[-108.760609,36.874611],[-108.760599,36.874972],[-108.760262,36.874965],[-108.760265,36.874875],[-108.760041,36.874871],[-108.760038,36.874961],[-108.759926,36.874959],[-108.759929,36.874869],[-108.75948,36.87486],[-108.759464,36.875401],[-108.759576,36.875403],[-108.759574,36.875493],[-108.759462,36.875491],[-108.759459,36.875581],[-108.75901,36.875573],[-108.759013,36.875482],[-108.758564,36.875474],[-108.758567,36.875384],[-108.758455,36.875382],[-108.758452,36.875472],[-108.75834,36.87547],[-108.758335,36.87565],[-108.758223,36.875648],[-108.75822,36.875738],[-108.757996,36.875734],[-108.757993,36.875824],[-108.757881,36.875822],[-108.757876,36.876002],[-108.757651,36.875998],[-108.757646,36.876178],[-108.757534,36.876176],[-108.757531,36.876266],[-108.757419,36.876264],[-108.757417,36.876354],[-108.757304,36.876351],[-108.757302,36.876442],[-108.757526,36.876446]]]},"properties":{"src":"truth"}},{"type":"Feature","geometry":{"type":"Polygon","coordinates":[[[-108.764456,36.873512],[-108.764459,36.873422],[-108.764347,36.87342],[-108.764344,36.87351],[-108.764456,36.873512]]]},"properties":{"src":"truth"}},{"type":"Feature","geometry":{"type":"Polygon","coordinates":[[[-108.76255,36.873476],[-108.762553,36.873386],[-108.76244,36.873384],[-108.762438,36.873474],[-108.76255,36.873476]]]},"properties":{"src":"truth"}},{"type":"Feature","geometry":{"type":"Polygon","coordinates":[[[-108.762206,36.87374],[-108.762208,36.87365],[-108.76232,36.873652],[-108.762323,36.873562],[-108.762435,36.873564],[-108.762438,36.873474],[-108.762326,36.873472],[-108.762331,36.873292],[-108.762219,36.87329],[-108.762214,36.87347],[-108.762101,36.873468],[-108.762094,36.873738],[-108.762206,36.87374]]]},"properties":{"src":"truth"}},{"type":"Feature","geometry":{"type":"Polygon","coordinates":[[[-108.76502,36.873433],[-108.765022,36.873343],[-108.76491,36.87334],[-108.764908,36.87343],[-108.76502,36.873433]]]},"properties":{"src":"truth"}},{"type":"Feature","geometry":{"type":"Polygon","coordinates":[[[-108.777781,36.874483],[-108.777783,36.874393],[-108.777671,36.874391],[-108.777674,36.874301],[-108.777562,36.874299],[-108.777564,36.874209],[-108.777452,36.874207],[-108.777455,36.874117],[-108.777343,36.874114],[-108.777345,36.874024],[-108.777233,36.874022],[-108.777236,36.873932],[-108.777124,36.87393],[-108.777126,36.87384],[-108.777014,36.873838],[-108.777017,36.873748],[-108.776905,36.873746],[-108.776907,36.873656],[-108.776795,36.873654],[-108.776798,36.873563],[-108.776686,36.873561],[-108.776688,36.873471],[-108.776576,36.873469],[-108.776579,36.873379],[-108.776466,36.873377],[-108.776469,36.873287],[-108.776357,36.873285],[-108.77636,36.873195],[-108.776247,36.873193],[-108.77625,36.873103],[-108.776026,36.873098],[-108.776023,36.873188],[-108.776135,36.873191],[-108.776133,36.873281],[-108.776245,36.873283],[-108.77624,36.873463],[-108.776464,36.873467],[-108.776461,36.873557],[-108.776573,36.873559],[-108.776571,36.873649],[-108.776683,36.873651],[-108.776678,36.873832],[-108.77679,36.873834],[-108.776787,36.873924],[-108.776899,36.873926],[-108.776897,36.874016],[-108.777009,36.874018],[-108.777006,36.874108],[-108.777118,36.87411],[-108.777116,36.8742],[-108.777228,36.874202],[-108.777225,36.874293],[-108.77745,36.874297],[-108.777447,36.874387],[-108.777559,36.874389],[-108.777557,36.874479],[-108.777781,36.874483]]]},"properties":{"src":"truth"}},{"type":"Feature","geometry":{"type":"Polygon","coordinates":[[[-108.776026,36.873098],[-108.776028,36.873008],[-108.775916,36.873006],[-108.775914,36.873096],[-108.776026,36.873098]]]},"properties":{"src":"truth"}},{"type":"Feature","geometry":{"type":"Polygon","coordinates":[[[-108.775916,36.873006],[-108.775919,36.872916],[-108.775807,36.872914],[-108.775804,36.873004],[-108.775916,36.873006]]]},"properties":{"src":"truth"}},{"type":"Feature","geometry":{"type":"Polygon","coordinates":[[[-108.783336,36.872514],[-108.783339,36.872424],[-108.783226,36.872422],[-108.783224,36.872512],[-108.783336,36.872514]]]},"properties":{"src":"truth"}},{"type":"Feature","geometry":{"type":"Polygon","coordinates":[[[-108.762829,36.871589],[-108.762832,36.871499],[-108.76272,36.871497],[-108.762717,36.871587],[-108.762829,36.871589]]]},"properties":{"src":"truth"}},{"type":"Feature","geometry":{"type":"Polygon","coordinates":[[[-108.798494,36.872165],[-108.798496,36.872075],[-108.798384,36.872073],[-108.798382,36.872163],[-108.798494,36.872165]]]},"properties":{"src":"truth"}},{"type":"Feature","geometry":{"type":"Polygon","coordinates":[[[-108.792889,36.871971],[-108.792892,36.871881],[-108.79278,36.871879],[-108.792777,36.871969],[-108.792889,36.871971]]]},"properties":{"src":"truth"}},{"type":"Feature","geometry":{"type":"Polygon","coordinates":[[[-108.803668,36.87172],[-108.80367,36.87163],[-108.803558,36.871628],[-108.803556,36.871718],[-108.803668,36.87172]]]},"properties":{"src":"truth"}},{"type":"Feature","geometry":{"type":"Polygon","coordinates":[[[-108.762736,36.870956],[-108.762738,36.870866],[-108.762626,36.870864],[-108.762624,36.870954],[-108.762736,36.870956]]]},"properties":{"src":"truth"}},{"type":"Feature","geometry":{"type":"Polygon","coordinates":[[[-108.803785,36.871542],[-108.80379,36.871362],[-108.803566,36.871358],[-108.803563,36.871448],[-108.803676,36.87145],[-108.803673,36.87154],[-108.803785,36.871542]]]},"properties":{"src":"truth"}},{"type":"Feature","geometry":{"type":"Polygon","coordinates":[[[-108.76869,36.870708],[-108.768692,36.870618],[-108.76858,36.870615],[-108.768578,36.870706],[-108.76869,36.870708]]]},"properties":{"src":"truth"}},{"type":"Feature","geometry":{"type":"Polygon","coordinates":[[[-108.767571,36.870597],[-108.767574,36.870506],[-108.767461,36.870504],[-108.767459,36.870594],[-108.767571,36.870597]]]},"properties":{"src":"truth"}},{"type":"Feature","geometry":{"type":"Polygon","coordinates":[[[-108.782809,36.871333],[-108.782812,36.871242],[-108.782924,36.871245],[-108.782926,36.871154],[-108.783039,36.871157],[-108.783041,36.871066],[-108.783153,36.871069],[-108.783156,36.870979],[-108.783268,36.870981],[-108.783273,36.8708],[-108.783161,36.870798],[-108.783164,36.870708],[-108.782827,36.870702],[-108.782825,36.870792],[-108.7826,36.870788],[-108.782598,36.870878],[-108.782486,36.870876],[-108.782481,36.871056],[-108.782593,36.871058],[-108.782587,36.871238],[-108.7827,36.87124],[-108.782697,36.87133],[-108.782809,36.871333]]]},"properties":{"src":"truth"}},{"type":"Feature","geometry":{"type":"Polygon","coordinates":[[[-108.803689,36.870999],[-108.803691,36.870909],[-108.803579,36.870907],[-108.803576,36.870997],[-108.803689,36.870999]]]},"properties":{"src":"truth"}},{"type":"Feature","geometry":{"type":"Polygon","coordinates":[[[-108.784262,36.87154],[-108.784264,36.87145],[-108.784489,36.871454],[-108.784491,36.871364],[-108.784716,36.871368],[-108.784718,36.871278],[-108.784494,36.871274],[-108.784496,36.871184],[-108.784272,36.87118],[-108.784275,36.87109],[-108.784163,36.871087],[-108.784165,36.870997],[-108.784053,36.870995],[-108.784056,36.870905],[-108.783944,36.870903],[-108.783946,36.870813],[-108.783834,36.870811],[-108.783837,36.870721],[-108.783724,36.870719],[-108.783727,36.870629],[-108.783615,36.870627],[-108.783618,36.870536],[-108.783281,36.87053],[-108.783284,36.87044],[-108.783059,36.870436],[-108.783057,36.870526],[-108.783169,36.870528],[-108.783166,36.870618],[-108.783279,36.87062],[-108.783273,36.8708],[-108.783385,36.870803],[-108.783383,36.870893],[-108.783495,36.870895],[-108.783492,36.870985],[-108.783605,36.870987],[-108.783602,36.871077],[-108.783714,36.871079],[-108.783711,36.871169],[-108.783824,36.871171],[-108.783821,36.871261],[-108.783933,36.871263],[-108.783928,36.871444],[-108.78404,36.871446],[-108.784037,36.871536],[-108.784262,36.87154]]]},"properties":{"src":"truth"}},{"type":"Feature","geometry":{"type":"Polygon","coordinates":[[[-108.7853,36.870568],[-108.785302,36.870478],[-108.78519,36.870476],[-108.785188,36.870566],[-108.7853,36.870568]]]},"properties":{"src":"truth"}},{"type":"Feature","geometry":{"type":"Polygon","coordinates":[[[-108.780871,36.872378],[-108.780874,36.872288],[-108.780986,36.87229],[-108.780989,36.8722],[-108.781101,36.872202],[-108.781104,36.872112],[-108.781328,36.872116],[-108.78133,36.872026],[-108.781443,36.872028],[-108.781445,36.871938],[-108.781557,36.87194],[-108.78156,36.87185],[-108.781672,36.871852],[-108.781675,36.871762],[-108.781787,36.871764],[-108.781792,36.871584],[-108.78168,36.871582],[-108.781685,36.871402],[-108.781573,36.8714],[-108.781578,36.871219],[-108.781466,36.871217],[-108.781471,36.871037],[-108.781247,36.871033],[-108.781244,36.871123],[-108.780459,36.871108],[-108.780462,36.871018],[-108.780013,36.87101],[-108.780016,36.87092],[-108.780128,36.870922],[-108.780131,36.870832],[-108.780355,36.870836],[-108.780358,36.870746],[-108.78047,36.870748],[-108.780472,36.870658],[-108.780697,36.870662],[-108.780699,36.870572],[-108.780811,36.870574],[-108.780814,36.870484],[-108.780926,36.870486],[-108.780931,36.870306],[-108.780707,36.870302],[-108.780704,36.870392],[-108.780592,36.87039],[-108.78059,36.87048],[-108.780478,36.870478],[-108.780475,36.870568],[-108.780363,36.870566],[-108.78036,36.870656],[-108.780248,36.870654],[-108.780245,36.870744],[-108.779909,36.870738],[-108.779912,36.870648],[-108.780024,36.87065],[-108.780026,36.87056],[-108.780251,36.870564],[-108.780259,36.870294],[-108.779922,36.870287],[-108.779919,36.870377],[-108.779583,36.870371],[-108.77958,36.870461],[-108.779244,36.870455],[-108.779241,36.870545],[-108.779129,36.870543],[-108.779127,36.870633],[-108.779015,36.870631],[-108.779012,36.870721],[-108.779124,36.870723],[-108.779119,36.870903],[-108.779231,36.870905],[-108.779226,36.871085],[-108.779338,36.871087],[-108.779335,36.871178],[-108.779447,36.87118],[-108.779445,36.87127],[-108.779557,36.871272],[-108.779554,36.871362],[-108.779667,36.871364],[-108.779664,36.871454],[-108.779776,36.871456],[-108.779773,36.871546],[-108.779886,36.871548],[-108.779883,36.871638],[-108.779995,36.87164],[-108.779993,36.871731],[-108.780105,36.871733],[-108.780102,36.871823],[-108.780214,36.871825],[-108.780212,36.871915],[-108.780324,36.871917],[-108.780319,36.872097],[-108.780431,36.872099],[-108.780428,36.872189],[-108.78054,36.872191],[-108.780538,36.872282],[-108.78065,36.872284],[-108.780647,36.872374],[-108.780871,36.872378]]]},"properties":{"src":"truth"}},{"type":"Feature","geometry":{"type":"Polygon","coordinates":[[[-108.790237,36.87057],[-108.790239,36.87048],[-108.789678,36.870469],[-108.789676,36.870559],[-108.790237,36.87057]]]},"properties":{"src":"truth"}},{"type":"Feature","geometry":{"type":"Polygon","coordinates":[[[-108.762858,36.870598],[-108.762864,36.870418],[-108.762976,36.87042],[-108.762978,36.87033],[-108.763091,36.870332],[-108.763098,36.870062],[-108.763323,36.870066],[-108.763325,36.869976],[-108.762765,36.869965],[-108.762762,36.870055],[-108.762538,36.870051],[-108.762535,36.870141],[-108.762423,36.870139],[-108.76242,36.870229],[-108.762308,36.870227],[-108.762306,36.870317],[-108.762193,36.870315],[-108.762191,36.870405],[-108.762079,36.870403],[-108.762076,36.870493],[-108.761964,36.870491],[-108.761961,36.870581],[-108.762858,36.870598]]]},"properties":{"src":"truth"}},{"type":"Feature","geometry":{"type":"Polygon","coordinates":[[[-108.789678,36.870469],[-108.789681,36.870379],[-108.789457,36.870375],[-108.789454,36.870465],[-108.789678,36.870469]]]},"properties":{"src":"truth"}},{"type":"Feature","geometry":{"type":"Polygon","coordinates":[[[-108.789342,36.870463],[-108.789345,36.870373],[-108.788896,36.870364],[-108.788893,36.870455],[-108.789342,36.870463]]]},"properties":{"src":"truth"}},{"type":"Feature","geometry":{"type":"Polygon","coordinates":[[[-108.788672,36.87036],[-108.788674,36.87027],[-108.788562,36.870268],[-108.78856,36.870358],[-108.788672,36.87036]]]},"properties":{"src":"truth"}},{"type":"Feature","geometry":{"type":"Polygon","coordinates":[[[-108.788447,36.870356],[-108.78845,36.870266],[-108.788338,36.870264],[-108.788335,36.870354],[-108.788447,36.870356]]]},"properties":{"src":"truth"}},{"type":"Feature","geometry":{"type":"Polygon","coordinates":[[[-108.788226,36.870262],[-108.788228,36.870172],[-108.788004,36.870168],[-108.788001,36.870258],[-108.788226,36.870262]]]},"properties":{"src":"truth"}},{"type":"Feature","geometry":{"type":"Polygon","coordinates":[[[-108.764791,36.869733],[-108.764794,36.869643],[-108.764682,36.869641],[-108.764679,36.869731],[-108.764791,36.869733]]]},"properties":{"src":"truth"}},{"type":"Feature","geometry":{"type":"Polygon","coordinates":[[[-108.788004,36.870168],[-108.788009,36.869987],[-108.787897,36.869985],[-108.787895,36.870075],[-108.787782,36.870073],[-108.787785,36.869983],[-108.787673,36.869981],[-108.787668,36.870161],[-108.788004,36.870168]]]},"properties":{"src":"truth"}},{"type":"Feature","geometry":{"type":"Polygon","coordinates":[[[-108.765686,36.86984],[-108.765688,36.86975],[-108.765576,36.869748],[-108.765579,36.869658],[-108.765354,36.869654],[-108.76536,36.869473],[-108.765247,36.869471],[-108.765242,36.869651],[-108.76513,36.869649],[-108.765127,36.869739],[-108.764791,36.869733],[-108.764788,36.869823],[-108.765686,36.86984]]]},"properties":{"src":"truth"}},{"type":"Feature","geometry":{"type":"Polygon","coordinates":[[[-108.787558,36.870069],[-108.787563,36.869889],[-108.787115,36.869881],[-108.787112,36.869971],[-108.787449,36.869977],[-108.787446,36.870067],[-108.787558,36.870069]]]},"properties":{"src":"truth"}},{"type":"Feature","geometry":{"type":"Polygon","coordinates":[[[-108.76513,36.869649],[-108.765133,36.869559],[-108.765021,36.869557],[-108.765023,36.869467],[-108.764799,36.869463],[-108.764796,36.869553],[-108.764908,36.869555],[-108.764906,36.869645],[-108.76513,36.869649]]]},"properties":{"src":"truth"}},{"type":"Feature","geometry":{"type":"Polygon","coordinates":[[[-108.757665,36.875547],[-108.757667,36.875457],[-108.757779,36.875459],[-108.757782,36.875369],[-108.757894,36.875371],[-108.757897,36.875281],[-108.758009,36.875283],[-108.758012,36.875193],[-108.758236,36.875197],[-108.758238,36.875107],[-108.758351,36.875109],[-108.758353,36.875019],[-108.758578,36.875024],[-108.758585,36.874753],[-108.758698,36.874756],[-108.7587,36.874665],[-108.758925,36.87467],[-108.758927,36.87458],[-108.759039,36.874582],[-108.759042,36.874492],[-108.759266,36.874496],[-108.759269,36.874406],[-108.759381,36.874408],[-108.759384,36.874318],[-108.759608,36.874322],[-108.759611,36.874232],[-108.759723,36.874234],[-108.759725,36.874144],[-108.75995,36.874148],[-108.759952,36.874058],[-108.760064,36.87406],[-108.760067,36.87397],[-108.760179,36.873972],[-108.760182,36.873882],[-108.760406,36.873886],[-108.760409,36.873796],[-108.760633,36.873801],[-108.760628,36.873981],[-108.76074,36.873983],[-108.760737,36.874073],[-108.760625,36.874071],[-108.76062,36.874251],[-108.760508,36.874249],[-108.760505,36.874339],[-108.760393,36.874337],[-108.760388,36.874517],[-108.760724,36.874523],[-108.760727,36.874433],[-108.760839,36.874435],[-108.760847,36.874165],[-108.761071,36.874169],[-108.761076,36.873989],[-108.760964,36.873987],[-108.760967,36.873897],[-108.761079,36.873899],[-108.761082,36.873809],[-108.761194,36.873811],[-108.761199,36.873631],[-108.761087,36.873629],[-108.761089,36.873539],[-108.761202,36.873541],[-108.761207,36.873361],[-108.761431,36.873365],[-108.761434,36.873275],[-108.761658,36.873279],[-108.761663,36.873099],[-108.761888,36.873103],[-108.76189,36.873013],[-108.762002,36.873015],[-108.762005,36.872925],[-108.762117,36.872927],[-108.76212,36.872837],[-108.762456,36.872844],[-108.762464,36.872573],[-108.762352,36.872571],[-108.762355,36.872481],[-108.762467,36.872483],[-108.762472,36.872303],[-108.76236,36.872301],[-108.762365,36.872121],[-108.762702,36.872127],[-108.762704,36.872037],[-108.762592,36.872035],[-108.7626,36.871765],[-108.762824,36.871769],[-108.762827,36.871679],[-108.762715,36.871677],[-108.762717,36.871587],[-108.762605,36.871585],[-108.762613,36.871314],[-108.762725,36.871316],[-108.762728,36.871226],[-108.76284,36.871229],[-108.762843,36.871138],[-108.763067,36.871143],[-108.763072,36.870963],[-108.763184,36.870965],[-108.763187,36.870875],[-108.762963,36.87087],[-108.762965,36.87078],[-108.762853,36.870778],[-108.762845,36.871048],[-108.762621,36.871044],[-108.762624,36.870954],[-108.762287,36.870948],[-108.76229,36.870858],[-108.762178,36.870856],[-108.76218,36.870765],[-108.762068,36.870763],[-108.762071,36.870673],[-108.761847,36.870669],[-108.761844,36.870759],[-108.761732,36.870757],[-108.761737,36.870577],[-108.761625,36.870575],[-108.76163,36.870395],[-108.761967,36.870401],[-108.761972,36.870221],[-108.762196,36.870225],[-108.762199,36.870135],[-108.762423,36.870139],[-108.762426,36.870049],[-108.762538,36.870051],[-108.76254,36.869961],[-108.762653,36.869963],[-108.762655,36.869873],[-108.762767,36.869875],[-108.76277,36.869785],[-108.762882,36.869787],[-108.762885,36.869697],[-108.762773,36.869695],[-108.762775,36.869605],[-108.762663,36.869603],[-108.76266,36.869693],[-108.762436,36.869689],[-108.762433,36.869779],[-108.762321,36.869777],[-108.762319,36.869867],[-108.762207,36.869865],[-108.762204,36.869955],[-108.762092,36.869953],[-108.762097,36.869773],[-108.761985,36.86977],[-108.761982,36.86986],[-108.76187,36.869858],[-108.761873,36.869768],[-108.761649,36.869764],[-108.761656,36.869494],[-108.761544,36.869492],[-108.761542,36.869582],[-108.761429,36.86958],[-108.761424,36.86976],[-108.761312,36.869758],[-108.761315,36.869668],[-108.76109,36.869663],[-108.761093,36.869573],[-108.760757,36.869567],[-108.760754,36.869657],[-108.760642,36.869655],[-108.760645,36.869565],[-108.760532,36.869563],[-108.760535,36.869473],[-108.760311,36.869468],[-108.760313,36.869378],[-108.760201,36.869376],[-108.760204,36.869286],[-108.760092,36.869284],[-108.760094,36.869194],[-108.759982,36.869192],[-108.759985,36.869102],[-108.759873,36.8691],[-108.75987,36.86919],[-108.759758,36.869188],[-108.759755,36.869278],[-108.759531,36.869274],[-108.759528,36.869364],[-108.759416,36.869361],[-108.759414,36.869452],[-108.759301,36.869449],[-108.759296,36.86963],[-108.759184,36.869627],[-108.759179,36.869808],[-108.759067,36.869806],[-108.759061,36.869986],[-108.759174,36.869988],[-108.759171,36.870078],[-108.758947,36.870074],[-108.758941,36.870254],[-108.759054,36.870256],[-108.759048,36.870436],[-108.759273,36.87044],[-108.759265,36.870711],[-108.759153,36.870708],[-108.759147,36.870889],[-108.759372,36.870893],[-108.759369,36.870983],[-108.759481,36.870985],[-108.759478,36.871075],[-108.759703,36.871079],[-108.7597,36.871169],[-108.759812,36.871171],[-108.75981,36.871262],[-108.759922,36.871264],[-108.759916,36.871444],[-108.760029,36.871446],[-108.760026,36.871536],[-108.760138,36.871538],[-108.760135,36.871628],[-108.760248,36.87163],[-108.760245,36.87172],[-108.760357,36.871723],[-108.760354,36.871813],[-108.760579,36.871817],[-108.760576,36.871907],[-108.7608,36.871911],[-108.760798,36.872001],[-108.76091,36.872003],[-108.760905,36.872183],[-108.761017,36.872186],[-108.761012,36.872366],[-108.760787,36.872361],[-108.760785,36.872452],[-108.760672,36.872449],[-108.76067,36.87254],[-108.760446,36.872535],[-108.760443,36.872625],[-108.760331,36.872623],[-108.760328,36.872713],[-108.760216,36.872711],[-108.760213,36.872801],[-108.760101,36.872799],[-108.760099,36.872889],[-108.759986,36.872887],[-108.759984,36.872977],[-108.759872,36.872975],[-108.759869,36.873065],[-108.759757,36.873063],[-108.759754,36.873153],[-108.75953,36.873149],[-108.759527,36.873239],[-108.759415,36.873237],[-108.759413,36.873327],[-108.7593,36.873325],[-108.759298,36.873415],[-108.759522,36.873419],[-108.759519,36.873509],[-108.759856,36.873516],[-108.759848,36.873786],[-108.759736,36.873784],[-108.759728,36.874054],[-108.759504,36.87405],[-108.759501,36.87414],[-108.759389,36.874138],[-108.759386,36.874228],[-108.759274,36.874226],[-108.759271,36.874316],[-108.759047,36.874311],[-108.759045,36.874402],[-108.758372,36.874389],[-108.758369,36.874479],[-108.758257,36.874477],[-108.758254,36.874567],[-108.757918,36.874561],[-108.757915,36.874651],[-108.757691,36.874646],[-108.757688,36.874736],[-108.757576,36.874734],[-108.757574,36.874824],[-108.757349,36.87482],[-108.757347,36.87491],[-108.757234,36.874908],[-108.757232,36.874998],[-108.757008,36.874994],[-108.75701,36.874904],[-108.756786,36.8749],[-108.756783,36.87499],[-108.756559,36.874986],[-108.756556,36.875076],[-108.756668,36.875078],[-108.756663,36.875258],[-108.757,36.875264],[-108.756997,36.875354],[-108.757221,36.875359],[-108.757219,36.875449],[-108.757443,36.875453],[-108.75744,36.875543],[-108.757665,36.875547]],[[-108.762063,36.870944],[-108.761951,36.870941],[-108.761956,36.870761],[-108.762068,36.870763],[-108.762063,36.870944]],[[-108.761614,36.870935],[-108.761502,36.870933],[-108.761505,36.870843],[-108.761617,36.870845],[-108.761614,36.870935]],[[-108.761729,36.870847],[-108.761617,36.870845],[-108.76162,36.870755],[-108.761732,36.870757],[-108.761729,36.870847]]]},"properties":{"src":"truth"}},{"type":"Feature","geometry":{"type":"Polygon","coordinates":[[[-108.777408,36.871862],[-108.777411,36.871772],[-108.777523,36.871775],[-108.777525,36.871684],[-108.777638,36.871687],[-108.77764,36.871596],[-108.777864,36.871601],[-108.777867,36.871511],[-108.777979,36.871513],[-108.777982,36.871423],[-108.778094,36.871425],[-108.778107,36.870974],[-108.778331,36.870978],[-108.778339,36.870708],[-108.778563,36.870712],[-108.778571,36.870442],[-108.778683,36.870444],[-108.778686,36.870354],[-108.77891,36.870358],[-108.778918,36.870088],[-108.77903,36.87009],[-108.779033,36.87],[-108.778921,36.869998],[-108.778926,36.869818],[-108.779038,36.86982],[-108.779035,36.86991],[-108.77926,36.869914],[-108.779265,36.869734],[-108.779489,36.869738],[-108.779492,36.869648],[-108.779604,36.86965],[-108.779607,36.86956],[-108.779494,36.869558],[-108.779497,36.869468],[-108.779385,36.869466],[-108.779382,36.869556],[-108.779158,36.869552],[-108.779155,36.869642],[-108.778931,36.869638],[-108.778928,36.869728],[-108.778816,36.869726],[-108.778814,36.869816],[-108.778702,36.869814],[-108.778691,36.870174],[-108.778579,36.870172],[-108.778576,36.870262],[-108.778464,36.87026],[-108.778459,36.87044],[-108.778347,36.870438],[-108.778344,36.870528],[-108.778232,36.870526],[-108.778227,36.870706],[-108.778003,36.870702],[-108.778,36.870792],[-108.777776,36.870788],[-108.777773,36.870878],[-108.777661,36.870876],[-108.777658,36.870966],[-108.777546,36.870964],[-108.777544,36.871054],[-108.777432,36.871052],[-108.777426,36.871232],[-108.77709,36.871226],[-108.777087,36.871316],[-108.776863,36.871312],[-108.77686,36.871402],[-108.776748,36.8714],[-108.776743,36.87158],[-108.776855,36.871582],[-108.77685,36.871762],[-108.776962,36.871764],[-108.776959,36.871854],[-108.777408,36.871862]]]},"properties":{"src":"truth"}},{"type":"Feature","geometry":{"type":"Polygon","coordinates":[[[-108.773225,36.86908],[-108.773228,36.86899],[-108.773116,36.868988],[-108.773113,36.869078],[-108.773225,36.86908]]]},"properties":{"src":"truth"}},{"type":"Feature","geometry":{"type":"Polygon","coordinates":[[[-108.763127,36.884483],[-108.76314,36.884032],[-108.763028,36.88403],[-108.763033,36.88385],[-108.763481,36.883858],[-108.763479,36.883948],[-108.763927,36.883957],[-108.763925,36.884047],[-108.764373,36.884055],[-108.764371,36.884145],[-108.764595,36.88415],[-108.764598,36.88406],[-108.76471,36.884062],[-108.764718,36.883792],[-108.764606,36.883789],[-108.764611,36.883609],[-108.764499,36.883607],[-108.764507,36.883337],[-108.764394,36.883335],[-108.7644,36.883155],[-108.764288,36.883153],[-108.764295,36.882882],[-108.764183,36.88288],[-108.764189,36.8827],[-108.764076,36.882698],[-108.764084,36.882428],[-108.763972,36.882426],[-108.763977,36.882245],[-108.763865,36.882243],[-108.76387,36.882063],[-108.763758,36.882061],[-108.763782,36.88125],[-108.763894,36.881252],[-108.763907,36.880802],[-108.764019,36.880804],[-108.764025,36.880624],[-108.764249,36.880628],[-108.764246,36.880718],[-108.764358,36.88072],[-108.764356,36.880811],[-108.764468,36.880813],[-108.764465,36.880903],[-108.76469,36.880907],[-108.764687,36.880997],[-108.764799,36.880999],[-108.764797,36.881089],[-108.765021,36.881093],[-108.765018,36.881183],[-108.76513,36.881186],[-108.765128,36.881276],[-108.765352,36.88128],[-108.765349,36.88137],[-108.765574,36.881374],[-108.765571,36.881464],[-108.766244,36.881477],[-108.766252,36.881207],[-108.766364,36.881209],[-108.766369,36.881029],[-108.766482,36.881031],[-108.766489,36.880761],[-108.766377,36.880758],[-108.76638,36.880668],[-108.766268,36.880666],[-108.766273,36.880486],[-108.766161,36.880484],[-108.766163,36.880394],[-108.766051,36.880392],[-108.766054,36.880302],[-108.765942,36.8803],[-108.765947,36.880119],[-108.766059,36.880122],[-108.766064,36.879941],[-108.766177,36.879943],[-108.766179,36.879853],[-108.766291,36.879856],[-108.766294,36.879765],[-108.766406,36.879768],[-108.766411,36.879587],[-108.766524,36.87959],[-108.766526,36.879499],[-108.766638,36.879502],[-108.766641,36.879411],[-108.766753,36.879414],[-108.766758,36.879233],[-108.76687,36.879236],[-108.766873,36.879145],[-108.766761,36.879143],[-108.766764,36.879053],[-108.766651,36.879051],[-108.766654,36.878961],[-108.766542,36.878959],[-108.766545,36.878869],[-108.76632,36.878865],[-108.766323,36.878775],[-108.766211,36.878772],[-108.766213,36.878682],[-108.766101,36.87868],[-108.766104,36.87859],[-108.765879,36.878586],[-108.7659,36.877865],[-108.765788,36.877863],[-108.765778,36.878224],[-108.765666,36.878221],[-108.765663,36.878312],[-108.765775,36.878314],[-108.765767,36.878584],[-108.765655,36.878582],[-108.765653,36.878672],[-108.765316,36.878666],[-108.765313,36.878756],[-108.764753,36.878745],[-108.764755,36.878655],[-108.764531,36.878651],[-108.764534,36.878561],[-108.764309,36.878556],[-108.76432,36.878196],[-108.764208,36.878194],[-108.764218,36.877834],[-108.76433,36.877836],[-108.764333,36.877746],[-108.764557,36.87775],[-108.76456,36.87766],[-108.764672,36.877662],[-108.764675,36.877572],[-108.764787,36.877574],[-108.764792,36.877394],[-108.764904,36.877396],[-108.76491,36.877216],[-108.765022,36.877218],[-108.765019,36.877308],[-108.765243,36.877312],[-108.765259,36.876772],[-108.765371,36.876774],[-108.765374,36.876684],[-108.765486,36.876686],[-108.765489,36.876596],[-108.765601,36.876598],[-108.765609,36.876328],[-108.765721,36.87633],[-108.765723,36.87624],[-108.765836,36.876242],[-108.765841,36.876062],[-108.765953,36.876064],[-108.765956,36.875974],[-108.766068,36.875976],[-108.766073,36.875796],[-108.765961,36.875794],[-108.765966,36.875613],[-108.766078,36.875616],[-108.766091,36.875165],[-108.765979,36.875163],[-108.765982,36.875073],[-108.76587,36.875071],[-108.765872,36.874981],[-108.76576,36.874979],[-108.765763,36.874889],[-108.765651,36.874887],[-108.765653,36.874796],[-108.765429,36.874792],[-108.765432,36.874702],[-108.765319,36.8747],[-108.765325,36.87452],[-108.765437,36.874522],[-108.765445,36.874252],[-108.765557,36.874254],[-108.76557,36.873803],[-108.765682,36.873806],[-108.765685,36.873715],[-108.765797,36.873718],[-108.765802,36.873537],[-108.765914,36.87354],[-108.76592,36.873359],[-108.765807,36.873357],[-108.765815,36.873087],[-108.765703,36.873085],[-108.765706,36.872995],[-108.765369,36.872989],[-108.765372,36.872898],[-108.765484,36.872901],[-108.765487,36.872811],[-108.765375,36.872808],[-108.76538,36.872628],[-108.765492,36.87263],[-108.765497,36.87245],[-108.765722,36.872454],[-108.765724,36.872364],[-108.765836,36.872366],[-108.765839,36.872276],[-108.765951,36.872278],[-108.765943,36.872549],[-108.766055,36.872551],[-108.766061,36.872371],[-108.766173,36.872373],[-108.766175,36.872283],[-108.766063,36.872281],[-108.766068,36.8721],[-108.766181,36.872103],[-108.766183,36.872012],[-108.766295,36.872015],[-108.766298,36.871924],[-108.76641,36.871927],[-108.766413,36.871837],[-108.766525,36.871839],[-108.766528,36.871749],[-108.766752,36.871753],[-108.766754,36.871663],[-108.766867,36.871665],[-108.766869,36.871575],[-108.767094,36.871579],[-108.767096,36.871489],[-108.767208,36.871491],[-108.767211,36.871401],[-108.767323,36.871403],[-108.767326,36.871313],[-108.767438,36.871315],[-108.76743,36.871585],[-108.767318,36.871583],[-108.767313,36.871763],[-108.767425,36.871765],[-108.767422,36.871855],[-108.767534,36.871858],[-108.767529,36.872038],[-108.767417,36.872036],[-108.767412,36.872216],[-108.767299,36.872214],[-108.767297,36.872304],[-108.767185,36.872302],[-108.767179,36.872482],[-108.767067,36.87248],[-108.767065,36.87257],[-108.766953,36.872568],[-108.76695,36.872658],[-108.766838,36.872656],[-108.766835,36.872746],[-108.766723,36.872744],[-108.76672,36.872834],[-108.766608,36.872832],[-108.766606,36.872922],[-108.766718,36.872924],[-108.766715,36.873014],[-108.766827,36.873016],[-108.766822,36.873196],[-108.76671,36.873194],[-108.766702,36.873464],[-108.76659,36.873462],[-108.766582,36.873732],[-108.76647,36.87373],[-108.766465,36.87391],[-108.766352,36.873908],[-108.766347,36.874088],[-108.766235,36.874086],[-108.766227,36.874357],[-108.766339,36.874359],[-108.766305,36.87553],[-108.766417,36.875532],[-108.76642,36.875442],[-108.766532,36.875444],[-108.766535,36.875354],[-108.766759,36.875358],[-108.766772,36.874908],[-108.766884,36.87491],[-108.766895,36.874549],[-108.767007,36.874551],[-108.767017,36.874191],[-108.76713,36.874193],[-108.767143,36.873743],[-108.767255,36.873745],[-108.767257,36.873655],[-108.76737,36.873657],[-108.767375,36.873477],[-108.767487,36.873479],[-108.76749,36.873389],[-108.767602,36.873391],[-108.767607,36.873211],[-108.767719,36.873213],[-108.767724,36.873033],[-108.767949,36.873037],[-108.767951,36.872947],[-108.768063,36.872949],[-108.768066,36.872859],[-108.76829,36.872863],[-108.768293,36.872773],[-108.768405,36.872775],[-108.768408,36.872685],[-108.768632,36.872689],[-108.768635,36.872599],[-108.768859,36.872604],[-108.768862,36.872513],[-108.769086,36.872518],[-108.769088,36.872428],[-108.769201,36.87243],[-108.769203,36.87234],[-108.769315,36.872342],[-108.769318,36.872252],[-108.769542,36.872256],[-108.769545,36.872166],[-108.769657,36.872168],[-108.76966,36.872078],[-108.769548,36.872076],[-108.76955,36.871986],[-108.769438,36.871983],[-108.769441,36.871893],[-108.769328,36.871891],[-108.769331,36.871801],[-108.768883,36.871793],[-108.76888,36.871883],[-108.768319,36.871872],[-108.768322,36.871782],[-108.76821,36.87178],[-108.768212,36.87169],[-108.7681,36.871688],[-108.768105,36.871508],[-108.767993,36.871506],[-108.767999,36.871326],[-108.767886,36.871323],[-108.767884,36.871414],[-108.767772,36.871411],[-108.767782,36.871051],[-108.767894,36.871053],[-108.767897,36.870963],[-108.768121,36.870967],[-108.768124,36.870877],[-108.768012,36.870875],[-108.768014,36.870785],[-108.768126,36.870787],[-108.768129,36.870697],[-108.768241,36.870699],[-108.768244,36.870609],[-108.768356,36.870611],[-108.768359,36.870521],[-108.768471,36.870523],[-108.768468,36.870613],[-108.76858,36.870615],[-108.768588,36.870345],[-108.7687,36.870347],[-108.768703,36.870257],[-108.768815,36.870259],[-108.768818,36.870169],[-108.76893,36.870171],[-108.768932,36.870081],[-108.769269,36.870088],[-108.769271,36.869998],[-108.769384,36.87],[-108.769386,36.86991],[-108.76961,36.869914],[-108.769613,36.869824],[-108.769949,36.86983],[-108.769944,36.87001],[-108.770168,36.870014],[-108.770166,36.870104],[-108.77039,36.870109],[-108.770388,36.870199],[-108.7705,36.870201],[-108.770497,36.870291],[-108.770385,36.870289],[-108.770382,36.870379],[-108.770719,36.870385],[-108.770721,36.870295],[-108.770946,36.870299],[-108.770948,36.870209],[-108.77106,36.870211],[-108.771063,36.870121],[-108.771175,36.870123],[-108.771178,36.870033],[-108.77129,36.870035],[-108.771293,36.869945],[-108.771405,36.869947],[-108.771407,36.869857],[-108.771632,36.869862],[-108.771629,36.869952],[-108.771741,36.869954],[-108.771744,36.869864],[-108.771856,36.869866],[-108.771853,36.869956],[-108.771965,36.869958],[-108.771971,36.869778],[-108.772195,36.869782],[-108.772192,36.869872],[-108.772304,36.869874],[-108.77231,36.869694],[-108.772197,36.869692],[-108.7722,36.869602],[-108.771976,36.869598],[-108.771978,36.869508],[-108.771866,36.869506],[-108.771872,36.869325],[-108.771535,36.869319],[-108.771527,36.869589],[-108.771303,36.869585],[-108.771306,36.869495],[-108.771418,36.869497],[-108.771426,36.869227],[-108.771313,36.869225],[-108.771308,36.869405],[-108.771196,36.869403],[-108.771193,36.869493],[-108.770857,36.869487],[-108.770854,36.869577],[-108.770967,36.869579],[-108.770964,36.869669],[-108.770628,36.869663],[-108.77063,36.869572],[-108.770406,36.869568],[-108.770408,36.869478],[-108.770184,36.869474],[-108.770187,36.869384],[-108.770299,36.869386],[-108.770312,36.868936],[-108.7702,36.868933],[-108.770203,36.868843],[-108.77009,36.868841],[-108.770088,36.868931],[-108.769976,36.868929],[-108.76997,36.869109],[-108.769858,36.869107],[-108.769856,36.869197],[-108.769407,36.869189],[-108.769404,36.869279],[-108.76918,36.869275],[-108.769178,36.869365],[-108.769065,36.869363],[-108.76906,36.869543],[-108.768948,36.869541],[-108.768945,36.869631],[-108.768833,36.869629],[-108.768831,36.869719],[-108.768494,36.869713],[-108.768489,36.869893],[-108.768377,36.869891],[-108.768369,36.870161],[-108.768257,36.870159],[-108.768262,36.869979],[-108.768038,36.869974],[-108.768035,36.870064],[-108.767923,36.870062],[-108.767926,36.869972],[-108.767814,36.86997],[-108.767808,36.87015],[-108.767584,36.870146],[-108.767587,36.870056],[-108.767475,36.870054],[-108.767472,36.870144],[-108.76736,36.870142],[-108.767357,36.870232],[-108.767245,36.87023],[-108.76725,36.87005],[-108.767138,36.870048],[-108.767146,36.869777],[-108.767034,36.869775],[-108.767042,36.869505],[-108.767154,36.869507],[-108.767156,36.869417],[-108.766932,36.869413],[-108.76693,36.869503],[-108.766705,36.869499],[-108.766708,36.869409],[-108.766596,36.869407],[-108.766593,36.869497],[-108.766481,36.869495],[-108.766484,36.869404],[-108.766035,36.869396],[-108.76603,36.869576],[-108.765806,36.869572],[-108.765795,36.869932],[-108.766019,36.869936],[-108.766022,36.869846],[-108.766807,36.869861],[-108.766802,36.870041],[-108.766914,36.870043],[-108.766909,36.870224],[-108.766796,36.870221],[-108.766794,36.870312],[-108.766682,36.870309],[-108.766684,36.870219],[-108.766348,36.870213],[-108.766345,36.870303],[-108.766233,36.870301],[-108.76623,36.870391],[-108.766118,36.870389],[-108.766116,36.870479],[-108.766004,36.870477],[-108.766001,36.870567],[-108.765889,36.870565],[-108.765886,36.870655],[-108.766335,36.870663],[-108.766337,36.870573],[-108.76645,36.870575],[-108.766452,36.870485],[-108.766676,36.87049],[-108.766679,36.870399],[-108.767128,36.870408],[-108.767125,36.870498],[-108.767461,36.870504],[-108.767464,36.870414],[-108.767688,36.870418],[-108.767694,36.870238],[-108.767918,36.870243],[-108.76792,36.870152],[-108.768145,36.870157],[-108.768137,36.870427],[-108.767913,36.870423],[-108.76791,36.870513],[-108.767798,36.870511],[-108.767795,36.870601],[-108.767683,36.870599],[-108.76768,36.870689],[-108.767568,36.870687],[-108.767566,36.870777],[-108.767454,36.870775],[-108.767451,36.870865],[-108.767227,36.87086],[-108.767224,36.870951],[-108.767112,36.870948],[-108.767104,36.871219],[-108.766768,36.871212],[-108.766765,36.871302],[-108.766653,36.8713],[-108.76665,36.87139],[-108.766538,36.871388],[-108.766535,36.871478],[-108.766311,36.871474],[-108.766306,36.871654],[-108.766194,36.871652],[-108.766191,36.871742],[-108.765967,36.871738],[-108.765964,36.871828],[-108.765852,36.871826],[-108.765849,36.871916],[-108.765737,36.871914],[-108.765735,36.872004],[-108.765623,36.872002],[-108.765625,36.871912],[-108.765513,36.87191],[-108.76551,36.872],[-108.765062,36.871991],[-108.765054,36.872262],[-108.765166,36.872264],[-108.765163,36.872354],[-108.765051,36.872352],[-108.765043,36.872622],[-108.764931,36.87262],[-108.764921,36.87298],[-108.765033,36.872982],[-108.765028,36.873162],[-108.76514,36.873164],[-108.765132,36.873435],[-108.765244,36.873437],[-108.765239,36.873617],[-108.765015,36.873613],[-108.765017,36.873523],[-108.764681,36.873516],[-108.764678,36.873606],[-108.764566,36.873604],[-108.764569,36.873514],[-108.764456,36.873512],[-108.764446,36.873872],[-108.764558,36.873875],[-108.76455,36.874145],[-108.764438,36.874143],[-108.764435,36.874233],[-108.764323,36.874231],[-108.764329,36.87405],[-108.764216,36.874048],[-108.764214,36.874138],[-108.764102,36.874136],[-108.764099,36.874226],[-108.763987,36.874224],[-108.763976,36.874585],[-108.763864,36.874583],[-108.763854,36.874943],[-108.763966,36.874945],[-108.763971,36.874765],[-108.764083,36.874767],[-108.764089,36.874587],[-108.764201,36.874589],[-108.764198,36.874679],[-108.764422,36.874683],[-108.764417,36.874863],[-108.764193,36.874859],[-108.76419,36.874949],[-108.764414,36.874953],[-108.764412,36.875043],[-108.764524,36.875046],[-108.764516,36.875316],[-108.764404,36.875314],[-108.764399,36.875494],[-108.764511,36.875496],[-108.764492,36.876126],[-108.76438,36.876124],[-108.764372,36.876395],[-108.764148,36.87639],[-108.764145,36.87648],[-108.764033,36.876478],[-108.764031,36.876568],[-108.763582,36.87656],[-108.763585,36.87647],[-108.763473,36.876468],[-108.76347,36.876558],[-108.763246,36.876554],[-108.763243,36.876644],[-108.763131,36.876642],[-108.763134,36.876552],[-108.762797,36.876545],[-108.7628,36.876455],[-108.762575,36.876451],[-108.762573,36.876541],[-108.762685,36.876543],[-108.762682,36.876633],[-108.762458,36.876629],[-108.762455,36.876719],[-108.762343,36.876717],[-108.762341,36.876807],[-108.762228,36.876805],[-108.762226,36.876895],[-108.762562,36.876901],[-108.762568,36.876721],[-108.76268,36.876723],[-108.762677,36.876813],[-108.762789,36.876815],[-108.762792,36.876725],[-108.763128,36.876732],[-108.76312,36.877002],[-108.763008,36.877],[-108.763003,36.87718],[-108.762891,36.877178],[-108.762888,36.877268],[-108.762776,36.877266],[-108.762773,36.877356],[-108.762661,36.877354],[-108.762659,36.877444],[-108.762546,36.877442],[-108.762544,36.877532],[-108.762432,36.87753],[-108.76244,36.877259],[-108.761991,36.877251],[-108.761988,36.877341],[-108.761876,36.877339],[-108.761871,36.877519],[-108.761535,36.877513],[-108.761532,36.877603],[-108.76142,36.877601],[-108.761417,36.877691],[-108.761305,36.877689],[-108.761302,36.877779],[-108.76119,36.877777],[-108.761188,36.877867],[-108.761075,36.877865],[-108.761073,36.877955],[-108.760961,36.877953],[-108.760937,36.878763],[-108.760825,36.878761],[-108.760822,36.878851],[-108.76071,36.878849],[-108.760707,36.878939],[-108.760932,36.878943],[-108.760929,36.879034],[-108.760817,36.879031],[-108.760814,36.879122],[-108.760702,36.879119],[-108.760705,36.879029],[-108.760593,36.879027],[-108.76059,36.879117],[-108.760141,36.879109],[-108.760136,36.879289],[-108.760024,36.879287],[-108.760021,36.879377],[-108.759909,36.879375],[-108.759904,36.879555],[-108.760016,36.879557],[-108.760011,36.879737],[-108.759786,36.879733],[-108.759784,36.879823],[-108.759896,36.879825],[-108.759888,36.880095],[-108.76,36.880098],[-108.759995,36.880278],[-108.760107,36.88028],[-108.760104,36.88037],[-108.760217,36.880372],[-108.760211,36.880552],[-108.760099,36.88055],[-108.760097,36.88064],[-108.759872,36.880636],[-108.75987,36.880726],[-108.759982,36.880728],[-108.759979,36.880818],[-108.759867,36.880816],[-108.759862,36.880996],[-108.759974,36.880998],[-108.759977,36.880908],[-108.760089,36.88091],[-108.760078,36.881271],[-108.76019,36.881273],[-108.76018,36.881633],[-108.760068,36.881631],[-108.760065,36.881721],[-108.759953,36.881719],[-108.759955,36.881629],[-108.759843,36.881627],[-108.759849,36.881447],[-108.759512,36.88144],[-108.759504,36.88171],[-108.75928,36.881706],[-108.759275,36.881886],[-108.759162,36.881884],[-108.75916,36.881974],[-108.759272,36.881976],[-108.759269,36.882067],[-108.759157,36.882064],[-108.759152,36.882245],[-108.75904,36.882242],[-108.759035,36.882423],[-108.758922,36.882421],[-108.758912,36.882781],[-108.7588,36.882779],[-108.758794,36.882959],[-108.758682,36.882957],[-108.758677,36.883137],[-108.757892,36.883122],[-108.757895,36.883032],[-108.757782,36.88303],[-108.757777,36.88321],[-108.757665,36.883208],[-108.757662,36.883298],[-108.75755,36.883296],[-108.757547,36.883386],[-108.757435,36.883384],[-108.757425,36.883744],[-108.757313,36.883742],[-108.757315,36.883652],[-108.757203,36.88365],[-108.757187,36.88419],[-108.757299,36.884192],[-108.757302,36.884102],[-108.757414,36.884104],[-108.75742,36.883924],[-108.757532,36.883926],[-108.757534,36.883836],[-108.757646,36.883838],[-108.757652,36.883658],[-108.757764,36.88366],[-108.757767,36.88357],[-108.757879,36.883572],[-108.757881,36.883482],[-108.757993,36.883485],[-108.757999,36.883304],[-108.758335,36.883311],[-108.758333,36.883401],[-108.758445,36.883403],[-108.758447,36.883313],[-108.758896,36.883321],[-108.758899,36.883231],[-108.758787,36.883229],[-108.758792,36.883049],[-108.758904,36.883051],[-108.758907,36.882961],[-108.759019,36.882963],[-108.759024,36.882783],[-108.759136,36.882785],[-108.759139,36.882695],[-108.759251,36.882697],[-108.759256,36.882517],[-108.759368,36.882519],[-108.759371,36.882429],[-108.759483,36.882431],[-108.759491,36.882161],[-108.759603,36.882163],[-108.759608,36.881983],[-108.759721,36.881985],[-108.759723,36.881895],[-108.76006,36.881901],[-108.760057,36.881991],[-108.759945,36.881989],[-108.759942,36.882079],[-108.75983,36.882077],[-108.759814,36.882618],[-108.760039,36.882622],[-108.760049,36.882262],[-108.760161,36.882264],[-108.760167,36.882083],[-108.760279,36.882086],[-108.760284,36.881905],[-108.760396,36.881908],[-108.760399,36.881817],[-108.760511,36.88182],[-108.760529,36.881189],[-108.760417,36.881187],[-108.76042,36.881097],[-108.760532,36.881099],[-108.760537,36.880919],[-108.760762,36.880923],[-108.760764,36.880833],[-108.760652,36.880831],[-108.760663,36.880471],[-108.76055,36.880468],[-108.760558,36.880198],[-108.760446,36.880196],[-108.760457,36.879836],[-108.760345,36.879834],[-108.760347,36.879744],[-108.760235,36.879741],[-108.760248,36.879291],[-108.76036,36.879293],[-108.760358,36.879383],[-108.76047,36.879385],[-108.760473,36.879295],[-108.760585,36.879297],[-108.760587,36.879207],[-108.760924,36.879214],[-108.760921,36.879304],[-108.761033,36.879306],[-108.761036,36.879216],[-108.76126,36.87922],[-108.761276,36.87868],[-108.761388,36.878682],[-108.761391,36.878592],[-108.761054,36.878585],[-108.761057,36.878495],[-108.761281,36.878499],[-108.761284,36.878409],[-108.761508,36.878414],[-108.761516,36.878143],[-108.761628,36.878145],[-108.761634,36.877965],[-108.761746,36.877967],[-108.761748,36.877877],[-108.76186,36.877879],[-108.761847,36.87833],[-108.762072,36.878334],[-108.762082,36.877974],[-108.762306,36.877978],[-108.762309,36.877888],[-108.762421,36.87789],[-108.762419,36.87798],[-108.763091,36.877993],[-108.763089,36.878083],[-108.763313,36.878087],[-108.763311,36.878177],[-108.763423,36.878179],[-108.76342,36.878269],[-108.763532,36.878271],[-108.763527,36.878452],[-108.763415,36.878449],[-108.763404,36.87881],[-108.763292,36.878808],[-108.763284,36.879078],[-108.763172,36.879076],[-108.763164,36.879346],[-108.763052,36.879344],[-108.763044,36.879614],[-108.762932,36.879612],[-108.762921,36.879972],[-108.762809,36.87997],[-108.762801,36.88024],[-108.762689,36.880238],[-108.762681,36.880509],[-108.762569,36.880506],[-108.762561,36.880777],[-108.762449,36.880775],[-108.762439,36.881135],[-108.762327,36.881133],[-108.7623,36.882034],[-108.762412,36.882036],[-108.762407,36.882216],[-108.762631,36.88222],[-108.76261,36.882941],[-108.762723,36.882943],[-108.762717,36.883123],[-108.762829,36.883125],[-108.762827,36.883215],[-108.762939,36.883217],[-108.762936,36.883307],[-108.763161,36.883312],[-108.763163,36.883221],[-108.763275,36.883224],[-108.763286,36.882863],[-108.763398,36.882865],[-108.763403,36.882685],[-108.763516,36.882687],[-108.76351,36.882868],[-108.763622,36.88287],[-108.76362,36.88296],[-108.763732,36.882962],[-108.763727,36.883142],[-108.763839,36.883144],[-108.763826,36.883594],[-108.763601,36.88359],[-108.763604,36.8835],[-108.763155,36.883492],[-108.763153,36.883582],[-108.763041,36.88358],[-108.763038,36.88367],[-108.762926,36.883668],[-108.762923,36.883758],[-108.762699,36.883753],[-108.762696,36.883844],[-108.762472,36.883839],[-108.762475,36.883749],[-108.76225,36.883745],[-108.762256,36.883565],[-108.762143,36.883563],[-108.762154,36.883202],[-108.762042,36.8832],[-108.762047,36.88302],[-108.761935,36.883018],[-108.761937,36.882928],[-108.761825,36.882926],[-108.761828,36.882836],[-108.761716,36.882834],[-108.761721,36.882654],[-108.761497,36.882649],[-108.761499,36.882559],[-108.761387,36.882557],[-108.76139,36.882467],[-108.761166,36.882463],[-108.76115,36.883003],[-108.761262,36.883005],[-108.761254,36.883276],[-108.761366,36.883278],[-108.761364,36.883368],[-108.761476,36.88337],[-108.761473,36.88346],[-108.76181,36.883466],[-108.761804,36.883647],[-108.761916,36.883649],[-108.761911,36.883829],[-108.761799,36.883827],[-108.761794,36.884007],[-108.761682,36.884005],[-108.761679,36.884095],[-108.761903,36.884099],[-108.761901,36.884189],[-108.762125,36.884193],[-108.762122,36.884283],[-108.762459,36.88429],[-108.762456,36.88438],[-108.763017,36.88439],[-108.763014,36.88448],[-108.763127,36.884483]],[[-108.763441,36.877549],[-108.763329,36.877547],[-108.763332,36.877457],[-108.763219,36.877454],[-108.763222,36.877364],[-108.763334,36.877366],[-108.763339,36.877186],[-108.763452,36.877188],[-108.763457,36.877008],[-108.763345,36.877006],[-108.76335,36.876826],[-108.763574,36.87683],[-108.763577,36.87674],[-108.763689,36.876742],[-108.763686,36.876832],[-108.764023,36.876839],[-108.764025,36.876749],[-108.764362,36.876755],[-108.764357,36.876935],[-108.764132,36.876931],[-108.76413,36.877021],[-108.764018,36.877019],[-108.76402,36.876929],[-108.763796,36.876925],[-108.763793,36.877015],[-108.763681,36.877012],[-108.763673,36.877283],[-108.763561,36.877281],[-108.763556,36.877461],[-108.763444,36.877459],[-108.763441,36.877549]],[[-108.764811,36.876763],[-108.764586,36.876759],[-108.764602,36.876219],[-108.764714,36.876221],[-108.764717,36.876131],[-108.764605,36.876129],[-108.764607,36.876039],[-108.764719,36.876041],[-108.764727,36.87577],[-108.764952,36.875775],[-108.764949,36.875865],[-108.764837,36.875863],[-108.764834,36.875953],[-108.764946,36.875955],[-108.764941,36.876135],[-108.765053,36.876137],[-108.765043,36.876497],[-108.764931,36.876495],[-108.764928,36.876585],[-108.764816,36.876583],[-108.764811,36.876763]],[[-108.764957,36.875594],[-108.764845,36.875592],[-108.764866,36.874872],[-108.764978,36.874874],[-108.764962,36.875414],[-108.765074,36.875416],[-108.765072,36.875506],[-108.764959,36.875504],[-108.764957,36.875594]]]},"properties":{"src":"truth"}},{"type":"Feature","geometry":{"type":"Polygon","coordinates":[[[-108.817969,36.885683],[-108.817972,36.885593],[-108.817523,36.885585],[-108.817526,36.885495],[-108.817862,36.885501],[-108.817865,36.885411],[-108.818089,36.885415],[-108.818092,36.885325],[-108.818204,36.885327],[-108.818201,36.885417],[-108.818538,36.885423],[-108.818535,36.885513],[-108.81876,36.885517],[-108.818762,36.885427],[-108.818874,36.885429],[-108.818872,36.885519],[-108.819096,36.885523],[-108.819099,36.885433],[-108.818986,36.885431],[-108.818989,36.885341],[-108.819213,36.885345],[-108.819211,36.885435],[-108.819323,36.885437],[-108.819328,36.885257],[-108.81944,36.885259],[-108.819438,36.885349],[-108.81955,36.885352],[-108.819565,36.884811],[-108.819341,36.884807],[-108.819338,36.884897],[-108.818665,36.884885],[-108.818663,36.884975],[-108.818102,36.884964],[-108.818105,36.884874],[-108.817656,36.884866],[-108.817653,36.884956],[-108.817541,36.884954],[-108.817544,36.884864],[-108.817207,36.884858],[-108.81721,36.884768],[-108.817098,36.884766],[-108.8171,36.884676],[-108.816876,36.884671],[-108.816878,36.884581],[-108.816766,36.884579],[-108.816769,36.884489],[-108.816657,36.884487],[-108.816659,36.884397],[-108.816547,36.884395],[-108.81655,36.884305],[-108.816662,36.884307],[-108.816664,36.884217],[-108.817225,36.884227],[-108.817228,36.884137],[-108.81734,36.884139],[-108.817337,36.884229],[-108.81745,36.884231],[-108.817447,36.884321],[-108.817559,36.884324],[-108.817562,36.884233],[-108.817898,36.88424],[-108.817901,36.88415],[-108.818686,36.884164],[-108.818688,36.884074],[-108.818913,36.884078],[-108.818915,36.883988],[-108.819588,36.884],[-108.819617,36.883009],[-108.819504,36.883007],[-108.819502,36.883097],[-108.81939,36.883095],[-108.819392,36.883005],[-108.81928,36.883003],[-108.819283,36.882913],[-108.81917,36.882911],[-108.819168,36.883001],[-108.818944,36.882997],[-108.818949,36.882817],[-108.819061,36.882819],[-108.819063,36.882729],[-108.819624,36.882739],[-108.81967,36.881118],[-108.819558,36.881116],[-108.819561,36.881026],[-108.819449,36.881024],[-108.819451,36.880933],[-108.819227,36.880929],[-108.819229,36.880839],[-108.818669,36.880829],[-108.818671,36.880739],[-108.81811,36.880729],[-108.818113,36.880638],[-108.81901,36.880655],[-108.819013,36.880565],[-108.818901,36.880563],[-108.818906,36.880383],[-108.818794,36.880381],[-108.818799,36.8802],[-108.818574,36.880196],[-108.818579,36.880016],[-108.818467,36.880014],[-108.818472,36.879834],[-108.81836,36.879832],[-108.818363,36.879742],[-108.818251,36.87974],[-108.818253,36.87965],[-108.818141,36.879648],[-108.818144,36.879558],[-108.817695,36.879549],[-108.817698,36.879459],[-108.817473,36.879455],[-108.817476,36.879365],[-108.816803,36.879353],[-108.8168,36.879443],[-108.816464,36.879437],[-108.816461,36.879527],[-108.816237,36.879522],[-108.816234,36.879613],[-108.816122,36.87961],[-108.81612,36.879701],[-108.816008,36.879699],[-108.816005,36.879789],[-108.815781,36.879784],[-108.815778,36.879875],[-108.815666,36.879872],[-108.815663,36.879963],[-108.815551,36.879961],[-108.815549,36.880051],[-108.815324,36.880046],[-108.815322,36.880137],[-108.81521,36.880134],[-108.815204,36.880315],[-108.815317,36.880317],[-108.815319,36.880227],[-108.81588,36.880237],[-108.815877,36.880327],[-108.81599,36.880329],[-108.815987,36.880419],[-108.815875,36.880417],[-108.81587,36.880597],[-108.815645,36.880593],[-108.815648,36.880503],[-108.815424,36.880499],[-108.815421,36.880589],[-108.814636,36.880575],[-108.814631,36.880755],[-108.814519,36.880753],[-108.814524,36.880572],[-108.814075,36.880564],[-108.814073,36.880654],[-108.81396,36.880652],[-108.813963,36.880562],[-108.813851,36.88056],[-108.813848,36.88065],[-108.813288,36.88064],[-108.813285,36.88073],[-108.813061,36.880726],[-108.813063,36.880636],[-108.812951,36.880634],[-108.812948,36.880724],[-108.811715,36.880701],[-108.811717,36.880611],[-108.811493,36.880607],[-108.811496,36.880517],[-108.811271,36.880513],[-108.811274,36.880423],[-108.811162,36.88042],[-108.811167,36.88024],[-108.811055,36.880238],[-108.811057,36.880148],[-108.810945,36.880146],[-108.810948,36.880056],[-108.810723,36.880052],[-108.810726,36.879962],[-108.810502,36.879958],[-108.810499,36.880048],[-108.810275,36.880044],[-108.810272,36.880134],[-108.809711,36.880123],[-108.809709,36.880213],[-108.809484,36.880209],[-108.809487,36.880119],[-108.809151,36.880113],[-108.809153,36.880023],[-108.808929,36.880019],[-108.808931,36.879929],[-108.808819,36.879927],[-108.808822,36.879837],[-108.808597,36.879832],[-108.8086,36.879742],[-108.808488,36.87974],[-108.80849,36.87965],[-108.808378,36.879648],[-108.808381,36.879558],[-108.808157,36.879554],[-108.808159,36.879464],[-108.808047,36.879462],[-108.80805,36.879372],[-108.807937,36.87937],[-108.80794,36.87928],[-108.807828,36.879277],[-108.807833,36.879097],[-108.807721,36.879095],[-108.807729,36.878825],[-108.807504,36.878821],[-108.807515,36.878461],[-108.807402,36.878458],[-108.80741,36.878188],[-108.807298,36.878186],[-108.807301,36.878096],[-108.807188,36.878094],[-108.807191,36.878004],[-108.807079,36.878002],[-108.807084,36.877822],[-108.80686,36.877818],[-108.806862,36.877727],[-108.80675,36.877725],[-108.806753,36.877635],[-108.80664,36.877633],[-108.806643,36.877543],[-108.805858,36.877529],[-108.805855,36.877619],[-108.805519,36.877613],[-108.805516,36.877703],[-108.805292,36.877698],[-108.805289,36.877789],[-108.805177,36.877786],[-108.805175,36.877877],[-108.80495,36.877872],[-108.804948,36.877962],[-108.804836,36.87796],[-108.804838,36.87787],[-108.804726,36.877868],[-108.804724,36.877958],[-108.804611,36.877956],[-108.804614,36.877866],[-108.80439,36.877862],[-108.804392,36.877772],[-108.804168,36.877768],[-108.804171,36.877678],[-108.803946,36.877674],[-108.803951,36.877493],[-108.803839,36.877491],[-108.803844,36.877311],[-108.803732,36.877309],[-108.803743,36.876949],[-108.80363,36.876947],[-108.803641,36.876586],[-108.803529,36.876584],[-108.803531,36.876494],[-108.803419,36.876492],[-108.803422,36.876402],[-108.803309,36.8764],[-108.803312,36.87631],[-108.803088,36.876306],[-108.80309,36.876216],[-108.802978,36.876214],[-108.802981,36.876124],[-108.802869,36.876121],[-108.802871,36.876031],[-108.802647,36.876027],[-108.802652,36.875847],[-108.80254,36.875845],[-108.802542,36.875755],[-108.80243,36.875753],[-108.802433,36.875663],[-108.802321,36.875661],[-108.802323,36.875571],[-108.802099,36.875566],[-108.802104,36.875386],[-108.801992,36.875384],[-108.801995,36.875294],[-108.80177,36.87529],[-108.801778,36.87502],[-108.801666,36.875018],[-108.801668,36.874928],[-108.801556,36.874926],[-108.801561,36.874745],[-108.801449,36.874743],[-108.801447,36.874833],[-108.801335,36.874831],[-108.801342,36.874561],[-108.80123,36.874559],[-108.801235,36.874379],[-108.801011,36.874375],[-108.801019,36.874104],[-108.800907,36.874102],[-108.800909,36.874012],[-108.800797,36.87401],[-108.800795,36.8741],[-108.800682,36.874098],[-108.80069,36.873828],[-108.800578,36.873826],[-108.800583,36.873646],[-108.800359,36.873642],[-108.800361,36.873552],[-108.800137,36.873547],[-108.800135,36.873637],[-108.800022,36.873635],[-108.800015,36.873906],[-108.799903,36.873904],[-108.799908,36.873723],[-108.799796,36.873721],[-108.799793,36.873811],[-108.799681,36.873809],[-108.799683,36.873719],[-108.799571,36.873717],[-108.799582,36.873357],[-108.799694,36.873359],[-108.799696,36.873269],[-108.799584,36.873267],[-108.799587,36.873177],[-108.799699,36.873179],[-108.799704,36.872999],[-108.799592,36.872997],[-108.799594,36.872906],[-108.799482,36.872904],[-108.799488,36.872724],[-108.799263,36.87272],[-108.799268,36.87254],[-108.799156,36.872538],[-108.799159,36.872448],[-108.799047,36.872446],[-108.799049,36.872356],[-108.798825,36.872351],[-108.798828,36.872261],[-108.798715,36.872259],[-108.798718,36.872169],[-108.798494,36.872165],[-108.798489,36.872345],[-108.798376,36.872343],[-108.798374,36.872433],[-108.798486,36.872435],[-108.798483,36.872525],[-108.798596,36.872527],[-108.798593,36.872617],[-108.798481,36.872615],[-108.798476,36.872796],[-108.7987,36.8728],[-108.798697,36.87289],[-108.798585,36.872888],[-108.798583,36.872978],[-108.798358,36.872974],[-108.798363,36.872793],[-108.798251,36.872791],[-108.798256,36.872611],[-108.798144,36.872609],[-108.798147,36.872519],[-108.797811,36.872513],[-108.797813,36.872423],[-108.797701,36.872421],[-108.797704,36.872331],[-108.797591,36.872329],[-108.797597,36.872148],[-108.797484,36.872146],[-108.797487,36.872056],[-108.797599,36.872058],[-108.797602,36.871968],[-108.797826,36.871972],[-108.797829,36.871882],[-108.797492,36.871876],[-108.797495,36.871786],[-108.79727,36.871782],[-108.797273,36.871692],[-108.797161,36.87169],[-108.797164,36.8716],[-108.796939,36.871595],[-108.796942,36.871505],[-108.795933,36.871487],[-108.795935,36.871397],[-108.795374,36.871386],[-108.795377,36.871296],[-108.794928,36.871288],[-108.794926,36.871378],[-108.794253,36.871365],[-108.794256,36.871275],[-108.793583,36.871263],[-108.79358,36.871353],[-108.792907,36.87134],[-108.79291,36.87125],[-108.791564,36.871225],[-108.791561,36.871315],[-108.791337,36.871311],[-108.79134,36.871221],[-108.790331,36.871202],[-108.790333,36.871112],[-108.789885,36.871104],[-108.789887,36.871014],[-108.789439,36.871005],[-108.789441,36.870915],[-108.788993,36.870907],[-108.788995,36.870817],[-108.788659,36.870811],[-108.788661,36.870721],[-108.788325,36.870714],[-108.788328,36.870624],[-108.787991,36.870618],[-108.787994,36.870528],[-108.787545,36.87052],[-108.787548,36.870429],[-108.787211,36.870423],[-108.787214,36.870333],[-108.787102,36.870331],[-108.787104,36.870241],[-108.786768,36.870235],[-108.786771,36.870145],[-108.786546,36.87014],[-108.786549,36.87005],[-108.786437,36.870048],[-108.786439,36.869958],[-108.786215,36.869954],[-108.786218,36.869864],[-108.785993,36.86986],[-108.785996,36.86977],[-108.785884,36.869768],[-108.785886,36.869678],[-108.78555,36.869671],[-108.785553,36.869581],[-108.78544,36.869579],[-108.785443,36.869489],[-108.785107,36.869483],[-108.785109,36.869393],[-108.784997,36.869391],[-108.785,36.8693],[-108.784775,36.869296],[-108.784778,36.869206],[-108.784666,36.869204],[-108.784663,36.869294],[-108.784215,36.869286],[-108.784217,36.869196],[-108.783881,36.869189],[-108.783883,36.869099],[-108.783547,36.869093],[-108.78355,36.869003],[-108.783101,36.868995],[-108.783099,36.869085],[-108.783323,36.869089],[-108.78332,36.869179],[-108.783432,36.869181],[-108.78343,36.869271],[-108.783654,36.869275],[-108.783651,36.869365],[-108.783876,36.86937],[-108.783873,36.86946],[-108.783985,36.869462],[-108.783983,36.869552],[-108.784207,36.869556],[-108.784202,36.869736],[-108.784426,36.86974],[-108.784423,36.86983],[-108.784648,36.869835],[-108.784645,36.869925],[-108.784757,36.869927],[-108.784755,36.870017],[-108.784979,36.870021],[-108.784976,36.870111],[-108.785088,36.870113],[-108.785083,36.870293],[-108.785195,36.870296],[-108.785193,36.870386],[-108.785305,36.870388],[-108.785302,36.870478],[-108.785527,36.870482],[-108.785521,36.870662],[-108.785634,36.870664],[-108.785631,36.870754],[-108.785743,36.870756],[-108.785738,36.870937],[-108.78585,36.870939],[-108.785847,36.871029],[-108.785735,36.871027],[-108.785733,36.871117],[-108.786181,36.871125],[-108.786176,36.871305],[-108.786288,36.871307],[-108.786286,36.871397],[-108.786398,36.871399],[-108.786403,36.871219],[-108.786515,36.871221],[-108.78651,36.871402],[-108.786622,36.871404],[-108.786619,36.871494],[-108.786732,36.871496],[-108.786729,36.871586],[-108.786841,36.871588],[-108.786836,36.871768],[-108.786948,36.87177],[-108.786943,36.87195],[-108.787055,36.871952],[-108.787052,36.872043],[-108.787165,36.872045],[-108.787162,36.872135],[-108.787274,36.872137],[-108.787271,36.872227],[-108.787384,36.872229],[-108.787376,36.872499],[-108.787488,36.872501],[-108.787485,36.872591],[-108.787373,36.872589],[-108.787371,36.872679],[-108.787258,36.872677],[-108.787256,36.872767],[-108.787032,36.872763],[-108.787029,36.872853],[-108.786356,36.872841],[-108.786359,36.872751],[-108.786247,36.872749],[-108.786249,36.872658],[-108.786025,36.872654],[-108.78603,36.872474],[-108.785918,36.872472],[-108.785921,36.872382],[-108.785808,36.87238],[-108.785811,36.87229],[-108.785699,36.872288],[-108.785707,36.872017],[-108.785594,36.872015],[-108.7856,36.871835],[-108.785488,36.871833],[-108.78549,36.871743],[-108.785378,36.871741],[-108.785383,36.871561],[-108.785271,36.871559],[-108.785274,36.871469],[-108.785162,36.871467],[-108.785164,36.871376],[-108.78494,36.871372],[-108.784932,36.871643],[-108.785156,36.871647],[-108.785151,36.871827],[-108.785263,36.871829],[-108.785261,36.871919],[-108.785373,36.871921],[-108.785368,36.872101],[-108.785143,36.872097],[-108.785141,36.872187],[-108.785253,36.872189],[-108.78525,36.872279],[-108.785362,36.872281],[-108.785365,36.872191],[-108.785477,36.872193],[-108.785475,36.872284],[-108.785587,36.872286],[-108.785581,36.872466],[-108.785694,36.872468],[-108.785688,36.872648],[-108.785801,36.87265],[-108.785803,36.87256],[-108.785915,36.872562],[-108.78591,36.872742],[-108.785462,36.872734],[-108.785464,36.872644],[-108.785352,36.872642],[-108.785355,36.872552],[-108.785018,36.872545],[-108.785021,36.872455],[-108.784909,36.872453],[-108.784906,36.872543],[-108.784794,36.872541],[-108.784796,36.872451],[-108.78446,36.872445],[-108.784463,36.872355],[-108.78435,36.872353],[-108.784353,36.872263],[-108.784241,36.872261],[-108.784238,36.872351],[-108.783565,36.872338],[-108.78356,36.872518],[-108.783336,36.872514],[-108.783333,36.872604],[-108.783221,36.872602],[-108.783224,36.872512],[-108.783112,36.87251],[-108.783117,36.87233],[-108.78278,36.872323],[-108.782783,36.872233],[-108.782335,36.872225],[-108.782332,36.872315],[-108.782108,36.872311],[-108.782105,36.872401],[-108.781993,36.872399],[-108.78199,36.872489],[-108.781878,36.872487],[-108.781876,36.872577],[-108.781763,36.872575],[-108.781761,36.872665],[-108.781649,36.872663],[-108.781646,36.872753],[-108.781534,36.872751],[-108.781531,36.872841],[-108.781419,36.872839],[-108.781416,36.872929],[-108.781304,36.872927],[-108.781302,36.873017],[-108.781077,36.873013],[-108.781075,36.873103],[-108.780963,36.873101],[-108.78096,36.873191],[-108.780736,36.873186],[-108.780733,36.873277],[-108.780509,36.873272],[-108.780506,36.873362],[-108.780282,36.873358],[-108.780279,36.873448],[-108.780167,36.873446],[-108.780165,36.873536],[-108.780053,36.873534],[-108.78005,36.873624],[-108.779826,36.87362],[-108.779823,36.87371],[-108.779711,36.873708],[-108.779708,36.873798],[-108.779596,36.873796],[-108.779593,36.873886],[-108.779481,36.873884],[-108.779479,36.873974],[-108.779367,36.873972],[-108.779364,36.874062],[-108.779252,36.87406],[-108.779249,36.87415],[-108.779137,36.874148],[-108.779134,36.874238],[-108.779022,36.874236],[-108.77902,36.874326],[-108.778795,36.874322],[-108.778793,36.874412],[-108.778681,36.87441],[-108.778678,36.8745],[-108.778566,36.874498],[-108.778563,36.874588],[-108.778451,36.874586],[-108.778449,36.874676],[-108.778336,36.874674],[-108.778334,36.874764],[-108.778222,36.874762],[-108.778214,36.875032],[-108.778102,36.87503],[-108.778096,36.87521],[-108.778433,36.875216],[-108.778435,36.875126],[-108.778548,36.875128],[-108.77855,36.875038],[-108.778662,36.87504],[-108.778665,36.87495],[-108.778777,36.874952],[-108.77878,36.874862],[-108.778892,36.874864],[-108.778895,36.874774],[-108.779007,36.874776],[-108.779009,36.874686],[-108.779121,36.874688],[-108.779124,36.874598],[-108.779236,36.874601],[-108.779239,36.87451],[-108.779351,36.874513],[-108.779354,36.874422],[-108.779466,36.874425],[-108.779468,36.874334],[-108.77958,36.874337],[-108.779583,36.874246],[-108.779695,36.874249],[-108.779698,36.874158],[-108.77981,36.874161],[-108.779813,36.874071],[-108.779925,36.874073],[-108.779927,36.873983],[-108.780039,36.873985],[-108.780042,36.873895],[-108.780154,36.873897],[-108.780157,36.873807],[-108.780381,36.873811],[-108.780384,36.873721],[-108.780496,36.873723],[-108.780498,36.873633],[-108.780723,36.873637],[-108.780725,36.873547],[-108.781174,36.873555],[-108.781177,36.873465],[-108.781401,36.873469],[-108.781403,36.873379],[-108.78174,36.873386],[-108.781743,36.873295],[-108.781967,36.8733],[-108.781969,36.87321],[-108.782082,36.873212],[-108.782084,36.873122],[-108.782308,36.873126],[-108.782311,36.873036],[-108.78276,36.873044],[-108.782762,36.872954],[-108.782987,36.872958],[-108.782984,36.873048],[-108.783208,36.873052],[-108.783206,36.873142],[-108.783318,36.873145],[-108.783315,36.873235],[-108.783427,36.873237],[-108.783425,36.873327],[-108.783537,36.873329],[-108.783534,36.873419],[-108.783646,36.873421],[-108.783644,36.873511],[-108.783756,36.873513],[-108.783748,36.873783],[-108.783636,36.873781],[-108.783631,36.873962],[-108.783519,36.873959],[-108.783513,36.87414],[-108.783289,36.874135],[-108.783287,36.874226],[-108.783174,36.874223],[-108.783172,36.874314],[-108.78306,36.874311],[-108.783057,36.874401],[-108.782945,36.874399],[-108.78294,36.87458],[-108.782828,36.874577],[-108.782825,36.874668],[-108.782488,36.874661],[-108.782491,36.874571],[-108.782267,36.874567],[-108.782262,36.874747],[-108.782486,36.874751],[-108.782481,36.874931],[-108.782368,36.874929],[-108.782366,36.875019],[-108.782254,36.875017],[-108.782249,36.875198],[-108.782136,36.875195],[-108.782131,36.875376],[-108.782019,36.875374],[-108.782022,36.875283],[-108.781685,36.875277],[-108.781683,36.875367],[-108.78157,36.875365],[-108.781565,36.875545],[-108.781902,36.875552],[-108.781896,36.875732],[-108.782233,36.875738],[-108.782235,36.875648],[-108.782348,36.87565],[-108.782353,36.87547],[-108.782465,36.875472],[-108.78247,36.875292],[-108.782582,36.875294],[-108.782588,36.875114],[-108.7827,36.875116],[-108.782702,36.875026],[-108.782814,36.875028],[-108.782817,36.874938],[-108.782929,36.87494],[-108.782932,36.87485],[-108.783044,36.874852],[-108.783047,36.874762],[-108.783159,36.874764],[-108.783161,36.874674],[-108.783273,36.874676],[-108.783279,36.874496],[-108.783391,36.874498],[-108.783393,36.874408],[-108.783506,36.87441],[-108.783508,36.87432],[-108.783732,36.874324],[-108.783735,36.874234],[-108.783847,36.874236],[-108.78385,36.874146],[-108.783962,36.874148],[-108.783965,36.874058],[-108.784077,36.87406],[-108.784079,36.87397],[-108.784191,36.873972],[-108.784194,36.873882],[-108.784306,36.873884],[-108.784309,36.873794],[-108.784197,36.873792],[-108.784207,36.873432],[-108.784319,36.873434],[-108.784317,36.873524],[-108.784429,36.873526],[-108.784434,36.873346],[-108.784546,36.873348],[-108.784551,36.873168],[-108.784664,36.87317],[-108.784671,36.872899],[-108.784783,36.872902],[-108.784778,36.873082],[-108.785227,36.87309],[-108.785222,36.87327],[-108.784997,36.873266],[-108.784995,36.873356],[-108.784883,36.873354],[-108.78488,36.873444],[-108.784992,36.873446],[-108.78499,36.873536],[-108.785102,36.873538],[-108.785096,36.873719],[-108.785209,36.873721],[-108.785211,36.873631],[-108.785436,36.873635],[-108.785438,36.873545],[-108.78555,36.873547],[-108.785553,36.873457],[-108.785889,36.873463],[-108.785892,36.873373],[-108.786004,36.873375],[-108.786007,36.873285],[-108.786231,36.873289],[-108.786234,36.873199],[-108.786346,36.873201],[-108.786338,36.873471],[-108.78645,36.873473],[-108.786447,36.873563],[-108.786335,36.873561],[-108.78633,36.873742],[-108.786218,36.873739],[-108.786215,36.87383],[-108.786103,36.873827],[-108.786098,36.874008],[-108.785986,36.874005],[-108.785983,36.874096],[-108.785871,36.874093],[-108.785866,36.874274],[-108.785642,36.874269],[-108.785639,36.87436],[-108.785527,36.874357],[-108.785524,36.874448],[-108.785636,36.87445],[-108.785634,36.87454],[-108.785858,36.874544],[-108.785861,36.874454],[-108.786085,36.874458],[-108.786088,36.874368],[-108.7862,36.87437],[-108.786208,36.8741],[-108.78632,36.874102],[-108.786325,36.873922],[-108.786437,36.873924],[-108.78644,36.873834],[-108.786664,36.873838],[-108.786674,36.873478],[-108.786786,36.87348],[-108.786789,36.87339],[-108.786677,36.873387],[-108.78668,36.873297],[-108.786904,36.873302],[-108.786906,36.873211],[-108.787019,36.873214],[-108.787021,36.873123],[-108.787133,36.873126],[-108.787136,36.873036],[-108.787248,36.873038],[-108.787251,36.872948],[-108.787587,36.872954],[-108.787584,36.873044],[-108.787697,36.873046],[-108.787694,36.873136],[-108.787918,36.87314],[-108.787916,36.87323],[-108.787691,36.873226],[-108.787686,36.873406],[-108.787798,36.873408],[-108.787793,36.873589],[-108.787905,36.873591],[-108.787898,36.873861],[-108.788122,36.873865],[-108.788114,36.874135],[-108.78845,36.874142],[-108.788448,36.874232],[-108.788336,36.87423],[-108.788328,36.8745],[-108.78844,36.874502],[-108.788443,36.874412],[-108.788555,36.874414],[-108.788552,36.874504],[-108.788777,36.874508],[-108.788774,36.874598],[-108.788662,36.874596],[-108.788659,36.874686],[-108.788771,36.874688],[-108.788764,36.874958],[-108.788988,36.874963],[-108.788977,36.875323],[-108.788865,36.875321],[-108.788863,36.875411],[-108.788751,36.875409],[-108.788748,36.875499],[-108.788636,36.875497],[-108.788631,36.875677],[-108.788518,36.875675],[-108.788516,36.875765],[-108.788628,36.875767],[-108.788625,36.875857],[-108.788513,36.875855],[-108.788511,36.875945],[-108.788399,36.875943],[-108.788396,36.876033],[-108.788284,36.876031],[-108.788281,36.876121],[-108.788169,36.876119],[-108.788166,36.876209],[-108.788054,36.876207],[-108.788052,36.876297],[-108.78794,36.876295],[-108.787934,36.876475],[-108.787822,36.876473],[-108.78782,36.876563],[-108.787371,36.876555],[-108.787353,36.877185],[-108.787241,36.877183],[-108.787238,36.877273],[-108.787126,36.877271],[-108.787121,36.877451],[-108.787009,36.877449],[-108.787006,36.877539],[-108.786782,36.877535],[-108.786776,36.877715],[-108.786664,36.877713],[-108.786651,36.878164],[-108.786763,36.878166],[-108.786761,36.878256],[-108.786649,36.878254],[-108.786646,36.878344],[-108.786534,36.878342],[-108.786531,36.878432],[-108.786756,36.878436],[-108.786753,36.878526],[-108.786865,36.878528],[-108.786873,36.878258],[-108.786985,36.87826],[-108.78699,36.87808],[-108.786878,36.878078],[-108.786889,36.877718],[-108.787001,36.87772],[-108.787003,36.87763],[-108.787115,36.877632],[-108.787118,36.877542],[-108.787342,36.877546],[-108.78735,36.877275],[-108.787462,36.877278],[-108.787473,36.876917],[-108.787585,36.876919],[-108.78759,36.876739],[-108.788151,36.87675],[-108.788153,36.87666],[-108.788266,36.876662],[-108.788271,36.876481],[-108.788607,36.876488],[-108.78861,36.876398],[-108.788722,36.8764],[-108.788727,36.87622],[-108.788615,36.876218],[-108.788618,36.876127],[-108.78873,36.87613],[-108.788735,36.875949],[-108.788847,36.875951],[-108.788852,36.875771],[-108.788964,36.875773],[-108.78897,36.875593],[-108.789194,36.875597],[-108.789189,36.875778],[-108.789301,36.87578],[-108.789298,36.87587],[-108.78941,36.875872],[-108.789405,36.876052],[-108.789517,36.876054],[-108.789512,36.876234],[-108.789624,36.876236],[-108.789619,36.876416],[-108.789731,36.876419],[-108.789729,36.876509],[-108.789841,36.876511],[-108.789836,36.876691],[-108.79006,36.876695],[-108.790052,36.876965],[-108.790164,36.876967],[-108.790154,36.877328],[-108.790266,36.87733],[-108.790264,36.87742],[-108.790039,36.877416],[-108.790034,36.877596],[-108.789249,36.877581],[-108.789246,36.877671],[-108.789134,36.877669],[-108.789137,36.877579],[-108.788688,36.877571],[-108.788686,36.877661],[-108.788573,36.877659],[-108.788571,36.877749],[-108.788459,36.877747],[-108.788451,36.878017],[-108.788339,36.878015],[-108.788334,36.878195],[-108.788221,36.878193],[-108.788211,36.878553],[-108.788099,36.878551],[-108.788096,36.878641],[-108.788545,36.87865],[-108.788542,36.87874],[-108.788991,36.878748],[-108.788988,36.878838],[-108.789437,36.878846],[-108.789434,36.878937],[-108.789546,36.878939],[-108.789549,36.878849],[-108.789661,36.878851],[-108.789666,36.878671],[-108.789779,36.878673],[-108.789784,36.878492],[-108.789672,36.87849],[-108.789674,36.8784],[-108.789899,36.878404],[-108.789901,36.878314],[-108.790013,36.878316],[-108.790008,36.878497],[-108.79012,36.878499],[-108.790118,36.878589],[-108.79023,36.878591],[-108.790232,36.878501],[-108.790457,36.878505],[-108.79047,36.878055],[-108.790582,36.878057],[-108.790584,36.877967],[-108.790697,36.877969],[-108.790694,36.878059],[-108.79103,36.878065],[-108.791028,36.878155],[-108.790804,36.878151],[-108.790801,36.878241],[-108.791025,36.878245],[-108.791023,36.878335],[-108.790798,36.878331],[-108.790793,36.878511],[-108.790905,36.878513],[-108.790903,36.878603],[-108.790791,36.878601],[-108.790783,36.878872],[-108.790558,36.878867],[-108.790553,36.879048],[-108.790665,36.87905],[-108.790668,36.87896],[-108.791117,36.878968],[-108.791122,36.878788],[-108.791346,36.878792],[-108.791351,36.878612],[-108.791463,36.878614],[-108.791456,36.878884],[-108.791568,36.878886],[-108.791578,36.878526],[-108.791466,36.878524],[-108.791474,36.878253],[-108.791586,36.878256],[-108.791583,36.878346],[-108.791696,36.878348],[-108.791685,36.878708],[-108.791909,36.878712],[-108.791904,36.878892],[-108.791792,36.87889],[-108.79179,36.87898],[-108.791902,36.878982],[-108.791899,36.879073],[-108.791787,36.87907],[-108.791784,36.879161],[-108.791897,36.879163],[-108.791894,36.879253],[-108.791782,36.879251],[-108.791777,36.879431],[-108.791664,36.879429],[-108.791662,36.879519],[-108.791774,36.879521],[-108.791769,36.879701],[-108.791881,36.879703],[-108.791876,36.879883],[-108.791988,36.879885],[-108.791983,36.880065],[-108.792095,36.880068],[-108.792087,36.880338],[-108.792311,36.880342],[-108.792309,36.880432],[-108.792533,36.880436],[-108.792531,36.880526],[-108.792755,36.88053],[-108.792757,36.88044],[-108.79287,36.880442],[-108.792872,36.880352],[-108.79276,36.88035],[-108.792763,36.88026],[-108.79265,36.880258],[-108.792648,36.880348],[-108.792536,36.880346],[-108.792538,36.880256],[-108.792426,36.880254],[-108.792431,36.880074],[-108.792544,36.880076],[-108.792551,36.879806],[-108.792439,36.879804],[-108.792437,36.879894],[-108.792324,36.879892],[-108.792332,36.879621],[-108.79222,36.879619],[-108.792225,36.879439],[-108.792113,36.879437],[-108.792118,36.879257],[-108.792006,36.879255],[-108.792009,36.879165],[-108.792121,36.879167],[-108.792123,36.879077],[-108.792011,36.879075],[-108.792016,36.878894],[-108.792129,36.878897],[-108.792136,36.878626],[-108.792361,36.87863],[-108.792358,36.878721],[-108.79247,36.878723],[-108.792468,36.878813],[-108.792692,36.878817],[-108.792684,36.879087],[-108.79246,36.879083],[-108.792457,36.879173],[-108.792569,36.879175],[-108.792567,36.879265],[-108.792679,36.879267],[-108.792666,36.879718],[-108.793003,36.879724],[-108.793008,36.879544],[-108.792896,36.879542],[-108.792898,36.879452],[-108.792786,36.87945],[-108.792789,36.879359],[-108.792901,36.879362],[-108.792903,36.879271],[-108.793015,36.879274],[-108.793013,36.879364],[-108.793125,36.879366],[-108.793122,36.879456],[-108.793347,36.87946],[-108.793342,36.87964],[-108.793454,36.879642],[-108.793449,36.879822],[-108.793561,36.879824],[-108.793558,36.879915],[-108.79367,36.879917],[-108.793675,36.879736],[-108.7939,36.879741],[-108.793895,36.879921],[-108.794007,36.879923],[-108.794004,36.880013],[-108.794228,36.880017],[-108.794226,36.880107],[-108.794562,36.880113],[-108.79456,36.880204],[-108.794672,36.880206],[-108.794669,36.880296],[-108.795006,36.880302],[-108.795001,36.880482],[-108.795113,36.880484],[-108.79511,36.880574],[-108.795222,36.880576],[-108.79522,36.880666],[-108.795332,36.880668],[-108.795329,36.880759],[-108.795666,36.880765],[-108.795663,36.880855],[-108.796785,36.880876],[-108.796782,36.880966],[-108.798016,36.880989],[-108.798018,36.880899],[-108.797906,36.880896],[-108.797912,36.880716],[-108.797575,36.88071],[-108.797578,36.88062],[-108.797353,36.880616],[-108.797356,36.880526],[-108.796907,36.880517],[-108.796905,36.880608],[-108.796568,36.880601],[-108.796571,36.880511],[-108.796234,36.880505],[-108.796239,36.880325],[-108.796352,36.880327],[-108.796354,36.880237],[-108.796579,36.880241],[-108.796573,36.880421],[-108.797022,36.880429],[-108.797025,36.880339],[-108.797249,36.880344],[-108.797246,36.880434],[-108.797583,36.88044],[-108.797585,36.88035],[-108.797698,36.880352],[-108.7977,36.880262],[-108.797924,36.880266],[-108.79793,36.880086],[-108.797481,36.880077],[-108.797484,36.879987],[-108.798157,36.88],[-108.798151,36.88018],[-108.798376,36.880184],[-108.798373,36.880274],[-108.79871,36.88028],[-108.798707,36.880371],[-108.798931,36.880375],[-108.798926,36.880555],[-108.799375,36.880563],[-108.799372,36.880653],[-108.799484,36.880655],[-108.799482,36.880745],[-108.799706,36.88075],[-108.799703,36.88084],[-108.799928,36.880844],[-108.799923,36.881024],[-108.800147,36.881028],[-108.800144,36.881118],[-108.800256,36.88112],[-108.800254,36.88121],[-108.800366,36.881212],[-108.800369,36.881122],[-108.800481,36.881124],[-108.800476,36.881305],[-108.800588,36.881307],[-108.800585,36.881397],[-108.800697,36.881399],[-108.800695,36.881489],[-108.801256,36.881499],[-108.80125,36.881679],[-108.801475,36.881684],[-108.801472,36.881774],[-108.801584,36.881776],[-108.801587,36.881686],[-108.802036,36.881694],[-108.802038,36.881604],[-108.80215,36.881606],[-108.802153,36.881516],[-108.802041,36.881514],[-108.802046,36.881334],[-108.801934,36.881332],[-108.801936,36.881242],[-108.801824,36.881239],[-108.801827,36.881149],[-108.801602,36.881145],[-108.801605,36.881055],[-108.801493,36.881053],[-108.801495,36.880963],[-108.801383,36.880961],[-108.801386,36.880871],[-108.801274,36.880869],[-108.801276,36.880779],[-108.801052,36.880775],[-108.801055,36.880684],[-108.801167,36.880686],[-108.801169,36.880596],[-108.800945,36.880592],[-108.800948,36.880502],[-108.800723,36.880498],[-108.800726,36.880408],[-108.800501,36.880404],[-108.800504,36.880314],[-108.800392,36.880312],[-108.800394,36.880222],[-108.80017,36.880217],[-108.800173,36.880127],[-108.800061,36.880125],[-108.800063,36.880035],[-108.800175,36.880037],[-108.800178,36.879947],[-108.800066,36.879945],[-108.800068,36.879855],[-108.799844,36.879851],[-108.799849,36.879671],[-108.799737,36.879669],[-108.79974,36.879579],[-108.799291,36.87957],[-108.799294,36.87948],[-108.799181,36.879478],[-108.799184,36.879388],[-108.799072,36.879386],[-108.799069,36.879476],[-108.798957,36.879474],[-108.79896,36.879384],[-108.798511,36.879376],[-108.798514,36.879285],[-108.798177,36.879279],[-108.798188,36.878919],[-108.7983,36.878921],[-108.798302,36.878831],[-108.798751,36.878839],[-108.798754,36.878749],[-108.798193,36.878739],[-108.798195,36.878649],[-108.797971,36.878644],[-108.797968,36.878735],[-108.797744,36.87873],[-108.797747,36.87864],[-108.797859,36.878642],[-108.797861,36.878552],[-108.797749,36.87855],[-108.797752,36.87846],[-108.797528,36.878456],[-108.79753,36.878366],[-108.797194,36.87836],[-108.797196,36.87827],[-108.79686,36.878263],[-108.796857,36.878353],[-108.796969,36.878356],[-108.796964,36.878536],[-108.797189,36.87854],[-108.797186,36.87863],[-108.796962,36.878626],[-108.796959,36.878716],[-108.796847,36.878714],[-108.796849,36.878624],[-108.796737,36.878622],[-108.79674,36.878532],[-108.796291,36.878523],[-108.796286,36.878703],[-108.796398,36.878705],[-108.796401,36.878615],[-108.796513,36.878617],[-108.796505,36.878888],[-108.796393,36.878886],[-108.79639,36.878976],[-108.796278,36.878974],[-108.796281,36.878884],[-108.796169,36.878881],[-108.796171,36.878791],[-108.795947,36.878787],[-108.79595,36.878697],[-108.795613,36.878691],[-108.795616,36.878601],[-108.795504,36.878599],[-108.795506,36.878509],[-108.795282,36.878504],[-108.795284,36.878414],[-108.795397,36.878416],[-108.795399,36.878326],[-108.796072,36.878339],[-108.796075,36.878249],[-108.796187,36.878251],[-108.796184,36.878341],[-108.796745,36.878351],[-108.796748,36.878261],[-108.796636,36.878259],[-108.796638,36.878169],[-108.796302,36.878163],[-108.796304,36.878073],[-108.795519,36.878058],[-108.795517,36.878148],[-108.795404,36.878146],[-108.795407,36.878056],[-108.795071,36.87805],[-108.795073,36.87796],[-108.794961,36.877958],[-108.794969,36.877688],[-108.795081,36.87769],[-108.795084,36.8776],[-108.794971,36.877597],[-108.794977,36.877417],[-108.795201,36.877421],[-108.795206,36.877241],[-108.795318,36.877243],[-108.795313,36.877424],[-108.795425,36.877426],[-108.795428,36.877336],[-108.79554,36.877338],[-108.795542,36.877248],[-108.795655,36.87725],[-108.795652,36.87734],[-108.795988,36.877346],[-108.795986,36.877436],[-108.79621,36.87744],[-108.796213,36.87735],[-108.796325,36.877352],[-108.796322,36.877442],[-108.796435,36.877444],[-108.796429,36.877625],[-108.796541,36.877627],[-108.796544,36.877537],[-108.796656,36.877539],[-108.796654,36.877629],[-108.797214,36.877639],[-108.797217,36.877549],[-108.797441,36.877553],[-108.797444,36.877463],[-108.79778,36.877469],[-108.797783,36.877379],[-108.798232,36.877388],[-108.798234,36.877297],[-108.798458,36.877302],[-108.798456,36.877392],[-108.798568,36.877394],[-108.798563,36.877574],[-108.799124,36.877584],[-108.799121,36.877674],[-108.799233,36.877676],[-108.799236,36.877586],[-108.799348,36.877588],[-108.799345,36.877679],[-108.79957,36.877683],[-108.799567,36.877773],[-108.800128,36.877783],[-108.800125,36.877873],[-108.800013,36.877871],[-108.80001,36.877961],[-108.800235,36.877965],[-108.800232,36.878056],[-108.800344,36.878058],[-108.800342,36.878148],[-108.80023,36.878146],[-108.800227,36.878236],[-108.800115,36.878234],[-108.800112,36.878324],[-108.8,36.878322],[-108.799998,36.878412],[-108.800222,36.878416],[-108.800224,36.878326],[-108.800561,36.878332],[-108.800558,36.878422],[-108.800783,36.878426],[-108.800785,36.878336],[-108.801122,36.878342],[-108.801117,36.878523],[-108.801229,36.878525],[-108.801226,36.878615],[-108.801338,36.878617],[-108.801336,36.878707],[-108.801224,36.878705],[-108.801216,36.878975],[-108.801328,36.878977],[-108.801333,36.878797],[-108.801557,36.878801],[-108.801555,36.878891],[-108.801667,36.878893],[-108.801657,36.879254],[-108.801769,36.879256],[-108.801771,36.879166],[-108.801884,36.879168],[-108.801889,36.878987],[-108.802001,36.87899],[-108.802003,36.878899],[-108.802228,36.878904],[-108.802225,36.878994],[-108.802337,36.878996],[-108.802335,36.879086],[-108.802223,36.879084],[-108.80222,36.879174],[-108.802332,36.879176],[-108.80233,36.879266],[-108.802442,36.879268],[-108.802439,36.879358],[-108.802551,36.87936],[-108.802549,36.87945],[-108.802773,36.879454],[-108.802778,36.879274],[-108.80289,36.879276],[-108.802893,36.879186],[-108.803117,36.87919],[-108.803115,36.879281],[-108.803227,36.879283],[-108.803222,36.879463],[-108.803334,36.879465],[-108.803336,36.879375],[-108.803449,36.879377],[-108.803454,36.879197],[-108.803678,36.879201],[-108.80367,36.879471],[-108.804007,36.879477],[-108.804004,36.879567],[-108.803892,36.879565],[-108.803887,36.879745],[-108.803999,36.879747],[-108.803996,36.879838],[-108.803548,36.879829],[-108.803553,36.879649],[-108.803441,36.879647],[-108.803438,36.879737],[-108.803214,36.879733],[-108.803209,36.879913],[-108.803321,36.879915],[-108.803318,36.880005],[-108.803543,36.880009],[-108.80354,36.8801],[-108.803652,36.880102],[-108.803647,36.880282],[-108.803535,36.88028],[-108.80353,36.88046],[-108.803642,36.880462],[-108.803639,36.880552],[-108.803864,36.880556],[-108.803861,36.880646],[-108.803973,36.880648],[-108.803971,36.880738],[-108.804195,36.880743],[-108.804192,36.880833],[-108.804417,36.880837],[-108.804414,36.880927],[-108.804751,36.880933],[-108.804745,36.881113],[-108.804858,36.881115],[-108.804855,36.881205],[-108.804631,36.881201],[-108.804628,36.881291],[-108.804516,36.881289],[-108.804513,36.881379],[-108.804738,36.881383],[-108.804733,36.881564],[-108.804845,36.881566],[-108.804842,36.881656],[-108.805066,36.88166],[-108.805069,36.88157],[-108.805293,36.881574],[-108.805288,36.881754],[-108.8054,36.881756],[-108.805395,36.881936],[-108.805507,36.881938],[-108.805505,36.882029],[-108.805617,36.882031],[-108.805614,36.882121],[-108.805726,36.882123],[-108.805724,36.882213],[-108.805948,36.882217],[-108.805946,36.882307],[-108.806058,36.882309],[-108.806055,36.882399],[-108.806167,36.882401],[-108.806165,36.882491],[-108.806389,36.882495],[-108.806379,36.882856],[-108.806154,36.882852],[-108.806157,36.882762],[-108.806045,36.88276],[-108.806047,36.882669],[-108.805823,36.882665],[-108.805821,36.882755],[-108.805933,36.882757],[-108.80593,36.882848],[-108.806042,36.88285],[-108.80604,36.88294],[-108.806152,36.882942],[-108.806149,36.883032],[-108.806261,36.883034],[-108.806264,36.882944],[-108.806376,36.882946],[-108.806374,36.883036],[-108.806486,36.883038],[-108.806491,36.882858],[-108.806603,36.88286],[-108.806598,36.88304],[-108.80671,36.883042],[-108.806708,36.883132],[-108.80682,36.883134],[-108.806815,36.883314],[-108.806927,36.883317],[-108.806924,36.883407],[-108.807036,36.883409],[-108.807034,36.883499],[-108.807258,36.883503],[-108.807253,36.883683],[-108.807365,36.883685],[-108.807362,36.883775],[-108.807475,36.883777],[-108.807472,36.883867],[-108.807584,36.883869],[-108.807582,36.88396],[-108.807694,36.883962],[-108.807691,36.884052],[-108.807803,36.884054],[-108.807801,36.884144],[-108.807913,36.884146],[-108.807895,36.884776],[-108.808456,36.884787],[-108.808453,36.884877],[-108.808678,36.884881],[-108.808675,36.884971],[-108.808787,36.884973],[-108.808785,36.885063],[-108.808897,36.885065],[-108.808899,36.884975],[-108.809011,36.884977],[-108.809009,36.885067],[-108.809121,36.885069],[-108.809118,36.88516],[-108.809231,36.885162],[-108.809228,36.885252],[-108.809677,36.88526],[-108.809674,36.88535],[-108.811581,36.885385],[-108.811591,36.885025],[-108.81204,36.885033],[-108.812042,36.884943],[-108.812491,36.884951],[-108.812494,36.884861],[-108.81283,36.884867],[-108.812828,36.884958],[-108.813276,36.884966],[-108.813279,36.884876],[-108.813952,36.884888],[-108.813949,36.884978],[-108.814061,36.88498],[-108.814064,36.88489],[-108.814737,36.884903],[-108.814734,36.884993],[-108.814959,36.884997],[-108.814956,36.885087],[-108.815293,36.885093],[-108.81529,36.885183],[-108.815402,36.885185],[-108.8154,36.885275],[-108.815624,36.885279],[-108.815622,36.885369],[-108.815509,36.885367],[-108.815507,36.885457],[-108.81517,36.885451],[-108.815168,36.885541],[-108.816402,36.885564],[-108.816404,36.885474],[-108.816516,36.885476],[-108.816519,36.885386],[-108.816631,36.885388],[-108.816634,36.885298],[-108.816409,36.885294],[-108.816412,36.885204],[-108.816075,36.885198],[-108.81608,36.885017],[-108.816193,36.885019],[-108.81619,36.88511],[-108.816527,36.885116],[-108.816529,36.885026],[-108.816305,36.885022],[-108.816307,36.884931],[-108.816195,36.884929],[-108.816198,36.884839],[-108.816759,36.88485],[-108.816756,36.88494],[-108.816868,36.884942],[-108.816863,36.885122],[-108.817087,36.885126],[-108.817085,36.885216],[-108.817197,36.885218],[-108.8172,36.885128],[-108.817424,36.885132],[-108.817419,36.885312],[-108.817307,36.88531],[-108.817304,36.8854],[-108.817416,36.885402],[-108.817411,36.885583],[-108.817075,36.885576],[-108.817072,36.885667],[-108.817969,36.885683]],[[-108.811489,36.884662],[-108.811377,36.88466],[-108.81138,36.88457],[-108.811268,36.884568],[-108.811265,36.884658],[-108.810368,36.884642],[-108.81037,36.884552],[-108.809473,36.884535],[-108.809476,36.884445],[-108.809251,36.884441],[-108.809254,36.884351],[-108.809142,36.884349],[-108.809144,36.884259],[-108.80892,36.884255],[-108.808922,36.884165],[-108.808586,36.884158],[-108.808589,36.884068],[-108.808476,36.884066],[-108.808479,36.883976],[-108.808255,36.883972],[-108.808257,36.883882],[-108.808033,36.883878],[-108.808038,36.883698],[-108.807926,36.883696],[-108.807928,36.883605],[-108.808601,36.883618],[-108.808599,36.883708],[-108.80916,36.883718],[-108.809162,36.883628],[-108.809387,36.883632],[-108.809384,36.883722],[-108.810842,36.883749],[-108.810845,36.883659],[-108.811854,36.883678],[-108.811852,36.883768],[-108.812188,36.883774],[-108.812186,36.883864],[-108.812522,36.88387],[-108.812519,36.88396],[-108.812744,36.883965],[-108.812741,36.884055],[-108.812853,36.884057],[-108.812851,36.884147],[-108.812626,36.884143],[-108.812624,36.884233],[-108.8124,36.884229],[-108.812397,36.884319],[-108.812173,36.884315],[-108.81217,36.884405],[-108.811946,36.884401],[-108.811943,36.884491],[-108.811719,36.884486],[-108.811716,36.884577],[-108.811492,36.884572],[-108.811489,36.884662]],[[-108.813639,36.884071],[-108.81319,36.884063],[-108.813192,36.883973],[-108.81308,36.883971],[-108.813085,36.883791],[-108.812861,36.883786],[-108.812864,36.883696],[-108.812639,36.883692],[-108.812642,36.883602],[-108.81253,36.8836],[-108.812532,36.88351],[-108.812308,36.883506],[-108.812311,36.883416],[-108.811862,36.883408],[-108.811864,36.883317],[-108.811191,36.883305],[-108.811189,36.883395],[-108.810965,36.883391],[-108.810967,36.883301],[-108.810406,36.883291],[-108.810404,36.883381],[-108.810067,36.883374],[-108.81007,36.883284],[-108.809958,36.883282],[-108.80996,36.883192],[-108.809624,36.883186],[-108.809626,36.883096],[-108.80929,36.88309],[-108.809292,36.883],[-108.809068,36.882996],[-108.809073,36.882815],[-108.808961,36.882813],[-108.808964,36.882723],[-108.808852,36.882721],[-108.808846,36.882901],[-108.808959,36.882903],[-108.808956,36.882993],[-108.808395,36.882983],[-108.808398,36.882893],[-108.80851,36.882895],[-108.808515,36.882715],[-108.808403,36.882713],[-108.8084,36.882803],[-108.808288,36.882801],[-108.808286,36.882891],[-108.807949,36.882885],[-108.807965,36.882344],[-108.807852,36.882342],[-108.807847,36.882522],[-108.807735,36.88252],[-108.80774,36.88234],[-108.807628,36.882338],[-108.807631,36.882248],[-108.807518,36.882246],[-108.807521,36.882156],[-108.807072,36.882148],[-108.807078,36.881967],[-108.806965,36.881965],[-108.806963,36.882055],[-108.806851,36.882053],[-108.806856,36.881873],[-108.807304,36.881881],[-108.807302,36.881972],[-108.807526,36.881976],[-108.807524,36.882066],[-108.80786,36.882072],[-108.807863,36.881982],[-108.807975,36.881984],[-108.807977,36.881894],[-108.80809,36.881896],[-108.808087,36.881986],[-108.808423,36.881992],[-108.808426,36.881902],[-108.808538,36.881904],[-108.808541,36.881814],[-108.808653,36.881816],[-108.80865,36.881906],[-108.808763,36.881908],[-108.80876,36.881998],[-108.808872,36.882001],[-108.808867,36.882181],[-108.808979,36.882183],[-108.808977,36.882273],[-108.809201,36.882277],[-108.809198,36.882367],[-108.809423,36.882371],[-108.80942,36.882461],[-108.809981,36.882472],[-108.809983,36.882382],[-108.81032,36.882388],[-108.810317,36.882478],[-108.81043,36.88248],[-108.810432,36.88239],[-108.811105,36.882402],[-108.811108,36.882312],[-108.81122,36.882314],[-108.811222,36.882224],[-108.811447,36.882228],[-108.811449,36.882138],[-108.81044,36.88212],[-108.810442,36.88203],[-108.810555,36.882032],[-108.810557,36.881941],[-108.810894,36.881948],[-108.810896,36.881858],[-108.811008,36.88186],[-108.811006,36.88195],[-108.81123,36.881954],[-108.811233,36.881864],[-108.811681,36.881872],[-108.811679,36.881962],[-108.811791,36.881964],[-108.811788,36.882054],[-108.812125,36.882061],[-108.812114,36.882421],[-108.812002,36.882419],[-108.812005,36.882329],[-108.811668,36.882322],[-108.811666,36.882413],[-108.81189,36.882417],[-108.811885,36.882597],[-108.811997,36.882599],[-108.812,36.882509],[-108.812224,36.882513],[-108.812219,36.882693],[-108.812555,36.882699],[-108.812553,36.882789],[-108.812777,36.882794],[-108.812775,36.882884],[-108.813111,36.88289],[-108.813114,36.8828],[-108.813226,36.882802],[-108.813223,36.882892],[-108.813335,36.882894],[-108.813333,36.882984],[-108.813445,36.882986],[-108.813448,36.882896],[-108.813672,36.8829],[-108.813669,36.88299],[-108.813557,36.882988],[-108.813555,36.883078],[-108.813442,36.883076],[-108.81344,36.883166],[-108.813328,36.883164],[-108.81332,36.883434],[-108.813432,36.883436],[-108.81343,36.883527],[-108.813654,36.883531],[-108.813651,36.883621],[-108.813988,36.883627],[-108.813985,36.883717],[-108.81477,36.883732],[-108.814768,36.883822],[-108.814207,36.883811],[-108.814204,36.883901],[-108.813868,36.883895],[-108.813865,36.883985],[-108.813641,36.883981],[-108.813639,36.884071]],[[-108.816557,36.884035],[-108.816333,36.884031],[-108.816336,36.883941],[-108.81555,36.883926],[-108.815553,36.883836],[-108.815216,36.88383],[-108.815219,36.88374],[-108.815443,36.883744],[-108.815446,36.883654],[-108.816007,36.883664],[-108.816009,36.883574],[-108.816346,36.88358],[-108.816348,36.88349],[-108.816461,36.883492],[-108.816463,36.883402],[-108.8168,36.883408],[-108.816797,36.883498],[-108.816909,36.8835],[-108.816907,36.883591],[-108.817019,36.883593],[-108.817016,36.883683],[-108.817353,36.883689],[-108.81735,36.883779],[-108.817014,36.883773],[-108.817011,36.883863],[-108.816787,36.883859],[-108.816784,36.883949],[-108.81656,36.883945],[-108.816557,36.884035]],[[-108.817799,36.883787],[-108.817687,36.883785],[-108.817692,36.883605],[-108.817467,36.883601],[-108.81747,36.883511],[-108.817358,36.883509],[-108.81736,36.883419],[-108.817248,36.883417],[-108.817251,36.883326],[-108.817139,36.883324],[-108.817141,36.883234],[-108.817029,36.883232],[-108.817032,36.883142],[-108.816919,36.88314],[-108.816925,36.88296],[-108.817037,36.882962],[-108.817039,36.882872],[-108.817488,36.88288],[-108.817491,36.88279],[-108.817603,36.882792],[-108.817605,36.882702],[-108.817942,36.882708],[-108.817937,36.882888],[-108.817824,36.882886],[-108.817819,36.883067],[-108.818044,36.883071],[-108.818041,36.883161],[-108.818153,36.883163],[-108.818151,36.883253],[-108.818039,36.883251],[-108.818033,36.883431],[-108.818146,36.883433],[-108.81814,36.883613],[-108.818253,36.883615],[-108.81825,36.883705],[-108.817801,36.883697],[-108.817799,36.883787]],[[-108.818704,36.883533],[-108.81848,36.883529],[-108.818487,36.883259],[-108.818599,36.883261],[-108.818597,36.883351],[-108.818709,36.883353],[-108.818704,36.883533]],[[-108.818933,36.883357],[-108.818821,36.883355],[-108.818826,36.883175],[-108.819051,36.883179],[-108.819048,36.883269],[-108.818936,36.883267],[-108.818933,36.883357]],[[-108.818712,36.883263],[-108.818599,36.883261],[-108.818602,36.883171],[-108.818714,36.883173],[-108.818712,36.883263]],[[-108.819163,36.883181],[-108.819051,36.883179],[-108.819053,36.883089],[-108.819165,36.883091],[-108.819163,36.883181]],[[-108.818829,36.883085],[-108.818717,36.883083],[-108.818719,36.882993],[-108.818831,36.882995],[-108.818829,36.883085]],[[-108.809109,36.881554],[-108.808773,36.881548],[-108.808775,36.881458],[-108.808551,36.881454],[-108.808549,36.881544],[-108.808324,36.88154],[-108.808329,36.88136],[-108.808217,36.881358],[-108.808215,36.881448],[-108.80799,36.881444],[-108.808001,36.881083],[-108.808225,36.881087],[-108.808227,36.880997],[-108.80834,36.880999],[-108.808342,36.880909],[-108.808679,36.880915],[-108.808681,36.880825],[-108.808793,36.880827],[-108.808791,36.880918],[-108.809015,36.880922],[-108.80902,36.880741],[-108.808908,36.880739],[-108.808911,36.880649],[-108.808799,36.880647],[-108.808801,36.880557],[-108.809025,36.880561],[-108.809028,36.880471],[-108.808916,36.880469],[-108.808918,36.880379],[-108.808806,36.880377],[-108.808811,36.880197],[-108.808924,36.880199],[-108.808921,36.880289],[-108.809033,36.880291],[-108.809031,36.880381],[-108.809143,36.880383],[-108.80914,36.880473],[-108.809252,36.880475],[-108.809245,36.880746],[-108.809581,36.880752],[-108.809579,36.880842],[-108.809466,36.88084],[-108.809461,36.88102],[-108.809573,36.881022],[-108.809571,36.881112],[-108.809347,36.881108],[-108.809349,36.881018],[-108.809237,36.881016],[-108.809232,36.881196],[-108.80912,36.881194],[-108.809117,36.881284],[-108.809566,36.881292],[-108.809568,36.881202],[-108.80968,36.881204],[-108.809683,36.881114],[-108.809795,36.881116],[-108.809798,36.881026],[-108.80991,36.881028],[-108.809912,36.880938],[-108.810025,36.88094],[-108.810019,36.88112],[-108.809907,36.881118],[-108.809905,36.881208],[-108.810017,36.881211],[-108.810012,36.881391],[-108.809675,36.881384],[-108.809673,36.881475],[-108.809112,36.881464],[-108.809109,36.881554]],[[-108.805296,36.881484],[-108.805072,36.88148],[-108.805074,36.88139],[-108.805186,36.881392],[-108.805189,36.881302],[-108.805301,36.881304],[-108.805296,36.881484]],[[-108.805074,36.88139],[-108.804962,36.881388],[-108.804965,36.881298],[-108.805077,36.8813],[-108.805074,36.88139]],[[-108.804965,36.881298],[-108.804852,36.881295],[-108.804855,36.881205],[-108.804967,36.881207],[-108.804965,36.881298]],[[-108.80071,36.880948],[-108.800598,36.880946],[-108.800601,36.880856],[-108.800713,36.880858],[-108.80071,36.880948]],[[-108.800601,36.880856],[-108.799928,36.880844],[-108.79993,36.880754],[-108.799818,36.880752],[-108.799821,36.880662],[-108.799933,36.880664],[-108.799936,36.880574],[-108.800048,36.880576],[-108.80005,36.880486],[-108.800162,36.880488],[-108.80016,36.880578],[-108.800272,36.88058],[-108.800269,36.88067],[-108.800382,36.880672],[-108.800379,36.880762],[-108.800603,36.880766],[-108.800601,36.880856]],[[-108.804766,36.880393],[-108.804654,36.88039],[-108.804656,36.8803],[-108.804769,36.880302],[-108.804766,36.880393]],[[-108.804544,36.880298],[-108.80432,36.880294],[-108.804323,36.880204],[-108.80421,36.880202],[-108.804213,36.880112],[-108.804549,36.880118],[-108.804544,36.880298]],[[-108.816214,36.880333],[-108.816102,36.880331],[-108.816104,36.880241],[-108.816216,36.880243],[-108.816214,36.880333]],[[-108.804216,36.880022],[-108.804103,36.88002],[-108.804106,36.87993],[-108.803994,36.879928],[-108.803996,36.879838],[-108.804221,36.879842],[-108.804216,36.880022]],[[-108.798065,36.879277],[-108.797953,36.879275],[-108.797955,36.879185],[-108.798068,36.879187],[-108.798065,36.879277]],[[-108.793467,36.879192],[-108.79313,36.879186],[-108.793133,36.879095],[-108.793021,36.879093],[-108.793023,36.879003],[-108.792911,36.879001],[-108.792916,36.878821],[-108.792804,36.878819],[-108.792807,36.878729],[-108.792695,36.878727],[-108.792697,36.878637],[-108.792809,36.878639],[-108.792812,36.878549],[-108.793148,36.878555],[-108.793146,36.878645],[-108.793258,36.878647],[-108.793255,36.878737],[-108.793143,36.878735],[-108.793141,36.878825],[-108.793365,36.878829],[-108.79336,36.87901],[-108.793472,36.879012],[-108.793467,36.879192]],[[-108.797849,36.879003],[-108.797736,36.879001],[-108.797739,36.878911],[-108.797851,36.878913],[-108.797849,36.879003]],[[-108.801889,36.878987],[-108.801777,36.878985],[-108.801779,36.878895],[-108.801891,36.878897],[-108.801889,36.878987]],[[-108.797739,36.878911],[-108.797627,36.878908],[-108.797629,36.878818],[-108.797517,36.878816],[-108.79752,36.878726],[-108.797744,36.87873],[-108.797739,36.878911]],[[-108.798078,36.878827],[-108.797966,36.878825],[-108.797968,36.878735],[-108.798081,36.878737],[-108.798078,36.878827]],[[-108.79741,36.878634],[-108.797298,36.878632],[-108.797301,36.878542],[-108.797413,36.878544],[-108.79741,36.878634]],[[-108.795284,36.878414],[-108.795172,36.878412],[-108.795175,36.878322],[-108.795287,36.878324],[-108.795284,36.878414]],[[-108.79035,36.878323],[-108.790238,36.878321],[-108.79024,36.878231],[-108.790352,36.878233],[-108.79035,36.878323]],[[-108.791474,36.878253],[-108.791362,36.878251],[-108.791364,36.878161],[-108.791476,36.878163],[-108.791474,36.878253]],[[-108.791589,36.878165],[-108.791476,36.878163],[-108.791479,36.878073],[-108.791591,36.878075],[-108.791589,36.878165]],[[-108.793962,36.877579],[-108.79385,36.877577],[-108.793852,36.877487],[-108.793965,36.877489],[-108.793962,36.877579]],[[-108.794413,36.877497],[-108.794301,36.877495],[-108.794304,36.877405],[-108.794191,36.877403],[-108.794194,36.877313],[-108.794082,36.877311],[-108.794079,36.877401],[-108.793967,36.877399],[-108.793972,36.877218],[-108.794309,36.877225],[-108.794306,36.877315],[-108.794418,36.877317],[-108.794413,36.877497]],[[-108.793852,36.877487],[-108.793516,36.87748],[-108.793521,36.8773],[-108.793858,36.877306],[-108.793852,36.877487]],[[-108.793521,36.8773],[-108.793409,36.877298],[-108.793412,36.877208],[-108.793524,36.87721],[-108.793521,36.8773]],[[-108.793412,36.877208],[-108.793299,36.877206],[-108.793302,36.877116],[-108.793414,36.877118],[-108.793412,36.877208]],[[-108.793302,36.877116],[-108.79319,36.877114],[-108.793192,36.877024],[-108.793305,36.877026],[-108.793302,36.877116]],[[-108.795451,36.876525],[-108.795227,36.876521],[-108.795229,36.876431],[-108.795005,36.876426],[-108.795008,36.876336],[-108.794671,36.87633],[-108.794674,36.87624],[-108.794562,36.876238],[-108.794564,36.876148],[-108.794452,36.876146],[-108.794455,36.876056],[-108.794342,36.876054],[-108.794345,36.875964],[-108.794233,36.875961],[-108.794236,36.875871],[-108.794011,36.875867],[-108.794014,36.875777],[-108.79379,36.875773],[-108.793795,36.875593],[-108.793907,36.875595],[-108.793912,36.875415],[-108.793688,36.875411],[-108.793696,36.87514],[-108.793583,36.875138],[-108.793591,36.874868],[-108.793703,36.87487],[-108.793708,36.87469],[-108.793821,36.874692],[-108.793826,36.874512],[-108.793714,36.87451],[-108.793721,36.87424],[-108.793609,36.874237],[-108.793614,36.874057],[-108.793502,36.874055],[-108.793507,36.873875],[-108.793395,36.873873],[-108.793398,36.873783],[-108.793286,36.873781],[-108.793288,36.873691],[-108.793176,36.873689],[-108.793161,36.874229],[-108.793049,36.874227],[-108.793051,36.874137],[-108.792939,36.874135],[-108.792942,36.874045],[-108.792829,36.874043],[-108.792837,36.873772],[-108.792725,36.87377],[-108.792728,36.87368],[-108.79284,36.873682],[-108.792842,36.873592],[-108.793067,36.873596],[-108.793072,36.873416],[-108.793184,36.873418],[-108.793192,36.873148],[-108.79308,36.873146],[-108.793087,36.872876],[-108.7932,36.872878],[-108.793197,36.872968],[-108.793421,36.872972],[-108.793424,36.872882],[-108.793312,36.87288],[-108.793314,36.87279],[-108.793651,36.872796],[-108.793653,36.872706],[-108.793765,36.872708],[-108.793771,36.872528],[-108.793659,36.872526],[-108.793664,36.872346],[-108.793439,36.872342],[-108.793442,36.872252],[-108.79333,36.872249],[-108.793332,36.872159],[-108.79322,36.872157],[-108.793218,36.872247],[-108.793106,36.872245],[-108.793111,36.872065],[-108.792999,36.872063],[-108.793001,36.871973],[-108.792889,36.871971],[-108.792884,36.872151],[-108.792772,36.872149],[-108.792777,36.871969],[-108.792665,36.871967],[-108.792667,36.871877],[-108.792555,36.871875],[-108.792558,36.871784],[-108.792446,36.871782],[-108.792448,36.871692],[-108.792336,36.87169],[-108.792341,36.87151],[-108.792117,36.871506],[-108.79212,36.871416],[-108.793241,36.871437],[-108.793238,36.871527],[-108.793463,36.871531],[-108.793465,36.871441],[-108.79369,36.871445],[-108.793687,36.871535],[-108.793911,36.871539],[-108.793909,36.871629],[-108.794133,36.871633],[-108.794128,36.871814],[-108.79424,36.871816],[-108.794237,36.871906],[-108.794125,36.871904],[-108.794123,36.871994],[-108.794235,36.871996],[-108.794232,36.872086],[-108.794008,36.872082],[-108.793985,36.872893],[-108.794209,36.872897],[-108.794206,36.872987],[-108.794318,36.872989],[-108.794316,36.873079],[-108.794428,36.873081],[-108.794425,36.873171],[-108.79465,36.873175],[-108.794645,36.873355],[-108.794757,36.873357],[-108.794749,36.873628],[-108.794637,36.873626],[-108.794634,36.873716],[-108.794522,36.873714],[-108.794519,36.873804],[-108.794407,36.873802],[-108.794402,36.873982],[-108.794514,36.873984],[-108.794512,36.874074],[-108.794736,36.874078],[-108.794731,36.874258],[-108.794619,36.874256],[-108.794613,36.874436],[-108.794726,36.874438],[-108.794723,36.874529],[-108.794947,36.874533],[-108.794942,36.874713],[-108.795054,36.874715],[-108.795046,36.874985],[-108.795271,36.874989],[-108.795266,36.875169],[-108.795153,36.875167],[-108.795156,36.875077],[-108.79482,36.875071],[-108.794822,36.874981],[-108.794934,36.874983],[-108.79494,36.874803],[-108.794715,36.874799],[-108.79472,36.874619],[-108.794608,36.874617],[-108.794606,36.874707],[-108.794494,36.874705],[-108.794496,36.874614],[-108.794384,36.874612],[-108.794379,36.874793],[-108.794267,36.87479],[-108.794264,36.87488],[-108.794152,36.874878],[-108.794142,36.875239],[-108.794366,36.875243],[-108.794363,36.875333],[-108.794475,36.875335],[-108.794473,36.875425],[-108.794697,36.875429],[-108.794694,36.875519],[-108.794807,36.875521],[-108.794804,36.875612],[-108.795028,36.875616],[-108.795026,36.875706],[-108.795362,36.875712],[-108.79536,36.875802],[-108.795472,36.875804],[-108.795477,36.875624],[-108.795253,36.87562],[-108.795255,36.87553],[-108.795367,36.875532],[-108.79537,36.875442],[-108.795482,36.875444],[-108.79548,36.875534],[-108.795704,36.875538],[-108.795701,36.875628],[-108.795926,36.875632],[-108.795928,36.875542],[-108.79604,36.875544],[-108.796033,36.875815],[-108.796145,36.875817],[-108.79615,36.875637],[-108.796598,36.875645],[-108.796593,36.875825],[-108.796369,36.875821],[-108.796364,36.876001],[-108.796139,36.875997],[-108.796137,36.876087],[-108.796025,36.876085],[-108.796027,36.875995],[-108.795803,36.875991],[-108.795798,36.876171],[-108.795686,36.876169],[-108.795688,36.876079],[-108.795576,36.876077],[-108.795574,36.876167],[-108.795461,36.876165],[-108.795467,36.875984],[-108.795354,36.875982],[-108.795357,36.875892],[-108.795245,36.87589],[-108.795242,36.87598],[-108.79513,36.875978],[-108.795128,36.876068],[-108.79524,36.87607],[-108.795235,36.87625],[-108.795459,36.876255],[-108.795451,36.876525]],[[-108.789956,36.876423],[-108.789731,36.876419],[-108.789737,36.876238],[-108.789961,36.876243],[-108.789956,36.876423]],[[-108.796473,36.876093],[-108.796361,36.876091],[-108.796364,36.876001],[-108.796476,36.876003],[-108.796473,36.876093]],[[-108.798505,36.87568],[-108.798393,36.875678],[-108.798401,36.875408],[-108.798288,36.875406],[-108.798291,36.875316],[-108.798179,36.875314],[-108.798181,36.875224],[-108.798294,36.875226],[-108.798299,36.875045],[-108.798187,36.875043],[-108.798189,36.874953],[-108.79875,36.874964],[-108.798747,36.875054],[-108.799084,36.87506],[-108.799081,36.87515],[-108.799306,36.875154],[-108.799303,36.875244],[-108.799527,36.875248],[-108.79953,36.875158],[-108.799642,36.87516],[-108.799634,36.875431],[-108.799522,36.875429],[-108.799525,36.875339],[-108.799413,36.875336],[-108.79941,36.875427],[-108.799298,36.875424],[-108.799295,36.875515],[-108.799183,36.875513],[-108.799186,36.875422],[-108.798961,36.875418],[-108.798956,36.875598],[-108.798844,36.875596],[-108.798847,36.875506],[-108.79851,36.8755],[-108.798505,36.87568]],[[-108.789335,36.874609],[-108.78911,36.874604],[-108.789113,36.874514],[-108.789001,36.874512],[-108.788998,36.874602],[-108.788886,36.8746],[-108.788891,36.87442],[-108.788779,36.874418],[-108.788782,36.874328],[-108.789006,36.874332],[-108.789003,36.874422],[-108.789228,36.874426],[-108.789225,36.874516],[-108.789337,36.874519],[-108.789335,36.874609]],[[-108.788782,36.874328],[-108.78867,36.874326],[-108.788672,36.874236],[-108.78856,36.874234],[-108.788563,36.874144],[-108.788899,36.87415],[-108.788896,36.87424],[-108.788784,36.874238],[-108.788782,36.874328]],[[-108.792376,36.874215],[-108.792151,36.87421],[-108.792157,36.87403],[-108.792269,36.874032],[-108.792266,36.874122],[-108.792378,36.874124],[-108.792376,36.874215]],[[-108.792274,36.873852],[-108.792162,36.87385],[-108.792167,36.87367],[-108.792279,36.873672],[-108.792274,36.873852]],[[-108.797216,36.873673],[-108.797104,36.873671],[-108.797107,36.873581],[-108.796882,36.873577],[-108.796885,36.873487],[-108.796773,36.873485],[-108.796775,36.873395],[-108.796663,36.873393],[-108.796666,36.873303],[-108.796441,36.873299],[-108.796444,36.873209],[-108.796332,36.873206],[-108.796334,36.873116],[-108.796222,36.873114],[-108.796228,36.872934],[-108.796115,36.872932],[-108.796118,36.872842],[-108.795894,36.872838],[-108.795896,36.872748],[-108.795784,36.872746],[-108.795787,36.872656],[-108.795675,36.872653],[-108.795677,36.872563],[-108.795565,36.872561],[-108.795568,36.872471],[-108.795455,36.872469],[-108.795453,36.872559],[-108.795341,36.872557],[-108.795346,36.872377],[-108.795458,36.872379],[-108.795461,36.872289],[-108.795685,36.872293],[-108.79568,36.872473],[-108.795904,36.872478],[-108.795907,36.872387],[-108.796131,36.872392],[-108.796128,36.872482],[-108.796465,36.872488],[-108.796462,36.872578],[-108.796574,36.87258],[-108.796572,36.87267],[-108.796684,36.872672],[-108.796681,36.872762],[-108.796906,36.872766],[-108.7969,36.872947],[-108.797013,36.872949],[-108.79701,36.873039],[-108.797234,36.873043],[-108.797229,36.873223],[-108.797453,36.873227],[-108.797451,36.873317],[-108.797563,36.873319],[-108.797555,36.87359],[-108.797219,36.873583],[-108.797216,36.873673]],[[-108.792284,36.873492],[-108.792172,36.87349],[-108.792177,36.87331],[-108.792289,36.873312],[-108.792284,36.873492]],[[-108.788137,36.873325],[-108.788025,36.873322],[-108.788028,36.873232],[-108.78814,36.873234],[-108.788137,36.873325]],[[-108.788252,36.873237],[-108.78814,36.873234],[-108.788143,36.873144],[-108.788255,36.873146],[-108.788252,36.873237]]]},"properties":{"src":"truth"}},{"type":"Feature","geometry":{"type":"Polygon","coordinates":[[[-108.783101,36.868995],[-108.783104,36.868905],[-108.782879,36.8689],[-108.782877,36.86899],[-108.783101,36.868995]]]},"properties":{"src":"truth"}},{"type":"Feature","geometry":{"type":"Polygon","coordinates":[[[-108.761795,36.868595],[-108.761797,36.868505],[-108.761685,36.868503],[-108.761683,36.868593],[-108.761795,36.868595]]]},"properties":{"src":"truth"}},{"type":"Feature","geometry":{"type":"Polygon","coordinates":[[[-108.771313,36.869225],[-108.771321,36.868955],[-108.771209,36.868952],[-108.771212,36.868862],[-108.771324,36.868864],[-108.771327,36.868774],[-108.771214,36.868772],[-108.771217,36.868682],[-108.771105,36.86868],[-108.771107,36.86859],[-108.770995,36.868588],[-108.770993,36.868678],[-108.770881,36.868676],[-108.770878,36.868766],[-108.77099,36.868768],[-108.770988,36.868858],[-108.770875,36.868856],[-108.770873,36.868946],[-108.770985,36.868948],[-108.770982,36.869038],[-108.771094,36.86904],[-108.771092,36.86913],[-108.771204,36.869133],[-108.771201,36.869223],[-108.771313,36.869225]]]},"properties":{"src":"truth"}},{"type":"Feature","geometry":{"type":"Polygon","coordinates":[[[-108.782879,36.8689],[-108.782882,36.86881],[-108.78277,36.868808],[-108.782767,36.868898],[-108.782879,36.8689]]]},"properties":{"src":"truth"}},{"type":"Feature","geometry":{"type":"Polygon","coordinates":[[[-108.781161,36.87013],[-108.781163,36.87004],[-108.781051,36.870038],[-108.781054,36.869948],[-108.780942,36.869946],[-108.780947,36.869766],[-108.781059,36.869768],[-108.781064,36.869588],[-108.781177,36.86959],[-108.781179,36.8695],[-108.781291,36.869502],[-108.781296,36.869321],[-108.781184,36.869319],[-108.781187,36.869229],[-108.781411,36.869234],[-108.781416,36.869053],[-108.781192,36.869049],[-108.781195,36.868959],[-108.781419,36.868963],[-108.781427,36.868693],[-108.781315,36.868691],[-108.781312,36.868781],[-108.781088,36.868777],[-108.781083,36.868957],[-108.78097,36.868955],[-108.780965,36.869135],[-108.780853,36.869133],[-108.78084,36.869583],[-108.780728,36.869581],[-108.780712,36.870122],[-108.781161,36.87013]]]},"properties":{"src":"truth"}},{"type":"Feature","geometry":{"type":"Polygon","coordinates":[[[-108.781539,36.868695],[-108.781542,36.868605],[-108.781429,36.868603],[-108.781427,36.868693],[-108.781539,36.868695]]]},"properties":{"src":"truth"}},{"type":"Feature","geometry":{"type":"Polygon","coordinates":[[[-108.771334,36.868504],[-108.771337,36.868414],[-108.771225,36.868412],[-108.771222,36.868502],[-108.771334,36.868504]]]},"properties":{"src":"truth"}},{"type":"Feature","geometry":{"type":"Polygon","coordinates":[[[-108.771225,36.868412],[-108.771227,36.868322],[-108.771115,36.86832],[-108.771113,36.86841],[-108.771225,36.868412]]]},"properties":{"src":"truth"}},{"type":"Feature","geometry":{"type":"Polygon","coordinates":[[[-108.778141,36.869803],[-108.778144,36.869713],[-108.77848,36.869719],[-108.778483,36.869629],[-108.778707,36.869634],[-108.778709,36.869544],[-108.778934,36.869548],[-108.778936,36.869458],[-108.779273,36.869464],[-108.779275,36.869374],[-108.7795,36.869378],[-108.779497,36.869468],[-108.779721,36.869472],[-108.779724,36.869382],[-108.78006,36.869389],[-108.780066,36.869208],[-108.780402,36.869215],[-108.780405,36.869125],[-108.780629,36.869129],[-108.780631,36.869039],[-108.780744,36.869041],[-108.780749,36.868861],[-108.780861,36.868863],[-108.780866,36.868683],[-108.780978,36.868685],[-108.780981,36.868595],[-108.781093,36.868597],[-108.781098,36.868417],[-108.780874,36.868412],[-108.780871,36.868502],[-108.780759,36.8685],[-108.780757,36.86859],[-108.780644,36.868588],[-108.780642,36.868678],[-108.78053,36.868676],[-108.780525,36.868856],[-108.780412,36.868854],[-108.780407,36.869035],[-108.780183,36.86903],[-108.78018,36.86912],[-108.779283,36.869104],[-108.779281,36.869194],[-108.778944,36.869187],[-108.778942,36.869277],[-108.778605,36.869271],[-108.778603,36.869361],[-108.77849,36.869359],[-108.778488,36.869449],[-108.778263,36.869445],[-108.778261,36.869535],[-108.778037,36.869531],[-108.778034,36.869621],[-108.777922,36.869619],[-108.777919,36.869709],[-108.777807,36.869707],[-108.777804,36.869797],[-108.778141,36.869803]]]},"properties":{"src":"truth"}},{"type":"Feature","geometry":{"type":"Polygon","coordinates":[[[-108.783451,36.868551],[-108.783453,36.86846],[-108.783341,36.868458],[-108.783338,36.868548],[-108.783451,36.868551]]]},"properties":{"src":"truth"}},{"type":"Feature","geometry":{"type":"Polygon","coordinates":[[[-108.757335,36.871485],[-108.757337,36.871395],[-108.758234,36.871412],[-108.758237,36.871322],[-108.758349,36.871324],[-108.758354,36.871144],[-108.758466,36.871146],[-108.758472,36.870966],[-108.758584,36.870968],[-108.758597,36.870518],[-108.758709,36.87052],[-108.758717,36.87025],[-108.758605,36.870247],[-108.758621,36.869707],[-108.758733,36.869709],[-108.758736,36.869619],[-108.758848,36.869621],[-108.758845,36.869711],[-108.758957,36.869713],[-108.758962,36.869533],[-108.758738,36.869529],[-108.758741,36.869439],[-108.758629,36.869437],[-108.758634,36.869257],[-108.758746,36.869259],[-108.758749,36.869169],[-108.758861,36.869171],[-108.758863,36.869081],[-108.7592,36.869087],[-108.759197,36.869177],[-108.759534,36.869183],[-108.759542,36.868913],[-108.759429,36.868911],[-108.759432,36.868821],[-108.759096,36.868815],[-108.759098,36.868725],[-108.758986,36.868722],[-108.758991,36.868542],[-108.758879,36.86854],[-108.758882,36.86845],[-108.760115,36.868473],[-108.760118,36.868383],[-108.760006,36.868381],[-108.760009,36.868291],[-108.759896,36.868289],[-108.759902,36.868109],[-108.759341,36.868098],[-108.759344,36.868008],[-108.758671,36.867995],[-108.758673,36.867905],[-108.758449,36.867901],[-108.758447,36.867991],[-108.757886,36.867981],[-108.757883,36.868071],[-108.757771,36.868069],[-108.757768,36.868159],[-108.757656,36.868157],[-108.757654,36.868247],[-108.757542,36.868245],[-108.757539,36.868335],[-108.757427,36.868333],[-108.757424,36.868423],[-108.757312,36.86842],[-108.757307,36.868601],[-108.757419,36.868603],[-108.757414,36.868783],[-108.757526,36.868785],[-108.757523,36.868875],[-108.757635,36.868877],[-108.757633,36.868967],[-108.757745,36.868969],[-108.757742,36.869059],[-108.757854,36.869062],[-108.757852,36.869152],[-108.757964,36.869154],[-108.757961,36.869244],[-108.758073,36.869246],[-108.758071,36.869336],[-108.758183,36.869338],[-108.758175,36.869608],[-108.758063,36.869606],[-108.75806,36.869696],[-108.758284,36.869701],[-108.758282,36.869791],[-108.758394,36.869793],[-108.758386,36.870063],[-108.757152,36.87004],[-108.75715,36.87013],[-108.757038,36.870128],[-108.757032,36.870308],[-108.75692,36.870306],[-108.756912,36.870576],[-108.757024,36.870578],[-108.757022,36.870668],[-108.757134,36.87067],[-108.757131,36.87076],[-108.757019,36.870758],[-108.757014,36.870938],[-108.756678,36.870932],[-108.75668,36.870842],[-108.756344,36.870836],[-108.756346,36.870746],[-108.756122,36.870741],[-108.756125,36.870651],[-108.756013,36.870649],[-108.756015,36.870559],[-108.755791,36.870555],[-108.755788,36.870645],[-108.755564,36.870641],[-108.755561,36.870731],[-108.755449,36.870729],[-108.755439,36.871089],[-108.755551,36.871091],[-108.755548,36.871181],[-108.75566,36.871183],[-108.755658,36.871273],[-108.756106,36.871282],[-108.756104,36.871372],[-108.756776,36.871385],[-108.756774,36.871475],[-108.757335,36.871485]]]},"properties":{"src":"truth"}},{"type":"Feature","geometry":{"type":"Polygon","coordinates":[[[-108.764567,36.869729],[-108.764569,36.869639],[-108.764457,36.869637],[-108.76446,36.869547],[-108.764348,36.869545],[-108.76435,36.869454],[-108.764126,36.86945],[-108.764129,36.86936],[-108.764353,36.869364],[-108.764363,36.869004],[-108.764139,36.869],[-108.764142,36.86891],[-108.763918,36.868906],[-108.76392,36.868815],[-108.763696,36.868811],[-108.763699,36.868721],[-108.763586,36.868719],[-108.763589,36.868629],[-108.763477,36.868627],[-108.76348,36.868537],[-108.763367,36.868535],[-108.76337,36.868445],[-108.763258,36.868442],[-108.76326,36.868352],[-108.763148,36.86835],[-108.763146,36.86844],[-108.763034,36.868438],[-108.763036,36.868348],[-108.762812,36.868344],[-108.762815,36.868254],[-108.763039,36.868258],[-108.763047,36.867988],[-108.762935,36.867986],[-108.762937,36.867896],[-108.762377,36.867885],[-108.762371,36.868065],[-108.762147,36.868061],[-108.762144,36.868151],[-108.762032,36.868149],[-108.76203,36.868239],[-108.761693,36.868233],[-108.761688,36.868413],[-108.761912,36.868417],[-108.761907,36.868597],[-108.762019,36.868599],[-108.762011,36.86887],[-108.762123,36.868872],[-108.762118,36.869052],[-108.762455,36.869058],[-108.762449,36.869238],[-108.762674,36.869243],[-108.762676,36.869153],[-108.763013,36.869159],[-108.76301,36.869249],[-108.762786,36.869245],[-108.762783,36.869335],[-108.763232,36.869343],[-108.763229,36.869433],[-108.763453,36.869438],[-108.763451,36.869528],[-108.763226,36.869523],[-108.763224,36.869613],[-108.762887,36.869607],[-108.762885,36.869697],[-108.763445,36.869708],[-108.763448,36.869618],[-108.763672,36.869622],[-108.763675,36.869532],[-108.763787,36.869534],[-108.763784,36.869624],[-108.763897,36.869626],[-108.763899,36.869536],[-108.764011,36.869538],[-108.764009,36.869628],[-108.764233,36.869632],[-108.76423,36.869723],[-108.764567,36.869729]],[[-108.762251,36.868333],[-108.762139,36.868331],[-108.762144,36.868151],[-108.762257,36.868153],[-108.762251,36.868333]]]},"properties":{"src":"truth"}},{"type":"Feature","geometry":{"type":"Polygon","coordinates":[[[-108.80084,36.868603],[-108.800843,36.868513],[-108.80073,36.868511],[-108.800728,36.868601],[-108.80084,36.868603]]]},"properties":{"src":"truth"}},{"type":"Feature","geometry":{"type":"Polygon","coordinates":[[[-108.80073,36.868511],[-108.800733,36.868421],[-108.800621,36.868419],[-108.800618,36.868509],[-108.80073,36.868511]]]},"properties":{"src":"truth"}},{"type":"Feature","geometry":{"type":"Polygon","coordinates":[[[-108.784121,36.868653],[-108.784126,36.868473],[-108.784238,36.868475],[-108.784243,36.868295],[-108.784019,36.868291],[-108.784024,36.868111],[-108.783912,36.868109],[-108.783915,36.868018],[-108.783803,36.868016],[-108.7838,36.868106],[-108.783688,36.868104],[-108.783685,36.868194],[-108.783573,36.868192],[-108.783568,36.868373],[-108.783456,36.86837],[-108.783453,36.86846],[-108.783565,36.868463],[-108.783563,36.868553],[-108.783675,36.868555],[-108.783672,36.868645],[-108.783784,36.868647],[-108.783787,36.868557],[-108.784011,36.868561],[-108.784009,36.868651],[-108.784121,36.868653]]]},"properties":{"src":"truth"}},{"type":"Feature","geometry":{"type":"Polygon","coordinates":[[[-108.780329,36.867861],[-108.780332,36.867771],[-108.780219,36.867769],[-108.780217,36.867859],[-108.780329,36.867861]]]},"properties":{"src":"truth"}},{"type":"Feature","geometry":{"type":"Polygon","coordinates":[[[-108.793566,36.867928],[-108.793569,36.867838],[-108.793345,36.867833],[-108.793342,36.867924],[-108.793566,36.867928]]]},"properties":{"src":"truth"}},{"type":"Feature","geometry":{"type":"Polygon","coordinates":[[[-108.801069,36.868427],[-108.801072,36.868337],[-108.801184,36.868339],[-108.801187,36.868249],[-108.801075,36.868247],[-108.801077,36.868157],[-108.800965,36.868155],[-108.800968,36.868065],[-108.800855,36.868063],[-108.800861,36.867883],[-108.800636,36.867879],[-108.800634,36.867969],[-108.800409,36.867965],[-108.800399,36.868325],[-108.800736,36.868331],[-108.800733,36.868421],[-108.801069,36.868427]]]},"properties":{"src":"truth"}},{"type":"Feature","geometry":{"type":"Polygon","coordinates":[[[-108.79716,36.867814],[-108.797165,36.867634],[-108.797053,36.867632],[-108.797048,36.867812],[-108.79716,36.867814]]]},"properties":{"src":"truth"}},{"type":"Feature","geometry":{"type":"Polygon","coordinates":[[[-108.800068,36.868138],[-108.80007,36.868048],[-108.800295,36.868053],[-108.8003,36.867872],[-108.800188,36.86787],[-108.80019,36.86778],[-108.800078,36.867778],[-108.800081,36.867688],[-108.799969,36.867686],[-108.799971,36.867596],[-108.799859,36.867594],[-108.799857,36.867684],[-108.799744,36.867682],[-108.799739,36.867862],[-108.799851,36.867864],[-108.799849,36.867954],[-108.799737,36.867952],[-108.799734,36.868042],[-108.799846,36.868044],[-108.799844,36.868134],[-108.800068,36.868138]]]},"properties":{"src":"truth"}},{"type":"Feature","geometry":{"type":"Polygon","coordinates":[[[-108.795932,36.867611],[-108.795934,36.867521],[-108.795822,36.867519],[-108.79582,36.867609],[-108.795932,36.867611]]]},"properties":{"src":"truth"}},{"type":"Feature","geometry":{"type":"Polygon","coordinates":[[[-108.78113,36.867336],[-108.781135,36.867155],[-108.781023,36.867153],[-108.781017,36.867333],[-108.78113,36.867336]]]},"properties":{"src":"truth"}},{"type":"Feature","geometry":{"type":"Polygon","coordinates":[[[-108.797168,36.867544],[-108.79717,36.867454],[-108.797283,36.867456],[-108.797288,36.867276],[-108.797176,36.867274],[-108.797173,36.867364],[-108.797061,36.867362],[-108.797056,36.867542],[-108.797168,36.867544]]]},"properties":{"src":"truth"}},{"type":"Feature","geometry":{"type":"Polygon","coordinates":[[[-108.781925,36.86699],[-108.781928,36.8669],[-108.781815,36.866898],[-108.781813,36.866988],[-108.781925,36.86699]]]},"properties":{"src":"truth"}},{"type":"Feature","geometry":{"type":"Polygon","coordinates":[[[-108.797953,36.867558],[-108.797958,36.867378],[-108.79807,36.86738],[-108.798075,36.8672],[-108.798187,36.867202],[-108.79819,36.867112],[-108.798078,36.86711],[-108.79808,36.86702],[-108.797968,36.867018],[-108.797966,36.867108],[-108.797854,36.867106],[-108.797843,36.867466],[-108.797731,36.867464],[-108.797728,36.867554],[-108.797953,36.867558]]]},"properties":{"src":"truth"}},{"type":"Feature","geometry":{"type":"Polygon","coordinates":[[[-108.787764,36.866828],[-108.787766,36.866738],[-108.787654,36.866736],[-108.787652,36.866826],[-108.787764,36.866828]]]},"properties":{"src":"truth"}},{"type":"Feature","geometry":{"type":"Polygon","coordinates":[[[-108.800086,36.867508],[-108.800089,36.867418],[-108.800201,36.86742],[-108.800211,36.86706],[-108.800099,36.867057],[-108.800104,36.866877],[-108.79988,36.866873],[-108.799864,36.867414],[-108.799976,36.867416],[-108.799974,36.867506],[-108.800086,36.867508]]]},"properties":{"src":"truth"}},{"type":"Feature","geometry":{"type":"Polygon","coordinates":[[[-108.781023,36.867153],[-108.78103,36.866883],[-108.780918,36.866881],[-108.780923,36.866701],[-108.780811,36.866699],[-108.780819,36.866429],[-108.780707,36.866426],[-108.78071,36.866336],[-108.780598,36.866334],[-108.780587,36.866695],[-108.780699,36.866697],[-108.780694,36.866877],[-108.780806,36.866879],[-108.780801,36.867059],[-108.780913,36.867061],[-108.78091,36.867151],[-108.781023,36.867153]]]},"properties":{"src":"truth"}},{"type":"Feature","geometry":{"type":"Polygon","coordinates":[[[-108.783067,36.86629],[-108.78307,36.8662],[-108.782958,36.866198],[-108.782955,36.866288],[-108.783067,36.86629]]]},"properties":{"src":"truth"}},{"type":"Feature","geometry":{"type":"Polygon","coordinates":[[[-108.777914,36.866014],[-108.777917,36.865924],[-108.777805,36.865922],[-108.777802,36.866012],[-108.777914,36.866014]]]},"properties":{"src":"truth"}},{"type":"Feature","geometry":{"type":"Polygon","coordinates":[[[-108.77999,36.867945],[-108.779995,36.867765],[-108.779883,36.867763],[-108.779886,36.867673],[-108.78011,36.867677],[-108.780107,36.867767],[-108.780219,36.867769],[-108.780227,36.867499],[-108.780115,36.867497],[-108.780123,36.867227],[-108.780011,36.867225],[-108.780016,36.867044],[-108.779904,36.867042],[-108.779906,36.866952],[-108.779682,36.866948],[-108.779687,36.866768],[-108.7798,36.86677],[-108.779802,36.86668],[-108.77969,36.866678],[-108.779695,36.866498],[-108.779583,36.866496],[-108.779591,36.866225],[-108.779479,36.866223],[-108.779481,36.866133],[-108.778809,36.866121],[-108.778811,36.86603],[-108.778587,36.866026],[-108.77859,36.865936],[-108.778477,36.865934],[-108.778475,36.866024],[-108.778363,36.866022],[-108.77836,36.866112],[-108.778136,36.866108],[-108.778138,36.866018],[-108.777914,36.866014],[-108.777911,36.866104],[-108.778024,36.866106],[-108.778021,36.866196],[-108.778133,36.866198],[-108.778125,36.866468],[-108.778013,36.866466],[-108.778011,36.866556],[-108.777898,36.866554],[-108.777896,36.866644],[-108.777672,36.86664],[-108.777669,36.86673],[-108.777445,36.866726],[-108.777447,36.866636],[-108.777335,36.866634],[-108.77734,36.866454],[-108.777453,36.866456],[-108.777455,36.866366],[-108.777343,36.866364],[-108.777346,36.866273],[-108.777233,36.866271],[-108.777236,36.866181],[-108.777124,36.866179],[-108.777127,36.866089],[-108.777014,36.866087],[-108.777017,36.865997],[-108.776905,36.865995],[-108.776907,36.865905],[-108.776795,36.865903],[-108.776798,36.865813],[-108.776686,36.86581],[-108.776678,36.866081],[-108.77679,36.866083],[-108.776788,36.866173],[-108.7769,36.866175],[-108.776897,36.866265],[-108.777121,36.866269],[-108.777119,36.866359],[-108.777231,36.866361],[-108.777213,36.866992],[-108.777325,36.866994],[-108.777322,36.867084],[-108.777434,36.867086],[-108.777432,36.867176],[-108.777544,36.867178],[-108.777541,36.867269],[-108.777878,36.867275],[-108.77788,36.867185],[-108.777768,36.867183],[-108.777771,36.867093],[-108.777883,36.867095],[-108.777885,36.867005],[-108.77811,36.867009],[-108.778115,36.866829],[-108.778227,36.866831],[-108.778232,36.866651],[-108.778344,36.866653],[-108.778347,36.866563],[-108.778683,36.866569],[-108.778681,36.866659],[-108.778793,36.866661],[-108.77879,36.866751],[-108.778678,36.866749],[-108.778676,36.866839],[-108.7789,36.866843],[-108.778902,36.866753],[-108.779015,36.866755],[-108.779007,36.867026],[-108.779119,36.867028],[-108.779116,36.867118],[-108.779228,36.86712],[-108.779226,36.86721],[-108.77945,36.867214],[-108.779437,36.867664],[-108.779549,36.867667],[-108.779552,36.867576],[-108.779664,36.867579],[-108.779661,36.867669],[-108.779773,36.867671],[-108.779768,36.867851],[-108.77988,36.867853],[-108.779878,36.867943],[-108.77999,36.867945]]]},"properties":{"src":"truth"}},{"type":"Feature","geometry":{"type":"Polygon","coordinates":[[[-108.777692,36.865919],[-108.777695,36.865829],[-108.777583,36.865827],[-108.77758,36.865917],[-108.777692,36.865919]]]},"properties":{"src":"truth"}},{"type":"Feature","geometry":{"type":"Polygon","coordinates":[[[-108.766455,36.86652],[-108.766458,36.86643],[-108.766907,36.866438],[-108.766909,36.866348],[-108.767021,36.86635],[-108.767024,36.86626],[-108.767136,36.866262],[-108.767139,36.866172],[-108.766914,36.866168],[-108.766917,36.866078],[-108.766805,36.866076],[-108.766808,36.865986],[-108.766583,36.865981],[-108.766581,36.866072],[-108.766469,36.866069],[-108.766466,36.86616],[-108.76613,36.866153],[-108.766132,36.866063],[-108.76602,36.866061],[-108.766023,36.865971],[-108.765911,36.865969],[-108.765913,36.865879],[-108.765801,36.865877],[-108.765804,36.865787],[-108.765579,36.865782],[-108.765582,36.865692],[-108.765246,36.865686],[-108.765248,36.865596],[-108.765024,36.865592],[-108.765027,36.865502],[-108.764802,36.865497],[-108.7648,36.865587],[-108.764688,36.865585],[-108.764685,36.865675],[-108.764573,36.865673],[-108.76457,36.865763],[-108.764682,36.865765],[-108.76468,36.865856],[-108.764455,36.865851],[-108.764453,36.865941],[-108.764565,36.865944],[-108.764562,36.866034],[-108.764899,36.86604],[-108.764893,36.86622],[-108.765118,36.866224],[-108.765115,36.866314],[-108.765564,36.866323],[-108.765561,36.866413],[-108.766346,36.866428],[-108.766343,36.866518],[-108.766455,36.86652]]]},"properties":{"src":"truth"}},{"type":"Feature","geometry":{"type":"Polygon","coordinates":[[[-108.786329,36.865991],[-108.786332,36.8659],[-108.78622,36.865898],[-108.786217,36.865988],[-108.786329,36.865991]]]},"properties":{"src":"truth"}},{"type":"Feature","geometry":{"type":"Polygon","coordinates":[[[-108.777473,36.865735],[-108.777476,36.865645],[-108.777364,36.865643],[-108.777361,36.865733],[-108.777473,36.865735]]]},"properties":{"src":"truth"}},{"type":"Feature","geometry":{"type":"Polygon","coordinates":[[[-108.773749,36.870352],[-108.773752,36.870262],[-108.773864,36.870264],[-108.773869,36.870084],[-108.773981,36.870086],[-108.773984,36.869996],[-108.774096,36.869998],[-108.774101,36.869818],[-108.774213,36.86982],[-108.774216,36.86973],[-108.774328,36.869732],[-108.774336,36.869462],[-108.774448,36.869464],[-108.774453,36.869284],[-108.774565,36.869286],[-108.774568,36.869196],[-108.775241,36.869208],[-108.775244,36.869118],[-108.775356,36.86912],[-108.775358,36.86903],[-108.77547,36.869032],[-108.775486,36.868492],[-108.775374,36.86849],[-108.775384,36.868129],[-108.775497,36.868132],[-108.77551,36.867681],[-108.775397,36.867679],[-108.775408,36.867319],[-108.775296,36.867317],[-108.775304,36.867046],[-108.775192,36.867044],[-108.775207,36.866504],[-108.775431,36.866508],[-108.775434,36.866418],[-108.775658,36.866422],[-108.775661,36.866332],[-108.775885,36.866336],[-108.775888,36.866246],[-108.776,36.866248],[-108.776003,36.866158],[-108.776227,36.866162],[-108.776232,36.865982],[-108.776344,36.865984],[-108.776349,36.865804],[-108.776462,36.865806],[-108.776459,36.865896],[-108.776571,36.865898],[-108.776574,36.865808],[-108.776686,36.86581],[-108.776688,36.86572],[-108.776576,36.865718],[-108.776582,36.865538],[-108.776133,36.86553],[-108.77613,36.86562],[-108.776018,36.865618],[-108.776021,36.865528],[-108.775909,36.865526],[-108.775906,36.865616],[-108.775794,36.865614],[-108.775789,36.865794],[-108.775452,36.865787],[-108.775447,36.865968],[-108.775559,36.86597],[-108.775554,36.86615],[-108.775442,36.866148],[-108.775445,36.866058],[-108.775332,36.866056],[-108.775327,36.866236],[-108.775103,36.866231],[-108.7751,36.866322],[-108.774652,36.866313],[-108.774649,36.866403],[-108.774761,36.866405],[-108.774759,36.866495],[-108.774647,36.866493],[-108.774644,36.866583],[-108.774532,36.866581],[-108.774534,36.866491],[-108.774422,36.866489],[-108.774417,36.866669],[-108.774193,36.866665],[-108.77419,36.866755],[-108.774078,36.866753],[-108.774075,36.866843],[-108.774188,36.866845],[-108.774182,36.867025],[-108.773846,36.867019],[-108.773848,36.866929],[-108.773736,36.866927],[-108.773734,36.867017],[-108.773622,36.867015],[-108.773629,36.866745],[-108.773405,36.86674],[-108.773403,36.86683],[-108.773178,36.866826],[-108.773176,36.866916],[-108.772839,36.86691],[-108.772842,36.86682],[-108.77273,36.866818],[-108.772732,36.866728],[-108.77262,36.866726],[-108.772618,36.866816],[-108.772393,36.866812],[-108.772391,36.866902],[-108.772279,36.8669],[-108.772276,36.86699],[-108.772052,36.866985],[-108.772049,36.867076],[-108.771937,36.867073],[-108.771934,36.867163],[-108.77171,36.867159],[-108.771707,36.867249],[-108.77182,36.867251],[-108.771814,36.867432],[-108.771926,36.867434],[-108.771921,36.867614],[-108.772033,36.867616],[-108.772031,36.867706],[-108.771919,36.867704],[-108.771916,36.867794],[-108.771804,36.867792],[-108.771801,36.867882],[-108.771689,36.86788],[-108.771687,36.86797],[-108.771574,36.867968],[-108.771572,36.868058],[-108.771796,36.868062],[-108.771791,36.868242],[-108.771567,36.868238],[-108.771564,36.868328],[-108.771452,36.868326],[-108.771447,36.868506],[-108.771334,36.868504],[-108.771332,36.868594],[-108.771444,36.868596],[-108.771439,36.868776],[-108.771999,36.868787],[-108.771997,36.868877],[-108.771885,36.868875],[-108.771879,36.869055],[-108.771992,36.869057],[-108.771989,36.869147],[-108.772101,36.869149],[-108.772098,36.869239],[-108.772323,36.869244],[-108.772325,36.869154],[-108.772437,36.869156],[-108.772443,36.868976],[-108.772555,36.868978],[-108.77256,36.868798],[-108.772672,36.8688],[-108.772675,36.86871],[-108.772899,36.868714],[-108.772902,36.868624],[-108.773014,36.868626],[-108.773011,36.868716],[-108.773123,36.868718],[-108.773121,36.868808],[-108.773233,36.86881],[-108.773228,36.86899],[-108.77334,36.868992],[-108.773337,36.869082],[-108.773561,36.869087],[-108.773559,36.869177],[-108.773671,36.869179],[-108.773674,36.869089],[-108.774346,36.869101],[-108.774344,36.869191],[-108.774232,36.869189],[-108.774221,36.86955],[-108.774109,36.869548],[-108.774104,36.869728],[-108.773992,36.869726],[-108.773989,36.869816],[-108.773877,36.869814],[-108.773872,36.869994],[-108.77376,36.869992],[-108.773757,36.870082],[-108.773645,36.87008],[-108.77364,36.87026],[-108.773527,36.870258],[-108.773525,36.870348],[-108.773749,36.870352]],[[-108.77424,36.868919],[-108.773903,36.868913],[-108.773906,36.868823],[-108.773681,36.868819],[-108.773687,36.868638],[-108.773462,36.868634],[-108.773465,36.868544],[-108.773241,36.86854],[-108.773243,36.86845],[-108.773019,36.868446],[-108.773022,36.868356],[-108.772685,36.868349],[-108.772683,36.868439],[-108.772458,36.868435],[-108.772461,36.868345],[-108.772349,36.868343],[-108.772359,36.867983],[-108.772471,36.867985],[-108.772474,36.867895],[-108.772362,36.867893],[-108.772365,36.867802],[-108.772477,36.867805],[-108.772479,36.867714],[-108.772591,36.867717],[-108.772597,36.867536],[-108.773157,36.867547],[-108.773155,36.867637],[-108.773379,36.867641],[-108.773376,36.867731],[-108.774161,36.867746],[-108.774164,36.867656],[-108.774276,36.867658],[-108.774284,36.867388],[-108.774396,36.86739],[-108.774391,36.86757],[-108.774503,36.867572],[-108.7745,36.867662],[-108.774613,36.867664],[-108.774615,36.867574],[-108.774727,36.867576],[-108.77473,36.867486],[-108.774842,36.867488],[-108.774829,36.867939],[-108.774717,36.867937],[-108.774699,36.868567],[-108.774586,36.868565],[-108.774581,36.868745],[-108.774357,36.868741],[-108.774354,36.868831],[-108.774242,36.868829],[-108.77424,36.868919]],[[-108.772015,36.868247],[-108.771903,36.868244],[-108.771911,36.867974],[-108.771799,36.867972],[-108.771801,36.867882],[-108.772138,36.867888],[-108.77213,36.868159],[-108.772018,36.868156],[-108.772015,36.868247]],[[-108.775671,36.865972],[-108.775559,36.86597],[-108.775562,36.86588],[-108.775674,36.865882],[-108.775671,36.865972]]]},"properties":{"src":"truth"}},{"type":"Feature","geometry":{"type":"Polygon","coordinates":[[[-108.793905,36.867844],[-108.793913,36.867574],[-108.794025,36.867576],[-108.794033,36.867306],[-108.794145,36.867308],[-108.79415,36.867127],[-108.794263,36.86713],[-108.794265,36.867039],[-108.794153,36.867037],[-108.794156,36.866947],[-108.794268,36.866949],[-108.794273,36.866769],[-108.794385,36.866771],[-108.794382,36.866861],[-108.794831,36.86687],[-108.794828,36.86696],[-108.795613,36.866974],[-108.795608,36.867154],[-108.795833,36.867159],[-108.79583,36.867249],[-108.795942,36.867251],[-108.795934,36.867521],[-108.796159,36.867525],[-108.796166,36.867255],[-108.796278,36.867257],[-108.796286,36.866987],[-108.797071,36.867001],[-108.797069,36.867091],[-108.797181,36.867094],[-108.797178,36.867184],[-108.79729,36.867186],[-108.797295,36.867006],[-108.797632,36.867012],[-108.797634,36.866922],[-108.797522,36.86692],[-108.797525,36.86683],[-108.797189,36.866823],[-108.797191,36.866733],[-108.796967,36.866729],[-108.796964,36.866819],[-108.796291,36.866807],[-108.796294,36.866717],[-108.796406,36.866719],[-108.796416,36.866358],[-108.796529,36.86636],[-108.796536,36.86609],[-108.796649,36.866092],[-108.796659,36.865732],[-108.796547,36.86573],[-108.796544,36.86582],[-108.796432,36.865818],[-108.796422,36.866178],[-108.79631,36.866176],[-108.796297,36.866626],[-108.796184,36.866624],[-108.796179,36.866805],[-108.796067,36.866802],[-108.79607,36.866712],[-108.795958,36.86671],[-108.795955,36.8668],[-108.795394,36.86679],[-108.795397,36.8667],[-108.795285,36.866698],[-108.795282,36.866788],[-108.795058,36.866784],[-108.795068,36.866423],[-108.794956,36.866421],[-108.794954,36.866511],[-108.794841,36.866509],[-108.794836,36.86669],[-108.7945,36.866683],[-108.794502,36.866593],[-108.794278,36.866589],[-108.794281,36.866499],[-108.794056,36.866495],[-108.794059,36.866405],[-108.793723,36.866398],[-108.793725,36.866308],[-108.793501,36.866304],[-108.793504,36.866214],[-108.793279,36.86621],[-108.793282,36.86612],[-108.792945,36.866114],[-108.792943,36.866204],[-108.793167,36.866208],[-108.793165,36.866298],[-108.793277,36.8663],[-108.793274,36.86639],[-108.793386,36.866392],[-108.793384,36.866482],[-108.79372,36.866489],[-108.793717,36.866579],[-108.793605,36.866577],[-108.7936,36.866757],[-108.793488,36.866755],[-108.793483,36.866935],[-108.793595,36.866937],[-108.793592,36.867027],[-108.793704,36.867029],[-108.79371,36.866849],[-108.793934,36.866853],[-108.793929,36.867033],[-108.793817,36.867031],[-108.793806,36.867391],[-108.793694,36.867389],[-108.793689,36.86757],[-108.793577,36.867567],[-108.793569,36.867838],[-108.793905,36.867844]]]},"properties":{"src":"truth"}},{"type":"Feature","geometry":{"type":"Polygon","coordinates":[[[-108.76414,36.865124],[-108.764143,36.865034],[-108.76403,36.865032],[-108.764028,36.865122],[-108.76414,36.865124]]]},"properties":{"src":"truth"}},{"type":"Feature","geometry":{"type":"Polygon","coordinates":[[[-108.784887,36.865423],[-108.78489,36.865333],[-108.784778,36.865331],[-108.784775,36.865421],[-108.784887,36.865423]]]},"properties":{"src":"truth"}},{"type":"Feature","geometry":{"type":"Polygon","coordinates":[[[-108.796667,36.865462],[-108.796669,36.865372],[-108.796557,36.86537],[-108.796554,36.86546],[-108.796667,36.865462]]]},"properties":{"src":"truth"}},{"type":"Feature","geometry":{"type":"Polygon","coordinates":[[[-108.792737,36.865569],[-108.792744,36.865299],[-108.792857,36.865301],[-108.792859,36.865211],[-108.792635,36.865207],[-108.792632,36.865297],[-108.792184,36.865288],[-108.792179,36.865469],[-108.792291,36.865471],[-108.792288,36.865561],[-108.792737,36.865569]]]},"properties":{"src":"truth"}},{"type":"Feature","geometry":{"type":"Polygon","coordinates":[[[-108.792184,36.865288],[-108.792186,36.865198],[-108.792074,36.865196],[-108.792072,36.865286],[-108.792184,36.865288]]]},"properties":{"src":"truth"}},{"type":"Feature","geometry":{"type":"Polygon","coordinates":[[[-108.779176,36.865046],[-108.779179,36.864956],[-108.779067,36.864954],[-108.779064,36.865044],[-108.779176,36.865046]]]},"properties":{"src":"truth"}},{"type":"Feature","geometry":{"type":"Polygon","coordinates":[[[-108.781195,36.865084],[-108.7812,36.864903],[-108.781088,36.864901],[-108.781085,36.864991],[-108.780973,36.864989],[-108.78097,36.865079],[-108.781195,36.865084]]]},"properties":{"src":"truth"}},{"type":"Feature","geometry":{"type":"Polygon","coordinates":[[[-108.77794,36.865113],[-108.777943,36.865023],[-108.777831,36.865021],[-108.777833,36.864931],[-108.777721,36.864929],[-108.777724,36.864838],[-108.777612,36.864836],[-108.777614,36.864746],[-108.777502,36.864744],[-108.777494,36.865014],[-108.777719,36.865019],[-108.777716,36.865109],[-108.77794,36.865113]]]},"properties":{"src":"truth"}},{"type":"Feature","geometry":{"type":"Polygon","coordinates":[[[-108.796781,36.865374],[-108.796784,36.865284],[-108.796896,36.865286],[-108.796899,36.865196],[-108.796787,36.865194],[-108.796789,36.865103],[-108.796677,36.865101],[-108.796669,36.865372],[-108.796781,36.865374]]]},"properties":{"src":"truth"}},{"type":"Feature","geometry":{"type":"Polygon","coordinates":[[[-108.777502,36.864744],[-108.777507,36.864564],[-108.777395,36.864562],[-108.777403,36.864292],[-108.777291,36.86429],[-108.77728,36.86465],[-108.777393,36.864652],[-108.77739,36.864742],[-108.777502,36.864744]]]},"properties":{"src":"truth"}},{"type":"Feature","geometry":{"type":"Polygon","coordinates":[[[-108.792877,36.86458],[-108.792888,36.86422],[-108.792663,36.864216],[-108.792661,36.864306],[-108.792549,36.864304],[-108.792554,36.864124],[-108.792442,36.864121],[-108.792439,36.864212],[-108.792327,36.864209],[-108.792319,36.86448],[-108.792544,36.864484],[-108.792541,36.864574],[-108.792877,36.86458]]]},"properties":{"src":"truth"}},{"type":"Feature","geometry":{"type":"Polygon","coordinates":[[[-108.797811,36.864672],[-108.797827,36.864131],[-108.797715,36.864129],[-108.797712,36.864219],[-108.7976,36.864217],[-108.797595,36.864397],[-108.797258,36.864391],[-108.797253,36.864571],[-108.797365,36.864573],[-108.797363,36.864663],[-108.797811,36.864672]]]},"properties":{"src":"truth"}},{"type":"Feature","geometry":{"type":"Polygon","coordinates":[[[-108.792778,36.864128],[-108.792781,36.864038],[-108.792557,36.864033],[-108.792554,36.864124],[-108.792778,36.864128]]]},"properties":{"src":"truth"}},{"type":"Feature","geometry":{"type":"Polygon","coordinates":[[[-108.762421,36.866354],[-108.762424,36.866264],[-108.762648,36.866268],[-108.762651,36.866178],[-108.762875,36.866182],[-108.762878,36.866092],[-108.76299,36.866094],[-108.762992,36.866004],[-108.762768,36.866],[-108.762773,36.86582],[-108.762661,36.865818],[-108.762664,36.865727],[-108.762215,36.865719],[-108.762218,36.865629],[-108.76233,36.865631],[-108.762333,36.865541],[-108.762221,36.865539],[-108.762223,36.865449],[-108.762111,36.865447],[-108.762108,36.865537],[-108.761996,36.865535],[-108.761994,36.865625],[-108.761769,36.86562],[-108.761772,36.86553],[-108.76166,36.865528],[-108.761663,36.865438],[-108.76155,36.865436],[-108.761561,36.865076],[-108.762009,36.865084],[-108.762012,36.864994],[-108.762461,36.865003],[-108.762458,36.865093],[-108.76257,36.865095],[-108.762575,36.864915],[-108.762912,36.864921],[-108.762917,36.864741],[-108.763141,36.864745],[-108.763144,36.864655],[-108.763256,36.864657],[-108.763253,36.864747],[-108.763366,36.864749],[-108.763363,36.864839],[-108.763475,36.864841],[-108.76347,36.865022],[-108.763694,36.865026],[-108.763686,36.865296],[-108.763798,36.865298],[-108.763793,36.865478],[-108.763905,36.86548],[-108.763903,36.865571],[-108.764015,36.865573],[-108.764009,36.865753],[-108.764122,36.865755],[-108.764119,36.865845],[-108.764231,36.865847],[-108.764236,36.865667],[-108.764124,36.865665],[-108.764129,36.865485],[-108.764017,36.865483],[-108.764028,36.865122],[-108.763916,36.86512],[-108.763921,36.86494],[-108.764033,36.864942],[-108.764036,36.864852],[-108.763924,36.86485],[-108.763926,36.86476],[-108.763814,36.864758],[-108.763811,36.864848],[-108.763699,36.864846],[-108.763705,36.864666],[-108.763817,36.864668],[-108.763819,36.864578],[-108.763595,36.864573],[-108.763598,36.864483],[-108.76371,36.864485],[-108.763723,36.864035],[-108.763611,36.864033],[-108.763613,36.863943],[-108.763501,36.863941],[-108.763499,36.864031],[-108.763274,36.864027],[-108.763272,36.864117],[-108.76316,36.864115],[-108.763162,36.864024],[-108.76305,36.864022],[-108.763053,36.863932],[-108.763165,36.863934],[-108.763168,36.863844],[-108.763055,36.863842],[-108.763058,36.863752],[-108.762946,36.86375],[-108.762943,36.86384],[-108.762831,36.863838],[-108.762826,36.864018],[-108.762714,36.864016],[-108.762716,36.863926],[-108.762604,36.863924],[-108.762607,36.863834],[-108.762271,36.863827],[-108.762273,36.863737],[-108.761825,36.863729],[-108.761819,36.863909],[-108.761707,36.863907],[-108.761705,36.863997],[-108.761817,36.863999],[-108.761814,36.864089],[-108.76159,36.864085],[-108.761587,36.864175],[-108.761363,36.864171],[-108.761366,36.864081],[-108.761478,36.864083],[-108.76148,36.863993],[-108.761256,36.863989],[-108.761259,36.863898],[-108.761371,36.863901],[-108.761373,36.86381],[-108.760813,36.8638],[-108.760808,36.86398],[-108.76092,36.863982],[-108.760917,36.864072],[-108.760693,36.864068],[-108.760695,36.863978],[-108.760583,36.863976],[-108.760586,36.863886],[-108.760474,36.863884],[-108.760482,36.863613],[-108.76037,36.863611],[-108.760377,36.863341],[-108.760265,36.863339],[-108.760263,36.863429],[-108.760038,36.863425],[-108.760031,36.863695],[-108.760143,36.863697],[-108.760137,36.863877],[-108.76025,36.863879],[-108.760244,36.86406],[-108.760356,36.864062],[-108.760351,36.864242],[-108.760463,36.864244],[-108.760458,36.864424],[-108.76057,36.864426],[-108.760554,36.864967],[-108.760667,36.864969],[-108.760661,36.865149],[-108.760773,36.865151],[-108.760768,36.865331],[-108.76088,36.865333],[-108.760875,36.865514],[-108.760987,36.865516],[-108.760985,36.865606],[-108.761097,36.865608],[-108.761094,36.865698],[-108.761206,36.8657],[-108.761204,36.86579],[-108.761316,36.865792],[-108.761313,36.865882],[-108.761425,36.865884],[-108.761423,36.865974],[-108.761647,36.865979],[-108.761644,36.866069],[-108.761756,36.866071],[-108.761754,36.866161],[-108.761978,36.866165],[-108.761975,36.866255],[-108.7622,36.866259],[-108.762197,36.86635],[-108.762421,36.866354]],[[-108.763913,36.86521],[-108.763801,36.865208],[-108.763804,36.865118],[-108.763916,36.86512],[-108.763913,36.86521]],[[-108.760471,36.863974],[-108.760359,36.863972],[-108.760362,36.863882],[-108.760474,36.863884],[-108.760471,36.863974]]]},"properties":{"src":"truth"}},{"type":"Feature","geometry":{"type":"Polygon","coordinates":[[[-108.778884,36.863508],[-108.778887,36.863418],[-108.778775,36.863416],[-108.778772,36.863506],[-108.778884,36.863508]]]},"properties":{"src":"truth"}},{"type":"Feature","geometry":{"type":"Polygon","coordinates":[[[-108.796901,36.865106],[-108.796914,36.864655],[-108.797026,36.864657],[-108.797037,36.864297],[-108.797149,36.864299],[-108.797167,36.863668],[-108.797055,36.863666],[-108.79705,36.863847],[-108.796937,36.863844],[-108.796919,36.864475],[-108.796807,36.864473],[-108.796794,36.864923],[-108.796682,36.864921],[-108.79668,36.865011],[-108.796792,36.865013],[-108.796789,36.865103],[-108.796901,36.865106]]]},"properties":{"src":"truth"}},{"type":"Feature","geometry":{"type":"Polygon","coordinates":[[[-108.793112,36.864224],[-108.79312,36.863954],[-108.793232,36.863956],[-108.793229,36.864046],[-108.793454,36.86405],[-108.793456,36.86396],[-108.793568,36.863962],[-108.793576,36.863692],[-108.79324,36.863686],[-108.793242,36.863596],[-108.79313,36.863594],[-108.793128,36.863684],[-108.793015,36.863682],[-108.793013,36.863772],[-108.792901,36.86377],[-108.792888,36.86422],[-108.793112,36.864224]]]},"properties":{"src":"truth"}},{"type":"Feature","geometry":{"type":"Polygon","coordinates":[[[-108.795071,36.866333],[-108.795073,36.866243],[-108.795186,36.866245],[-108.795191,36.866065],[-108.795303,36.866067],[-108.795316,36.865617],[-108.79554,36.865621],[-108.795543,36.865531],[-108.795431,36.865529],[-108.795433,36.865439],[-108.795545,36.865441],[-108.79555,36.865261],[-108.795663,36.865263],[-108.795665,36.865173],[-108.795553,36.865171],[-108.795556,36.865081],[-108.795668,36.865083],[-108.795678,36.864722],[-108.79579,36.864724],[-108.795795,36.864544],[-108.795908,36.864546],[-108.795915,36.864276],[-108.796027,36.864278],[-108.79603,36.864188],[-108.795918,36.864186],[-108.795921,36.864096],[-108.796033,36.864098],[-108.79604,36.863828],[-108.796153,36.86383],[-108.796158,36.86365],[-108.796046,36.863648],[-108.796043,36.863738],[-108.795931,36.863736],[-108.795926,36.863916],[-108.795814,36.863914],[-108.795801,36.864364],[-108.795688,36.864362],[-108.795686,36.864452],[-108.795574,36.86445],[-108.795569,36.86463],[-108.795456,36.864628],[-108.795449,36.864898],[-108.795337,36.864896],[-108.795334,36.864986],[-108.795446,36.864988],[-108.795441,36.865169],[-108.795329,36.865167],[-108.795324,36.865347],[-108.795211,36.865345],[-108.795204,36.865615],[-108.795092,36.865613],[-108.795084,36.865883],[-108.795196,36.865885],[-108.795193,36.865975],[-108.795081,36.865973],[-108.795079,36.866063],[-108.794966,36.866061],[-108.794959,36.866331],[-108.795071,36.866333]]]},"properties":{"src":"truth"}},{"type":"Feature","geometry":{"type":"Polygon","coordinates":[[[-108.774623,36.863429],[-108.774628,36.863248],[-108.774516,36.863246],[-108.774511,36.863426],[-108.774623,36.863429]]]},"properties":{"src":"truth"}},{"type":"Feature","geometry":{"type":"Polygon","coordinates":[[[-108.79313,36.863594],[-108.793133,36.863503],[-108.793021,36.863501],[-108.793018,36.863591],[-108.79313,36.863594]]]},"properties":{"src":"truth"}},{"type":"Feature","geometry":{"type":"Polygon","coordinates":[[[-108.794927,36.863537],[-108.794929,36.863447],[-108.794817,36.863445],[-108.794815,36.863535],[-108.794927,36.863537]]]},"properties":{"src":"truth"}},{"type":"Feature","geometry":{"type":"Polygon","coordinates":[[[-108.797837,36.863771],[-108.79784,36.863681],[-108.797728,36.863679],[-108.79773,36.863589],[-108.797842,36.863591],[-108.797845,36.863501],[-108.797733,36.863499],[-108.797735,36.863409],[-108.797511,36.863404],[-108.797508,36.863495],[-108.797396,36.863492],[-108.797394,36.863583],[-108.797282,36.86358],[-108.797279,36.863671],[-108.797615,36.863677],[-108.797613,36.863767],[-108.797837,36.863771]]]},"properties":{"src":"truth"}},{"type":"Feature","geometry":{"type":"Polygon","coordinates":[[[-108.794484,36.863348],[-108.794486,36.863258],[-108.794374,36.863256],[-108.794371,36.863346],[-108.794484,36.863348]]]},"properties":{"src":"truth"}},{"type":"Feature","geometry":{"type":"Polygon","coordinates":[[[-108.77817,36.864937],[-108.778178,36.864667],[-108.77829,36.864669],[-108.778305,36.864128],[-108.778193,36.864126],[-108.778204,36.863766],[-108.778316,36.863768],[-108.778324,36.863498],[-108.778211,36.863496],[-108.778219,36.863225],[-108.778107,36.863223],[-108.778118,36.862863],[-108.778005,36.862861],[-108.778008,36.862771],[-108.777896,36.862769],[-108.777899,36.862679],[-108.777786,36.862677],[-108.777784,36.862767],[-108.777672,36.862765],[-108.777664,36.863035],[-108.777552,36.863033],[-108.777549,36.863123],[-108.777661,36.863125],[-108.77764,36.863846],[-108.777528,36.863843],[-108.777513,36.864384],[-108.777625,36.864386],[-108.777619,36.864566],[-108.777732,36.864568],[-108.777726,36.864748],[-108.777839,36.864751],[-108.777836,36.864841],[-108.777948,36.864843],[-108.777945,36.864933],[-108.77817,36.864937]]]},"properties":{"src":"truth"}},{"type":"Feature","geometry":{"type":"Polygon","coordinates":[[[-108.793362,36.863327],[-108.793367,36.863147],[-108.793479,36.863149],[-108.793485,36.862969],[-108.793373,36.862967],[-108.79337,36.863057],[-108.793146,36.863053],[-108.793143,36.863143],[-108.793255,36.863145],[-108.79325,36.863325],[-108.793362,36.863327]]]},"properties":{"src":"truth"}},{"type":"Feature","geometry":{"type":"Polygon","coordinates":[[[-108.761861,36.862468],[-108.761864,36.862378],[-108.761752,36.862376],[-108.761749,36.862466],[-108.761861,36.862468]]]},"properties":{"src":"truth"}},{"type":"Feature","geometry":{"type":"Polygon","coordinates":[[[-108.793597,36.862971],[-108.793599,36.862881],[-108.793487,36.862879],[-108.793485,36.862969],[-108.793597,36.862971]]]},"properties":{"src":"truth"}},{"type":"Feature","geometry":{"type":"Polygon","coordinates":[[[-108.777672,36.862765],[-108.777679,36.862494],[-108.777567,36.862492],[-108.77756,36.862762],[-108.777672,36.862765]]]},"properties":{"src":"truth"}},{"type":"Feature","geometry":{"type":"Polygon","coordinates":[[[-108.79415,36.863252],[-108.794155,36.863072],[-108.794043,36.86307],[-108.794045,36.86298],[-108.793933,36.862978],[-108.793938,36.862797],[-108.793826,36.862795],[-108.793829,36.862705],[-108.793717,36.862703],[-108.793706,36.863063],[-108.793818,36.863066],[-108.793813,36.863246],[-108.79415,36.863252]]]},"properties":{"src":"truth"}},{"type":"Feature","geometry":{"type":"Polygon","coordinates":[[[-108.765444,36.862715],[-108.76545,36.862535],[-108.765337,36.862533],[-108.76534,36.862443],[-108.765116,36.862439],[-108.765121,36.862259],[-108.764897,36.862255],[-108.764899,36.862164],[-108.764787,36.862162],[-108.764782,36.862343],[-108.764894,36.862345],[-108.764892,36.862435],[-108.765004,36.862437],[-108.765001,36.862527],[-108.765113,36.862529],[-108.765111,36.862619],[-108.765335,36.862623],[-108.765332,36.862713],[-108.765444,36.862715]]]},"properties":{"src":"truth"}},{"type":"Feature","geometry":{"type":"Polygon","coordinates":[[[-108.796051,36.863467],[-108.796053,36.863377],[-108.796165,36.863379],[-108.796171,36.863199],[-108.796283,36.863201],[-108.796288,36.863021],[-108.796176,36.863019],[-108.796178,36.862929],[-108.796066,36.862927],[-108.796069,36.862837],[-108.795957,36.862835],[-108.795959,36.862745],[-108.795623,36.862739],[-108.795626,36.862648],[-108.795513,36.862646],[-108.795511,36.862736],[-108.795287,36.862732],[-108.795281,36.862912],[-108.795169,36.86291],[-108.795164,36.863091],[-108.795276,36.863093],[-108.795268,36.863363],[-108.795381,36.863365],[-108.795378,36.863455],[-108.796051,36.863467]],[[-108.796053,36.863377],[-108.795941,36.863375],[-108.795944,36.863285],[-108.796056,36.863287],[-108.796053,36.863377]],[[-108.795842,36.862923],[-108.79573,36.862921],[-108.795732,36.862831],[-108.795845,36.862833],[-108.795842,36.862923]]]},"properties":{"src":"truth"}},{"type":"Feature","geometry":{"type":"Polygon","coordinates":[[[-108.795513,36.862646],[-108.795516,36.862556],[-108.795404,36.862554],[-108.795401,36.862644],[-108.795513,36.862646]]]},"properties":{"src":"truth"}},{"type":"Feature","geometry":{"type":"Polygon","coordinates":[[[-108.793373,36.862967],[-108.793378,36.862787],[-108.793266,36.862785],[-108.793268,36.862695],[-108.793156,36.862693],[-108.793159,36.862603],[-108.793047,36.862601],[-108.793049,36.86251],[-108.792825,36.862506],[-108.792827,36.862416],[-108.792715,36.862414],[-108.792713,36.862504],[-108.792601,36.862502],[-108.792598,36.862592],[-108.792486,36.86259],[-108.792483,36.86268],[-108.79282,36.862686],[-108.792817,36.862777],[-108.793153,36.862783],[-108.793151,36.862873],[-108.793263,36.862875],[-108.79326,36.862965],[-108.793373,36.862967]]]},"properties":{"src":"truth"}},{"type":"Feature","geometry":{"type":"Polygon","coordinates":[[[-108.75935,36.863953],[-108.759353,36.863863],[-108.759465,36.863865],[-108.759467,36.863775],[-108.759692,36.863779],[-108.759694,36.863689],[-108.759806,36.863691],[-108.759812,36.863511],[-108.759924,36.863513],[-108.759926,36.863423],[-108.760038,36.863425],[-108.760041,36.863335],[-108.760153,36.863337],[-108.760158,36.863157],[-108.760271,36.863159],[-108.760276,36.862979],[-108.760388,36.862981],[-108.760391,36.862891],[-108.760503,36.862893],[-108.760505,36.862803],[-108.760618,36.862805],[-108.76062,36.862715],[-108.760732,36.862717],[-108.760735,36.862627],[-108.760847,36.862629],[-108.76085,36.862539],[-108.760962,36.862541],[-108.760964,36.862451],[-108.761077,36.862453],[-108.761082,36.862273],[-108.760858,36.862269],[-108.76086,36.862179],[-108.760748,36.862176],[-108.760751,36.862086],[-108.760639,36.862084],[-108.760636,36.862174],[-108.760524,36.862172],[-108.760526,36.862082],[-108.760414,36.86208],[-108.760417,36.86199],[-108.760305,36.861988],[-108.760307,36.861898],[-108.760083,36.861894],[-108.760081,36.861984],[-108.759968,36.861981],[-108.759966,36.862072],[-108.759517,36.862063],[-108.75952,36.861973],[-108.759408,36.861971],[-108.759405,36.862061],[-108.758957,36.862053],[-108.758959,36.861962],[-108.758735,36.861958],[-108.758738,36.861868],[-108.758513,36.861864],[-108.758516,36.861774],[-108.757507,36.861755],[-108.757504,36.861845],[-108.757616,36.861847],[-108.757614,36.861937],[-108.757726,36.861939],[-108.757718,36.862209],[-108.75783,36.862212],[-108.757817,36.862662],[-108.757929,36.862664],[-108.757921,36.862934],[-108.758033,36.862936],[-108.758031,36.863026],[-108.758143,36.863029],[-108.75814,36.863119],[-108.758252,36.863121],[-108.758247,36.863301],[-108.758359,36.863303],[-108.758357,36.863393],[-108.758469,36.863395],[-108.758466,36.863485],[-108.758578,36.863487],[-108.758576,36.863577],[-108.758688,36.86358],[-108.758685,36.86367],[-108.758797,36.863672],[-108.758795,36.863762],[-108.758907,36.863764],[-108.758904,36.863854],[-108.759128,36.863858],[-108.759126,36.863948],[-108.75935,36.863953]],[[-108.759814,36.863421],[-108.759702,36.863418],[-108.759705,36.863328],[-108.759593,36.863326],[-108.75959,36.863416],[-108.759478,36.863414],[-108.75948,36.863324],[-108.759368,36.863322],[-108.759366,36.863412],[-108.759141,36.863408],[-108.759144,36.863318],[-108.759032,36.863316],[-108.759029,36.863406],[-108.758917,36.863404],[-108.758922,36.863224],[-108.75881,36.863221],[-108.758821,36.862861],[-108.758709,36.862859],[-108.758711,36.862769],[-108.758375,36.862763],[-108.758372,36.862853],[-108.75826,36.862851],[-108.758268,36.86258],[-108.75838,36.862582],[-108.758385,36.862402],[-108.758498,36.862404],[-108.7585,36.862314],[-108.758612,36.862316],[-108.75861,36.862406],[-108.758722,36.862409],[-108.758717,36.862589],[-108.759053,36.862595],[-108.75905,36.862685],[-108.759162,36.862687],[-108.759165,36.862597],[-108.759277,36.862599],[-108.75928,36.862509],[-108.759616,36.862516],[-108.759619,36.862426],[-108.759843,36.86243],[-108.759846,36.86234],[-108.759958,36.862342],[-108.759961,36.862252],[-108.760073,36.862254],[-108.760075,36.862164],[-108.760187,36.862166],[-108.760185,36.862256],[-108.760297,36.862258],[-108.760294,36.862348],[-108.760406,36.86235],[-108.760404,36.86244],[-108.760628,36.862445],[-108.760631,36.862354],[-108.760743,36.862357],[-108.760738,36.862537],[-108.760513,36.862533],[-108.760511,36.862623],[-108.760286,36.862618],[-108.760284,36.862708],[-108.76006,36.862704],[-108.760052,36.862974],[-108.759939,36.862972],[-108.759937,36.863062],[-108.760049,36.863065],[-108.760046,36.863155],[-108.759934,36.863152],[-108.759932,36.863243],[-108.759819,36.86324],[-108.759814,36.863421]],[[-108.758268,36.86258],[-108.758156,36.862578],[-108.758159,36.862488],[-108.758271,36.86249],[-108.758268,36.86258]],[[-108.760412,36.86217],[-108.7603,36.862168],[-108.760302,36.862078],[-108.760414,36.86208],[-108.760412,36.86217]]]},"properties":{"src":"truth"}},{"type":"Feature","geometry":{"type":"Polygon","coordinates":[[[-108.788566,36.862337],[-108.788569,36.862247],[-108.788457,36.862245],[-108.788454,36.862335],[-108.788566,36.862337]]]},"properties":{"src":"truth"}},{"type":"Feature","geometry":{"type":"Polygon","coordinates":[[[-108.771977,36.861847],[-108.771979,36.861757],[-108.771867,36.861755],[-108.771864,36.861845],[-108.771977,36.861847]]]},"properties":{"src":"truth"}},{"type":"Feature","geometry":{"type":"Polygon","coordinates":[[[-108.791792,36.863298],[-108.791803,36.862938],[-108.791915,36.86294],[-108.791917,36.86285],[-108.79203,36.862852],[-108.792032,36.862762],[-108.792144,36.862764],[-108.792149,36.862584],[-108.792374,36.862588],[-108.792379,36.862408],[-108.792267,36.862406],[-108.792269,36.862316],[-108.792157,36.862314],[-108.79216,36.862224],[-108.792048,36.862221],[-108.79205,36.862131],[-108.791938,36.862129],[-108.791941,36.862039],[-108.791829,36.862037],[-108.791821,36.862307],[-108.791709,36.862305],[-108.791706,36.862395],[-108.791594,36.862393],[-108.791591,36.862483],[-108.791479,36.862481],[-108.791477,36.862571],[-108.791365,36.862569],[-108.791359,36.862749],[-108.791247,36.862747],[-108.791245,36.862837],[-108.791357,36.86284],[-108.791354,36.86293],[-108.791242,36.862928],[-108.791239,36.863018],[-108.791352,36.86302],[-108.791349,36.86311],[-108.791237,36.863108],[-108.791234,36.863198],[-108.791571,36.863204],[-108.791568,36.863294],[-108.791792,36.863298]]]},"properties":{"src":"truth"}},{"type":"Feature","geometry":{"type":"Polygon","coordinates":[[[-108.772091,36.861759],[-108.772094,36.861669],[-108.771982,36.861667],[-108.771979,36.861757],[-108.772091,36.861759]]]},"properties":{"src":"truth"}},{"type":"Feature","geometry":{"type":"Polygon","coordinates":[[[-108.762096,36.862112],[-108.762099,36.862022],[-108.762211,36.862024],[-108.762216,36.861844],[-108.762328,36.861846],[-108.762331,36.861756],[-108.762555,36.86176],[-108.762558,36.86167],[-108.762446,36.861668],[-108.762451,36.861487],[-108.762563,36.86149],[-108.762566,36.8614],[-108.762454,36.861397],[-108.762456,36.861307],[-108.762344,36.861305],[-108.762341,36.861395],[-108.762229,36.861393],[-108.762227,36.861483],[-108.76189,36.861477],[-108.761888,36.861567],[-108.762,36.861569],[-108.761995,36.861749],[-108.762107,36.861751],[-108.762101,36.861932],[-108.761877,36.861927],[-108.76188,36.861837],[-108.761768,36.861835],[-108.76177,36.861745],[-108.761434,36.861739],[-108.761431,36.861829],[-108.761319,36.861827],[-108.761311,36.862097],[-108.761423,36.862099],[-108.761429,36.861919],[-108.761653,36.861923],[-108.76165,36.862013],[-108.761762,36.862015],[-108.76176,36.862105],[-108.762096,36.862112]]]},"properties":{"src":"truth"}},{"type":"Feature","geometry":{"type":"Polygon","coordinates":[[[-108.794301,36.861903],[-108.794303,36.861813],[-108.794079,36.861809],[-108.794076,36.861899],[-108.794301,36.861903]]]},"properties":{"src":"truth"}},{"type":"Feature","geometry":{"type":"Polygon","coordinates":[[[-108.762568,36.861309],[-108.762571,36.861219],[-108.762459,36.861217],[-108.762456,36.861307],[-108.762568,36.861309]]]},"properties":{"src":"truth"}},{"type":"Feature","geometry":{"type":"Polygon","coordinates":[[[-108.794415,36.861815],[-108.794418,36.861725],[-108.794306,36.861723],[-108.794303,36.861813],[-108.794415,36.861815]]]},"properties":{"src":"truth"}},{"type":"Feature","geometry":{"type":"Polygon","coordinates":[[[-108.794306,36.861723],[-108.794308,36.861633],[-108.794196,36.861631],[-108.794194,36.861721],[-108.794306,36.861723]]]},"properties":{"src":"truth"}},{"type":"Feature","geometry":{"type":"Polygon","coordinates":[[[-108.779841,36.861453],[-108.779844,36.861363],[-108.779732,36.861361],[-108.779729,36.861451],[-108.779841,36.861453]]]},"properties":{"src":"truth"}},{"type":"Feature","geometry":{"type":"Polygon","coordinates":[[[-108.794642,36.861729],[-108.794645,36.861639],[-108.794869,36.861643],[-108.794872,36.861553],[-108.794535,36.861547],[-108.794533,36.861637],[-108.794421,36.861635],[-108.794418,36.861725],[-108.794642,36.861729]]]},"properties":{"src":"truth"}},{"type":"Feature","geometry":{"type":"Polygon","coordinates":[[[-108.79362,36.862161],[-108.793625,36.86198],[-108.793962,36.861987],[-108.793967,36.861807],[-108.793743,36.861802],[-108.793745,36.861712],[-108.793857,36.861714],[-108.793863,36.861534],[-108.79375,36.861532],[-108.793753,36.861442],[-108.793641,36.86144],[-108.793636,36.86162],[-108.793524,36.861618],[-108.793521,36.861708],[-108.793409,36.861706],[-108.793406,36.861796],[-108.793294,36.861794],[-108.793292,36.861884],[-108.793179,36.861882],[-108.793177,36.861972],[-108.793289,36.861974],[-108.793286,36.862064],[-108.793398,36.862066],[-108.793396,36.862156],[-108.79362,36.862161]]]},"properties":{"src":"truth"}},{"type":"Feature","geometry":{"type":"Polygon","coordinates":[[[-108.770754,36.861463],[-108.770759,36.861283],[-108.770535,36.861279],[-108.770537,36.861189],[-108.770201,36.861183],[-108.770203,36.861092],[-108.769979,36.861088],[-108.769982,36.860998],[-108.769421,36.860988],[-108.769424,36.860898],[-108.767966,36.86087],[-108.767969,36.86078],[-108.766511,36.860753],[-108.766503,36.861023],[-108.766728,36.861027],[-108.76673,36.860937],[-108.767515,36.860952],[-108.767512,36.861042],[-108.769755,36.861084],[-108.769752,36.861174],[-108.770089,36.86118],[-108.770086,36.861271],[-108.770198,36.861273],[-108.770196,36.861363],[-108.770532,36.861369],[-108.770529,36.861459],[-108.770754,36.861463]]]},"properties":{"src":"truth"}},{"type":"Feature","geometry":{"type":"Polygon","coordinates":[[[-108.777364,36.865643],[-108.777369,36.865463],[-108.777257,36.865461],[-108.777265,36.86519],[-108.777153,36.865188],[-108.777158,36.865008],[-108.777046,36.865006],[-108.777048,36.864916],[-108.776936,36.864914],[-108.776947,36.864554],[-108.776835,36.864551],[-108.776837,36.864461],[-108.776725,36.864459],[-108.776728,36.864369],[-108.776615,36.864367],[-108.776618,36.864277],[-108.776842,36.864281],[-108.77684,36.864371],[-108.776952,36.864373],[-108.776954,36.864283],[-108.777179,36.864288],[-108.777184,36.864107],[-108.77696,36.864103],[-108.776962,36.864013],[-108.777074,36.864015],[-108.777077,36.863925],[-108.777189,36.863927],[-108.7772,36.863567],[-108.777312,36.863569],[-108.777325,36.863119],[-108.777213,36.863117],[-108.777215,36.863026],[-108.777327,36.863029],[-108.777343,36.862488],[-108.777231,36.862486],[-108.777244,36.862036],[-108.777132,36.862033],[-108.777137,36.861853],[-108.777025,36.861851],[-108.77703,36.861671],[-108.776806,36.861667],[-108.776811,36.861487],[-108.776699,36.861485],[-108.776702,36.861395],[-108.776477,36.86139],[-108.77648,36.8613],[-108.776256,36.861296],[-108.776258,36.861206],[-108.776146,36.861204],[-108.776144,36.861294],[-108.776031,36.861292],[-108.776034,36.861202],[-108.77581,36.861198],[-108.775807,36.861288],[-108.775471,36.861281],[-108.775468,36.861371],[-108.775244,36.861367],[-108.775241,36.861457],[-108.775017,36.861453],[-108.775012,36.861633],[-108.7749,36.861631],[-108.774897,36.861721],[-108.774673,36.861717],[-108.774676,36.861627],[-108.774563,36.861625],[-108.774561,36.861715],[-108.774224,36.861709],[-108.774227,36.861619],[-108.774003,36.861614],[-108.774005,36.861524],[-108.773557,36.861516],[-108.773559,36.861426],[-108.773447,36.861424],[-108.773445,36.861514],[-108.773333,36.861512],[-108.773335,36.861422],[-108.772999,36.861415],[-108.772996,36.861505],[-108.772884,36.861503],[-108.772887,36.861413],[-108.77255,36.861407],[-108.772553,36.861317],[-108.772217,36.861311],[-108.772214,36.861401],[-108.772102,36.861398],[-108.772104,36.861308],[-108.771992,36.861306],[-108.771995,36.861216],[-108.771883,36.861214],[-108.771885,36.861124],[-108.771661,36.86112],[-108.771664,36.86103],[-108.771552,36.861028],[-108.771554,36.860938],[-108.771106,36.860929],[-108.771108,36.860839],[-108.770323,36.860824],[-108.770326,36.860734],[-108.76999,36.860728],[-108.769984,36.860908],[-108.770097,36.86091],[-108.770094,36.861],[-108.770542,36.861009],[-108.77054,36.861099],[-108.771101,36.861109],[-108.771098,36.861199],[-108.771322,36.861204],[-108.77132,36.861294],[-108.771544,36.861298],[-108.771541,36.861388],[-108.771765,36.861392],[-108.771763,36.861482],[-108.771987,36.861486],[-108.771984,36.861577],[-108.772097,36.861579],[-108.772094,36.861669],[-108.772318,36.861673],[-108.772316,36.861763],[-108.772652,36.861769],[-108.772644,36.86204],[-108.772756,36.862042],[-108.772759,36.861952],[-108.772871,36.861954],[-108.772866,36.862134],[-108.773202,36.86214],[-108.773197,36.86232],[-108.773309,36.862322],[-108.773304,36.862503],[-108.773416,36.862505],[-108.773413,36.862595],[-108.773525,36.862597],[-108.77352,36.862777],[-108.773408,36.862775],[-108.773405,36.862865],[-108.773293,36.862863],[-108.773291,36.862953],[-108.773403,36.862955],[-108.773395,36.863225],[-108.773507,36.863227],[-108.773505,36.863317],[-108.773392,36.863315],[-108.773387,36.863496],[-108.773275,36.863493],[-108.773272,36.863583],[-108.77316,36.863581],[-108.773163,36.863491],[-108.772939,36.863487],[-108.772941,36.863397],[-108.772829,36.863395],[-108.772832,36.863305],[-108.77272,36.863303],[-108.772717,36.863393],[-108.772605,36.863391],[-108.772597,36.863661],[-108.772709,36.863663],[-108.772714,36.863483],[-108.772827,36.863485],[-108.772824,36.863575],[-108.773048,36.863579],[-108.773043,36.863759],[-108.773379,36.863766],[-108.773382,36.863676],[-108.773494,36.863678],[-108.773499,36.863498],[-108.773611,36.8635],[-108.773622,36.863139],[-108.77351,36.863137],[-108.773512,36.863047],[-108.773625,36.863049],[-108.773632,36.862779],[-108.773857,36.862783],[-108.773854,36.862873],[-108.773966,36.862875],[-108.773961,36.863056],[-108.774297,36.863062],[-108.774292,36.863242],[-108.774516,36.863246],[-108.774522,36.863066],[-108.774634,36.863068],[-108.774631,36.863158],[-108.774743,36.86316],[-108.774741,36.86325],[-108.774853,36.863253],[-108.77485,36.863343],[-108.775299,36.863351],[-108.775301,36.863261],[-108.775526,36.863265],[-108.775523,36.863355],[-108.775411,36.863353],[-108.775408,36.863443],[-108.775857,36.863452],[-108.775854,36.863542],[-108.776078,36.863546],[-108.776081,36.863456],[-108.776193,36.863458],[-108.776188,36.863638],[-108.7763,36.86364],[-108.77629,36.864001],[-108.776177,36.863998],[-108.77618,36.863908],[-108.775844,36.863902],[-108.775846,36.863812],[-108.775734,36.86381],[-108.775737,36.86372],[-108.7754,36.863713],[-108.775403,36.863623],[-108.775179,36.863619],[-108.775181,36.863529],[-108.774957,36.863525],[-108.77496,36.863435],[-108.774735,36.863431],[-108.77473,36.863611],[-108.774954,36.863615],[-108.774952,36.863705],[-108.775064,36.863707],[-108.775061,36.863797],[-108.775173,36.863799],[-108.775168,36.86398],[-108.77528,36.863982],[-108.775278,36.864072],[-108.77539,36.864074],[-108.775387,36.864164],[-108.775499,36.864166],[-108.775497,36.864256],[-108.775609,36.864258],[-108.775606,36.864348],[-108.775718,36.86435],[-108.775716,36.86444],[-108.77594,36.864445],[-108.775935,36.864625],[-108.776159,36.864629],[-108.776154,36.864809],[-108.776266,36.864811],[-108.776263,36.864901],[-108.776376,36.864903],[-108.776373,36.864993],[-108.776485,36.864996],[-108.776482,36.865086],[-108.776595,36.865088],[-108.776592,36.865178],[-108.776704,36.86518],[-108.776702,36.86527],[-108.776814,36.865272],[-108.776811,36.865362],[-108.777035,36.865366],[-108.77703,36.865547],[-108.777254,36.865551],[-108.777252,36.865641],[-108.777364,36.865643]],[[-108.776829,36.864732],[-108.776717,36.86473],[-108.77672,36.864639],[-108.776832,36.864642],[-108.776829,36.864732]],[[-108.776399,36.864093],[-108.776287,36.864091],[-108.77629,36.864001],[-108.776402,36.864003],[-108.776399,36.864093]],[[-108.777077,36.863925],[-108.776965,36.863923],[-108.776968,36.863833],[-108.77708,36.863835],[-108.777077,36.863925]],[[-108.775007,36.861813],[-108.774895,36.861811],[-108.774897,36.861721],[-108.775009,36.861723],[-108.775007,36.861813]]]},"properties":{"src":"truth"}},{"type":"Feature","geometry":{"type":"Polygon","coordinates":[[[-108.779069,36.860988],[-108.779072,36.860898],[-108.77896,36.860896],[-108.778957,36.860986],[-108.779069,36.860988]]]},"properties":{"src":"truth"}},{"type":"Feature","geometry":{"type":"Polygon","coordinates":[[[-108.794535,36.861547],[-108.794538,36.861457],[-108.79465,36.861459],[-108.794653,36.861369],[-108.79454,36.861367],[-108.794548,36.861096],[-108.794436,36.861094],[-108.794439,36.861004],[-108.794214,36.861],[-108.794212,36.86109],[-108.7941,36.861088],[-108.794097,36.861178],[-108.793985,36.861176],[-108.793982,36.861266],[-108.794095,36.861268],[-108.794092,36.861358],[-108.79398,36.861356],[-108.793977,36.861446],[-108.794202,36.86145],[-108.794199,36.86154],[-108.794311,36.861543],[-108.794316,36.861362],[-108.794428,36.861364],[-108.794423,36.861545],[-108.794535,36.861547]]]},"properties":{"src":"truth"}},{"type":"Feature","geometry":{"type":"Polygon","coordinates":[[[-108.763382,36.860333],[-108.763385,36.860243],[-108.763273,36.860241],[-108.76327,36.860331],[-108.763382,36.860333]]]},"properties":{"src":"truth"}},{"type":"Feature","geometry":{"type":"Polygon","coordinates":[[[-108.762488,36.860226],[-108.76249,36.860136],[-108.762378,36.860134],[-108.762376,36.860224],[-108.762488,36.860226]]]},"properties":{"src":"truth"}},{"type":"Feature","geometry":{"type":"Polygon","coordinates":[[[-108.759588,36.859631],[-108.759591,36.859541],[-108.759479,36.859539],[-108.759476,36.859629],[-108.759588,36.859631]]]},"properties":{"src":"truth"}},{"type":"Feature","geometry":{"type":"Polygon","coordinates":[[[-108.759703,36.859543],[-108.759706,36.859453],[-108.759594,36.859451],[-108.759591,36.859541],[-108.759703,36.859543]]]},"properties":{"src":"truth"}},{"type":"Feature","geometry":{"type":"Polygon","coordinates":[[[-108.776292,36.860035],[-108.776295,36.859945],[-108.776407,36.859947],[-108.776412,36.859767],[-108.7763,36.859765],[-108.776303,36.859675],[-108.776078,36.85967],[-108.776076,36.859761],[-108.775964,36.859758],[-108.775959,36.859939],[-108.776071,36.859941],[-108.776068,36.860031],[-108.776292,36.860035]]]},"properties":{"src":"truth"}},{"type":"Feature","geometry":{"type":"Polygon","coordinates":[[[-108.759594,36.859451],[-108.759596,36.859361],[-108.759484,36.859359],[-108.759481,36.859449],[-108.759594,36.859451]]]},"properties":{"src":"truth"}},{"type":"Feature","geometry":{"type":"Polygon","coordinates":[[[-108.768329,36.859976],[-108.768334,36.859796],[-108.768222,36.859794],[-108.768227,36.859613],[-108.768003,36.859609],[-108.768006,36.859519],[-108.767893,36.859517],[-108.767896,36.859427],[-108.767784,36.859425],[-108.767776,36.859695],[-108.767888,36.859697],[-108.767883,36.859877],[-108.767995,36.859879],[-108.767992,36.859969],[-108.768329,36.859976]]]},"properties":{"src":"truth"}},{"type":"Feature","geometry":{"type":"Polygon","coordinates":[[[-108.757805,36.859237],[-108.757807,36.859147],[-108.757695,36.859145],[-108.757693,36.859235],[-108.757805,36.859237]]]},"properties":{"src":"truth"}},{"type":"Feature","geometry":{"type":"Polygon","coordinates":[[[-108.758702,36.859254],[-108.758707,36.859074],[-108.758595,36.859072],[-108.75859,36.859252],[-108.758702,36.859254]]]},"properties":{"src":"truth"}},{"type":"Feature","geometry":{"type":"Polygon","coordinates":[[[-108.793354,36.859722],[-108.793356,36.859632],[-108.793468,36.859634],[-108.793471,36.859544],[-108.793359,36.859542],[-108.793361,36.859452],[-108.793249,36.85945],[-108.793252,36.85936],[-108.793028,36.859356],[-108.793025,36.859446],[-108.792913,36.859444],[-108.79291,36.859534],[-108.793135,36.859538],[-108.793129,36.859718],[-108.793354,36.859722]]]},"properties":{"src":"truth"}},{"type":"Feature","geometry":{"type":"Polygon","coordinates":[[[-108.777734,36.860603],[-108.777737,36.860513],[-108.777849,36.860515],[-108.777859,36.860154],[-108.777972,36.860157],[-108.777977,36.859976],[-108.777865,36.859974],[-108.77787,36.859794],[-108.777758,36.859792],[-108.777766,36.859522],[-108.777653,36.85952],[-108.777659,36.85934],[-108.777547,36.859337],[-108.777552,36.859157],[-108.77744,36.859155],[-108.777442,36.859065],[-108.77733,36.859063],[-108.777333,36.858973],[-108.776772,36.858962],[-108.776775,36.858872],[-108.77655,36.858868],[-108.776553,36.858778],[-108.775992,36.858768],[-108.775985,36.859038],[-108.776097,36.85904],[-108.776094,36.85913],[-108.776206,36.859132],[-108.776201,36.859312],[-108.776313,36.859314],[-108.776311,36.859404],[-108.776423,36.859407],[-108.776417,36.859587],[-108.77653,36.859589],[-108.776527,36.859679],[-108.776639,36.859681],[-108.776637,36.859771],[-108.776749,36.859773],[-108.776746,36.859863],[-108.77697,36.859867],[-108.776968,36.859957],[-108.77708,36.85996],[-108.777077,36.86005],[-108.777189,36.860052],[-108.777187,36.860142],[-108.777299,36.860144],[-108.777296,36.860234],[-108.777408,36.860236],[-108.777403,36.860416],[-108.777515,36.860418],[-108.777513,36.860508],[-108.777625,36.860511],[-108.777622,36.860601],[-108.777734,36.860603]]]},"properties":{"src":"truth"}},{"type":"Feature","geometry":{"type":"Polygon","coordinates":[[[-108.772762,36.857986],[-108.772764,36.857896],[-108.772652,36.857894],[-108.77265,36.857984],[-108.772762,36.857986]]]},"properties":{"src":"truth"}},{"type":"Feature","geometry":{"type":"Polygon","coordinates":[[[-108.768306,36.856911],[-108.768311,36.856731],[-108.768199,36.856729],[-108.768194,36.856909],[-108.768306,36.856911]]]},"properties":{"src":"truth"}},{"type":"Feature","geometry":{"type":"Polygon","coordinates":[[[-108.764174,36.863953],[-108.764182,36.863683],[-108.76407,36.863681],[-108.764073,36.863591],[-108.76396,36.863589],[-108.763963,36.863499],[-108.764075,36.863501],[-108.764078,36.863411],[-108.76419,36.863413],[-108.764193,36.863323],[-108.764417,36.863327],[-108.764419,36.863237],[-108.764307,36.863235],[-108.764313,36.863055],[-108.764425,36.863057],[-108.764435,36.862696],[-108.764323,36.862694],[-108.764326,36.862604],[-108.764438,36.862606],[-108.76444,36.862516],[-108.764553,36.862518],[-108.764558,36.862338],[-108.76467,36.86234],[-108.764675,36.86216],[-108.764787,36.862162],[-108.76479,36.862072],[-108.764454,36.862066],[-108.764456,36.861976],[-108.764344,36.861974],[-108.764347,36.861884],[-108.764235,36.861882],[-108.76424,36.861701],[-108.764128,36.861699],[-108.76413,36.861609],[-108.763906,36.861605],[-108.763909,36.861515],[-108.763797,36.861513],[-108.763799,36.861423],[-108.763687,36.861421],[-108.76369,36.861331],[-108.763578,36.861328],[-108.763575,36.861419],[-108.763463,36.861416],[-108.763468,36.861236],[-108.76358,36.861238],[-108.763583,36.861148],[-108.763471,36.861146],[-108.763473,36.861056],[-108.763361,36.861054],[-108.763369,36.860784],[-108.763481,36.860786],[-108.763486,36.860606],[-108.763374,36.860604],[-108.763377,36.860514],[-108.763153,36.860509],[-108.763161,36.860239],[-108.763273,36.860241],[-108.763275,36.860151],[-108.763163,36.860149],[-108.763166,36.860059],[-108.763278,36.860061],[-108.763281,36.859971],[-108.763393,36.859973],[-108.763395,36.859883],[-108.76362,36.859887],[-108.763617,36.859977],[-108.763729,36.859979],[-108.763732,36.859889],[-108.763844,36.859891],[-108.763841,36.859982],[-108.763953,36.859984],[-108.763951,36.860074],[-108.764063,36.860076],[-108.764068,36.859896],[-108.763956,36.859894],[-108.763959,36.859803],[-108.764183,36.859808],[-108.76418,36.859898],[-108.764292,36.8599],[-108.764287,36.86008],[-108.764511,36.860084],[-108.764506,36.860264],[-108.764618,36.860267],[-108.764621,36.860176],[-108.764733,36.860179],[-108.76473,36.860269],[-108.765067,36.860275],[-108.765064,36.860365],[-108.7654,36.860371],[-108.765398,36.860461],[-108.76551,36.860464],[-108.765513,36.860373],[-108.765849,36.86038],[-108.765846,36.86047],[-108.766519,36.860483],[-108.766522,36.860392],[-108.766634,36.860395],[-108.766629,36.860575],[-108.766965,36.860581],[-108.766962,36.860671],[-108.767859,36.860688],[-108.767862,36.860598],[-108.76775,36.860596],[-108.767752,36.860506],[-108.76764,36.860504],[-108.767643,36.860414],[-108.767419,36.860409],[-108.767421,36.860319],[-108.767309,36.860317],[-108.767312,36.860227],[-108.766975,36.860221],[-108.766978,36.860131],[-108.76709,36.860133],[-108.767093,36.860043],[-108.766981,36.860041],[-108.766983,36.85995],[-108.767095,36.859953],[-108.767101,36.859772],[-108.766989,36.85977],[-108.766996,36.8595],[-108.766884,36.859498],[-108.76689,36.859318],[-108.766777,36.859316],[-108.76678,36.859226],[-108.766668,36.859224],[-108.766671,36.859133],[-108.766446,36.859129],[-108.766452,36.858949],[-108.766227,36.858945],[-108.76623,36.858855],[-108.766342,36.858857],[-108.766345,36.858767],[-108.766457,36.858769],[-108.766462,36.858589],[-108.76635,36.858587],[-108.766358,36.858316],[-108.766246,36.858314],[-108.766248,36.858224],[-108.766136,36.858222],[-108.766141,36.858042],[-108.766029,36.85804],[-108.766032,36.85795],[-108.76592,36.857948],[-108.765928,36.857677],[-108.765815,36.857675],[-108.765818,36.857585],[-108.765706,36.857583],[-108.765709,36.857493],[-108.765596,36.857491],[-108.765599,36.857401],[-108.765375,36.857397],[-108.76538,36.857217],[-108.765156,36.857212],[-108.765158,36.857122],[-108.764934,36.857118],[-108.764937,36.857028],[-108.763816,36.857007],[-108.763813,36.857097],[-108.763365,36.857088],[-108.763359,36.857269],[-108.762799,36.857258],[-108.762801,36.857168],[-108.762689,36.857166],[-108.762687,36.857256],[-108.76235,36.85725],[-108.762345,36.85743],[-108.762233,36.857428],[-108.762235,36.857338],[-108.762011,36.857333],[-108.762014,36.857243],[-108.761902,36.857241],[-108.761899,36.857331],[-108.761563,36.857325],[-108.761565,36.857235],[-108.761117,36.857226],[-108.76112,36.857136],[-108.760783,36.85713],[-108.760786,36.85704],[-108.760449,36.857034],[-108.760452,36.856943],[-108.760116,36.856937],[-108.760118,36.856847],[-108.759782,36.856841],[-108.759785,36.856751],[-108.75956,36.856746],[-108.759563,36.856656],[-108.759451,36.856654],[-108.759454,36.856564],[-108.759229,36.85656],[-108.759232,36.85647],[-108.758896,36.856463],[-108.758898,36.856373],[-108.758562,36.856367],[-108.758564,36.856277],[-108.758228,36.856271],[-108.758225,36.856361],[-108.758113,36.856359],[-108.758116,36.856269],[-108.75778,36.856262],[-108.757782,36.856172],[-108.75767,36.85617],[-108.757667,36.85626],[-108.757555,36.856258],[-108.757558,36.856168],[-108.756549,36.856149],[-108.756552,36.856059],[-108.756439,36.856057],[-108.756437,36.856147],[-108.756213,36.856142],[-108.75621,36.856233],[-108.755986,36.856228],[-108.755983,36.856318],[-108.755871,36.856316],[-108.755868,36.856406],[-108.755756,36.856404],[-108.755759,36.856314],[-108.755647,36.856312],[-108.755641,36.856492],[-108.755866,36.856496],[-108.755863,36.856587],[-108.755975,36.856589],[-108.75597,36.856769],[-108.756194,36.856773],[-108.756192,36.856863],[-108.756304,36.856865],[-108.756301,36.856955],[-108.756525,36.85696],[-108.756523,36.85705],[-108.756747,36.857054],[-108.756744,36.857144],[-108.757081,36.85715],[-108.757078,36.85724],[-108.757302,36.857245],[-108.7573,36.857335],[-108.757412,36.857337],[-108.757409,36.857427],[-108.757633,36.857431],[-108.757631,36.857521],[-108.757743,36.857523],[-108.75774,36.857613],[-108.757852,36.857615],[-108.75785,36.857706],[-108.758074,36.85771],[-108.758071,36.8578],[-108.758295,36.857804],[-108.758293,36.857894],[-108.758405,36.857896],[-108.758402,36.857986],[-108.758514,36.857988],[-108.758507,36.858259],[-108.758394,36.858257],[-108.758392,36.858347],[-108.758055,36.85834],[-108.758058,36.85825],[-108.757385,36.858238],[-108.757383,36.858328],[-108.757271,36.858325],[-108.757268,36.858416],[-108.757044,36.858411],[-108.757041,36.858501],[-108.756817,36.858497],[-108.756814,36.858587],[-108.756702,36.858585],[-108.756699,36.858675],[-108.756812,36.858677],[-108.756809,36.858767],[-108.756921,36.85877],[-108.756918,36.85886],[-108.757031,36.858862],[-108.757028,36.858952],[-108.75714,36.858954],[-108.757135,36.859134],[-108.757023,36.859132],[-108.757017,36.859312],[-108.756681,36.859306],[-108.756684,36.859216],[-108.756572,36.859214],[-108.756569,36.859304],[-108.75612,36.859295],[-108.756123,36.859205],[-108.755562,36.859195],[-108.755565,36.859104],[-108.755341,36.8591],[-108.755343,36.85901],[-108.755119,36.859006],[-108.755117,36.859096],[-108.754668,36.859087],[-108.754665,36.859178],[-108.754329,36.859171],[-108.754332,36.859081],[-108.75422,36.859079],[-108.754222,36.858989],[-108.753998,36.858985],[-108.753995,36.859075],[-108.753771,36.859071],[-108.753774,36.85898],[-108.753662,36.858978],[-108.753664,36.858888],[-108.752543,36.858867],[-108.752535,36.859137],[-108.752647,36.859139],[-108.752642,36.85932],[-108.752754,36.859322],[-108.752751,36.859412],[-108.753873,36.859433],[-108.753875,36.859343],[-108.754212,36.859349],[-108.754214,36.859259],[-108.754326,36.859261],[-108.754321,36.859441],[-108.754658,36.859448],[-108.754663,36.859268],[-108.754999,36.859274],[-108.755002,36.859184],[-108.75545,36.859192],[-108.755448,36.859282],[-108.75556,36.859285],[-108.755557,36.859375],[-108.755781,36.859379],[-108.755779,36.859469],[-108.756115,36.859475],[-108.756112,36.859565],[-108.755664,36.859557],[-108.755661,36.859647],[-108.755886,36.859651],[-108.755883,36.859741],[-108.756107,36.859746],[-108.75611,36.859655],[-108.756558,36.859664],[-108.756556,36.859754],[-108.756668,36.859756],[-108.75667,36.859666],[-108.756895,36.85967],[-108.756892,36.85976],[-108.757228,36.859767],[-108.757236,36.859497],[-108.757348,36.859499],[-108.757343,36.859679],[-108.757455,36.859681],[-108.757463,36.859411],[-108.757351,36.859409],[-108.757354,36.859318],[-108.757466,36.859321],[-108.757471,36.85914],[-108.757583,36.859143],[-108.757586,36.859052],[-108.757922,36.859059],[-108.757925,36.858969],[-108.758261,36.858975],[-108.758259,36.859065],[-108.758371,36.859067],[-108.758373,36.858977],[-108.75871,36.858984],[-108.758707,36.859074],[-108.758819,36.859076],[-108.758817,36.859166],[-108.759377,36.859176],[-108.759375,36.859266],[-108.759599,36.859271],[-108.759596,36.859361],[-108.760045,36.859369],[-108.760042,36.859459],[-108.760154,36.859461],[-108.760157,36.859371],[-108.760493,36.859378],[-108.760491,36.859468],[-108.760939,36.859476],[-108.760936,36.859566],[-108.762058,36.859587],[-108.762055,36.859677],[-108.762616,36.859688],[-108.762613,36.859778],[-108.762501,36.859776],[-108.762493,36.860046],[-108.762717,36.86005],[-108.76272,36.85996],[-108.762832,36.859963],[-108.762824,36.860233],[-108.763048,36.860237],[-108.763038,36.860597],[-108.76315,36.860599],[-108.763147,36.860689],[-108.76326,36.860692],[-108.763257,36.860782],[-108.763033,36.860777],[-108.76303,36.860868],[-108.762806,36.860863],[-108.762803,36.860953],[-108.762691,36.860951],[-108.762688,36.861041],[-108.762801,36.861043],[-108.762798,36.861134],[-108.762686,36.861131],[-108.762683,36.861221],[-108.762795,36.861224],[-108.762793,36.861314],[-108.762905,36.861316],[-108.762907,36.861226],[-108.76302,36.861228],[-108.763022,36.861138],[-108.763134,36.86114],[-108.763132,36.86123],[-108.763244,36.861232],[-108.763236,36.861502],[-108.76346,36.861506],[-108.763458,36.861597],[-108.763682,36.861601],[-108.763677,36.861781],[-108.763901,36.861785],[-108.763898,36.861875],[-108.763786,36.861873],[-108.763783,36.861963],[-108.763896,36.861965],[-108.763893,36.862055],[-108.764229,36.862062],[-108.764227,36.862152],[-108.764115,36.86215],[-108.764112,36.86224],[-108.764224,36.862242],[-108.764219,36.862422],[-108.763995,36.862418],[-108.763989,36.862598],[-108.763877,36.862596],[-108.763867,36.862956],[-108.763979,36.862958],[-108.763974,36.863138],[-108.764086,36.863141],[-108.764083,36.863231],[-108.763971,36.863229],[-108.763968,36.863319],[-108.763856,36.863316],[-108.763853,36.863407],[-108.763741,36.863404],[-108.763739,36.863495],[-108.763514,36.86349],[-108.763517,36.8634],[-108.763405,36.863398],[-108.76341,36.863218],[-108.763298,36.863216],[-108.763301,36.863126],[-108.763189,36.863124],[-108.763191,36.863034],[-108.763079,36.863031],[-108.763082,36.862941],[-108.76297,36.862939],[-108.762975,36.862759],[-108.762638,36.862753],[-108.762641,36.862663],[-108.762417,36.862659],[-108.762422,36.862478],[-108.76231,36.862476],[-108.762313,36.862386],[-108.762088,36.862382],[-108.762091,36.862292],[-108.761867,36.862288],[-108.761864,36.862378],[-108.761976,36.86238],[-108.761971,36.86256],[-108.762083,36.862562],[-108.76208,36.862652],[-108.762193,36.862654],[-108.76219,36.862744],[-108.762302,36.862746],[-108.762297,36.862927],[-108.762521,36.862931],[-108.762518,36.863021],[-108.762631,36.863023],[-108.762628,36.863113],[-108.76274,36.863115],[-108.762737,36.863205],[-108.76285,36.863207],[-108.762847,36.863297],[-108.763071,36.863302],[-108.763069,36.863392],[-108.763181,36.863394],[-108.763178,36.863484],[-108.76329,36.863486],[-108.763288,36.863576],[-108.7634,36.863578],[-108.763397,36.863668],[-108.763621,36.863673],[-108.763619,36.863763],[-108.763731,36.863765],[-108.763728,36.863855],[-108.763952,36.863859],[-108.76395,36.863949],[-108.764174,36.863953]],[[-108.763281,36.859971],[-108.763168,36.859969],[-108.763171,36.859879],[-108.763283,36.859881],[-108.763281,36.859971]],[[-108.765875,36.859479],[-108.765763,36.859477],[-108.765766,36.859387],[-108.765654,36.859385],[-108.765656,36.859295],[-108.765432,36.85929],[-108.765435,36.8592],[-108.765322,36.859198],[-108.765325,36.859108],[-108.765437,36.85911],[-108.76544,36.85902],[-108.765664,36.859024],[-108.765659,36.859205],[-108.765771,36.859207],[-108.765768,36.859297],[-108.76588,36.859299],[-108.765875,36.859479]],[[-108.765883,36.859209],[-108.765771,36.859207],[-108.765776,36.859027],[-108.766,36.859031],[-108.765998,36.859121],[-108.765886,36.859119],[-108.765883,36.859209]],[[-108.766232,36.858765],[-108.76612,36.858763],[-108.766123,36.858673],[-108.766235,36.858675],[-108.766232,36.858765]]]},"properties":{"src":"truth"}},{"type":"Feature","geometry":{"type":"Polygon","coordinates":[[[-108.755535,36.85631],[-108.755537,36.85622],[-108.755649,36.856222],[-108.755652,36.856132],[-108.755764,36.856134],[-108.755767,36.856044],[-108.755879,36.856046],[-108.755882,36.855956],[-108.755657,36.855952],[-108.75566,36.855862],[-108.755211,36.855853],[-108.755206,36.856033],[-108.755318,36.856035],[-108.755313,36.856216],[-108.755425,36.856218],[-108.755422,36.856308],[-108.755535,36.85631]]]},"properties":{"src":"truth"}},{"type":"Feature","geometry":{"type":"Polygon","coordinates":[[[-108.755211,36.855853],[-108.755217,36.855673],[-108.755105,36.855671],[-108.755099,36.855851],[-108.755211,36.855853]]]},"properties":{"src":"truth"}},{"type":"Feature","geometry":{"type":"Polygon","coordinates":[[[-108.752077,36.855614],[-108.75208,36.855524],[-108.751968,36.855521],[-108.751965,36.855612],[-108.752077,36.855614]]]},"properties":{"src":"truth"}},{"type":"Feature","geometry":{"type":"Polygon","coordinates":[[[-108.755003,36.855308],[-108.755011,36.855038],[-108.754787,36.855034],[-108.754781,36.855214],[-108.754894,36.855216],[-108.754891,36.855306],[-108.755003,36.855308]]]},"properties":{"src":"truth"}},{"type":"Feature","geometry":{"type":"Polygon","coordinates":[[[-108.756705,36.858495],[-108.756707,36.858405],[-108.756932,36.858409],[-108.756934,36.858319],[-108.757046,36.858321],[-108.757049,36.858231],[-108.756488,36.858221],[-108.756491,36.858131],[-108.756267,36.858126],[-108.756269,36.858036],[-108.756157,36.858034],[-108.75616,36.857944],[-108.755824,36.857938],[-108.755826,36.857848],[-108.755602,36.857843],[-108.755605,36.857753],[-108.75538,36.857749],[-108.755383,36.857659],[-108.755047,36.857653],[-108.755049,36.857563],[-108.754825,36.857558],[-108.754828,36.857468],[-108.754603,36.857464],[-108.754606,36.857374],[-108.754382,36.85737],[-108.754384,36.85728],[-108.75416,36.857275],[-108.754163,36.857185],[-108.753826,36.857179],[-108.753829,36.857089],[-108.753717,36.857087],[-108.753722,36.856907],[-108.753498,36.856902],[-108.753501,36.856812],[-108.753276,36.856808],[-108.753279,36.856718],[-108.753167,36.856716],[-108.75317,36.856626],[-108.752945,36.856621],[-108.752948,36.856531],[-108.752836,36.856529],[-108.752838,36.856439],[-108.752726,36.856437],[-108.752729,36.856347],[-108.752505,36.856343],[-108.752502,36.856433],[-108.75239,36.856431],[-108.752387,36.856521],[-108.752499,36.856523],[-108.752497,36.856613],[-108.75216,36.856607],[-108.752166,36.856426],[-108.752278,36.856429],[-108.752281,36.856339],[-108.752056,36.856334],[-108.752054,36.856424],[-108.751942,36.856422],[-108.751947,36.856242],[-108.751723,36.856238],[-108.751725,36.856148],[-108.751501,36.856144],[-108.751504,36.856053],[-108.751391,36.856051],[-108.751394,36.855961],[-108.75117,36.855957],[-108.751173,36.855867],[-108.75106,36.855865],[-108.751063,36.855775],[-108.750951,36.855773],[-108.750954,36.855683],[-108.750841,36.85568],[-108.750847,36.8555],[-108.750735,36.855498],[-108.750743,36.855228],[-108.750855,36.85523],[-108.750863,36.85496],[-108.75075,36.854958],[-108.750748,36.855048],[-108.750636,36.855046],[-108.75063,36.855226],[-108.750518,36.855224],[-108.750513,36.855404],[-108.750289,36.8554],[-108.750291,36.855309],[-108.750179,36.855307],[-108.750182,36.855217],[-108.749958,36.855213],[-108.749955,36.855303],[-108.749843,36.855301],[-108.749846,36.855211],[-108.749509,36.855205],[-108.749512,36.855114],[-108.749288,36.85511],[-108.749282,36.85529],[-108.749507,36.855295],[-108.749504,36.855385],[-108.749728,36.855389],[-108.749726,36.855479],[-108.74995,36.855483],[-108.749947,36.855573],[-108.750059,36.855575],[-108.750054,36.855756],[-108.750166,36.855758],[-108.750163,36.855848],[-108.750276,36.85585],[-108.750273,36.85594],[-108.750834,36.855951],[-108.750831,36.856041],[-108.751055,36.856045],[-108.751053,36.856135],[-108.751277,36.856139],[-108.751274,36.856229],[-108.751386,36.856231],[-108.751384,36.856322],[-108.751608,36.856326],[-108.751605,36.856416],[-108.751717,36.856418],[-108.751715,36.856508],[-108.751827,36.85651],[-108.751821,36.85669],[-108.751934,36.856692],[-108.751931,36.856783],[-108.752155,36.856787],[-108.752153,36.856877],[-108.752265,36.856879],[-108.752262,36.856969],[-108.752486,36.856973],[-108.752484,36.857063],[-108.752708,36.857068],[-108.752705,36.857158],[-108.752929,36.857162],[-108.752927,36.857252],[-108.753263,36.857258],[-108.753261,36.857348],[-108.753485,36.857353],[-108.753482,36.857443],[-108.753706,36.857447],[-108.753704,36.857537],[-108.753928,36.857541],[-108.753925,36.857631],[-108.754262,36.857638],[-108.754259,36.857728],[-108.754483,36.857732],[-108.754481,36.857822],[-108.754705,36.857826],[-108.754702,36.857916],[-108.754927,36.857921],[-108.754924,36.858011],[-108.755148,36.858015],[-108.755146,36.858105],[-108.755482,36.858111],[-108.755479,36.858202],[-108.755816,36.858208],[-108.755813,36.858298],[-108.756037,36.858302],[-108.756035,36.858392],[-108.756371,36.858399],[-108.756368,36.858489],[-108.756705,36.858495]]]},"properties":{"src":"truth"}},{"type":"Feature","geometry":{"type":"Polygon","coordinates":[[[-108.750975,36.854962],[-108.750983,36.854692],[-108.750871,36.85469],[-108.750863,36.85496],[-108.750975,36.854962]]]},"properties":{"src":"truth"}},{"type":"Feature","geometry":{"type":"Polygon","coordinates":[[[-108.743911,36.854828],[-108.743925,36.854378],[-108.743813,36.854375],[-108.743799,36.854826],[-108.743911,36.854828]]]},"properties":{"src":"truth"}},{"type":"Feature","geometry":{"type":"Polygon","coordinates":[[[-108.751097,36.854604],[-108.7511,36.854514],[-108.750988,36.854512],[-108.750985,36.854602],[-108.751097,36.854604]]]},"properties":{"src":"truth"}},{"type":"Feature","geometry":{"type":"Polygon","coordinates":[[[-108.744037,36.85438],[-108.744047,36.854019],[-108.744159,36.854022],[-108.744162,36.853931],[-108.744274,36.853934],[-108.74428,36.853753],[-108.744392,36.853756],[-108.7444,36.853485],[-108.744287,36.853483],[-108.744282,36.853663],[-108.74417,36.853661],[-108.744165,36.853841],[-108.744053,36.853839],[-108.74405,36.853929],[-108.743938,36.853927],[-108.743925,36.854378],[-108.744037,36.85438]]]},"properties":{"src":"truth"}},{"type":"Feature","geometry":{"type":"Polygon","coordinates":[[[-108.74417,36.853661],[-108.744178,36.853391],[-108.744066,36.853389],[-108.744063,36.853479],[-108.743951,36.853477],[-108.743954,36.853387],[-108.743842,36.853385],[-108.743844,36.853295],[-108.74362,36.85329],[-108.743617,36.85338],[-108.74373,36.853383],[-108.743727,36.853473],[-108.743615,36.85347],[-108.743612,36.853561],[-108.743724,36.853563],[-108.743722,36.853653],[-108.74417,36.853661]]]},"properties":{"src":"truth"}},{"type":"Feature","geometry":{"type":"Polygon","coordinates":[[[-108.7463,36.853702],[-108.746303,36.853612],[-108.746415,36.853614],[-108.746418,36.853524],[-108.746306,36.853522],[-108.746311,36.853341],[-108.746199,36.853339],[-108.746201,36.853249],[-108.745865,36.853243],[-108.745862,36.853333],[-108.745974,36.853335],[-108.745964,36.853695],[-108.7463,36.853702]]]},"properties":{"src":"truth"}},{"type":"Feature","geometry":{"type":"Polygon","coordinates":[[[-108.745072,36.853498],[-108.74508,36.853228],[-108.744856,36.853224],[-108.744859,36.853134],[-108.744634,36.853129],[-108.744632,36.853219],[-108.74452,36.853217],[-108.744517,36.853307],[-108.744405,36.853305],[-108.7444,36.853485],[-108.745072,36.853498]]]},"properties":{"src":"truth"}},{"type":"Feature","geometry":{"type":"Polygon","coordinates":[[[-108.753953,36.852855],[-108.753956,36.852765],[-108.753844,36.852763],[-108.753841,36.852853],[-108.753953,36.852855]]]},"properties":{"src":"truth"}},{"type":"Feature","geometry":{"type":"Polygon","coordinates":[[[-108.775033,36.853162],[-108.775038,36.852982],[-108.775263,36.852986],[-108.775268,36.852806],[-108.775044,36.852801],[-108.775046,36.852711],[-108.77471,36.852705],[-108.774707,36.852795],[-108.774595,36.852793],[-108.774593,36.852883],[-108.77448,36.852881],[-108.774478,36.852971],[-108.774702,36.852975],[-108.774699,36.853065],[-108.774812,36.853067],[-108.774809,36.853158],[-108.775033,36.853162]]]},"properties":{"src":"truth"}},{"type":"Feature","geometry":{"type":"Polygon","coordinates":[[[-108.774261,36.852697],[-108.774264,36.852607],[-108.774488,36.852611],[-108.774494,36.852431],[-108.774381,36.852428],[-108.774379,36.852519],[-108.774155,36.852514],[-108.774149,36.852695],[-108.774261,36.852697]]]},"properties":{"src":"truth"}},{"type":"Feature","geometry":{"type":"Polygon","coordinates":[[[-108.774718,36.852435],[-108.77472,36.852345],[-108.774832,36.852347],[-108.774835,36.852257],[-108.774947,36.852259],[-108.77495,36.852169],[-108.775062,36.852171],[-108.775065,36.852081],[-108.775289,36.852085],[-108.775291,36.851995],[-108.775516,36.851999],[-108.775518,36.851909],[-108.775742,36.851913],[-108.775745,36.851823],[-108.775521,36.851819],[-108.775523,36.851729],[-108.775411,36.851727],[-108.775409,36.851817],[-108.775297,36.851815],[-108.775294,36.851905],[-108.774958,36.851899],[-108.774955,36.851989],[-108.774843,36.851986],[-108.774838,36.852167],[-108.774726,36.852165],[-108.774723,36.852255],[-108.774499,36.85225],[-108.774494,36.852431],[-108.774718,36.852435]]]},"properties":{"src":"truth"}},{"type":"Feature","geometry":{"type":"Polygon","coordinates":[[[-108.776978,36.851846],[-108.776981,36.851756],[-108.776869,36.851754],[-108.776866,36.851844],[-108.776978,36.851846]]]},"properties":{"src":"truth"}},{"type":"Feature","geometry":{"type":"Polygon","coordinates":[[[-108.775972,36.851737],[-108.775975,36.851647],[-108.775862,36.851645],[-108.77586,36.851735],[-108.775972,36.851737]]]},"properties":{"src":"truth"}},{"type":"Feature","geometry":{"type":"Polygon","coordinates":[[[-108.777093,36.851758],[-108.777098,36.851578],[-108.776986,36.851576],[-108.776981,36.851756],[-108.777093,36.851758]]]},"properties":{"src":"truth"}},{"type":"Feature","geometry":{"type":"Polygon","coordinates":[[[-108.776418,36.851836],[-108.77642,36.851746],[-108.776869,36.851754],[-108.776874,36.851574],[-108.776538,36.851568],[-108.776535,36.851658],[-108.776087,36.851649],[-108.776084,36.851739],[-108.775972,36.851737],[-108.775969,36.851827],[-108.776194,36.851832],[-108.776196,36.851741],[-108.776308,36.851744],[-108.776306,36.851834],[-108.776418,36.851836]]]},"properties":{"src":"truth"}},{"type":"Feature","geometry":{"type":"Polygon","coordinates":[[[-108.777544,36.851677],[-108.777547,36.851586],[-108.777322,36.851582],[-108.777325,36.851492],[-108.777101,36.851488],[-108.777098,36.851578],[-108.77721,36.85158],[-108.777208,36.85167],[-108.777544,36.851677]]]},"properties":{"src":"truth"}},{"type":"Feature","geometry":{"type":"Polygon","coordinates":[[[-108.751099,36.850728],[-108.751101,36.850638],[-108.750989,36.850636],[-108.750987,36.850726],[-108.751099,36.850728]]]},"properties":{"src":"truth"}},{"type":"Feature","geometry":{"type":"Polygon","coordinates":[[[-108.767386,36.849954],[-108.767389,36.849864],[-108.767277,36.849862],[-108.767274,36.849952],[-108.767386,36.849954]]]},"properties":{"src":"truth"}},{"type":"Feature","geometry":{"type":"Polygon","coordinates":[[[-108.746649,36.849472],[-108.746651,36.849382],[-108.746539,36.84938],[-108.746537,36.84947],[-108.746649,36.849472]]]},"properties":{"src":"truth"}},{"type":"Feature","geometry":{"type":"Polygon","coordinates":[[[-108.769511,36.850174],[-108.769519,36.849904],[-108.769407,36.849902],[-108.76941,36.849812],[-108.769297,36.84981],[-108.769303,36.849629],[-108.769191,36.849627],[-108.769193,36.849537],[-108.769081,36.849535],[-108.769076,36.849715],[-108.769188,36.849717],[-108.769183,36.849898],[-108.769295,36.8499],[-108.76929,36.85008],[-108.769402,36.850082],[-108.769399,36.850172],[-108.769511,36.850174]]]},"properties":{"src":"truth"}},{"type":"Feature","geometry":{"type":"Polygon","coordinates":[[[-108.745061,36.850073],[-108.745063,36.849983],[-108.745288,36.849987],[-108.74529,36.849897],[-108.745739,36.849906],[-108.745741,36.849816],[-108.745966,36.84982],[-108.745963,36.84991],[-108.746187,36.849914],[-108.74619,36.849824],[-108.746078,36.849822],[-108.74608,36.849732],[-108.746192,36.849734],[-108.746195,36.849644],[-108.746419,36.849648],[-108.746422,36.849558],[-108.746534,36.84956],[-108.746537,36.84947],[-108.7462,36.849464],[-108.746198,36.849554],[-108.745973,36.84955],[-108.745971,36.84964],[-108.745522,36.849631],[-108.74552,36.849721],[-108.745071,36.849713],[-108.745069,36.849803],[-108.744957,36.849801],[-108.744959,36.849711],[-108.744847,36.849709],[-108.744855,36.849438],[-108.744631,36.849434],[-108.744636,36.849254],[-108.744524,36.849252],[-108.744532,36.848982],[-108.74442,36.848979],[-108.744407,36.84943],[-108.744519,36.849432],[-108.744511,36.849702],[-108.744735,36.849706],[-108.74473,36.849887],[-108.744842,36.849889],[-108.744839,36.849979],[-108.744727,36.849977],[-108.744724,36.850067],[-108.745061,36.850073]]]},"properties":{"src":"truth"}},{"type":"Feature","geometry":{"type":"Polygon","coordinates":[[[-108.74442,36.848979],[-108.744422,36.848889],[-108.74431,36.848887],[-108.744308,36.848977],[-108.74442,36.848979]]]},"properties":{"src":"truth"}},{"type":"Feature","geometry":{"type":"Polygon","coordinates":[[[-108.743299,36.848958],[-108.743301,36.848868],[-108.743189,36.848866],[-108.743187,36.848956],[-108.743299,36.848958]]]},"properties":{"src":"truth"}},{"type":"Feature","geometry":{"type":"Polygon","coordinates":[[[-108.769081,36.849535],[-108.769084,36.849445],[-108.768972,36.849443],[-108.768974,36.849353],[-108.768862,36.849351],[-108.768865,36.849261],[-108.768753,36.849259],[-108.768755,36.849169],[-108.768643,36.849166],[-108.768646,36.849076],[-108.768422,36.849072],[-108.768419,36.849162],[-108.768531,36.849164],[-108.768528,36.849254],[-108.768641,36.849256],[-108.768638,36.849347],[-108.76875,36.849349],[-108.768747,36.849439],[-108.76886,36.849441],[-108.768857,36.849531],[-108.769081,36.849535]]]},"properties":{"src":"truth"}},{"type":"Feature","geometry":{"type":"Polygon","coordinates":[[[-108.755415,36.856578],[-108.755417,36.856488],[-108.755193,36.856484],[-108.755198,36.856304],[-108.755086,36.856301],[-108.755091,36.856121],[-108.754979,36.856119],[-108.754982,36.856029],[-108.75487,36.856027],[-108.754875,36.855847],[-108.754987,36.855849],[-108.754992,36.855669],[-108.75488,36.855667],[-108.754883,36.855577],[-108.754995,36.855579],[-108.754998,36.855489],[-108.754886,36.855487],[-108.754891,36.855306],[-108.754779,36.855304],[-108.754781,36.855214],[-108.754557,36.85521],[-108.754562,36.85503],[-108.754675,36.855032],[-108.754677,36.854942],[-108.754901,36.854946],[-108.754909,36.854676],[-108.754797,36.854674],[-108.7548,36.854584],[-108.754688,36.854582],[-108.75469,36.854491],[-108.754802,36.854494],[-108.754813,36.854133],[-108.754701,36.854131],[-108.754735,36.85296],[-108.754847,36.852962],[-108.75485,36.852872],[-108.754738,36.85287],[-108.754743,36.85269],[-108.754855,36.852692],[-108.754863,36.852422],[-108.754751,36.85242],[-108.754762,36.852059],[-108.754649,36.852057],[-108.754655,36.851877],[-108.754543,36.851875],[-108.754545,36.851785],[-108.754657,36.851787],[-108.754663,36.851607],[-108.75455,36.851605],[-108.754553,36.851515],[-108.754441,36.851513],[-108.754444,36.851422],[-108.754332,36.85142],[-108.754334,36.85133],[-108.754222,36.851328],[-108.754227,36.851148],[-108.754003,36.851144],[-108.754006,36.851054],[-108.753894,36.851052],[-108.753896,36.850961],[-108.753784,36.850959],[-108.753787,36.850869],[-108.753675,36.850867],[-108.753667,36.851137],[-108.753555,36.851135],[-108.753557,36.851045],[-108.753445,36.851043],[-108.753456,36.850683],[-108.753344,36.850681],[-108.753349,36.8505],[-108.753237,36.850498],[-108.753239,36.850408],[-108.753127,36.850406],[-108.75313,36.850316],[-108.752906,36.850312],[-108.752908,36.850222],[-108.752684,36.850218],[-108.752687,36.850127],[-108.752575,36.850125],[-108.752577,36.850035],[-108.752353,36.850031],[-108.752356,36.849941],[-108.752019,36.849935],[-108.752022,36.849845],[-108.751798,36.84984],[-108.7518,36.84975],[-108.751688,36.849748],[-108.751691,36.849658],[-108.751467,36.849654],[-108.751472,36.849474],[-108.75136,36.849471],[-108.751357,36.849562],[-108.751245,36.849559],[-108.75125,36.849379],[-108.751026,36.849375],[-108.751029,36.849285],[-108.750693,36.849279],[-108.750695,36.849189],[-108.750247,36.84918],[-108.750249,36.84909],[-108.749913,36.849084],[-108.749916,36.848993],[-108.749355,36.848983],[-108.749358,36.848893],[-108.748013,36.848867],[-108.748015,36.848777],[-108.747903,36.848775],[-108.747908,36.848595],[-108.74746,36.848586],[-108.747444,36.849127],[-108.747332,36.849125],[-108.747329,36.849215],[-108.747105,36.849211],[-108.747102,36.849301],[-108.746766,36.849294],[-108.746761,36.849474],[-108.746873,36.849477],[-108.746876,36.849387],[-108.747212,36.849393],[-108.747215,36.849303],[-108.747551,36.849309],[-108.747532,36.84994],[-108.74742,36.849938],[-108.74741,36.850298],[-108.747298,36.850296],[-108.747292,36.850476],[-108.746956,36.85047],[-108.746959,36.850379],[-108.746847,36.850377],[-108.746849,36.850287],[-108.746737,36.850285],[-108.74674,36.850195],[-108.746628,36.850193],[-108.746636,36.849923],[-108.746523,36.849921],[-108.746521,36.850011],[-108.746409,36.850009],[-108.746411,36.849918],[-108.746187,36.849914],[-108.746184,36.850004],[-108.746297,36.850006],[-108.746294,36.850096],[-108.746406,36.850099],[-108.746403,36.850189],[-108.746516,36.850191],[-108.746513,36.850281],[-108.746625,36.850283],[-108.74662,36.850463],[-108.746732,36.850465],[-108.746729,36.850555],[-108.746953,36.85056],[-108.746951,36.85065],[-108.747063,36.850652],[-108.747058,36.850832],[-108.747282,36.850836],[-108.747279,36.850926],[-108.747391,36.850928],[-108.747394,36.850838],[-108.747506,36.85084],[-108.747503,36.850931],[-108.747615,36.850933],[-108.747613,36.851023],[-108.747837,36.851027],[-108.747834,36.851117],[-108.747722,36.851115],[-108.74772,36.851205],[-108.747832,36.851207],[-108.747829,36.851297],[-108.747717,36.851295],[-108.747714,36.851385],[-108.747602,36.851383],[-108.747605,36.851293],[-108.747269,36.851287],[-108.747266,36.851377],[-108.747154,36.851375],[-108.747151,36.851465],[-108.746927,36.85146],[-108.746922,36.851641],[-108.74681,36.851638],[-108.746807,36.851729],[-108.746583,36.851724],[-108.74658,36.851814],[-108.746468,36.851812],[-108.746471,36.851722],[-108.746246,36.851718],[-108.746244,36.851808],[-108.746019,36.851804],[-108.746017,36.851894],[-108.745905,36.851892],[-108.745907,36.851802],[-108.745795,36.851799],[-108.745801,36.851619],[-108.745688,36.851617],[-108.745691,36.851527],[-108.745355,36.851521],[-108.74536,36.851341],[-108.745024,36.851334],[-108.745018,36.851514],[-108.745243,36.851519],[-108.74524,36.851609],[-108.745352,36.851611],[-108.745349,36.851701],[-108.745462,36.851703],[-108.745459,36.851793],[-108.745683,36.851797],[-108.74568,36.851887],[-108.745793,36.85189],[-108.74579,36.85198],[-108.745902,36.851982],[-108.745899,36.852072],[-108.746012,36.852074],[-108.746004,36.852344],[-108.745891,36.852342],[-108.745886,36.852522],[-108.745774,36.85252],[-108.745769,36.8527],[-108.745657,36.852698],[-108.745651,36.852878],[-108.745539,36.852876],[-108.745537,36.852966],[-108.745312,36.852962],[-108.74531,36.853052],[-108.745085,36.853048],[-108.745083,36.853138],[-108.745195,36.85314],[-108.745192,36.85323],[-108.745304,36.853232],[-108.745302,36.853322],[-108.745638,36.853329],[-108.745641,36.853239],[-108.745753,36.853241],[-108.745756,36.853151],[-108.745868,36.853153],[-108.74587,36.853063],[-108.746095,36.853067],[-108.746097,36.852977],[-108.746209,36.852979],[-108.746212,36.852889],[-108.746324,36.852891],[-108.746321,36.852981],[-108.746434,36.852983],[-108.746436,36.852893],[-108.74666,36.852897],[-108.746663,36.852807],[-108.746775,36.852809],[-108.74678,36.852629],[-108.746893,36.852631],[-108.7469,36.852361],[-108.747013,36.852363],[-108.747015,36.852273],[-108.747127,36.852275],[-108.74713,36.852185],[-108.747242,36.852187],[-108.747245,36.852097],[-108.747357,36.852099],[-108.747367,36.851739],[-108.747592,36.851743],[-108.747594,36.851653],[-108.747819,36.851658],[-108.747821,36.851567],[-108.747933,36.85157],[-108.747936,36.85148],[-108.74816,36.851484],[-108.748152,36.851754],[-108.748264,36.851756],[-108.748262,36.851846],[-108.748374,36.851848],[-108.748371,36.851938],[-108.748483,36.851941],[-108.748478,36.852121],[-108.748702,36.852125],[-108.7487,36.852215],[-108.748924,36.852219],[-108.748921,36.852309],[-108.749033,36.852311],[-108.749031,36.852402],[-108.749143,36.852404],[-108.74914,36.852494],[-108.749252,36.852496],[-108.749247,36.852676],[-108.749359,36.852678],[-108.749354,36.852858],[-108.749466,36.85286],[-108.749463,36.852951],[-108.749575,36.852953],[-108.74957,36.853133],[-108.749906,36.853139],[-108.749909,36.853049],[-108.750021,36.853051],[-108.750024,36.852961],[-108.750136,36.852963],[-108.750139,36.852873],[-108.750475,36.85288],[-108.750472,36.85297],[-108.750696,36.852974],[-108.750694,36.853064],[-108.750806,36.853066],[-108.750803,36.853156],[-108.750915,36.853158],[-108.750913,36.853248],[-108.751137,36.853253],[-108.751134,36.853343],[-108.751246,36.853345],[-108.751244,36.853435],[-108.751468,36.853439],[-108.751465,36.853529],[-108.751578,36.853531],[-108.751575,36.853621],[-108.751687,36.853623],[-108.751684,36.853714],[-108.751572,36.853711],[-108.751567,36.853892],[-108.751455,36.853889],[-108.75145,36.85407],[-108.751337,36.854068],[-108.751332,36.854248],[-108.75122,36.854246],[-108.75121,36.854606],[-108.751434,36.85461],[-108.751439,36.85443],[-108.751663,36.854434],[-108.751661,36.854524],[-108.751885,36.854529],[-108.75188,36.854709],[-108.752104,36.854713],[-108.752106,36.854623],[-108.752219,36.854625],[-108.752213,36.854805],[-108.752438,36.854809],[-108.752435,36.854899],[-108.752323,36.854897],[-108.752312,36.855258],[-108.7522,36.855255],[-108.752197,36.855346],[-108.752085,36.855343],[-108.75208,36.855524],[-108.752304,36.855528],[-108.752307,36.855438],[-108.752643,36.855444],[-108.752641,36.855534],[-108.752753,36.855536],[-108.75275,36.855626],[-108.752638,36.855624],[-108.752635,36.855714],[-108.752747,36.855716],[-108.752745,36.855807],[-108.752857,36.855809],[-108.752854,36.855899],[-108.753079,36.855903],[-108.753076,36.855993],[-108.753188,36.855995],[-108.753185,36.856085],[-108.753298,36.856087],[-108.753295,36.856177],[-108.753407,36.85618],[-108.753404,36.85627],[-108.753516,36.856272],[-108.753514,36.856362],[-108.75385,36.856368],[-108.753848,36.856458],[-108.75396,36.85646],[-108.753968,36.85619],[-108.754416,36.856199],[-108.754413,36.856289],[-108.754301,36.856287],[-108.754296,36.856467],[-108.754745,36.856475],[-108.754742,36.856565],[-108.755415,36.856578]],[[-108.754523,36.856381],[-108.754411,36.856379],[-108.754413,36.856289],[-108.754526,36.856291],[-108.754523,36.856381]],[[-108.754766,36.855755],[-108.754653,36.855753],[-108.754656,36.855662],[-108.754768,36.855665],[-108.754766,36.855755]],[[-108.752106,36.854623],[-108.751994,36.854621],[-108.752,36.854441],[-108.752112,36.854443],[-108.752106,36.854623]],[[-108.754613,36.853318],[-108.754276,36.853312],[-108.754281,36.853132],[-108.754169,36.85313],[-108.754172,36.85304],[-108.75406,36.853037],[-108.754063,36.852947],[-108.753726,36.852941],[-108.753731,36.852761],[-108.753844,36.852763],[-108.753849,36.852583],[-108.753737,36.852581],[-108.753739,36.852491],[-108.753627,36.852489],[-108.75363,36.852398],[-108.753518,36.852396],[-108.75352,36.852306],[-108.753408,36.852304],[-108.753411,36.852214],[-108.753523,36.852216],[-108.753526,36.852126],[-108.753414,36.852124],[-108.753419,36.851944],[-108.753307,36.851942],[-108.753309,36.851852],[-108.753197,36.85185],[-108.7532,36.851759],[-108.752976,36.851755],[-108.752968,36.852025],[-108.752631,36.852019],[-108.752639,36.851749],[-108.752191,36.85174],[-108.752194,36.85165],[-108.751969,36.851646],[-108.751967,36.851736],[-108.751742,36.851732],[-108.751748,36.851552],[-108.751636,36.85155],[-108.751644,36.851279],[-108.751419,36.851275],[-108.751422,36.851185],[-108.75131,36.851183],[-108.751315,36.851003],[-108.751203,36.851001],[-108.7512,36.851091],[-108.751088,36.851089],[-108.751091,36.850999],[-108.750979,36.850996],[-108.750981,36.850906],[-108.750869,36.850904],[-108.750872,36.850814],[-108.750648,36.85081],[-108.750653,36.85063],[-108.750877,36.850634],[-108.75088,36.850544],[-108.750656,36.85054],[-108.750658,36.85045],[-108.75021,36.850441],[-108.750212,36.850351],[-108.750325,36.850353],[-108.750335,36.849993],[-108.750447,36.849995],[-108.750445,36.850085],[-108.750557,36.850087],[-108.750562,36.849907],[-108.75045,36.849905],[-108.750455,36.849725],[-108.750567,36.849727],[-108.75057,36.849637],[-108.750906,36.849643],[-108.750904,36.849733],[-108.751128,36.849737],[-108.751125,36.849828],[-108.751574,36.849836],[-108.751571,36.849926],[-108.751907,36.849932],[-108.751902,36.850113],[-108.752014,36.850115],[-108.752017,36.850025],[-108.752129,36.850027],[-108.752124,36.850207],[-108.752572,36.850215],[-108.752569,36.850305],[-108.752794,36.85031],[-108.752791,36.8504],[-108.753015,36.850404],[-108.753013,36.850494],[-108.753125,36.850496],[-108.753114,36.850857],[-108.753226,36.850859],[-108.753221,36.851039],[-108.753333,36.851041],[-108.753328,36.851221],[-108.75344,36.851223],[-108.753435,36.851403],[-108.753547,36.851405],[-108.753544,36.851496],[-108.753656,36.851498],[-108.753654,36.851588],[-108.753878,36.851592],[-108.753875,36.851682],[-108.753987,36.851684],[-108.753985,36.851774],[-108.754097,36.851776],[-108.754094,36.851866],[-108.754206,36.851869],[-108.754201,36.852049],[-108.754313,36.852051],[-108.754308,36.852231],[-108.75442,36.852233],[-108.754404,36.852774],[-108.754516,36.852776],[-108.754503,36.853226],[-108.754615,36.853228],[-108.754613,36.853318]],[[-108.746215,36.852799],[-108.746102,36.852797],[-108.74611,36.852526],[-108.746223,36.852529],[-108.746215,36.852799]],[[-108.74611,36.852526],[-108.745998,36.852524],[-108.746004,36.852344],[-108.746116,36.852346],[-108.74611,36.852526]],[[-108.752076,36.851828],[-108.751964,36.851826],[-108.751967,36.851736],[-108.752079,36.851738],[-108.752076,36.851828]],[[-108.754545,36.851785],[-108.754433,36.851783],[-108.754436,36.851693],[-108.754548,36.851695],[-108.754545,36.851785]],[[-108.750111,36.849989],[-108.749887,36.849984],[-108.749889,36.849894],[-108.749777,36.849892],[-108.74978,36.849802],[-108.749668,36.8498],[-108.749673,36.84962],[-108.749785,36.849622],[-108.749783,36.849712],[-108.750119,36.849718],[-108.750121,36.849628],[-108.750346,36.849633],[-108.750343,36.849723],[-108.750231,36.84972],[-108.750226,36.849901],[-108.750114,36.849899],[-108.750111,36.849989]],[[-108.749107,36.849789],[-108.748995,36.849787],[-108.748998,36.849697],[-108.748886,36.849695],[-108.748888,36.849605],[-108.749113,36.849609],[-108.749118,36.849429],[-108.749454,36.849435],[-108.749449,36.849616],[-108.749337,36.849613],[-108.749334,36.849703],[-108.74911,36.849699],[-108.749107,36.849789]]]},"properties":{"src":"truth"}},{"type":"Feature","geometry":{"type":"Polygon","coordinates":[[[-108.7682,36.848978],[-108.768203,36.848888],[-108.76809,36.848886],[-108.768093,36.848796],[-108.767981,36.848793],[-108.767984,36.848703],[-108.767871,36.848701],[-108.767866,36.848881],[-108.767978,36.848884],[-108.767976,36.848974],[-108.7682,36.848978]]]},"properties":{"src":"truth"}},{"type":"Feature","geometry":{"type":"Polygon","coordinates":[[[-108.768536,36.848984],[-108.768539,36.848894],[-108.768651,36.848896],[-108.768656,36.848716],[-108.768544,36.848714],[-108.768542,36.848804],[-108.768429,36.848802],[-108.768427,36.848892],[-108.768315,36.84889],[-108.768312,36.84898],[-108.768536,36.848984]]]},"properties":{"src":"truth"}},{"type":"Feature","geometry":{"type":"Polygon","coordinates":[[[-108.759794,36.84873],[-108.7598,36.848549],[-108.759575,36.848545],[-108.759573,36.848635],[-108.759685,36.848637],[-108.759682,36.848727],[-108.759794,36.84873]]]},"properties":{"src":"truth"}},{"type":"Feature","geometry":{"type":"Polygon","coordinates":[[[-108.767871,36.848701],[-108.767874,36.848611],[-108.767762,36.848609],[-108.767765,36.848519],[-108.76754,36.848515],[-108.767538,36.848605],[-108.76765,36.848607],[-108.767647,36.848697],[-108.767871,36.848701]]]},"properties":{"src":"truth"}},{"type":"Feature","geometry":{"type":"Polygon","coordinates":[[[-108.767314,36.848601],[-108.767316,36.848511],[-108.767204,36.848508],[-108.767201,36.848599],[-108.767314,36.848601]]]},"properties":{"src":"truth"}},{"type":"Feature","geometry":{"type":"Polygon","coordinates":[[[-108.76754,36.848515],[-108.767543,36.848425],[-108.767431,36.848423],[-108.767428,36.848513],[-108.76754,36.848515]]]},"properties":{"src":"truth"}},{"type":"Feature","geometry":{"type":"Polygon","coordinates":[[[-108.747697,36.84814],[-108.7477,36.84805],[-108.747588,36.848048],[-108.747585,36.848138],[-108.747697,36.84814]]]},"properties":{"src":"truth"}},{"type":"Feature","geometry":{"type":"Polygon","coordinates":[[[-108.767431,36.848423],[-108.767434,36.848333],[-108.767321,36.84833],[-108.767319,36.848421],[-108.767431,36.848423]]]},"properties":{"src":"truth"}},{"type":"Feature","geometry":{"type":"Polygon","coordinates":[[[-108.742879,36.847959],[-108.742882,36.847869],[-108.74277,36.847867],[-108.742767,36.847957],[-108.742879,36.847959]]]},"properties":{"src":"truth"}},{"type":"Feature","geometry":{"type":"Polygon","coordinates":[[[-108.767321,36.84833],[-108.767324,36.84824],[-108.767212,36.848238],[-108.767209,36.848328],[-108.767321,36.84833]]]},"properties":{"src":"truth"}},{"type":"Feature","geometry":{"type":"Polygon","coordinates":[[[-108.742546,36.847862],[-108.742548,36.847772],[-108.742436,36.84777],[-108.742434,36.84786],[-108.742546,36.847862]]]},"properties":{"src":"truth"}},{"type":"Feature","geometry":{"type":"Polygon","coordinates":[[[-108.767212,36.848238],[-108.767215,36.848148],[-108.767102,36.848146],[-108.7671,36.848236],[-108.767212,36.848238]]]},"properties":{"src":"truth"}},{"type":"Feature","geometry":{"type":"Polygon","coordinates":[[[-108.742661,36.847774],[-108.742663,36.847684],[-108.742551,36.847682],[-108.742548,36.847772],[-108.742661,36.847774]]]},"properties":{"src":"truth"}},{"type":"Feature","geometry":{"type":"Polygon","coordinates":[[[-108.759709,36.847827],[-108.759711,36.847737],[-108.759599,36.847734],[-108.759597,36.847825],[-108.759709,36.847827]]]},"properties":{"src":"truth"}},{"type":"Feature","geometry":{"type":"Polygon","coordinates":[[[-108.758705,36.847627],[-108.758708,36.847537],[-108.758595,36.847535],[-108.758593,36.847625],[-108.758705,36.847627]]]},"properties":{"src":"truth"}},{"type":"Feature","geometry":{"type":"Polygon","coordinates":[[[-108.727876,36.847042],[-108.727879,36.846952],[-108.727767,36.84695],[-108.727764,36.84704],[-108.727876,36.847042]]]},"properties":{"src":"truth"}},{"type":"Feature","geometry":{"type":"Polygon","coordinates":[[[-108.728103,36.846956],[-108.728106,36.846866],[-108.727994,36.846864],[-108.727991,36.846954],[-108.728103,36.846956]]]},"properties":{"src":"truth"}},{"type":"Feature","geometry":{"type":"Polygon","coordinates":[[[-108.725079,36.846808],[-108.725082,36.846718],[-108.724969,36.846716],[-108.724967,36.846806],[-108.725079,36.846808]]]},"properties":{"src":"truth"}},{"type":"Feature","geometry":{"type":"Polygon","coordinates":[[[-108.769686,36.848014],[-108.769689,36.847924],[-108.769801,36.847926],[-108.769804,36.847836],[-108.770028,36.84784],[-108.770025,36.847931],[-108.770249,36.847935],[-108.770255,36.847755],[-108.770142,36.847753],[-108.77015,36.847482],[-108.770262,36.847484],[-108.770265,36.847394],[-108.770041,36.84739],[-108.770036,36.84757],[-108.769923,36.847568],[-108.769921,36.847658],[-108.769697,36.847654],[-108.769691,36.847834],[-108.769243,36.847826],[-108.76924,36.847916],[-108.769352,36.847918],[-108.76935,36.848008],[-108.769686,36.848014]]]},"properties":{"src":"truth"}},{"type":"Feature","geometry":{"type":"Polygon","coordinates":[[[-108.724638,36.846529],[-108.724641,36.846439],[-108.724529,36.846437],[-108.724526,36.846527],[-108.724638,36.846529]]]},"properties":{"src":"truth"}},{"type":"Feature","geometry":{"type":"Polygon","coordinates":[[[-108.719967,36.848963],[-108.719975,36.848693],[-108.7202,36.848697],[-108.720197,36.848787],[-108.720309,36.84879],[-108.720314,36.848609],[-108.720426,36.848612],[-108.720421,36.848792],[-108.720645,36.848796],[-108.720648,36.848706],[-108.72076,36.848708],[-108.720755,36.848888],[-108.720867,36.84889],[-108.720875,36.84862],[-108.721211,36.848627],[-108.721209,36.848717],[-108.721433,36.848721],[-108.721435,36.848631],[-108.721548,36.848633],[-108.721556,36.848363],[-108.721668,36.848365],[-108.721673,36.848185],[-108.721785,36.848187],[-108.721788,36.848097],[-108.721676,36.848095],[-108.721678,36.848005],[-108.722127,36.848013],[-108.722135,36.847743],[-108.722247,36.847745],[-108.72225,36.847655],[-108.722362,36.847657],[-108.722356,36.847838],[-108.722468,36.84784],[-108.722471,36.84775],[-108.722695,36.847754],[-108.722698,36.847664],[-108.722922,36.847668],[-108.722925,36.847578],[-108.723149,36.847582],[-108.723152,36.847492],[-108.722815,36.847486],[-108.722818,36.847396],[-108.72293,36.847398],[-108.722933,36.847308],[-108.723269,36.847314],[-108.723264,36.847494],[-108.723376,36.847497],[-108.723379,36.847406],[-108.723491,36.847409],[-108.723501,36.847048],[-108.723614,36.84705],[-108.723619,36.84687],[-108.723731,36.846872],[-108.723734,36.846782],[-108.723846,36.846785],[-108.723848,36.846694],[-108.723961,36.846697],[-108.723963,36.846607],[-108.724075,36.846609],[-108.724073,36.846699],[-108.724185,36.846701],[-108.724187,36.846611],[-108.724412,36.846615],[-108.724414,36.846525],[-108.72419,36.846521],[-108.724193,36.846431],[-108.723969,36.846426],[-108.723971,36.846336],[-108.723859,36.846334],[-108.723856,36.846424],[-108.723744,36.846422],[-108.723742,36.846512],[-108.72363,36.84651],[-108.723624,36.84669],[-108.723512,36.846688],[-108.723515,36.846598],[-108.723178,36.846591],[-108.723176,36.846682],[-108.723064,36.846679],[-108.723061,36.846769],[-108.723173,36.846772],[-108.72317,36.846862],[-108.723058,36.84686],[-108.723056,36.84695],[-108.722831,36.846945],[-108.722829,36.847035],[-108.722605,36.847031],[-108.722602,36.847121],[-108.72249,36.847119],[-108.722487,36.847209],[-108.722263,36.847205],[-108.72226,36.847295],[-108.722148,36.847293],[-108.722151,36.847203],[-108.722039,36.847201],[-108.722031,36.847471],[-108.721919,36.847469],[-108.721916,36.847559],[-108.721804,36.847557],[-108.721801,36.847647],[-108.721689,36.847644],[-108.721686,36.847735],[-108.721462,36.84773],[-108.721457,36.84791],[-108.721233,36.847906],[-108.72123,36.847996],[-108.721118,36.847994],[-108.721115,36.848084],[-108.721227,36.848086],[-108.721222,36.848266],[-108.720998,36.848262],[-108.720995,36.848352],[-108.720547,36.848344],[-108.720549,36.848253],[-108.720437,36.848251],[-108.72044,36.848161],[-108.720328,36.848159],[-108.72032,36.848429],[-108.720432,36.848431],[-108.720429,36.848522],[-108.719869,36.848511],[-108.719863,36.848691],[-108.719751,36.848689],[-108.719746,36.848869],[-108.719858,36.848871],[-108.719855,36.848961],[-108.719967,36.848963]],[[-108.721326,36.848539],[-108.72099,36.848532],[-108.720992,36.848442],[-108.721329,36.848449],[-108.721326,36.848539]],[[-108.722813,36.847576],[-108.722589,36.847572],[-108.722591,36.847482],[-108.722815,36.847486],[-108.722813,36.847576]]]},"properties":{"src":"truth"}},{"type":"Feature","geometry":{"type":"Polygon","coordinates":[[[-108.755355,36.847114],[-108.75536,36.846933],[-108.755248,36.846931],[-108.755243,36.847111],[-108.755355,36.847114]]]},"properties":{"src":"truth"}},{"type":"Feature","geometry":{"type":"Polygon","coordinates":[[[-108.728228,36.846508],[-108.728231,36.846418],[-108.728119,36.846416],[-108.728122,36.846326],[-108.72801,36.846323],[-108.728004,36.846504],[-108.728228,36.846508]]]},"properties":{"src":"truth"}},{"type":"Feature","geometry":{"type":"Polygon","coordinates":[[[-108.755921,36.846944],[-108.755923,36.846854],[-108.755811,36.846852],[-108.755809,36.846942],[-108.755921,36.846944]]]},"properties":{"src":"truth"}},{"type":"Feature","geometry":{"type":"Polygon","coordinates":[[[-108.741571,36.846672],[-108.741574,36.846582],[-108.741462,36.84658],[-108.741459,36.84667],[-108.741571,36.846672]]]},"properties":{"src":"truth"}},{"type":"Feature","geometry":{"type":"Polygon","coordinates":[[[-108.733836,36.846525],[-108.733842,36.846345],[-108.733729,36.846343],[-108.733724,36.846523],[-108.733836,36.846525]]]},"properties":{"src":"truth"}},{"type":"Feature","geometry":{"type":"Polygon","coordinates":[[[-108.754242,36.846822],[-108.754244,36.846732],[-108.754132,36.84673],[-108.75413,36.84682],[-108.754242,36.846822]]]},"properties":{"src":"truth"}},{"type":"Feature","geometry":{"type":"Polygon","coordinates":[[[-108.754132,36.84673],[-108.754135,36.84664],[-108.754023,36.846638],[-108.75402,36.846728],[-108.754132,36.84673]]]},"properties":{"src":"truth"}},{"type":"Feature","geometry":{"type":"Polygon","coordinates":[[[-108.733847,36.846165],[-108.733855,36.845894],[-108.733743,36.845892],[-108.733735,36.846162],[-108.733847,36.846165]]]},"properties":{"src":"truth"}},{"type":"Feature","geometry":{"type":"Polygon","coordinates":[[[-108.751228,36.846315],[-108.751231,36.846224],[-108.751119,36.846222],[-108.751116,36.846312],[-108.751228,36.846315]]]},"properties":{"src":"truth"}},{"type":"Feature","geometry":{"type":"Polygon","coordinates":[[[-108.72308,36.846139],[-108.723082,36.846049],[-108.723755,36.846062],[-108.723758,36.845972],[-108.724094,36.845978],[-108.724097,36.845888],[-108.724209,36.84589],[-108.724206,36.84598],[-108.72443,36.845985],[-108.724433,36.845895],[-108.724545,36.845897],[-108.724553,36.845626],[-108.724441,36.845624],[-108.724438,36.845714],[-108.724214,36.84571],[-108.724211,36.8458],[-108.723987,36.845796],[-108.723993,36.845616],[-108.72388,36.845614],[-108.723875,36.845794],[-108.723763,36.845792],[-108.723766,36.845701],[-108.723654,36.845699],[-108.723651,36.845789],[-108.723203,36.845781],[-108.7232,36.845871],[-108.722976,36.845867],[-108.722973,36.845957],[-108.722861,36.845955],[-108.722858,36.846045],[-108.722746,36.846042],[-108.722743,36.846133],[-108.72308,36.846139]]]},"properties":{"src":"truth"}},{"type":"Feature","geometry":{"type":"Polygon","coordinates":[[[-108.727126,36.845856],[-108.727131,36.845676],[-108.727019,36.845674],[-108.727014,36.845854],[-108.727126,36.845856]]]},"properties":{"src":"truth"}},{"type":"Feature","geometry":{"type":"Polygon","coordinates":[[[-108.734087,36.845628],[-108.73409,36.845538],[-108.733978,36.845536],[-108.733975,36.845626],[-108.734087,36.845628]]]},"properties":{"src":"truth"}},{"type":"Feature","geometry":{"type":"Polygon","coordinates":[[[-108.743717,36.846172],[-108.743722,36.845992],[-108.74361,36.84599],[-108.743613,36.8459],[-108.743389,36.845896],[-108.743394,36.845715],[-108.74317,36.845711],[-108.743173,36.845621],[-108.74306,36.845619],[-108.743058,36.845709],[-108.742834,36.845705],[-108.742831,36.845795],[-108.743055,36.845799],[-108.743053,36.845889],[-108.743165,36.845891],[-108.743159,36.846071],[-108.743271,36.846074],[-108.743274,36.845983],[-108.743386,36.845986],[-108.743384,36.846076],[-108.743496,36.846078],[-108.743493,36.846168],[-108.743717,36.846172]]]},"properties":{"src":"truth"}},{"type":"Feature","geometry":{"type":"Polygon","coordinates":[[[-108.771428,36.845974],[-108.771431,36.845884],[-108.771206,36.84588],[-108.771209,36.84579],[-108.771097,36.845788],[-108.771099,36.845698],[-108.770875,36.845693],[-108.770878,36.845603],[-108.770542,36.845597],[-108.770539,36.845687],[-108.770651,36.845689],[-108.770648,36.845779],[-108.770761,36.845781],[-108.770758,36.845871],[-108.770982,36.845876],[-108.77098,36.845966],[-108.771428,36.845974]]]},"properties":{"src":"truth"}},{"type":"Feature","geometry":{"type":"Polygon","coordinates":[[[-108.770534,36.845867],[-108.770536,36.845777],[-108.770312,36.845773],[-108.770317,36.845593],[-108.770093,36.845589],[-108.770091,36.845679],[-108.769866,36.845674],[-108.769864,36.845764],[-108.769752,36.845762],[-108.769749,36.845852],[-108.770534,36.845867]]]},"properties":{"src":"truth"}},{"type":"Feature","geometry":{"type":"Polygon","coordinates":[[[-108.746327,36.84514],[-108.746338,36.84478],[-108.746226,36.844778],[-108.74622,36.844958],[-108.746108,36.844956],[-108.746106,36.845046],[-108.746218,36.845048],[-108.746215,36.845138],[-108.746327,36.84514]]]},"properties":{"src":"truth"}},{"type":"Feature","geometry":{"type":"Polygon","coordinates":[[[-108.74628,36.846762],[-108.746285,36.846581],[-108.746621,36.846588],[-108.746627,36.846408],[-108.746739,36.84641],[-108.746741,36.84632],[-108.746853,36.846322],[-108.746864,36.845961],[-108.746976,36.845964],[-108.746979,36.845874],[-108.746867,36.845871],[-108.746875,36.845601],[-108.746987,36.845603],[-108.746992,36.845423],[-108.74688,36.845421],[-108.746893,36.844971],[-108.746781,36.844969],[-108.746784,36.844878],[-108.746672,36.844876],[-108.746677,36.844696],[-108.746565,36.844694],[-108.746557,36.844964],[-108.746445,36.844962],[-108.746437,36.845232],[-108.746325,36.84523],[-108.746322,36.84532],[-108.74621,36.845318],[-108.746207,36.845408],[-108.745983,36.845404],[-108.74597,36.845854],[-108.745858,36.845852],[-108.745852,36.846032],[-108.74574,36.84603],[-108.745735,36.84621],[-108.745847,36.846213],[-108.745839,36.846483],[-108.746063,36.846487],[-108.746058,36.846667],[-108.74617,36.846669],[-108.746168,36.846759],[-108.74628,36.846762]]]},"properties":{"src":"truth"}},{"type":"Feature","geometry":{"type":"Polygon","coordinates":[[[-108.738139,36.845165],[-108.738144,36.844985],[-108.738032,36.844983],[-108.738037,36.844802],[-108.737925,36.8448],[-108.737928,36.84471],[-108.737816,36.844708],[-108.737824,36.844438],[-108.737711,36.844436],[-108.737701,36.844796],[-108.737813,36.844798],[-108.737808,36.844978],[-108.73792,36.84498],[-108.737914,36.845161],[-108.738139,36.845165]]]},"properties":{"src":"truth"}},{"type":"Feature","geometry":{"type":"Polygon","coordinates":[[[-108.765179,36.844865],[-108.765182,36.844775],[-108.765069,36.844773],[-108.765067,36.844863],[-108.765179,36.844865]]]},"properties":{"src":"truth"}},{"type":"Feature","geometry":{"type":"Polygon","coordinates":[[[-108.731554,36.844048],[-108.731559,36.843868],[-108.731223,36.843861],[-108.73122,36.843951],[-108.731444,36.843956],[-108.731442,36.844046],[-108.731554,36.844048]]]},"properties":{"src":"truth"}},{"type":"Feature","geometry":{"type":"Polygon","coordinates":[[[-108.737506,36.843801],[-108.737508,36.843711],[-108.737284,36.843707],[-108.737282,36.843797],[-108.737506,36.843801]]]},"properties":{"src":"truth"}},{"type":"Feature","geometry":{"type":"Polygon","coordinates":[[[-108.763177,36.844287],[-108.763179,36.844197],[-108.763067,36.844195],[-108.76307,36.844105],[-108.762958,36.844103],[-108.762953,36.844283],[-108.763177,36.844287]]]},"properties":{"src":"truth"}},{"type":"Feature","geometry":{"type":"Polygon","coordinates":[[[-108.766149,36.846235],[-108.766151,36.846145],[-108.766263,36.846147],[-108.766266,36.846057],[-108.766154,36.846055],[-108.766156,36.845965],[-108.766044,36.845963],[-108.76605,36.845783],[-108.765937,36.845781],[-108.765945,36.845511],[-108.765833,36.845509],[-108.765831,36.845599],[-108.765718,36.845596],[-108.765721,36.845506],[-108.765609,36.845504],[-108.765612,36.845414],[-108.7655,36.845412],[-108.765502,36.845322],[-108.76539,36.84532],[-108.765393,36.84523],[-108.765505,36.845232],[-108.765515,36.844872],[-108.765291,36.844867],[-108.765288,36.844958],[-108.764952,36.844951],[-108.764955,36.844861],[-108.764618,36.844855],[-108.764626,36.844585],[-108.764514,36.844582],[-108.764512,36.844673],[-108.764399,36.84467],[-108.764402,36.84458],[-108.764178,36.844576],[-108.764181,36.844486],[-108.764293,36.844488],[-108.764295,36.844398],[-108.764183,36.844396],[-108.764188,36.844216],[-108.763964,36.844212],[-108.763972,36.843941],[-108.763636,36.843935],[-108.76363,36.844115],[-108.763518,36.844113],[-108.763513,36.844293],[-108.763177,36.844287],[-108.763174,36.844377],[-108.763398,36.844381],[-108.763396,36.844471],[-108.76362,36.844475],[-108.763617,36.844566],[-108.763842,36.84457],[-108.763839,36.84466],[-108.763951,36.844662],[-108.763946,36.844842],[-108.764058,36.844844],[-108.764042,36.845385],[-108.764154,36.845387],[-108.764152,36.845477],[-108.764264,36.845479],[-108.764261,36.845569],[-108.764373,36.845571],[-108.764376,36.845481],[-108.764824,36.84549],[-108.764819,36.84567],[-108.765267,36.845678],[-108.765265,36.845768],[-108.765377,36.84577],[-108.765374,36.84586],[-108.765486,36.845863],[-108.765484,36.845953],[-108.765596,36.845955],[-108.765599,36.845865],[-108.765823,36.845869],[-108.765815,36.846139],[-108.766039,36.846143],[-108.766036,36.846233],[-108.766149,36.846235]]]},"properties":{"src":"truth"}},{"type":"Feature","geometry":{"type":"Polygon","coordinates":[[[-108.731223,36.843861],[-108.731228,36.843681],[-108.73134,36.843683],[-108.731343,36.843593],[-108.731231,36.843591],[-108.731234,36.843501],[-108.731122,36.843499],[-108.731124,36.843409],[-108.731012,36.843407],[-108.731015,36.843317],[-108.730903,36.843314],[-108.730905,36.843224],[-108.730681,36.84322],[-108.730676,36.8434],[-108.730788,36.843402],[-108.730783,36.843583],[-108.731007,36.843587],[-108.731004,36.843677],[-108.730892,36.843675],[-108.730889,36.843765],[-108.731001,36.843767],[-108.730999,36.843857],[-108.731223,36.843861]]]},"properties":{"src":"truth"}},{"type":"Feature","geometry":{"type":"Polygon","coordinates":[[[-108.737295,36.843346],[-108.737298,36.843256],[-108.737185,36.843254],[-108.737183,36.843344],[-108.737295,36.843346]]]},"properties":{"src":"truth"}},{"type":"Feature","geometry":{"type":"Polygon","coordinates":[[[-108.763863,36.843849],[-108.763868,36.843669],[-108.763756,36.843667],[-108.76375,36.843847],[-108.763863,36.843849]]]},"properties":{"src":"truth"}},{"type":"Feature","geometry":{"type":"Polygon","coordinates":[[[-108.737412,36.843168],[-108.737415,36.843078],[-108.737303,36.843076],[-108.7373,36.843166],[-108.737412,36.843168]]]},"properties":{"src":"truth"}},{"type":"Feature","geometry":{"type":"Polygon","coordinates":[[[-108.733937,36.843102],[-108.73394,36.843012],[-108.733828,36.84301],[-108.733825,36.8431],[-108.733937,36.843102]]]},"properties":{"src":"truth"}},{"type":"Feature","geometry":{"type":"Polygon","coordinates":[[[-108.730796,36.843132],[-108.730807,36.842772],[-108.730582,36.842768],[-108.730585,36.842677],[-108.730473,36.842675],[-108.730465,36.842946],[-108.730577,36.842948],[-108.730574,36.843038],[-108.730462,36.843036],[-108.73046,36.843126],[-108.730796,36.843132]]]},"properties":{"src":"truth"}},{"type":"Feature","geometry":{"type":"Polygon","coordinates":[[[-108.730919,36.842774],[-108.730921,36.842684],[-108.730809,36.842682],[-108.730807,36.842772],[-108.730919,36.842774]]]},"properties":{"src":"truth"}},{"type":"Feature","geometry":{"type":"Polygon","coordinates":[[[-108.75344,36.843562],[-108.753442,36.843472],[-108.75333,36.84347],[-108.753333,36.84338],[-108.753445,36.843382],[-108.753448,36.843292],[-108.75356,36.843294],[-108.753562,36.843204],[-108.753787,36.843208],[-108.753789,36.843118],[-108.753565,36.843114],[-108.753568,36.843024],[-108.753344,36.84302],[-108.753341,36.84311],[-108.752893,36.843101],[-108.75289,36.843192],[-108.752441,36.843183],[-108.752439,36.843273],[-108.75199,36.843265],[-108.751988,36.843355],[-108.752324,36.843361],[-108.752321,36.843451],[-108.752546,36.843455],[-108.752548,36.843365],[-108.75266,36.843367],[-108.752658,36.843458],[-108.753106,36.843466],[-108.753104,36.843556],[-108.75344,36.843562]]]},"properties":{"src":"truth"}},{"type":"Feature","geometry":{"type":"Polygon","coordinates":[[[-108.730473,36.842675],[-108.730476,36.842585],[-108.730363,36.842583],[-108.730361,36.842673],[-108.730473,36.842675]]]},"properties":{"src":"truth"}},{"type":"Feature","geometry":{"type":"Polygon","coordinates":[[[-108.75581,36.843066],[-108.755812,36.842976],[-108.7557,36.842974],[-108.755698,36.843064],[-108.75581,36.843066]]]},"properties":{"src":"truth"}},{"type":"Feature","geometry":{"type":"Polygon","coordinates":[[[-108.730812,36.842592],[-108.730815,36.842502],[-108.730702,36.842499],[-108.7307,36.84259],[-108.730812,36.842592]]]},"properties":{"src":"truth"}},{"type":"Feature","geometry":{"type":"Polygon","coordinates":[[[-108.756485,36.842989],[-108.756488,36.842899],[-108.756936,36.842907],[-108.756939,36.842817],[-108.757051,36.84282],[-108.757053,36.842729],[-108.756829,36.842725],[-108.756827,36.842815],[-108.756378,36.842807],[-108.756376,36.842897],[-108.756039,36.842891],[-108.756037,36.842981],[-108.756485,36.842989]]]},"properties":{"src":"truth"}},{"type":"Feature","geometry":{"type":"Polygon","coordinates":[[[-108.730932,36.842324],[-108.730937,36.842143],[-108.730825,36.842141],[-108.73082,36.842321],[-108.730932,36.842324]]]},"properties":{"src":"truth"}},{"type":"Feature","geometry":{"type":"Polygon","coordinates":[[[-108.750891,36.842523],[-108.750893,36.842433],[-108.750781,36.842431],[-108.750778,36.842521],[-108.750891,36.842523]]]},"properties":{"src":"truth"}},{"type":"Feature","geometry":{"type":"Polygon","coordinates":[[[-108.731386,36.842152],[-108.731388,36.842062],[-108.731612,36.842066],[-108.731615,36.841976],[-108.731167,36.841968],[-108.731161,36.842148],[-108.731386,36.842152]]]},"properties":{"src":"truth"}},{"type":"Feature","geometry":{"type":"Polygon","coordinates":[[[-108.754462,36.843131],[-108.754467,36.842951],[-108.754579,36.842953],[-108.754587,36.842683],[-108.754699,36.842685],[-108.75471,36.842325],[-108.754598,36.842323],[-108.7546,36.842232],[-108.754488,36.84223],[-108.754486,36.84232],[-108.754374,36.842318],[-108.754358,36.842859],[-108.754246,36.842857],[-108.754243,36.842947],[-108.754131,36.842945],[-108.754126,36.843125],[-108.754462,36.843131]]]},"properties":{"src":"truth"}},{"type":"Feature","geometry":{"type":"Polygon","coordinates":[[[-108.731727,36.841978],[-108.731733,36.841798],[-108.73162,36.841796],[-108.731615,36.841976],[-108.731727,36.841978]]]},"properties":{"src":"truth"}},{"type":"Feature","geometry":{"type":"Polygon","coordinates":[[[-108.732066,36.841895],[-108.732069,36.841805],[-108.731845,36.8418],[-108.731842,36.84189],[-108.732066,36.841895]]]},"properties":{"src":"truth"}},{"type":"Feature","geometry":{"type":"Polygon","coordinates":[[[-108.732293,36.841809],[-108.732296,36.841719],[-108.732072,36.841714],[-108.732069,36.841805],[-108.732293,36.841809]]]},"properties":{"src":"truth"}},{"type":"Feature","geometry":{"type":"Polygon","coordinates":[[[-108.759509,36.843136],[-108.759514,36.842956],[-108.759626,36.842958],[-108.759624,36.843048],[-108.759848,36.843053],[-108.759851,36.842962],[-108.760187,36.842969],[-108.76019,36.842879],[-108.760302,36.842881],[-108.76031,36.842611],[-108.760534,36.842615],[-108.760539,36.842435],[-108.761324,36.842449],[-108.761326,36.842359],[-108.762447,36.84238],[-108.762453,36.8422],[-108.762228,36.842196],[-108.762226,36.842286],[-108.762114,36.842284],[-108.762116,36.842194],[-108.761219,36.842177],[-108.761217,36.842267],[-108.760656,36.842257],[-108.760659,36.842167],[-108.760435,36.842162],[-108.760432,36.842252],[-108.760544,36.842255],[-108.760542,36.842345],[-108.759309,36.842321],[-108.759306,36.842411],[-108.759194,36.842409],[-108.759196,36.842319],[-108.758636,36.842309],[-108.758633,36.842399],[-108.758409,36.842394],[-108.758412,36.842304],[-108.758188,36.8423],[-108.758185,36.84239],[-108.757736,36.842382],[-108.757734,36.842472],[-108.75751,36.842468],[-108.757507,36.842558],[-108.757283,36.842554],[-108.75728,36.842644],[-108.757056,36.842639],[-108.757053,36.842729],[-108.757614,36.84274],[-108.757611,36.84283],[-108.757948,36.842836],[-108.757945,36.842927],[-108.758169,36.842931],[-108.758166,36.843021],[-108.758279,36.843023],[-108.758281,36.842933],[-108.758617,36.842939],[-108.758615,36.843029],[-108.758839,36.843033],[-108.758842,36.842943],[-108.759178,36.84295],[-108.759181,36.84286],[-108.759293,36.842862],[-108.759285,36.843132],[-108.759509,36.843136]]]},"properties":{"src":"truth"}},{"type":"Feature","geometry":{"type":"Polygon","coordinates":[[[-108.73252,36.841723],[-108.732523,36.841633],[-108.732298,36.841629],[-108.732296,36.841719],[-108.73252,36.841723]]]},"properties":{"src":"truth"}},{"type":"Feature","geometry":{"type":"Polygon","coordinates":[[[-108.762565,36.842202],[-108.762567,36.842112],[-108.762455,36.84211],[-108.762453,36.8422],[-108.762565,36.842202]]]},"properties":{"src":"truth"}},{"type":"Feature","geometry":{"type":"Polygon","coordinates":[[[-108.732747,36.841637],[-108.732749,36.841547],[-108.732637,36.841545],[-108.732635,36.841635],[-108.732747,36.841637]]]},"properties":{"src":"truth"}},{"type":"Feature","geometry":{"type":"Polygon","coordinates":[[[-108.754712,36.842235],[-108.754723,36.841874],[-108.754611,36.841872],[-108.7546,36.842232],[-108.754712,36.842235]]]},"properties":{"src":"truth"}},{"type":"Feature","geometry":{"type":"Polygon","coordinates":[[[-108.762455,36.84211],[-108.762458,36.84202],[-108.762346,36.842018],[-108.762343,36.842108],[-108.762455,36.84211]]]},"properties":{"src":"truth"}},{"type":"Feature","geometry":{"type":"Polygon","coordinates":[[[-108.732974,36.841551],[-108.732976,36.841461],[-108.732864,36.841459],[-108.732862,36.841549],[-108.732974,36.841551]]]},"properties":{"src":"truth"}},{"type":"Feature","geometry":{"type":"Polygon","coordinates":[[[-108.733313,36.841468],[-108.733315,36.841378],[-108.733427,36.84138],[-108.733433,36.8412],[-108.733321,36.841198],[-108.733326,36.841017],[-108.733214,36.841015],[-108.733206,36.841285],[-108.733094,36.841283],[-108.733088,36.841464],[-108.733313,36.841468]]]},"properties":{"src":"truth"}},{"type":"Feature","geometry":{"type":"Polygon","coordinates":[[[-108.733214,36.841015],[-108.733219,36.840835],[-108.733107,36.840833],[-108.733102,36.841013],[-108.733214,36.841015]]]},"properties":{"src":"truth"}},{"type":"Feature","geometry":{"type":"Polygon","coordinates":[[[-108.754838,36.841786],[-108.754851,36.841336],[-108.754963,36.841338],[-108.754971,36.841068],[-108.754859,36.841066],[-108.754854,36.841246],[-108.754741,36.841244],[-108.754726,36.841784],[-108.754838,36.841786]]]},"properties":{"src":"truth"}},{"type":"Feature","geometry":{"type":"Polygon","coordinates":[[[-108.733107,36.840833],[-108.733112,36.840653],[-108.733,36.840651],[-108.732995,36.840831],[-108.733107,36.840833]]]},"properties":{"src":"truth"}},{"type":"Feature","geometry":{"type":"Polygon","coordinates":[[[-108.740539,36.851249],[-108.740542,36.851159],[-108.740878,36.851165],[-108.740881,36.851075],[-108.741105,36.851079],[-108.741108,36.850989],[-108.741444,36.850996],[-108.741447,36.850906],[-108.741671,36.85091],[-108.741674,36.85082],[-108.741786,36.850822],[-108.741788,36.850732],[-108.742013,36.850736],[-108.742015,36.850646],[-108.742352,36.850653],[-108.742354,36.850562],[-108.742578,36.850567],[-108.742581,36.850477],[-108.742805,36.850481],[-108.742808,36.850391],[-108.743144,36.850397],[-108.74315,36.850217],[-108.743037,36.850215],[-108.74304,36.850125],[-108.742816,36.850121],[-108.742819,36.850031],[-108.742706,36.850028],[-108.742709,36.849938],[-108.742597,36.849936],[-108.7426,36.849846],[-108.742488,36.849844],[-108.74249,36.849754],[-108.742266,36.84975],[-108.742269,36.84966],[-108.742044,36.849655],[-108.742047,36.849565],[-108.741935,36.849563],[-108.74194,36.849383],[-108.741604,36.849377],[-108.741607,36.849286],[-108.741494,36.849284],[-108.741492,36.849374],[-108.74138,36.849372],[-108.741385,36.849192],[-108.741497,36.849194],[-108.7415,36.849104],[-108.741388,36.849102],[-108.74139,36.849012],[-108.741278,36.84901],[-108.741281,36.84892],[-108.741169,36.848918],[-108.741171,36.848828],[-108.740947,36.848823],[-108.74095,36.848733],[-108.740838,36.848731],[-108.74084,36.848641],[-108.740728,36.848639],[-108.740731,36.848549],[-108.740507,36.848545],[-108.740509,36.848454],[-108.740397,36.848452],[-108.7404,36.848362],[-108.740288,36.84836],[-108.74029,36.84827],[-108.740066,36.848266],[-108.740069,36.848176],[-108.739957,36.848174],[-108.739959,36.848084],[-108.739847,36.848081],[-108.73985,36.847991],[-108.739738,36.847989],[-108.739741,36.847899],[-108.739628,36.847897],[-108.739631,36.847807],[-108.739519,36.847805],[-108.739522,36.847715],[-108.73941,36.847713],[-108.739412,36.847622],[-108.7393,36.84762],[-108.739305,36.84744],[-108.739193,36.847438],[-108.739196,36.847348],[-108.739084,36.847346],[-108.739086,36.847256],[-108.738974,36.847254],[-108.73898,36.847073],[-108.738868,36.847071],[-108.73887,36.846981],[-108.738758,36.846979],[-108.738763,36.846799],[-108.738651,36.846797],[-108.738654,36.846707],[-108.738542,36.846705],[-108.738547,36.846524],[-108.738435,36.846522],[-108.73844,36.846342],[-108.738328,36.84634],[-108.738334,36.84616],[-108.738222,36.846158],[-108.738229,36.845888],[-108.738117,36.845885],[-108.738123,36.845705],[-108.738011,36.845703],[-108.738019,36.845433],[-108.737906,36.845431],[-108.737912,36.845251],[-108.7378,36.845248],[-108.737808,36.844978],[-108.737696,36.844976],[-108.737701,36.844796],[-108.737589,36.844794],[-108.737594,36.844614],[-108.737482,36.844612],[-108.737487,36.844431],[-108.737375,36.844429],[-108.737383,36.844159],[-108.737271,36.844157],[-108.737276,36.843977],[-108.737164,36.843975],[-108.73717,36.843794],[-108.737057,36.843792],[-108.737065,36.843522],[-108.736953,36.84352],[-108.736959,36.84334],[-108.736847,36.843338],[-108.736852,36.843158],[-108.73674,36.843155],[-108.736748,36.842885],[-108.736636,36.842883],[-108.736641,36.842703],[-108.736529,36.842701],[-108.736534,36.842521],[-108.736422,36.842518],[-108.73643,36.842248],[-108.736318,36.842246],[-108.736323,36.842066],[-108.736211,36.842064],[-108.736219,36.841794],[-108.736107,36.841791],[-108.736112,36.841611],[-108.736,36.841609],[-108.736006,36.841429],[-108.735893,36.841427],[-108.735899,36.841247],[-108.735787,36.841245],[-108.735792,36.841064],[-108.73568,36.841062],[-108.735683,36.840972],[-108.73557,36.84097],[-108.735573,36.84088],[-108.735685,36.840882],[-108.735688,36.840792],[-108.735239,36.840784],[-108.735242,36.840693],[-108.735466,36.840698],[-108.735469,36.840608],[-108.735021,36.840599],[-108.735023,36.840509],[-108.734911,36.840507],[-108.734908,36.840597],[-108.734796,36.840595],[-108.734794,36.840685],[-108.734457,36.840678],[-108.734449,36.840949],[-108.734225,36.840944],[-108.734223,36.841034],[-108.734111,36.841032],[-108.734108,36.841122],[-108.733884,36.841118],[-108.733886,36.841028],[-108.73355,36.841022],[-108.733547,36.841112],[-108.733659,36.841114],[-108.733654,36.841294],[-108.733766,36.841296],[-108.733769,36.841206],[-108.733993,36.84121],[-108.73399,36.8413],[-108.733878,36.841298],[-108.733876,36.841388],[-108.733764,36.841386],[-108.733758,36.841566],[-108.73387,36.841569],[-108.73386,36.841929],[-108.733972,36.841931],[-108.733951,36.842652],[-108.733726,36.842647],[-108.733724,36.842737],[-108.733612,36.842735],[-108.733609,36.842825],[-108.733497,36.842823],[-108.733494,36.842913],[-108.733382,36.842911],[-108.733379,36.843001],[-108.733716,36.843008],[-108.733718,36.842918],[-108.73383,36.84292],[-108.733836,36.84274],[-108.73406,36.842744],[-108.734057,36.842834],[-108.734282,36.842838],[-108.734287,36.842658],[-108.734399,36.84266],[-108.734402,36.84257],[-108.734626,36.842574],[-108.73462,36.842754],[-108.734508,36.842752],[-108.734503,36.842933],[-108.734279,36.842928],[-108.734274,36.843108],[-108.734049,36.843104],[-108.734047,36.843194],[-108.734159,36.843196],[-108.734156,36.843286],[-108.734268,36.843289],[-108.734263,36.843469],[-108.734599,36.843475],[-108.734597,36.843565],[-108.734372,36.843561],[-108.73437,36.843651],[-108.734482,36.843653],[-108.734479,36.843743],[-108.734591,36.843745],[-108.734583,36.844016],[-108.734695,36.844018],[-108.734693,36.844108],[-108.734581,36.844106],[-108.734578,36.844196],[-108.734466,36.844194],[-108.734463,36.844284],[-108.734799,36.84429],[-108.734797,36.84438],[-108.735133,36.844387],[-108.73513,36.844477],[-108.735355,36.844481],[-108.73536,36.844301],[-108.735472,36.844303],[-108.735469,36.844393],[-108.735918,36.844402],[-108.735915,36.844492],[-108.735579,36.844485],[-108.735576,36.844575],[-108.73524,36.844569],[-108.735237,36.844659],[-108.735013,36.844655],[-108.73501,36.844745],[-108.734898,36.844743],[-108.734896,36.844833],[-108.734784,36.844831],[-108.734786,36.84474],[-108.734674,36.844738],[-108.734677,36.844648],[-108.73434,36.844642],[-108.734338,36.844732],[-108.73445,36.844734],[-108.734447,36.844824],[-108.734559,36.844826],[-108.734557,36.844916],[-108.734332,36.844912],[-108.734335,36.844822],[-108.734223,36.84482],[-108.734228,36.84464],[-108.734116,36.844638],[-108.734122,36.844457],[-108.733897,36.844453],[-108.733895,36.844543],[-108.734007,36.844545],[-108.734004,36.844635],[-108.73378,36.844631],[-108.733785,36.844451],[-108.733561,36.844447],[-108.733564,36.844357],[-108.733452,36.844354],[-108.733449,36.844445],[-108.733337,36.844442],[-108.733334,36.844532],[-108.732998,36.844526],[-108.733003,36.844346],[-108.732891,36.844344],[-108.732896,36.844164],[-108.732784,36.844162],[-108.732787,36.844071],[-108.732675,36.844069],[-108.73268,36.843889],[-108.732344,36.843883],[-108.732341,36.843973],[-108.732117,36.843969],[-108.732114,36.844059],[-108.732002,36.844056],[-108.732005,36.843966],[-108.731669,36.84396],[-108.731666,36.84405],[-108.731778,36.844052],[-108.731775,36.844142],[-108.731888,36.844144],[-108.731885,36.844234],[-108.732109,36.844239],[-108.732106,36.844329],[-108.732443,36.844335],[-108.73244,36.844425],[-108.732552,36.844427],[-108.732547,36.844608],[-108.732659,36.84461],[-108.732656,36.8447],[-108.732768,36.844702],[-108.732766,36.844792],[-108.732654,36.84479],[-108.732651,36.84488],[-108.732539,36.844878],[-108.732536,36.844968],[-108.732648,36.84497],[-108.732646,36.84506],[-108.732421,36.845056],[-108.732419,36.845146],[-108.732082,36.845139],[-108.73208,36.84523],[-108.731968,36.845227],[-108.731965,36.845318],[-108.731853,36.845315],[-108.73185,36.845405],[-108.731514,36.845399],[-108.731511,36.845489],[-108.731287,36.845485],[-108.73129,36.845395],[-108.730841,36.845386],[-108.730849,36.845116],[-108.730737,36.845114],[-108.730735,36.845204],[-108.730623,36.845202],[-108.73062,36.845292],[-108.730732,36.845294],[-108.730727,36.845474],[-108.730951,36.845478],[-108.730948,36.845568],[-108.73106,36.845571],[-108.731058,36.845661],[-108.730721,36.845654],[-108.730719,36.845744],[-108.730382,36.845738],[-108.730385,36.845648],[-108.730049,36.845641],[-108.730046,36.845731],[-108.729598,36.845723],[-108.729595,36.845813],[-108.729371,36.845809],[-108.729368,36.845899],[-108.729256,36.845897],[-108.729259,36.845807],[-108.729034,36.845802],[-108.729037,36.845712],[-108.729149,36.845714],[-108.729155,36.845534],[-108.728818,36.845528],[-108.728816,36.845618],[-108.728479,36.845611],[-108.728477,36.845702],[-108.728589,36.845704],[-108.728586,36.845794],[-108.72881,36.845798],[-108.728813,36.845708],[-108.728925,36.84571],[-108.728917,36.84598],[-108.728805,36.845978],[-108.728808,36.845888],[-108.728471,36.845882],[-108.728474,36.845792],[-108.728138,36.845785],[-108.72814,36.845695],[-108.727804,36.845689],[-108.727801,36.845779],[-108.727241,36.845768],[-108.727238,36.845858],[-108.727126,36.845856],[-108.727123,36.845946],[-108.726899,36.845942],[-108.726902,36.845852],[-108.72679,36.845849],[-108.726784,36.84603],[-108.726672,36.846028],[-108.726675,36.845937],[-108.726339,36.845931],[-108.726341,36.845841],[-108.726117,36.845837],[-108.726114,36.845927],[-108.726002,36.845925],[-108.726005,36.845834],[-108.725893,36.845832],[-108.725896,36.845742],[-108.725784,36.84574],[-108.725786,36.84565],[-108.725898,36.845652],[-108.725901,36.845562],[-108.725453,36.845554],[-108.72545,36.845644],[-108.725338,36.845641],[-108.725335,36.845732],[-108.725223,36.845729],[-108.72522,36.845819],[-108.725108,36.845817],[-108.725106,36.845907],[-108.724993,36.845905],[-108.724991,36.845995],[-108.724879,36.845993],[-108.724873,36.846173],[-108.724761,36.846171],[-108.724753,36.846441],[-108.724977,36.846446],[-108.724975,36.846536],[-108.724751,36.846531],[-108.724748,36.846622],[-108.725084,36.846628],[-108.725082,36.846718],[-108.725194,36.84672],[-108.725196,36.84663],[-108.725308,36.846632],[-108.725311,36.846542],[-108.726432,36.846564],[-108.726435,36.846474],[-108.726771,36.84648],[-108.726768,36.84657],[-108.726881,36.846572],[-108.726878,36.846662],[-108.72699,36.846664],[-108.726987,36.846755],[-108.727211,36.846759],[-108.727217,36.846579],[-108.727329,36.846581],[-108.727334,36.846401],[-108.727558,36.846405],[-108.727561,36.846315],[-108.727673,36.846317],[-108.727676,36.846227],[-108.727788,36.846229],[-108.727793,36.846049],[-108.728018,36.846053],[-108.728015,36.846143],[-108.728239,36.846148],[-108.728234,36.846328],[-108.728458,36.846332],[-108.728463,36.846152],[-108.728687,36.846156],[-108.728685,36.846246],[-108.728909,36.846251],[-108.728912,36.84616],[-108.729024,36.846163],[-108.729021,36.846253],[-108.729133,36.846255],[-108.729131,36.846345],[-108.728794,36.846338],[-108.728792,36.846429],[-108.728679,36.846426],[-108.728677,36.846516],[-108.728453,36.846512],[-108.72845,36.846602],[-108.728226,36.846598],[-108.72822,36.846778],[-108.728108,36.846776],[-108.728106,36.846866],[-108.72833,36.84687],[-108.728333,36.84678],[-108.728557,36.846785],[-108.728554,36.846875],[-108.72889,36.846881],[-108.728893,36.846791],[-108.728781,36.846789],[-108.728786,36.846609],[-108.728898,36.846611],[-108.728896,36.846701],[-108.72912,36.846705],[-108.729117,36.846795],[-108.729005,36.846793],[-108.729,36.846973],[-108.729224,36.846978],[-108.729229,36.846797],[-108.729341,36.8468],[-108.729344,36.846709],[-108.729456,36.846712],[-108.729459,36.846622],[-108.729571,36.846624],[-108.729574,36.846534],[-108.72991,36.84654],[-108.729913,36.84645],[-108.730025,36.846452],[-108.730027,36.846362],[-108.730139,36.846364],[-108.730142,36.846274],[-108.730366,36.846278],[-108.730369,36.846188],[-108.730481,36.84619],[-108.730478,36.846281],[-108.730927,36.846289],[-108.73093,36.846199],[-108.731042,36.846201],[-108.731044,36.846111],[-108.731156,36.846113],[-108.731159,36.846023],[-108.731383,36.846027],[-108.731386,36.845937],[-108.731722,36.845944],[-108.731725,36.845854],[-108.731949,36.845858],[-108.731952,36.845768],[-108.732176,36.845772],[-108.732181,36.845592],[-108.732405,36.845596],[-108.732408,36.845506],[-108.732744,36.845513],[-108.732742,36.845603],[-108.732854,36.845605],[-108.732857,36.845515],[-108.733081,36.845519],[-108.733086,36.845339],[-108.73331,36.845343],[-108.733308,36.845433],[-108.733756,36.845442],[-108.733759,36.845352],[-108.733983,36.845356],[-108.733986,36.845266],[-108.734098,36.845268],[-108.734095,36.845358],[-108.734207,36.84536],[-108.734204,36.84545],[-108.734317,36.845452],[-108.734314,36.845543],[-108.734426,36.845545],[-108.734423,36.845635],[-108.734199,36.845631],[-108.734196,36.845721],[-108.733972,36.845716],[-108.733975,36.845626],[-108.733863,36.845624],[-108.73386,36.845714],[-108.733748,36.845712],[-108.733745,36.845802],[-108.73397,36.845806],[-108.733959,36.846167],[-108.733847,36.846165],[-108.733842,36.846345],[-108.733954,36.846347],[-108.733951,36.846437],[-108.734063,36.846439],[-108.734068,36.846259],[-108.73418,36.846261],[-108.734186,36.846081],[-108.73441,36.846085],[-108.734397,36.846536],[-108.734285,36.846533],[-108.734269,36.847074],[-108.734381,36.847076],[-108.734373,36.847346],[-108.734485,36.847348],[-108.734474,36.847709],[-108.734362,36.847707],[-108.734357,36.847887],[-108.734469,36.847889],[-108.734466,36.847979],[-108.734578,36.847981],[-108.734573,36.848161],[-108.734685,36.848163],[-108.734683,36.848253],[-108.734795,36.848256],[-108.734792,36.848346],[-108.734904,36.848348],[-108.734899,36.848528],[-108.735011,36.84853],[-108.735006,36.84871],[-108.735118,36.848712],[-108.735112,36.848892],[-108.735224,36.848895],[-108.735222,36.848985],[-108.735334,36.848987],[-108.735331,36.849077],[-108.735443,36.849079],[-108.735441,36.849169],[-108.735665,36.849173],[-108.735662,36.849263],[-108.735774,36.849266],[-108.735772,36.849356],[-108.735996,36.84936],[-108.735993,36.84945],[-108.736105,36.849452],[-108.736103,36.849542],[-108.736327,36.849547],[-108.736324,36.849637],[-108.736548,36.849641],[-108.736546,36.849731],[-108.736658,36.849733],[-108.736661,36.849643],[-108.737333,36.849656],[-108.737336,36.849566],[-108.738121,36.849581],[-108.738123,36.849491],[-108.738572,36.849499],[-108.738569,36.849589],[-108.738681,36.849591],[-108.738679,36.849681],[-108.738791,36.849684],[-108.738785,36.849864],[-108.738897,36.849866],[-108.738895,36.849956],[-108.739007,36.849958],[-108.739004,36.850048],[-108.739116,36.85005],[-108.739114,36.85014],[-108.739226,36.850142],[-108.739223,36.850233],[-108.739335,36.850235],[-108.739333,36.850325],[-108.739108,36.85032],[-108.739106,36.850411],[-108.738881,36.850406],[-108.738879,36.850496],[-108.738991,36.850499],[-108.738986,36.850679],[-108.73921,36.850683],[-108.739205,36.850863],[-108.739317,36.850865],[-108.739311,36.851045],[-108.739423,36.851048],[-108.739421,36.851138],[-108.739645,36.851142],[-108.739642,36.851232],[-108.740539,36.851249]],[[-108.727217,36.846579],[-108.727105,36.846577],[-108.727107,36.846486],[-108.727219,36.846489],[-108.727217,36.846579]],[[-108.734522,36.846087],[-108.73441,36.846085],[-108.734415,36.845905],[-108.734527,36.845907],[-108.734522,36.846087]],[[-108.731172,36.845573],[-108.73106,36.845571],[-108.731063,36.845481],[-108.731175,36.845483],[-108.731172,36.845573]],[[-108.733999,36.844816],[-108.733887,36.844813],[-108.733889,36.844723],[-108.734002,36.844725],[-108.733999,36.844816]],[[-108.73438,36.843291],[-108.734268,36.843289],[-108.734271,36.843198],[-108.734383,36.843201],[-108.73438,36.843291]],[[-108.734434,36.841489],[-108.734097,36.841483],[-108.734103,36.841303],[-108.734215,36.841305],[-108.734217,36.841215],[-108.734329,36.841217],[-108.734332,36.841127],[-108.734444,36.841129],[-108.734447,36.841039],[-108.734559,36.841041],[-108.734562,36.840951],[-108.734674,36.840953],[-108.734676,36.840863],[-108.734788,36.840865],[-108.734791,36.840775],[-108.735239,36.840784],[-108.735237,36.840874],[-108.735013,36.840869],[-108.73501,36.840959],[-108.734898,36.840957],[-108.734895,36.841047],[-108.734783,36.841045],[-108.734778,36.841225],[-108.734666,36.841223],[-108.73466,36.841403],[-108.734436,36.841399],[-108.734434,36.841489]]]},"properties":{"src":"truth"}},{"type":"Feature","geometry":{"type":"Polygon","coordinates":[[[-108.755086,36.84098],[-108.755088,36.84089],[-108.754976,36.840888],[-108.754974,36.840978],[-108.755086,36.84098]]]},"properties":{"src":"truth"}},{"type":"Feature","geometry":{"type":"Polygon","coordinates":[[[-108.733003,36.840561],[-108.733006,36.840471],[-108.732893,36.840468],[-108.732891,36.840558],[-108.733003,36.840561]]]},"properties":{"src":"truth"}},{"type":"Feature","geometry":{"type":"Polygon","coordinates":[[[-108.748707,36.840499],[-108.748709,36.840409],[-108.748485,36.840404],[-108.748483,36.840494],[-108.748707,36.840499]]]},"properties":{"src":"truth"}},{"type":"Feature","geometry":{"type":"Polygon","coordinates":[[[-108.742205,36.840375],[-108.742208,36.840285],[-108.742096,36.840283],[-108.742098,36.840193],[-108.741986,36.840191],[-108.741981,36.840371],[-108.742205,36.840375]]]},"properties":{"src":"truth"}},{"type":"Feature","geometry":{"type":"Polygon","coordinates":[[[-108.748485,36.840404],[-108.748488,36.840314],[-108.748376,36.840312],[-108.748373,36.840402],[-108.748485,36.840404]]]},"properties":{"src":"truth"}},{"type":"Feature","geometry":{"type":"Polygon","coordinates":[[[-108.748376,36.840312],[-108.748378,36.840222],[-108.748266,36.84022],[-108.748264,36.84031],[-108.748376,36.840312]]]},"properties":{"src":"truth"}},{"type":"Feature","geometry":{"type":"Polygon","coordinates":[[[-108.748266,36.84022],[-108.748269,36.84013],[-108.748157,36.840128],[-108.748154,36.840218],[-108.748266,36.84022]]]},"properties":{"src":"truth"}},{"type":"Feature","geometry":{"type":"Polygon","coordinates":[[[-108.748157,36.840128],[-108.748159,36.840038],[-108.748047,36.840036],[-108.74805,36.839945],[-108.747826,36.839941],[-108.747823,36.840031],[-108.747935,36.840033],[-108.747933,36.840123],[-108.748157,36.840128]]]},"properties":{"src":"truth"}},{"type":"Feature","geometry":{"type":"Polygon","coordinates":[[[-108.747826,36.839941],[-108.747828,36.839851],[-108.747716,36.839849],[-108.747714,36.839939],[-108.747826,36.839941]]]},"properties":{"src":"truth"}},{"type":"Feature","geometry":{"type":"Polygon","coordinates":[[[-108.732896,36.840378],[-108.732904,36.840108],[-108.733016,36.84011],[-108.733027,36.83975],[-108.732915,36.839748],[-108.732923,36.839478],[-108.732699,36.839473],[-108.732696,36.839563],[-108.732472,36.839559],[-108.732466,36.839739],[-108.732578,36.839741],[-108.73257,36.840012],[-108.732683,36.840014],[-108.73268,36.840104],[-108.732792,36.840106],[-108.732784,36.840376],[-108.732896,36.840378]]]},"properties":{"src":"truth"}},{"type":"Feature","geometry":{"type":"Polygon","coordinates":[[[-108.747716,36.839849],[-108.747719,36.839759],[-108.747607,36.839757],[-108.747604,36.839847],[-108.747716,36.839849]]]},"properties":{"src":"truth"}},{"type":"Feature","geometry":{"type":"Polygon","coordinates":[[[-108.740991,36.839721],[-108.740993,36.839631],[-108.740881,36.839629],[-108.740879,36.839719],[-108.740991,36.839721]]]},"properties":{"src":"truth"}},{"type":"Feature","geometry":{"type":"Polygon","coordinates":[[[-108.747495,36.839755],[-108.747497,36.839665],[-108.747385,36.839662],[-108.747383,36.839753],[-108.747495,36.839755]]]},"properties":{"src":"truth"}},{"type":"Feature","geometry":{"type":"Polygon","coordinates":[[[-108.733147,36.839482],[-108.73315,36.839392],[-108.732925,36.839387],[-108.732923,36.839478],[-108.733147,36.839482]]]},"properties":{"src":"truth"}},{"type":"Feature","geometry":{"type":"Polygon","coordinates":[[[-108.733486,36.839398],[-108.733488,36.839308],[-108.733601,36.83931],[-108.733603,36.83922],[-108.733379,36.839216],[-108.733376,36.839306],[-108.733264,36.839304],[-108.733262,36.839394],[-108.733486,36.839398]]]},"properties":{"src":"truth"}},{"type":"Feature","geometry":{"type":"Polygon","coordinates":[[[-108.736288,36.839452],[-108.736296,36.839181],[-108.736408,36.839183],[-108.736411,36.839093],[-108.736635,36.839098],[-108.736632,36.839188],[-108.736857,36.839192],[-108.736865,36.838922],[-108.736977,36.838924],[-108.736979,36.838834],[-108.736755,36.83883],[-108.736752,36.83892],[-108.736416,36.838913],[-108.736414,36.839003],[-108.736189,36.838999],[-108.736192,36.838909],[-108.73608,36.838907],[-108.736083,36.838817],[-108.73597,36.838815],[-108.735965,36.838995],[-108.735853,36.838993],[-108.735848,36.839173],[-108.73596,36.839175],[-108.735955,36.839355],[-108.736067,36.839357],[-108.736064,36.839447],[-108.736288,36.839452]]]},"properties":{"src":"truth"}},{"type":"Feature","geometry":{"type":"Polygon","coordinates":[[[-108.739456,36.83852],[-108.739459,36.83843],[-108.739346,36.838428],[-108.739349,36.838338],[-108.739461,36.83834],[-108.739469,36.83807],[-108.739133,36.838064],[-108.73913,36.838154],[-108.739018,36.838152],[-108.739013,36.838332],[-108.739237,36.838336],[-108.739232,36.838516],[-108.739456,36.83852]]]},"properties":{"src":"truth"}},{"type":"Feature","geometry":{"type":"Polygon","coordinates":[[[-108.734198,36.83806],[-108.734204,36.83788],[-108.734091,36.837878],[-108.734086,36.838058],[-108.734198,36.83806]]]},"properties":{"src":"truth"}},{"type":"Feature","geometry":{"type":"Polygon","coordinates":[[[-108.739581,36.838072],[-108.739584,36.837982],[-108.739472,36.83798],[-108.739469,36.83807],[-108.739581,36.838072]]]},"properties":{"src":"truth"}},{"type":"Feature","geometry":{"type":"Polygon","coordinates":[[[-108.734091,36.837878],[-108.734097,36.837697],[-108.733985,36.837695],[-108.733979,36.837875],[-108.734091,36.837878]]]},"properties":{"src":"truth"}},{"type":"Feature","geometry":{"type":"Polygon","coordinates":[[[-108.732592,36.839291],[-108.732597,36.839111],[-108.732485,36.839109],[-108.732493,36.838838],[-108.732381,36.838836],[-108.732386,36.838656],[-108.732274,36.838654],[-108.732277,36.838564],[-108.732165,36.838562],[-108.73217,36.838382],[-108.732058,36.83838],[-108.732063,36.838199],[-108.731951,36.838197],[-108.731959,36.837927],[-108.732183,36.837931],[-108.732186,36.837841],[-108.731962,36.837837],[-108.731964,36.837747],[-108.732077,36.837749],[-108.732079,36.837659],[-108.731743,36.837653],[-108.731735,36.837923],[-108.731847,36.837925],[-108.731836,36.838285],[-108.731948,36.838287],[-108.731943,36.838467],[-108.732055,36.83847],[-108.73205,36.83865],[-108.732162,36.838652],[-108.732154,36.838922],[-108.732266,36.838924],[-108.732261,36.839104],[-108.732373,36.839107],[-108.732368,36.839287],[-108.732592,36.839291]]]},"properties":{"src":"truth"}},{"type":"Feature","geometry":{"type":"Polygon","coordinates":[[[-108.745047,36.839077],[-108.745053,36.838897],[-108.745165,36.838899],[-108.74517,36.838719],[-108.745282,36.838721],[-108.74529,36.838451],[-108.745178,36.838449],[-108.745181,36.838359],[-108.745068,36.838357],[-108.745079,36.837996],[-108.744967,36.837994],[-108.744975,36.837724],[-108.744863,36.837722],[-108.744857,36.837902],[-108.744745,36.8379],[-108.744722,36.838711],[-108.744834,36.838713],[-108.744826,36.838983],[-108.744938,36.838985],[-108.744935,36.839075],[-108.745047,36.839077]]]},"properties":{"src":"truth"}},{"type":"Feature","geometry":{"type":"Polygon","coordinates":[[[-108.734852,36.838703],[-108.734858,36.838523],[-108.734745,36.838521],[-108.734753,36.838251],[-108.734641,36.838249],[-108.734644,36.838158],[-108.734532,36.838156],[-108.734537,36.837976],[-108.734649,36.837978],[-108.734652,36.837888],[-108.734764,36.83789],[-108.734767,36.8378],[-108.735103,36.837807],[-108.735106,36.837717],[-108.735218,36.837719],[-108.735223,36.837539],[-108.735111,36.837536],[-108.735108,36.837627],[-108.734884,36.837622],[-108.734881,36.837712],[-108.734657,36.837708],[-108.734655,36.837798],[-108.73443,36.837794],[-108.734428,36.837884],[-108.734316,36.837882],[-108.734313,36.837972],[-108.734425,36.837974],[-108.734417,36.838244],[-108.734305,36.838242],[-108.73431,36.838062],[-108.734198,36.83806],[-108.73419,36.83833],[-108.734302,36.838332],[-108.734297,36.838512],[-108.734409,36.838515],[-108.734406,36.838605],[-108.734519,36.838607],[-108.734524,36.838427],[-108.734636,36.838429],[-108.734631,36.838609],[-108.734743,36.838611],[-108.73474,36.838701],[-108.734852,36.838703]],[[-108.734524,36.838427],[-108.734412,36.838424],[-108.734414,36.838334],[-108.734527,36.838336],[-108.734524,36.838427]]]},"properties":{"src":"truth"}},{"type":"Feature","geometry":{"type":"Polygon","coordinates":[[[-108.737331,36.8383],[-108.737334,36.83821],[-108.737222,36.838208],[-108.737227,36.838027],[-108.737115,36.838025],[-108.737118,36.837935],[-108.737006,36.837933],[-108.737019,36.837483],[-108.736683,36.837476],[-108.736672,36.837837],[-108.736784,36.837839],[-108.736782,36.837929],[-108.736894,36.837931],[-108.736888,36.838111],[-108.737001,36.838113],[-108.736998,36.838203],[-108.73711,36.838205],[-108.737107,36.838296],[-108.737331,36.8383]]]},"properties":{"src":"truth"}},{"type":"Feature","geometry":{"type":"Polygon","coordinates":[[[-108.733985,36.837695],[-108.733993,36.837425],[-108.733881,36.837423],[-108.733886,36.837243],[-108.733774,36.837241],[-108.733782,36.83697],[-108.73367,36.836968],[-108.733675,36.836788],[-108.733563,36.836786],[-108.733568,36.836606],[-108.733456,36.836604],[-108.733448,36.836874],[-108.73356,36.836876],[-108.733552,36.837146],[-108.733328,36.837142],[-108.733325,36.837232],[-108.732989,36.837226],[-108.732987,36.837316],[-108.73265,36.837309],[-108.732648,36.837399],[-108.732423,36.837395],[-108.732421,36.837485],[-108.732085,36.837479],[-108.732079,36.837659],[-108.732303,36.837663],[-108.732306,36.837573],[-108.732642,36.83758],[-108.732645,36.837489],[-108.732981,36.837496],[-108.732984,36.837406],[-108.73332,36.837412],[-108.733323,36.837322],[-108.733771,36.837331],[-108.733766,36.837511],[-108.733878,36.837513],[-108.733873,36.837693],[-108.733985,36.837695]]]},"properties":{"src":"truth"}},{"type":"Feature","geometry":{"type":"Polygon","coordinates":[[[-108.73142,36.837196],[-108.731428,36.836925],[-108.731316,36.836923],[-108.731321,36.836743],[-108.731209,36.836741],[-108.731214,36.836561],[-108.73099,36.836557],[-108.730988,36.836647],[-108.7311,36.836649],[-108.731094,36.836829],[-108.731206,36.836831],[-108.731198,36.837101],[-108.731311,36.837103],[-108.731308,36.837194],[-108.73142,36.837196]]]},"properties":{"src":"truth"}},{"type":"Feature","geometry":{"type":"Polygon","coordinates":[[[-108.72806,36.837041],[-108.728073,36.836591],[-108.727849,36.836587],[-108.727852,36.836497],[-108.72774,36.836494],[-108.727732,36.836765],[-108.727844,36.836767],[-108.727838,36.836947],[-108.727951,36.836949],[-108.727948,36.837039],[-108.72806,36.837041]]]},"properties":{"src":"truth"}},{"type":"Feature","geometry":{"type":"Polygon","coordinates":[[[-108.744887,36.836911],[-108.744889,36.836821],[-108.744777,36.836819],[-108.744775,36.836909],[-108.744887,36.836911]]]},"properties":{"src":"truth"}},{"type":"Feature","geometry":{"type":"Polygon","coordinates":[[[-108.733456,36.836604],[-108.733464,36.836333],[-108.733352,36.836331],[-108.733344,36.836602],[-108.733456,36.836604]]]},"properties":{"src":"truth"}},{"type":"Feature","geometry":{"type":"Polygon","coordinates":[[[-108.733352,36.836331],[-108.733357,36.836151],[-108.733245,36.836149],[-108.73324,36.836329],[-108.733352,36.836331]]]},"properties":{"src":"truth"}},{"type":"Feature","geometry":{"type":"Polygon","coordinates":[[[-108.737502,36.83632],[-108.737505,36.83623],[-108.737393,36.836228],[-108.73739,36.836318],[-108.737502,36.83632]]]},"properties":{"src":"truth"}},{"type":"Feature","geometry":{"type":"Polygon","coordinates":[[[-108.72774,36.836494],[-108.727742,36.836404],[-108.72763,36.836402],[-108.727633,36.836312],[-108.727521,36.83631],[-108.727524,36.83622],[-108.727411,36.836218],[-108.727414,36.836128],[-108.72719,36.836123],[-108.727198,36.835853],[-108.727086,36.835851],[-108.727083,36.835941],[-108.726859,36.835937],[-108.726854,36.836117],[-108.726966,36.836119],[-108.726963,36.836209],[-108.727075,36.836211],[-108.727072,36.836301],[-108.727409,36.836308],[-108.727406,36.836398],[-108.727518,36.8364],[-108.727516,36.83649],[-108.72774,36.836494]]]},"properties":{"src":"truth"}},{"type":"Feature","geometry":{"type":"Polygon","coordinates":[[[-108.733245,36.836149],[-108.733251,36.835969],[-108.733139,36.835967],[-108.733133,36.836147],[-108.733245,36.836149]]]},"properties":{"src":"truth"}},{"type":"Feature","geometry":{"type":"Polygon","coordinates":[[[-108.73807,36.836061],[-108.738073,36.835971],[-108.737849,36.835966],[-108.737846,36.836056],[-108.73807,36.836061]]]},"properties":{"src":"truth"}},{"type":"Feature","geometry":{"type":"Polygon","coordinates":[[[-108.73751,36.83605],[-108.737513,36.83596],[-108.737401,36.835958],[-108.737398,36.836048],[-108.73751,36.83605]]]},"properties":{"src":"truth"}},{"type":"Feature","geometry":{"type":"Polygon","coordinates":[[[-108.733141,36.835877],[-108.733144,36.835787],[-108.733032,36.835784],[-108.733029,36.835875],[-108.733141,36.835877]]]},"properties":{"src":"truth"}},{"type":"Feature","geometry":{"type":"Polygon","coordinates":[[[-108.733034,36.835694],[-108.73304,36.835514],[-108.732928,36.835512],[-108.732922,36.835692],[-108.733034,36.835694]]]},"properties":{"src":"truth"}},{"type":"Feature","geometry":{"type":"Polygon","coordinates":[[[-108.804102,36.876144],[-108.804105,36.876054],[-108.804329,36.876058],[-108.804332,36.875968],[-108.804444,36.87597],[-108.804446,36.87588],[-108.804559,36.875882],[-108.804561,36.875792],[-108.804673,36.875794],[-108.804676,36.875704],[-108.8049,36.875708],[-108.804903,36.875618],[-108.805239,36.875625],[-108.805242,36.875534],[-108.80513,36.875532],[-108.805135,36.875352],[-108.805023,36.87535],[-108.80503,36.87508],[-108.805143,36.875082],[-108.805145,36.874992],[-108.805033,36.87499],[-108.805043,36.87463],[-108.804931,36.874627],[-108.804967,36.873366],[-108.804855,36.873364],[-108.804868,36.872914],[-108.804756,36.872912],[-108.804774,36.872281],[-108.804662,36.872279],[-108.804664,36.872189],[-108.804552,36.872187],[-108.804555,36.872097],[-108.804443,36.872095],[-108.804445,36.872005],[-108.804333,36.872003],[-108.804336,36.871913],[-108.804111,36.871908],[-108.804116,36.871728],[-108.804004,36.871726],[-108.804009,36.871546],[-108.803785,36.871542],[-108.803777,36.871812],[-108.803553,36.871808],[-108.803556,36.871718],[-108.803444,36.871716],[-108.803446,36.871626],[-108.802885,36.871615],[-108.802888,36.871525],[-108.802776,36.871523],[-108.802773,36.871613],[-108.802661,36.871611],[-108.802666,36.871431],[-108.802554,36.871429],[-108.802557,36.871339],[-108.802669,36.871341],[-108.802671,36.871251],[-108.802896,36.871255],[-108.802898,36.871165],[-108.803011,36.871167],[-108.803003,36.871437],[-108.803115,36.871439],[-108.803123,36.871169],[-108.803235,36.871171],[-108.803243,36.870901],[-108.803579,36.870907],[-108.803582,36.870817],[-108.803469,36.870815],[-108.803472,36.870725],[-108.80336,36.870723],[-108.803362,36.870633],[-108.80325,36.870631],[-108.803255,36.870451],[-108.803143,36.870449],[-108.803146,36.870358],[-108.803034,36.870356],[-108.803036,36.870266],[-108.802924,36.870264],[-108.802927,36.870174],[-108.802815,36.870172],[-108.802817,36.870082],[-108.802705,36.87008],[-108.802708,36.86999],[-108.802595,36.869988],[-108.802601,36.869808],[-108.802489,36.869806],[-108.802491,36.869715],[-108.802379,36.869713],[-108.802387,36.869443],[-108.802275,36.869441],[-108.802282,36.869171],[-108.80217,36.869169],[-108.802178,36.868899],[-108.802066,36.868896],[-108.802074,36.868626],[-108.801289,36.868612],[-108.801286,36.868702],[-108.801174,36.8687],[-108.801169,36.86888],[-108.801056,36.868878],[-108.801054,36.868968],[-108.800717,36.868962],[-108.800725,36.868691],[-108.800277,36.868683],[-108.800274,36.868773],[-108.800162,36.868771],[-108.800159,36.868861],[-108.799935,36.868857],[-108.799933,36.868947],[-108.799708,36.868943],[-108.799706,36.869033],[-108.799481,36.869029],[-108.799479,36.869119],[-108.799254,36.869115],[-108.799252,36.869205],[-108.799028,36.869201],[-108.799025,36.869291],[-108.798689,36.869285],[-108.798686,36.869375],[-108.796667,36.869337],[-108.796665,36.869427],[-108.796328,36.869421],[-108.796326,36.869511],[-108.795317,36.869492],[-108.795319,36.869402],[-108.795095,36.869398],[-108.795098,36.869308],[-108.794985,36.869306],[-108.794988,36.869216],[-108.794652,36.86921],[-108.794654,36.86912],[-108.794318,36.869113],[-108.79432,36.869023],[-108.794096,36.869019],[-108.794099,36.868929],[-108.79365,36.868921],[-108.793653,36.868831],[-108.793428,36.868826],[-108.793431,36.868736],[-108.793543,36.868738],[-108.793548,36.868558],[-108.79366,36.86856],[-108.793668,36.86829],[-108.79378,36.868292],[-108.793788,36.868022],[-108.793676,36.86802],[-108.793679,36.86793],[-108.793566,36.867928],[-108.793564,36.868018],[-108.793452,36.868016],[-108.793447,36.868196],[-108.793334,36.868194],[-108.793327,36.868464],[-108.793214,36.868462],[-108.793209,36.868642],[-108.793321,36.868644],[-108.793319,36.868734],[-108.793207,36.868732],[-108.793204,36.868822],[-108.79298,36.868818],[-108.792982,36.868728],[-108.79231,36.868716],[-108.792312,36.868625],[-108.791303,36.868607],[-108.791305,36.868517],[-108.790857,36.868508],[-108.79086,36.868418],[-108.790523,36.868412],[-108.790526,36.868322],[-108.790301,36.868318],[-108.790309,36.868047],[-108.790421,36.86805],[-108.790429,36.867779],[-108.790541,36.867781],[-108.790546,36.867601],[-108.790659,36.867603],[-108.790672,36.867153],[-108.790784,36.867155],[-108.790786,36.867065],[-108.790674,36.867063],[-108.790677,36.866973],[-108.790789,36.866975],[-108.790794,36.866795],[-108.790906,36.866797],[-108.790914,36.866527],[-108.791026,36.866529],[-108.791037,36.866168],[-108.791261,36.866172],[-108.791258,36.866263],[-108.79137,36.866265],[-108.791381,36.865904],[-108.791269,36.865902],[-108.7913,36.864821],[-108.791188,36.864819],[-108.791193,36.864639],[-108.791081,36.864637],[-108.791086,36.864457],[-108.790974,36.864455],[-108.790981,36.864184],[-108.791094,36.864187],[-108.791099,36.864006],[-108.791211,36.864008],[-108.791214,36.863918],[-108.791326,36.86392],[-108.791331,36.86374],[-108.791219,36.863738],[-108.791216,36.863828],[-108.790992,36.863824],[-108.790989,36.863914],[-108.790765,36.86391],[-108.790768,36.86382],[-108.79088,36.863822],[-108.790882,36.863732],[-108.790994,36.863734],[-108.790997,36.863644],[-108.790885,36.863642],[-108.790888,36.863552],[-108.791336,36.86356],[-108.791339,36.86347],[-108.791114,36.863466],[-108.791117,36.863376],[-108.791229,36.863378],[-108.791232,36.863288],[-108.791007,36.863284],[-108.791015,36.863013],[-108.790903,36.863011],[-108.790906,36.862921],[-108.790794,36.862919],[-108.790788,36.863099],[-108.790564,36.863095],[-108.790561,36.863185],[-108.790337,36.863181],[-108.790335,36.863271],[-108.790222,36.863269],[-108.79022,36.863359],[-108.790332,36.863361],[-108.790329,36.863451],[-108.790442,36.863453],[-108.790444,36.863363],[-108.790668,36.863368],[-108.790663,36.863548],[-108.790551,36.863546],[-108.790549,36.863636],[-108.790436,36.863634],[-108.790434,36.863724],[-108.79021,36.863719],[-108.790215,36.863539],[-108.790103,36.863537],[-108.7901,36.863627],[-108.789876,36.863623],[-108.789878,36.863533],[-108.789766,36.863531],[-108.789769,36.863441],[-108.789657,36.863439],[-108.789659,36.863349],[-108.789547,36.863347],[-108.78955,36.863257],[-108.789325,36.863252],[-108.789333,36.862982],[-108.789221,36.86298],[-108.789224,36.86289],[-108.789112,36.862888],[-108.789114,36.862798],[-108.789002,36.862796],[-108.789007,36.862616],[-108.788895,36.862613],[-108.788898,36.862523],[-108.788786,36.862521],[-108.788788,36.862431],[-108.788676,36.862429],[-108.788679,36.862339],[-108.788566,36.862337],[-108.788559,36.862607],[-108.788334,36.862603],[-108.788332,36.862693],[-108.78822,36.862691],[-108.788215,36.862871],[-108.788327,36.862873],[-108.788324,36.862963],[-108.788212,36.862961],[-108.788209,36.863051],[-108.787649,36.863041],[-108.787651,36.862951],[-108.787539,36.862949],[-108.787537,36.863039],[-108.787312,36.863035],[-108.78731,36.863125],[-108.787198,36.863123],[-108.787195,36.863213],[-108.786746,36.863204],[-108.786744,36.863294],[-108.786295,36.863286],[-108.786293,36.863376],[-108.785956,36.86337],[-108.785954,36.86346],[-108.785842,36.863458],[-108.785844,36.863368],[-108.785508,36.863362],[-108.78551,36.863271],[-108.785174,36.863265],[-108.785169,36.863445],[-108.785281,36.863447],[-108.785278,36.863538],[-108.785503,36.863542],[-108.785497,36.863722],[-108.78561,36.863724],[-108.785607,36.863814],[-108.785495,36.863812],[-108.785492,36.863902],[-108.78538,36.8639],[-108.785377,36.86399],[-108.78549,36.863992],[-108.785487,36.864082],[-108.784926,36.864072],[-108.784921,36.864252],[-108.784697,36.864248],[-108.784689,36.864518],[-108.784577,36.864516],[-108.78458,36.864426],[-108.784467,36.864424],[-108.784473,36.864244],[-108.78436,36.864241],[-108.784358,36.864332],[-108.784246,36.864329],[-108.784241,36.86451],[-108.784128,36.864507],[-108.784126,36.864598],[-108.784014,36.864595],[-108.784008,36.864776],[-108.784121,36.864778],[-108.784118,36.864868],[-108.783782,36.864862],[-108.783779,36.864952],[-108.783891,36.864954],[-108.783888,36.865044],[-108.784113,36.865048],[-108.784115,36.864958],[-108.78434,36.864962],[-108.784342,36.864872],[-108.784454,36.864874],[-108.784457,36.864784],[-108.784905,36.864792],[-108.784895,36.865153],[-108.785007,36.865155],[-108.785005,36.865245],[-108.784892,36.865243],[-108.78489,36.865333],[-108.785002,36.865335],[-108.784999,36.865425],[-108.784887,36.865423],[-108.784882,36.865603],[-108.784994,36.865605],[-108.784992,36.865695],[-108.785216,36.865699],[-108.785211,36.86588],[-108.785099,36.865877],[-108.785096,36.865968],[-108.784872,36.865963],[-108.784869,36.866053],[-108.784421,36.866045],[-108.784423,36.865955],[-108.784311,36.865953],[-108.784314,36.865863],[-108.784089,36.865859],[-108.784092,36.865769],[-108.783868,36.865764],[-108.783873,36.865584],[-108.783761,36.865582],[-108.783763,36.865492],[-108.783651,36.86549],[-108.783654,36.8654],[-108.78343,36.865396],[-108.783432,36.865306],[-108.783208,36.865301],[-108.783213,36.865121],[-108.782989,36.865117],[-108.782991,36.865027],[-108.782879,36.865025],[-108.782884,36.864845],[-108.782772,36.864843],[-108.782778,36.864663],[-108.782665,36.86466],[-108.782668,36.86457],[-108.782556,36.864568],[-108.782561,36.864388],[-108.782337,36.864384],[-108.782339,36.864294],[-108.782227,36.864292],[-108.78223,36.864202],[-108.782118,36.8642],[-108.782123,36.864019],[-108.782011,36.864017],[-108.782008,36.864107],[-108.781896,36.864105],[-108.781899,36.864015],[-108.781787,36.864013],[-108.781789,36.863923],[-108.781565,36.863919],[-108.78157,36.863739],[-108.781458,36.863737],[-108.781455,36.863827],[-108.781343,36.863825],[-108.781341,36.863915],[-108.781116,36.863911],[-108.781119,36.86382],[-108.781231,36.863823],[-108.781236,36.863642],[-108.781124,36.86364],[-108.781127,36.86355],[-108.781015,36.863548],[-108.781017,36.863458],[-108.780905,36.863456],[-108.780908,36.863366],[-108.780796,36.863364],[-108.780798,36.863274],[-108.780686,36.863272],[-108.780689,36.863181],[-108.780577,36.863179],[-108.780579,36.863089],[-108.780467,36.863087],[-108.78047,36.862997],[-108.780358,36.862995],[-108.78036,36.862905],[-108.780024,36.862899],[-108.780026,36.862809],[-108.779914,36.862807],[-108.779919,36.862626],[-108.779807,36.862624],[-108.779831,36.861814],[-108.779719,36.861811],[-108.779724,36.861631],[-108.779612,36.861629],[-108.779614,36.861539],[-108.779502,36.861537],[-108.779507,36.861357],[-108.779732,36.861361],[-108.779734,36.861271],[-108.779622,36.861269],[-108.779625,36.861179],[-108.779961,36.861185],[-108.779959,36.861275],[-108.779846,36.861273],[-108.779844,36.861363],[-108.780292,36.861372],[-108.780295,36.861281],[-108.780407,36.861284],[-108.780402,36.861464],[-108.780178,36.86146],[-108.780175,36.86155],[-108.780736,36.86156],[-108.780733,36.86165],[-108.780957,36.861654],[-108.780955,36.861744],[-108.781067,36.861747],[-108.781064,36.861837],[-108.781176,36.861839],[-108.781169,36.862109],[-108.781056,36.862107],[-108.781046,36.862467],[-108.781158,36.862469],[-108.781156,36.862559],[-108.781043,36.862557],[-108.781041,36.862647],[-108.781153,36.862649],[-108.78115,36.862739],[-108.781262,36.862742],[-108.781265,36.862651],[-108.781489,36.862656],[-108.781484,36.862836],[-108.781708,36.86284],[-108.781706,36.86293],[-108.781818,36.862932],[-108.781815,36.863022],[-108.781927,36.863024],[-108.781922,36.863205],[-108.782146,36.863209],[-108.782154,36.862938],[-108.782266,36.862941],[-108.782277,36.86258],[-108.782389,36.862582],[-108.782394,36.862402],[-108.782282,36.8624],[-108.782285,36.86231],[-108.782397,36.862312],[-108.782402,36.862132],[-108.78229,36.86213],[-108.782292,36.86204],[-108.782405,36.862042],[-108.782407,36.861952],[-108.782519,36.861954],[-108.782522,36.861864],[-108.78241,36.861862],[-108.782412,36.861772],[-108.782076,36.861765],[-108.782079,36.861675],[-108.781518,36.861665],[-108.781521,36.861575],[-108.781296,36.861571],[-108.781302,36.86139],[-108.781189,36.861388],[-108.781202,36.860938],[-108.781315,36.86094],[-108.781317,36.86085],[-108.781429,36.860852],[-108.781434,36.860672],[-108.781547,36.860674],[-108.781549,36.860584],[-108.781213,36.860578],[-108.781215,36.860488],[-108.780767,36.860479],[-108.78077,36.860389],[-108.780994,36.860393],[-108.780996,36.860303],[-108.779987,36.860284],[-108.77999,36.860194],[-108.779878,36.860192],[-108.779875,36.860282],[-108.779763,36.86028],[-108.779758,36.86046],[-108.779646,36.860458],[-108.779638,36.860728],[-108.779526,36.860726],[-108.779518,36.860997],[-108.779069,36.860988],[-108.779064,36.861168],[-108.779176,36.86117],[-108.779171,36.861351],[-108.779283,36.861353],[-108.779265,36.861983],[-108.779153,36.861981],[-108.77915,36.862071],[-108.779038,36.862069],[-108.779041,36.861979],[-108.778816,36.861975],[-108.778819,36.861885],[-108.778483,36.861878],[-108.778485,36.861788],[-108.77871,36.861793],[-108.778712,36.861703],[-108.7786,36.8617],[-108.778603,36.86161],[-108.778266,36.861604],[-108.778269,36.861514],[-108.778157,36.861512],[-108.778165,36.861242],[-108.778052,36.86124],[-108.778055,36.861149],[-108.778167,36.861152],[-108.77817,36.861061],[-108.778282,36.861064],[-108.778284,36.860974],[-108.778172,36.860971],[-108.778178,36.860791],[-108.777953,36.860787],[-108.777956,36.860697],[-108.777844,36.860695],[-108.777839,36.860875],[-108.777726,36.860873],[-108.777729,36.860783],[-108.777505,36.860779],[-108.777507,36.860689],[-108.777395,36.860686],[-108.777393,36.860777],[-108.777281,36.860774],[-108.777286,36.860594],[-108.777062,36.86059],[-108.777059,36.86068],[-108.776835,36.860676],[-108.776837,36.860586],[-108.776613,36.860582],[-108.776618,36.860402],[-108.776506,36.860399],[-108.776504,36.86049],[-108.776391,36.860487],[-108.776389,36.860578],[-108.776277,36.860575],[-108.776279,36.860485],[-108.775943,36.860479],[-108.775945,36.860389],[-108.775833,36.860387],[-108.775836,36.860297],[-108.775948,36.860299],[-108.775951,36.860209],[-108.775614,36.860203],[-108.77562,36.860022],[-108.775507,36.86002],[-108.775505,36.86011],[-108.775393,36.860108],[-108.775395,36.860018],[-108.775283,36.860016],[-108.775286,36.859926],[-108.775174,36.859924],[-108.775179,36.859744],[-108.775067,36.859742],[-108.775072,36.859561],[-108.77496,36.859559],[-108.774962,36.859469],[-108.775187,36.859473],[-108.775189,36.859383],[-108.775077,36.859381],[-108.77508,36.859291],[-108.774968,36.859289],[-108.77497,36.859199],[-108.774858,36.859197],[-108.774856,36.859287],[-108.774743,36.859285],[-108.774746,36.859195],[-108.774634,36.859193],[-108.774639,36.859013],[-108.774863,36.859017],[-108.774866,36.858927],[-108.77509,36.858931],[-108.775095,36.858751],[-108.774983,36.858749],[-108.774981,36.858839],[-108.774869,36.858837],[-108.774871,36.858747],[-108.774759,36.858744],[-108.774767,36.858474],[-108.774655,36.858472],[-108.77466,36.858292],[-108.774772,36.858294],[-108.774775,36.858204],[-108.774438,36.858198],[-108.774441,36.858108],[-108.774329,36.858106],[-108.774332,36.858015],[-108.774444,36.858018],[-108.774446,36.857927],[-108.774334,36.857925],[-108.774337,36.857835],[-108.774225,36.857833],[-108.77423,36.857653],[-108.774118,36.857651],[-108.77412,36.857561],[-108.774232,36.857563],[-108.774246,36.857113],[-108.774133,36.85711],[-108.774162,36.85612],[-108.77405,36.856117],[-108.774058,36.855847],[-108.773946,36.855845],[-108.773972,36.854944],[-108.77386,36.854942],[-108.773865,36.854762],[-108.773753,36.85476],[-108.773763,36.8544],[-108.773875,36.854402],[-108.773883,36.854132],[-108.773771,36.854129],[-108.773774,36.854039],[-108.773662,36.854037],[-108.773667,36.853857],[-108.773443,36.853853],[-108.773445,36.853763],[-108.773333,36.853761],[-108.773336,36.853671],[-108.773224,36.853669],[-108.773226,36.853579],[-108.77289,36.853572],[-108.772893,36.853482],[-108.772668,36.853478],[-108.772671,36.853388],[-108.772559,36.853386],[-108.772567,36.853115],[-108.772679,36.853118],[-108.772684,36.852937],[-108.77246,36.852933],[-108.772462,36.852843],[-108.77235,36.852841],[-108.772353,36.852751],[-108.772129,36.852747],[-108.772131,36.852657],[-108.772019,36.852655],[-108.772022,36.852565],[-108.771798,36.85256],[-108.7718,36.85247],[-108.771576,36.852466],[-108.771579,36.852376],[-108.771354,36.852372],[-108.771357,36.852282],[-108.771133,36.852277],[-108.771135,36.852187],[-108.770799,36.852181],[-108.770802,36.852091],[-108.770577,36.852087],[-108.77058,36.851997],[-108.770244,36.85199],[-108.770246,36.8519],[-108.770134,36.851898],[-108.770132,36.851988],[-108.769907,36.851984],[-108.769905,36.852074],[-108.76968,36.85207],[-108.769678,36.85216],[-108.769229,36.852152],[-108.769227,36.852242],[-108.769115,36.85224],[-108.769117,36.85215],[-108.768893,36.852145],[-108.768896,36.852055],[-108.768447,36.852047],[-108.76845,36.851957],[-108.768338,36.851955],[-108.768343,36.851774],[-108.768231,36.851772],[-108.768239,36.851502],[-108.768127,36.8515],[-108.768129,36.85141],[-108.768241,36.851412],[-108.768252,36.851052],[-108.76814,36.85105],[-108.768142,36.85096],[-108.768254,36.850962],[-108.768257,36.850872],[-108.768145,36.850869],[-108.768163,36.850239],[-108.768051,36.850237],[-108.768059,36.849967],[-108.767947,36.849964],[-108.76795,36.849874],[-108.767725,36.84987],[-108.767728,36.84978],[-108.767504,36.849776],[-108.767506,36.849686],[-108.767618,36.849688],[-108.767621,36.849598],[-108.767845,36.849602],[-108.767848,36.849512],[-108.76796,36.849514],[-108.767963,36.849424],[-108.767851,36.849422],[-108.767853,36.849332],[-108.767965,36.849334],[-108.767968,36.849244],[-108.768192,36.849248],[-108.768195,36.849158],[-108.768083,36.849156],[-108.768085,36.849066],[-108.767973,36.849064],[-108.767976,36.848974],[-108.767752,36.848969],[-108.767754,36.848879],[-108.767642,36.848877],[-108.767645,36.848787],[-108.76742,36.848783],[-108.767426,36.848603],[-108.767314,36.848601],[-108.767311,36.848691],[-108.767199,36.848689],[-108.767196,36.848779],[-108.766972,36.848775],[-108.766962,36.849135],[-108.766849,36.849133],[-108.766842,36.849403],[-108.766954,36.849405],[-108.766956,36.849315],[-108.767068,36.849317],[-108.767063,36.849497],[-108.767175,36.849499],[-108.767173,36.849589],[-108.767285,36.849592],[-108.767282,36.849682],[-108.767394,36.849684],[-108.767389,36.849864],[-108.767501,36.849866],[-108.767496,36.850046],[-108.767272,36.850042],[-108.767266,36.850222],[-108.767379,36.850224],[-108.767376,36.850314],[-108.7676,36.850318],[-108.767597,36.850409],[-108.767485,36.850406],[-108.767483,36.850497],[-108.767371,36.850494],[-108.767363,36.850765],[-108.767475,36.850767],[-108.76747,36.850947],[-108.767582,36.850949],[-108.767571,36.851309],[-108.767459,36.851307],[-108.767454,36.851487],[-108.767678,36.851492],[-108.767676,36.851582],[-108.767339,36.851575],[-108.767342,36.851485],[-108.76723,36.851483],[-108.767232,36.851393],[-108.76656,36.85138],[-108.766562,36.85129],[-108.766002,36.85128],[-108.765999,36.85137],[-108.765551,36.851361],[-108.765553,36.851271],[-108.764993,36.851261],[-108.764995,36.851171],[-108.764435,36.85116],[-108.764437,36.85107],[-108.764213,36.851066],[-108.764218,36.850886],[-108.764106,36.850884],[-108.764114,36.850613],[-108.763778,36.850607],[-108.763783,36.850427],[-108.763895,36.850429],[-108.763903,36.850159],[-108.763791,36.850157],[-108.763796,36.849977],[-108.763684,36.849974],[-108.763687,36.849884],[-108.763575,36.849882],[-108.76358,36.849702],[-108.763468,36.8497],[-108.763473,36.84952],[-108.763361,36.849518],[-108.763366,36.849338],[-108.763254,36.849335],[-108.763259,36.849155],[-108.763147,36.849153],[-108.763152,36.848973],[-108.76304,36.848971],[-108.763046,36.848791],[-108.762933,36.848789],[-108.762939,36.848609],[-108.762827,36.848606],[-108.762832,36.848426],[-108.76272,36.848424],[-108.762722,36.848334],[-108.76261,36.848332],[-108.762613,36.848242],[-108.762501,36.84824],[-108.762503,36.84815],[-108.762391,36.848148],[-108.762394,36.848057],[-108.762282,36.848055],[-108.762284,36.847965],[-108.76206,36.847961],[-108.762063,36.847871],[-108.761951,36.847869],[-108.761953,36.847779],[-108.761841,36.847777],[-108.761844,36.847687],[-108.761732,36.847685],[-108.761734,36.847594],[-108.76151,36.84759],[-108.761513,36.8475],[-108.761289,36.847496],[-108.761291,36.847406],[-108.760955,36.847399],[-108.760958,36.847309],[-108.760621,36.847303],[-108.760624,36.847213],[-108.760512,36.847211],[-108.760514,36.847121],[-108.760739,36.847125],[-108.760752,36.846675],[-108.76064,36.846673],[-108.760645,36.846492],[-108.760757,36.846494],[-108.76076,36.846404],[-108.760535,36.8464],[-108.760538,36.84631],[-108.760426,36.846308],[-108.760429,36.846218],[-108.760204,36.846214],[-108.760207,36.846124],[-108.760319,36.846126],[-108.760324,36.845946],[-108.7601,36.845941],[-108.760105,36.845761],[-108.759993,36.845759],[-108.759996,36.845669],[-108.759884,36.845667],[-108.759889,36.845487],[-108.759777,36.845485],[-108.75978,36.845395],[-108.759668,36.845392],[-108.75967,36.845302],[-108.75911,36.845292],[-108.759112,36.845202],[-108.759,36.8452],[-108.759003,36.84511],[-108.758891,36.845107],[-108.758893,36.845017],[-108.758781,36.845015],[-108.758779,36.845105],[-108.758666,36.845103],[-108.758669,36.845013],[-108.758557,36.845011],[-108.75856,36.844921],[-108.758448,36.844919],[-108.75845,36.844829],[-108.758338,36.844827],[-108.758335,36.844917],[-108.758111,36.844912],[-108.758114,36.844822],[-108.758002,36.84482],[-108.758004,36.84473],[-108.757892,36.844728],[-108.757884,36.844998],[-108.757772,36.844996],[-108.75777,36.845086],[-108.757882,36.845088],[-108.757874,36.845359],[-108.757986,36.845361],[-108.757991,36.845181],[-108.758103,36.845183],[-108.758098,36.845363],[-108.75821,36.845365],[-108.758215,36.845185],[-108.758328,36.845187],[-108.758322,36.845367],[-108.758434,36.845369],[-108.758432,36.845459],[-108.757759,36.845447],[-108.757756,36.845537],[-108.757869,36.845539],[-108.757866,36.845629],[-108.757978,36.845631],[-108.757975,36.845721],[-108.758088,36.845723],[-108.758085,36.845813],[-108.758197,36.845815],[-108.758194,36.845905],[-108.758419,36.84591],[-108.758416,36.846],[-108.758528,36.846002],[-108.758525,36.846092],[-108.758638,36.846094],[-108.758635,36.846184],[-108.758747,36.846186],[-108.758744,36.846276],[-108.758856,36.846278],[-108.758854,36.846368],[-108.758966,36.846371],[-108.758963,36.846461],[-108.759075,36.846463],[-108.759073,36.846553],[-108.759185,36.846555],[-108.759182,36.846645],[-108.759294,36.846647],[-108.759292,36.846737],[-108.759404,36.846739],[-108.759401,36.846829],[-108.759513,36.846832],[-108.759511,36.846922],[-108.759623,36.846924],[-108.759618,36.847104],[-108.75973,36.847106],[-108.759727,36.847196],[-108.759615,36.847194],[-108.759607,36.847464],[-108.759495,36.847462],[-108.759492,36.847552],[-108.759604,36.847554],[-108.759602,36.847644],[-108.759826,36.847649],[-108.759829,36.847559],[-108.759941,36.847561],[-108.759935,36.847741],[-108.759823,36.847739],[-108.759821,36.847829],[-108.759709,36.847827],[-108.759698,36.848187],[-108.759586,36.848185],[-108.759583,36.848275],[-108.759359,36.848271],[-108.759357,36.848361],[-108.759244,36.848359],[-108.759242,36.848449],[-108.75913,36.848447],[-108.759132,36.848357],[-108.75902,36.848354],[-108.759015,36.848535],[-108.758903,36.848532],[-108.758911,36.848262],[-108.758687,36.848258],[-108.758689,36.848168],[-108.758577,36.848166],[-108.758582,36.847986],[-108.75847,36.847984],[-108.758473,36.847893],[-108.758697,36.847898],[-108.758702,36.847718],[-108.75859,36.847715],[-108.758593,36.847625],[-108.758481,36.847623],[-108.758483,36.847533],[-108.758595,36.847535],[-108.758598,36.847445],[-108.758486,36.847443],[-108.758489,36.847353],[-108.758937,36.847361],[-108.75894,36.847271],[-108.759164,36.847276],[-108.759166,36.847186],[-108.759054,36.847183],[-108.759057,36.847093],[-108.759169,36.847095],[-108.759174,36.846915],[-108.75895,36.846911],[-108.758955,36.846731],[-108.758731,36.846727],[-108.758734,36.846637],[-108.758622,36.846634],[-108.758624,36.846544],[-108.758736,36.846547],[-108.758739,36.846456],[-108.758515,36.846452],[-108.758518,36.846362],[-108.757957,36.846352],[-108.75796,36.846261],[-108.758072,36.846264],[-108.75808,36.845993],[-108.757855,36.845989],[-108.757858,36.845899],[-108.757746,36.845897],[-108.757749,36.845807],[-108.757636,36.845805],[-108.757642,36.845625],[-108.75753,36.845622],[-108.757532,36.845532],[-108.75742,36.84553],[-108.757423,36.84544],[-108.757199,36.845436],[-108.757201,36.845346],[-108.756977,36.845342],[-108.75698,36.845252],[-108.756307,36.845239],[-108.75631,36.845149],[-108.754964,36.845123],[-108.754967,36.845033],[-108.754855,36.845031],[-108.754858,36.844941],[-108.754633,36.844937],[-108.754636,36.844847],[-108.754412,36.844843],[-108.754414,36.844753],[-108.754302,36.84475],[-108.754305,36.84466],[-108.754081,36.844656],[-108.754083,36.844566],[-108.753971,36.844564],[-108.753974,36.844474],[-108.753862,36.844472],[-108.753865,36.844382],[-108.753752,36.844379],[-108.753755,36.844289],[-108.753531,36.844285],[-108.753533,36.844195],[-108.753421,36.844193],[-108.753424,36.844103],[-108.753312,36.844101],[-108.753315,36.844011],[-108.753202,36.844009],[-108.753205,36.843918],[-108.752981,36.843914],[-108.752984,36.843824],[-108.752871,36.843822],[-108.752874,36.843732],[-108.75265,36.843728],[-108.752653,36.843638],[-108.75254,36.843636],[-108.752543,36.843545],[-108.752319,36.843541],[-108.752321,36.843451],[-108.752097,36.843447],[-108.752095,36.843537],[-108.75187,36.843533],[-108.751873,36.843443],[-108.751649,36.843438],[-108.751652,36.843348],[-108.751539,36.843346],[-108.751542,36.843256],[-108.75143,36.843254],[-108.751433,36.843164],[-108.75132,36.843162],[-108.751323,36.843072],[-108.751099,36.843068],[-108.751104,36.842887],[-108.750656,36.842879],[-108.750658,36.842789],[-108.750771,36.842791],[-108.750778,36.842521],[-108.750666,36.842519],[-108.750669,36.842428],[-108.750781,36.842431],[-108.750784,36.842341],[-108.750672,36.842338],[-108.750677,36.842158],[-108.750565,36.842156],[-108.750567,36.842066],[-108.750455,36.842064],[-108.750458,36.841974],[-108.750346,36.841972],[-108.750349,36.841882],[-108.750236,36.84188],[-108.750239,36.841789],[-108.750127,36.841787],[-108.750132,36.841607],[-108.75002,36.841605],[-108.750023,36.841515],[-108.749911,36.841513],[-108.749913,36.841423],[-108.749801,36.841421],[-108.749804,36.841331],[-108.749692,36.841328],[-108.749694,36.841238],[-108.749582,36.841236],[-108.749585,36.841146],[-108.749137,36.841138],[-108.749142,36.840958],[-108.748918,36.840953],[-108.74892,36.840863],[-108.748808,36.840861],[-108.748811,36.840771],[-108.748699,36.840769],[-108.748701,36.840679],[-108.748589,36.840677],[-108.748592,36.840587],[-108.74848,36.840584],[-108.748483,36.840494],[-108.74837,36.840492],[-108.748373,36.840402],[-108.748261,36.8404],[-108.748264,36.84031],[-108.748152,36.840308],[-108.748154,36.840218],[-108.74793,36.840214],[-108.747933,36.840123],[-108.747821,36.840121],[-108.747823,36.840031],[-108.747711,36.840029],[-108.747714,36.839939],[-108.74749,36.839935],[-108.747492,36.839845],[-108.74738,36.839843],[-108.747383,36.839753],[-108.747159,36.839748],[-108.747161,36.839658],[-108.747049,36.839656],[-108.747054,36.839476],[-108.746942,36.839474],[-108.746945,36.839384],[-108.746833,36.839382],[-108.746835,36.839292],[-108.746723,36.839289],[-108.746726,36.839199],[-108.746614,36.839197],[-108.746617,36.839107],[-108.746504,36.839105],[-108.746507,36.839015],[-108.746395,36.839013],[-108.7464,36.838833],[-108.746176,36.838828],[-108.746184,36.838558],[-108.746296,36.83856],[-108.746307,36.8382],[-108.746419,36.838202],[-108.746421,36.838112],[-108.746309,36.83811],[-108.746312,36.83802],[-108.746424,36.838022],[-108.746432,36.837752],[-108.746544,36.837754],[-108.746555,36.837394],[-108.746667,36.837396],[-108.746672,36.837216],[-108.746784,36.837218],[-108.746787,36.837128],[-108.746899,36.83713],[-108.746902,36.83704],[-108.746789,36.837037],[-108.746792,36.836947],[-108.746904,36.83695],[-108.74691,36.836769],[-108.747022,36.836772],[-108.74703,36.836501],[-108.747142,36.836503],[-108.747147,36.836323],[-108.747259,36.836325],[-108.747277,36.835695],[-108.747165,36.835693],[-108.74716,36.835873],[-108.746936,36.835869],[-108.746933,36.835959],[-108.746821,36.835957],[-108.746816,36.836137],[-108.746704,36.836135],[-108.746699,36.836315],[-108.746586,36.836313],[-108.746581,36.836493],[-108.746469,36.836491],[-108.746466,36.836581],[-108.746354,36.836579],[-108.746352,36.836669],[-108.74624,36.836667],[-108.746234,36.836847],[-108.746122,36.836845],[-108.74612,36.836935],[-108.746007,36.836933],[-108.746005,36.837023],[-108.745893,36.83702],[-108.74589,36.837111],[-108.745778,36.837108],[-108.745775,36.837199],[-108.745663,36.837196],[-108.745661,36.837286],[-108.745549,36.837284],[-108.745543,36.837464],[-108.745431,36.837462],[-108.745415,36.838003],[-108.745527,36.838005],[-108.745519,36.838275],[-108.745632,36.838277],[-108.745626,36.838457],[-108.745514,36.838455],[-108.745512,36.838545],[-108.745624,36.838548],[-108.745621,36.838638],[-108.745509,36.838635],[-108.745493,36.839176],[-108.745381,36.839174],[-108.745354,36.840075],[-108.745242,36.840072],[-108.745234,36.840343],[-108.745347,36.840345],[-108.745328,36.840975],[-108.74544,36.840977],[-108.745437,36.841068],[-108.745325,36.841065],[-108.745323,36.841156],[-108.745435,36.841158],[-108.745432,36.841248],[-108.74532,36.841246],[-108.745315,36.841426],[-108.745427,36.841428],[-108.745416,36.841788],[-108.745528,36.84179],[-108.745526,36.84188],[-108.745414,36.841878],[-108.745411,36.841968],[-108.745523,36.84197],[-108.745518,36.842151],[-108.74563,36.842153],[-108.745622,36.842423],[-108.745846,36.842427],[-108.745844,36.842517],[-108.745731,36.842515],[-108.745729,36.842605],[-108.745841,36.842607],[-108.745838,36.842697],[-108.74595,36.8427],[-108.745945,36.84288],[-108.746057,36.842882],[-108.746052,36.843062],[-108.746164,36.843064],[-108.746159,36.843244],[-108.746271,36.843246],[-108.746268,36.843336],[-108.74638,36.843339],[-108.746375,36.843519],[-108.746487,36.843521],[-108.746482,36.843701],[-108.746594,36.843703],[-108.746589,36.843883],[-108.746701,36.843885],[-108.746695,36.844066],[-108.746807,36.844068],[-108.746802,36.844248],[-108.746914,36.84425],[-108.746909,36.84443],[-108.747133,36.844434],[-108.747128,36.844615],[-108.74724,36.844617],[-108.747237,36.844707],[-108.747013,36.844703],[-108.747008,36.844883],[-108.74712,36.844885],[-108.747112,36.845155],[-108.747224,36.845157],[-108.747216,36.845427],[-108.747328,36.84543],[-108.747323,36.84561],[-108.747435,36.845612],[-108.747432,36.845702],[-108.74732,36.8457],[-108.74731,36.84606],[-108.747422,36.846062],[-108.747401,36.846783],[-108.747289,36.846781],[-108.747281,36.847051],[-108.747169,36.847049],[-108.747171,36.846959],[-108.747059,36.846957],[-108.747054,36.847137],[-108.746942,36.847135],[-108.746936,36.847315],[-108.746824,36.847313],[-108.746822,36.847403],[-108.746934,36.847405],[-108.746929,36.847585],[-108.747153,36.847589],[-108.74715,36.847679],[-108.747262,36.847681],[-108.74726,36.847772],[-108.747372,36.847774],[-108.747369,36.847864],[-108.747481,36.847866],[-108.747478,36.847956],[-108.747703,36.84796],[-108.7477,36.84805],[-108.748036,36.848057],[-108.748034,36.848147],[-108.748146,36.848149],[-108.748143,36.848239],[-108.748367,36.848243],[-108.748365,36.848333],[-108.748813,36.848342],[-108.748811,36.848432],[-108.748923,36.848434],[-108.748925,36.848344],[-108.74915,36.848348],[-108.749147,36.848438],[-108.749595,36.848447],[-108.749593,36.848537],[-108.749929,36.848543],[-108.749926,36.848633],[-108.750375,36.848642],[-108.750372,36.848732],[-108.750708,36.848738],[-108.750706,36.848828],[-108.75093,36.848832],[-108.750927,36.848923],[-108.751152,36.848927],[-108.751154,36.848837],[-108.751042,36.848835],[-108.75105,36.848564],[-108.751162,36.848566],[-108.751157,36.848747],[-108.751269,36.848749],[-108.751261,36.849019],[-108.751373,36.849021],[-108.751371,36.849111],[-108.751483,36.849113],[-108.75148,36.849203],[-108.751592,36.849205],[-108.751589,36.849296],[-108.751926,36.849302],[-108.751923,36.849392],[-108.752596,36.849405],[-108.752593,36.849495],[-108.753042,36.849503],[-108.753039,36.849593],[-108.753263,36.849598],[-108.753261,36.849688],[-108.753485,36.849692],[-108.753482,36.849782],[-108.753706,36.849786],[-108.753704,36.849876],[-108.753928,36.849881],[-108.753923,36.850061],[-108.754035,36.850063],[-108.754032,36.850153],[-108.754256,36.850157],[-108.754254,36.850247],[-108.754366,36.850249],[-108.754363,36.850339],[-108.754475,36.850342],[-108.754473,36.850432],[-108.754585,36.850434],[-108.754582,36.850524],[-108.754694,36.850526],[-108.754692,36.850616],[-108.754916,36.85062],[-108.754913,36.85071],[-108.754801,36.850708],[-108.754791,36.851069],[-108.754903,36.851071],[-108.754895,36.851341],[-108.755007,36.851343],[-108.755002,36.851523],[-108.755114,36.851525],[-108.755098,36.852066],[-108.75521,36.852068],[-108.755202,36.852338],[-108.755314,36.85234],[-108.755301,36.852791],[-108.755413,36.852793],[-108.755411,36.852883],[-108.755298,36.852881],[-108.755272,36.853781],[-108.75516,36.853779],[-108.755147,36.85423],[-108.755259,36.854232],[-108.755251,36.854502],[-108.755363,36.854504],[-108.75535,36.854955],[-108.755462,36.854957],[-108.755459,36.855047],[-108.755571,36.855049],[-108.755569,36.855139],[-108.755681,36.855141],[-108.755678,36.855231],[-108.755903,36.855235],[-108.7559,36.855325],[-108.756236,36.855332],[-108.756234,36.855422],[-108.756682,36.85543],[-108.756679,36.85552],[-108.756792,36.855523],[-108.756786,36.855703],[-108.757123,36.855709],[-108.757117,36.855889],[-108.757566,36.855898],[-108.757569,36.855808],[-108.757681,36.85581],[-108.757678,36.8559],[-108.757902,36.855904],[-108.757905,36.855814],[-108.757793,36.855812],[-108.757795,36.855722],[-108.758356,36.855732],[-108.758361,36.855552],[-108.758025,36.855546],[-108.758022,36.855636],[-108.757798,36.855632],[-108.757803,36.855451],[-108.758812,36.855471],[-108.75881,36.855561],[-108.759034,36.855565],[-108.759023,36.855925],[-108.759136,36.855927],[-108.759133,36.856017],[-108.759469,36.856024],[-108.759467,36.856114],[-108.759691,36.856118],[-108.759688,36.856208],[-108.7598,36.85621],[-108.759798,36.8563],[-108.760022,36.856304],[-108.760019,36.856395],[-108.760131,36.856397],[-108.760129,36.856487],[-108.760241,36.856489],[-108.760238,36.856579],[-108.760463,36.856583],[-108.76046,36.856673],[-108.760684,36.856677],[-108.760682,36.856768],[-108.761803,36.856789],[-108.761805,36.856699],[-108.762142,36.856705],[-108.762144,36.856615],[-108.762257,36.856617],[-108.762254,36.856707],[-108.762366,36.856709],[-108.762369,36.856619],[-108.762593,36.856623],[-108.762595,36.856533],[-108.762932,36.85654],[-108.762929,36.85663],[-108.763153,36.856634],[-108.763156,36.856544],[-108.763605,36.856552],[-108.763612,36.856282],[-108.763725,36.856284],[-108.763719,36.856464],[-108.764392,36.856477],[-108.764395,36.856387],[-108.765179,36.856402],[-108.765174,36.856582],[-108.765398,36.856586],[-108.765396,36.856676],[-108.765732,36.856682],[-108.765727,36.856863],[-108.765951,36.856867],[-108.765949,36.856957],[-108.766061,36.856959],[-108.766053,36.857229],[-108.766165,36.857231],[-108.766162,36.857321],[-108.766274,36.857323],[-108.766269,36.857504],[-108.766493,36.857508],[-108.766486,36.857778],[-108.766598,36.85778],[-108.766592,36.85796],[-108.766705,36.857962],[-108.766702,36.858053],[-108.766814,36.858055],[-108.766811,36.858145],[-108.766924,36.858147],[-108.766918,36.858327],[-108.76703,36.858329],[-108.767025,36.858509],[-108.767137,36.858511],[-108.767135,36.858601],[-108.767247,36.858604],[-108.767242,36.858784],[-108.767354,36.858786],[-108.767351,36.858876],[-108.767463,36.858878],[-108.767461,36.858968],[-108.767573,36.85897],[-108.76757,36.85906],[-108.767682,36.859062],[-108.76768,36.859152],[-108.767904,36.859157],[-108.767901,36.859247],[-108.768013,36.859249],[-108.768011,36.859339],[-108.768123,36.859341],[-108.76812,36.859431],[-108.768232,36.859433],[-108.76823,36.859523],[-108.768342,36.859525],[-108.768339,36.859615],[-108.768451,36.859618],[-108.768449,36.859708],[-108.768561,36.85971],[-108.768558,36.8598],[-108.768783,36.859804],[-108.76878,36.859894],[-108.769228,36.859903],[-108.769226,36.859993],[-108.769338,36.859995],[-108.769335,36.860085],[-108.76956,36.860089],[-108.769562,36.859999],[-108.769674,36.860001],[-108.769672,36.860091],[-108.769784,36.860093],[-108.769781,36.860183],[-108.77023,36.860192],[-108.770232,36.860102],[-108.770457,36.860106],[-108.770449,36.860376],[-108.770561,36.860378],[-108.770558,36.860468],[-108.770895,36.860475],[-108.7709,36.860294],[-108.771012,36.860297],[-108.771009,36.860387],[-108.771121,36.860389],[-108.771119,36.860479],[-108.771455,36.860485],[-108.771453,36.860575],[-108.771677,36.860579],[-108.771674,36.860669],[-108.772123,36.860678],[-108.77212,36.860768],[-108.772344,36.860772],[-108.772342,36.860862],[-108.772454,36.860864],[-108.772459,36.860684],[-108.772795,36.86069],[-108.772793,36.860781],[-108.772681,36.860778],[-108.772678,36.860869],[-108.773015,36.860875],[-108.773012,36.860965],[-108.77346,36.860973],[-108.773463,36.860883],[-108.773687,36.860887],[-108.773685,36.860978],[-108.774806,36.860999],[-108.774809,36.860908],[-108.775145,36.860915],[-108.775148,36.860825],[-108.775035,36.860823],[-108.775038,36.860732],[-108.77459,36.860724],[-108.774592,36.860634],[-108.775601,36.860653],[-108.775599,36.860743],[-108.775935,36.860749],[-108.775932,36.860839],[-108.776157,36.860844],[-108.776154,36.860934],[-108.77649,36.86094],[-108.776488,36.86103],[-108.776936,36.861038],[-108.776934,36.861128],[-108.777046,36.861131],[-108.777043,36.861221],[-108.777155,36.861223],[-108.777153,36.861313],[-108.777489,36.861319],[-108.777487,36.861409],[-108.777599,36.861411],[-108.777596,36.861501],[-108.77782,36.861506],[-108.777818,36.861596],[-108.77793,36.861598],[-108.777922,36.861868],[-108.778034,36.86187],[-108.778024,36.86223],[-108.778136,36.862233],[-108.778131,36.862413],[-108.778243,36.862415],[-108.778238,36.862595],[-108.77835,36.862597],[-108.778344,36.862777],[-108.778457,36.862779],[-108.778454,36.862869],[-108.778566,36.862871],[-108.778563,36.862962],[-108.778788,36.862966],[-108.778783,36.863146],[-108.778895,36.863148],[-108.778892,36.863238],[-108.779116,36.863242],[-108.779119,36.863152],[-108.779231,36.863154],[-108.779226,36.863334],[-108.779338,36.863337],[-108.779335,36.863427],[-108.779223,36.863424],[-108.779215,36.863695],[-108.779328,36.863697],[-108.779322,36.863877],[-108.77921,36.863875],[-108.779213,36.863785],[-108.779101,36.863783],[-108.779106,36.863603],[-108.778994,36.8636],[-108.778996,36.86351],[-108.778884,36.863508],[-108.778871,36.863959],[-108.778983,36.863961],[-108.778981,36.864051],[-108.778756,36.864047],[-108.778751,36.864227],[-108.778863,36.864229],[-108.778861,36.864319],[-108.778636,36.864315],[-108.778626,36.864675],[-108.778738,36.864677],[-108.778736,36.864767],[-108.77896,36.864771],[-108.778957,36.864862],[-108.779181,36.864866],[-108.779179,36.864956],[-108.779291,36.864958],[-108.779288,36.865048],[-108.779176,36.865046],[-108.779174,36.865136],[-108.77951,36.865142],[-108.779507,36.865232],[-108.77962,36.865234],[-108.779622,36.865144],[-108.779734,36.865146],[-108.779732,36.865237],[-108.779956,36.865241],[-108.779953,36.865331],[-108.780066,36.865333],[-108.78006,36.865513],[-108.779948,36.865511],[-108.779951,36.865421],[-108.779839,36.865419],[-108.779831,36.865689],[-108.779943,36.865691],[-108.77994,36.865781],[-108.780052,36.865783],[-108.780058,36.865603],[-108.78017,36.865605],[-108.780178,36.865335],[-108.780402,36.865339],[-108.780399,36.865429],[-108.780511,36.865431],[-108.780506,36.865612],[-108.780731,36.865616],[-108.780728,36.865706],[-108.780616,36.865704],[-108.780613,36.865794],[-108.780725,36.865796],[-108.780723,36.865886],[-108.780947,36.86589],[-108.780944,36.86598],[-108.781056,36.865982],[-108.781054,36.866072],[-108.781166,36.866074],[-108.781163,36.866165],[-108.781276,36.866167],[-108.781273,36.866257],[-108.781385,36.866259],[-108.781382,36.866349],[-108.781495,36.866351],[-108.781492,36.866441],[-108.781716,36.866445],[-108.781711,36.866625],[-108.781935,36.86663],[-108.78193,36.86681],[-108.782154,36.866814],[-108.782152,36.866904],[-108.78204,36.866902],[-108.782037,36.866992],[-108.781925,36.86699],[-108.78192,36.86717],[-108.782032,36.867172],[-108.782027,36.867352],[-108.782139,36.867354],[-108.782131,36.867625],[-108.781907,36.86762],[-108.781912,36.86744],[-108.7818,36.867438],[-108.781802,36.867348],[-108.78169,36.867346],[-108.781693,36.867256],[-108.781581,36.867254],[-108.781583,36.867164],[-108.781471,36.867162],[-108.781474,36.867072],[-108.781362,36.86707],[-108.781354,36.86734],[-108.781466,36.867342],[-108.781461,36.867522],[-108.781573,36.867524],[-108.78157,36.867614],[-108.781234,36.867608],[-108.781236,36.867518],[-108.781124,36.867516],[-108.781127,36.867426],[-108.781015,36.867424],[-108.781017,36.867333],[-108.780905,36.867331],[-108.7809,36.867512],[-108.781012,36.867514],[-108.78101,36.867604],[-108.780897,36.867602],[-108.780895,36.867692],[-108.781007,36.867694],[-108.781004,36.867784],[-108.781229,36.867788],[-108.781226,36.867878],[-108.781338,36.86788],[-108.781336,36.86797],[-108.78156,36.867975],[-108.781557,36.868065],[-108.781782,36.868069],[-108.781779,36.868159],[-108.782003,36.868163],[-108.782001,36.868253],[-108.782561,36.868264],[-108.782559,36.868354],[-108.783007,36.868362],[-108.783005,36.868452],[-108.783341,36.868458],[-108.783344,36.868368],[-108.783231,36.868366],[-108.783234,36.868276],[-108.783346,36.868278],[-108.783349,36.868188],[-108.783573,36.868192],[-108.783578,36.868012],[-108.78369,36.868014],[-108.783693,36.867924],[-108.783581,36.867922],[-108.783584,36.867832],[-108.783696,36.867834],[-108.783698,36.867744],[-108.783586,36.867742],[-108.783591,36.867562],[-108.783479,36.86756],[-108.783482,36.86747],[-108.783594,36.867472],[-108.783597,36.867382],[-108.783709,36.867384],[-108.783706,36.867474],[-108.783818,36.867476],[-108.783816,36.867566],[-108.784152,36.867572],[-108.784149,36.867662],[-108.784374,36.867667],[-108.784366,36.867937],[-108.784478,36.867939],[-108.784473,36.868119],[-108.784585,36.868121],[-108.78458,36.868301],[-108.784692,36.868303],[-108.784694,36.868213],[-108.784919,36.868217],[-108.784927,36.867947],[-108.784814,36.867945],[-108.78482,36.867765],[-108.784595,36.867761],[-108.784598,36.867671],[-108.784486,36.867669],[-108.784488,36.867579],[-108.784937,36.867587],[-108.784934,36.867677],[-108.785159,36.867681],[-108.785156,36.867771],[-108.785268,36.867773],[-108.78526,36.868044],[-108.785148,36.868041],[-108.78514,36.868312],[-108.785365,36.868316],[-108.785367,36.868226],[-108.785816,36.868234],[-108.785813,36.868324],[-108.785925,36.868326],[-108.785923,36.868416],[-108.786147,36.868421],[-108.786144,36.868511],[-108.786032,36.868509],[-108.78603,36.868599],[-108.785918,36.868597],[-108.785912,36.868777],[-108.786137,36.868781],[-108.786142,36.868601],[-108.786478,36.868607],[-108.786476,36.868697],[-108.786364,36.868695],[-108.786361,36.868785],[-108.786473,36.868787],[-108.786468,36.868967],[-108.78658,36.868969],[-108.786577,36.86906],[-108.78669,36.869062],[-108.786687,36.869152],[-108.786911,36.869156],[-108.786909,36.869246],[-108.787021,36.869248],[-108.787018,36.869338],[-108.78713,36.86934],[-108.787133,36.86925],[-108.787245,36.869252],[-108.787242,36.869342],[-108.787355,36.869344],[-108.787352,36.869434],[-108.787464,36.869437],[-108.787462,36.869527],[-108.787574,36.869529],[-108.787571,36.869619],[-108.787795,36.869623],[-108.787793,36.869713],[-108.788017,36.869717],[-108.788014,36.869807],[-108.788575,36.869818],[-108.788573,36.869908],[-108.788685,36.86991],[-108.788687,36.86982],[-108.788799,36.869822],[-108.788797,36.869912],[-108.789245,36.86992],[-108.789248,36.86983],[-108.78936,36.869832],[-108.789358,36.869922],[-108.78947,36.869925],[-108.789467,36.870015],[-108.789691,36.870019],[-108.789689,36.870109],[-108.789577,36.870107],[-108.789574,36.870197],[-108.789798,36.870201],[-108.789801,36.870111],[-108.789913,36.870113],[-108.789908,36.870293],[-108.79002,36.870295],[-108.790023,36.870205],[-108.790247,36.870209],[-108.790244,36.870299],[-108.790356,36.870302],[-108.790351,36.870482],[-108.790688,36.870488],[-108.790685,36.870578],[-108.790461,36.870574],[-108.790458,36.870664],[-108.790907,36.870672],[-108.790904,36.870762],[-108.792026,36.870783],[-108.792023,36.870873],[-108.793817,36.870907],[-108.79382,36.870817],[-108.793932,36.870819],[-108.793929,36.870909],[-108.794154,36.870913],[-108.794156,36.870823],[-108.794268,36.870825],[-108.794266,36.870915],[-108.795612,36.87094],[-108.795609,36.87103],[-108.796282,36.871042],[-108.796279,36.871133],[-108.796728,36.871141],[-108.796725,36.871231],[-108.797062,36.871237],[-108.797064,36.871147],[-108.797176,36.871149],[-108.797174,36.871239],[-108.797286,36.871241],[-108.797283,36.871331],[-108.798068,36.871346],[-108.798066,36.871436],[-108.798627,36.871446],[-108.798624,36.871537],[-108.798736,36.871539],[-108.798734,36.871629],[-108.798958,36.871633],[-108.79896,36.871543],[-108.799073,36.871545],[-108.79907,36.871635],[-108.799182,36.871637],[-108.79918,36.871727],[-108.799628,36.871735],[-108.799631,36.871645],[-108.799743,36.871647],[-108.79974,36.871737],[-108.799852,36.87174],[-108.79985,36.87183],[-108.800074,36.871834],[-108.800072,36.871924],[-108.800184,36.871926],[-108.800166,36.872556],[-108.800278,36.872559],[-108.800273,36.872739],[-108.800385,36.872741],[-108.800382,36.872831],[-108.800494,36.872833],[-108.800492,36.872923],[-108.800604,36.872925],[-108.800599,36.873105],[-108.800711,36.873107],[-108.800708,36.873197],[-108.80082,36.8732],[-108.800815,36.87338],[-108.800927,36.873382],[-108.800925,36.873472],[-108.801037,36.873474],[-108.801034,36.873564],[-108.801146,36.873566],[-108.801141,36.873746],[-108.801253,36.873748],[-108.801251,36.873838],[-108.801475,36.873843],[-108.801473,36.873933],[-108.801585,36.873935],[-108.801577,36.874205],[-108.801689,36.874207],[-108.801684,36.874387],[-108.801796,36.874389],[-108.801794,36.874479],[-108.801906,36.874481],[-108.801903,36.874571],[-108.802127,36.874576],[-108.802125,36.874666],[-108.802013,36.874664],[-108.80201,36.874754],[-108.802122,36.874756],[-108.802117,36.874936],[-108.802229,36.874938],[-108.802227,36.875028],[-108.802339,36.87503],[-108.802336,36.87512],[-108.802448,36.875122],[-108.802446,36.875212],[-108.802558,36.875214],[-108.802555,36.875305],[-108.80278,36.875309],[-108.802777,36.875399],[-108.80345,36.875411],[-108.803447,36.875501],[-108.80356,36.875503],[-108.803557,36.875593],[-108.803445,36.875591],[-108.80344,36.875772],[-108.803552,36.875774],[-108.803549,36.875864],[-108.803661,36.875866],[-108.803659,36.875956],[-108.803771,36.875958],[-108.803768,36.876048],[-108.803656,36.876046],[-108.803654,36.876136],[-108.804102,36.876144]],[[-108.789407,36.868211],[-108.789183,36.868207],[-108.789185,36.868117],[-108.788849,36.86811],[-108.788846,36.8682],[-108.788622,36.868196],[-108.788625,36.868106],[-108.788512,36.868104],[-108.788518,36.867924],[-108.788405,36.867922],[-108.788408,36.867832],[-108.788296,36.86783],[-108.788304,36.867559],[-108.788528,36.867564],[-108.788533,36.867384],[-108.788645,36.867386],[-108.788648,36.867296],[-108.788872,36.8673],[-108.788877,36.86712],[-108.78899,36.867122],[-108.788992,36.867032],[-108.789104,36.867034],[-108.789107,36.866944],[-108.789219,36.866946],[-108.789224,36.866765],[-108.789336,36.866768],[-108.789344,36.866497],[-108.789456,36.866499],[-108.789459,36.866409],[-108.789571,36.866411],[-108.789574,36.866321],[-108.789798,36.866326],[-108.789803,36.866145],[-108.789691,36.866143],[-108.789688,36.866233],[-108.789576,36.866231],[-108.789584,36.865961],[-108.789696,36.865963],[-108.789701,36.865783],[-108.789365,36.865777],[-108.78937,36.865597],[-108.789146,36.865592],[-108.789148,36.865502],[-108.789036,36.8655],[-108.789039,36.86541],[-108.788927,36.865408],[-108.788929,36.865318],[-108.789041,36.86532],[-108.789044,36.86523],[-108.788932,36.865228],[-108.788935,36.865138],[-108.789047,36.86514],[-108.789052,36.86496],[-108.78894,36.864958],[-108.788942,36.864868],[-108.78883,36.864865],[-108.788835,36.864685],[-108.788723,36.864683],[-108.788726,36.864593],[-108.788614,36.864591],[-108.788616,36.864501],[-108.788728,36.864503],[-108.788731,36.864413],[-108.788507,36.864409],[-108.788512,36.864229],[-108.788624,36.864231],[-108.788627,36.864141],[-108.789299,36.864153],[-108.789297,36.864243],[-108.789409,36.864245],[-108.789401,36.864516],[-108.789289,36.864514],[-108.789292,36.864423],[-108.789067,36.864419],[-108.789062,36.864599],[-108.789174,36.864601],[-108.789169,36.864782],[-108.789281,36.864784],[-108.789279,36.864874],[-108.789503,36.864878],[-108.7895,36.864968],[-108.789388,36.864966],[-108.789383,36.865146],[-108.789271,36.865144],[-108.789266,36.865324],[-108.789378,36.865326],[-108.789373,36.865506],[-108.789485,36.865509],[-108.789482,36.865599],[-108.789706,36.865603],[-108.789704,36.865693],[-108.789816,36.865695],[-108.789819,36.865605],[-108.789931,36.865607],[-108.789933,36.865517],[-108.790045,36.865519],[-108.790051,36.865339],[-108.790163,36.865341],[-108.79016,36.865431],[-108.790272,36.865433],[-108.79027,36.865523],[-108.790382,36.865525],[-108.790379,36.865615],[-108.790491,36.865617],[-108.790486,36.865798],[-108.790374,36.865795],[-108.790364,36.866156],[-108.790476,36.866158],[-108.790478,36.866068],[-108.790591,36.86607],[-108.790588,36.86616],[-108.7907,36.866162],[-108.790695,36.866342],[-108.790246,36.866334],[-108.790244,36.866424],[-108.790132,36.866422],[-108.790129,36.866512],[-108.790017,36.86651],[-108.790009,36.86678],[-108.789897,36.866778],[-108.789894,36.866868],[-108.78967,36.866864],[-108.789665,36.867044],[-108.789553,36.867042],[-108.78955,36.867132],[-108.789662,36.867134],[-108.78966,36.867224],[-108.789772,36.867226],[-108.789762,36.867587],[-108.789649,36.867585],[-108.789647,36.867675],[-108.789535,36.867673],[-108.789529,36.867853],[-108.789417,36.867851],[-108.789415,36.867941],[-108.789303,36.867939],[-108.7893,36.868029],[-108.789524,36.868033],[-108.789522,36.868123],[-108.78941,36.868121],[-108.789407,36.868211]],[[-108.788293,36.86792],[-108.788181,36.867918],[-108.788184,36.867828],[-108.788296,36.86783],[-108.788293,36.86792]],[[-108.783046,36.867011],[-108.782934,36.867009],[-108.782937,36.866919],[-108.782825,36.866917],[-108.782827,36.866827],[-108.782603,36.866822],[-108.782608,36.866642],[-108.782496,36.86664],[-108.782499,36.86655],[-108.782274,36.866546],[-108.782277,36.866456],[-108.782389,36.866458],[-108.782392,36.866368],[-108.78228,36.866366],[-108.782285,36.866185],[-108.782173,36.866183],[-108.782175,36.866093],[-108.782063,36.866091],[-108.782066,36.866001],[-108.781954,36.865999],[-108.781959,36.865819],[-108.781847,36.865817],[-108.781849,36.865727],[-108.781625,36.865723],[-108.78163,36.865542],[-108.781518,36.86554],[-108.781515,36.86563],[-108.781403,36.865628],[-108.781406,36.865538],[-108.78107,36.865532],[-108.781072,36.865442],[-108.781184,36.865444],[-108.781187,36.865354],[-108.781075,36.865352],[-108.781077,36.865262],[-108.780853,36.865257],[-108.780858,36.865077],[-108.780746,36.865075],[-108.780749,36.864985],[-108.780637,36.864983],[-108.780639,36.864893],[-108.780527,36.864891],[-108.780532,36.864711],[-108.780644,36.864713],[-108.780642,36.864803],[-108.781202,36.864813],[-108.7812,36.864903],[-108.781312,36.864906],[-108.781304,36.865176],[-108.781528,36.86518],[-108.781523,36.86536],[-108.781635,36.865362],[-108.781638,36.865272],[-108.78175,36.865274],[-108.781755,36.865094],[-108.781867,36.865096],[-108.781865,36.865186],[-108.781977,36.865188],[-108.781974,36.865278],[-108.782087,36.865281],[-108.782089,36.86519],[-108.782201,36.865193],[-108.782204,36.865102],[-108.782316,36.865105],[-108.782313,36.865195],[-108.782426,36.865197],[-108.782418,36.865467],[-108.78253,36.865469],[-108.782525,36.865649],[-108.782749,36.865653],[-108.782746,36.865743],[-108.782858,36.865746],[-108.782856,36.865836],[-108.782968,36.865838],[-108.782965,36.865928],[-108.783078,36.86593],[-108.783075,36.86602],[-108.783187,36.866022],[-108.783184,36.866112],[-108.783297,36.866114],[-108.783294,36.866204],[-108.783182,36.866202],[-108.783179,36.866292],[-108.783067,36.86629],[-108.783064,36.86638],[-108.783177,36.866382],[-108.783161,36.866923],[-108.783049,36.866921],[-108.783046,36.867011]],[[-108.788098,36.866925],[-108.787649,36.866916],[-108.787652,36.866826],[-108.78754,36.866824],[-108.787547,36.866554],[-108.787323,36.86655],[-108.787326,36.86646],[-108.787214,36.866458],[-108.787216,36.866368],[-108.786992,36.866363],[-108.786989,36.866453],[-108.786765,36.866449],[-108.786768,36.866359],[-108.786655,36.866357],[-108.786658,36.866267],[-108.786434,36.866263],[-108.786436,36.866173],[-108.786324,36.866171],[-108.786327,36.866081],[-108.786215,36.866079],[-108.786217,36.865988],[-108.786105,36.865986],[-108.78611,36.865806],[-108.785998,36.865804],[-108.785996,36.865894],[-108.785883,36.865892],[-108.785886,36.865802],[-108.785774,36.8658],[-108.785777,36.86571],[-108.785664,36.865708],[-108.785667,36.865618],[-108.785779,36.86562],[-108.785782,36.86553],[-108.785894,36.865532],[-108.785899,36.865352],[-108.786123,36.865356],[-108.786126,36.865266],[-108.786238,36.865268],[-108.786235,36.865358],[-108.786348,36.86536],[-108.786345,36.86545],[-108.786457,36.865452],[-108.786452,36.865632],[-108.787013,36.865643],[-108.78701,36.865733],[-108.787122,36.865735],[-108.78712,36.865825],[-108.787344,36.865829],[-108.787341,36.865919],[-108.787453,36.865921],[-108.787451,36.866011],[-108.787563,36.866014],[-108.787566,36.865923],[-108.78779,36.865928],[-108.787787,36.866018],[-108.787899,36.86602],[-108.787897,36.86611],[-108.788009,36.866112],[-108.788006,36.866202],[-108.788343,36.866208],[-108.78834,36.866298],[-108.788564,36.866303],[-108.788562,36.866393],[-108.788786,36.866397],[-108.788783,36.866487],[-108.788671,36.866485],[-108.788666,36.866665],[-108.788554,36.866663],[-108.788551,36.866753],[-108.788327,36.866749],[-108.78833,36.866659],[-108.788442,36.866661],[-108.788447,36.866481],[-108.788335,36.866479],[-108.788332,36.866569],[-108.78822,36.866567],[-108.788215,36.866747],[-108.788103,36.866745],[-108.788098,36.866925]],[[-108.78041,36.865069],[-108.780185,36.865065],[-108.780191,36.864885],[-108.780303,36.864887],[-108.7803,36.864977],[-108.780412,36.864979],[-108.78041,36.865069]],[[-108.780191,36.864885],[-108.780079,36.864883],[-108.780086,36.864612],[-108.780311,36.864616],[-108.780305,36.864797],[-108.780193,36.864795],[-108.780191,36.864885]],[[-108.789952,36.864886],[-108.789615,36.86488],[-108.78962,36.8647],[-108.789508,36.864698],[-108.789511,36.864608],[-108.789399,36.864606],[-108.789401,36.864516],[-108.789738,36.864522],[-108.789735,36.864612],[-108.789847,36.864614],[-108.789845,36.864704],[-108.789957,36.864706],[-108.789952,36.864886]],[[-108.780086,36.864612],[-108.779974,36.86461],[-108.779979,36.86443],[-108.780092,36.864432],[-108.780086,36.864612]],[[-108.77987,36.864338],[-108.779758,36.864336],[-108.779763,36.864156],[-108.779651,36.864154],[-108.779653,36.864063],[-108.779878,36.864068],[-108.77987,36.864338]],[[-108.779429,36.864059],[-108.779317,36.864057],[-108.77932,36.863967],[-108.779432,36.863969],[-108.779429,36.864059]],[[-108.79077,36.86373],[-108.790658,36.863728],[-108.790663,36.863548],[-108.790775,36.86355],[-108.79077,36.86373]],[[-108.779135,36.862612],[-108.778798,36.862605],[-108.778803,36.862425],[-108.778579,36.862421],[-108.778582,36.862331],[-108.77847,36.862329],[-108.778472,36.862239],[-108.778584,36.862241],[-108.778587,36.862151],[-108.778251,36.862145],[-108.778256,36.861964],[-108.778144,36.861962],[-108.778149,36.861782],[-108.778261,36.861784],[-108.778258,36.861874],[-108.778371,36.861876],[-108.778368,36.861966],[-108.77848,36.861969],[-108.778477,36.862059],[-108.77859,36.862061],[-108.778592,36.861971],[-108.778704,36.861973],[-108.778702,36.862063],[-108.778814,36.862065],[-108.778811,36.862155],[-108.778923,36.862157],[-108.778918,36.862337],[-108.77903,36.862339],[-108.779033,36.862249],[-108.779145,36.862251],[-108.779142,36.862341],[-108.779479,36.862348],[-108.779476,36.862438],[-108.779028,36.862429],[-108.779025,36.86252],[-108.779137,36.862522],[-108.779135,36.862612]],[[-108.778485,36.861788],[-108.778373,36.861786],[-108.778376,36.861696],[-108.778488,36.861698],[-108.778485,36.861788]],[[-108.77448,36.860632],[-108.774256,36.860628],[-108.774258,36.860538],[-108.774483,36.860542],[-108.77448,36.860632]],[[-108.77235,36.860592],[-108.772237,36.86059],[-108.772245,36.86032],[-108.772133,36.860318],[-108.772138,36.860137],[-108.772026,36.860135],[-108.772029,36.860045],[-108.772365,36.860052],[-108.772363,36.860142],[-108.772475,36.860144],[-108.772472,36.860234],[-108.77236,36.860232],[-108.772355,36.860412],[-108.772467,36.860414],[-108.772464,36.860504],[-108.772352,36.860502],[-108.77235,36.860592]],[[-108.774258,36.860538],[-108.774146,36.860536],[-108.774151,36.860355],[-108.774264,36.860357],[-108.774258,36.860538]],[[-108.774151,36.860355],[-108.774039,36.860353],[-108.774045,36.860173],[-108.774157,36.860175],[-108.774151,36.860355]],[[-108.7709,36.860294],[-108.770788,36.860292],[-108.77079,36.860202],[-108.770902,36.860204],[-108.7709,36.860294]],[[-108.771463,36.860215],[-108.771351,36.860213],[-108.771356,36.860033],[-108.771244,36.86003],[-108.771247,36.85994],[-108.771135,36.859938],[-108.771132,36.860028],[-108.77102,36.860026],[-108.771017,36.860116],[-108.770793,36.860112],[-108.770798,36.859932],[-108.770686,36.85993],[-108.770689,36.85984],[-108.770577,36.859838],[-108.770579,36.859748],[-108.770355,36.859743],[-108.770358,36.859653],[-108.77047,36.859655],[-108.770477,36.859385],[-108.770253,36.859381],[-108.770256,36.859291],[-108.770144,36.859289],[-108.770152,36.859019],[-108.770264,36.859021],[-108.770269,36.858841],[-108.770157,36.858838],[-108.770159,36.858748],[-108.770272,36.85875],[-108.770277,36.85857],[-108.770389,36.858572],[-108.770392,36.858482],[-108.770504,36.858484],[-108.770501,36.858575],[-108.770613,36.858577],[-108.770616,36.858487],[-108.770728,36.858489],[-108.770723,36.858669],[-108.770835,36.858671],[-108.770827,36.858941],[-108.771051,36.858945],[-108.771046,36.859126],[-108.77127,36.85913],[-108.771265,36.85931],[-108.771153,36.859308],[-108.771155,36.859218],[-108.771043,36.859216],[-108.771041,36.859306],[-108.770816,36.859301],[-108.770819,36.859211],[-108.770707,36.859209],[-108.770694,36.85966],[-108.770806,36.859662],[-108.770809,36.859572],[-108.771033,36.859576],[-108.77103,36.859666],[-108.771142,36.859668],[-108.77114,36.859758],[-108.771252,36.85976],[-108.771249,36.85985],[-108.771474,36.859855],[-108.771463,36.860215]],[[-108.774045,36.860173],[-108.773932,36.860171],[-108.77394,36.859901],[-108.774052,36.859903],[-108.774045,36.860173]],[[-108.77394,36.859901],[-108.773828,36.859899],[-108.773831,36.859809],[-108.773719,36.859807],[-108.773726,36.859536],[-108.773839,36.859538],[-108.773833,36.859719],[-108.773946,36.859721],[-108.77394,36.859901]],[[-108.772488,36.859693],[-108.772376,36.859691],[-108.772378,36.859601],[-108.772266,36.859599],[-108.772264,36.859689],[-108.772152,36.859687],[-108.772162,36.859327],[-108.771826,36.85932],[-108.771828,36.85923],[-108.772052,36.859235],[-108.772055,36.859144],[-108.772167,36.859147],[-108.772165,36.859237],[-108.772277,36.859239],[-108.772279,36.859149],[-108.772391,36.859151],[-108.772389,36.859241],[-108.772613,36.859245],[-108.772603,36.859605],[-108.77249,36.859603],[-108.772488,36.859693]],[[-108.773726,36.859536],[-108.773614,36.859534],[-108.773617,36.859444],[-108.773729,36.859446],[-108.773726,36.859536]],[[-108.77362,36.859354],[-108.773507,36.859352],[-108.77351,36.859262],[-108.773622,36.859264],[-108.77362,36.859354]],[[-108.77351,36.859262],[-108.773398,36.85926],[-108.773403,36.85908],[-108.773515,36.859082],[-108.77351,36.859262]],[[-108.771828,36.85923],[-108.771604,36.859226],[-108.771607,36.859136],[-108.771831,36.85914],[-108.771828,36.85923]],[[-108.773403,36.85908],[-108.773291,36.859077],[-108.773294,36.858987],[-108.773406,36.858989],[-108.773403,36.85908]],[[-108.773294,36.858987],[-108.773182,36.858985],[-108.773184,36.858895],[-108.773296,36.858897],[-108.773294,36.858987]],[[-108.773184,36.858895],[-108.77296,36.858891],[-108.772963,36.858801],[-108.77285,36.858799],[-108.772856,36.858619],[-108.77308,36.858623],[-108.773075,36.858803],[-108.773187,36.858805],[-108.773184,36.858895]],[[-108.770159,36.858748],[-108.770047,36.858746],[-108.77005,36.858656],[-108.770162,36.858658],[-108.770159,36.858748]],[[-108.77005,36.858656],[-108.769826,36.858652],[-108.769828,36.858562],[-108.770053,36.858566],[-108.77005,36.858656]],[[-108.769828,36.858562],[-108.769716,36.85856],[-108.769719,36.85847],[-108.769831,36.858472],[-108.769828,36.858562]],[[-108.769492,36.858556],[-108.76938,36.858553],[-108.769385,36.858373],[-108.769273,36.858371],[-108.76927,36.858461],[-108.769046,36.858457],[-108.769049,36.858367],[-108.768824,36.858363],[-108.768835,36.858002],[-108.768611,36.857998],[-108.768613,36.857908],[-108.768501,36.857906],[-108.768504,36.857816],[-108.768392,36.857814],[-108.768394,36.857724],[-108.76817,36.85772],[-108.768178,36.857449],[-108.768066,36.857447],[-108.768068,36.857357],[-108.767956,36.857355],[-108.767962,36.857175],[-108.767849,36.857173],[-108.767855,36.856993],[-108.767743,36.856991],[-108.767732,36.857351],[-108.767844,36.857353],[-108.767842,36.857443],[-108.767954,36.857445],[-108.767951,36.857535],[-108.767727,36.857531],[-108.767724,36.857621],[-108.767612,36.857619],[-108.767615,36.857529],[-108.76739,36.857525],[-108.767401,36.857164],[-108.767289,36.857162],[-108.767284,36.857342],[-108.767171,36.85734],[-108.767179,36.85707],[-108.767067,36.857068],[-108.76707,36.856978],[-108.766958,36.856976],[-108.76696,36.856886],[-108.766848,36.856884],[-108.766853,36.856703],[-108.766966,36.856706],[-108.766968,36.856615],[-108.766856,36.856613],[-108.766859,36.856523],[-108.767083,36.856528],[-108.76708,36.856618],[-108.767417,36.856624],[-108.767419,36.856534],[-108.767868,36.856542],[-108.767865,36.856632],[-108.767977,36.856634],[-108.76798,36.856544],[-108.768092,36.856546],[-108.768095,36.856456],[-108.768207,36.856459],[-108.768204,36.856549],[-108.768316,36.856551],[-108.768321,36.856371],[-108.768434,36.856373],[-108.768428,36.856553],[-108.76854,36.856555],[-108.768538,36.856645],[-108.768762,36.856649],[-108.768759,36.856739],[-108.768647,36.856737],[-108.768642,36.856917],[-108.76853,36.856915],[-108.768533,36.856825],[-108.76842,36.856823],[-108.768418,36.856913],[-108.768306,36.856911],[-108.768303,36.857001],[-108.768639,36.857007],[-108.768634,36.857188],[-108.768746,36.85719],[-108.768744,36.85728],[-108.768856,36.857282],[-108.768858,36.857192],[-108.768971,36.857194],[-108.768965,36.857374],[-108.76919,36.857378],[-108.769184,36.857558],[-108.769072,36.857556],[-108.76907,36.857646],[-108.769182,36.857648],[-108.769177,36.857829],[-108.769289,36.857831],[-108.769286,36.857921],[-108.76951,36.857925],[-108.769508,36.858015],[-108.76962,36.858017],[-108.769617,36.858107],[-108.769729,36.858109],[-108.769721,36.85838],[-108.769609,36.858378],[-108.769607,36.858468],[-108.769495,36.858465],[-108.769492,36.858556]],[[-108.77297,36.858531],[-108.772858,36.858529],[-108.772861,36.858439],[-108.772749,36.858436],[-108.772746,36.858526],[-108.772522,36.858522],[-108.772524,36.858432],[-108.772412,36.85843],[-108.772418,36.85825],[-108.772642,36.858254],[-108.772647,36.858074],[-108.772535,36.858072],[-108.77254,36.857892],[-108.772428,36.85789],[-108.772431,36.8578],[-108.772543,36.857802],[-108.772545,36.857712],[-108.772658,36.857714],[-108.772655,36.857804],[-108.772767,36.857806],[-108.772764,36.857896],[-108.772877,36.857898],[-108.772869,36.858168],[-108.772981,36.85817],[-108.77297,36.858531]],[[-108.772418,36.85825],[-108.772193,36.858246],[-108.772196,36.858156],[-108.772084,36.858154],[-108.772086,36.858063],[-108.77175,36.858057],[-108.771747,36.858147],[-108.771635,36.858145],[-108.771638,36.858055],[-108.771526,36.858053],[-108.771528,36.857963],[-108.771641,36.857965],[-108.771643,36.857875],[-108.771755,36.857877],[-108.771758,36.857787],[-108.771982,36.857791],[-108.77198,36.857881],[-108.772204,36.857885],[-108.772201,36.857976],[-108.772313,36.857978],[-108.772311,36.858068],[-108.772423,36.85807],[-108.772418,36.85825]],[[-108.772545,36.857712],[-108.772433,36.857709],[-108.772436,36.857619],[-108.772548,36.857622],[-108.772545,36.857712]],[[-108.767278,36.857523],[-108.767166,36.85752],[-108.767169,36.85743],[-108.767281,36.857433],[-108.767278,36.857523]],[[-108.772329,36.857437],[-108.772217,36.857435],[-108.77222,36.857345],[-108.772332,36.857347],[-108.772329,36.857437]],[[-108.764285,36.856295],[-108.763725,36.856284],[-108.763727,36.856194],[-108.764176,36.856202],[-108.764181,36.856022],[-108.764405,36.856027],[-108.76441,36.855846],[-108.764523,36.855848],[-108.76452,36.855939],[-108.764632,36.855941],[-108.764635,36.855851],[-108.764747,36.855853],[-108.764742,36.856033],[-108.764629,36.856031],[-108.764627,36.856121],[-108.764739,36.856123],[-108.764736,36.856213],[-108.764288,36.856205],[-108.764285,36.856295]],[[-108.764963,36.856127],[-108.764851,36.856125],[-108.764856,36.855945],[-108.764968,36.855947],[-108.764963,36.856127]],[[-108.759806,36.85603],[-108.759694,36.856028],[-108.759696,36.855938],[-108.759808,36.85594],[-108.759806,36.85603]],[[-108.766648,36.856069],[-108.766423,36.856064],[-108.766426,36.855974],[-108.766314,36.855972],[-108.766319,36.855792],[-108.766207,36.85579],[-108.766204,36.85588],[-108.765756,36.855872],[-108.765758,36.855782],[-108.765871,36.855784],[-108.765873,36.855694],[-108.766322,36.855702],[-108.766324,36.855612],[-108.766436,36.855614],[-108.766434,36.855704],[-108.76677,36.855711],[-108.766765,36.855891],[-108.766653,36.855889],[-108.766655,36.855798],[-108.766543,36.855796],[-108.766538,36.855977],[-108.76665,36.855979],[-108.766648,36.856069]],[[-108.760708,36.855867],[-108.760596,36.855865],[-108.760598,36.855775],[-108.760486,36.855772],[-108.760489,36.855682],[-108.760265,36.855678],[-108.760267,36.855588],[-108.760492,36.855592],[-108.760494,36.855502],[-108.760382,36.8555],[-108.760385,36.85541],[-108.760609,36.855414],[-108.760612,36.855324],[-108.760724,36.855326],[-108.760721,36.855416],[-108.761057,36.855423],[-108.761055,36.855513],[-108.760718,36.855506],[-108.760713,36.855687],[-108.760825,36.855689],[-108.760823,36.855779],[-108.76071,36.855777],[-108.760708,36.855867]],[[-108.757456,36.855805],[-108.757232,36.855801],[-108.757235,36.855711],[-108.757459,36.855715],[-108.757456,36.855805]],[[-108.773049,36.855828],[-108.772825,36.855824],[-108.77283,36.855644],[-108.773054,36.855648],[-108.773049,36.855828]],[[-108.772832,36.855554],[-108.77272,36.855552],[-108.772723,36.855462],[-108.772835,36.855464],[-108.772832,36.855554]],[[-108.772726,36.855372],[-108.772613,36.85537],[-108.772616,36.855279],[-108.77228,36.855273],[-108.772282,36.855183],[-108.77217,36.855181],[-108.772173,36.855091],[-108.771949,36.855087],[-108.771954,36.854907],[-108.772066,36.854909],[-108.772069,36.854819],[-108.771956,36.854816],[-108.771959,36.854726],[-108.771847,36.854724],[-108.77185,36.854634],[-108.772074,36.854638],[-108.772071,36.854728],[-108.77252,36.854737],[-108.772517,36.854827],[-108.772629,36.854829],[-108.772626,36.854919],[-108.772514,36.854917],[-108.772512,36.855007],[-108.772624,36.855009],[-108.772621,36.855099],[-108.772845,36.855104],[-108.77284,36.855284],[-108.772728,36.855282],[-108.772726,36.855372]],[[-108.772851,36.854923],[-108.772739,36.854921],[-108.772741,36.854831],[-108.772853,36.854833],[-108.772851,36.854923]],[[-108.755929,36.854335],[-108.755817,36.854332],[-108.755819,36.854242],[-108.755707,36.85424],[-108.75571,36.85415],[-108.755822,36.854152],[-108.755825,36.854062],[-108.755937,36.854064],[-108.755939,36.853974],[-108.756052,36.853976],[-108.756044,36.854247],[-108.755932,36.854245],[-108.755929,36.854335]],[[-108.755713,36.85406],[-108.7556,36.854058],[-108.755603,36.853968],[-108.755715,36.85397],[-108.755713,36.85406]],[[-108.755827,36.853972],[-108.755715,36.85397],[-108.755718,36.85388],[-108.755606,36.853878],[-108.755608,36.853788],[-108.75572,36.85379],[-108.755723,36.8537],[-108.755835,36.853702],[-108.755827,36.853972]],[[-108.762111,36.85391],[-108.761887,36.853906],[-108.761889,36.853816],[-108.761777,36.853814],[-108.76178,36.853724],[-108.761556,36.85372],[-108.761553,36.85381],[-108.761329,36.853806],[-108.761326,36.853896],[-108.761214,36.853894],[-108.761219,36.853713],[-108.761107,36.853711],[-108.761113,36.853531],[-108.761,36.853529],[-108.761003,36.853439],[-108.760891,36.853437],[-108.760894,36.853347],[-108.761566,36.853359],[-108.761561,36.85354],[-108.761897,36.853546],[-108.761895,36.853636],[-108.762007,36.853638],[-108.762002,36.853818],[-108.762114,36.85382],[-108.762111,36.85391]],[[-108.765701,36.853888],[-108.765477,36.853884],[-108.76548,36.853794],[-108.765256,36.853789],[-108.765253,36.853879],[-108.765141,36.853877],[-108.765151,36.853517],[-108.765039,36.853515],[-108.765042,36.853425],[-108.76493,36.853423],[-108.764932,36.853333],[-108.76482,36.853331],[-108.764823,36.85324],[-108.765047,36.853245],[-108.765044,36.853335],[-108.765157,36.853337],[-108.765159,36.853247],[-108.765496,36.853253],[-108.765493,36.853343],[-108.765605,36.853345],[-108.765597,36.853616],[-108.765709,36.853618],[-108.765701,36.853888]],[[-108.764823,36.85324],[-108.764038,36.853226],[-108.764041,36.853136],[-108.763929,36.853133],[-108.763931,36.853043],[-108.763707,36.853039],[-108.76371,36.852949],[-108.763485,36.852945],[-108.763488,36.852855],[-108.7636,36.852857],[-108.763603,36.852767],[-108.763827,36.852771],[-108.763822,36.852951],[-108.764158,36.852958],[-108.764155,36.853048],[-108.764604,36.853056],[-108.764601,36.853146],[-108.764825,36.85315],[-108.764823,36.85324]],[[-108.763603,36.852767],[-108.763378,36.852763],[-108.763381,36.852673],[-108.763605,36.852677],[-108.763603,36.852767]],[[-108.758453,36.852399],[-108.758341,36.852397],[-108.758344,36.852307],[-108.758456,36.852309],[-108.758453,36.852399]],[[-108.758344,36.852307],[-108.75812,36.852303],[-108.758122,36.852213],[-108.75801,36.852211],[-108.758013,36.852121],[-108.757901,36.852119],[-108.757903,36.852029],[-108.757791,36.852026],[-108.757794,36.851936],[-108.757682,36.851934],[-108.75769,36.851664],[-108.757914,36.851668],[-108.757911,36.851758],[-108.758023,36.85176],[-108.758021,36.851851],[-108.758133,36.851853],[-108.758125,36.852123],[-108.758349,36.852127],[-108.758344,36.852307]],[[-108.757898,36.852209],[-108.757786,36.852207],[-108.757789,36.852117],[-108.757901,36.852119],[-108.757898,36.852209]],[[-108.75769,36.851664],[-108.757578,36.851662],[-108.75758,36.851572],[-108.757692,36.851574],[-108.75769,36.851664]],[[-108.75994,36.851436],[-108.759716,36.851432],[-108.759718,36.851342],[-108.759942,36.851346],[-108.75994,36.851436]],[[-108.759718,36.851342],[-108.759382,36.851335],[-108.759384,36.851245],[-108.759272,36.851243],[-108.75927,36.851333],[-108.759158,36.851331],[-108.759163,36.851151],[-108.759499,36.851157],[-108.759497,36.851247],[-108.759721,36.851252],[-108.759718,36.851342]],[[-108.759163,36.851151],[-108.758939,36.851147],[-108.758941,36.851057],[-108.759166,36.851061],[-108.759163,36.851151]],[[-108.76287,36.850951],[-108.762646,36.850946],[-108.762649,36.850856],[-108.762425,36.850852],[-108.762422,36.850942],[-108.762198,36.850938],[-108.7622,36.850848],[-108.762088,36.850846],[-108.762091,36.850756],[-108.761979,36.850753],[-108.761976,36.850844],[-108.761752,36.850839],[-108.761755,36.850749],[-108.76153,36.850745],[-108.761533,36.850655],[-108.761421,36.850653],[-108.761424,36.850563],[-108.761311,36.850561],[-108.761314,36.850471],[-108.761202,36.850468],[-108.761205,36.850378],[-108.761092,36.850376],[-108.761106,36.849926],[-108.760993,36.849924],[-108.760996,36.849834],[-108.760884,36.849832],[-108.760887,36.849742],[-108.76055,36.849735],[-108.760553,36.849645],[-108.760441,36.849643],[-108.760443,36.849553],[-108.760219,36.849549],[-108.760224,36.849369],[-108.760112,36.849366],[-108.76011,36.849456],[-108.759998,36.849454],[-108.760006,36.849184],[-108.759557,36.849176],[-108.759565,36.848905],[-108.759453,36.848903],[-108.759455,36.848813],[-108.759343,36.848811],[-108.759346,36.848721],[-108.759234,36.848719],[-108.759237,36.848629],[-108.759461,36.848633],[-108.759466,36.848453],[-108.759578,36.848455],[-108.759583,36.848275],[-108.759695,36.848277],[-108.759693,36.848367],[-108.760029,36.848373],[-108.760027,36.848464],[-108.759914,36.848461],[-108.759909,36.848642],[-108.760021,36.848644],[-108.760019,36.848734],[-108.760131,36.848736],[-108.760123,36.849006],[-108.760235,36.849008],[-108.760232,36.849098],[-108.760457,36.849103],[-108.760451,36.849283],[-108.760676,36.849287],[-108.760678,36.849197],[-108.760902,36.849201],[-108.7609,36.849291],[-108.760788,36.849289],[-108.760785,36.849379],[-108.761233,36.849388],[-108.761228,36.849568],[-108.761452,36.849572],[-108.76145,36.849662],[-108.761562,36.849664],[-108.761559,36.849754],[-108.761783,36.849758],[-108.761778,36.849939],[-108.76189,36.849941],[-108.761888,36.850031],[-108.762,36.850033],[-108.761997,36.850123],[-108.762109,36.850125],[-108.762112,36.850035],[-108.762224,36.850037],[-108.762221,36.850127],[-108.762334,36.850129],[-108.762328,36.850309],[-108.762552,36.850314],[-108.762547,36.850494],[-108.762771,36.850498],[-108.762769,36.850588],[-108.762881,36.85059],[-108.76287,36.850951]],[[-108.75105,36.848564],[-108.750938,36.848562],[-108.750946,36.848292],[-108.750834,36.84829],[-108.750836,36.8482],[-108.751061,36.848204],[-108.75105,36.848564]],[[-108.749598,36.848357],[-108.749262,36.84835],[-108.749264,36.84826],[-108.74904,36.848256],[-108.749043,36.848166],[-108.748931,36.848164],[-108.748933,36.848074],[-108.748821,36.848071],[-108.748826,36.847891],[-108.748714,36.847889],[-108.748727,36.847439],[-108.74884,36.847441],[-108.748842,36.847351],[-108.748618,36.847347],[-108.748621,36.847257],[-108.748845,36.847261],[-108.748848,36.847171],[-108.74896,36.847173],[-108.748957,36.847263],[-108.749293,36.847269],[-108.749291,36.847359],[-108.749179,36.847357],[-108.749176,36.847447],[-108.748952,36.847443],[-108.748946,36.847623],[-108.749059,36.847625],[-108.749061,36.847535],[-108.749173,36.847537],[-108.749168,36.847718],[-108.74928,36.84772],[-108.749283,36.84763],[-108.749395,36.847632],[-108.749392,36.847722],[-108.749841,36.84773],[-108.749835,36.84791],[-108.749611,36.847906],[-108.749614,36.847816],[-108.749502,36.847814],[-108.749496,36.847994],[-108.749384,36.847992],[-108.749382,36.848082],[-108.749494,36.848084],[-108.749491,36.848174],[-108.749715,36.848179],[-108.749713,36.848269],[-108.749601,36.848267],[-108.749598,36.848357]],[[-108.751736,36.848127],[-108.751287,36.848118],[-108.751293,36.847938],[-108.751181,36.847936],[-108.751189,36.847666],[-108.750964,36.847661],[-108.750967,36.847571],[-108.750855,36.847569],[-108.750863,36.847299],[-108.750975,36.847301],[-108.750972,36.847391],[-108.751084,36.847393],[-108.751079,36.847573],[-108.751191,36.847576],[-108.751194,36.847486],[-108.751306,36.847488],[-108.751301,36.847668],[-108.751413,36.84767],[-108.751415,36.84758],[-108.751527,36.847582],[-108.751522,36.847762],[-108.751746,36.847766],[-108.751741,36.847947],[-108.751853,36.847949],[-108.751851,36.848039],[-108.751739,36.848037],[-108.751736,36.848127]],[[-108.749953,36.847732],[-108.749841,36.84773],[-108.749843,36.84764],[-108.749955,36.847642],[-108.749953,36.847732]],[[-108.760045,36.847833],[-108.759933,36.847831],[-108.759935,36.847741],[-108.760048,36.847743],[-108.760045,36.847833]],[[-108.755336,36.847744],[-108.754776,36.847734],[-108.754779,36.847643],[-108.754666,36.847641],[-108.754669,36.847551],[-108.754557,36.847549],[-108.75456,36.847459],[-108.754448,36.847457],[-108.75445,36.847367],[-108.754338,36.847365],[-108.754341,36.847275],[-108.754116,36.84727],[-108.754119,36.84718],[-108.754007,36.847178],[-108.75401,36.847088],[-108.753898,36.847086],[-108.7539,36.846996],[-108.753676,36.846992],[-108.753679,36.846902],[-108.753342,36.846895],[-108.753348,36.846715],[-108.752899,36.846707],[-108.752904,36.846526],[-108.752792,36.846524],[-108.752798,36.846344],[-108.752237,36.846334],[-108.752234,36.846424],[-108.75201,36.846419],[-108.752013,36.846329],[-108.751789,36.846325],[-108.751786,36.846415],[-108.751898,36.846417],[-108.751895,36.846507],[-108.752008,36.84651],[-108.752005,36.8466],[-108.752117,36.846602],[-108.752112,36.846782],[-108.752224,36.846784],[-108.752221,36.846874],[-108.752333,36.846876],[-108.752331,36.846966],[-108.752555,36.846971],[-108.752552,36.847061],[-108.752664,36.847063],[-108.752662,36.847153],[-108.752438,36.847149],[-108.752432,36.847329],[-108.752208,36.847324],[-108.752211,36.847234],[-108.752099,36.847232],[-108.752101,36.847142],[-108.751989,36.84714],[-108.751992,36.84705],[-108.75188,36.847048],[-108.751885,36.846868],[-108.751661,36.846863],[-108.751663,36.846773],[-108.751551,36.846771],[-108.751554,36.846681],[-108.751442,36.846679],[-108.751444,36.846589],[-108.751332,36.846587],[-108.751338,36.846407],[-108.751225,36.846405],[-108.751223,36.846495],[-108.751111,36.846493],[-108.751116,36.846312],[-108.751004,36.84631],[-108.751007,36.84622],[-108.750782,36.846216],[-108.750785,36.846126],[-108.750897,36.846128],[-108.7509,36.846038],[-108.751012,36.84604],[-108.751009,36.84613],[-108.75157,36.846141],[-108.751567,36.846231],[-108.751791,36.846235],[-108.751794,36.846145],[-108.751906,36.846147],[-108.751911,36.845967],[-108.751799,36.845965],[-108.751802,36.845875],[-108.75169,36.845873],[-108.751695,36.845692],[-108.751583,36.84569],[-108.75158,36.84578],[-108.751468,36.845778],[-108.751471,36.845688],[-108.751359,36.845686],[-108.751364,36.845506],[-108.751252,36.845504],[-108.751262,36.845144],[-108.751375,36.845146],[-108.751377,36.845056],[-108.751265,36.845053],[-108.751268,36.844963],[-108.751156,36.844961],[-108.751161,36.844781],[-108.751273,36.844783],[-108.751281,36.844513],[-108.751169,36.844511],[-108.751171,36.844421],[-108.751059,36.844419],[-108.751075,36.843878],[-108.751187,36.84388],[-108.751185,36.84397],[-108.751409,36.843975],[-108.751406,36.844065],[-108.751294,36.844063],[-108.751291,36.844153],[-108.751179,36.844151],[-108.751177,36.844241],[-108.751289,36.844243],[-108.751286,36.844333],[-108.751398,36.844335],[-108.75139,36.844605],[-108.751502,36.844607],[-108.751505,36.844517],[-108.751617,36.844519],[-108.751615,36.844609],[-108.751727,36.844612],[-108.751721,36.844792],[-108.751834,36.844794],[-108.751831,36.844884],[-108.751943,36.844886],[-108.75194,36.844976],[-108.752052,36.844978],[-108.752047,36.845158],[-108.752159,36.84516],[-108.752157,36.845251],[-108.752269,36.845253],[-108.752266,36.845343],[-108.752378,36.845345],[-108.752376,36.845435],[-108.752488,36.845437],[-108.752482,36.845617],[-108.752594,36.845619],[-108.752592,36.845709],[-108.75248,36.845707],[-108.752472,36.845978],[-108.752584,36.84598],[-108.752589,36.8458],[-108.752701,36.845802],[-108.752704,36.845712],[-108.752816,36.845714],[-108.752813,36.845804],[-108.752926,36.845806],[-108.752923,36.845896],[-108.753259,36.845902],[-108.753257,36.845992],[-108.753817,36.846003],[-108.753814,36.846093],[-108.753927,36.846095],[-108.753924,36.846185],[-108.754036,36.846187],[-108.754033,36.846277],[-108.754258,36.846282],[-108.75425,36.846552],[-108.754362,36.846554],[-108.754357,36.846734],[-108.754469,36.846736],[-108.754466,36.846826],[-108.754578,36.846829],[-108.754583,36.846648],[-108.754695,36.84665],[-108.75469,36.846831],[-108.754914,36.846835],[-108.754912,36.846925],[-108.755248,36.846931],[-108.755251,36.846841],[-108.755363,36.846843],[-108.75536,36.846933],[-108.755696,36.84694],[-108.755702,36.84676],[-108.755926,36.846764],[-108.755923,36.846854],[-108.756035,36.846856],[-108.756033,36.846946],[-108.756145,36.846948],[-108.756148,36.846858],[-108.756372,36.846862],[-108.756364,36.847133],[-108.756588,36.847137],[-108.756585,36.847227],[-108.756473,36.847225],[-108.756471,36.847315],[-108.756583,36.847317],[-108.75658,36.847407],[-108.756356,36.847403],[-108.756353,36.847493],[-108.756465,36.847495],[-108.756463,36.847585],[-108.755902,36.847575],[-108.75591,36.847304],[-108.755798,36.847302],[-108.755806,36.847032],[-108.755694,36.84703],[-108.755691,36.84712],[-108.755467,36.847116],[-108.755456,36.847476],[-108.755344,36.847474],[-108.755347,36.847384],[-108.755235,36.847382],[-108.755238,36.847292],[-108.755125,36.847289],[-108.75512,36.84747],[-108.755232,36.847472],[-108.75523,36.847562],[-108.755342,36.847564],[-108.755336,36.847744]],[[-108.7567,36.847139],[-108.756588,36.847137],[-108.756591,36.847047],[-108.756703,36.847049],[-108.7567,36.847139]],[[-108.756484,36.846865],[-108.756372,36.846862],[-108.756374,36.846772],[-108.756262,36.84677],[-108.756265,36.84668],[-108.756489,36.846684],[-108.756484,36.846865]],[[-108.751427,36.843344],[-108.751315,36.843342],[-108.751318,36.843252],[-108.75143,36.843254],[-108.751427,36.843344]],[[-108.747632,36.842731],[-108.74752,36.842729],[-108.747522,36.842639],[-108.747634,36.842641],[-108.747632,36.842731]],[[-108.748083,36.84265],[-108.747971,36.842648],[-108.747976,36.842468],[-108.747752,36.842463],[-108.747757,36.842283],[-108.747533,36.842279],[-108.747536,36.842189],[-108.747311,36.842185],[-108.747309,36.842275],[-108.747421,36.842277],[-108.747418,36.842367],[-108.747306,36.842365],[-108.747303,36.842455],[-108.747416,36.842457],[-108.74741,36.842637],[-108.747186,36.842633],[-108.747191,36.842453],[-108.747079,36.842451],[-108.747082,36.842361],[-108.746858,36.842356],[-108.74686,36.842266],[-108.746972,36.842268],[-108.746975,36.842178],[-108.747087,36.84218],[-108.74709,36.84209],[-108.746866,36.842086],[-108.746868,36.841996],[-108.746644,36.841992],[-108.746649,36.841812],[-108.746425,36.841807],[-108.746436,36.841447],[-108.746548,36.841449],[-108.74655,36.841359],[-108.746326,36.841355],[-108.746324,36.841445],[-108.746212,36.841443],[-108.746206,36.841623],[-108.746094,36.841621],[-108.746102,36.841351],[-108.746214,36.841353],[-108.74623,36.840812],[-108.745782,36.840804],[-108.745784,36.840714],[-108.745896,36.840716],[-108.745907,36.840355],[-108.746019,36.840358],[-108.746024,36.840177],[-108.745912,36.840175],[-108.745915,36.840085],[-108.746027,36.840087],[-108.746032,36.839907],[-108.746144,36.839909],[-108.746152,36.839639],[-108.746264,36.839641],[-108.746251,36.840092],[-108.746363,36.840094],[-108.746361,36.840184],[-108.746473,36.840186],[-108.74647,36.840276],[-108.746358,36.840274],[-108.746355,36.840364],[-108.746243,36.840362],[-108.746235,36.840632],[-108.746572,36.840638],[-108.746569,36.840729],[-108.746457,36.840726],[-108.746452,36.840907],[-108.746564,36.840909],[-108.746561,36.840999],[-108.746673,36.841001],[-108.746663,36.841361],[-108.746887,36.841365],[-108.746889,36.841275],[-108.747002,36.841277],[-108.746999,36.841368],[-108.747111,36.84137],[-108.747108,36.84146],[-108.746996,36.841458],[-108.746994,36.841548],[-108.747106,36.84155],[-108.747103,36.84164],[-108.747215,36.841642],[-108.747212,36.841732],[-108.747437,36.841736],[-108.747434,36.841826],[-108.74777,36.841833],[-108.747768,36.841923],[-108.747992,36.841927],[-108.747987,36.842107],[-108.748211,36.842112],[-108.748208,36.842202],[-108.748096,36.842199],[-108.748091,36.84238],[-108.748203,36.842382],[-108.748198,36.842562],[-108.748085,36.84256],[-108.748083,36.84265]],[[-108.748539,36.842388],[-108.748315,36.842384],[-108.748318,36.842294],[-108.748542,36.842298],[-108.748539,36.842388]],[[-108.748318,36.842294],[-108.748206,36.842292],[-108.748208,36.842202],[-108.74832,36.842204],[-108.748318,36.842294]],[[-108.746751,36.842174],[-108.746639,36.842172],[-108.746641,36.842082],[-108.746754,36.842084],[-108.746751,36.842174]],[[-108.750124,36.841877],[-108.750012,36.841875],[-108.750015,36.841785],[-108.750127,36.841787],[-108.750124,36.841877]],[[-108.750015,36.841785],[-108.749903,36.841783],[-108.749905,36.841693],[-108.750018,36.841695],[-108.750015,36.841785]],[[-108.749905,36.841693],[-108.749793,36.841691],[-108.749796,36.841601],[-108.749908,36.841603],[-108.749905,36.841693]],[[-108.749796,36.841601],[-108.749684,36.841599],[-108.749687,36.841509],[-108.749799,36.841511],[-108.749796,36.841601]],[[-108.749687,36.841509],[-108.749574,36.841506],[-108.749577,36.841416],[-108.749689,36.841419],[-108.749687,36.841509]],[[-108.749577,36.841416],[-108.749465,36.841414],[-108.749468,36.841324],[-108.74958,36.841326],[-108.749577,36.841416]],[[-108.749468,36.841324],[-108.749356,36.841322],[-108.749358,36.841232],[-108.74947,36.841234],[-108.749468,36.841324]],[[-108.746686,36.84055],[-108.746574,36.840548],[-108.746577,36.840458],[-108.746689,36.84046],[-108.746686,36.84055]],[[-108.74658,36.840368],[-108.746467,36.840366],[-108.74647,36.840276],[-108.746582,36.840278],[-108.74658,36.840368]]]},"properties":{"src":"truth"}},{"type":"Feature","geometry":{"type":"Polygon","coordinates":[[[-108.726661,36.835032],[-108.726664,36.834942],[-108.726776,36.834944],[-108.726779,36.834854],[-108.726667,36.834852],[-108.726669,36.834762],[-108.726557,36.834759],[-108.72656,36.834669],[-108.726448,36.834667],[-108.726445,36.834757],[-108.726221,36.834753],[-108.726216,36.834933],[-108.726328,36.834935],[-108.726325,36.835025],[-108.726661,36.835032]]]},"properties":{"src":"truth"}},{"type":"Feature","geometry":{"type":"Polygon","coordinates":[[[-108.726782,36.834764],[-108.726787,36.834584],[-108.726675,36.834581],[-108.726669,36.834762],[-108.726782,36.834764]]]},"properties":{"src":"truth"}},{"type":"Feature","geometry":{"type":"Polygon","coordinates":[[[-108.730939,36.834483],[-108.730942,36.834393],[-108.73083,36.834391],[-108.730827,36.834481],[-108.730939,36.834483]]]},"properties":{"src":"truth"}},{"type":"Feature","geometry":{"type":"Polygon","coordinates":[[[-108.731156,36.834757],[-108.731158,36.834667],[-108.731382,36.834671],[-108.731385,36.834581],[-108.731609,36.834586],[-108.731612,36.834496],[-108.731948,36.834502],[-108.731951,36.834412],[-108.732063,36.834414],[-108.732068,36.834234],[-108.731956,36.834232],[-108.731953,36.834322],[-108.731729,36.834318],[-108.731727,36.834408],[-108.731502,36.834403],[-108.7315,36.834493],[-108.731276,36.834489],[-108.731273,36.834579],[-108.731049,36.834575],[-108.731051,36.834485],[-108.730939,36.834483],[-108.730931,36.834753],[-108.731156,36.834757]]]},"properties":{"src":"truth"}},{"type":"Feature","geometry":{"type":"Polygon","coordinates":[[[-108.731305,36.833498],[-108.731308,36.833408],[-108.731195,36.833406],[-108.731193,36.833496],[-108.731305,36.833498]]]},"properties":{"src":"truth"}},{"type":"Feature","geometry":{"type":"Polygon","coordinates":[[[-108.73229,36.834328],[-108.732292,36.834238],[-108.732404,36.83424],[-108.732407,36.83415],[-108.732295,36.834148],[-108.7323,36.833968],[-108.732188,36.833966],[-108.732191,36.833876],[-108.732079,36.833874],[-108.732084,36.833693],[-108.731972,36.833691],[-108.731975,36.833601],[-108.731863,36.833599],[-108.731865,36.833509],[-108.731753,36.833507],[-108.731759,36.833327],[-108.731646,36.833325],[-108.731649,36.833235],[-108.731537,36.833232],[-108.731534,36.833322],[-108.731422,36.83332],[-108.73142,36.83341],[-108.731532,36.833413],[-108.731529,36.833503],[-108.731641,36.833505],[-108.731638,36.833595],[-108.731751,36.833597],[-108.731748,36.833687],[-108.73186,36.833689],[-108.731857,36.833779],[-108.731969,36.833781],[-108.731964,36.833962],[-108.732076,36.833964],[-108.732068,36.834234],[-108.73218,36.834236],[-108.732178,36.834326],[-108.73229,36.834328]]]},"properties":{"src":"truth"}},{"type":"Feature","geometry":{"type":"Polygon","coordinates":[[[-108.73154,36.833142],[-108.731542,36.833052],[-108.73143,36.83305],[-108.731428,36.83314],[-108.73154,36.833142]]]},"properties":{"src":"truth"}},{"type":"Feature","geometry":{"type":"Polygon","coordinates":[[[-108.73143,36.83305],[-108.731433,36.83296],[-108.731321,36.832958],[-108.731318,36.833048],[-108.73143,36.83305]]]},"properties":{"src":"truth"}},{"type":"Feature","geometry":{"type":"Polygon","coordinates":[[[-108.731321,36.832958],[-108.731324,36.832868],[-108.731211,36.832866],[-108.731209,36.832956],[-108.731321,36.832958]]]},"properties":{"src":"truth"}},{"type":"Feature","geometry":{"type":"Polygon","coordinates":[[[-108.73028,36.83402],[-108.730283,36.833929],[-108.730507,36.833934],[-108.73051,36.833844],[-108.730398,36.833841],[-108.730403,36.833661],[-108.730291,36.833659],[-108.730296,36.833479],[-108.730184,36.833477],[-108.730187,36.833387],[-108.730299,36.833389],[-108.730301,36.833299],[-108.730414,36.833301],[-108.730416,36.833211],[-108.730528,36.833213],[-108.730531,36.833123],[-108.730755,36.833127],[-108.730758,36.833037],[-108.73087,36.833039],[-108.730873,36.832949],[-108.730985,36.832951],[-108.73099,36.832771],[-108.730766,36.832767],[-108.730763,36.832857],[-108.730651,36.832855],[-108.730648,36.832945],[-108.730536,36.832943],[-108.730534,36.833033],[-108.730422,36.833031],[-108.730419,36.833121],[-108.730195,36.833117],[-108.730192,36.833207],[-108.73008,36.833205],[-108.730069,36.833565],[-108.730181,36.833567],[-108.730176,36.833747],[-108.730288,36.833749],[-108.730285,36.833839],[-108.730173,36.833837],[-108.730171,36.833927],[-108.730059,36.833925],[-108.730056,36.834015],[-108.73028,36.83402]]]},"properties":{"src":"truth"}},{"type":"Feature","geometry":{"type":"Polygon","coordinates":[[[-108.731102,36.832773],[-108.731105,36.832683],[-108.730993,36.832681],[-108.73099,36.832771],[-108.731102,36.832773]]]},"properties":{"src":"truth"}},{"type":"Feature","geometry":{"type":"Polygon","coordinates":[[[-108.727515,36.832705],[-108.727523,36.832435],[-108.727411,36.832433],[-108.727409,36.832523],[-108.727184,36.832518],[-108.727182,36.832608],[-108.72707,36.832606],[-108.727072,36.832516],[-108.72696,36.832514],[-108.726963,36.832424],[-108.726851,36.832422],[-108.726854,36.832332],[-108.726741,36.83233],[-108.726736,36.83251],[-108.726848,36.832512],[-108.726846,36.832602],[-108.726958,36.832604],[-108.726955,36.832694],[-108.727515,36.832705]]]},"properties":{"src":"truth"}},{"type":"Feature","geometry":{"type":"Polygon","coordinates":[[[-108.740973,36.832691],[-108.740976,36.832601],[-108.740864,36.832599],[-108.740861,36.832689],[-108.740973,36.832691]]]},"properties":{"src":"truth"}},{"type":"Feature","geometry":{"type":"Polygon","coordinates":[[[-108.726741,36.83233],[-108.726747,36.832149],[-108.726635,36.832147],[-108.726629,36.832327],[-108.726741,36.83233]]]},"properties":{"src":"truth"}},{"type":"Feature","geometry":{"type":"Polygon","coordinates":[[[-108.741523,36.833062],[-108.741528,36.832882],[-108.741416,36.83288],[-108.741419,36.83279],[-108.741531,36.832792],[-108.741536,36.832612],[-108.741424,36.83261],[-108.741432,36.832339],[-108.74132,36.832337],[-108.741315,36.832517],[-108.741203,36.832515],[-108.741205,36.832425],[-108.741093,36.832423],[-108.741085,36.832693],[-108.740973,36.832691],[-108.740971,36.832781],[-108.741083,36.832783],[-108.74108,36.832873],[-108.740968,36.832871],[-108.740963,36.833051],[-108.741075,36.833054],[-108.741077,36.832963],[-108.741414,36.83297],[-108.741411,36.83306],[-108.741523,36.833062]]]},"properties":{"src":"truth"}},{"type":"Feature","geometry":{"type":"Polygon","coordinates":[[[-108.726635,36.832147],[-108.726637,36.832057],[-108.726525,36.832055],[-108.726523,36.832145],[-108.726635,36.832147]]]},"properties":{"src":"truth"}},{"type":"Feature","geometry":{"type":"Polygon","coordinates":[[[-108.727748,36.832439],[-108.72775,36.832349],[-108.727974,36.832353],[-108.727977,36.832263],[-108.728089,36.832265],[-108.728092,36.832175],[-108.728316,36.832179],[-108.728319,36.832089],[-108.728543,36.832094],[-108.728545,36.832004],[-108.728658,36.832006],[-108.72866,36.831916],[-108.728772,36.831918],[-108.728775,36.831828],[-108.728887,36.83183],[-108.72889,36.83174],[-108.728666,36.831735],[-108.728663,36.831826],[-108.728439,36.831821],[-108.728436,36.831911],[-108.728324,36.831909],[-108.728321,36.831999],[-108.728097,36.831995],[-108.7281,36.831905],[-108.727988,36.831903],[-108.727993,36.831723],[-108.727881,36.83172],[-108.727884,36.83163],[-108.727659,36.831626],[-108.727662,36.831536],[-108.72755,36.831534],[-108.727547,36.831624],[-108.727435,36.831622],[-108.727438,36.831532],[-108.727326,36.83153],[-108.727321,36.83171],[-108.727208,36.831708],[-108.727206,36.831798],[-108.727094,36.831796],[-108.727091,36.831886],[-108.727315,36.83189],[-108.727313,36.83198],[-108.7272,36.831978],[-108.727198,36.832068],[-108.72731,36.83207],[-108.727305,36.83225],[-108.727417,36.832252],[-108.727419,36.832162],[-108.727531,36.832164],[-108.727526,36.832345],[-108.727638,36.832347],[-108.727635,36.832437],[-108.727748,36.832439]]]},"properties":{"src":"truth"}},{"type":"Feature","geometry":{"type":"Polygon","coordinates":[[[-108.747552,36.833988],[-108.747555,36.833898],[-108.747667,36.8339],[-108.747669,36.83381],[-108.747557,36.833807],[-108.747586,36.832817],[-108.747474,36.832815],[-108.74749,36.832274],[-108.747378,36.832272],[-108.747391,36.831822],[-108.747167,36.831817],[-108.747164,36.831907],[-108.747052,36.831905],[-108.747021,36.832986],[-108.747133,36.832988],[-108.74713,36.833078],[-108.747242,36.83308],[-108.747234,36.833351],[-108.747346,36.833353],[-108.747336,36.833713],[-108.747448,36.833715],[-108.74744,36.833986],[-108.747552,36.833988]]]},"properties":{"src":"truth"}},{"type":"Feature","geometry":{"type":"Polygon","coordinates":[[[-108.726531,36.831875],[-108.726536,36.831695],[-108.726424,36.831693],[-108.726429,36.831512],[-108.726205,36.831508],[-108.72621,36.831328],[-108.725986,36.831324],[-108.725989,36.831234],[-108.725877,36.831232],[-108.725872,36.831412],[-108.725984,36.831414],[-108.725981,36.831504],[-108.726093,36.831506],[-108.726088,36.831686],[-108.7262,36.831688],[-108.726197,36.831778],[-108.726421,36.831783],[-108.726419,36.831873],[-108.726531,36.831875]]]},"properties":{"src":"truth"}},{"type":"Feature","geometry":{"type":"Polygon","coordinates":[[[-108.744928,36.831685],[-108.744931,36.831595],[-108.744819,36.831592],[-108.744816,36.831683],[-108.744928,36.831685]]]},"properties":{"src":"truth"}},{"type":"Feature","geometry":{"type":"Polygon","coordinates":[[[-108.736396,36.831973],[-108.736404,36.831703],[-108.736517,36.831705],[-108.736519,36.831615],[-108.736407,36.831613],[-108.73641,36.831523],[-108.736522,36.831525],[-108.736524,36.831435],[-108.7363,36.831431],[-108.736298,36.831521],[-108.736186,36.831518],[-108.736183,36.831609],[-108.736071,36.831606],[-108.736063,36.831877],[-108.736175,36.831879],[-108.736172,36.831969],[-108.736396,36.831973]]]},"properties":{"src":"truth"}},{"type":"Feature","geometry":{"type":"Polygon","coordinates":[[[-108.726894,36.830981],[-108.726896,36.830891],[-108.726784,36.830888],[-108.726781,36.830978],[-108.726894,36.830981]]]},"properties":{"src":"truth"}},{"type":"Feature","geometry":{"type":"Polygon","coordinates":[[[-108.726347,36.834305],[-108.726349,36.834215],[-108.726237,36.834213],[-108.72625,36.833762],[-108.726138,36.83376],[-108.726144,36.83358],[-108.726032,36.833578],[-108.726053,36.832857],[-108.725941,36.832855],[-108.725946,36.832675],[-108.725834,36.832673],[-108.725837,36.832583],[-108.725949,36.832585],[-108.725952,36.832495],[-108.725839,36.832493],[-108.725847,36.832222],[-108.72596,36.832224],[-108.725962,36.832134],[-108.726074,36.832137],[-108.726072,36.832227],[-108.726184,36.832229],[-108.726181,36.832319],[-108.726293,36.832321],[-108.72629,36.832411],[-108.726403,36.832413],[-108.726413,36.832053],[-108.726301,36.832051],[-108.726304,36.831961],[-108.725968,36.831954],[-108.725965,36.832044],[-108.725629,36.832038],[-108.725634,36.831858],[-108.725522,36.831856],[-108.725527,36.831675],[-108.725415,36.831673],[-108.725418,36.831583],[-108.725306,36.831581],[-108.725314,36.831311],[-108.725202,36.831309],[-108.725207,36.831129],[-108.725095,36.831126],[-108.7251,36.830946],[-108.724988,36.830944],[-108.724991,36.830854],[-108.724879,36.830852],[-108.724881,36.830762],[-108.724769,36.83076],[-108.724761,36.83103],[-108.724873,36.831032],[-108.724863,36.831392],[-108.724975,36.831395],[-108.724972,36.831485],[-108.725084,36.831487],[-108.725079,36.831667],[-108.725191,36.831669],[-108.725188,36.831759],[-108.7253,36.831761],[-108.725295,36.831941],[-108.725407,36.831944],[-108.725399,36.832214],[-108.725511,36.832216],[-108.725498,36.832666],[-108.72561,36.832668],[-108.725597,36.833119],[-108.725709,36.833121],[-108.725701,36.833391],[-108.725813,36.833393],[-108.725805,36.833664],[-108.725917,36.833666],[-108.725909,36.833936],[-108.726021,36.833938],[-108.726013,36.834208],[-108.726125,36.83421],[-108.726122,36.834301],[-108.726347,36.834305]]]},"properties":{"src":"truth"}},{"type":"Feature","geometry":{"type":"Polygon","coordinates":[[[-108.72712,36.830895],[-108.727123,36.830805],[-108.727011,36.830803],[-108.727008,36.830893],[-108.72712,36.830895]]]},"properties":{"src":"truth"}},{"type":"Feature","geometry":{"type":"Polygon","coordinates":[[[-108.727235,36.830807],[-108.727238,36.830717],[-108.727126,36.830715],[-108.727123,36.830805],[-108.727235,36.830807]]]},"properties":{"src":"truth"}},{"type":"Feature","geometry":{"type":"Polygon","coordinates":[[[-108.729114,36.831744],[-108.729117,36.831654],[-108.729341,36.831658],[-108.729346,36.831478],[-108.72957,36.831482],[-108.729573,36.831392],[-108.729685,36.831394],[-108.729688,36.831304],[-108.729912,36.831309],[-108.729914,36.831219],[-108.729802,36.831216],[-108.729808,36.831036],[-108.729696,36.831034],[-108.729701,36.830854],[-108.729589,36.830852],[-108.729591,36.830762],[-108.729479,36.83076],[-108.729482,36.83067],[-108.72937,36.830667],[-108.729362,36.830938],[-108.729474,36.83094],[-108.729471,36.83103],[-108.729583,36.831032],[-108.729575,36.831302],[-108.729463,36.8313],[-108.729461,36.83139],[-108.729237,36.831386],[-108.729234,36.831476],[-108.729122,36.831474],[-108.729119,36.831564],[-108.728895,36.83156],[-108.72889,36.83174],[-108.729114,36.831744]]]},"properties":{"src":"truth"}},{"type":"Feature","geometry":{"type":"Polygon","coordinates":[[[-108.727574,36.830723],[-108.727577,36.830633],[-108.727689,36.830635],[-108.727691,36.830545],[-108.727467,36.830541],[-108.727465,36.830631],[-108.72724,36.830627],[-108.727238,36.830717],[-108.727574,36.830723]]]},"properties":{"src":"truth"}},{"type":"Feature","geometry":{"type":"Polygon","coordinates":[[[-108.727916,36.830549],[-108.727921,36.830369],[-108.727809,36.830367],[-108.727806,36.830457],[-108.727694,36.830455],[-108.727691,36.830545],[-108.727916,36.830549]]]},"properties":{"src":"truth"}},{"type":"Feature","geometry":{"type":"Polygon","coordinates":[[[-108.72534,36.83041],[-108.725346,36.83023],[-108.725234,36.830228],[-108.725228,36.830408],[-108.72534,36.83041]]]},"properties":{"src":"truth"}},{"type":"Feature","geometry":{"type":"Polygon","coordinates":[[[-108.728145,36.830374],[-108.728148,36.830284],[-108.728036,36.830281],[-108.728033,36.830371],[-108.728145,36.830374]]]},"properties":{"src":"truth"}},{"type":"Feature","geometry":{"type":"Polygon","coordinates":[[[-108.728369,36.830378],[-108.728375,36.830198],[-108.728487,36.8302],[-108.728489,36.83011],[-108.728601,36.830112],[-108.728604,36.830022],[-108.72838,36.830018],[-108.728377,36.830108],[-108.728265,36.830106],[-108.728262,36.830196],[-108.72815,36.830193],[-108.728148,36.830284],[-108.72826,36.830286],[-108.728257,36.830376],[-108.728369,36.830378]]]},"properties":{"src":"truth"}},{"type":"Feature","geometry":{"type":"Polygon","coordinates":[[[-108.728716,36.830024],[-108.728719,36.829934],[-108.728607,36.829932],[-108.728604,36.830022],[-108.728716,36.830024]]]},"properties":{"src":"truth"}},{"type":"Feature","geometry":{"type":"Polygon","coordinates":[[[-108.728831,36.829936],[-108.728834,36.829846],[-108.728721,36.829844],[-108.728719,36.829934],[-108.728831,36.829936]]]},"properties":{"src":"truth"}},{"type":"Feature","geometry":{"type":"Polygon","coordinates":[[[-108.725234,36.830228],[-108.725239,36.830048],[-108.725463,36.830052],[-108.725466,36.829962],[-108.725578,36.829964],[-108.725581,36.829874],[-108.725693,36.829876],[-108.725695,36.829786],[-108.725471,36.829782],[-108.725469,36.829872],[-108.725356,36.82987],[-108.725354,36.82996],[-108.72513,36.829955],[-108.725122,36.830226],[-108.725234,36.830228]]]},"properties":{"src":"truth"}},{"type":"Feature","geometry":{"type":"Polygon","coordinates":[[[-108.725807,36.829788],[-108.72581,36.829698],[-108.725698,36.829696],[-108.725695,36.829786],[-108.725807,36.829788]]]},"properties":{"src":"truth"}},{"type":"Feature","geometry":{"type":"Polygon","coordinates":[[[-108.725132,36.829865],[-108.72514,36.829595],[-108.725028,36.829593],[-108.725023,36.829773],[-108.724911,36.829771],[-108.724908,36.829861],[-108.725132,36.829865]]]},"properties":{"src":"truth"}},{"type":"Feature","geometry":{"type":"Polygon","coordinates":[[[-108.728721,36.829844],[-108.728727,36.829664],[-108.728615,36.829662],[-108.728609,36.829842],[-108.728721,36.829844]]]},"properties":{"src":"truth"}},{"type":"Feature","geometry":{"type":"Polygon","coordinates":[[[-108.726034,36.829702],[-108.726037,36.829612],[-108.725813,36.829608],[-108.72581,36.829698],[-108.726034,36.829702]]]},"properties":{"src":"truth"}},{"type":"Feature","geometry":{"type":"Polygon","coordinates":[[[-108.728615,36.829662],[-108.728617,36.829572],[-108.728505,36.829569],[-108.728503,36.829659],[-108.728615,36.829662]]]},"properties":{"src":"truth"}},{"type":"Feature","geometry":{"type":"Polygon","coordinates":[[[-108.726149,36.829614],[-108.726152,36.829524],[-108.72604,36.829522],[-108.726037,36.829612],[-108.726149,36.829614]]]},"properties":{"src":"truth"}},{"type":"Feature","geometry":{"type":"Polygon","coordinates":[[[-108.726376,36.829529],[-108.726378,36.829439],[-108.726491,36.829441],[-108.726493,36.829351],[-108.726269,36.829346],[-108.726266,36.829436],[-108.726154,36.829434],[-108.726152,36.829524],[-108.726376,36.829529]]]},"properties":{"src":"truth"}},{"type":"Feature","geometry":{"type":"Polygon","coordinates":[[[-108.728505,36.829569],[-108.728511,36.829389],[-108.728399,36.829387],[-108.728401,36.829297],[-108.728289,36.829295],[-108.728284,36.829475],[-108.728396,36.829477],[-108.728393,36.829567],[-108.728505,36.829569]]]},"properties":{"src":"truth"}},{"type":"Feature","geometry":{"type":"Polygon","coordinates":[[[-108.725252,36.829597],[-108.725268,36.829057],[-108.725044,36.829053],[-108.725031,36.829503],[-108.725143,36.829505],[-108.72514,36.829595],[-108.725252,36.829597]]]},"properties":{"src":"truth"}},{"type":"Feature","geometry":{"type":"Polygon","coordinates":[[[-108.728289,36.829295],[-108.728294,36.829115],[-108.728182,36.829113],[-108.728185,36.829022],[-108.728073,36.82902],[-108.728068,36.829201],[-108.72818,36.829203],[-108.728177,36.829293],[-108.728289,36.829295]]]},"properties":{"src":"truth"}},{"type":"Feature","geometry":{"type":"Polygon","coordinates":[[[-108.728073,36.82902],[-108.728076,36.82893],[-108.727964,36.828928],[-108.727961,36.829018],[-108.728073,36.82902]]]},"properties":{"src":"truth"}},{"type":"Feature","geometry":{"type":"Polygon","coordinates":[[[-108.730883,36.828804],[-108.730886,36.828714],[-108.730773,36.828711],[-108.730771,36.828802],[-108.730883,36.828804]]]},"properties":{"src":"truth"}},{"type":"Feature","geometry":{"type":"Polygon","coordinates":[[[-108.726717,36.829355],[-108.72672,36.829265],[-108.726832,36.829267],[-108.726835,36.829177],[-108.727059,36.829181],[-108.727062,36.829091],[-108.727174,36.829093],[-108.727176,36.829003],[-108.727288,36.829005],[-108.727291,36.828915],[-108.727403,36.828917],[-108.727406,36.828827],[-108.72763,36.828832],[-108.727633,36.828742],[-108.727745,36.828744],[-108.727742,36.828834],[-108.727854,36.828836],[-108.727851,36.828926],[-108.727964,36.828928],[-108.727969,36.828748],[-108.727857,36.828746],[-108.727859,36.828656],[-108.727747,36.828654],[-108.72775,36.828564],[-108.727638,36.828561],[-108.727635,36.828651],[-108.727523,36.828649],[-108.727521,36.828739],[-108.727296,36.828735],[-108.727294,36.828825],[-108.727182,36.828823],[-108.727179,36.828913],[-108.727067,36.828911],[-108.727064,36.829001],[-108.726952,36.828999],[-108.72695,36.829089],[-108.726725,36.829085],[-108.726723,36.829175],[-108.726611,36.829173],[-108.726608,36.829263],[-108.726496,36.829261],[-108.726493,36.829351],[-108.726717,36.829355]]]},"properties":{"src":"truth"}},{"type":"Feature","geometry":{"type":"Polygon","coordinates":[[[-108.72538,36.829059],[-108.725399,36.828428],[-108.725063,36.828422],[-108.725058,36.828602],[-108.725282,36.828606],[-108.725268,36.829057],[-108.72538,36.829059]]]},"properties":{"src":"truth"}},{"type":"Feature","geometry":{"type":"Polygon","coordinates":[[[-108.725402,36.828338],[-108.725404,36.828248],[-108.725292,36.828246],[-108.72529,36.828336],[-108.725402,36.828338]]]},"properties":{"src":"truth"}},{"type":"Feature","geometry":{"type":"Polygon","coordinates":[[[-108.744908,36.82853],[-108.744911,36.82844],[-108.744799,36.828438],[-108.744796,36.828528],[-108.744908,36.82853]]]},"properties":{"src":"truth"}},{"type":"Feature","geometry":{"type":"Polygon","coordinates":[[[-108.734037,36.828323],[-108.73404,36.828233],[-108.733928,36.828231],[-108.733925,36.828321],[-108.734037,36.828323]]]},"properties":{"src":"truth"}},{"type":"Feature","geometry":{"type":"Polygon","coordinates":[[[-108.745268,36.827726],[-108.745271,36.827635],[-108.745047,36.827631],[-108.745044,36.827721],[-108.745268,36.827726]]]},"properties":{"src":"truth"}},{"type":"Feature","geometry":{"type":"Polygon","coordinates":[[[-108.736871,36.827296],[-108.736873,36.827205],[-108.736761,36.827203],[-108.736759,36.827293],[-108.736871,36.827296]]]},"properties":{"src":"truth"}},{"type":"Feature","geometry":{"type":"Polygon","coordinates":[[[-108.736988,36.827118],[-108.736991,36.827027],[-108.736879,36.827025],[-108.736876,36.827115],[-108.736988,36.827118]]]},"properties":{"src":"truth"}},{"type":"Feature","geometry":{"type":"Polygon","coordinates":[[[-108.725658,36.827262],[-108.725661,36.827172],[-108.725885,36.827176],[-108.725887,36.827086],[-108.726448,36.827097],[-108.72645,36.827007],[-108.726338,36.827004],[-108.726341,36.826914],[-108.726229,36.826912],[-108.726234,36.826732],[-108.725562,36.826719],[-108.725559,36.826809],[-108.725335,36.826805],[-108.72533,36.826985],[-108.725554,36.826989],[-108.725546,36.82726],[-108.725658,36.827262]]]},"properties":{"src":"truth"}},{"type":"Feature","geometry":{"type":"Polygon","coordinates":[[[-108.726891,36.827285],[-108.726893,36.827195],[-108.727006,36.827197],[-108.727008,36.827107],[-108.726896,36.827105],[-108.726899,36.827015],[-108.726675,36.827011],[-108.72668,36.826831],[-108.726568,36.826829],[-108.726571,36.826738],[-108.726458,36.826736],[-108.726461,36.826646],[-108.726349,36.826644],[-108.726341,36.826914],[-108.726453,36.826916],[-108.72645,36.827007],[-108.726563,36.827009],[-108.72656,36.827099],[-108.726672,36.827101],[-108.726669,36.827191],[-108.726781,36.827193],[-108.726779,36.827283],[-108.726891,36.827285]]]},"properties":{"src":"truth"}},{"type":"Feature","geometry":{"type":"Polygon","coordinates":[[[-108.734958,36.827529],[-108.73496,36.827439],[-108.735072,36.827442],[-108.735075,36.827351],[-108.735187,36.827354],[-108.73519,36.827264],[-108.734965,36.827259],[-108.734973,36.826989],[-108.735086,36.826991],[-108.735091,36.826811],[-108.734979,36.826809],[-108.734976,36.826899],[-108.734864,36.826897],[-108.734856,36.827167],[-108.734744,36.827165],[-108.734741,36.827255],[-108.734853,36.827257],[-108.734845,36.827527],[-108.734958,36.827529]]]},"properties":{"src":"truth"}},{"type":"Feature","geometry":{"type":"Polygon","coordinates":[[[-108.72724,36.826841],[-108.727246,36.826661],[-108.727134,36.826659],[-108.727128,36.826839],[-108.72724,36.826841]]]},"properties":{"src":"truth"}},{"type":"Feature","geometry":{"type":"Polygon","coordinates":[[[-108.727134,36.826659],[-108.727136,36.826569],[-108.727024,36.826567],[-108.727022,36.826657],[-108.727134,36.826659]]]},"properties":{"src":"truth"}},{"type":"Feature","geometry":{"type":"Polygon","coordinates":[[[-108.726349,36.826644],[-108.726352,36.826554],[-108.72624,36.826552],[-108.726237,36.826642],[-108.726349,36.826644]]]},"properties":{"src":"truth"}},{"type":"Feature","geometry":{"type":"Polygon","coordinates":[[[-108.743398,36.826518],[-108.7434,36.826428],[-108.743288,36.826426],[-108.743286,36.826516],[-108.743398,36.826518]]]},"properties":{"src":"truth"}},{"type":"Feature","geometry":{"type":"Polygon","coordinates":[[[-108.72526,36.825542],[-108.725263,36.825452],[-108.725151,36.82545],[-108.725148,36.82554],[-108.72526,36.825542]]]},"properties":{"src":"truth"}},{"type":"Feature","geometry":{"type":"Polygon","coordinates":[[[-108.720217,36.825445],[-108.720225,36.825175],[-108.720001,36.825171],[-108.719998,36.825261],[-108.719886,36.825258],[-108.719884,36.825349],[-108.720108,36.825353],[-108.720105,36.825443],[-108.720217,36.825445]]]},"properties":{"src":"truth"}},{"type":"Feature","geometry":{"type":"Polygon","coordinates":[[[-108.724481,36.825347],[-108.724484,36.825256],[-108.724372,36.825254],[-108.724369,36.825344],[-108.724481,36.825347]]]},"properties":{"src":"truth"}},{"type":"Feature","geometry":{"type":"Polygon","coordinates":[[[-108.736033,36.825297],[-108.736035,36.825207],[-108.735811,36.825202],[-108.735808,36.825293],[-108.736033,36.825297]]]},"properties":{"src":"truth"}},{"type":"Feature","geometry":{"type":"Polygon","coordinates":[[[-108.725727,36.82492],[-108.72573,36.82483],[-108.725618,36.824828],[-108.725615,36.824918],[-108.725727,36.82492]]]},"properties":{"src":"truth"}},{"type":"Feature","geometry":{"type":"Polygon","coordinates":[[[-108.72719,36.824768],[-108.727192,36.824677],[-108.72708,36.824675],[-108.727078,36.824765],[-108.72719,36.824768]]]},"properties":{"src":"truth"}},{"type":"Feature","geometry":{"type":"Polygon","coordinates":[[[-108.725626,36.824557],[-108.725631,36.824377],[-108.725519,36.824375],[-108.725514,36.824555],[-108.725626,36.824557]]]},"properties":{"src":"truth"}},{"type":"Feature","geometry":{"type":"Polygon","coordinates":[[[-108.737031,36.825676],[-108.737033,36.825586],[-108.737145,36.825588],[-108.737148,36.825498],[-108.73726,36.8255],[-108.737265,36.82532],[-108.737377,36.825322],[-108.737383,36.825142],[-108.737607,36.825147],[-108.73761,36.825056],[-108.737834,36.825061],[-108.737831,36.825151],[-108.737943,36.825153],[-108.73794,36.825243],[-108.738053,36.825245],[-108.73805,36.825335],[-108.738946,36.825352],[-108.738949,36.825262],[-108.738837,36.82526],[-108.738845,36.82499],[-108.738509,36.824983],[-108.738511,36.824893],[-108.738399,36.824891],[-108.738397,36.824981],[-108.738285,36.824979],[-108.738287,36.824889],[-108.738063,36.824885],[-108.738066,36.824795],[-108.737954,36.824793],[-108.737956,36.824703],[-108.737844,36.8247],[-108.737847,36.82461],[-108.737735,36.824608],[-108.73774,36.824428],[-108.737628,36.824426],[-108.737631,36.824336],[-108.737407,36.824332],[-108.737409,36.824241],[-108.737185,36.824237],[-108.737182,36.824327],[-108.736622,36.824317],[-108.736619,36.824407],[-108.736171,36.824398],[-108.736169,36.824488],[-108.73572,36.82448],[-108.735715,36.82466],[-108.735603,36.824658],[-108.735587,36.825198],[-108.735699,36.8252],[-108.735702,36.82511],[-108.735814,36.825112],[-108.735816,36.825022],[-108.735928,36.825024],[-108.735926,36.825115],[-108.736038,36.825117],[-108.736035,36.825207],[-108.736371,36.825213],[-108.736369,36.825303],[-108.736481,36.825305],[-108.736476,36.825485],[-108.736588,36.825488],[-108.736585,36.825578],[-108.736697,36.82558],[-108.736694,36.82567],[-108.737031,36.825676]]]},"properties":{"src":"truth"}},{"type":"Feature","geometry":{"type":"Polygon","coordinates":[[[-108.737521,36.824244],[-108.737524,36.824154],[-108.737412,36.824151],[-108.737409,36.824241],[-108.737521,36.824244]]]},"properties":{"src":"truth"}},{"type":"Feature","geometry":{"type":"Polygon","coordinates":[[[-108.722952,36.823965],[-108.722955,36.823875],[-108.722843,36.823873],[-108.72284,36.823963],[-108.722952,36.823965]]]},"properties":{"src":"truth"}},{"type":"Feature","geometry":{"type":"Polygon","coordinates":[[[-108.724417,36.823723],[-108.72442,36.823633],[-108.724308,36.823631],[-108.72431,36.823541],[-108.724198,36.823539],[-108.724193,36.823719],[-108.724417,36.823723]]]},"properties":{"src":"truth"}},{"type":"Feature","geometry":{"type":"Polygon","coordinates":[[[-108.727448,36.823601],[-108.727451,36.823511],[-108.727563,36.823513],[-108.727566,36.823423],[-108.727678,36.823425],[-108.727675,36.823515],[-108.728011,36.823521],[-108.728017,36.823341],[-108.728129,36.823343],[-108.728131,36.823253],[-108.727683,36.823245],[-108.72768,36.823335],[-108.727232,36.823326],[-108.727235,36.823236],[-108.727123,36.823234],[-108.727117,36.823414],[-108.72723,36.823416],[-108.727224,36.823597],[-108.727448,36.823601]]]},"properties":{"src":"truth"}},{"type":"Feature","geometry":{"type":"Polygon","coordinates":[[[-108.745622,36.823316],[-108.745625,36.823226],[-108.745513,36.823224],[-108.74551,36.823314],[-108.745622,36.823316]]]},"properties":{"src":"truth"}},{"type":"Feature","geometry":{"type":"Polygon","coordinates":[[[-108.717832,36.822696],[-108.717835,36.822605],[-108.717722,36.822603],[-108.71772,36.822693],[-108.717832,36.822696]]]},"properties":{"src":"truth"}},{"type":"Feature","geometry":{"type":"Polygon","coordinates":[[[-108.716692,36.823305],[-108.716706,36.822854],[-108.716818,36.822856],[-108.716815,36.822946],[-108.717039,36.822951],[-108.717045,36.822771],[-108.716596,36.822762],[-108.716605,36.822492],[-108.716492,36.82249],[-108.716495,36.822399],[-108.716383,36.822397],[-108.716378,36.822577],[-108.71649,36.82258],[-108.716487,36.82267],[-108.716375,36.822668],[-108.716372,36.822758],[-108.716484,36.82276],[-108.716482,36.82285],[-108.71637,36.822848],[-108.716367,36.822938],[-108.716479,36.82294],[-108.716471,36.82321],[-108.716583,36.823212],[-108.71658,36.823302],[-108.716692,36.823305]]]},"properties":{"src":"truth"}},{"type":"Feature","geometry":{"type":"Polygon","coordinates":[[[-108.715489,36.82229],[-108.715492,36.8222],[-108.715604,36.822202],[-108.715607,36.822112],[-108.715719,36.822114],[-108.715721,36.822024],[-108.714713,36.822005],[-108.71471,36.822095],[-108.715046,36.822101],[-108.715044,36.822191],[-108.715268,36.822196],[-108.715265,36.822286],[-108.715489,36.82229]]]},"properties":{"src":"truth"}},{"type":"Feature","geometry":{"type":"Polygon","coordinates":[[[-108.718043,36.82315],[-108.718045,36.82306],[-108.719726,36.823092],[-108.719729,36.823002],[-108.718945,36.822987],[-108.718963,36.822357],[-108.719075,36.822359],[-108.719078,36.822269],[-108.718966,36.822267],[-108.718974,36.821996],[-108.718862,36.821994],[-108.718865,36.821904],[-108.718752,36.821902],[-108.718736,36.822443],[-108.718849,36.822445],[-108.718846,36.822535],[-108.718734,36.822533],[-108.718731,36.822623],[-108.718843,36.822625],[-108.71884,36.822715],[-108.718504,36.822708],[-108.718507,36.822618],[-108.718395,36.822616],[-108.71839,36.822796],[-108.718502,36.822799],[-108.718499,36.822889],[-108.718275,36.822884],[-108.718272,36.822974],[-108.717936,36.822968],[-108.717944,36.822698],[-108.717832,36.822696],[-108.717824,36.822966],[-108.717488,36.822959],[-108.717485,36.823049],[-108.717933,36.823058],[-108.717931,36.823148],[-108.718043,36.82315]]]},"properties":{"src":"truth"}},{"type":"Feature","geometry":{"type":"Polygon","coordinates":[[[-108.72838,36.822447],[-108.728382,36.822357],[-108.728943,36.822368],[-108.728948,36.822187],[-108.728836,36.822185],[-108.728844,36.821915],[-108.72862,36.821911],[-108.728614,36.822091],[-108.728726,36.822093],[-108.728724,36.822183],[-108.7285,36.822179],[-108.728497,36.822269],[-108.728161,36.822263],[-108.728158,36.822353],[-108.72827,36.822355],[-108.728267,36.822445],[-108.72838,36.822447]]]},"properties":{"src":"truth"}},{"type":"Feature","geometry":{"type":"Polygon","coordinates":[[[-108.735005,36.822123],[-108.735007,36.822033],[-108.734895,36.822031],[-108.734893,36.822121],[-108.735005,36.822123]]]},"properties":{"src":"truth"}},{"type":"Feature","geometry":{"type":"Polygon","coordinates":[[[-108.716621,36.821951],[-108.716637,36.821411],[-108.716413,36.821406],[-108.71641,36.821497],[-108.716522,36.821499],[-108.716509,36.821949],[-108.716621,36.821951]]]},"properties":{"src":"truth"}},{"type":"Feature","geometry":{"type":"Polygon","coordinates":[[[-108.712357,36.822049],[-108.712362,36.821869],[-108.712474,36.821871],[-108.712477,36.821781],[-108.712365,36.821779],[-108.71237,36.821599],[-108.712258,36.821597],[-108.712266,36.821327],[-108.712042,36.821322],[-108.712039,36.821412],[-108.711927,36.82141],[-108.711925,36.8215],[-108.712037,36.821503],[-108.712023,36.821953],[-108.712247,36.821957],[-108.712245,36.822047],[-108.712357,36.822049]]]},"properties":{"src":"truth"}},{"type":"Feature","geometry":{"type":"Polygon","coordinates":[[[-108.7163,36.821404],[-108.716303,36.821314],[-108.716639,36.821321],[-108.716642,36.821231],[-108.71653,36.821228],[-108.716533,36.821138],[-108.716308,36.821134],[-108.716306,36.821224],[-108.716194,36.821222],[-108.716196,36.821132],[-108.716084,36.82113],[-108.716079,36.82131],[-108.716191,36.821312],[-108.716188,36.821402],[-108.7163,36.821404]]]},"properties":{"src":"truth"}},{"type":"Feature","geometry":{"type":"Polygon","coordinates":[[[-108.727067,36.82134],[-108.727069,36.82125],[-108.726957,36.821248],[-108.726955,36.821338],[-108.727067,36.82134]]]},"properties":{"src":"truth"}},{"type":"Feature","geometry":{"type":"Polygon","coordinates":[[[-108.724471,36.821922],[-108.724476,36.821741],[-108.724588,36.821744],[-108.724591,36.821653],[-108.724815,36.821658],[-108.724817,36.821568],[-108.724705,36.821566],[-108.724719,36.821115],[-108.724495,36.821111],[-108.724492,36.821201],[-108.72438,36.821199],[-108.724382,36.821109],[-108.72427,36.821107],[-108.724268,36.821197],[-108.723371,36.821179],[-108.723369,36.82127],[-108.723929,36.82128],[-108.723916,36.821731],[-108.724028,36.821733],[-108.724025,36.821823],[-108.724137,36.821825],[-108.724134,36.821915],[-108.724471,36.821922]]]},"properties":{"src":"truth"}},{"type":"Feature","geometry":{"type":"Polygon","coordinates":[[[-108.726162,36.821593],[-108.726165,36.821503],[-108.726501,36.82151],[-108.726504,36.82142],[-108.726952,36.821428],[-108.726955,36.821338],[-108.726843,36.821336],[-108.726845,36.821246],[-108.726957,36.821248],[-108.72696,36.821158],[-108.726512,36.821149],[-108.726509,36.82124],[-108.726285,36.821235],[-108.726288,36.821145],[-108.725951,36.821139],[-108.725949,36.821229],[-108.725725,36.821225],[-108.725722,36.821315],[-108.726058,36.821321],[-108.726053,36.821501],[-108.725941,36.821499],[-108.725938,36.821589],[-108.726162,36.821593]],[[-108.726618,36.821332],[-108.726506,36.82133],[-108.726509,36.82124],[-108.726621,36.821242],[-108.726618,36.821332]]]},"properties":{"src":"truth"}},{"type":"Feature","geometry":{"type":"Polygon","coordinates":[[[-108.745787,36.821517],[-108.74579,36.821427],[-108.745678,36.821424],[-108.745675,36.821514],[-108.745787,36.821517]]]},"properties":{"src":"truth"}},{"type":"Feature","geometry":{"type":"Polygon","coordinates":[[[-108.723374,36.821089],[-108.723377,36.820999],[-108.723601,36.821004],[-108.723606,36.820823],[-108.72439,36.820838],[-108.724388,36.820929],[-108.7245,36.820931],[-108.724505,36.820751],[-108.723273,36.820727],[-108.723275,36.820637],[-108.723163,36.820635],[-108.723155,36.820905],[-108.723267,36.820907],[-108.723262,36.821087],[-108.723374,36.821089]]]},"properties":{"src":"truth"}},{"type":"Feature","geometry":{"type":"Polygon","coordinates":[[[-108.731565,36.820886],[-108.731568,36.820795],[-108.731456,36.820793],[-108.731453,36.820883],[-108.731565,36.820886]]]},"properties":{"src":"truth"}},{"type":"Feature","geometry":{"type":"Polygon","coordinates":[[[-108.723163,36.820635],[-108.723166,36.820545],[-108.723054,36.820543],[-108.723051,36.820633],[-108.723163,36.820635]]]},"properties":{"src":"truth"}},{"type":"Feature","geometry":{"type":"Polygon","coordinates":[[[-108.727123,36.823234],[-108.727125,36.823144],[-108.727238,36.823146],[-108.72724,36.823056],[-108.727352,36.823058],[-108.727355,36.822968],[-108.727131,36.822964],[-108.727133,36.822874],[-108.727021,36.822872],[-108.727027,36.822691],[-108.727139,36.822694],[-108.727141,36.822604],[-108.727366,36.822608],[-108.727368,36.822518],[-108.727256,36.822516],[-108.727259,36.822426],[-108.727147,36.822423],[-108.727152,36.822243],[-108.727376,36.822248],[-108.727379,36.822157],[-108.727603,36.822162],[-108.727587,36.822702],[-108.727475,36.8227],[-108.727464,36.82306],[-108.727688,36.823065],[-108.727707,36.822434],[-108.727819,36.822436],[-108.727809,36.822797],[-108.728033,36.822801],[-108.728043,36.822441],[-108.728155,36.822443],[-108.728158,36.822353],[-108.728046,36.82235],[-108.728054,36.82208],[-108.727942,36.822078],[-108.72795,36.821808],[-108.728174,36.821812],[-108.728179,36.821632],[-108.728291,36.821634],[-108.728294,36.821544],[-108.728406,36.821546],[-108.728409,36.821456],[-108.728521,36.821458],[-108.728524,36.821368],[-108.728636,36.82137],[-108.728638,36.82128],[-108.729983,36.821306],[-108.729978,36.821486],[-108.73009,36.821488],[-108.730074,36.822029],[-108.730186,36.822031],[-108.73021,36.82122],[-108.729986,36.821216],[-108.729988,36.821126],[-108.729876,36.821124],[-108.729874,36.821214],[-108.729762,36.821212],[-108.729764,36.821122],[-108.729316,36.821113],[-108.729313,36.821203],[-108.729201,36.821201],[-108.729204,36.821111],[-108.729092,36.821109],[-108.729089,36.821199],[-108.728641,36.82119],[-108.728644,36.8211],[-108.728532,36.821098],[-108.728537,36.820918],[-108.728649,36.82092],[-108.728652,36.82083],[-108.728764,36.820832],[-108.728766,36.820742],[-108.728654,36.82074],[-108.728662,36.82047],[-108.72855,36.820467],[-108.728548,36.820558],[-108.728435,36.820555],[-108.728433,36.820645],[-108.728321,36.820643],[-108.728318,36.820733],[-108.728206,36.820731],[-108.728203,36.820821],[-108.728427,36.820826],[-108.728425,36.820916],[-108.728313,36.820914],[-108.72831,36.821004],[-108.728198,36.821001],[-108.728195,36.821092],[-108.728083,36.821089],[-108.728081,36.821179],[-108.727184,36.821162],[-108.727181,36.821252],[-108.727742,36.821263],[-108.727739,36.821353],[-108.727963,36.821357],[-108.727961,36.821448],[-108.728073,36.82145],[-108.72807,36.82154],[-108.727958,36.821538],[-108.727955,36.821628],[-108.727619,36.821621],[-108.727608,36.821982],[-108.726936,36.821969],[-108.726933,36.822059],[-108.726821,36.822057],[-108.726824,36.821967],[-108.7266,36.821962],[-108.726605,36.821782],[-108.726493,36.82178],[-108.726496,36.82169],[-108.726384,36.821688],[-108.726365,36.822318],[-108.726477,36.82232],[-108.726474,36.822411],[-108.726362,36.822408],[-108.726344,36.823039],[-108.726904,36.82305],[-108.726901,36.82314],[-108.727013,36.823142],[-108.727011,36.823232],[-108.727123,36.823234]],[[-108.727152,36.822243],[-108.72704,36.822241],[-108.727043,36.822151],[-108.727155,36.822153],[-108.727152,36.822243]]]},"properties":{"src":"truth"}},{"type":"Feature","geometry":{"type":"Polygon","coordinates":[[[-108.72283,36.820538],[-108.722835,36.820358],[-108.722723,36.820356],[-108.722718,36.820536],[-108.72283,36.820538]]]},"properties":{"src":"truth"}},{"type":"Feature","geometry":{"type":"Polygon","coordinates":[[[-108.728435,36.820555],[-108.728438,36.820465],[-108.728214,36.820461],[-108.728211,36.820551],[-108.728435,36.820555]]]},"properties":{"src":"truth"}},{"type":"Feature","geometry":{"type":"Polygon","coordinates":[[[-108.722723,36.820356],[-108.722726,36.820266],[-108.722613,36.820264],[-108.722611,36.820354],[-108.722723,36.820356]]]},"properties":{"src":"truth"}},{"type":"Feature","geometry":{"type":"Polygon","coordinates":[[[-108.714411,36.820827],[-108.714438,36.819927],[-108.714326,36.819924],[-108.714321,36.820104],[-108.714209,36.820102],[-108.714198,36.820463],[-108.71431,36.820465],[-108.714299,36.820825],[-108.714411,36.820827]]]},"properties":{"src":"truth"}},{"type":"Feature","geometry":{"type":"Polygon","coordinates":[[[-108.731021,36.820334],[-108.731024,36.820244],[-108.730799,36.82024],[-108.730797,36.82033],[-108.731021,36.820334]]]},"properties":{"src":"truth"}},{"type":"Feature","geometry":{"type":"Polygon","coordinates":[[[-108.727883,36.820274],[-108.727888,36.820094],[-108.727776,36.820092],[-108.727771,36.820272],[-108.727883,36.820274]]]},"properties":{"src":"truth"}},{"type":"Feature","geometry":{"type":"Polygon","coordinates":[[[-108.743638,36.848874],[-108.74364,36.848784],[-108.743977,36.848791],[-108.743979,36.848701],[-108.744204,36.848705],[-108.744206,36.848615],[-108.744318,36.848617],[-108.744316,36.848707],[-108.744764,36.848716],[-108.744767,36.848625],[-108.744991,36.84863],[-108.744994,36.84854],[-108.74533,36.848546],[-108.745333,36.848456],[-108.745557,36.84846],[-108.745562,36.84828],[-108.745338,36.848276],[-108.745335,36.848366],[-108.744887,36.848357],[-108.744889,36.848267],[-108.745002,36.848269],[-108.745004,36.848179],[-108.745228,36.848184],[-108.745231,36.848094],[-108.745343,36.848096],[-108.745341,36.848186],[-108.745901,36.848196],[-108.745904,36.848106],[-108.74624,36.848113],[-108.746253,36.847662],[-108.746477,36.847667],[-108.74648,36.847576],[-108.746368,36.847574],[-108.746371,36.847484],[-108.746259,36.847482],[-108.746264,36.847302],[-108.746152,36.8473],[-108.746157,36.84712],[-108.745821,36.847113],[-108.745826,36.846933],[-108.745714,36.846931],[-108.745717,36.846841],[-108.745604,36.846839],[-108.745607,36.846749],[-108.745831,36.846753],[-108.745834,36.846663],[-108.745722,36.846661],[-108.745724,36.846571],[-108.745612,36.846569],[-108.745634,36.845848],[-108.745521,36.845846],[-108.745527,36.845666],[-108.745639,36.845668],[-108.745636,36.845758],[-108.745748,36.84576],[-108.745759,36.8454],[-108.745871,36.845402],[-108.745879,36.845132],[-108.745991,36.845134],[-108.745999,36.844864],[-108.746111,36.844866],[-108.746122,36.844505],[-108.746234,36.844507],[-108.746236,36.844417],[-108.746124,36.844415],[-108.74613,36.844235],[-108.746017,36.844233],[-108.746028,36.843873],[-108.745916,36.843871],[-108.745919,36.84378],[-108.745806,36.843778],[-108.745812,36.843598],[-108.7457,36.843596],[-108.745702,36.843506],[-108.74559,36.843504],[-108.745598,36.843234],[-108.745486,36.843232],[-108.745489,36.843141],[-108.745377,36.843139],[-108.745385,36.842869],[-108.745272,36.842867],[-108.745278,36.842687],[-108.745166,36.842685],[-108.745174,36.842414],[-108.745061,36.842412],[-108.745064,36.842322],[-108.744952,36.84232],[-108.744963,36.84196],[-108.744851,36.841958],[-108.744858,36.841687],[-108.744746,36.841685],[-108.744768,36.840965],[-108.74488,36.840967],[-108.744893,36.840516],[-108.744669,36.840512],[-108.744674,36.840332],[-108.744562,36.84033],[-108.744567,36.84015],[-108.744455,36.840148],[-108.744458,36.840058],[-108.744346,36.840055],[-108.744348,36.839965],[-108.744236,36.839963],[-108.744244,36.839693],[-108.744132,36.839691],[-108.744137,36.839511],[-108.744025,36.839509],[-108.744036,36.839148],[-108.743924,36.839146],[-108.743926,36.839056],[-108.743702,36.839052],[-108.743707,36.838872],[-108.743932,36.838876],[-108.74394,36.838606],[-108.744052,36.838608],[-108.744062,36.838248],[-108.744174,36.83825],[-108.744182,36.837979],[-108.744294,36.837982],[-108.7443,36.837801],[-108.744188,36.837799],[-108.744193,36.837619],[-108.743969,36.837615],[-108.743971,36.837525],[-108.74442,36.837533],[-108.744417,36.837623],[-108.744529,36.837626],[-108.744532,36.837535],[-108.744644,36.837538],[-108.744647,36.837447],[-108.744534,36.837445],[-108.744537,36.837355],[-108.744649,36.837357],[-108.744652,36.837267],[-108.74454,36.837265],[-108.744545,36.837085],[-108.744769,36.837089],[-108.744775,36.836909],[-108.74455,36.836905],[-108.744553,36.836815],[-108.744777,36.836819],[-108.74478,36.836729],[-108.744892,36.836731],[-108.744889,36.836821],[-108.745001,36.836823],[-108.745004,36.836733],[-108.745116,36.836735],[-108.745119,36.836645],[-108.745231,36.836647],[-108.745233,36.836557],[-108.745458,36.836562],[-108.74546,36.836472],[-108.745572,36.836474],[-108.745575,36.836384],[-108.745687,36.836386],[-108.74569,36.836296],[-108.745914,36.8363],[-108.745917,36.83621],[-108.746029,36.836212],[-108.746034,36.836032],[-108.746146,36.836034],[-108.746149,36.835944],[-108.746261,36.835946],[-108.746271,36.835586],[-108.746383,36.835588],[-108.746389,36.835408],[-108.746501,36.83541],[-108.746503,36.83532],[-108.746616,36.835322],[-108.746618,36.835232],[-108.746506,36.83523],[-108.746509,36.83514],[-108.746621,36.835142],[-108.746623,36.835052],[-108.746736,36.835054],[-108.746749,36.834603],[-108.746861,36.834605],[-108.746869,36.834335],[-108.746757,36.834333],[-108.74677,36.833883],[-108.746658,36.833881],[-108.74666,36.83379],[-108.746773,36.833793],[-108.746786,36.833342],[-108.746674,36.83334],[-108.746682,36.83307],[-108.74657,36.833068],[-108.746575,36.832888],[-108.746463,36.832885],[-108.746468,36.832705],[-108.746356,36.832703],[-108.746359,36.832613],[-108.746247,36.832611],[-108.746249,36.832521],[-108.746025,36.832517],[-108.746028,36.832427],[-108.745803,36.832422],[-108.745806,36.832332],[-108.745694,36.83233],[-108.745697,36.83224],[-108.745472,36.832236],[-108.745475,36.832146],[-108.745811,36.832152],[-108.745809,36.832242],[-108.746033,36.832246],[-108.74603,36.832336],[-108.746367,36.832343],[-108.746364,36.832433],[-108.746588,36.832437],[-108.74658,36.832707],[-108.746804,36.832712],[-108.746807,36.832622],[-108.746695,36.832619],[-108.746703,36.832349],[-108.746815,36.832351],[-108.746817,36.832261],[-108.746705,36.832259],[-108.746716,36.831899],[-108.746604,36.831897],[-108.746609,36.831717],[-108.746721,36.831719],[-108.746724,36.831629],[-108.746612,36.831627],[-108.746625,36.831176],[-108.746513,36.831174],[-108.746526,36.830724],[-108.746414,36.830721],[-108.746422,36.830451],[-108.74631,36.830449],[-108.746313,36.830359],[-108.746201,36.830357],[-108.746203,36.830267],[-108.746091,36.830265],[-108.746088,36.830355],[-108.745864,36.830351],[-108.745867,36.83026],[-108.745979,36.830263],[-108.745982,36.830173],[-108.745757,36.830168],[-108.74576,36.830078],[-108.745648,36.830076],[-108.745651,36.829986],[-108.745539,36.829984],[-108.745541,36.829894],[-108.745429,36.829892],[-108.745432,36.829802],[-108.745096,36.829795],[-108.745098,36.829705],[-108.744986,36.829703],[-108.744989,36.829613],[-108.744877,36.829611],[-108.744879,36.829521],[-108.744767,36.829519],[-108.74477,36.829429],[-108.744658,36.829426],[-108.74466,36.829336],[-108.744548,36.829334],[-108.744551,36.829244],[-108.744439,36.829242],[-108.744444,36.829062],[-108.744332,36.82906],[-108.744337,36.82888],[-108.744225,36.828877],[-108.744228,36.828787],[-108.744116,36.828785],[-108.744121,36.828605],[-108.744009,36.828603],[-108.744012,36.828513],[-108.743564,36.828504],[-108.743561,36.828594],[-108.743673,36.828597],[-108.74367,36.828687],[-108.743782,36.828689],[-108.74378,36.828779],[-108.743668,36.828777],[-108.743665,36.828867],[-108.743441,36.828863],[-108.743444,36.828772],[-108.743556,36.828775],[-108.743558,36.828684],[-108.743446,36.828682],[-108.743449,36.828592],[-108.743337,36.82859],[-108.743339,36.8285],[-108.743227,36.828498],[-108.74323,36.828408],[-108.743118,36.828406],[-108.743121,36.828316],[-108.743008,36.828314],[-108.743011,36.828223],[-108.742899,36.828221],[-108.742902,36.828131],[-108.74279,36.828129],[-108.742792,36.828039],[-108.74268,36.828037],[-108.742683,36.827947],[-108.742571,36.827945],[-108.742573,36.827855],[-108.742461,36.827853],[-108.742467,36.827672],[-108.742355,36.82767],[-108.74236,36.82749],[-108.742248,36.827488],[-108.742245,36.827578],[-108.742133,36.827576],[-108.742136,36.827486],[-108.741911,36.827482],[-108.741914,36.827391],[-108.741802,36.827389],[-108.741805,36.827299],[-108.741693,36.827297],[-108.741695,36.827207],[-108.741583,36.827205],[-108.741586,36.827115],[-108.741474,36.827113],[-108.741476,36.827023],[-108.741364,36.827021],[-108.741367,36.82693],[-108.741255,36.826928],[-108.741258,36.826838],[-108.741146,36.826836],[-108.741148,36.826746],[-108.741036,36.826744],[-108.741039,36.826654],[-108.740815,36.82665],[-108.740812,36.82674],[-108.7407,36.826738],[-108.740703,36.826647],[-108.740478,36.826643],[-108.740481,36.826553],[-108.740257,36.826549],[-108.74026,36.826459],[-108.740147,36.826457],[-108.740145,36.826547],[-108.740033,36.826545],[-108.740035,36.826455],[-108.739923,36.826452],[-108.739929,36.826272],[-108.739817,36.82627],[-108.739819,36.82618],[-108.739707,36.826178],[-108.73971,36.826088],[-108.739598,36.826086],[-108.7396,36.825996],[-108.739488,36.825993],[-108.739491,36.825903],[-108.739379,36.825901],[-108.739381,36.825811],[-108.739269,36.825809],[-108.739275,36.825629],[-108.738714,36.825618],[-108.738717,36.825528],[-108.738157,36.825517],[-108.738154,36.825608],[-108.738042,36.825605],[-108.738047,36.825425],[-108.737823,36.825421],[-108.737826,36.825331],[-108.73749,36.825325],[-108.737487,36.825415],[-108.737375,36.825412],[-108.737372,36.825503],[-108.73726,36.8255],[-108.737255,36.825681],[-108.737143,36.825678],[-108.73714,36.825769],[-108.73658,36.825758],[-108.736582,36.825668],[-108.73647,36.825666],[-108.736473,36.825576],[-108.736361,36.825573],[-108.736369,36.825303],[-108.736145,36.825299],[-108.736142,36.825389],[-108.73603,36.825387],[-108.736027,36.825477],[-108.735803,36.825473],[-108.735808,36.825293],[-108.735696,36.82529],[-108.735694,36.82538],[-108.73547,36.825376],[-108.735467,36.825466],[-108.735355,36.825464],[-108.735352,36.825554],[-108.73524,36.825552],[-108.735237,36.825642],[-108.735125,36.82564],[-108.735123,36.82573],[-108.734786,36.825724],[-108.734781,36.825904],[-108.734669,36.825902],[-108.734666,36.825992],[-108.734554,36.82599],[-108.734549,36.82617],[-108.734325,36.826166],[-108.734322,36.826256],[-108.73421,36.826253],[-108.734208,36.826344],[-108.734095,36.826341],[-108.73409,36.826522],[-108.733866,36.826517],[-108.733863,36.826607],[-108.733639,36.826603],[-108.733637,36.826693],[-108.733524,36.826691],[-108.733522,36.826781],[-108.733074,36.826773],[-108.733076,36.826682],[-108.732964,36.82668],[-108.732961,36.82677],[-108.732849,36.826768],[-108.732847,36.826858],[-108.732735,36.826856],[-108.732732,36.826946],[-108.73262,36.826944],[-108.732615,36.827124],[-108.732502,36.827122],[-108.7325,36.827212],[-108.732388,36.82721],[-108.732377,36.82757],[-108.732041,36.827564],[-108.732038,36.827654],[-108.731814,36.82765],[-108.731811,36.82774],[-108.731587,36.827736],[-108.731585,36.827826],[-108.73136,36.827821],[-108.731352,36.828092],[-108.731913,36.828102],[-108.731916,36.828012],[-108.732028,36.828014],[-108.73203,36.827924],[-108.732254,36.827929],[-108.732257,36.827838],[-108.732369,36.827841],[-108.732372,36.827751],[-108.732484,36.827753],[-108.732487,36.827663],[-108.732823,36.827669],[-108.73282,36.827759],[-108.733044,36.827763],[-108.733039,36.827944],[-108.732591,36.827935],[-108.732588,36.828025],[-108.732476,36.828023],[-108.732473,36.828113],[-108.732249,36.828109],[-108.732246,36.828199],[-108.732134,36.828197],[-108.732132,36.828287],[-108.73202,36.828285],[-108.732017,36.828375],[-108.731905,36.828373],[-108.731902,36.828463],[-108.73179,36.82846],[-108.731787,36.828551],[-108.731227,36.82854],[-108.73123,36.82845],[-108.731006,36.828445],[-108.731008,36.828355],[-108.730672,36.828349],[-108.73068,36.828079],[-108.730568,36.828077],[-108.730571,36.827987],[-108.730346,36.827982],[-108.730349,36.827892],[-108.730237,36.82789],[-108.73024,36.8278],[-108.730128,36.827798],[-108.73013,36.827708],[-108.730018,36.827706],[-108.730021,36.827616],[-108.729909,36.827613],[-108.729917,36.827343],[-108.729805,36.827341],[-108.729807,36.827251],[-108.729359,36.827242],[-108.729362,36.827152],[-108.729026,36.827146],[-108.729028,36.827056],[-108.728692,36.827049],[-108.728695,36.826959],[-108.72847,36.826955],[-108.728473,36.826865],[-108.728361,36.826863],[-108.728364,36.826773],[-108.72814,36.826768],[-108.728145,36.826588],[-108.728033,36.826586],[-108.728036,36.826496],[-108.727923,36.826494],[-108.727929,36.826314],[-108.727817,36.826312],[-108.727819,36.826222],[-108.727707,36.826219],[-108.72771,36.826129],[-108.727598,36.826127],[-108.727601,36.826037],[-108.727488,36.826035],[-108.727491,36.825945],[-108.727379,36.825943],[-108.727382,36.825853],[-108.72727,36.825851],[-108.727272,36.82576],[-108.72716,36.825758],[-108.727166,36.825578],[-108.727054,36.825576],[-108.727064,36.825216],[-108.727176,36.825218],[-108.727182,36.825038],[-108.72707,36.825036],[-108.727075,36.824855],[-108.726963,36.824853],[-108.726957,36.825033],[-108.726845,36.825031],[-108.72684,36.825211],[-108.726728,36.825209],[-108.726725,36.825299],[-108.726501,36.825295],[-108.726498,36.825385],[-108.726386,36.825383],[-108.726389,36.825293],[-108.726277,36.825291],[-108.726285,36.825021],[-108.726397,36.825023],[-108.7264,36.824933],[-108.725727,36.82492],[-108.725722,36.8251],[-108.72561,36.825098],[-108.725613,36.825008],[-108.725388,36.825003],[-108.725391,36.824913],[-108.725279,36.824911],[-108.725282,36.824821],[-108.72517,36.824819],[-108.725172,36.824729],[-108.72506,36.824727],[-108.725066,36.824547],[-108.724954,36.824544],[-108.724956,36.824454],[-108.724844,36.824452],[-108.724849,36.824272],[-108.724737,36.82427],[-108.724743,36.82409],[-108.724631,36.824088],[-108.724633,36.823998],[-108.724521,36.823995],[-108.724527,36.823815],[-108.724302,36.823811],[-108.7243,36.823901],[-108.724188,36.823899],[-108.72419,36.823809],[-108.724078,36.823807],[-108.724084,36.823627],[-108.723972,36.823624],[-108.723977,36.823444],[-108.723865,36.823442],[-108.723868,36.823352],[-108.723755,36.82335],[-108.723753,36.82344],[-108.723417,36.823434],[-108.723411,36.823614],[-108.723523,36.823616],[-108.723518,36.823796],[-108.723406,36.823794],[-108.723403,36.823884],[-108.723067,36.823877],[-108.723062,36.824058],[-108.723174,36.82406],[-108.723176,36.82397],[-108.723288,36.823972],[-108.723283,36.824152],[-108.723507,36.824156],[-108.723505,36.824246],[-108.723617,36.824248],[-108.723601,36.824789],[-108.723713,36.824791],[-108.723699,36.825241],[-108.723811,36.825244],[-108.723798,36.825694],[-108.72391,36.825696],[-108.723908,36.825786],[-108.724132,36.825791],[-108.724126,36.825971],[-108.724238,36.825973],[-108.724233,36.826153],[-108.724121,36.826151],[-108.724118,36.826241],[-108.723894,36.826237],[-108.723886,36.826507],[-108.723662,36.826503],[-108.723659,36.826593],[-108.723996,36.826599],[-108.723998,36.826509],[-108.724222,36.826513],[-108.724217,36.826693],[-108.723881,36.826687],[-108.723878,36.826777],[-108.723766,36.826775],[-108.723769,36.826685],[-108.723545,36.826681],[-108.723539,36.826861],[-108.723427,36.826859],[-108.72343,36.826768],[-108.723318,36.826766],[-108.72332,36.826676],[-108.723096,36.826672],[-108.723099,36.826582],[-108.722987,36.82658],[-108.722992,36.8264],[-108.72288,36.826397],[-108.722883,36.826307],[-108.722771,36.826305],[-108.722773,36.826215],[-108.722661,36.826213],[-108.722667,36.826033],[-108.722555,36.826031],[-108.72256,36.825851],[-108.722448,36.825848],[-108.722451,36.825758],[-108.722338,36.825756],[-108.722347,36.825486],[-108.722234,36.825484],[-108.722232,36.825574],[-108.722008,36.82557],[-108.72201,36.825479],[-108.721898,36.825477],[-108.721901,36.825387],[-108.721677,36.825383],[-108.721679,36.825293],[-108.721567,36.825291],[-108.721578,36.82493],[-108.72169,36.824933],[-108.721698,36.824662],[-108.72181,36.824665],[-108.721813,36.824574],[-108.721925,36.824577],[-108.721928,36.824487],[-108.722152,36.824491],[-108.722157,36.824311],[-108.722269,36.824313],[-108.722272,36.824223],[-108.722384,36.824225],[-108.722389,36.824045],[-108.722501,36.824047],[-108.722499,36.824137],[-108.722611,36.824139],[-108.722613,36.824049],[-108.722838,36.824053],[-108.72284,36.823963],[-108.722728,36.823961],[-108.722733,36.823781],[-108.722958,36.823785],[-108.722966,36.823515],[-108.72319,36.823519],[-108.723192,36.823429],[-108.722744,36.823421],[-108.722741,36.823511],[-108.722181,36.8235],[-108.722178,36.82359],[-108.721618,36.823579],[-108.721615,36.823669],[-108.721055,36.823659],[-108.721052,36.823749],[-108.720604,36.82374],[-108.720601,36.82383],[-108.720377,36.823826],[-108.720375,36.823916],[-108.720151,36.823912],[-108.720148,36.824002],[-108.720036,36.824],[-108.720028,36.82427],[-108.719916,36.824268],[-108.719913,36.824358],[-108.719801,36.824356],[-108.719788,36.824806],[-108.719676,36.824804],[-108.719681,36.824624],[-108.719569,36.824622],[-108.719571,36.824531],[-108.719684,36.824534],[-108.719686,36.824444],[-108.719462,36.824439],[-108.719459,36.824529],[-108.719011,36.824521],[-108.719008,36.824611],[-108.718896,36.824609],[-108.718894,36.824699],[-108.71867,36.824694],[-108.718667,36.824784],[-108.718443,36.82478],[-108.71844,36.82487],[-108.718216,36.824866],[-108.718213,36.824956],[-108.717877,36.82495],[-108.717874,36.82504],[-108.71765,36.825035],[-108.717648,36.825125],[-108.717423,36.825121],[-108.717426,36.825031],[-108.717202,36.825027],[-108.717205,36.824937],[-108.71698,36.824932],[-108.716986,36.824752],[-108.716874,36.82475],[-108.716876,36.82466],[-108.716764,36.824658],[-108.716767,36.824568],[-108.716655,36.824566],[-108.71666,36.824385],[-108.716548,36.824383],[-108.716554,36.824203],[-108.716442,36.824201],[-108.716447,36.824021],[-108.716335,36.824019],[-108.716343,36.823748],[-108.716231,36.823746],[-108.716239,36.823476],[-108.716127,36.823474],[-108.716124,36.823564],[-108.716012,36.823562],[-108.716015,36.823472],[-108.715903,36.82347],[-108.715908,36.823289],[-108.715796,36.823287],[-108.715793,36.823377],[-108.715681,36.823375],[-108.715684,36.823285],[-108.71546,36.823281],[-108.715462,36.823191],[-108.715126,36.823184],[-108.715129,36.823094],[-108.714681,36.823086],[-108.714683,36.822996],[-108.714347,36.822989],[-108.714352,36.822809],[-108.714128,36.822805],[-108.714126,36.822895],[-108.714014,36.822893],[-108.714016,36.822802],[-108.713792,36.822798],[-108.713789,36.822888],[-108.713677,36.822886],[-108.713683,36.822706],[-108.713459,36.822702],[-108.713456,36.822792],[-108.713344,36.82279],[-108.713347,36.822699],[-108.713234,36.822697],[-108.713232,36.822787],[-108.71312,36.822785],[-108.713122,36.822695],[-108.712562,36.822684],[-108.712565,36.822594],[-108.712229,36.822588],[-108.712231,36.822498],[-108.712007,36.822493],[-108.71201,36.822403],[-108.711786,36.822399],[-108.711788,36.822309],[-108.711564,36.822305],[-108.711567,36.822215],[-108.710782,36.822199],[-108.710785,36.822109],[-108.710113,36.822096],[-108.710115,36.822006],[-108.710003,36.822004],[-108.710011,36.821734],[-108.709563,36.821725],[-108.70956,36.821815],[-108.708776,36.8218],[-108.708779,36.82171],[-108.708555,36.821706],[-108.708557,36.821616],[-108.708333,36.821611],[-108.708336,36.821521],[-108.708224,36.821519],[-108.708226,36.821429],[-108.708002,36.821425],[-108.708005,36.821335],[-108.707893,36.821333],[-108.707896,36.821243],[-108.707784,36.82124],[-108.707786,36.82115],[-108.707674,36.821148],[-108.707677,36.821058],[-108.707565,36.821056],[-108.70757,36.820876],[-108.707458,36.820874],[-108.707466,36.820603],[-108.707242,36.820599],[-108.707245,36.820509],[-108.705228,36.82047],[-108.705225,36.82056],[-108.704777,36.820551],[-108.704774,36.820642],[-108.704662,36.820639],[-108.704659,36.820729],[-108.704435,36.820725],[-108.704432,36.820815],[-108.70432,36.820813],[-108.704318,36.820903],[-108.704206,36.820901],[-108.704203,36.820991],[-108.704091,36.820989],[-108.704085,36.821169],[-108.703973,36.821167],[-108.703965,36.821437],[-108.704077,36.821439],[-108.704075,36.821529],[-108.703963,36.821527],[-108.703952,36.821887],[-108.70384,36.821885],[-108.703842,36.821795],[-108.703618,36.821791],[-108.703621,36.821701],[-108.703397,36.821696],[-108.7034,36.821606],[-108.703175,36.821602],[-108.703178,36.821512],[-108.703066,36.82151],[-108.703069,36.82142],[-108.702845,36.821415],[-108.702847,36.821325],[-108.703184,36.821332],[-108.703181,36.821422],[-108.703293,36.821424],[-108.703298,36.821244],[-108.703074,36.82124],[-108.703077,36.821149],[-108.702965,36.821147],[-108.70297,36.820967],[-108.703082,36.820969],[-108.703085,36.820879],[-108.703197,36.820881],[-108.7032,36.820791],[-108.703312,36.820794],[-108.703314,36.820703],[-108.703427,36.820706],[-108.703429,36.820616],[-108.703541,36.820618],[-108.703544,36.820528],[-108.703656,36.82053],[-108.703659,36.82044],[-108.703771,36.820442],[-108.703773,36.820352],[-108.703886,36.820354],[-108.703888,36.820264],[-108.704,36.820266],[-108.704003,36.820176],[-108.704227,36.82018],[-108.70423,36.82009],[-108.704342,36.820092],[-108.704339,36.820182],[-108.704451,36.820185],[-108.704454,36.820095],[-108.704566,36.820097],[-108.704569,36.820007],[-108.704793,36.820011],[-108.704796,36.819921],[-108.704908,36.819923],[-108.70491,36.819833],[-108.705022,36.819835],[-108.705028,36.819655],[-108.704804,36.819651],[-108.704801,36.819741],[-108.704577,36.819736],[-108.704574,36.819827],[-108.70435,36.819822],[-108.704347,36.819912],[-108.704123,36.819908],[-108.70412,36.819998],[-108.703896,36.819994],[-108.703891,36.820174],[-108.703779,36.820172],[-108.703776,36.820262],[-108.703552,36.820257],[-108.703549,36.820347],[-108.703437,36.820345],[-108.703432,36.820525],[-108.703208,36.820521],[-108.703205,36.820611],[-108.702981,36.820607],[-108.702976,36.820787],[-108.702864,36.820785],[-108.702866,36.820695],[-108.702642,36.82069],[-108.702639,36.820781],[-108.702751,36.820783],[-108.702749,36.820873],[-108.702301,36.820864],[-108.702298,36.820954],[-108.702074,36.82095],[-108.702076,36.82086],[-108.701964,36.820858],[-108.70197,36.820677],[-108.701858,36.820675],[-108.701863,36.820495],[-108.701751,36.820493],[-108.701748,36.820583],[-108.7013,36.820574],[-108.701297,36.820664],[-108.701073,36.82066],[-108.701062,36.82102],[-108.701174,36.821023],[-108.701169,36.821203],[-108.701281,36.821205],[-108.701268,36.821655],[-108.701156,36.821653],[-108.701153,36.821743],[-108.700929,36.821739],[-108.700926,36.821829],[-108.700702,36.821825],[-108.700697,36.822005],[-108.700585,36.822003],[-108.700582,36.822093],[-108.70047,36.82209],[-108.700467,36.822181],[-108.700355,36.822178],[-108.70035,36.822359],[-108.700238,36.822356],[-108.700246,36.822086],[-108.700134,36.822084],[-108.700131,36.822174],[-108.699907,36.82217],[-108.699901,36.82235],[-108.700013,36.822352],[-108.700011,36.822442],[-108.699787,36.822438],[-108.699789,36.822348],[-108.699677,36.822346],[-108.699675,36.822436],[-108.699562,36.822433],[-108.69956,36.822523],[-108.699336,36.822519],[-108.699333,36.822609],[-108.698773,36.822598],[-108.698775,36.822508],[-108.698663,36.822506],[-108.698666,36.822416],[-108.698218,36.822407],[-108.698212,36.822588],[-108.698436,36.822592],[-108.698439,36.822502],[-108.698551,36.822504],[-108.698546,36.822684],[-108.698434,36.822682],[-108.698428,36.822862],[-108.698316,36.82286],[-108.698314,36.82295],[-108.698201,36.822948],[-108.698193,36.823218],[-108.697969,36.823214],[-108.697967,36.823304],[-108.697742,36.823299],[-108.697737,36.82348],[-108.697625,36.823477],[-108.69762,36.823658],[-108.697395,36.823653],[-108.697393,36.823743],[-108.697057,36.823737],[-108.697054,36.823827],[-108.696381,36.823814],[-108.696376,36.823994],[-108.696152,36.82399],[-108.696149,36.82408],[-108.696373,36.824084],[-108.696371,36.824174],[-108.696931,36.824185],[-108.696928,36.824275],[-108.69704,36.824277],[-108.697043,36.824187],[-108.697491,36.824196],[-108.697494,36.824106],[-108.697606,36.824108],[-108.697609,36.824018],[-108.697833,36.824022],[-108.697836,36.823932],[-108.697948,36.823934],[-108.69795,36.823844],[-108.698062,36.823846],[-108.698065,36.823756],[-108.698289,36.823761],[-108.698292,36.823671],[-108.698516,36.823675],[-108.698521,36.823495],[-108.698634,36.823497],[-108.698639,36.823317],[-108.698751,36.823319],[-108.698754,36.823229],[-108.698978,36.823233],[-108.698981,36.823143],[-108.700101,36.823165],[-108.700099,36.823255],[-108.700883,36.82327],[-108.700891,36.823],[-108.701003,36.823002],[-108.701,36.823092],[-108.701225,36.823096],[-108.701227,36.823006],[-108.701339,36.823009],[-108.701342,36.822918],[-108.701678,36.822925],[-108.701681,36.822835],[-108.702017,36.822841],[-108.70202,36.822751],[-108.702244,36.822756],[-108.702247,36.822666],[-108.702359,36.822668],[-108.702356,36.822758],[-108.70258,36.822762],[-108.702583,36.822672],[-108.703031,36.822681],[-108.703028,36.822771],[-108.703253,36.822775],[-108.70325,36.822865],[-108.703586,36.822872],[-108.703581,36.823052],[-108.703357,36.823048],[-108.703354,36.823138],[-108.702906,36.823129],[-108.702908,36.823039],[-108.702796,36.823037],[-108.702791,36.823217],[-108.702679,36.823215],[-108.702676,36.823305],[-108.7029,36.823309],[-108.702897,36.823399],[-108.703122,36.823404],[-108.703124,36.823313],[-108.703685,36.823324],[-108.703687,36.823234],[-108.704248,36.823245],[-108.70425,36.823155],[-108.706155,36.823192],[-108.706153,36.823282],[-108.706377,36.823286],[-108.706374,36.823376],[-108.706486,36.823378],[-108.706484,36.823468],[-108.706708,36.823473],[-108.706705,36.823563],[-108.706817,36.823565],[-108.706814,36.823655],[-108.706927,36.823657],[-108.706924,36.823747],[-108.707036,36.823749],[-108.707033,36.82384],[-108.708042,36.823859],[-108.708039,36.823949],[-108.708375,36.823956],[-108.708373,36.824046],[-108.710166,36.82408],[-108.710163,36.82417],[-108.710275,36.824172],[-108.710278,36.824082],[-108.711959,36.824115],[-108.711962,36.824025],[-108.71241,36.824033],[-108.712412,36.823943],[-108.712749,36.82395],[-108.712751,36.82386],[-108.712975,36.823864],[-108.712981,36.823684],[-108.713093,36.823686],[-108.713088,36.823866],[-108.7132,36.823868],[-108.713202,36.823778],[-108.713539,36.823785],[-108.713536,36.823875],[-108.713984,36.823883],[-108.713981,36.823973],[-108.714093,36.823976],[-108.714096,36.823885],[-108.714208,36.823888],[-108.714206,36.823978],[-108.714542,36.823984],[-108.714539,36.824074],[-108.714763,36.824079],[-108.714761,36.824169],[-108.714873,36.824171],[-108.71487,36.824261],[-108.714982,36.824263],[-108.714979,36.824353],[-108.715091,36.824355],[-108.715089,36.824445],[-108.715201,36.824447],[-108.715195,36.824628],[-108.715307,36.82463],[-108.715305,36.82472],[-108.715417,36.824722],[-108.715414,36.824812],[-108.715302,36.82481],[-108.715294,36.82508],[-108.715406,36.825082],[-108.715398,36.825353],[-108.715174,36.825348],[-108.715171,36.825438],[-108.715059,36.825436],[-108.715054,36.825616],[-108.715166,36.825618],[-108.715161,36.825799],[-108.714824,36.825792],[-108.7148,36.826603],[-108.714912,36.826605],[-108.714907,36.826785],[-108.715019,36.826787],[-108.715014,36.826967],[-108.715126,36.82697],[-108.71512,36.82715],[-108.715232,36.827152],[-108.71523,36.827242],[-108.715342,36.827244],[-108.715339,36.827334],[-108.715451,36.827336],[-108.715449,36.827426],[-108.715561,36.827429],[-108.715558,36.827519],[-108.71567,36.827521],[-108.715667,36.827611],[-108.716004,36.827617],[-108.716001,36.827707],[-108.716337,36.827714],[-108.716334,36.827804],[-108.716671,36.82781],[-108.716668,36.827901],[-108.717004,36.827907],[-108.717002,36.827997],[-108.717674,36.82801],[-108.717677,36.82792],[-108.718237,36.827931],[-108.71824,36.827841],[-108.719024,36.827856],[-108.719027,36.827766],[-108.719139,36.827768],[-108.719142,36.827678],[-108.719254,36.82768],[-108.719256,36.82759],[-108.719144,36.827588],[-108.719147,36.827497],[-108.719035,36.827495],[-108.71904,36.827315],[-108.719152,36.827317],[-108.719155,36.827227],[-108.719267,36.827229],[-108.71927,36.827139],[-108.719382,36.827141],[-108.719385,36.827051],[-108.719497,36.827054],[-108.719499,36.826963],[-108.719611,36.826966],[-108.719614,36.826876],[-108.719838,36.82688],[-108.719844,36.8267],[-108.72018,36.826706],[-108.720185,36.826526],[-108.720297,36.826528],[-108.7203,36.826438],[-108.720524,36.826442],[-108.720527,36.826352],[-108.720639,36.826354],[-108.720641,36.826264],[-108.72109,36.826273],[-108.721087,36.826363],[-108.721423,36.826369],[-108.721426,36.826279],[-108.721538,36.826282],[-108.721535,36.826372],[-108.721647,36.826374],[-108.721639,36.826644],[-108.721751,36.826646],[-108.721749,36.826736],[-108.722085,36.826743],[-108.72208,36.826923],[-108.722192,36.826925],[-108.722189,36.827015],[-108.722413,36.827019],[-108.722411,36.827109],[-108.722747,36.827116],[-108.722744,36.827206],[-108.723192,36.827215],[-108.72319,36.827305],[-108.723526,36.827311],[-108.723523,36.827401],[-108.723747,36.827405],[-108.723745,36.827496],[-108.723857,36.827498],[-108.723859,36.827408],[-108.724532,36.82742],[-108.724535,36.82733],[-108.724983,36.827339],[-108.72498,36.827429],[-108.725092,36.827431],[-108.725087,36.827611],[-108.725199,36.827613],[-108.725186,36.828064],[-108.72541,36.828068],[-108.725418,36.827798],[-108.725306,36.827796],[-108.725316,36.827435],[-108.725204,36.827433],[-108.72521,36.827253],[-108.724873,36.827247],[-108.724884,36.826886],[-108.724996,36.826889],[-108.724999,36.826799],[-108.725111,36.826801],[-108.725114,36.826711],[-108.725226,36.826713],[-108.725228,36.826623],[-108.72534,36.826625],[-108.725343,36.826535],[-108.725231,36.826533],[-108.725234,36.826442],[-108.725346,36.826445],[-108.725348,36.826355],[-108.725236,36.826352],[-108.725239,36.826262],[-108.725351,36.826264],[-108.725364,36.825814],[-108.725477,36.825816],[-108.725479,36.825726],[-108.725255,36.825722],[-108.725258,36.825632],[-108.725034,36.825628],[-108.725028,36.825808],[-108.724916,36.825806],[-108.724913,36.825896],[-108.724801,36.825893],[-108.724799,36.825984],[-108.724687,36.825981],[-108.724689,36.825891],[-108.724577,36.825889],[-108.72458,36.825799],[-108.724692,36.825801],[-108.724695,36.825711],[-108.724807,36.825713],[-108.724809,36.825623],[-108.724697,36.825621],[-108.7247,36.825531],[-108.724588,36.825529],[-108.724591,36.825439],[-108.724366,36.825434],[-108.724369,36.825344],[-108.724257,36.825342],[-108.724268,36.824982],[-108.724156,36.82498],[-108.724158,36.82489],[-108.724046,36.824888],[-108.724057,36.824527],[-108.724281,36.824532],[-108.724292,36.824171],[-108.72418,36.824169],[-108.724185,36.823989],[-108.724409,36.823993],[-108.724404,36.824173],[-108.724516,36.824176],[-108.724513,36.824266],[-108.724625,36.824268],[-108.72462,36.824448],[-108.724732,36.82445],[-108.724729,36.82454],[-108.724841,36.824542],[-108.724836,36.824722],[-108.724948,36.824725],[-108.724943,36.824905],[-108.725055,36.824907],[-108.725052,36.824997],[-108.725164,36.824999],[-108.725159,36.825179],[-108.725271,36.825181],[-108.725268,36.825272],[-108.72538,36.825274],[-108.725372,36.825544],[-108.725485,36.825546],[-108.725482,36.825636],[-108.725594,36.825638],[-108.725591,36.825728],[-108.725815,36.825733],[-108.725818,36.825643],[-108.72593,36.825645],[-108.725927,36.825735],[-108.7266,36.825748],[-108.726595,36.825928],[-108.726707,36.82593],[-108.726704,36.82602],[-108.726816,36.826022],[-108.726813,36.826112],[-108.727262,36.826121],[-108.727256,36.826301],[-108.727368,36.826303],[-108.727363,36.826483],[-108.727475,36.826485],[-108.727472,36.826575],[-108.727585,36.826578],[-108.727579,36.826758],[-108.727467,36.826756],[-108.727464,36.826846],[-108.72724,36.826841],[-108.727238,36.826931],[-108.72735,36.826934],[-108.727344,36.827114],[-108.727456,36.827116],[-108.727454,36.827206],[-108.727566,36.827208],[-108.727563,36.827298],[-108.727675,36.8273],[-108.727673,36.82739],[-108.727897,36.827395],[-108.727894,36.827485],[-108.728006,36.827487],[-108.728004,36.827577],[-108.728228,36.827581],[-108.728225,36.827671],[-108.728337,36.827674],[-108.728334,36.827764],[-108.728447,36.827766],[-108.728444,36.827856],[-108.728556,36.827858],[-108.728553,36.827948],[-108.728777,36.827952],[-108.728775,36.828042],[-108.728999,36.828047],[-108.728996,36.828137],[-108.72922,36.828141],[-108.729218,36.828231],[-108.72933,36.828233],[-108.729327,36.828323],[-108.729551,36.828328],[-108.729549,36.828418],[-108.729773,36.828422],[-108.72977,36.828512],[-108.730218,36.828521],[-108.730216,36.828611],[-108.73044,36.828615],[-108.730437,36.828705],[-108.730549,36.828707],[-108.730557,36.828437],[-108.730781,36.828441],[-108.730776,36.828621],[-108.731112,36.828628],[-108.73111,36.828718],[-108.731446,36.828724],[-108.731449,36.828634],[-108.731561,36.828636],[-108.731558,36.828726],[-108.73167,36.828729],[-108.731673,36.828638],[-108.731897,36.828643],[-108.731894,36.828733],[-108.732006,36.828735],[-108.732012,36.828555],[-108.732124,36.828557],[-108.732126,36.828467],[-108.732238,36.828469],[-108.732241,36.828379],[-108.732465,36.828383],[-108.732468,36.828293],[-108.732916,36.828302],[-108.732919,36.828212],[-108.733255,36.828218],[-108.733258,36.828128],[-108.73337,36.82813],[-108.733373,36.82804],[-108.733485,36.828042],[-108.733487,36.827952],[-108.733599,36.827954],[-108.733605,36.827774],[-108.733493,36.827772],[-108.733498,36.827592],[-108.733162,36.827585],[-108.733164,36.827495],[-108.733052,36.827493],[-108.733055,36.827403],[-108.733167,36.827405],[-108.733172,36.827225],[-108.733284,36.827227],[-108.73329,36.827047],[-108.73385,36.827058],[-108.733853,36.826968],[-108.733965,36.82697],[-108.733967,36.82688],[-108.73408,36.826882],[-108.734082,36.826792],[-108.734194,36.826794],[-108.734197,36.826704],[-108.734309,36.826706],[-108.734314,36.826526],[-108.734426,36.826528],[-108.734429,36.826438],[-108.734541,36.82644],[-108.734544,36.82635],[-108.734992,36.826358],[-108.734989,36.826449],[-108.735214,36.826453],[-108.735216,36.826363],[-108.73544,36.826367],[-108.735443,36.826277],[-108.735667,36.826281],[-108.735664,36.826371],[-108.735552,36.826369],[-108.73555,36.826459],[-108.735662,36.826461],[-108.735651,36.826822],[-108.735427,36.826817],[-108.735411,36.827358],[-108.735187,36.827354],[-108.735184,36.827444],[-108.735072,36.827442],[-108.73507,36.827532],[-108.734958,36.827529],[-108.734947,36.82789],[-108.734835,36.827888],[-108.734829,36.828068],[-108.734717,36.828066],[-108.734715,36.828156],[-108.734491,36.828151],[-108.734483,36.828422],[-108.734371,36.82842],[-108.734376,36.828239],[-108.734264,36.828237],[-108.734261,36.828327],[-108.734037,36.828323],[-108.734034,36.828413],[-108.733922,36.828411],[-108.733917,36.828591],[-108.734141,36.828595],[-108.734133,36.828866],[-108.734357,36.82887],[-108.73436,36.82878],[-108.734472,36.828782],[-108.734467,36.828962],[-108.734579,36.828964],[-108.734576,36.829054],[-108.734688,36.829057],[-108.734686,36.829147],[-108.734798,36.829149],[-108.734795,36.829239],[-108.734683,36.829237],[-108.73468,36.829327],[-108.734568,36.829325],[-108.734565,36.829415],[-108.734678,36.829417],[-108.734656,36.830137],[-108.734768,36.83014],[-108.734766,36.83023],[-108.734654,36.830228],[-108.734651,36.830318],[-108.734763,36.83032],[-108.734755,36.83059],[-108.734867,36.830592],[-108.734862,36.830772],[-108.734974,36.830774],[-108.734966,36.831045],[-108.735078,36.831047],[-108.735073,36.831227],[-108.735185,36.831229],[-108.73518,36.831409],[-108.735292,36.831411],[-108.735294,36.831321],[-108.73563,36.831328],[-108.735633,36.831238],[-108.736194,36.831248],[-108.736196,36.831158],[-108.736084,36.831156],[-108.736087,36.831066],[-108.736199,36.831068],[-108.736202,36.830978],[-108.736538,36.830984],[-108.736532,36.831165],[-108.736308,36.83116],[-108.736303,36.83134],[-108.736527,36.831345],[-108.736524,36.831435],[-108.736637,36.831437],[-108.736634,36.831527],[-108.736746,36.831529],[-108.736743,36.831619],[-108.737192,36.831628],[-108.737189,36.831718],[-108.737301,36.83172],[-108.737309,36.83145],[-108.736861,36.831441],[-108.736877,36.830901],[-108.736989,36.830903],[-108.736994,36.830723],[-108.737106,36.830725],[-108.737109,36.830635],[-108.737333,36.830639],[-108.737338,36.830459],[-108.737226,36.830457],[-108.737229,36.830367],[-108.737005,36.830362],[-108.737007,36.830272],[-108.736783,36.830268],[-108.736786,36.830178],[-108.736674,36.830176],[-108.736676,36.830086],[-108.736564,36.830084],[-108.73657,36.829903],[-108.736458,36.829901],[-108.736463,36.829721],[-108.736351,36.829719],[-108.736353,36.829629],[-108.736241,36.829627],[-108.736244,36.829537],[-108.736132,36.829535],[-108.736135,36.829445],[-108.736023,36.829442],[-108.736025,36.829352],[-108.735913,36.82935],[-108.735916,36.82926],[-108.735804,36.829258],[-108.735806,36.829168],[-108.735694,36.829166],[-108.7357,36.828986],[-108.735587,36.828984],[-108.73559,36.828893],[-108.735478,36.828891],[-108.735481,36.828801],[-108.735369,36.828799],[-108.735371,36.828709],[-108.735259,36.828707],[-108.735262,36.828617],[-108.73515,36.828615],[-108.735155,36.828435],[-108.735267,36.828437],[-108.735265,36.828527],[-108.735713,36.828535],[-108.735715,36.828445],[-108.73594,36.828449],[-108.735937,36.82854],[-108.736161,36.828544],[-108.736158,36.828634],[-108.736271,36.828636],[-108.736268,36.828726],[-108.736492,36.82873],[-108.736489,36.82882],[-108.736601,36.828823],[-108.736599,36.828913],[-108.736711,36.828915],[-108.736708,36.829005],[-108.736932,36.829009],[-108.73693,36.829099],[-108.737154,36.829103],[-108.737157,36.829013],[-108.737269,36.829016],[-108.737263,36.829196],[-108.737375,36.829198],[-108.73737,36.829378],[-108.737482,36.82938],[-108.737477,36.82956],[-108.737589,36.829562],[-108.737586,36.829652],[-108.737698,36.829655],[-108.737696,36.829745],[-108.737808,36.829747],[-108.737805,36.829837],[-108.738141,36.829843],[-108.738144,36.829753],[-108.738256,36.829755],[-108.738253,36.829845],[-108.73859,36.829852],[-108.738582,36.830122],[-108.738694,36.830124],[-108.738691,36.830214],[-108.738915,36.830219],[-108.738913,36.830309],[-108.739025,36.830311],[-108.739022,36.830401],[-108.739134,36.830403],[-108.739142,36.830133],[-108.739366,36.830137],[-108.739364,36.830227],[-108.739476,36.830229],[-108.739462,36.83068],[-108.739575,36.830682],[-108.739569,36.830862],[-108.739793,36.830866],[-108.739796,36.830776],[-108.739908,36.830778],[-108.739924,36.830238],[-108.74026,36.830244],[-108.740263,36.830154],[-108.740487,36.830158],[-108.740482,36.830338],[-108.740594,36.830341],[-108.740591,36.830431],[-108.740703,36.830433],[-108.740698,36.830613],[-108.740586,36.830611],[-108.740583,36.830701],[-108.740247,36.830694],[-108.740244,36.830785],[-108.740132,36.830782],[-108.74013,36.830873],[-108.740018,36.83087],[-108.740012,36.831051],[-108.740236,36.831055],[-108.740234,36.831145],[-108.740458,36.831149],[-108.740455,36.831239],[-108.740231,36.831235],[-108.740228,36.831325],[-108.740341,36.831327],[-108.740338,36.831417],[-108.74045,36.831419],[-108.740445,36.8316],[-108.740669,36.831604],[-108.740671,36.831514],[-108.741008,36.83152],[-108.741013,36.83134],[-108.741461,36.831348],[-108.741459,36.831439],[-108.741571,36.831441],[-108.741563,36.831711],[-108.741451,36.831709],[-108.741453,36.831619],[-108.741341,36.831617],[-108.741333,36.831887],[-108.741445,36.831889],[-108.741443,36.831979],[-108.741555,36.831981],[-108.741552,36.832071],[-108.741776,36.832075],[-108.741774,36.832166],[-108.741662,36.832163],[-108.741659,36.832253],[-108.741883,36.832258],[-108.741878,36.832438],[-108.74199,36.83244],[-108.741993,36.83235],[-108.742105,36.832352],[-108.742099,36.832532],[-108.741987,36.83253],[-108.741985,36.83262],[-108.742321,36.832627],[-108.742316,36.832807],[-108.74254,36.832811],[-108.742542,36.832721],[-108.742655,36.832723],[-108.742657,36.832633],[-108.742545,36.832631],[-108.74255,36.832451],[-108.742662,36.832453],[-108.742665,36.832363],[-108.742889,36.832367],[-108.742892,36.832277],[-108.743116,36.832281],[-108.743113,36.832371],[-108.743226,36.832373],[-108.743223,36.832463],[-108.743111,36.832461],[-108.743106,36.832641],[-108.743218,36.832644],[-108.743207,36.833004],[-108.743319,36.833006],[-108.743316,36.833096],[-108.743429,36.833098],[-108.743426,36.833188],[-108.743538,36.83319],[-108.743535,36.833281],[-108.743647,36.833283],[-108.743645,36.833373],[-108.743869,36.833377],[-108.743866,36.833467],[-108.743642,36.833463],[-108.743637,36.833643],[-108.743973,36.833649],[-108.743976,36.833559],[-108.744088,36.833561],[-108.744085,36.833651],[-108.744197,36.833654],[-108.7442,36.833564],[-108.744312,36.833566],[-108.744315,36.833476],[-108.744203,36.833473],[-108.744205,36.833383],[-108.743981,36.833379],[-108.743986,36.833199],[-108.744098,36.833201],[-108.744101,36.833111],[-108.744325,36.833115],[-108.744317,36.833386],[-108.744429,36.833388],[-108.744427,36.833478],[-108.744539,36.83348],[-108.744536,36.83357],[-108.744648,36.833572],[-108.744643,36.833752],[-108.744531,36.83375],[-108.744534,36.83366],[-108.744421,36.833658],[-108.744413,36.833928],[-108.744301,36.833926],[-108.744299,36.834016],[-108.744411,36.834018],[-108.744406,36.834198],[-108.744518,36.8342],[-108.744515,36.834291],[-108.744627,36.834293],[-108.744624,36.834383],[-108.744737,36.834385],[-108.744734,36.834475],[-108.744846,36.834477],[-108.744838,36.834747],[-108.744726,36.834745],[-108.744731,36.834565],[-108.744619,36.834563],[-108.744616,36.834653],[-108.744392,36.834649],[-108.744384,36.834919],[-108.744272,36.834917],[-108.744275,36.834827],[-108.744051,36.834822],[-108.744056,36.834642],[-108.743944,36.83464],[-108.743947,36.83455],[-108.743722,36.834546],[-108.743728,36.834366],[-108.743616,36.834364],[-108.743618,36.834274],[-108.743506,36.834271],[-108.743509,36.834181],[-108.743397,36.834179],[-108.743399,36.834089],[-108.743287,36.834087],[-108.74329,36.833997],[-108.743066,36.833993],[-108.743071,36.833812],[-108.742959,36.83381],[-108.742943,36.834351],[-108.743055,36.834353],[-108.743053,36.834443],[-108.74294,36.834441],[-108.742938,36.834531],[-108.742826,36.834529],[-108.742828,36.834439],[-108.742716,36.834437],[-108.742719,36.834347],[-108.742607,36.834344],[-108.742612,36.834164],[-108.742724,36.834166],[-108.742727,36.834076],[-108.742615,36.834074],[-108.742617,36.833984],[-108.742505,36.833982],[-108.7425,36.834162],[-108.742388,36.83416],[-108.742391,36.83407],[-108.742279,36.834068],[-108.742276,36.834158],[-108.741603,36.834145],[-108.741606,36.834055],[-108.741494,36.834053],[-108.741489,36.834233],[-108.741825,36.834239],[-108.741817,36.83451],[-108.741705,36.834508],[-108.741708,36.834417],[-108.741595,36.834415],[-108.741585,36.834776],[-108.741473,36.834774],[-108.74147,36.834864],[-108.741358,36.834861],[-108.741361,36.834771],[-108.741249,36.834769],[-108.741246,36.834859],[-108.741134,36.834857],[-108.741131,36.834947],[-108.741019,36.834945],[-108.74103,36.834585],[-108.740918,36.834583],[-108.74092,36.834493],[-108.740808,36.834491],[-108.740814,36.83431],[-108.740701,36.834308],[-108.740704,36.834218],[-108.740592,36.834216],[-108.740589,36.834306],[-108.740477,36.834304],[-108.740472,36.834484],[-108.740584,36.834486],[-108.740568,36.835027],[-108.74068,36.835029],[-108.740672,36.835299],[-108.740784,36.835301],[-108.740776,36.835571],[-108.740888,36.835574],[-108.740886,36.835664],[-108.740774,36.835661],[-108.740766,36.835932],[-108.740654,36.83593],[-108.740646,36.8362],[-108.740534,36.836198],[-108.740528,36.836378],[-108.740416,36.836376],[-108.740414,36.836466],[-108.740189,36.836462],[-108.740195,36.836281],[-108.740083,36.836279],[-108.740093,36.835919],[-108.739981,36.835917],[-108.739986,36.835737],[-108.739762,36.835732],[-108.739744,36.836363],[-108.739856,36.836365],[-108.739851,36.836545],[-108.739963,36.836547],[-108.739947,36.837088],[-108.740059,36.83709],[-108.740056,36.83718],[-108.740168,36.837182],[-108.740166,36.837272],[-108.740502,36.837279],[-108.740499,36.837369],[-108.740611,36.837371],[-108.740603,36.837641],[-108.740715,36.837643],[-108.740707,36.837913],[-108.740595,36.837911],[-108.740587,36.838182],[-108.740475,36.838179],[-108.740473,36.838269],[-108.740585,36.838272],[-108.740579,36.838452],[-108.740692,36.838454],[-108.740686,36.838634],[-108.740574,36.838632],[-108.740572,36.838722],[-108.740459,36.83872],[-108.740451,36.83899],[-108.740227,36.838986],[-108.740233,36.838806],[-108.740121,36.838804],[-108.740118,36.838894],[-108.740006,36.838891],[-108.740003,36.838982],[-108.740115,36.838984],[-108.74011,36.839164],[-108.739998,36.839162],[-108.74,36.839072],[-108.739888,36.839069],[-108.739891,36.838979],[-108.739779,36.838977],[-108.739776,36.839067],[-108.739664,36.839065],[-108.739672,36.838795],[-108.739784,36.838797],[-108.739787,36.838707],[-108.739563,36.838703],[-108.739555,36.838973],[-108.739331,36.838969],[-108.739336,36.838789],[-108.739224,36.838786],[-108.739226,36.838696],[-108.739114,36.838694],[-108.739117,36.838604],[-108.739229,36.838606],[-108.739232,36.838516],[-108.739008,36.838512],[-108.73901,36.838422],[-108.738898,36.83842],[-108.738901,36.83833],[-108.738789,36.838328],[-108.738797,36.838057],[-108.738685,36.838055],[-108.738682,36.838145],[-108.738458,36.838141],[-108.73846,36.838051],[-108.738572,36.838053],[-108.738578,36.837873],[-108.738802,36.837877],[-108.738805,36.837787],[-108.738693,36.837785],[-108.738695,36.837695],[-108.738807,36.837697],[-108.73881,36.837607],[-108.738698,36.837605],[-108.7387,36.837515],[-108.738813,36.837517],[-108.738815,36.837427],[-108.738927,36.837429],[-108.738925,36.837519],[-108.739485,36.83753],[-108.73949,36.83735],[-108.739266,36.837345],[-108.739264,36.837435],[-108.739151,36.837433],[-108.739157,36.837253],[-108.739045,36.837251],[-108.739047,36.837161],[-108.738935,36.837159],[-108.738938,36.837069],[-108.738826,36.837066],[-108.738828,36.836976],[-108.738492,36.83697],[-108.738495,36.83688],[-108.738383,36.836878],[-108.738385,36.836788],[-108.738498,36.83679],[-108.738503,36.83661],[-108.738391,36.836608],[-108.738393,36.836517],[-108.738169,36.836513],[-108.738172,36.836423],[-108.738396,36.836427],[-108.738399,36.836337],[-108.738511,36.836339],[-108.738513,36.836249],[-108.738626,36.836252],[-108.738628,36.836161],[-108.738404,36.836157],[-108.738401,36.836247],[-108.738289,36.836245],[-108.738292,36.836155],[-108.73818,36.836153],[-108.738177,36.836243],[-108.737953,36.836239],[-108.737956,36.836149],[-108.737844,36.836147],[-108.737846,36.836056],[-108.73751,36.83605],[-108.737507,36.83614],[-108.737619,36.836142],[-108.737611,36.836412],[-108.737499,36.83641],[-108.737489,36.836771],[-108.737377,36.836769],[-108.737371,36.836949],[-108.737147,36.836944],[-108.737144,36.837034],[-108.736696,36.837026],[-108.736693,36.837116],[-108.736581,36.837114],[-108.736579,36.837204],[-108.736242,36.837198],[-108.73624,36.837288],[-108.735904,36.837281],[-108.735901,36.837371],[-108.735677,36.837367],[-108.735674,36.837457],[-108.735338,36.837451],[-108.735332,36.837631],[-108.735669,36.837637],[-108.735671,36.837547],[-108.735896,36.837551],[-108.735898,36.837461],[-108.736122,36.837466],[-108.736125,36.837376],[-108.736461,36.837382],[-108.736464,36.837292],[-108.736688,36.837296],[-108.736691,36.837206],[-108.736915,36.83721],[-108.736918,36.83712],[-108.737254,36.837127],[-108.737246,36.837397],[-108.737358,36.837399],[-108.737355,36.837489],[-108.737467,36.837491],[-108.737465,36.837581],[-108.737577,36.837583],[-108.737558,36.838214],[-108.73767,36.838216],[-108.737662,36.838486],[-108.73755,36.838484],[-108.737548,36.838574],[-108.737436,36.838572],[-108.73743,36.838752],[-108.737542,36.838754],[-108.73754,36.838845],[-108.737652,36.838847],[-108.737647,36.839027],[-108.737759,36.839029],[-108.737753,36.839209],[-108.737865,36.839211],[-108.737863,36.839301],[-108.737975,36.839303],[-108.737972,36.839394],[-108.737748,36.839389],[-108.737751,36.839299],[-108.737526,36.839295],[-108.737529,36.839205],[-108.737417,36.839203],[-108.737412,36.839383],[-108.737524,36.839385],[-108.737521,36.839475],[-108.737633,36.839477],[-108.737631,36.839567],[-108.737519,36.839565],[-108.737513,36.839745],[-108.737289,36.839741],[-108.737286,36.839831],[-108.737174,36.839829],[-108.737169,36.840009],[-108.737281,36.840011],[-108.737276,36.840191],[-108.737388,36.840194],[-108.73739,36.840103],[-108.737503,36.840106],[-108.737505,36.840016],[-108.737617,36.840018],[-108.73762,36.839928],[-108.737732,36.83993],[-108.737729,36.84002],[-108.737954,36.840024],[-108.737943,36.840384],[-108.738167,36.840389],[-108.738165,36.840479],[-108.738277,36.840481],[-108.738269,36.840751],[-108.738381,36.840753],[-108.738378,36.840843],[-108.738602,36.840848],[-108.738597,36.841028],[-108.738709,36.84103],[-108.738706,36.84112],[-108.738482,36.841116],[-108.738485,36.841026],[-108.738373,36.841023],[-108.738375,36.840933],[-108.738263,36.840931],[-108.738261,36.841021],[-108.738149,36.841019],[-108.738151,36.840929],[-108.738039,36.840927],[-108.738042,36.840837],[-108.73793,36.840835],[-108.737927,36.840925],[-108.737815,36.840923],[-108.737812,36.841013],[-108.737924,36.841015],[-108.737919,36.841195],[-108.73848,36.841206],[-108.738477,36.841296],[-108.738253,36.841292],[-108.73825,36.841382],[-108.738362,36.841384],[-108.73836,36.841474],[-108.738696,36.84148],[-108.738691,36.84166],[-108.738242,36.841652],[-108.738237,36.841832],[-108.738125,36.84183],[-108.738122,36.84192],[-108.73801,36.841918],[-108.738002,36.842188],[-108.73789,36.842186],[-108.737885,36.842366],[-108.737548,36.84236],[-108.737543,36.84254],[-108.737879,36.842546],[-108.737877,36.842636],[-108.737765,36.842634],[-108.737759,36.842814],[-108.737647,36.842812],[-108.737644,36.842902],[-108.737532,36.8429],[-108.737527,36.84308],[-108.737639,36.843082],[-108.737637,36.843172],[-108.737524,36.84317],[-108.737522,36.84326],[-108.73741,36.843258],[-108.737404,36.843438],[-108.737516,36.843441],[-108.737514,36.843531],[-108.737626,36.843533],[-108.737623,36.843623],[-108.737511,36.843621],[-108.737508,36.843711],[-108.737621,36.843713],[-108.737618,36.843803],[-108.737506,36.843801],[-108.737503,36.843891],[-108.737391,36.843889],[-108.737388,36.843979],[-108.737501,36.843981],[-108.737495,36.844161],[-108.737719,36.844165],[-108.737714,36.844346],[-108.738275,36.844356],[-108.738272,36.844446],[-108.738832,36.844457],[-108.738827,36.844637],[-108.738715,36.844635],[-108.738712,36.844725],[-108.7386,36.844723],[-108.738598,36.844813],[-108.73871,36.844815],[-108.738707,36.844905],[-108.738931,36.84491],[-108.738934,36.844819],[-108.73927,36.844826],[-108.739273,36.844736],[-108.739833,36.844746],[-108.739831,36.844837],[-108.739719,36.844834],[-108.739713,36.845015],[-108.740498,36.845029],[-108.740501,36.844939],[-108.740837,36.844946],[-108.740834,36.845036],[-108.740946,36.845038],[-108.740949,36.844948],[-108.741061,36.84495],[-108.741064,36.84486],[-108.741512,36.844868],[-108.74151,36.844959],[-108.741622,36.844961],[-108.741616,36.845141],[-108.741504,36.845139],[-108.741502,36.845229],[-108.74139,36.845227],[-108.741384,36.845407],[-108.741608,36.845411],[-108.741606,36.845501],[-108.741718,36.845503],[-108.741715,36.845593],[-108.741827,36.845595],[-108.741817,36.845956],[-108.741593,36.845952],[-108.741579,36.846402],[-108.741691,36.846404],[-108.741697,36.846224],[-108.741809,36.846226],[-108.741798,36.846586],[-108.74191,36.846588],[-108.741908,36.846679],[-108.741796,36.846676],[-108.741793,36.846766],[-108.742017,36.846771],[-108.742009,36.847041],[-108.742345,36.847047],[-108.742353,36.846777],[-108.742466,36.846779],[-108.742468,36.846689],[-108.74258,36.846691],[-108.742586,36.846511],[-108.742025,36.846501],[-108.742028,36.84641],[-108.741916,36.846408],[-108.741918,36.846318],[-108.74203,36.84632],[-108.742033,36.84623],[-108.741921,36.846228],[-108.741924,36.846138],[-108.742036,36.84614],[-108.742041,36.84596],[-108.742153,36.845962],[-108.742156,36.845872],[-108.742044,36.84587],[-108.742054,36.84551],[-108.742166,36.845512],[-108.742169,36.845422],[-108.742057,36.84542],[-108.742062,36.845239],[-108.742174,36.845242],[-108.74218,36.845061],[-108.742067,36.845059],[-108.742075,36.844789],[-108.7423,36.844793],[-108.742297,36.844883],[-108.742633,36.84489],[-108.742631,36.84498],[-108.742855,36.844984],[-108.742852,36.845074],[-108.742964,36.845076],[-108.742962,36.845166],[-108.743186,36.845171],[-108.743183,36.845261],[-108.743295,36.845263],[-108.743298,36.845173],[-108.743522,36.845177],[-108.743519,36.845267],[-108.743744,36.845271],[-108.743736,36.845542],[-108.743848,36.845544],[-108.743843,36.845724],[-108.744067,36.845728],[-108.744059,36.845998],[-108.744171,36.846001],[-108.744168,36.846091],[-108.74428,36.846093],[-108.744278,36.846183],[-108.743829,36.846174],[-108.743827,36.846264],[-108.744051,36.846269],[-108.744048,36.846359],[-108.743936,36.846357],[-108.743933,36.846447],[-108.744046,36.846449],[-108.744043,36.846539],[-108.744155,36.846541],[-108.744152,36.846631],[-108.743928,36.846627],[-108.743926,36.846717],[-108.744038,36.846719],[-108.744035,36.846809],[-108.743923,36.846807],[-108.74392,36.846897],[-108.743808,36.846895],[-108.743805,36.846985],[-108.743469,36.846979],[-108.743467,36.847069],[-108.743354,36.847067],[-108.743352,36.847157],[-108.74324,36.847154],[-108.743237,36.847245],[-108.743125,36.847242],[-108.743122,36.847332],[-108.74301,36.84733],[-108.743007,36.84742],[-108.742783,36.847416],[-108.742778,36.847596],[-108.743002,36.847601],[-108.743,36.847691],[-108.742887,36.847689],[-108.742882,36.847869],[-108.742994,36.847871],[-108.742992,36.847961],[-108.742879,36.847959],[-108.742877,36.848049],[-108.742989,36.848051],[-108.742986,36.848141],[-108.743211,36.848145],[-108.743205,36.848325],[-108.743093,36.848323],[-108.74309,36.848413],[-108.742978,36.848411],[-108.742976,36.848501],[-108.743088,36.848503],[-108.743085,36.848594],[-108.743197,36.848596],[-108.743192,36.848776],[-108.743304,36.848778],[-108.743301,36.848868],[-108.743638,36.848874]],[[-108.743998,36.84807],[-108.743886,36.848068],[-108.743891,36.847888],[-108.743779,36.847886],[-108.743782,36.847796],[-108.743557,36.847791],[-108.74356,36.847701],[-108.743672,36.847703],[-108.743675,36.847613],[-108.743787,36.847615],[-108.743795,36.847345],[-108.743683,36.847343],[-108.743688,36.847163],[-108.7438,36.847165],[-108.743803,36.847075],[-108.743915,36.847077],[-108.743912,36.847167],[-108.744136,36.847171],[-108.744131,36.847352],[-108.744019,36.84735],[-108.744016,36.84744],[-108.743904,36.847437],[-108.743902,36.847528],[-108.744014,36.84753],[-108.743998,36.84807]],[[-108.74403,36.846989],[-108.743918,36.846987],[-108.74392,36.846897],[-108.744032,36.846899],[-108.74403,36.846989]],[[-108.745607,36.846749],[-108.745383,36.846745],[-108.745386,36.846654],[-108.74561,36.846659],[-108.745607,36.846749]],[[-108.740501,36.844939],[-108.740389,36.844937],[-108.740391,36.844847],[-108.740503,36.844849],[-108.740501,36.844939]],[[-108.739054,36.844551],[-108.738942,36.844549],[-108.738945,36.844459],[-108.739057,36.844461],[-108.739054,36.844551]],[[-108.738111,36.84228],[-108.737999,36.842278],[-108.738002,36.842188],[-108.738114,36.84219],[-108.738111,36.84228]],[[-108.738797,36.841843],[-108.738685,36.841841],[-108.738691,36.84166],[-108.738803,36.841663],[-108.738797,36.841843]],[[-108.743743,36.841486],[-108.743519,36.841482],[-108.743521,36.841392],[-108.743185,36.841385],[-108.743193,36.841115],[-108.742969,36.841111],[-108.742971,36.841021],[-108.743083,36.841023],[-108.743086,36.840933],[-108.74331,36.840937],[-108.743316,36.840757],[-108.743652,36.840763],[-108.743649,36.840853],[-108.743761,36.840855],[-108.743756,36.841036],[-108.743644,36.841034],[-108.743641,36.841124],[-108.743529,36.841121],[-108.743524,36.841302],[-108.743636,36.841304],[-108.743633,36.841394],[-108.743745,36.841396],[-108.743743,36.841486]],[[-108.742854,36.841199],[-108.74263,36.841195],[-108.742632,36.841104],[-108.742745,36.841107],[-108.742747,36.841016],[-108.742859,36.841019],[-108.742854,36.841199]],[[-108.743318,36.840667],[-108.743206,36.840665],[-108.743209,36.840575],[-108.743321,36.840577],[-108.743318,36.840667]],[[-108.742088,36.840553],[-108.741976,36.840551],[-108.741978,36.840461],[-108.741866,36.840459],[-108.741869,36.840369],[-108.741757,36.840367],[-108.741762,36.840187],[-108.741874,36.840189],[-108.74188,36.840009],[-108.741767,36.840006],[-108.74177,36.839916],[-108.741658,36.839914],[-108.741661,36.839824],[-108.741436,36.83982],[-108.741434,36.83991],[-108.741322,36.839908],[-108.741324,36.839818],[-108.740988,36.839811],[-108.740985,36.839901],[-108.740873,36.839899],[-108.740879,36.839719],[-108.740767,36.839717],[-108.740772,36.839537],[-108.74066,36.839535],[-108.740662,36.839445],[-108.740775,36.839447],[-108.740777,36.839357],[-108.740665,36.839355],[-108.74067,36.839174],[-108.740558,36.839172],[-108.740566,36.838902],[-108.74079,36.838906],[-108.740788,36.838996],[-108.7409,36.838999],[-108.740897,36.839089],[-108.741346,36.839097],[-108.741343,36.839187],[-108.741455,36.839189],[-108.741452,36.839279],[-108.741901,36.839288],[-108.741895,36.839468],[-108.742008,36.83947],[-108.742005,36.83956],[-108.741893,36.839558],[-108.741882,36.839919],[-108.741994,36.839921],[-108.741989,36.840101],[-108.742101,36.840103],[-108.742104,36.840013],[-108.742216,36.840015],[-108.742211,36.840195],[-108.742323,36.840197],[-108.742317,36.840377],[-108.742205,36.840375],[-108.742203,36.840465],[-108.74209,36.840463],[-108.742088,36.840553]],[[-108.743214,36.840394],[-108.742766,36.840386],[-108.742768,36.840296],[-108.742993,36.8403],[-108.742998,36.84012],[-108.742886,36.840118],[-108.742891,36.839938],[-108.742779,36.839936],[-108.742784,36.839755],[-108.742672,36.839753],[-108.742669,36.839843],[-108.742557,36.839841],[-108.74256,36.839751],[-108.742448,36.839749],[-108.742451,36.839659],[-108.742339,36.839657],[-108.742346,36.839387],[-108.742459,36.839389],[-108.742461,36.839299],[-108.742349,36.839297],[-108.742357,36.839026],[-108.742245,36.839024],[-108.74225,36.838844],[-108.742362,36.838846],[-108.74236,36.838936],[-108.742472,36.838938],[-108.742469,36.839028],[-108.742693,36.839033],[-108.742691,36.839123],[-108.742803,36.839125],[-108.742795,36.839395],[-108.742907,36.839397],[-108.742904,36.839487],[-108.743016,36.839489],[-108.743014,36.83958],[-108.743126,36.839582],[-108.743123,36.839672],[-108.743235,36.839674],[-108.743233,36.839764],[-108.743345,36.839766],[-108.743329,36.840307],[-108.743217,36.840304],[-108.743214,36.840394]],[[-108.737393,36.840013],[-108.737281,36.840011],[-108.737284,36.839921],[-108.737396,36.839923],[-108.737393,36.840013]],[[-108.741655,36.840004],[-108.741543,36.840002],[-108.741546,36.839912],[-108.741658,36.839914],[-108.741655,36.840004]],[[-108.741319,36.839998],[-108.741207,36.839996],[-108.74121,36.839906],[-108.741322,36.839908],[-108.741319,36.839998]],[[-108.738191,36.839578],[-108.737967,36.839574],[-108.73797,36.839484],[-108.738082,36.839486],[-108.738087,36.839306],[-108.737975,36.839303],[-108.737977,36.839213],[-108.738202,36.839218],[-108.738204,36.839128],[-108.738092,36.839125],[-108.738095,36.839035],[-108.738431,36.839042],[-108.738426,36.839222],[-108.738314,36.83922],[-108.738308,36.8394],[-108.738196,36.839398],[-108.738191,36.839578]],[[-108.739,36.838782],[-108.738887,36.83878],[-108.738893,36.8386],[-108.739005,36.838602],[-108.739,36.838782]],[[-108.74443,36.837173],[-108.744318,36.837171],[-108.744321,36.837081],[-108.744433,36.837083],[-108.74443,36.837173]],[[-108.742084,36.836858],[-108.741972,36.836856],[-108.741975,36.836766],[-108.741863,36.836764],[-108.74186,36.836854],[-108.741748,36.836852],[-108.741751,36.836762],[-108.741639,36.836759],[-108.741647,36.836489],[-108.741759,36.836491],[-108.741761,36.836401],[-108.741873,36.836403],[-108.741876,36.836313],[-108.7421,36.836318],[-108.742098,36.836408],[-108.74221,36.83641],[-108.742207,36.8365],[-108.742095,36.836498],[-108.742084,36.836858]],[[-108.745601,36.835483],[-108.745377,36.835479],[-108.74538,36.835388],[-108.745492,36.835391],[-108.745497,36.83521],[-108.745385,36.835208],[-108.745393,36.834938],[-108.745281,36.834936],[-108.745286,36.834756],[-108.745398,36.834758],[-108.745401,36.834668],[-108.745513,36.83467],[-108.745508,36.83485],[-108.74562,36.834852],[-108.745615,36.835032],[-108.745727,36.835035],[-108.745721,36.835215],[-108.745834,36.835217],[-108.745828,36.835397],[-108.745604,36.835393],[-108.745601,36.835483]],[[-108.744491,36.835101],[-108.744379,36.835099],[-108.744382,36.835009],[-108.744494,36.835011],[-108.744491,36.835101]],[[-108.74427,36.835007],[-108.744158,36.835005],[-108.74416,36.834915],[-108.744272,36.834917],[-108.74427,36.835007]],[[-108.74475,36.833934],[-108.744638,36.833932],[-108.744643,36.833752],[-108.744755,36.833754],[-108.74475,36.833934]],[[-108.745363,36.832144],[-108.745251,36.832141],[-108.745254,36.832051],[-108.745366,36.832054],[-108.745363,36.832144]],[[-108.745368,36.831963],[-108.745256,36.831961],[-108.745259,36.831871],[-108.745371,36.831873],[-108.745368,36.831963]],[[-108.745144,36.831959],[-108.74492,36.831955],[-108.744925,36.831775],[-108.744813,36.831773],[-108.744811,36.831863],[-108.744698,36.831861],[-108.744701,36.831771],[-108.744477,36.831766],[-108.744482,36.831586],[-108.74437,36.831584],[-108.744373,36.831494],[-108.744485,36.831496],[-108.744493,36.831226],[-108.744381,36.831224],[-108.744386,36.831044],[-108.744274,36.831041],[-108.744285,36.830681],[-108.744172,36.830679],[-108.744199,36.829778],[-108.744311,36.82978],[-108.744303,36.830051],[-108.744415,36.830053],[-108.744391,36.830863],[-108.744503,36.830865],[-108.744498,36.831046],[-108.74461,36.831048],[-108.7446,36.831408],[-108.744712,36.83141],[-108.744706,36.83159],[-108.744819,36.831592],[-108.744821,36.831502],[-108.744933,36.831505],[-108.744931,36.831595],[-108.745043,36.831597],[-108.745037,36.831777],[-108.745149,36.831779],[-108.745144,36.831959]],[[-108.744474,36.831856],[-108.744362,36.831854],[-108.744365,36.831764],[-108.744477,36.831766],[-108.744474,36.831856]],[[-108.744373,36.831494],[-108.744261,36.831492],[-108.744263,36.831402],[-108.744375,36.831404],[-108.744373,36.831494]],[[-108.744263,36.831402],[-108.744151,36.8314],[-108.744154,36.831309],[-108.744266,36.831312],[-108.744263,36.831402]],[[-108.741013,36.83134],[-108.740901,36.831338],[-108.740904,36.831248],[-108.741016,36.83125],[-108.741013,36.83134]],[[-108.74619,36.830717],[-108.746078,36.830715],[-108.746081,36.830625],[-108.745968,36.830623],[-108.745971,36.830533],[-108.746083,36.830535],[-108.746086,36.830445],[-108.746198,36.830447],[-108.746195,36.830537],[-108.746307,36.830539],[-108.746305,36.830629],[-108.746193,36.830627],[-108.74619,36.830717]],[[-108.745971,36.830533],[-108.745747,36.830529],[-108.74575,36.830438],[-108.745974,36.830443],[-108.745971,36.830533]],[[-108.745752,36.830348],[-108.74564,36.830346],[-108.745643,36.830256],[-108.745755,36.830258],[-108.745752,36.830348]],[[-108.744199,36.829778],[-108.744087,36.829776],[-108.744095,36.829506],[-108.744207,36.829508],[-108.744199,36.829778]],[[-108.744095,36.829506],[-108.743983,36.829504],[-108.743985,36.829414],[-108.743873,36.829411],[-108.743879,36.829231],[-108.743991,36.829233],[-108.743988,36.829324],[-108.7441,36.829326],[-108.744095,36.829506]],[[-108.743879,36.829231],[-108.743767,36.829229],[-108.743769,36.829139],[-108.743881,36.829141],[-108.743879,36.829231]],[[-108.734709,36.828336],[-108.734597,36.828334],[-108.7346,36.828244],[-108.734712,36.828246],[-108.734709,36.828336]],[[-108.71903,36.827675],[-108.718917,36.827673],[-108.718923,36.827493],[-108.719035,36.827495],[-108.71903,36.827675]],[[-108.717912,36.827564],[-108.717799,36.827562],[-108.717802,36.827472],[-108.71769,36.82747],[-108.717687,36.82756],[-108.717575,36.827557],[-108.717583,36.827287],[-108.717695,36.827289],[-108.717693,36.827379],[-108.717805,36.827382],[-108.717813,36.827111],[-108.717925,36.827114],[-108.717928,36.827023],[-108.717815,36.827021],[-108.717818,36.826931],[-108.71737,36.826923],[-108.717367,36.827013],[-108.717143,36.827008],[-108.717146,36.826918],[-108.717034,36.826916],[-108.717036,36.826826],[-108.716924,36.826824],[-108.716927,36.826734],[-108.716479,36.826725],[-108.716476,36.826815],[-108.716364,36.826813],[-108.716361,36.826903],[-108.716473,36.826905],[-108.716468,36.827086],[-108.716692,36.82709],[-108.716695,36.827],[-108.716807,36.827002],[-108.716804,36.827092],[-108.717028,36.827096],[-108.717026,36.827186],[-108.717138,36.827189],[-108.717132,36.827369],[-108.71702,36.827367],[-108.717018,36.827457],[-108.716906,36.827454],[-108.716908,36.827364],[-108.716684,36.82736],[-108.716689,36.82718],[-108.716241,36.827171],[-108.716246,36.826991],[-108.716134,36.826989],[-108.716132,36.827079],[-108.71602,36.827077],[-108.716025,36.826897],[-108.715801,36.826892],[-108.715812,36.826532],[-108.7157,36.82653],[-108.715702,36.82644],[-108.71559,36.826438],[-108.715595,36.826258],[-108.715708,36.82626],[-108.715713,36.82608],[-108.715825,36.826082],[-108.715828,36.825992],[-108.71594,36.825994],[-108.715942,36.825904],[-108.716054,36.825906],[-108.716057,36.825816],[-108.716169,36.825818],[-108.716172,36.825728],[-108.716284,36.82573],[-108.716289,36.82555],[-108.716401,36.825552],[-108.716399,36.825642],[-108.716511,36.825644],[-108.716513,36.825554],[-108.716626,36.825556],[-108.716628,36.825466],[-108.716852,36.825471],[-108.716847,36.825651],[-108.717183,36.825657],[-108.717181,36.825747],[-108.717293,36.825749],[-108.71729,36.82584],[-108.717402,36.825842],[-108.717399,36.825932],[-108.717623,36.825936],[-108.717621,36.826026],[-108.718181,36.826037],[-108.718178,36.826127],[-108.718515,36.826133],[-108.71852,36.825953],[-108.718632,36.825955],[-108.718621,36.826316],[-108.718509,36.826314],[-108.718501,36.826584],[-108.718613,36.826586],[-108.718616,36.826496],[-108.718728,36.826498],[-108.718733,36.826318],[-108.718846,36.82632],[-108.718848,36.82623],[-108.71896,36.826232],[-108.718952,36.826502],[-108.719064,36.826504],[-108.719067,36.826414],[-108.719179,36.826417],[-108.719174,36.826597],[-108.719062,36.826595],[-108.719059,36.826685],[-108.718947,36.826682],[-108.718942,36.826863],[-108.71883,36.82686],[-108.718827,36.826951],[-108.718715,36.826948],[-108.718709,36.827129],[-108.718485,36.827124],[-108.71848,36.827304],[-108.718368,36.827302],[-108.718365,36.827392],[-108.718253,36.82739],[-108.71825,36.82748],[-108.717914,36.827474],[-108.717912,36.827564]],[[-108.71725,36.827191],[-108.717138,36.827189],[-108.71714,36.827098],[-108.717252,36.827101],[-108.71725,36.827191]],[[-108.736529,36.827469],[-108.736417,36.827467],[-108.736422,36.827287],[-108.736535,36.827289],[-108.73654,36.827109],[-108.736652,36.827111],[-108.736655,36.827021],[-108.736767,36.827023],[-108.736777,36.826663],[-108.737001,36.826667],[-108.737004,36.826577],[-108.73678,36.826573],[-108.736783,36.826483],[-108.736895,36.826485],[-108.736903,36.826215],[-108.737015,36.826217],[-108.737012,36.826307],[-108.737236,36.826311],[-108.737239,36.826221],[-108.737351,36.826223],[-108.737354,36.826133],[-108.737578,36.826137],[-108.737572,36.826318],[-108.737684,36.82632],[-108.737687,36.82623],[-108.737799,36.826232],[-108.737791,36.826502],[-108.737903,36.826504],[-108.737901,36.826594],[-108.738013,36.826596],[-108.73801,36.826686],[-108.737786,36.826682],[-108.737789,36.826592],[-108.737564,36.826588],[-108.737567,36.826498],[-108.737455,36.826496],[-108.737458,36.826405],[-108.737346,36.826403],[-108.73734,36.826583],[-108.737228,36.826581],[-108.73722,36.826852],[-108.737108,36.826849],[-108.737103,36.82703],[-108.737215,36.827032],[-108.737212,36.827122],[-108.736988,36.827118],[-108.736983,36.827298],[-108.736871,36.827296],[-108.736868,36.827386],[-108.736756,36.827383],[-108.736759,36.827293],[-108.736647,36.827291],[-108.736644,36.827381],[-108.736532,36.827379],[-108.736529,36.827469]],[[-108.724764,36.827155],[-108.724652,36.827152],[-108.724655,36.827062],[-108.724767,36.827064],[-108.724764,36.827155]],[[-108.740697,36.826828],[-108.740585,36.826825],[-108.740588,36.826735],[-108.7407,36.826738],[-108.740697,36.826828]],[[-108.736107,36.82656],[-108.735995,36.826558],[-108.736003,36.826288],[-108.735667,36.826281],[-108.73567,36.826191],[-108.735894,36.826195],[-108.735897,36.826105],[-108.736009,36.826107],[-108.736006,36.826198],[-108.73623,36.826202],[-108.736228,36.826292],[-108.73634,36.826294],[-108.736337,36.826384],[-108.736225,36.826382],[-108.736222,36.826472],[-108.73611,36.82647],[-108.736107,36.82656]],[[-108.719534,36.825792],[-108.719422,36.82579],[-108.719425,36.8257],[-108.7192,36.825696],[-108.719209,36.825426],[-108.719433,36.82543],[-108.719438,36.82525],[-108.719774,36.825256],[-108.719777,36.825166],[-108.720001,36.825171],[-108.720004,36.82508],[-108.720116,36.825083],[-108.720118,36.824993],[-108.720231,36.824995],[-108.720225,36.825175],[-108.720337,36.825177],[-108.72034,36.825087],[-108.720452,36.825089],[-108.720455,36.824999],[-108.721127,36.825012],[-108.721122,36.825192],[-108.721234,36.825194],[-108.721231,36.825284],[-108.721455,36.825289],[-108.721453,36.825379],[-108.721228,36.825374],[-108.721226,36.825464],[-108.721002,36.82546],[-108.720999,36.82555],[-108.720887,36.825548],[-108.720884,36.825638],[-108.720436,36.82563],[-108.720439,36.825539],[-108.720102,36.825533],[-108.720097,36.825713],[-108.719985,36.825711],[-108.719988,36.825621],[-108.719876,36.825619],[-108.719873,36.825709],[-108.719537,36.825702],[-108.719534,36.825792]],[[-108.719198,36.825786],[-108.719086,36.825784],[-108.719088,36.825694],[-108.7192,36.825696],[-108.719198,36.825786]],[[-108.718301,36.825769],[-108.718077,36.825765],[-108.71808,36.825674],[-108.718192,36.825677],[-108.7182,36.825406],[-108.718424,36.825411],[-108.718427,36.825321],[-108.718651,36.825325],[-108.718648,36.825415],[-108.718872,36.825419],[-108.718867,36.825599],[-108.718643,36.825595],[-108.718645,36.825505],[-108.718533,36.825503],[-108.718531,36.825593],[-108.718307,36.825589],[-108.718301,36.825769]],[[-108.718987,36.825331],[-108.718651,36.825325],[-108.718654,36.825235],[-108.718766,36.825237],[-108.718768,36.825147],[-108.718544,36.825143],[-108.718541,36.825233],[-108.718429,36.825231],[-108.718435,36.82505],[-108.718547,36.825053],[-108.718549,36.824962],[-108.718774,36.824967],[-108.718771,36.825057],[-108.718883,36.825059],[-108.718886,36.824969],[-108.718998,36.824971],[-108.719,36.824881],[-108.719112,36.824883],[-108.71911,36.824973],[-108.719222,36.824975],[-108.719225,36.824885],[-108.719449,36.82489],[-108.719441,36.82516],[-108.719104,36.825153],[-108.719102,36.825243],[-108.71899,36.825241],[-108.718987,36.825331]],[[-108.736251,36.825481],[-108.736139,36.825479],[-108.736142,36.825389],[-108.736254,36.825391],[-108.736251,36.825481]],[[-108.721461,36.825108],[-108.721349,36.825106],[-108.721354,36.824926],[-108.721242,36.824924],[-108.721245,36.824834],[-108.721132,36.824832],[-108.721138,36.824652],[-108.721026,36.824649],[-108.721028,36.824559],[-108.721477,36.824568],[-108.721474,36.824658],[-108.721362,36.824656],[-108.721357,36.824836],[-108.721469,36.824838],[-108.721461,36.825108]],[[-108.719,36.824881],[-108.718888,36.824879],[-108.718891,36.824789],[-108.719003,36.824791],[-108.719,36.824881]],[[-108.715649,36.824456],[-108.715425,36.824452],[-108.715428,36.824362],[-108.715316,36.82436],[-108.715318,36.824269],[-108.715094,36.824265],[-108.715097,36.824175],[-108.714985,36.824173],[-108.714987,36.824083],[-108.715099,36.824085],[-108.715102,36.823995],[-108.714542,36.823984],[-108.714544,36.823894],[-108.71432,36.82389],[-108.714323,36.8238],[-108.714435,36.823802],[-108.714438,36.823712],[-108.714662,36.823716],[-108.714659,36.823806],[-108.714883,36.823811],[-108.714881,36.823901],[-108.715217,36.823907],[-108.715214,36.823997],[-108.715326,36.823999],[-108.715324,36.824089],[-108.715436,36.824092],[-108.715433,36.824182],[-108.715657,36.824186],[-108.715649,36.824456]],[[-108.723513,36.823976],[-108.723401,36.823974],[-108.723403,36.823884],[-108.723515,36.823886],[-108.723513,36.823976]],[[-108.702143,36.822393],[-108.702031,36.822391],[-108.702033,36.822301],[-108.701921,36.822299],[-108.701924,36.822209],[-108.702148,36.822213],[-108.702162,36.821763],[-108.702274,36.821765],[-108.702279,36.821585],[-108.702727,36.821593],[-108.702725,36.821683],[-108.702949,36.821688],[-108.702946,36.821778],[-108.70317,36.821782],[-108.703167,36.821872],[-108.703055,36.82187],[-108.70305,36.82205],[-108.702602,36.822042],[-108.702599,36.822132],[-108.702375,36.822127],[-108.702369,36.822307],[-108.702145,36.822303],[-108.702143,36.822393]],[[-108.705961,36.822197],[-108.705849,36.822194],[-108.705854,36.822014],[-108.705742,36.822012],[-108.705748,36.821832],[-108.705523,36.821828],[-108.705526,36.821738],[-108.705414,36.821735],[-108.705419,36.821555],[-108.705195,36.821551],[-108.705211,36.82101],[-108.705324,36.821013],[-108.705318,36.821193],[-108.70543,36.821195],[-108.705433,36.821105],[-108.705657,36.821109],[-108.70566,36.821019],[-108.705772,36.821021],[-108.705769,36.821111],[-108.705993,36.821116],[-108.705999,36.820936],[-108.706111,36.820938],[-108.706103,36.821208],[-108.706327,36.821212],[-108.706329,36.821122],[-108.706666,36.821129],[-108.70666,36.821309],[-108.706884,36.821313],[-108.706879,36.821493],[-108.706991,36.821495],[-108.706986,36.821676],[-108.707098,36.821678],[-108.707092,36.821858],[-108.706756,36.821851],[-108.706751,36.822032],[-108.706527,36.822027],[-108.706524,36.822117],[-108.7063,36.822113],[-108.706303,36.822023],[-108.70619,36.822021],[-108.706188,36.822111],[-108.705964,36.822107],[-108.705961,36.822197]],[[-108.705401,36.822186],[-108.705289,36.822184],[-108.705291,36.822094],[-108.704731,36.822083],[-108.704739,36.821812],[-108.704627,36.82181],[-108.704632,36.82163],[-108.704744,36.821632],[-108.704747,36.821542],[-108.704859,36.821544],[-108.704856,36.821635],[-108.704969,36.821637],[-108.704971,36.821547],[-108.705083,36.821549],[-108.705081,36.821639],[-108.705193,36.821641],[-108.705187,36.821821],[-108.705299,36.821823],[-108.705294,36.822003],[-108.705406,36.822006],[-108.705401,36.822186]],[[-108.704747,36.821542],[-108.704635,36.82154],[-108.704638,36.82145],[-108.70475,36.821452],[-108.704747,36.821542]],[[-108.706001,36.820845],[-108.705889,36.820843],[-108.705892,36.820753],[-108.706004,36.820755],[-108.706001,36.820845]]]},"properties":{"src":"truth"}},{"type":"Feature","geometry":{"type":"Polygon","coordinates":[[[-108.714441,36.819836],[-108.714446,36.819656],[-108.714334,36.819654],[-108.714329,36.819834],[-108.714441,36.819836]]]},"properties":{"src":"truth"}},{"type":"Feature","geometry":{"type":"Polygon","coordinates":[[[-108.707389,36.81943],[-108.707392,36.81934],[-108.705823,36.81931],[-108.70582,36.8194],[-108.707389,36.81943]]]},"properties":{"src":"truth"}},{"type":"Feature","geometry":{"type":"Polygon","coordinates":[[[-108.712194,36.819973],[-108.712205,36.819613],[-108.712317,36.819615],[-108.71232,36.819525],[-108.712432,36.819527],[-108.712429,36.819617],[-108.712541,36.81962],[-108.712539,36.81971],[-108.712763,36.819714],[-108.712771,36.819444],[-108.712883,36.819446],[-108.712885,36.819356],[-108.712661,36.819352],[-108.712664,36.819261],[-108.71244,36.819257],[-108.712437,36.819347],[-108.712325,36.819345],[-108.712322,36.819435],[-108.71221,36.819433],[-108.712208,36.819523],[-108.712096,36.819521],[-108.712098,36.819431],[-108.711986,36.819429],[-108.711989,36.819339],[-108.711877,36.819336],[-108.71188,36.819246],[-108.710535,36.81922],[-108.710532,36.819311],[-108.711205,36.819324],[-108.711202,36.819414],[-108.711426,36.819418],[-108.711423,36.819508],[-108.711535,36.81951],[-108.711538,36.81942],[-108.711762,36.819424],[-108.711759,36.819514],[-108.711984,36.819519],[-108.711981,36.819609],[-108.712093,36.819611],[-108.712082,36.819971],[-108.712194,36.819973]]]},"properties":{"src":"truth"}},{"type":"Feature","geometry":{"type":"Polygon","coordinates":[[[-108.721109,36.821857],[-108.721111,36.821767],[-108.721223,36.821769],[-108.721229,36.821589],[-108.721341,36.821591],[-108.721343,36.821501],[-108.721455,36.821503],[-108.721458,36.821413],[-108.72157,36.821415],[-108.721573,36.821325],[-108.721797,36.82133],[-108.7218,36.821239],[-108.722808,36.821259],[-108.722806,36.821349],[-108.723254,36.821357],[-108.723256,36.821267],[-108.723144,36.821265],[-108.723152,36.820995],[-108.72304,36.820993],[-108.723051,36.820633],[-108.722939,36.82063],[-108.722942,36.82054],[-108.72283,36.820538],[-108.722822,36.820808],[-108.72271,36.820806],[-108.722707,36.820896],[-108.722595,36.820894],[-108.722592,36.820984],[-108.722816,36.820989],[-108.722814,36.821079],[-108.722702,36.821077],[-108.722699,36.821167],[-108.722475,36.821162],[-108.722477,36.821072],[-108.722365,36.82107],[-108.722363,36.82116],[-108.722139,36.821156],[-108.722141,36.821066],[-108.721917,36.821061],[-108.721914,36.821152],[-108.72169,36.821147],[-108.721693,36.821057],[-108.721581,36.821055],[-108.721578,36.821145],[-108.721018,36.821134],[-108.721031,36.820684],[-108.720919,36.820682],[-108.720922,36.820592],[-108.721146,36.820596],[-108.721149,36.820506],[-108.721261,36.820508],[-108.721263,36.820418],[-108.721039,36.820414],[-108.721053,36.819963],[-108.721165,36.819966],[-108.721178,36.819515],[-108.721066,36.819513],[-108.721071,36.819333],[-108.718942,36.819292],[-108.718939,36.819382],[-108.718827,36.81938],[-108.718822,36.81956],[-108.718934,36.819562],[-108.718937,36.819472],[-108.719721,36.819487],[-108.719719,36.819577],[-108.719831,36.819579],[-108.719833,36.819489],[-108.720842,36.819509],[-108.720839,36.819599],[-108.720951,36.819601],[-108.720943,36.819871],[-108.720607,36.819865],[-108.720604,36.819955],[-108.720492,36.819953],[-108.720495,36.819863],[-108.720383,36.81986],[-108.72038,36.81995],[-108.720268,36.819948],[-108.720271,36.819858],[-108.720159,36.819856],[-108.720156,36.819946],[-108.71982,36.81994],[-108.719823,36.81985],[-108.719486,36.819843],[-108.719484,36.819933],[-108.718923,36.819923],[-108.718929,36.819742],[-108.718817,36.81974],[-108.718814,36.81983],[-108.718702,36.819828],[-108.718694,36.820098],[-108.718806,36.820101],[-108.718777,36.821091],[-108.718665,36.821089],[-108.718659,36.821269],[-108.718771,36.821272],[-108.718755,36.821812],[-108.718867,36.821814],[-108.71887,36.821724],[-108.718982,36.821726],[-108.718987,36.821546],[-108.718875,36.821544],[-108.718883,36.821274],[-108.720228,36.821299],[-108.720231,36.821209],[-108.719558,36.821197],[-108.719561,36.821106],[-108.719225,36.8211],[-108.719222,36.82119],[-108.718886,36.821184],[-108.718889,36.821094],[-108.719001,36.821096],[-108.719006,36.820916],[-108.718894,36.820913],[-108.718897,36.820823],[-108.719009,36.820825],[-108.719014,36.820645],[-108.719238,36.82065],[-108.719236,36.82074],[-108.71946,36.820744],[-108.719462,36.820654],[-108.719574,36.820656],[-108.719572,36.820746],[-108.719684,36.820748],[-108.719686,36.820658],[-108.719799,36.82066],[-108.719801,36.82057],[-108.720025,36.820575],[-108.720031,36.820394],[-108.720255,36.820399],[-108.72026,36.820219],[-108.720372,36.820221],[-108.72037,36.820311],[-108.720594,36.820315],[-108.720591,36.820405],[-108.720479,36.820403],[-108.720476,36.820493],[-108.720252,36.820489],[-108.720249,36.820579],[-108.720362,36.820581],[-108.720356,36.820761],[-108.720468,36.820763],[-108.720466,36.820853],[-108.720578,36.820856],[-108.720575,36.820946],[-108.720687,36.820948],[-108.72069,36.820858],[-108.720914,36.820862],[-108.720906,36.821132],[-108.720458,36.821124],[-108.720455,36.821214],[-108.720343,36.821212],[-108.72034,36.821302],[-108.720564,36.821306],[-108.720567,36.821216],[-108.720679,36.821218],[-108.720676,36.821308],[-108.7209,36.821312],[-108.720903,36.821222],[-108.721015,36.821224],[-108.720996,36.821855],[-108.721109,36.821857]],[[-108.721231,36.821499],[-108.721119,36.821497],[-108.721122,36.821407],[-108.721234,36.821409],[-108.721231,36.821499]],[[-108.721458,36.821413],[-108.721234,36.821409],[-108.721237,36.821319],[-108.721461,36.821323],[-108.721458,36.821413]]]},"properties":{"src":"truth"}},{"type":"Feature","geometry":{"type":"Polygon","coordinates":[[[-108.708398,36.81945],[-108.708403,36.81927],[-108.708515,36.819272],[-108.708518,36.819182],[-108.708406,36.819179],[-108.708411,36.818999],[-108.708299,36.818997],[-108.708294,36.819177],[-108.708182,36.819175],[-108.708179,36.819265],[-108.707955,36.819261],[-108.707957,36.819171],[-108.707733,36.819166],[-108.707728,36.819347],[-108.70784,36.819349],[-108.707837,36.819439],[-108.708061,36.819443],[-108.708064,36.819353],[-108.708288,36.819357],[-108.708286,36.819448],[-108.708398,36.81945]]]},"properties":{"src":"truth"}},{"type":"Feature","geometry":{"type":"Polygon","coordinates":[[[-108.721968,36.81935],[-108.72197,36.81926],[-108.721858,36.819258],[-108.721856,36.819348],[-108.721968,36.81935]]]},"properties":{"src":"truth"}},{"type":"Feature","geometry":{"type":"Polygon","coordinates":[[[-108.721858,36.819258],[-108.721861,36.819168],[-108.721749,36.819166],[-108.721746,36.819256],[-108.721858,36.819258]]]},"properties":{"src":"truth"}},{"type":"Feature","geometry":{"type":"Polygon","coordinates":[[[-108.721749,36.819166],[-108.721752,36.819076],[-108.72164,36.819073],[-108.721637,36.819163],[-108.721749,36.819166]]]},"properties":{"src":"truth"}},{"type":"Feature","geometry":{"type":"Polygon","coordinates":[[[-108.708299,36.818997],[-108.708302,36.818907],[-108.708414,36.818909],[-108.708419,36.818729],[-108.708195,36.818725],[-108.708192,36.818815],[-108.70808,36.818813],[-108.708078,36.818903],[-108.70819,36.818905],[-108.708187,36.818995],[-108.708299,36.818997]]]},"properties":{"src":"truth"}},{"type":"Feature","geometry":{"type":"Polygon","coordinates":[[[-108.728251,36.8192],[-108.728254,36.81911],[-108.728142,36.819108],[-108.728139,36.819198],[-108.728251,36.8192]]]},"properties":{"src":"truth"}},{"type":"Feature","geometry":{"type":"Polygon","coordinates":[[[-108.7268,36.818992],[-108.726802,36.818902],[-108.72669,36.8189],[-108.726688,36.81899],[-108.7268,36.818992]]]},"properties":{"src":"truth"}},{"type":"Feature","geometry":{"type":"Polygon","coordinates":[[[-108.721074,36.819243],[-108.72109,36.818702],[-108.720866,36.818698],[-108.720863,36.818788],[-108.720975,36.81879],[-108.720962,36.819241],[-108.721074,36.819243]]]},"properties":{"src":"truth"}},{"type":"Feature","geometry":{"type":"Polygon","coordinates":[[[-108.727475,36.818915],[-108.727478,36.818825],[-108.727365,36.818822],[-108.727363,36.818913],[-108.727475,36.818915]]]},"properties":{"src":"truth"}},{"type":"Feature","geometry":{"type":"Polygon","coordinates":[[[-108.722208,36.818814],[-108.722211,36.818724],[-108.722099,36.818722],[-108.722096,36.818812],[-108.722208,36.818814]]]},"properties":{"src":"truth"}},{"type":"Feature","geometry":{"type":"Polygon","coordinates":[[[-108.72164,36.819073],[-108.721645,36.818893],[-108.721533,36.818891],[-108.721536,36.818801],[-108.721424,36.818799],[-108.721429,36.818619],[-108.721093,36.818612],[-108.72109,36.818702],[-108.721202,36.818704],[-108.721199,36.818795],[-108.721311,36.818797],[-108.721309,36.818887],[-108.721421,36.818889],[-108.721416,36.819069],[-108.72164,36.819073]]]},"properties":{"src":"truth"}},{"type":"Feature","geometry":{"type":"Polygon","coordinates":[[[-108.725615,36.821132],[-108.725621,36.820952],[-108.725733,36.820954],[-108.725738,36.820774],[-108.725626,36.820772],[-108.725642,36.820232],[-108.725754,36.820234],[-108.725762,36.819963],[-108.725874,36.819966],[-108.725882,36.819695],[-108.72577,36.819693],[-108.725773,36.819603],[-108.725885,36.819605],[-108.725887,36.819515],[-108.727792,36.819552],[-108.727779,36.820002],[-108.727891,36.820004],[-108.727888,36.820094],[-108.728001,36.820096],[-108.728009,36.819826],[-108.728121,36.819828],[-108.728123,36.819738],[-108.728011,36.819736],[-108.728014,36.819646],[-108.727902,36.819644],[-108.727907,36.819464],[-108.728243,36.81947],[-108.728246,36.81938],[-108.728358,36.819382],[-108.728363,36.819202],[-108.728251,36.8192],[-108.728249,36.81929],[-108.728137,36.819288],[-108.728134,36.819378],[-108.72791,36.819374],[-108.727912,36.819284],[-108.727576,36.819277],[-108.727579,36.819187],[-108.727467,36.819185],[-108.727464,36.819275],[-108.727352,36.819273],[-108.727355,36.819183],[-108.727243,36.819181],[-108.727245,36.819091],[-108.727357,36.819093],[-108.727363,36.818913],[-108.727251,36.81891],[-108.727253,36.81882],[-108.727141,36.818818],[-108.727144,36.818728],[-108.726696,36.81872],[-108.726693,36.81881],[-108.726805,36.818812],[-108.726802,36.818902],[-108.727027,36.818906],[-108.727021,36.819086],[-108.726909,36.819084],[-108.726907,36.819174],[-108.726682,36.81917],[-108.72668,36.81926],[-108.726792,36.819262],[-108.726789,36.819352],[-108.725669,36.819331],[-108.725663,36.819511],[-108.725551,36.819509],[-108.725559,36.819239],[-108.725335,36.819234],[-108.72533,36.819414],[-108.725218,36.819412],[-108.725215,36.819502],[-108.725103,36.8195],[-108.7251,36.81959],[-108.724988,36.819588],[-108.724985,36.819678],[-108.725098,36.81968],[-108.725068,36.820671],[-108.724956,36.820669],[-108.724953,36.820759],[-108.724841,36.820757],[-108.724844,36.820667],[-108.724732,36.820665],[-108.724727,36.820845],[-108.724615,36.820843],[-108.724612,36.820933],[-108.724836,36.820937],[-108.724839,36.820847],[-108.725175,36.820854],[-108.725178,36.820763],[-108.72529,36.820766],[-108.725287,36.820856],[-108.725511,36.82086],[-108.725503,36.82113],[-108.725615,36.821132]],[[-108.725322,36.819685],[-108.72521,36.819683],[-108.725215,36.819502],[-108.725327,36.819505],[-108.725322,36.819685]]]},"properties":{"src":"truth"}},{"type":"Feature","geometry":{"type":"Polygon","coordinates":[[[-108.711661,36.819062],[-108.711663,36.818972],[-108.712,36.818978],[-108.712005,36.818798],[-108.712117,36.8188],[-108.71212,36.81871],[-108.712008,36.818708],[-108.712016,36.818438],[-108.711904,36.818436],[-108.711898,36.818616],[-108.711786,36.818614],[-108.711789,36.818524],[-108.711565,36.818519],[-108.711559,36.818699],[-108.711447,36.818697],[-108.71145,36.818607],[-108.711114,36.818601],[-108.711111,36.818691],[-108.710887,36.818687],[-108.710882,36.818867],[-108.709985,36.818849],[-108.709983,36.818939],[-108.711103,36.818961],[-108.711101,36.819051],[-108.711661,36.819062]]]},"properties":{"src":"truth"}},{"type":"Feature","geometry":{"type":"Polygon","coordinates":[[[-108.720869,36.818608],[-108.720871,36.818518],[-108.720759,36.818516],[-108.720757,36.818606],[-108.720869,36.818608]]]},"properties":{"src":"truth"}},{"type":"Feature","geometry":{"type":"Polygon","coordinates":[[[-108.721319,36.818526],[-108.721322,36.818436],[-108.721098,36.818432],[-108.721095,36.818522],[-108.721319,36.818526]]]},"properties":{"src":"truth"}},{"type":"Feature","geometry":{"type":"Polygon","coordinates":[[[-108.720759,36.818516],[-108.720762,36.818426],[-108.72065,36.818424],[-108.720647,36.818514],[-108.720759,36.818516]]]},"properties":{"src":"truth"}},{"type":"Feature","geometry":{"type":"Polygon","coordinates":[[[-108.72065,36.818424],[-108.720652,36.818333],[-108.72054,36.818331],[-108.720538,36.818421],[-108.72065,36.818424]]]},"properties":{"src":"truth"}},{"type":"Feature","geometry":{"type":"Polygon","coordinates":[[[-108.712128,36.81844],[-108.712139,36.81808],[-108.711914,36.818075],[-108.711912,36.818165],[-108.711464,36.818157],[-108.711461,36.818247],[-108.711573,36.818249],[-108.71157,36.818339],[-108.711682,36.818341],[-108.71168,36.818431],[-108.711904,36.818436],[-108.711906,36.818346],[-108.712018,36.818348],[-108.712016,36.818438],[-108.712128,36.81844]]]},"properties":{"src":"truth"}},{"type":"Feature","geometry":{"type":"Polygon","coordinates":[[[-108.72054,36.818331],[-108.720543,36.818241],[-108.720431,36.818239],[-108.720428,36.818329],[-108.72054,36.818331]]]},"properties":{"src":"truth"}},{"type":"Feature","geometry":{"type":"Polygon","coordinates":[[[-108.705826,36.81922],[-108.705828,36.81913],[-108.70594,36.819132],[-108.705948,36.818862],[-108.70606,36.818864],[-108.706074,36.818413],[-108.706186,36.818416],[-108.706194,36.818145],[-108.706306,36.818148],[-108.706314,36.817877],[-108.706202,36.817875],[-108.706205,36.817785],[-108.705981,36.817781],[-108.705978,36.817871],[-108.705866,36.817869],[-108.705861,36.818049],[-108.705973,36.818051],[-108.705967,36.818231],[-108.705855,36.818229],[-108.705844,36.818589],[-108.705732,36.818587],[-108.705724,36.818857],[-108.705612,36.818855],[-108.705601,36.819215],[-108.705826,36.81922]]]},"properties":{"src":"truth"}},{"type":"Feature","geometry":{"type":"Polygon","coordinates":[[[-108.720431,36.818239],[-108.720436,36.818059],[-108.720212,36.818055],[-108.72021,36.818145],[-108.720322,36.818147],[-108.720319,36.818237],[-108.720431,36.818239]]]},"properties":{"src":"truth"}},{"type":"Feature","geometry":{"type":"Polygon","coordinates":[[[-108.702392,36.817802],[-108.702395,36.817712],[-108.702283,36.817709],[-108.70228,36.817799],[-108.702392,36.817802]]]},"properties":{"src":"truth"}},{"type":"Feature","geometry":{"type":"Polygon","coordinates":[[[-108.728262,36.81884],[-108.728265,36.81875],[-108.728377,36.818752],[-108.728379,36.818662],[-108.728491,36.818664],[-108.728499,36.818394],[-108.728275,36.818389],[-108.728283,36.818119],[-108.727947,36.818113],[-108.727944,36.818203],[-108.728169,36.818207],[-108.728166,36.818297],[-108.728054,36.818295],[-108.728051,36.818385],[-108.727827,36.818381],[-108.727824,36.818471],[-108.728161,36.818477],[-108.728155,36.818657],[-108.728043,36.818655],[-108.72804,36.818745],[-108.727928,36.818743],[-108.727931,36.818653],[-108.727819,36.818651],[-108.727814,36.818831],[-108.728262,36.81884]]]},"properties":{"src":"truth"}},{"type":"Feature","geometry":{"type":"Polygon","coordinates":[[[-108.720212,36.818055],[-108.720215,36.817965],[-108.720103,36.817962],[-108.7201,36.818052],[-108.720212,36.818055]]]},"properties":{"src":"truth"}},{"type":"Feature","geometry":{"type":"Polygon","coordinates":[[[-108.720103,36.817962],[-108.720108,36.817782],[-108.719884,36.817778],[-108.719881,36.817868],[-108.719993,36.81787],[-108.719991,36.81796],[-108.720103,36.817962]]]},"properties":{"src":"truth"}},{"type":"Feature","geometry":{"type":"Polygon","coordinates":[[[-108.710805,36.817694],[-108.710807,36.817603],[-108.710695,36.817601],[-108.710693,36.817691],[-108.710805,36.817694]]]},"properties":{"src":"truth"}},{"type":"Feature","geometry":{"type":"Polygon","coordinates":[[[-108.702947,36.817993],[-108.70295,36.817902],[-108.70351,36.817913],[-108.703515,36.817733],[-108.703403,36.817731],[-108.703406,36.817641],[-108.703854,36.81765],[-108.703857,36.81756],[-108.703969,36.817562],[-108.703972,36.817472],[-108.703636,36.817465],[-108.703633,36.817555],[-108.702848,36.81754],[-108.702846,36.81763],[-108.702397,36.817621],[-108.702395,36.817712],[-108.702507,36.817714],[-108.702504,36.817804],[-108.702616,36.817806],[-108.702614,36.817896],[-108.702838,36.8179],[-108.702835,36.81799],[-108.702947,36.817993]]]},"properties":{"src":"truth"}},{"type":"Feature","geometry":{"type":"Polygon","coordinates":[[[-108.711031,36.817608],[-108.711034,36.817518],[-108.71081,36.817513],[-108.710807,36.817603],[-108.711031,36.817608]]]},"properties":{"src":"truth"}},{"type":"Feature","geometry":{"type":"Polygon","coordinates":[[[-108.740839,36.818178],[-108.740847,36.817908],[-108.740623,36.817904],[-108.740621,36.817994],[-108.740733,36.817996],[-108.740727,36.818176],[-108.740839,36.818178]]]},"properties":{"src":"truth"}},{"type":"Feature","geometry":{"type":"Polygon","coordinates":[[[-108.711813,36.817713],[-108.711816,36.817623],[-108.71204,36.817627],[-108.712043,36.817537],[-108.711931,36.817535],[-108.711933,36.817445],[-108.711821,36.817443],[-108.711824,36.817353],[-108.711712,36.81735],[-108.711709,36.817441],[-108.711149,36.81743],[-108.711146,36.81752],[-108.711258,36.817522],[-108.711256,36.817612],[-108.711368,36.817614],[-108.711365,36.817704],[-108.711589,36.817709],[-108.711592,36.817619],[-108.711704,36.817621],[-108.711701,36.817711],[-108.711813,36.817713]]]},"properties":{"src":"truth"}},{"type":"Feature","geometry":{"type":"Polygon","coordinates":[[[-108.719884,36.817778],[-108.719889,36.817598],[-108.719777,36.817596],[-108.719783,36.817415],[-108.719559,36.817411],[-108.719556,36.817501],[-108.719108,36.817493],[-108.719102,36.817673],[-108.719214,36.817675],[-108.719217,36.817585],[-108.719329,36.817587],[-108.719326,36.817677],[-108.719775,36.817686],[-108.719772,36.817776],[-108.719884,36.817778]],[[-108.719665,36.817593],[-108.719553,36.817591],[-108.719556,36.817501],[-108.719668,36.817503],[-108.719665,36.817593]]]},"properties":{"src":"truth"}},{"type":"Feature","geometry":{"type":"Polygon","coordinates":[[[-108.728745,36.817677],[-108.72875,36.817497],[-108.72819,36.817486],[-108.728185,36.817667],[-108.728409,36.817671],[-108.728411,36.817581],[-108.728635,36.817585],[-108.728633,36.817675],[-108.728745,36.817677]]]},"properties":{"src":"truth"}},{"type":"Feature","geometry":{"type":"Polygon","coordinates":[[[-108.719559,36.817411],[-108.719561,36.817321],[-108.719449,36.817319],[-108.719447,36.817409],[-108.719559,36.817411]]]},"properties":{"src":"truth"}},{"type":"Feature","geometry":{"type":"Polygon","coordinates":[[[-108.719449,36.817319],[-108.719455,36.817139],[-108.71923,36.817135],[-108.719228,36.817225],[-108.71934,36.817227],[-108.719337,36.817317],[-108.719449,36.817319]]]},"properties":{"src":"truth"}},{"type":"Feature","geometry":{"type":"Polygon","coordinates":[[[-108.71923,36.817135],[-108.719233,36.817044],[-108.719121,36.817042],[-108.719118,36.817132],[-108.71923,36.817135]]]},"properties":{"src":"truth"}},{"type":"Feature","geometry":{"type":"Polygon","coordinates":[[[-108.72796,36.817662],[-108.727966,36.817482],[-108.72819,36.817486],[-108.728193,36.817396],[-108.72808,36.817394],[-108.728083,36.817304],[-108.727971,36.817302],[-108.727976,36.817122],[-108.727864,36.81712],[-108.727848,36.81766],[-108.72796,36.817662]]]},"properties":{"src":"truth"}},{"type":"Feature","geometry":{"type":"Polygon","coordinates":[[[-108.719121,36.817042],[-108.719124,36.816952],[-108.719012,36.81695],[-108.719009,36.81704],[-108.719121,36.817042]]]},"properties":{"src":"truth"}},{"type":"Feature","geometry":{"type":"Polygon","coordinates":[[[-108.736045,36.817276],[-108.736047,36.817186],[-108.735935,36.817184],[-108.735933,36.817274],[-108.736045,36.817276]]]},"properties":{"src":"truth"}},{"type":"Feature","geometry":{"type":"Polygon","coordinates":[[[-108.735161,36.816808],[-108.735164,36.816718],[-108.735052,36.816716],[-108.735049,36.816806],[-108.735161,36.816808]]]},"properties":{"src":"truth"}},{"type":"Feature","geometry":{"type":"Polygon","coordinates":[[[-108.718577,36.816491],[-108.718579,36.816401],[-108.718467,36.816399],[-108.718465,36.816489],[-108.718577,36.816491]]]},"properties":{"src":"truth"}},{"type":"Feature","geometry":{"type":"Polygon","coordinates":[[[-108.718467,36.816399],[-108.71847,36.816309],[-108.718358,36.816307],[-108.718355,36.816397],[-108.718467,36.816399]]]},"properties":{"src":"truth"}},{"type":"Feature","geometry":{"type":"Polygon","coordinates":[[[-108.718358,36.816307],[-108.718361,36.816217],[-108.718249,36.816214],[-108.718251,36.816124],[-108.718139,36.816122],[-108.718134,36.816302],[-108.718358,36.816307]]]},"properties":{"src":"truth"}},{"type":"Feature","geometry":{"type":"Polygon","coordinates":[[[-108.718139,36.816122],[-108.718142,36.816032],[-108.71803,36.81603],[-108.718027,36.81612],[-108.718139,36.816122]]]},"properties":{"src":"truth"}},{"type":"Feature","geometry":{"type":"Polygon","coordinates":[[[-108.727979,36.817032],[-108.727982,36.816942],[-108.728094,36.816944],[-108.728099,36.816764],[-108.727987,36.816761],[-108.727995,36.816491],[-108.728107,36.816493],[-108.72811,36.816403],[-108.728222,36.816405],[-108.728224,36.816315],[-108.728112,36.816313],[-108.728118,36.816133],[-108.728006,36.816131],[-108.728,36.816311],[-108.727776,36.816307],[-108.727768,36.816577],[-108.72788,36.816579],[-108.727878,36.816669],[-108.727766,36.816667],[-108.727763,36.816757],[-108.727875,36.816759],[-108.727867,36.81703],[-108.727979,36.817032]]]},"properties":{"src":"truth"}},{"type":"Feature","geometry":{"type":"Polygon","coordinates":[[[-108.71803,36.81603],[-108.718033,36.81594],[-108.717921,36.815938],[-108.717918,36.816028],[-108.71803,36.81603]]]},"properties":{"src":"truth"}},{"type":"Feature","geometry":{"type":"Polygon","coordinates":[[[-108.725989,36.816092],[-108.725991,36.816002],[-108.725879,36.816],[-108.725877,36.81609],[-108.725989,36.816092]]]},"properties":{"src":"truth"}},{"type":"Feature","geometry":{"type":"Polygon","coordinates":[[[-108.717921,36.815938],[-108.717923,36.815848],[-108.717811,36.815845],[-108.717808,36.815936],[-108.717921,36.815938]]]},"properties":{"src":"truth"}},{"type":"Feature","geometry":{"type":"Polygon","coordinates":[[[-108.716549,36.816813],[-108.716581,36.815732],[-108.714788,36.815697],[-108.714786,36.815787],[-108.714898,36.81579],[-108.714895,36.81588],[-108.715231,36.815886],[-108.715228,36.815976],[-108.715116,36.815974],[-108.715114,36.816064],[-108.715226,36.816066],[-108.71522,36.816246],[-108.715108,36.816244],[-108.715106,36.816334],[-108.715218,36.816336],[-108.715204,36.816787],[-108.715428,36.816791],[-108.715431,36.816701],[-108.715879,36.81671],[-108.715877,36.8168],[-108.715989,36.816802],[-108.715991,36.816712],[-108.716216,36.816716],[-108.716213,36.816806],[-108.716325,36.816808],[-108.716328,36.816718],[-108.71644,36.81672],[-108.716437,36.81681],[-108.716549,36.816813]]]},"properties":{"src":"truth"}},{"type":"Feature","geometry":{"type":"Polygon","coordinates":[[[-108.705989,36.817511],[-108.705997,36.81724],[-108.706333,36.817247],[-108.706336,36.817157],[-108.706672,36.817163],[-108.706677,36.816983],[-108.706789,36.816985],[-108.706797,36.816715],[-108.706909,36.816717],[-108.706915,36.816537],[-108.707027,36.816539],[-108.707038,36.816179],[-108.70715,36.816181],[-108.707171,36.81546],[-108.706947,36.815456],[-108.706934,36.815907],[-108.706822,36.815904],[-108.706813,36.816175],[-108.706701,36.816172],[-108.706693,36.816443],[-108.706581,36.81644],[-108.706573,36.816711],[-108.706461,36.816709],[-108.706453,36.816979],[-108.706341,36.816977],[-108.706338,36.817067],[-108.706226,36.817065],[-108.706229,36.816974],[-108.706117,36.816972],[-108.706114,36.817062],[-108.706002,36.81706],[-108.706,36.81715],[-108.705663,36.817144],[-108.705666,36.817054],[-108.705554,36.817052],[-108.705551,36.817142],[-108.705215,36.817135],[-108.705218,36.817045],[-108.705106,36.817043],[-108.705098,36.817313],[-108.70521,36.817315],[-108.705207,36.817405],[-108.705431,36.81741],[-108.705434,36.81732],[-108.70577,36.817326],[-108.705767,36.817416],[-108.705879,36.817418],[-108.705877,36.817508],[-108.705989,36.817511]],[[-108.705882,36.817328],[-108.70577,36.817326],[-108.705773,36.817236],[-108.705885,36.817238],[-108.705882,36.817328]]]},"properties":{"src":"truth"}},{"type":"Feature","geometry":{"type":"Polygon","coordinates":[[[-108.728235,36.815955],[-108.728238,36.815865],[-108.728014,36.815861],[-108.728011,36.815951],[-108.728235,36.815955]]]},"properties":{"src":"truth"}},{"type":"Feature","geometry":{"type":"Polygon","coordinates":[[[-108.709634,36.815598],[-108.709636,36.815508],[-108.709524,36.815506],[-108.709522,36.815596],[-108.709634,36.815598]]]},"properties":{"src":"truth"}},{"type":"Feature","geometry":{"type":"Polygon","coordinates":[[[-108.714559,36.815873],[-108.714564,36.815693],[-108.714676,36.815695],[-108.714679,36.815605],[-108.714343,36.815599],[-108.714345,36.815509],[-108.714233,36.815506],[-108.714228,36.815687],[-108.714116,36.815684],[-108.714113,36.815774],[-108.714337,36.815779],[-108.714335,36.815869],[-108.714559,36.815873]]]},"properties":{"src":"truth"}},{"type":"Feature","geometry":{"type":"Polygon","coordinates":[[[-108.721061,36.815908],[-108.721066,36.815728],[-108.720954,36.815726],[-108.720957,36.815635],[-108.720621,36.815629],[-108.720623,36.815539],[-108.720175,36.81553],[-108.72017,36.81571],[-108.719946,36.815706],[-108.719943,36.815796],[-108.720951,36.815816],[-108.720949,36.815906],[-108.721061,36.815908]]]},"properties":{"src":"truth"}},{"type":"Feature","geometry":{"type":"Polygon","coordinates":[[[-108.709988,36.818759],[-108.710001,36.818309],[-108.710113,36.818311],[-108.710116,36.818221],[-108.710004,36.818219],[-108.71002,36.817678],[-108.71058,36.817689],[-108.710583,36.817599],[-108.710695,36.817601],[-108.710698,36.817511],[-108.710474,36.817507],[-108.710476,36.817417],[-108.71014,36.81741],[-108.710138,36.8175],[-108.710026,36.817498],[-108.710028,36.817408],[-108.709916,36.817406],[-108.709922,36.817226],[-108.710034,36.817228],[-108.710036,36.817138],[-108.709924,36.817136],[-108.709927,36.817046],[-108.710039,36.817048],[-108.710042,36.816958],[-108.70993,36.816956],[-108.709932,36.816866],[-108.710044,36.816868],[-108.710047,36.816778],[-108.709935,36.816776],[-108.709962,36.815875],[-108.710746,36.81589],[-108.710749,36.8158],[-108.711982,36.815824],[-108.711949,36.816904],[-108.711837,36.816902],[-108.711835,36.816992],[-108.711947,36.816995],[-108.711944,36.817085],[-108.712056,36.817087],[-108.712059,36.816997],[-108.712171,36.816999],[-108.712173,36.816909],[-108.712061,36.816907],[-108.712069,36.816636],[-108.712181,36.816639],[-108.712187,36.816458],[-108.712075,36.816456],[-108.712077,36.816366],[-108.71219,36.816368],[-108.712206,36.815828],[-108.712094,36.815826],[-108.712096,36.815736],[-108.711984,36.815733],[-108.711987,36.815643],[-108.711539,36.815635],[-108.711536,36.815725],[-108.711312,36.815721],[-108.711315,36.81563],[-108.710306,36.815611],[-108.710303,36.815701],[-108.709967,36.815695],[-108.709975,36.815424],[-108.709863,36.815422],[-108.709869,36.815242],[-108.709756,36.81524],[-108.709746,36.8156],[-108.709634,36.815598],[-108.709631,36.815688],[-108.708174,36.81566],[-108.708172,36.81575],[-108.70806,36.815748],[-108.708065,36.815568],[-108.707953,36.815566],[-108.707956,36.815476],[-108.707843,36.815473],[-108.707841,36.815563],[-108.707729,36.815561],[-108.707726,36.815651],[-108.707614,36.815649],[-108.707611,36.815739],[-108.707275,36.815733],[-108.70727,36.815913],[-108.707382,36.815915],[-108.707379,36.816005],[-108.707491,36.816007],[-108.707486,36.816188],[-108.70771,36.816192],[-108.707699,36.816552],[-108.707811,36.816554],[-108.707806,36.816734],[-108.707918,36.816737],[-108.707915,36.816827],[-108.708251,36.816833],[-108.708246,36.817013],[-108.708022,36.817009],[-108.708011,36.817369],[-108.708123,36.817371],[-108.708118,36.817552],[-108.707782,36.817545],[-108.707779,36.817635],[-108.708003,36.81764],[-108.708,36.81773],[-108.708112,36.817732],[-108.70811,36.817822],[-108.708222,36.817824],[-108.708216,36.818004],[-108.708329,36.818006],[-108.708326,36.818096],[-108.708438,36.818099],[-108.708433,36.818279],[-108.708545,36.818281],[-108.708558,36.81783],[-108.70867,36.817833],[-108.708675,36.817653],[-108.709236,36.817663],[-108.709233,36.817753],[-108.709345,36.817756],[-108.709348,36.817665],[-108.709796,36.817674],[-108.709793,36.817764],[-108.709905,36.817766],[-108.709903,36.817856],[-108.709791,36.817854],[-108.709777,36.818305],[-108.709889,36.818307],[-108.709884,36.818487],[-108.709772,36.818485],[-108.709769,36.818575],[-108.709881,36.818577],[-108.709876,36.818757],[-108.709988,36.818759]],[[-108.707603,36.81601],[-108.707491,36.816007],[-108.707494,36.815917],[-108.707606,36.815919],[-108.707603,36.81601]]]},"properties":{"src":"truth"}},{"type":"Feature","geometry":{"type":"Polygon","coordinates":[[[-108.727678,36.815854],[-108.727683,36.815674],[-108.727571,36.815672],[-108.727573,36.815582],[-108.726677,36.815565],[-108.726674,36.815655],[-108.726786,36.815657],[-108.726784,36.815747],[-108.727008,36.815751],[-108.72701,36.815661],[-108.727235,36.815666],[-108.727229,36.815846],[-108.727341,36.815848],[-108.727344,36.815758],[-108.727568,36.815762],[-108.727565,36.815852],[-108.727678,36.815854]]]},"properties":{"src":"truth"}},{"type":"Feature","geometry":{"type":"Polygon","coordinates":[[[-108.722638,36.819453],[-108.72264,36.819363],[-108.722752,36.819365],[-108.72276,36.819095],[-108.722648,36.819093],[-108.722654,36.818913],[-108.722541,36.81891],[-108.722547,36.81873],[-108.722435,36.818728],[-108.72244,36.818548],[-108.722328,36.818546],[-108.722331,36.818456],[-108.722443,36.818458],[-108.722445,36.818368],[-108.722333,36.818366],[-108.722336,36.818276],[-108.722448,36.818278],[-108.722456,36.818008],[-108.722344,36.818005],[-108.722347,36.817915],[-108.722235,36.817913],[-108.72224,36.817733],[-108.722128,36.817731],[-108.722131,36.817641],[-108.722243,36.817643],[-108.722248,36.817463],[-108.722136,36.817461],[-108.722139,36.817371],[-108.722251,36.817373],[-108.722259,36.817102],[-108.722147,36.8171],[-108.722152,36.81692],[-108.722264,36.816922],[-108.722267,36.816832],[-108.722155,36.81683],[-108.722157,36.81674],[-108.722269,36.816742],[-108.722296,36.815841],[-108.72252,36.815846],[-108.722523,36.815756],[-108.722411,36.815753],[-108.722413,36.815663],[-108.722301,36.815661],[-108.722299,36.815751],[-108.722187,36.815749],[-108.722189,36.815659],[-108.722077,36.815657],[-108.722085,36.815387],[-108.721973,36.815385],[-108.721965,36.815655],[-108.721629,36.815648],[-108.721626,36.815738],[-108.721738,36.815741],[-108.721736,36.815831],[-108.721848,36.815833],[-108.721845,36.815923],[-108.721733,36.815921],[-108.72173,36.816011],[-108.721843,36.816013],[-108.72184,36.816103],[-108.721952,36.816105],[-108.721949,36.816195],[-108.722061,36.816197],[-108.722064,36.816107],[-108.722176,36.816109],[-108.722165,36.81647],[-108.722053,36.816468],[-108.722056,36.816378],[-108.721944,36.816375],[-108.721939,36.816556],[-108.721714,36.816551],[-108.721712,36.816641],[-108.721824,36.816643],[-108.721818,36.816824],[-108.722043,36.816828],[-108.72204,36.816918],[-108.721928,36.816916],[-108.721904,36.817727],[-108.722016,36.817729],[-108.722008,36.817999],[-108.72212,36.818001],[-108.722117,36.818091],[-108.721893,36.818087],[-108.721885,36.818357],[-108.722221,36.818364],[-108.722219,36.818454],[-108.722107,36.818451],[-108.722101,36.818632],[-108.722325,36.818636],[-108.72232,36.818816],[-108.722208,36.818814],[-108.722205,36.818904],[-108.722093,36.818902],[-108.722088,36.819082],[-108.722312,36.819086],[-108.722315,36.818996],[-108.722427,36.818998],[-108.722413,36.819449],[-108.722638,36.819453]]]},"properties":{"src":"truth"}},{"type":"Feature","geometry":{"type":"Polygon","coordinates":[[[-108.707062,36.815368],[-108.707067,36.815188],[-108.707179,36.81519],[-108.707182,36.8151],[-108.706958,36.815096],[-108.70695,36.815366],[-108.707062,36.815368]]]},"properties":{"src":"truth"}},{"type":"Feature","geometry":{"type":"Polygon","coordinates":[[[-108.707742,36.815111],[-108.707745,36.815021],[-108.707633,36.815019],[-108.70763,36.815109],[-108.707742,36.815111]]]},"properties":{"src":"truth"}},{"type":"Feature","geometry":{"type":"Polygon","coordinates":[[[-108.725674,36.819151],[-108.725677,36.819061],[-108.725564,36.819058],[-108.72557,36.818878],[-108.725682,36.81888],[-108.72569,36.81861],[-108.725578,36.818608],[-108.72558,36.818518],[-108.725693,36.81852],[-108.725701,36.81825],[-108.725588,36.818248],[-108.725591,36.818158],[-108.725703,36.81816],[-108.725714,36.8178],[-108.725602,36.817797],[-108.725623,36.817077],[-108.725511,36.817075],[-108.725514,36.816985],[-108.725626,36.816987],[-108.725644,36.816356],[-108.725757,36.816358],[-108.725767,36.815998],[-108.725879,36.816],[-108.725887,36.81573],[-108.725663,36.815726],[-108.72566,36.815816],[-108.725548,36.815814],[-108.725551,36.815723],[-108.725439,36.815721],[-108.725442,36.815631],[-108.725666,36.815636],[-108.725679,36.815185],[-108.725455,36.815181],[-108.72545,36.815361],[-108.725114,36.815355],[-108.725111,36.815445],[-108.724999,36.815443],[-108.724996,36.815533],[-108.725108,36.815535],[-108.725106,36.815625],[-108.725218,36.815627],[-108.725215,36.815717],[-108.723982,36.815693],[-108.723985,36.815603],[-108.723873,36.815601],[-108.72387,36.815691],[-108.723758,36.815689],[-108.723761,36.815599],[-108.723649,36.815597],[-108.723646,36.815687],[-108.72331,36.815681],[-108.723307,36.815771],[-108.723195,36.815768],[-108.723198,36.815678],[-108.723086,36.815676],[-108.723088,36.815586],[-108.722976,36.815584],[-108.722968,36.815854],[-108.723193,36.815859],[-108.723177,36.816399],[-108.723289,36.816401],[-108.723283,36.816581],[-108.723171,36.816579],[-108.723169,36.816669],[-108.723281,36.816671],[-108.723278,36.816761],[-108.723166,36.816759],[-108.723163,36.816849],[-108.723275,36.816852],[-108.723259,36.817392],[-108.723707,36.817401],[-108.723702,36.817581],[-108.723142,36.81757],[-108.723134,36.81784],[-108.723246,36.817842],[-108.723235,36.818203],[-108.723347,36.818205],[-108.723345,36.818295],[-108.723457,36.818297],[-108.723465,36.818027],[-108.723913,36.818035],[-108.723916,36.817945],[-108.724028,36.817947],[-108.724025,36.818038],[-108.724249,36.818042],[-108.724244,36.818222],[-108.724356,36.818224],[-108.724348,36.818494],[-108.724236,36.818492],[-108.724233,36.818582],[-108.724457,36.818587],[-108.724455,36.818677],[-108.724567,36.818679],[-108.724564,36.818769],[-108.725348,36.818784],[-108.725343,36.818964],[-108.725455,36.818966],[-108.72545,36.819146],[-108.725674,36.819151]]]},"properties":{"src":"truth"}},{"type":"Feature","geometry":{"type":"Polygon","coordinates":[[[-108.727907,36.815678],[-108.727928,36.814958],[-108.72804,36.81496],[-108.728051,36.8146],[-108.727939,36.814597],[-108.727936,36.814688],[-108.727824,36.814685],[-108.727798,36.815586],[-108.727685,36.815584],[-108.727683,36.815674],[-108.727907,36.815678]]]},"properties":{"src":"truth"}},{"type":"Feature","geometry":{"type":"Polygon","coordinates":[[[-108.742728,36.814969],[-108.74273,36.814879],[-108.742618,36.814877],[-108.742616,36.814967],[-108.742728,36.814969]]]},"properties":{"src":"truth"}},{"type":"Feature","geometry":{"type":"Polygon","coordinates":[[[-108.742618,36.814877],[-108.742621,36.814787],[-108.742509,36.814785],[-108.742506,36.814875],[-108.742618,36.814877]]]},"properties":{"src":"truth"}},{"type":"Feature","geometry":{"type":"Polygon","coordinates":[[[-108.707324,36.814111],[-108.707326,36.814021],[-108.707214,36.814019],[-108.707211,36.814109],[-108.707324,36.814111]]]},"properties":{"src":"truth"}},{"type":"Feature","geometry":{"type":"Polygon","coordinates":[[[-108.706539,36.814096],[-108.706542,36.814006],[-108.70643,36.814004],[-108.706427,36.814094],[-108.706539,36.814096]]]},"properties":{"src":"truth"}},{"type":"Feature","geometry":{"type":"Polygon","coordinates":[[[-108.707438,36.814024],[-108.707441,36.813934],[-108.707329,36.813931],[-108.707326,36.814021],[-108.707438,36.814024]]]},"properties":{"src":"truth"}},{"type":"Feature","geometry":{"type":"Polygon","coordinates":[[[-108.742509,36.814785],[-108.742519,36.814425],[-108.742407,36.814423],[-108.74241,36.814332],[-108.742186,36.814328],[-108.742181,36.814508],[-108.742293,36.814511],[-108.742287,36.814691],[-108.7424,36.814693],[-108.742397,36.814783],[-108.742509,36.814785]]]},"properties":{"src":"truth"}},{"type":"Feature","geometry":{"type":"Polygon","coordinates":[[[-108.716835,36.814745],[-108.71684,36.814565],[-108.716952,36.814567],[-108.716957,36.814387],[-108.71707,36.814389],[-108.717078,36.814119],[-108.71719,36.814121],[-108.717187,36.814211],[-108.717411,36.814216],[-108.717419,36.813945],[-108.717307,36.813943],[-108.71731,36.813853],[-108.717198,36.813851],[-108.717195,36.813941],[-108.716971,36.813937],[-108.716974,36.813847],[-108.716861,36.813844],[-108.716859,36.813935],[-108.716747,36.813932],[-108.716749,36.813842],[-108.716637,36.81384],[-108.716632,36.81402],[-108.71652,36.814018],[-108.716517,36.814108],[-108.716629,36.81411],[-108.716611,36.814741],[-108.716835,36.814745]]]},"properties":{"src":"truth"}},{"type":"Feature","geometry":{"type":"Polygon","coordinates":[[[-108.719012,36.81695],[-108.719017,36.81677],[-108.719129,36.816772],[-108.719126,36.816862],[-108.719238,36.816864],[-108.719241,36.816774],[-108.719465,36.816779],[-108.719471,36.816598],[-108.719359,36.816596],[-108.719356,36.816686],[-108.719132,36.816682],[-108.719134,36.816592],[-108.719022,36.81659],[-108.719025,36.8165],[-108.719249,36.816504],[-108.719252,36.816414],[-108.719364,36.816416],[-108.719367,36.816326],[-108.71903,36.81632],[-108.719028,36.81641],[-108.718916,36.816407],[-108.718926,36.816047],[-108.719038,36.816049],[-108.719044,36.815869],[-108.719268,36.815873],[-108.719271,36.815783],[-108.719495,36.815788],[-108.719497,36.815698],[-108.719161,36.815691],[-108.719164,36.815601],[-108.719052,36.815599],[-108.71906,36.815329],[-108.719172,36.815331],[-108.719177,36.815151],[-108.718953,36.815146],[-108.718969,36.814606],[-108.719081,36.814608],[-108.719084,36.814518],[-108.719196,36.81452],[-108.719193,36.81461],[-108.719305,36.814612],[-108.7193,36.814793],[-108.719412,36.814795],[-108.719401,36.815155],[-108.719513,36.815157],[-108.719527,36.814707],[-108.719863,36.814713],[-108.71986,36.814803],[-108.719748,36.814801],[-108.719743,36.814981],[-108.719855,36.814983],[-108.719852,36.815074],[-108.719964,36.815076],[-108.719959,36.815256],[-108.720071,36.815258],[-108.720068,36.815348],[-108.72018,36.81535],[-108.720186,36.81517],[-108.720298,36.815172],[-108.720295,36.815262],[-108.720519,36.815267],[-108.720522,36.815176],[-108.720634,36.815179],[-108.720631,36.815269],[-108.720743,36.815271],[-108.720746,36.815181],[-108.720858,36.815183],[-108.720861,36.815093],[-108.720973,36.815095],[-108.72097,36.815185],[-108.721082,36.815187],[-108.721112,36.814196],[-108.720999,36.814194],[-108.720997,36.814284],[-108.720885,36.814282],[-108.720882,36.814372],[-108.72077,36.81437],[-108.720773,36.81428],[-108.720661,36.814278],[-108.720663,36.814188],[-108.720551,36.814186],[-108.720549,36.814276],[-108.720437,36.814274],[-108.720434,36.814364],[-108.719986,36.814355],[-108.719983,36.814445],[-108.719871,36.814443],[-108.719874,36.814353],[-108.719649,36.814349],[-108.719647,36.814439],[-108.719423,36.814434],[-108.719431,36.814164],[-108.71887,36.814153],[-108.718873,36.814063],[-108.719545,36.814076],[-108.719548,36.813986],[-108.720108,36.813997],[-108.720111,36.813907],[-108.718878,36.813883],[-108.718876,36.813973],[-108.717755,36.813952],[-108.717753,36.814042],[-108.718089,36.814048],[-108.718086,36.814138],[-108.718198,36.814141],[-108.718201,36.81405],[-108.718313,36.814053],[-108.71831,36.814143],[-108.718422,36.814145],[-108.718425,36.814055],[-108.718537,36.814057],[-108.718534,36.814147],[-108.718646,36.814149],[-108.718641,36.814329],[-108.718417,36.814325],[-108.718414,36.814415],[-108.718526,36.814417],[-108.718524,36.814507],[-108.718636,36.814509],[-108.718633,36.814599],[-108.718745,36.814602],[-108.718734,36.814962],[-108.718622,36.81496],[-108.71862,36.81505],[-108.718732,36.815052],[-108.718724,36.815322],[-108.718836,36.815324],[-108.718833,36.815414],[-108.718721,36.815412],[-108.718718,36.815502],[-108.718606,36.8155],[-108.718598,36.81577],[-108.71871,36.815773],[-108.718689,36.816493],[-108.718577,36.816491],[-108.718571,36.816671],[-108.718684,36.816673],[-108.718681,36.816763],[-108.718793,36.816766],[-108.71879,36.816856],[-108.718902,36.816858],[-108.7189,36.816948],[-108.719012,36.81695]],[[-108.718798,36.816585],[-108.718686,36.816583],[-108.718689,36.816493],[-108.718801,36.816495],[-108.718798,36.816585]]]},"properties":{"src":"truth"}},{"type":"Feature","geometry":{"type":"Polygon","coordinates":[[[-108.710811,36.813728],[-108.710816,36.813548],[-108.710592,36.813544],[-108.710587,36.813724],[-108.710811,36.813728]]]},"properties":{"src":"truth"}},{"type":"Feature","geometry":{"type":"Polygon","coordinates":[[[-108.721117,36.814016],[-108.72112,36.813926],[-108.720783,36.81392],[-108.720789,36.81374],[-108.720901,36.813742],[-108.720903,36.813652],[-108.720679,36.813647],[-108.720685,36.813467],[-108.720573,36.813465],[-108.72057,36.813555],[-108.720458,36.813553],[-108.72045,36.813823],[-108.720562,36.813825],[-108.720559,36.813915],[-108.720223,36.813909],[-108.72022,36.813999],[-108.721117,36.814016]]]},"properties":{"src":"truth"}},{"type":"Feature","geometry":{"type":"Polygon","coordinates":[[[-108.720573,36.813465],[-108.720575,36.813375],[-108.720463,36.813373],[-108.720461,36.813463],[-108.720573,36.813465]]]},"properties":{"src":"truth"}},{"type":"Feature","geometry":{"type":"Polygon","coordinates":[[[-108.710824,36.813278],[-108.710829,36.813098],[-108.710717,36.813095],[-108.710712,36.813276],[-108.710824,36.813278]]]},"properties":{"src":"truth"}},{"type":"Feature","geometry":{"type":"Polygon","coordinates":[[[-108.739241,36.815354],[-108.739254,36.814903],[-108.739142,36.814901],[-108.739155,36.814451],[-108.739043,36.814449],[-108.739051,36.814178],[-108.738939,36.814176],[-108.738944,36.813996],[-108.738832,36.813994],[-108.738838,36.813814],[-108.738725,36.813812],[-108.738728,36.813722],[-108.738616,36.81372],[-108.738619,36.81363],[-108.738507,36.813627],[-108.738512,36.813447],[-108.7384,36.813445],[-108.738403,36.813355],[-108.738291,36.813353],[-108.738293,36.813263],[-108.738069,36.813259],[-108.738072,36.813168],[-108.73796,36.813166],[-108.737962,36.813076],[-108.737738,36.813072],[-108.737741,36.812982],[-108.737293,36.812973],[-108.737295,36.812883],[-108.736623,36.812871],[-108.736626,36.81278],[-108.736289,36.812774],[-108.736284,36.812954],[-108.736732,36.812963],[-108.73673,36.813053],[-108.736394,36.813046],[-108.736388,36.813227],[-108.7365,36.813229],[-108.736498,36.813319],[-108.73661,36.813321],[-108.736607,36.813411],[-108.736719,36.813413],[-108.736716,36.813503],[-108.736828,36.813505],[-108.736826,36.813595],[-108.736938,36.813598],[-108.736935,36.813688],[-108.737047,36.81369],[-108.737045,36.81378],[-108.737157,36.813782],[-108.737154,36.813872],[-108.737378,36.813876],[-108.737373,36.814056],[-108.737485,36.814059],[-108.737482,36.814149],[-108.737706,36.814153],[-108.737704,36.814243],[-108.737816,36.814245],[-108.737821,36.814065],[-108.737933,36.814067],[-108.73793,36.814157],[-108.738043,36.814159],[-108.73804,36.814249],[-108.737928,36.814247],[-108.737925,36.814337],[-108.738037,36.814339],[-108.738035,36.81443],[-108.737923,36.814427],[-108.73792,36.814517],[-108.738032,36.81452],[-108.738027,36.8147],[-108.738139,36.814702],[-108.738136,36.814792],[-108.738248,36.814794],[-108.738245,36.814884],[-108.738358,36.814886],[-108.738355,36.814976],[-108.738467,36.814979],[-108.738464,36.815069],[-108.738688,36.815073],[-108.738686,36.815163],[-108.739022,36.815169],[-108.739019,36.815259],[-108.739131,36.815262],[-108.739129,36.815352],[-108.739241,36.815354]]]},"properties":{"src":"truth"}},{"type":"Feature","geometry":{"type":"Polygon","coordinates":[[[-108.707489,36.812312],[-108.707492,36.812222],[-108.70738,36.81222],[-108.707377,36.81231],[-108.707489,36.812312]]]},"properties":{"src":"truth"}},{"type":"Feature","geometry":{"type":"Polygon","coordinates":[[[-108.736289,36.812774],[-108.736292,36.812684],[-108.73618,36.812682],[-108.736177,36.812772],[-108.736289,36.812774]]]},"properties":{"src":"truth"}},{"type":"Feature","geometry":{"type":"Polygon","coordinates":[[[-108.722021,36.813763],[-108.722024,36.813673],[-108.722136,36.813675],[-108.722139,36.813585],[-108.722251,36.813587],[-108.722256,36.813407],[-108.72192,36.813401],[-108.721931,36.81304],[-108.722155,36.813045],[-108.722157,36.812955],[-108.722269,36.812957],[-108.722272,36.812867],[-108.721936,36.81286],[-108.721941,36.81268],[-108.721829,36.812678],[-108.721832,36.812588],[-108.72172,36.812586],[-108.721725,36.812406],[-108.721613,36.812403],[-108.721616,36.812313],[-108.721392,36.812309],[-108.721384,36.812579],[-108.721496,36.812581],[-108.72149,36.812762],[-108.721266,36.812757],[-108.721258,36.813028],[-108.721482,36.813032],[-108.721477,36.813212],[-108.721589,36.813214],[-108.721586,36.813304],[-108.721699,36.813306],[-108.721693,36.813487],[-108.721805,36.813489],[-108.7218,36.813669],[-108.721912,36.813671],[-108.721909,36.813761],[-108.722021,36.813763]]]},"properties":{"src":"truth"}},{"type":"Feature","geometry":{"type":"Polygon","coordinates":[[[-108.737189,36.812701],[-108.737191,36.812611],[-108.736967,36.812607],[-108.736964,36.812697],[-108.737189,36.812701]]]},"properties":{"src":"truth"}},{"type":"Feature","geometry":{"type":"Polygon","coordinates":[[[-108.733379,36.812628],[-108.733381,36.812538],[-108.733269,36.812536],[-108.733267,36.812626],[-108.733379,36.812628]]]},"properties":{"src":"truth"}},{"type":"Feature","geometry":{"type":"Polygon","coordinates":[[[-108.72347,36.814061],[-108.723473,36.813971],[-108.723697,36.813976],[-108.723699,36.813885],[-108.724036,36.813892],[-108.724038,36.813802],[-108.72415,36.813804],[-108.724148,36.813894],[-108.72426,36.813896],[-108.724265,36.813716],[-108.724377,36.813718],[-108.72438,36.813628],[-108.724492,36.81363],[-108.724495,36.81354],[-108.724607,36.813542],[-108.724615,36.813272],[-108.723494,36.813251],[-108.723502,36.81298],[-108.723614,36.812983],[-108.723617,36.812893],[-108.723729,36.812895],[-108.723731,36.812805],[-108.723619,36.812802],[-108.723625,36.812622],[-108.723401,36.812618],[-108.723414,36.812168],[-108.723302,36.812165],[-108.723299,36.812256],[-108.723187,36.812253],[-108.723171,36.812794],[-108.723059,36.812792],[-108.723057,36.812882],[-108.722832,36.812877],[-108.722827,36.813058],[-108.723275,36.813066],[-108.72327,36.813246],[-108.723158,36.813244],[-108.723155,36.813334],[-108.723267,36.813336],[-108.723262,36.813517],[-108.723374,36.813519],[-108.723371,36.813609],[-108.723147,36.813605],[-108.72315,36.813514],[-108.722814,36.813508],[-108.722808,36.813688],[-108.722696,36.813686],[-108.722699,36.813596],[-108.722587,36.813594],[-108.722582,36.813774],[-108.72247,36.813772],[-108.722467,36.813862],[-108.722131,36.813855],[-108.722128,36.813946],[-108.723024,36.813963],[-108.723022,36.814053],[-108.72347,36.814061]]]},"properties":{"src":"truth"}},{"type":"Feature","geometry":{"type":"Polygon","coordinates":[[[-108.723187,36.812253],[-108.72319,36.812163],[-108.722966,36.812159],[-108.722963,36.812249],[-108.723187,36.812253]]]},"properties":{"src":"truth"}},{"type":"Feature","geometry":{"type":"Polygon","coordinates":[[[-108.722851,36.812247],[-108.722854,36.812157],[-108.72263,36.812153],[-108.722627,36.812243],[-108.722851,36.812247]]]},"properties":{"src":"truth"}},{"type":"Feature","geometry":{"type":"Polygon","coordinates":[[[-108.714671,36.81209],[-108.714674,36.812],[-108.714562,36.811998],[-108.714559,36.812088],[-108.714671,36.81209]]]},"properties":{"src":"truth"}},{"type":"Feature","geometry":{"type":"Polygon","coordinates":[[[-108.713668,36.81189],[-108.713671,36.8118],[-108.713559,36.811798],[-108.713556,36.811888],[-108.713668,36.81189]]]},"properties":{"src":"truth"}},{"type":"Feature","geometry":{"type":"Polygon","coordinates":[[[-108.712214,36.811772],[-108.712217,36.811682],[-108.712105,36.81168],[-108.712102,36.81177],[-108.712214,36.811772]]]},"properties":{"src":"truth"}},{"type":"Feature","geometry":{"type":"Polygon","coordinates":[[[-108.727568,36.811977],[-108.727571,36.811887],[-108.727459,36.811884],[-108.727456,36.811975],[-108.727568,36.811977]]]},"properties":{"src":"truth"}},{"type":"Feature","geometry":{"type":"Polygon","coordinates":[[[-108.713337,36.811704],[-108.71334,36.811614],[-108.713228,36.811612],[-108.713225,36.811702],[-108.713337,36.811704]]]},"properties":{"src":"truth"}},{"type":"Feature","geometry":{"type":"Polygon","coordinates":[[[-108.729251,36.811919],[-108.729254,36.811829],[-108.729142,36.811827],[-108.729139,36.811917],[-108.729251,36.811919]]]},"properties":{"src":"truth"}},{"type":"Feature","geometry":{"type":"Polygon","coordinates":[[[-108.728134,36.811807],[-108.728136,36.811717],[-108.728024,36.811715],[-108.728021,36.811805],[-108.728134,36.811807]]]},"properties":{"src":"truth"}},{"type":"Feature","geometry":{"type":"Polygon","coordinates":[[[-108.713231,36.811521],[-108.713233,36.811431],[-108.713121,36.811429],[-108.713119,36.811519],[-108.713231,36.811521]]]},"properties":{"src":"truth"}},{"type":"Feature","geometry":{"type":"Polygon","coordinates":[[[-108.713682,36.81144],[-108.713684,36.81135],[-108.71346,36.811346],[-108.713458,36.811436],[-108.713682,36.81144]]]},"properties":{"src":"truth"}},{"type":"Feature","geometry":{"type":"Polygon","coordinates":[[[-108.713121,36.811429],[-108.713124,36.811339],[-108.713012,36.811337],[-108.713009,36.811427],[-108.713121,36.811429]]]},"properties":{"src":"truth"}},{"type":"Feature","geometry":{"type":"Polygon","coordinates":[[[-108.716587,36.811766],[-108.71659,36.811676],[-108.716702,36.811678],[-108.71671,36.811408],[-108.716598,36.811406],[-108.7166,36.811316],[-108.716376,36.811312],[-108.716374,36.811402],[-108.716486,36.811404],[-108.716475,36.811764],[-108.716587,36.811766]]]},"properties":{"src":"truth"}},{"type":"Feature","geometry":{"type":"Polygon","coordinates":[[[-108.712785,36.811423],[-108.712788,36.811333],[-108.712676,36.811331],[-108.712679,36.81124],[-108.712566,36.811238],[-108.712561,36.811418],[-108.712785,36.811423]]]},"properties":{"src":"truth"}},{"type":"Feature","geometry":{"type":"Polygon","coordinates":[[[-108.713012,36.811337],[-108.713015,36.811247],[-108.712903,36.811245],[-108.7129,36.811335],[-108.713012,36.811337]]]},"properties":{"src":"truth"}},{"type":"Feature","geometry":{"type":"Polygon","coordinates":[[[-108.712903,36.811245],[-108.712905,36.811155],[-108.712793,36.811153],[-108.712791,36.811243],[-108.712903,36.811245]]]},"properties":{"src":"truth"}},{"type":"Feature","geometry":{"type":"Polygon","coordinates":[[[-108.712566,36.811238],[-108.712569,36.811148],[-108.712457,36.811146],[-108.712454,36.811236],[-108.712566,36.811238]]]},"properties":{"src":"truth"}},{"type":"Feature","geometry":{"type":"Polygon","coordinates":[[[-108.74178,36.812878],[-108.741785,36.812698],[-108.741673,36.812696],[-108.741681,36.812426],[-108.741569,36.812424],[-108.741575,36.812244],[-108.741462,36.812242],[-108.74147,36.811971],[-108.741582,36.811973],[-108.741585,36.811883],[-108.741809,36.811888],[-108.741817,36.811617],[-108.741705,36.811615],[-108.741702,36.811705],[-108.74159,36.811703],[-108.741588,36.811793],[-108.741364,36.811789],[-108.741348,36.812329],[-108.74146,36.812332],[-108.741455,36.812512],[-108.741567,36.812514],[-108.741559,36.812784],[-108.741671,36.812786],[-108.741668,36.812876],[-108.74178,36.812878]]]},"properties":{"src":"truth"}},{"type":"Feature","geometry":{"type":"Polygon","coordinates":[[[-108.739571,36.811755],[-108.739576,36.811575],[-108.739464,36.811573],[-108.739459,36.811753],[-108.739571,36.811755]]]},"properties":{"src":"truth"}},{"type":"Feature","geometry":{"type":"Polygon","coordinates":[[[-108.712793,36.811153],[-108.712796,36.811062],[-108.712684,36.81106],[-108.712681,36.81115],[-108.712793,36.811153]]]},"properties":{"src":"truth"}},{"type":"Feature","geometry":{"type":"Polygon","coordinates":[[[-108.707634,36.811233],[-108.707636,36.811143],[-108.709317,36.811176],[-108.70932,36.811086],[-108.709432,36.811088],[-108.709434,36.810998],[-108.709098,36.810991],[-108.709101,36.810901],[-108.708877,36.810897],[-108.708874,36.810987],[-108.708538,36.81098],[-108.708541,36.81089],[-108.708429,36.810888],[-108.708426,36.810978],[-108.708314,36.810976],[-108.708317,36.810886],[-108.708205,36.810884],[-108.708202,36.810974],[-108.707866,36.810968],[-108.707868,36.810877],[-108.707756,36.810875],[-108.707754,36.810965],[-108.707418,36.810959],[-108.70741,36.811229],[-108.707634,36.811233]]]},"properties":{"src":"truth"}},{"type":"Feature","geometry":{"type":"Polygon","coordinates":[[[-108.741705,36.811615],[-108.741708,36.811525],[-108.741596,36.811523],[-108.741593,36.811613],[-108.741705,36.811615]]]},"properties":{"src":"truth"}},{"type":"Feature","geometry":{"type":"Polygon","coordinates":[[[-108.712684,36.81106],[-108.712687,36.81097],[-108.712575,36.810968],[-108.712572,36.811058],[-108.712684,36.81106]]]},"properties":{"src":"truth"}},{"type":"Feature","geometry":{"type":"Polygon","coordinates":[[[-108.71222,36.811592],[-108.712233,36.811142],[-108.712457,36.811146],[-108.71246,36.811056],[-108.712348,36.811054],[-108.71235,36.810964],[-108.712238,36.810962],[-108.712241,36.810872],[-108.712129,36.810869],[-108.712108,36.81159],[-108.71222,36.811592]]]},"properties":{"src":"truth"}},{"type":"Feature","geometry":{"type":"Polygon","coordinates":[[[-108.741596,36.811523],[-108.741598,36.811433],[-108.741486,36.811431],[-108.741484,36.811521],[-108.741596,36.811523]]]},"properties":{"src":"truth"}},{"type":"Feature","geometry":{"type":"Polygon","coordinates":[[[-108.707756,36.810875],[-108.707759,36.810785],[-108.707647,36.810783],[-108.707644,36.810873],[-108.707756,36.810875]]]},"properties":{"src":"truth"}},{"type":"Feature","geometry":{"type":"Polygon","coordinates":[[[-108.712575,36.810968],[-108.712577,36.810878],[-108.712465,36.810876],[-108.712468,36.810786],[-108.712356,36.810784],[-108.71235,36.810964],[-108.712575,36.810968]]]},"properties":{"src":"truth"}},{"type":"Feature","geometry":{"type":"Polygon","coordinates":[[[-108.707647,36.810783],[-108.70765,36.810693],[-108.707538,36.810691],[-108.707535,36.810781],[-108.707647,36.810783]]]},"properties":{"src":"truth"}},{"type":"Feature","geometry":{"type":"Polygon","coordinates":[[[-108.731626,36.811243],[-108.731631,36.811063],[-108.731519,36.811061],[-108.731514,36.811241],[-108.731626,36.811243]]]},"properties":{"src":"truth"}},{"type":"Feature","geometry":{"type":"Polygon","coordinates":[[[-108.717161,36.811327],[-108.717163,36.811237],[-108.717275,36.811239],[-108.717278,36.811149],[-108.717166,36.811147],[-108.717171,36.810966],[-108.717283,36.810969],[-108.717291,36.810698],[-108.717067,36.810694],[-108.717062,36.810874],[-108.71695,36.810872],[-108.716936,36.811322],[-108.717161,36.811327]]]},"properties":{"src":"truth"}},{"type":"Feature","geometry":{"type":"Polygon","coordinates":[[[-108.730623,36.811044],[-108.730625,36.810954],[-108.730513,36.810951],[-108.730511,36.811042],[-108.730623,36.811044]]]},"properties":{"src":"truth"}},{"type":"Feature","geometry":{"type":"Polygon","coordinates":[[[-108.714343,36.811813],[-108.714346,36.811723],[-108.714458,36.811725],[-108.714461,36.811635],[-108.714349,36.811633],[-108.714351,36.811543],[-108.714463,36.811545],[-108.714466,36.811455],[-108.714354,36.811453],[-108.714359,36.811273],[-108.714471,36.811275],[-108.714474,36.811185],[-108.714362,36.811183],[-108.714367,36.811003],[-108.714479,36.811005],[-108.714482,36.810915],[-108.71437,36.810913],[-108.714373,36.810822],[-108.714485,36.810825],[-108.714487,36.810735],[-108.714375,36.810732],[-108.714381,36.810552],[-108.714269,36.81055],[-108.714263,36.81073],[-108.714151,36.810728],[-108.714146,36.810908],[-108.714258,36.81091],[-108.714247,36.811271],[-108.714023,36.811266],[-108.714018,36.811447],[-108.713906,36.811444],[-108.713908,36.811354],[-108.713796,36.811352],[-108.713791,36.811532],[-108.713679,36.81153],[-108.713674,36.81171],[-108.713786,36.811712],[-108.713788,36.811622],[-108.7139,36.811624],[-108.713903,36.811534],[-108.714015,36.811537],[-108.714007,36.811807],[-108.714343,36.811813]]]},"properties":{"src":"truth"}},{"type":"Feature","geometry":{"type":"Polygon","coordinates":[[[-108.712356,36.810784],[-108.712358,36.810694],[-108.712246,36.810691],[-108.712252,36.810511],[-108.712028,36.810507],[-108.712022,36.810687],[-108.712134,36.810689],[-108.712132,36.810779],[-108.712356,36.810784]]]},"properties":{"src":"truth"}},{"type":"Feature","geometry":{"type":"Polygon","coordinates":[[[-108.730399,36.811039],[-108.730404,36.810859],[-108.730292,36.810857],[-108.730286,36.811037],[-108.730399,36.811039]]]},"properties":{"src":"truth"}},{"type":"Feature","geometry":{"type":"Polygon","coordinates":[[[-108.742604,36.811542],[-108.742607,36.811452],[-108.742719,36.811454],[-108.742727,36.811184],[-108.742951,36.811188],[-108.742956,36.811008],[-108.742844,36.811006],[-108.742842,36.811096],[-108.742617,36.811092],[-108.74262,36.811002],[-108.742396,36.810997],[-108.742391,36.811178],[-108.742503,36.81118],[-108.742497,36.81136],[-108.742273,36.811356],[-108.742271,36.811446],[-108.742383,36.811448],[-108.74238,36.811538],[-108.742604,36.811542]]]},"properties":{"src":"truth"}},{"type":"Feature","geometry":{"type":"Polygon","coordinates":[[[-108.732085,36.810891],[-108.732087,36.810801],[-108.731975,36.810799],[-108.731973,36.810889],[-108.732085,36.810891]]]},"properties":{"src":"truth"}},{"type":"Feature","geometry":{"type":"Polygon","coordinates":[[[-108.739483,36.810942],[-108.739485,36.810852],[-108.739373,36.81085],[-108.739371,36.81094],[-108.739483,36.810942]]]},"properties":{"src":"truth"}},{"type":"Feature","geometry":{"type":"Polygon","coordinates":[[[-108.721779,36.810604],[-108.721781,36.810514],[-108.721669,36.810512],[-108.721667,36.810602],[-108.721779,36.810604]]]},"properties":{"src":"truth"}},{"type":"Feature","geometry":{"type":"Polygon","coordinates":[[[-108.732202,36.810713],[-108.732205,36.810623],[-108.732093,36.810621],[-108.73209,36.810711],[-108.732202,36.810713]]]},"properties":{"src":"truth"}},{"type":"Feature","geometry":{"type":"Polygon","coordinates":[[[-108.732317,36.810625],[-108.732319,36.810535],[-108.732207,36.810533],[-108.732205,36.810623],[-108.732317,36.810625]]]},"properties":{"src":"truth"}},{"type":"Feature","geometry":{"type":"Polygon","coordinates":[[[-108.728059,36.810544],[-108.728061,36.810454],[-108.727949,36.810452],[-108.727947,36.810542],[-108.728059,36.810544]]]},"properties":{"src":"truth"}},{"type":"Feature","geometry":{"type":"Polygon","coordinates":[[[-108.72212,36.81043],[-108.722123,36.81034],[-108.722011,36.810338],[-108.722008,36.810428],[-108.72212,36.81043]]]},"properties":{"src":"truth"}},{"type":"Feature","geometry":{"type":"Polygon","coordinates":[[[-108.721669,36.810512],[-108.721672,36.810422],[-108.721784,36.810424],[-108.721789,36.810244],[-108.721453,36.810237],[-108.721445,36.810508],[-108.721669,36.810512]]]},"properties":{"src":"truth"}},{"type":"Feature","geometry":{"type":"Polygon","coordinates":[[[-108.739939,36.81068],[-108.739941,36.81059],[-108.739829,36.810588],[-108.739827,36.810678],[-108.739939,36.81068]]]},"properties":{"src":"truth"}},{"type":"Feature","geometry":{"type":"Polygon","coordinates":[[[-108.731634,36.810973],[-108.731636,36.810883],[-108.731524,36.810881],[-108.73153,36.8107],[-108.731418,36.810698],[-108.731423,36.810518],[-108.731311,36.810516],[-108.731314,36.810426],[-108.731201,36.810424],[-108.731207,36.810244],[-108.731095,36.810242],[-108.731089,36.810422],[-108.730977,36.81042],[-108.730975,36.81051],[-108.731087,36.810512],[-108.731084,36.810602],[-108.731196,36.810604],[-108.731193,36.810694],[-108.731306,36.810696],[-108.731303,36.810786],[-108.731415,36.810788],[-108.731412,36.810878],[-108.7313,36.810876],[-108.731298,36.810966],[-108.731634,36.810973]]]},"properties":{"src":"truth"}},{"type":"Feature","geometry":{"type":"Polygon","coordinates":[[[-108.70364,36.809804],[-108.703643,36.809714],[-108.703531,36.809712],[-108.703528,36.809802],[-108.70364,36.809804]]]},"properties":{"src":"truth"}},{"type":"Feature","geometry":{"type":"Polygon","coordinates":[[[-108.733616,36.812182],[-108.733619,36.812092],[-108.733731,36.812094],[-108.733733,36.812004],[-108.733846,36.812006],[-108.733848,36.811916],[-108.733736,36.811914],[-108.733739,36.811824],[-108.733515,36.81182],[-108.733517,36.81173],[-108.733405,36.811728],[-108.733408,36.811638],[-108.733296,36.811635],[-108.733299,36.811545],[-108.733411,36.811548],[-108.733413,36.811457],[-108.733525,36.81146],[-108.733536,36.811099],[-108.733424,36.811097],[-108.733432,36.810827],[-108.73332,36.810825],[-108.733322,36.810735],[-108.73321,36.810733],[-108.733216,36.810552],[-108.733104,36.81055],[-108.733106,36.81046],[-108.732994,36.810458],[-108.732997,36.810368],[-108.732885,36.810366],[-108.73289,36.810186],[-108.732666,36.810181],[-108.732661,36.810362],[-108.732773,36.810364],[-108.732768,36.810544],[-108.732655,36.810542],[-108.732653,36.810632],[-108.732317,36.810625],[-108.732314,36.810715],[-108.732202,36.810713],[-108.732197,36.810893],[-108.732085,36.810891],[-108.732079,36.811071],[-108.732191,36.811074],[-108.732189,36.811164],[-108.732301,36.811166],[-108.732298,36.811256],[-108.73241,36.811258],[-108.732407,36.811348],[-108.732519,36.81135],[-108.732522,36.81126],[-108.732634,36.811262],[-108.732629,36.811442],[-108.732741,36.811445],[-108.732736,36.811625],[-108.732624,36.811623],[-108.732626,36.811533],[-108.73229,36.811526],[-108.732293,36.811436],[-108.732181,36.811434],[-108.732178,36.811524],[-108.732066,36.811522],[-108.732069,36.811432],[-108.731957,36.81143],[-108.731954,36.81152],[-108.731842,36.811518],[-108.731845,36.811428],[-108.731732,36.811425],[-108.73173,36.811515],[-108.731506,36.811511],[-108.731503,36.811601],[-108.731391,36.811599],[-108.731388,36.811689],[-108.731276,36.811687],[-108.731282,36.811507],[-108.73117,36.811505],[-108.731175,36.811325],[-108.731287,36.811327],[-108.731292,36.811147],[-108.73118,36.811144],[-108.731183,36.811054],[-108.731071,36.811052],[-108.731068,36.811142],[-108.730956,36.81114],[-108.730948,36.81141],[-108.730836,36.811408],[-108.730844,36.811138],[-108.73062,36.811134],[-108.730617,36.811224],[-108.730729,36.811226],[-108.730727,36.811316],[-108.730615,36.811314],[-108.730612,36.811404],[-108.730388,36.8114],[-108.730385,36.81149],[-108.730497,36.811492],[-108.730495,36.811582],[-108.730607,36.811584],[-108.730604,36.811674],[-108.730828,36.811678],[-108.730825,36.811769],[-108.73105,36.811773],[-108.731047,36.811863],[-108.731271,36.811867],[-108.731268,36.811957],[-108.731941,36.81197],[-108.731938,36.81206],[-108.732162,36.812064],[-108.732165,36.811974],[-108.732277,36.811977],[-108.732274,36.812067],[-108.732498,36.812071],[-108.732501,36.811981],[-108.732725,36.811985],[-108.732728,36.811895],[-108.73284,36.811897],[-108.732837,36.811987],[-108.733061,36.811991],[-108.733064,36.811901],[-108.733176,36.811904],[-108.733179,36.811813],[-108.733291,36.811816],[-108.733288,36.811906],[-108.7334,36.811908],[-108.733397,36.811998],[-108.733509,36.812],[-108.733504,36.81218],[-108.733616,36.812182]],[[-108.73296,36.811629],[-108.732848,36.811627],[-108.73285,36.811537],[-108.732962,36.811539],[-108.73296,36.811629]]]},"properties":{"src":"truth"}},{"type":"Feature","geometry":{"type":"Polygon","coordinates":[[[-108.731095,36.810242],[-108.731097,36.810151],[-108.730985,36.810149],[-108.730983,36.810239],[-108.731095,36.810242]]]},"properties":{"src":"truth"}},{"type":"Feature","geometry":{"type":"Polygon","coordinates":[[[-108.730985,36.810149],[-108.730988,36.810059],[-108.730876,36.810057],[-108.730873,36.810147],[-108.730985,36.810149]]]},"properties":{"src":"truth"}},{"type":"Feature","geometry":{"type":"Polygon","coordinates":[[[-108.740278,36.810597],[-108.74028,36.810507],[-108.740392,36.810509],[-108.740395,36.810419],[-108.740619,36.810423],[-108.740627,36.810153],[-108.740515,36.810151],[-108.74051,36.810331],[-108.740286,36.810327],[-108.740283,36.810417],[-108.740171,36.810414],[-108.740168,36.810505],[-108.739944,36.8105],[-108.739941,36.81059],[-108.740278,36.810597]]]},"properties":{"src":"truth"}},{"type":"Feature","geometry":{"type":"Polygon","coordinates":[[[-108.738159,36.810196],[-108.738162,36.810106],[-108.73805,36.810104],[-108.738047,36.810194],[-108.738159,36.810196]]]},"properties":{"src":"truth"}},{"type":"Feature","geometry":{"type":"Polygon","coordinates":[[[-108.726717,36.810428],[-108.726719,36.810338],[-108.726832,36.81034],[-108.726834,36.81025],[-108.726946,36.810252],[-108.726949,36.810162],[-108.726837,36.81016],[-108.72685,36.80971],[-108.726738,36.809708],[-108.726743,36.809528],[-108.726631,36.809525],[-108.726626,36.809706],[-108.726514,36.809703],[-108.726511,36.809793],[-108.726623,36.809796],[-108.726613,36.810156],[-108.726501,36.810154],[-108.726495,36.810334],[-108.726607,36.810336],[-108.726605,36.810426],[-108.726717,36.810428]]]},"properties":{"src":"truth"}},{"type":"Feature","geometry":{"type":"Polygon","coordinates":[[[-108.713041,36.810346],[-108.713044,36.810256],[-108.712932,36.810254],[-108.712937,36.810074],[-108.712825,36.810072],[-108.712831,36.809892],[-108.712719,36.809889],[-108.712716,36.809979],[-108.712604,36.809977],[-108.712607,36.809887],[-108.712495,36.809885],[-108.712492,36.809975],[-108.71238,36.809973],[-108.712383,36.809883],[-108.712271,36.809881],[-108.712279,36.809611],[-108.712167,36.809608],[-108.712169,36.809518],[-108.712281,36.80952],[-108.712284,36.80943],[-108.712172,36.809428],[-108.712175,36.809338],[-108.712287,36.80934],[-108.712289,36.80925],[-108.712065,36.809246],[-108.712044,36.809966],[-108.712156,36.809969],[-108.71215,36.810149],[-108.712038,36.810147],[-108.712036,36.810237],[-108.712148,36.810239],[-108.712145,36.810329],[-108.713041,36.810346]]]},"properties":{"src":"truth"}},{"type":"Feature","geometry":{"type":"Polygon","coordinates":[[[-108.723462,36.810546],[-108.723465,36.810456],[-108.723353,36.810454],[-108.723355,36.810364],[-108.723467,36.810366],[-108.723494,36.809465],[-108.723382,36.809463],[-108.723385,36.809373],[-108.723273,36.809371],[-108.723251,36.810092],[-108.722579,36.810079],[-108.722582,36.809989],[-108.72247,36.809986],[-108.722467,36.810077],[-108.722019,36.810068],[-108.722021,36.809978],[-108.721909,36.809976],[-108.721907,36.810066],[-108.721571,36.810059],[-108.721573,36.809969],[-108.721461,36.809967],[-108.721459,36.810057],[-108.721234,36.810053],[-108.721226,36.810323],[-108.721114,36.810321],[-108.721112,36.810411],[-108.721336,36.810415],[-108.721344,36.810145],[-108.722128,36.81016],[-108.722123,36.81034],[-108.722235,36.810342],[-108.722238,36.810252],[-108.722462,36.810257],[-108.722459,36.810347],[-108.722683,36.810351],[-108.72268,36.810441],[-108.722904,36.810445],[-108.722907,36.810355],[-108.723243,36.810362],[-108.723238,36.810542],[-108.723462,36.810546]]]},"properties":{"src":"truth"}},{"type":"Feature","geometry":{"type":"Polygon","coordinates":[[[-108.71218,36.809158],[-108.712183,36.809068],[-108.712071,36.809066],[-108.712068,36.809156],[-108.71218,36.809158]]]},"properties":{"src":"truth"}},{"type":"Feature","geometry":{"type":"Polygon","coordinates":[[[-108.740022,36.811673],[-108.740024,36.811583],[-108.740136,36.811585],[-108.740139,36.811495],[-108.740251,36.811498],[-108.740254,36.811407],[-108.740478,36.811412],[-108.74048,36.811322],[-108.741601,36.811343],[-108.741604,36.811253],[-108.741828,36.811257],[-108.74183,36.811167],[-108.741718,36.811165],[-108.741724,36.810985],[-108.741836,36.810987],[-108.741841,36.810807],[-108.742289,36.810815],[-108.742294,36.810635],[-108.742407,36.810637],[-108.742414,36.810367],[-108.742302,36.810365],[-108.742305,36.810275],[-108.742417,36.810277],[-108.74242,36.810187],[-108.742196,36.810183],[-108.742198,36.810092],[-108.741974,36.810088],[-108.74198,36.809908],[-108.741867,36.809906],[-108.741865,36.809996],[-108.741753,36.809994],[-108.741747,36.810174],[-108.741635,36.810172],[-108.741643,36.809902],[-108.741755,36.809904],[-108.741758,36.809814],[-108.741534,36.809809],[-108.741537,36.809719],[-108.741425,36.809717],[-108.741422,36.809807],[-108.741086,36.809801],[-108.741088,36.809711],[-108.741312,36.809715],[-108.741315,36.809625],[-108.741427,36.809627],[-108.74143,36.809537],[-108.741206,36.809533],[-108.741203,36.809623],[-108.740755,36.809614],[-108.74075,36.809795],[-108.740862,36.809797],[-108.740859,36.809887],[-108.740747,36.809885],[-108.740744,36.809975],[-108.740968,36.809979],[-108.740971,36.809889],[-108.741083,36.809891],[-108.74108,36.809981],[-108.741193,36.809983],[-108.74119,36.810073],[-108.741078,36.810071],[-108.741075,36.810161],[-108.740963,36.810159],[-108.740955,36.810429],[-108.740843,36.810427],[-108.74084,36.810517],[-108.740728,36.810515],[-108.740726,36.810605],[-108.740614,36.810603],[-108.740611,36.810693],[-108.740387,36.810689],[-108.740384,36.810779],[-108.740608,36.810783],[-108.740606,36.810873],[-108.740494,36.810871],[-108.740491,36.810961],[-108.740267,36.810957],[-108.740262,36.811137],[-108.74015,36.811135],[-108.740152,36.811045],[-108.74004,36.811043],[-108.740038,36.811133],[-108.739926,36.811131],[-108.739923,36.811221],[-108.739699,36.811217],[-108.739696,36.811307],[-108.739472,36.811302],[-108.739475,36.811212],[-108.739363,36.81121],[-108.739371,36.81094],[-108.739146,36.810936],[-108.739149,36.810846],[-108.739037,36.810844],[-108.739032,36.811024],[-108.739144,36.811026],[-108.739141,36.811116],[-108.739253,36.811118],[-108.739248,36.811298],[-108.738912,36.811292],[-108.738904,36.811562],[-108.739128,36.811566],[-108.739133,36.811386],[-108.739245,36.811388],[-108.739243,36.811478],[-108.739355,36.81148],[-108.739352,36.811571],[-108.739464,36.811573],[-108.739469,36.811393],[-108.739581,36.811395],[-108.739576,36.811575],[-108.739688,36.811577],[-108.739686,36.811667],[-108.740022,36.811673]],[[-108.741281,36.810796],[-108.741057,36.810792],[-108.741065,36.810522],[-108.741513,36.81053],[-108.741515,36.81044],[-108.741627,36.810442],[-108.741622,36.810622],[-108.74151,36.81062],[-108.741507,36.81071],[-108.741283,36.810706],[-108.741281,36.810796]],[[-108.741515,36.81044],[-108.741403,36.810438],[-108.741406,36.810348],[-108.741518,36.81035],[-108.741515,36.81044]],[[-108.741185,36.810253],[-108.741073,36.810251],[-108.741075,36.810161],[-108.741187,36.810163],[-108.741185,36.810253]]]},"properties":{"src":"truth"}},{"type":"Feature","geometry":{"type":"Polygon","coordinates":[[[-108.707146,36.808791],[-108.707149,36.808701],[-108.707037,36.808698],[-108.707034,36.808788],[-108.707146,36.808791]]]},"properties":{"src":"truth"}},{"type":"Feature","geometry":{"type":"Polygon","coordinates":[[[-108.71516,36.810747],[-108.715165,36.810567],[-108.715053,36.810565],[-108.715056,36.810475],[-108.714944,36.810473],[-108.714946,36.810383],[-108.714722,36.810379],[-108.714725,36.810288],[-108.714613,36.810286],[-108.714616,36.810196],[-108.714503,36.810194],[-108.714501,36.810284],[-108.714389,36.810282],[-108.714421,36.809201],[-108.714309,36.809199],[-108.714328,36.808568],[-108.713991,36.808562],[-108.713989,36.808652],[-108.714101,36.808654],[-108.714098,36.808744],[-108.713986,36.808742],[-108.713983,36.808832],[-108.714095,36.808834],[-108.71409,36.809014],[-108.713978,36.809012],[-108.713967,36.809373],[-108.714079,36.809375],[-108.714077,36.809465],[-108.713965,36.809463],[-108.713951,36.809913],[-108.714063,36.809915],[-108.714061,36.810005],[-108.714173,36.810007],[-108.714159,36.810458],[-108.714383,36.810462],[-108.714386,36.810372],[-108.714498,36.810374],[-108.714495,36.810464],[-108.714607,36.810466],[-108.714605,36.810557],[-108.714717,36.810559],[-108.71472,36.810469],[-108.714832,36.810471],[-108.714826,36.810651],[-108.714938,36.810653],[-108.714936,36.810743],[-108.71516,36.810747]]]},"properties":{"src":"truth"}},{"type":"Feature","geometry":{"type":"Polygon","coordinates":[[[-108.730278,36.811307],[-108.730286,36.811037],[-108.730174,36.811035],[-108.73018,36.810855],[-108.730292,36.810857],[-108.730294,36.810767],[-108.730182,36.810765],[-108.730188,36.810585],[-108.730076,36.810583],[-108.730081,36.810402],[-108.729969,36.8104],[-108.72998,36.81004],[-108.730092,36.810042],[-108.730094,36.809952],[-108.730206,36.809954],[-108.730214,36.809684],[-108.729878,36.809678],[-108.729883,36.809497],[-108.729996,36.8095],[-108.730001,36.809319],[-108.730225,36.809324],[-108.73023,36.809144],[-108.730118,36.809141],[-108.730121,36.809051],[-108.729897,36.809047],[-108.729899,36.808957],[-108.729563,36.808951],[-108.729566,36.80886],[-108.729342,36.808856],[-108.729334,36.809126],[-108.72911,36.809122],[-108.729112,36.809032],[-108.729,36.80903],[-108.729006,36.80885],[-108.728782,36.808845],[-108.728768,36.809296],[-108.72888,36.809298],[-108.728875,36.809478],[-108.728763,36.809476],[-108.72876,36.809566],[-108.728872,36.809568],[-108.72887,36.809658],[-108.728982,36.80966],[-108.728979,36.809751],[-108.729091,36.809753],[-108.729078,36.810203],[-108.72919,36.810205],[-108.729179,36.810565],[-108.729403,36.81057],[-108.729398,36.81075],[-108.729622,36.810754],[-108.729619,36.810844],[-108.729732,36.810846],[-108.729729,36.810936],[-108.729841,36.810939],[-108.729838,36.811029],[-108.72995,36.811031],[-108.729948,36.811121],[-108.73006,36.811123],[-108.730057,36.811213],[-108.730169,36.811215],[-108.730166,36.811305],[-108.730278,36.811307]]]},"properties":{"src":"truth"}},{"type":"Feature","geometry":{"type":"Polygon","coordinates":[[[-108.702672,36.808434],[-108.702675,36.808344],[-108.702563,36.808342],[-108.70256,36.808432],[-108.702672,36.808434]]]},"properties":{"src":"truth"}},{"type":"Feature","geometry":{"type":"Polygon","coordinates":[[[-108.741894,36.809005],[-108.741897,36.808915],[-108.741785,36.808913],[-108.741782,36.809003],[-108.741894,36.809005]]]},"properties":{"src":"truth"}},{"type":"Feature","geometry":{"type":"Polygon","coordinates":[[[-108.734846,36.812296],[-108.734849,36.812206],[-108.734961,36.812208],[-108.734985,36.811397],[-108.735097,36.811399],[-108.735113,36.810859],[-108.735225,36.810861],[-108.73523,36.810681],[-108.735342,36.810683],[-108.735345,36.810593],[-108.735233,36.810591],[-108.735238,36.810411],[-108.73535,36.810413],[-108.735353,36.810323],[-108.735465,36.810325],[-108.735467,36.810235],[-108.735579,36.810237],[-108.735582,36.810147],[-108.73547,36.810145],[-108.735478,36.809875],[-108.73559,36.809877],[-108.735598,36.809606],[-108.735486,36.809604],[-108.735489,36.809514],[-108.735377,36.809512],[-108.735379,36.809422],[-108.735267,36.80942],[-108.73527,36.80933],[-108.734822,36.809321],[-108.73483,36.809051],[-108.734942,36.809053],[-108.734952,36.808693],[-108.734728,36.808689],[-108.734725,36.808779],[-108.734389,36.808772],[-108.734387,36.808862],[-108.734499,36.808864],[-108.734496,36.808955],[-108.734384,36.808952],[-108.734376,36.809223],[-108.734488,36.809225],[-108.734485,36.809315],[-108.734597,36.809317],[-108.734592,36.809497],[-108.734928,36.809504],[-108.734923,36.809684],[-108.735035,36.809686],[-108.735038,36.809596],[-108.735262,36.8096],[-108.735259,36.80969],[-108.735371,36.809692],[-108.735355,36.810233],[-108.735243,36.810231],[-108.735246,36.81014],[-108.735022,36.810136],[-108.735009,36.810587],[-108.734896,36.810584],[-108.734891,36.810765],[-108.734779,36.810762],[-108.734766,36.811213],[-108.734654,36.811211],[-108.734641,36.811661],[-108.734528,36.811659],[-108.73451,36.812289],[-108.734846,36.812296]],[[-108.734605,36.809047],[-108.734493,36.809045],[-108.734496,36.808955],[-108.734608,36.808957],[-108.734605,36.809047]]]},"properties":{"src":"truth"}},{"type":"Feature","geometry":{"type":"Polygon","coordinates":[[[-108.72128,36.808522],[-108.721282,36.808432],[-108.721058,36.808427],[-108.721056,36.808517],[-108.72128,36.808522]]]},"properties":{"src":"truth"}},{"type":"Feature","geometry":{"type":"Polygon","coordinates":[[[-108.741115,36.80881],[-108.741118,36.80872],[-108.741005,36.808718],[-108.741003,36.808808],[-108.741115,36.80881]]]},"properties":{"src":"truth"}},{"type":"Feature","geometry":{"type":"Polygon","coordinates":[[[-108.712185,36.808978],[-108.712196,36.808618],[-108.712868,36.80863],[-108.712871,36.80854],[-108.713319,36.808549],[-108.713322,36.808459],[-108.71321,36.808457],[-108.713213,36.808367],[-108.712988,36.808362],[-108.712986,36.808452],[-108.71265,36.808446],[-108.712652,36.808356],[-108.712764,36.808358],[-108.71277,36.808178],[-108.712658,36.808176],[-108.712663,36.807996],[-108.712439,36.807991],[-108.712436,36.808081],[-108.712548,36.808084],[-108.712546,36.808174],[-108.712322,36.808169],[-108.712324,36.808079],[-108.7121,36.808075],[-108.712097,36.808165],[-108.711873,36.808161],[-108.711868,36.808341],[-108.712092,36.808345],[-108.712073,36.808976],[-108.712185,36.808978]]]},"properties":{"src":"truth"}},{"type":"Feature","geometry":{"type":"Polygon","coordinates":[[[-108.721291,36.808161],[-108.721293,36.808071],[-108.721181,36.808069],[-108.721178,36.808159],[-108.721291,36.808161]]]},"properties":{"src":"truth"}},{"type":"Feature","geometry":{"type":"Polygon","coordinates":[[[-108.702678,36.808254],[-108.702686,36.807983],[-108.702798,36.807986],[-108.7028,36.807896],[-108.702688,36.807893],[-108.702696,36.807623],[-108.702584,36.807621],[-108.702566,36.808252],[-108.702678,36.808254]]]},"properties":{"src":"truth"}},{"type":"Feature","geometry":{"type":"Polygon","coordinates":[[[-108.721181,36.808069],[-108.721184,36.807979],[-108.721296,36.807981],[-108.721299,36.807891],[-108.721186,36.807889],[-108.721189,36.807799],[-108.721077,36.807797],[-108.721069,36.808067],[-108.721181,36.808069]]]},"properties":{"src":"truth"}},{"type":"Feature","geometry":{"type":"Polygon","coordinates":[[[-108.71444,36.808571],[-108.714461,36.80785],[-108.714349,36.807848],[-108.714357,36.807578],[-108.712452,36.807541],[-108.71245,36.807631],[-108.712338,36.807629],[-108.712335,36.807719],[-108.712447,36.807721],[-108.712444,36.807811],[-108.712668,36.807815],[-108.712666,36.807906],[-108.712778,36.807908],[-108.71278,36.807818],[-108.712892,36.80782],[-108.712895,36.80773],[-108.713007,36.807732],[-108.713004,36.807822],[-108.713565,36.807833],[-108.713567,36.807743],[-108.713679,36.807745],[-108.713677,36.807835],[-108.714237,36.807846],[-108.714234,36.807936],[-108.714346,36.807938],[-108.714344,36.808028],[-108.714232,36.808026],[-108.714218,36.808476],[-108.71433,36.808478],[-108.714328,36.808568],[-108.71444,36.808571]]]},"properties":{"src":"truth"}},{"type":"Feature","geometry":{"type":"Polygon","coordinates":[[[-108.742985,36.810017],[-108.742988,36.809927],[-108.743212,36.809931],[-108.743215,36.809841],[-108.743327,36.809844],[-108.743329,36.809753],[-108.743553,36.809758],[-108.743559,36.809578],[-108.743671,36.80958],[-108.743679,36.809309],[-108.743791,36.809312],[-108.743793,36.809221],[-108.743906,36.809224],[-108.743908,36.809134],[-108.744244,36.80914],[-108.744247,36.80905],[-108.744583,36.809056],[-108.744586,36.808966],[-108.744698,36.808968],[-108.7447,36.808878],[-108.744925,36.808882],[-108.744927,36.808792],[-108.745039,36.808794],[-108.745042,36.808704],[-108.745154,36.808707],[-108.745151,36.808797],[-108.745375,36.808801],[-108.745378,36.808711],[-108.745602,36.808715],[-108.745605,36.808625],[-108.745717,36.808627],[-108.745719,36.808537],[-108.745944,36.808541],[-108.745946,36.808451],[-108.746058,36.808453],[-108.746066,36.808183],[-108.744834,36.80816],[-108.744831,36.80825],[-108.744383,36.808241],[-108.744385,36.808151],[-108.743153,36.808128],[-108.74315,36.808218],[-108.742814,36.808211],[-108.742811,36.808302],[-108.742587,36.808297],[-108.742585,36.808387],[-108.741912,36.808375],[-108.74191,36.808465],[-108.741462,36.808456],[-108.741459,36.808546],[-108.741347,36.808544],[-108.741344,36.808634],[-108.74112,36.80863],[-108.741118,36.80872],[-108.74123,36.808722],[-108.741227,36.808812],[-108.741115,36.80881],[-108.741112,36.8089],[-108.741336,36.808904],[-108.741334,36.808995],[-108.74167,36.809001],[-108.741672,36.808911],[-108.741785,36.808913],[-108.741787,36.808823],[-108.742011,36.808827],[-108.742006,36.809007],[-108.741894,36.809005],[-108.741891,36.809095],[-108.742003,36.809097],[-108.741998,36.809278],[-108.742222,36.809282],[-108.742219,36.809372],[-108.741883,36.809365],[-108.741881,36.809456],[-108.741769,36.809453],[-108.741766,36.809543],[-108.741878,36.809546],[-108.74187,36.809816],[-108.741982,36.809818],[-108.741985,36.809728],[-108.742097,36.80973],[-108.742102,36.80955],[-108.742438,36.809556],[-108.742436,36.809646],[-108.74266,36.809651],[-108.742649,36.810011],[-108.742985,36.810017]]]},"properties":{"src":"truth"}},{"type":"Feature","geometry":{"type":"Polygon","coordinates":[[[-108.737017,36.822341],[-108.737027,36.821981],[-108.736915,36.821979],[-108.736921,36.821799],[-108.737257,36.821805],[-108.737259,36.821715],[-108.737147,36.821713],[-108.73715,36.821623],[-108.737262,36.821625],[-108.737267,36.821445],[-108.737155,36.821443],[-108.737158,36.821353],[-108.737382,36.821357],[-108.737393,36.820997],[-108.737505,36.820999],[-108.737507,36.820909],[-108.737395,36.820907],[-108.737398,36.820816],[-108.73751,36.820819],[-108.737513,36.820729],[-108.737401,36.820726],[-108.737419,36.820096],[-108.737531,36.820098],[-108.737537,36.819918],[-108.737649,36.81992],[-108.737651,36.81983],[-108.737539,36.819828],[-108.737542,36.819738],[-108.73743,36.819736],[-108.737435,36.819555],[-108.737323,36.819553],[-108.737326,36.819463],[-108.737438,36.819465],[-108.737454,36.818925],[-108.737342,36.818923],[-108.737339,36.819013],[-108.737227,36.819011],[-108.737232,36.81883],[-108.73712,36.818828],[-108.737118,36.818918],[-108.737005,36.818916],[-108.737008,36.818826],[-108.736896,36.818824],[-108.736899,36.818734],[-108.736675,36.81873],[-108.736677,36.81864],[-108.736565,36.818638],[-108.736571,36.818457],[-108.736458,36.818455],[-108.736464,36.818275],[-108.736352,36.818273],[-108.736357,36.818093],[-108.736245,36.818091],[-108.736248,36.818001],[-108.736136,36.817998],[-108.736138,36.817908],[-108.736026,36.817906],[-108.736029,36.817816],[-108.736141,36.817818],[-108.736146,36.817638],[-108.735922,36.817634],[-108.735925,36.817544],[-108.735701,36.81754],[-108.735698,36.81763],[-108.73581,36.817632],[-108.735805,36.817812],[-108.735693,36.81781],[-108.735687,36.81799],[-108.735799,36.817992],[-108.735794,36.818172],[-108.735682,36.81817],[-108.735679,36.81826],[-108.735791,36.818262],[-108.735789,36.818352],[-108.735565,36.818348],[-108.735567,36.818258],[-108.735455,36.818256],[-108.735458,36.818166],[-108.735346,36.818164],[-108.735348,36.818074],[-108.735236,36.818071],[-108.735247,36.817711],[-108.735359,36.817713],[-108.735362,36.817623],[-108.73525,36.817621],[-108.735252,36.817531],[-108.73514,36.817529],[-108.735143,36.817439],[-108.735031,36.817437],[-108.735036,36.817257],[-108.73526,36.817261],[-108.735266,36.817081],[-108.735154,36.817078],[-108.735156,36.816988],[-108.735268,36.816991],[-108.735271,36.8169],[-108.735047,36.816896],[-108.735049,36.816806],[-108.734825,36.816802],[-108.734831,36.816622],[-108.734719,36.81662],[-108.734721,36.816529],[-108.734609,36.816527],[-108.734612,36.816437],[-108.7345,36.816435],[-108.734508,36.816165],[-108.734396,36.816163],[-108.734401,36.815983],[-108.734513,36.815985],[-108.734518,36.815805],[-108.73463,36.815807],[-108.734628,36.815897],[-108.734852,36.815901],[-108.734844,36.816171],[-108.734956,36.816173],[-108.734953,36.816264],[-108.735065,36.816266],[-108.735063,36.816356],[-108.735175,36.816358],[-108.735172,36.816448],[-108.735508,36.816454],[-108.735506,36.816544],[-108.735618,36.816547],[-108.735615,36.816637],[-108.735727,36.816639],[-108.73573,36.816549],[-108.735842,36.816551],[-108.735837,36.816731],[-108.735949,36.816733],[-108.735943,36.816913],[-108.736055,36.816915],[-108.73605,36.817096],[-108.736274,36.8171],[-108.736271,36.81719],[-108.736159,36.817188],[-108.736157,36.817278],[-108.736045,36.817276],[-108.736042,36.817366],[-108.736378,36.817372],[-108.736373,36.817552],[-108.736261,36.81755],[-108.736253,36.81782],[-108.736477,36.817825],[-108.736474,36.817915],[-108.736923,36.817923],[-108.73692,36.818013],[-108.737032,36.818016],[-108.737027,36.818196],[-108.737251,36.8182],[-108.737246,36.81838],[-108.737358,36.818382],[-108.737352,36.818562],[-108.737576,36.818567],[-108.737571,36.818747],[-108.737683,36.818749],[-108.737681,36.818839],[-108.737793,36.818841],[-108.73779,36.818931],[-108.737902,36.818933],[-108.737926,36.818123],[-108.737814,36.818121],[-108.737819,36.81794],[-108.737931,36.817943],[-108.737947,36.817402],[-108.738059,36.817404],[-108.73807,36.817044],[-108.738182,36.817046],[-108.738184,36.816956],[-108.738409,36.81696],[-108.738403,36.81714],[-108.738291,36.817138],[-108.738289,36.817228],[-108.738401,36.81723],[-108.738385,36.817771],[-108.738273,36.817769],[-108.73827,36.817859],[-108.738158,36.817857],[-108.738155,36.817947],[-108.738267,36.817949],[-108.738265,36.818039],[-108.738153,36.818037],[-108.738139,36.818487],[-108.738364,36.818492],[-108.738366,36.818401],[-108.738478,36.818404],[-108.738481,36.818313],[-108.738593,36.818316],[-108.738598,36.818135],[-108.738486,36.818133],[-108.738491,36.817953],[-108.738604,36.817955],[-108.738606,36.817865],[-108.738494,36.817863],[-108.738497,36.817773],[-108.738721,36.817777],[-108.738726,36.817597],[-108.738838,36.817599],[-108.738841,36.817509],[-108.738953,36.817511],[-108.738956,36.817421],[-108.739068,36.817423],[-108.739073,36.817243],[-108.739185,36.817245],[-108.73919,36.817065],[-108.739078,36.817063],[-108.739084,36.816883],[-108.738747,36.816877],[-108.738745,36.816967],[-108.738633,36.816964],[-108.738635,36.816874],[-108.738523,36.816872],[-108.738529,36.816692],[-108.738417,36.81669],[-108.738419,36.8166],[-108.738531,36.816602],[-108.738539,36.816332],[-108.738651,36.816334],[-108.738654,36.816244],[-108.738766,36.816246],[-108.738769,36.816156],[-108.738544,36.816152],[-108.73855,36.815972],[-108.738438,36.815969],[-108.738435,36.816059],[-108.738323,36.816057],[-108.738328,36.815877],[-108.738216,36.815875],[-108.738224,36.815605],[-108.738336,36.815607],[-108.738344,36.815337],[-108.738232,36.815335],[-108.738235,36.815244],[-108.738123,36.815242],[-108.738125,36.815152],[-108.738013,36.81515],[-108.738016,36.81506],[-108.737904,36.815058],[-108.737909,36.814878],[-108.737797,36.814876],[-108.7378,36.814786],[-108.737688,36.814783],[-108.73769,36.814693],[-108.737578,36.814691],[-108.737581,36.814601],[-108.737469,36.814599],[-108.737472,36.814509],[-108.73736,36.814507],[-108.737365,36.814327],[-108.737141,36.814322],[-108.737143,36.814232],[-108.737031,36.81423],[-108.737034,36.81414],[-108.736922,36.814138],[-108.736925,36.814048],[-108.736701,36.814044],[-108.736703,36.813954],[-108.736591,36.813951],[-108.736594,36.813861],[-108.736482,36.813859],[-108.736484,36.813769],[-108.736372,36.813767],[-108.736375,36.813677],[-108.736263,36.813675],[-108.736268,36.813495],[-108.736156,36.813493],[-108.736161,36.813312],[-108.735937,36.813308],[-108.73594,36.813218],[-108.735828,36.813216],[-108.735831,36.813126],[-108.735719,36.813124],[-108.735721,36.813034],[-108.735497,36.813029],[-108.7355,36.812939],[-108.734939,36.812929],[-108.734942,36.812838],[-108.735278,36.812845],[-108.735281,36.812755],[-108.734721,36.812744],[-108.734723,36.812654],[-108.733715,36.812635],[-108.733718,36.812545],[-108.733493,36.81254],[-108.733491,36.812631],[-108.733379,36.812628],[-108.733376,36.812719],[-108.733264,36.812716],[-108.733267,36.812626],[-108.733155,36.812624],[-108.733157,36.812534],[-108.733045,36.812532],[-108.733043,36.812622],[-108.732931,36.81262],[-108.732933,36.81253],[-108.732821,36.812528],[-108.732818,36.812618],[-108.731922,36.812601],[-108.731925,36.812511],[-108.731476,36.812502],[-108.731479,36.812412],[-108.731143,36.812406],[-108.731146,36.812315],[-108.730922,36.812311],[-108.730927,36.812131],[-108.730703,36.812127],[-108.730705,36.812037],[-108.730481,36.812032],[-108.730484,36.811942],[-108.73026,36.811938],[-108.730263,36.811848],[-108.73015,36.811846],[-108.730145,36.812026],[-108.730033,36.812024],[-108.730036,36.811934],[-108.7297,36.811927],[-108.729705,36.811747],[-108.729593,36.811745],[-108.729598,36.811565],[-108.729486,36.811563],[-108.729489,36.811473],[-108.729377,36.811471],[-108.729382,36.81129],[-108.72927,36.811288],[-108.729273,36.811198],[-108.729161,36.811196],[-108.729166,36.811016],[-108.729054,36.811014],[-108.729059,36.810834],[-108.728947,36.810831],[-108.728952,36.810651],[-108.72884,36.810649],[-108.728846,36.810469],[-108.728734,36.810467],[-108.728739,36.810287],[-108.728627,36.810285],[-108.728635,36.810014],[-108.728411,36.81001],[-108.728422,36.80965],[-108.728309,36.809648],[-108.728325,36.809107],[-108.728213,36.809105],[-108.728243,36.808114],[-108.728131,36.808112],[-108.728133,36.808022],[-108.728245,36.808024],[-108.728248,36.807934],[-108.728024,36.80793],[-108.728027,36.80784],[-108.72713,36.807823],[-108.727117,36.808273],[-108.727005,36.808271],[-108.727,36.808451],[-108.727112,36.808453],[-108.727109,36.808543],[-108.727781,36.808556],[-108.727771,36.808916],[-108.727658,36.808914],[-108.727651,36.809184],[-108.727763,36.809186],[-108.727757,36.809367],[-108.727869,36.809369],[-108.727864,36.809549],[-108.727976,36.809551],[-108.727971,36.809731],[-108.728083,36.809733],[-108.728077,36.809914],[-108.728189,36.809916],[-108.728184,36.810096],[-108.728296,36.810098],[-108.728291,36.810278],[-108.728403,36.81028],[-108.7284,36.81037],[-108.728288,36.810368],[-108.728286,36.810458],[-108.728173,36.810456],[-108.728171,36.810546],[-108.728059,36.810544],[-108.728053,36.810724],[-108.728165,36.810726],[-108.72816,36.810907],[-108.728272,36.810909],[-108.728267,36.811089],[-108.728827,36.8111],[-108.728824,36.81119],[-108.729049,36.811194],[-108.729046,36.811284],[-108.729158,36.811286],[-108.729153,36.811466],[-108.729265,36.811468],[-108.729262,36.811558],[-108.729374,36.811561],[-108.729371,36.811651],[-108.729259,36.811649],[-108.729257,36.811739],[-108.729369,36.811741],[-108.729363,36.811921],[-108.729475,36.811923],[-108.729468,36.812193],[-108.72958,36.812195],[-108.729574,36.812376],[-108.729686,36.812378],[-108.729678,36.812648],[-108.72979,36.81265],[-108.72978,36.81301],[-108.729892,36.813013],[-108.729886,36.813193],[-108.72955,36.813186],[-108.729542,36.813456],[-108.72943,36.813454],[-108.729428,36.813544],[-108.729316,36.813542],[-108.72931,36.813722],[-108.728974,36.813716],[-108.728977,36.813626],[-108.729089,36.813628],[-108.729091,36.813538],[-108.728979,36.813536],[-108.728982,36.813446],[-108.72887,36.813444],[-108.728867,36.813534],[-108.728643,36.813529],[-108.728641,36.81362],[-108.728528,36.813617],[-108.728531,36.813527],[-108.728307,36.813523],[-108.72831,36.813433],[-108.728198,36.813431],[-108.728203,36.813251],[-108.728315,36.813253],[-108.728326,36.812892],[-108.72855,36.812897],[-108.728552,36.812807],[-108.72844,36.812805],[-108.728454,36.812354],[-108.728566,36.812356],[-108.728568,36.812266],[-108.729017,36.812275],[-108.729019,36.812185],[-108.729243,36.812189],[-108.729246,36.812099],[-108.729022,36.812095],[-108.729033,36.811734],[-108.728921,36.811732],[-108.728913,36.812002],[-108.728128,36.811987],[-108.728131,36.811897],[-108.728019,36.811895],[-108.728013,36.812075],[-108.727789,36.812071],[-108.727792,36.811981],[-108.72768,36.811979],[-108.727677,36.812069],[-108.727341,36.812063],[-108.727344,36.811972],[-108.727232,36.81197],[-108.727229,36.81206],[-108.72566,36.81203],[-108.725658,36.81212],[-108.72577,36.812123],[-108.725767,36.812213],[-108.726103,36.812219],[-108.726098,36.812399],[-108.726434,36.812406],[-108.726437,36.812316],[-108.726661,36.81232],[-108.726653,36.81259],[-108.726541,36.812588],[-108.726538,36.812678],[-108.726426,36.812676],[-108.726423,36.812766],[-108.726311,36.812764],[-108.726309,36.812854],[-108.726869,36.812865],[-108.726872,36.812775],[-108.726984,36.812777],[-108.726986,36.812687],[-108.727098,36.812689],[-108.727101,36.812599],[-108.727213,36.812601],[-108.727216,36.812511],[-108.72744,36.812515],[-108.727443,36.812425],[-108.727667,36.812429],[-108.727669,36.812339],[-108.727557,36.812337],[-108.72756,36.812247],[-108.72812,36.812258],[-108.728118,36.812348],[-108.728342,36.812352],[-108.728336,36.812532],[-108.728224,36.81253],[-108.728227,36.81244],[-108.728115,36.812438],[-108.728104,36.812798],[-108.727992,36.812796],[-108.727984,36.813066],[-108.727872,36.813064],[-108.727869,36.813154],[-108.727757,36.813152],[-108.727755,36.813242],[-108.727867,36.813244],[-108.727859,36.813514],[-108.727747,36.813512],[-108.727741,36.813692],[-108.727853,36.813695],[-108.727851,36.813785],[-108.727627,36.81378],[-108.727624,36.81387],[-108.727512,36.813868],[-108.727515,36.813778],[-108.726618,36.813761],[-108.726616,36.813851],[-108.726391,36.813847],[-108.726394,36.813757],[-108.726282,36.813755],[-108.726279,36.813845],[-108.726055,36.81384],[-108.726058,36.81375],[-108.725946,36.813748],[-108.725949,36.813658],[-108.725837,36.813656],[-108.725842,36.813476],[-108.726066,36.81348],[-108.726077,36.81312],[-108.725965,36.813118],[-108.725967,36.813028],[-108.725743,36.813023],[-108.725764,36.812303],[-108.725652,36.812301],[-108.725618,36.813472],[-108.725394,36.813467],[-108.725391,36.813557],[-108.725167,36.813553],[-108.725164,36.813643],[-108.725276,36.813645],[-108.725274,36.813735],[-108.725162,36.813733],[-108.725156,36.813913],[-108.725716,36.813924],[-108.725714,36.814014],[-108.725826,36.814016],[-108.725829,36.813926],[-108.726165,36.813933],[-108.726162,36.814023],[-108.72661,36.814031],[-108.726613,36.813941],[-108.726725,36.813943],[-108.726722,36.814033],[-108.726834,36.814036],[-108.726837,36.813946],[-108.727733,36.813963],[-108.727731,36.814053],[-108.727955,36.814057],[-108.72796,36.813877],[-108.728184,36.813881],[-108.728182,36.813971],[-108.728294,36.813973],[-108.728296,36.813883],[-108.728745,36.813892],[-108.728742,36.813982],[-108.728854,36.813984],[-108.728857,36.813894],[-108.728969,36.813896],[-108.728966,36.813986],[-108.729078,36.813988],[-108.729081,36.813898],[-108.729977,36.813915],[-108.729967,36.814276],[-108.729855,36.814274],[-108.729849,36.814454],[-108.729737,36.814452],[-108.729732,36.814632],[-108.72962,36.81463],[-108.729606,36.81508],[-108.729494,36.815078],[-108.729486,36.815348],[-108.729598,36.81535],[-108.72959,36.81562],[-108.729703,36.815623],[-108.729689,36.816073],[-108.729577,36.816071],[-108.729561,36.816611],[-108.729225,36.816605],[-108.729214,36.816965],[-108.729438,36.816969],[-108.729436,36.81706],[-108.729548,36.817062],[-108.729543,36.817242],[-108.729318,36.817238],[-108.729316,36.817328],[-108.729204,36.817325],[-108.729201,36.817416],[-108.728977,36.817411],[-108.728974,36.817501],[-108.728862,36.817499],[-108.728854,36.817769],[-108.728966,36.817772],[-108.728969,36.817681],[-108.729081,36.817684],[-108.729076,36.817864],[-108.729188,36.817866],[-108.729185,36.817956],[-108.729073,36.817954],[-108.72907,36.818044],[-108.729182,36.818046],[-108.72918,36.818136],[-108.729292,36.818138],[-108.729289,36.818228],[-108.729177,36.818226],[-108.729174,36.818316],[-108.729062,36.818314],[-108.729054,36.818584],[-108.728942,36.818582],[-108.72894,36.818672],[-108.728828,36.81867],[-108.72882,36.81894],[-108.728708,36.818938],[-108.728702,36.819118],[-108.72859,36.819116],[-108.728585,36.819296],[-108.728697,36.819299],[-108.728694,36.819389],[-108.728806,36.819391],[-108.728804,36.819481],[-108.72914,36.819487],[-108.729137,36.819577],[-108.729249,36.81958],[-108.729255,36.819399],[-108.729367,36.819402],[-108.729364,36.819492],[-108.729476,36.819494],[-108.729479,36.819404],[-108.729591,36.819406],[-108.729588,36.819496],[-108.7297,36.819498],[-108.729703,36.819408],[-108.730039,36.819414],[-108.730034,36.819594],[-108.730146,36.819597],[-108.73014,36.819777],[-108.730028,36.819775],[-108.730026,36.819865],[-108.730138,36.819867],[-108.730135,36.819957],[-108.730023,36.819955],[-108.73001,36.820405],[-108.730122,36.820407],[-108.730108,36.820858],[-108.730333,36.820862],[-108.730325,36.821132],[-108.730213,36.82113],[-108.73021,36.82122],[-108.730658,36.821229],[-108.730655,36.821319],[-108.73088,36.821323],[-108.730882,36.821233],[-108.731106,36.821237],[-108.731104,36.821327],[-108.731216,36.821329],[-108.731218,36.821239],[-108.731555,36.821246],[-108.731552,36.821336],[-108.731664,36.821338],[-108.731667,36.821248],[-108.732003,36.821254],[-108.732,36.821344],[-108.732112,36.821347],[-108.732115,36.821257],[-108.732227,36.821259],[-108.732224,36.821349],[-108.732449,36.821353],[-108.732446,36.821443],[-108.732558,36.821445],[-108.732566,36.821175],[-108.732454,36.821173],[-108.732464,36.820813],[-108.732577,36.820815],[-108.732579,36.820725],[-108.732467,36.820722],[-108.732478,36.820362],[-108.732366,36.82036],[-108.732382,36.81982],[-108.732494,36.819822],[-108.732499,36.819642],[-108.732387,36.819639],[-108.732403,36.819099],[-108.732515,36.819101],[-108.732512,36.819191],[-108.732736,36.819195],[-108.732734,36.819286],[-108.732958,36.81929],[-108.732955,36.81938],[-108.733179,36.819384],[-108.733177,36.819474],[-108.733289,36.819476],[-108.733286,36.819566],[-108.733398,36.819569],[-108.733393,36.819749],[-108.733617,36.819753],[-108.733614,36.819843],[-108.733502,36.819841],[-108.7335,36.819931],[-108.733724,36.819935],[-108.733718,36.820115],[-108.733943,36.82012],[-108.73394,36.82021],[-108.733828,36.820208],[-108.733817,36.820568],[-108.733929,36.82057],[-108.733916,36.82102],[-108.733804,36.821018],[-108.733796,36.821289],[-108.73402,36.821293],[-108.734017,36.821383],[-108.73413,36.821385],[-108.734127,36.821475],[-108.734351,36.821479],[-108.734348,36.821569],[-108.73446,36.821572],[-108.734455,36.821752],[-108.734567,36.821754],[-108.734562,36.821934],[-108.734674,36.821936],[-108.734671,36.822026],[-108.734895,36.822031],[-108.734901,36.82185],[-108.735013,36.821853],[-108.73501,36.821943],[-108.735122,36.821945],[-108.735125,36.821855],[-108.735349,36.821859],[-108.735352,36.821769],[-108.735464,36.821771],[-108.735461,36.821861],[-108.735573,36.821863],[-108.73557,36.821953],[-108.735795,36.821958],[-108.735792,36.822048],[-108.735904,36.82205],[-108.735901,36.82214],[-108.736013,36.822142],[-108.736011,36.822232],[-108.736347,36.822238],[-108.736344,36.822329],[-108.737017,36.822341]],[[-108.731896,36.821072],[-108.731672,36.821068],[-108.731677,36.820888],[-108.731565,36.820886],[-108.731563,36.820976],[-108.731226,36.820969],[-108.731224,36.821059],[-108.730439,36.821044],[-108.730447,36.820774],[-108.730335,36.820772],[-108.730338,36.820682],[-108.73045,36.820684],[-108.730453,36.820594],[-108.730789,36.8206],[-108.730791,36.82051],[-108.730679,36.820508],[-108.730682,36.820418],[-108.730794,36.82042],[-108.730797,36.82033],[-108.730461,36.820324],[-108.730458,36.820414],[-108.730346,36.820412],[-108.730365,36.819781],[-108.730252,36.819779],[-108.730255,36.819689],[-108.730367,36.819691],[-108.73037,36.819601],[-108.730818,36.819609],[-108.730821,36.819519],[-108.731493,36.819532],[-108.73149,36.819622],[-108.731715,36.819627],[-108.731707,36.819897],[-108.731819,36.819899],[-108.731816,36.819989],[-108.731928,36.819991],[-108.731923,36.820171],[-108.732147,36.820176],[-108.732144,36.820266],[-108.732256,36.820268],[-108.732251,36.820448],[-108.732363,36.82045],[-108.73236,36.82054],[-108.732248,36.820538],[-108.732243,36.820718],[-108.732131,36.820716],[-108.732126,36.820896],[-108.732014,36.820894],[-108.732011,36.820984],[-108.731899,36.820982],[-108.731896,36.821072]],[[-108.731781,36.817375],[-108.731669,36.817373],[-108.731672,36.817282],[-108.731784,36.817285],[-108.731781,36.817375]],[[-108.731896,36.817287],[-108.731784,36.817285],[-108.731786,36.817195],[-108.731898,36.817197],[-108.731896,36.817287]],[[-108.735036,36.817257],[-108.734924,36.817254],[-108.734929,36.817074],[-108.735041,36.817076],[-108.735036,36.817257]],[[-108.731562,36.81719],[-108.73145,36.817188],[-108.731453,36.817098],[-108.731341,36.817096],[-108.731338,36.817186],[-108.731114,36.817182],[-108.731119,36.817002],[-108.731007,36.816999],[-108.731005,36.817089],[-108.730893,36.817087],[-108.730898,36.816907],[-108.73101,36.816909],[-108.731023,36.816459],[-108.731135,36.816461],[-108.731138,36.816371],[-108.73125,36.816373],[-108.731253,36.816283],[-108.731365,36.816285],[-108.731357,36.816555],[-108.731469,36.816558],[-108.731466,36.816648],[-108.731802,36.816654],[-108.731797,36.816834],[-108.731909,36.816836],[-108.731901,36.817107],[-108.731789,36.817104],[-108.731792,36.817014],[-108.73168,36.817012],[-108.731677,36.817102],[-108.731565,36.8171],[-108.731562,36.81719]],[[-108.736389,36.817012],[-108.736277,36.81701],[-108.736279,36.81692],[-108.736391,36.816922],[-108.736389,36.817012]],[[-108.736061,36.816735],[-108.735949,36.816733],[-108.735951,36.816643],[-108.736063,36.816645],[-108.736061,36.816735]],[[-108.737757,36.816227],[-108.737533,36.816223],[-108.737539,36.816042],[-108.737427,36.81604],[-108.737432,36.81586],[-108.737208,36.815856],[-108.73721,36.815766],[-108.736986,36.815761],[-108.736989,36.815671],[-108.736877,36.815669],[-108.73688,36.815579],[-108.737104,36.815583],[-108.737101,36.815674],[-108.737549,36.815682],[-108.737547,36.815772],[-108.737659,36.815774],[-108.737656,36.815864],[-108.737544,36.815862],[-108.737541,36.815952],[-108.737653,36.815954],[-108.737651,36.816045],[-108.737763,36.816047],[-108.737757,36.816227]],[[-108.735866,36.81574],[-108.735754,36.815738],[-108.735756,36.815648],[-108.735868,36.81565],[-108.735866,36.81574]],[[-108.734521,36.815715],[-108.734409,36.815712],[-108.734412,36.815622],[-108.734524,36.815624],[-108.734521,36.815715]],[[-108.735756,36.815648],[-108.735532,36.815644],[-108.735535,36.815554],[-108.735311,36.815549],[-108.735313,36.815459],[-108.73565,36.815466],[-108.735647,36.815556],[-108.735759,36.815558],[-108.735756,36.815648]],[[-108.735196,36.815637],[-108.735084,36.815635],[-108.735087,36.815545],[-108.734975,36.815543],[-108.734977,36.815453],[-108.735089,36.815455],[-108.735092,36.815365],[-108.735316,36.815369],[-108.735313,36.815459],[-108.735201,36.815457],[-108.735196,36.815637]],[[-108.737552,36.815592],[-108.737328,36.815588],[-108.73733,36.815498],[-108.737218,36.815496],[-108.737221,36.815405],[-108.736885,36.815399],[-108.736882,36.815489],[-108.73677,36.815487],[-108.736778,36.815217],[-108.73689,36.815219],[-108.736893,36.815129],[-108.737117,36.815133],[-108.737114,36.815223],[-108.737002,36.815221],[-108.737,36.815311],[-108.737336,36.815318],[-108.737333,36.815408],[-108.737445,36.81541],[-108.737442,36.8155],[-108.737555,36.815502],[-108.737552,36.815592]],[[-108.736335,36.815028],[-108.736111,36.815024],[-108.736114,36.814934],[-108.736002,36.814932],[-108.736007,36.814751],[-108.735895,36.814749],[-108.735898,36.814659],[-108.735786,36.814657],[-108.735793,36.814387],[-108.735681,36.814385],[-108.735684,36.814295],[-108.735348,36.814288],[-108.735351,36.814198],[-108.735238,36.814196],[-108.735241,36.814106],[-108.735577,36.814112],[-108.735575,36.814202],[-108.735799,36.814207],[-108.735796,36.814297],[-108.735908,36.814299],[-108.735906,36.814389],[-108.73613,36.814393],[-108.736124,36.814573],[-108.736348,36.814578],[-108.736346,36.814668],[-108.736458,36.81467],[-108.736455,36.81476],[-108.736567,36.814762],[-108.736565,36.814852],[-108.736453,36.81485],[-108.73645,36.81494],[-108.736338,36.814938],[-108.736335,36.815028]],[[-108.735017,36.814102],[-108.734793,36.814097],[-108.734796,36.814007],[-108.734571,36.814003],[-108.734569,36.814093],[-108.734457,36.814091],[-108.734459,36.814001],[-108.734347,36.813999],[-108.734345,36.814089],[-108.734233,36.814087],[-108.734235,36.813997],[-108.734123,36.813995],[-108.734121,36.814085],[-108.733896,36.81408],[-108.733899,36.81399],[-108.733339,36.81398],[-108.733342,36.813889],[-108.733229,36.813887],[-108.733232,36.813797],[-108.73368,36.813806],[-108.733683,36.813716],[-108.734131,36.813724],[-108.734129,36.813814],[-108.734577,36.813823],[-108.734574,36.813913],[-108.734686,36.813915],[-108.734689,36.813825],[-108.734801,36.813827],[-108.734798,36.813917],[-108.73491,36.813919],[-108.734908,36.814009],[-108.73502,36.814012],[-108.735017,36.814102]],[[-108.729652,36.813549],[-108.72954,36.813547],[-108.729542,36.813456],[-108.729654,36.813459],[-108.729652,36.813549]],[[-108.728094,36.813158],[-108.727982,36.813156],[-108.727984,36.813066],[-108.728096,36.813068],[-108.728094,36.813158]],[[-108.728907,36.812183],[-108.728795,36.81218],[-108.728798,36.81209],[-108.72891,36.812092],[-108.728907,36.812183]]]},"properties":{"src":"truth"}},{"type":"Feature","geometry":{"type":"Polygon","coordinates":[[[-108.720848,36.807973],[-108.72085,36.807883],[-108.720962,36.807885],[-108.720968,36.807705],[-108.720856,36.807702],[-108.720853,36.807792],[-108.720741,36.80779],[-108.720744,36.8077],[-108.720407,36.807694],[-108.720405,36.807784],[-108.720517,36.807786],[-108.720514,36.807876],[-108.720626,36.807878],[-108.720624,36.807968],[-108.720848,36.807973]]]},"properties":{"src":"truth"}},{"type":"Feature","geometry":{"type":"Polygon","coordinates":[[[-108.746545,36.830093],[-108.746555,36.829733],[-108.746443,36.829731],[-108.746448,36.82955],[-108.746336,36.829548],[-108.746347,36.829188],[-108.746235,36.829186],[-108.746238,36.829096],[-108.746125,36.829094],[-108.746144,36.828463],[-108.746256,36.828465],[-108.746261,36.828285],[-108.746149,36.828283],[-108.746152,36.828193],[-108.746264,36.828195],[-108.746267,36.828105],[-108.746042,36.828101],[-108.746048,36.827921],[-108.745936,36.827918],[-108.745938,36.827828],[-108.745826,36.827826],[-108.745832,36.827646],[-108.745719,36.827644],[-108.745722,36.827554],[-108.74561,36.827552],[-108.745613,36.827462],[-108.745501,36.82746],[-108.745495,36.82764],[-108.745383,36.827638],[-108.745381,36.827728],[-108.745268,36.827726],[-108.745266,36.827816],[-108.745154,36.827814],[-108.745151,36.827904],[-108.745039,36.827901],[-108.745034,36.828082],[-108.744922,36.828079],[-108.744924,36.827989],[-108.744476,36.827981],[-108.744479,36.827891],[-108.744591,36.827893],[-108.744596,36.827713],[-108.744708,36.827715],[-108.744711,36.827625],[-108.745047,36.827631],[-108.745052,36.827451],[-108.74494,36.827449],[-108.744943,36.827359],[-108.744719,36.827355],[-108.744713,36.827535],[-108.744601,36.827533],[-108.744599,36.827623],[-108.744487,36.827621],[-108.744495,36.82735],[-108.744382,36.827348],[-108.744393,36.826988],[-108.744281,36.826986],[-108.744284,36.826896],[-108.744396,36.826898],[-108.744398,36.826808],[-108.74451,36.82681],[-108.744513,36.82672],[-108.744625,36.826722],[-108.744628,36.826632],[-108.74474,36.826634],[-108.744745,36.826454],[-108.744857,36.826456],[-108.74486,36.826366],[-108.744972,36.826368],[-108.744977,36.826188],[-108.745089,36.82619],[-108.745095,36.82601],[-108.745319,36.826014],[-108.745329,36.825654],[-108.745441,36.825656],[-108.745455,36.825206],[-108.745343,36.825203],[-108.745348,36.825023],[-108.74546,36.825025],[-108.745463,36.824935],[-108.745238,36.824931],[-108.745241,36.824841],[-108.745353,36.824843],[-108.745361,36.824573],[-108.745473,36.824575],[-108.745476,36.824485],[-108.745588,36.824487],[-108.745593,36.824307],[-108.745705,36.824309],[-108.7457,36.824489],[-108.745812,36.824491],[-108.74582,36.824221],[-108.745708,36.824219],[-108.745716,36.823949],[-108.745604,36.823947],[-108.745606,36.823856],[-108.745718,36.823859],[-108.745721,36.823769],[-108.745609,36.823766],[-108.745617,36.823496],[-108.745505,36.823494],[-108.74551,36.823314],[-108.745398,36.823312],[-108.745403,36.823132],[-108.745291,36.82313],[-108.745294,36.823039],[-108.745182,36.823037],[-108.745184,36.822947],[-108.745072,36.822945],[-108.745075,36.822855],[-108.745187,36.822857],[-108.74519,36.822767],[-108.745302,36.822769],[-108.745304,36.822679],[-108.74508,36.822675],[-108.745083,36.822585],[-108.745195,36.822587],[-108.745198,36.822497],[-108.74531,36.822499],[-108.745307,36.822589],[-108.745419,36.822591],[-108.745417,36.822681],[-108.745529,36.822683],[-108.745523,36.822864],[-108.745635,36.822866],[-108.745641,36.822685],[-108.745753,36.822688],[-108.745763,36.822327],[-108.745427,36.822321],[-108.74543,36.822231],[-108.745542,36.822233],[-108.745544,36.822143],[-108.745657,36.822145],[-108.745662,36.821965],[-108.745774,36.821967],[-108.745777,36.821877],[-108.74544,36.821871],[-108.745443,36.82178],[-108.745331,36.821778],[-108.745336,36.821598],[-108.745112,36.821594],[-108.745115,36.821504],[-108.745227,36.821506],[-108.745229,36.821416],[-108.745342,36.821418],[-108.745344,36.821328],[-108.745456,36.82133],[-108.745459,36.82124],[-108.745907,36.821249],[-108.74591,36.821158],[-108.746022,36.821161],[-108.746019,36.821251],[-108.746131,36.821253],[-108.746129,36.821343],[-108.746017,36.821341],[-108.746014,36.821431],[-108.745902,36.821429],[-108.745899,36.821519],[-108.745787,36.821517],[-108.745784,36.821607],[-108.745897,36.821609],[-108.745894,36.821699],[-108.746118,36.821703],[-108.746115,36.821793],[-108.746003,36.821791],[-108.745998,36.821971],[-108.745886,36.821969],[-108.745883,36.822059],[-108.745995,36.822061],[-108.74599,36.822241],[-108.745878,36.822239],[-108.745873,36.82242],[-108.745985,36.822422],[-108.745987,36.822332],[-108.7461,36.822334],[-108.74611,36.821973],[-108.746222,36.821976],[-108.746238,36.821435],[-108.74635,36.821437],[-108.746374,36.820626],[-108.746486,36.820629],[-108.746494,36.820358],[-108.746606,36.82036],[-108.746611,36.82018],[-108.746723,36.820182],[-108.746731,36.819912],[-108.746619,36.81991],[-108.746624,36.81973],[-108.746512,36.819728],[-108.746518,36.819548],[-108.746406,36.819546],[-108.746421,36.819005],[-108.746309,36.819003],[-108.746317,36.818733],[-108.746205,36.818731],[-108.746224,36.8181],[-108.746112,36.818098],[-108.746122,36.817738],[-108.74601,36.817736],[-108.746021,36.817375],[-108.746133,36.817377],[-108.746135,36.817287],[-108.745911,36.817283],[-108.745909,36.817373],[-108.745573,36.817367],[-108.74557,36.817457],[-108.745458,36.817455],[-108.745463,36.817274],[-108.745351,36.817272],[-108.745354,36.817182],[-108.745242,36.81718],[-108.745244,36.81709],[-108.745132,36.817088],[-108.745135,36.816998],[-108.745023,36.816996],[-108.745025,36.816906],[-108.744913,36.816904],[-108.744919,36.816723],[-108.744807,36.816721],[-108.744809,36.816631],[-108.744697,36.816629],[-108.744702,36.816449],[-108.74459,36.816447],[-108.744593,36.816357],[-108.744369,36.816352],[-108.744372,36.816262],[-108.744147,36.816258],[-108.74415,36.816168],[-108.744038,36.816166],[-108.744041,36.816076],[-108.743368,36.816063],[-108.743371,36.815973],[-108.743035,36.815967],[-108.743032,36.816057],[-108.74292,36.816055],[-108.742923,36.815965],[-108.742811,36.815962],[-108.742813,36.815872],[-108.742253,36.815862],[-108.742261,36.815591],[-108.742149,36.815589],[-108.742152,36.815499],[-108.741927,36.815495],[-108.741933,36.815315],[-108.741821,36.815313],[-108.741829,36.815042],[-108.741717,36.81504],[-108.741719,36.81495],[-108.741831,36.814952],[-108.741834,36.814862],[-108.741722,36.81486],[-108.74174,36.81423],[-108.741852,36.814232],[-108.741858,36.814052],[-108.741746,36.814049],[-108.741748,36.813959],[-108.741636,36.813957],[-108.741642,36.813777],[-108.741081,36.813766],[-108.741084,36.813676],[-108.740412,36.813664],[-108.740414,36.813574],[-108.740302,36.813571],[-108.740305,36.813481],[-108.740193,36.813479],[-108.740203,36.813119],[-108.739979,36.813115],[-108.739974,36.813295],[-108.739862,36.813293],[-108.739865,36.813203],[-108.739753,36.8132],[-108.739755,36.81311],[-108.739531,36.813106],[-108.739534,36.813016],[-108.739422,36.813014],[-108.739427,36.812834],[-108.739203,36.812829],[-108.739208,36.812649],[-108.739096,36.812647],[-108.739101,36.812467],[-108.738877,36.812463],[-108.73888,36.812373],[-108.738992,36.812375],[-108.738995,36.812285],[-108.738883,36.812283],[-108.738893,36.811922],[-108.738557,36.811916],[-108.738562,36.811736],[-108.738338,36.811732],[-108.738344,36.811551],[-108.738231,36.811549],[-108.738234,36.811459],[-108.738458,36.811463],[-108.738464,36.811283],[-108.738351,36.811281],[-108.738354,36.811191],[-108.738242,36.811189],[-108.738239,36.811279],[-108.738127,36.811277],[-108.738135,36.811007],[-108.738247,36.811009],[-108.73825,36.810919],[-108.738026,36.810914],[-108.738029,36.810824],[-108.738141,36.810826],[-108.738143,36.810736],[-108.738255,36.810739],[-108.738258,36.810648],[-108.738146,36.810646],[-108.738149,36.810556],[-108.738037,36.810554],[-108.738042,36.810374],[-108.738154,36.810376],[-108.738157,36.810286],[-108.737932,36.810282],[-108.737938,36.810102],[-108.73805,36.810104],[-108.738055,36.809924],[-108.737719,36.809917],[-108.737724,36.809737],[-108.737612,36.809735],[-108.737618,36.809555],[-108.737842,36.809559],[-108.737844,36.809469],[-108.737732,36.809467],[-108.73774,36.809197],[-108.737628,36.809194],[-108.737633,36.809014],[-108.737745,36.809016],[-108.737748,36.808926],[-108.737636,36.808924],[-108.737641,36.808744],[-108.737753,36.808746],[-108.737772,36.808116],[-108.737884,36.808118],[-108.737887,36.808028],[-108.736318,36.807998],[-108.736315,36.808088],[-108.736427,36.80809],[-108.736419,36.80836],[-108.736307,36.808358],[-108.736305,36.808448],[-108.736529,36.808452],[-108.736524,36.808633],[-108.736299,36.808628],[-108.736297,36.808718],[-108.736185,36.808716],[-108.736193,36.808446],[-108.735969,36.808442],[-108.735966,36.808532],[-108.735854,36.80853],[-108.735851,36.80862],[-108.735627,36.808616],[-108.735622,36.808796],[-108.735734,36.808798],[-108.735731,36.808888],[-108.735843,36.80889],[-108.735841,36.80898],[-108.736289,36.808989],[-108.736286,36.809079],[-108.736174,36.809077],[-108.736171,36.809167],[-108.736396,36.809171],[-108.73639,36.809351],[-108.736614,36.809355],[-108.736612,36.809445],[-108.7365,36.809443],[-108.736494,36.809623],[-108.736606,36.809626],[-108.736604,36.809716],[-108.736716,36.809718],[-108.736713,36.809808],[-108.736601,36.809806],[-108.736598,36.809896],[-108.736711,36.809898],[-108.7367,36.810258],[-108.736476,36.810254],[-108.736481,36.810074],[-108.736257,36.81007],[-108.736254,36.81016],[-108.73603,36.810155],[-108.736028,36.810245],[-108.73614,36.810248],[-108.736134,36.810428],[-108.736246,36.81043],[-108.736244,36.81052],[-108.736356,36.810522],[-108.736358,36.810432],[-108.73647,36.810434],[-108.736465,36.810614],[-108.736689,36.810619],[-108.736687,36.810709],[-108.73635,36.810702],[-108.73634,36.811063],[-108.736228,36.81106],[-108.736223,36.811241],[-108.73611,36.811238],[-108.736102,36.811509],[-108.736215,36.811511],[-108.736212,36.811601],[-108.7361,36.811599],[-108.736097,36.811689],[-108.735873,36.811685],[-108.73587,36.811775],[-108.735758,36.811773],[-108.735756,36.811863],[-108.735644,36.81186],[-108.735641,36.811951],[-108.735417,36.811946],[-108.735414,36.812036],[-108.735302,36.812034],[-108.735297,36.812214],[-108.735633,36.812221],[-108.73563,36.812311],[-108.735518,36.812309],[-108.735516,36.812399],[-108.735852,36.812405],[-108.735849,36.812495],[-108.736297,36.812504],[-108.7363,36.812414],[-108.736076,36.812409],[-108.736079,36.812319],[-108.736191,36.812322],[-108.736193,36.812231],[-108.736417,36.812236],[-108.73642,36.812146],[-108.736532,36.812148],[-108.736527,36.812328],[-108.736751,36.812332],[-108.736748,36.812422],[-108.736972,36.812427],[-108.736975,36.812336],[-108.737199,36.812341],[-108.737191,36.812611],[-108.737303,36.812613],[-108.737301,36.812703],[-108.737189,36.812701],[-108.737186,36.812791],[-108.737522,36.812797],[-108.737519,36.812888],[-108.737631,36.81289],[-108.737634,36.8128],[-108.737746,36.812802],[-108.737744,36.812892],[-108.737856,36.812894],[-108.737853,36.812984],[-108.738077,36.812988],[-108.738074,36.813078],[-108.738411,36.813085],[-108.738408,36.813175],[-108.73852,36.813177],[-108.738515,36.813357],[-108.738627,36.813359],[-108.738624,36.813449],[-108.738736,36.813451],[-108.738733,36.813542],[-108.738845,36.813544],[-108.738843,36.813634],[-108.738955,36.813636],[-108.73895,36.813816],[-108.739062,36.813818],[-108.739059,36.813908],[-108.739171,36.81391],[-108.739166,36.814091],[-108.739278,36.814093],[-108.739267,36.814453],[-108.739379,36.814455],[-108.739369,36.814815],[-108.739481,36.814818],[-108.73946,36.815538],[-108.739572,36.81554],[-108.739558,36.815991],[-108.73967,36.815993],[-108.73966,36.816353],[-108.739772,36.816355],[-108.739761,36.816716],[-108.739649,36.816713],[-108.739639,36.817074],[-108.739751,36.817076],[-108.739748,36.817166],[-108.739636,36.817164],[-108.739631,36.817344],[-108.739519,36.817342],[-108.739516,36.817432],[-108.739404,36.81743],[-108.739393,36.81779],[-108.739281,36.817788],[-108.739279,36.817878],[-108.739391,36.81788],[-108.739388,36.81797],[-108.7395,36.817972],[-108.739489,36.818333],[-108.739601,36.818335],[-108.739599,36.818425],[-108.739151,36.818416],[-108.739148,36.818506],[-108.739036,36.818504],[-108.739039,36.818414],[-108.738814,36.81841],[-108.738809,36.81859],[-108.738697,36.818588],[-108.738694,36.818678],[-108.738582,36.818676],[-108.738577,36.818856],[-108.738465,36.818854],[-108.738457,36.819124],[-108.738345,36.819122],[-108.738334,36.819482],[-108.738222,36.81948],[-108.738214,36.81975],[-108.738102,36.819748],[-108.738078,36.820559],[-108.737966,36.820557],[-108.737964,36.820647],[-108.738076,36.820649],[-108.73807,36.820829],[-108.738295,36.820834],[-108.738303,36.820563],[-108.738415,36.820565],[-108.738412,36.820655],[-108.738524,36.820658],[-108.738521,36.820748],[-108.738633,36.82075],[-108.738631,36.82084],[-108.738743,36.820842],[-108.73874,36.820932],[-108.738852,36.820934],[-108.738847,36.821114],[-108.738959,36.821117],[-108.738954,36.821297],[-108.738842,36.821295],[-108.738839,36.821385],[-108.738615,36.82138],[-108.73862,36.8212],[-108.738508,36.821198],[-108.738505,36.821288],[-108.738393,36.821286],[-108.738391,36.821376],[-108.738167,36.821372],[-108.738172,36.821192],[-108.73806,36.82119],[-108.738052,36.82146],[-108.73794,36.821458],[-108.737927,36.821908],[-108.738039,36.82191],[-108.738028,36.82227],[-108.738252,36.822275],[-108.738247,36.822455],[-108.738359,36.822457],[-108.738351,36.822727],[-108.738575,36.822732],[-108.738572,36.822822],[-108.738684,36.822824],[-108.738679,36.823004],[-108.738903,36.823008],[-108.738901,36.823098],[-108.738789,36.823096],[-108.738786,36.823186],[-108.738898,36.823188],[-108.738893,36.823368],[-108.739005,36.823371],[-108.739002,36.823461],[-108.739114,36.823463],[-108.739106,36.823733],[-108.739218,36.823735],[-108.739216,36.823825],[-108.739328,36.823827],[-108.739325,36.823917],[-108.739437,36.82392],[-108.739435,36.82401],[-108.739659,36.824014],[-108.739656,36.824104],[-108.739768,36.824106],[-108.73976,36.824376],[-108.739872,36.824378],[-108.739875,36.824288],[-108.740099,36.824293],[-108.740096,36.824383],[-108.740208,36.824385],[-108.740198,36.824745],[-108.74031,36.824747],[-108.740305,36.824927],[-108.740417,36.82493],[-108.740414,36.82502],[-108.740302,36.825018],[-108.740297,36.825198],[-108.740409,36.8252],[-108.740401,36.82547],[-108.740513,36.825472],[-108.74051,36.825562],[-108.740622,36.825564],[-108.74062,36.825654],[-108.740732,36.825657],[-108.740729,36.825747],[-108.740841,36.825749],[-108.740838,36.825839],[-108.740951,36.825841],[-108.740948,36.825931],[-108.74106,36.825933],[-108.741057,36.826023],[-108.741169,36.826025],[-108.741167,36.826116],[-108.741279,36.826118],[-108.741273,36.826298],[-108.741386,36.8263],[-108.741383,36.82639],[-108.741607,36.826394],[-108.741602,36.826574],[-108.741714,36.826577],[-108.741711,36.826667],[-108.741935,36.826671],[-108.741933,36.826761],[-108.742157,36.826765],[-108.742154,36.826855],[-108.742378,36.82686],[-108.742376,36.82695],[-108.742488,36.826952],[-108.742485,36.827042],[-108.742597,36.827044],[-108.742595,36.827134],[-108.742707,36.827136],[-108.742704,36.827226],[-108.742816,36.827228],[-108.742813,36.827318],[-108.742925,36.827321],[-108.742923,36.827411],[-108.743147,36.827415],[-108.743144,36.827505],[-108.743368,36.827509],[-108.743366,36.827599],[-108.74359,36.827604],[-108.743587,36.827694],[-108.743924,36.8277],[-108.743921,36.82779],[-108.744369,36.827799],[-108.744367,36.827889],[-108.744142,36.827884],[-108.74414,36.827975],[-108.744028,36.827972],[-108.744022,36.828153],[-108.744247,36.828157],[-108.744244,36.828247],[-108.744356,36.828249],[-108.744353,36.828339],[-108.744465,36.828341],[-108.744463,36.828431],[-108.744687,36.828436],[-108.744692,36.828255],[-108.744804,36.828258],[-108.744802,36.828348],[-108.744914,36.82835],[-108.744911,36.82844],[-108.745023,36.828442],[-108.745015,36.828712],[-108.744791,36.828708],[-108.744788,36.828798],[-108.744901,36.8288],[-108.744895,36.82898],[-108.745007,36.828982],[-108.744999,36.829253],[-108.745336,36.829259],[-108.745333,36.829349],[-108.745781,36.829358],[-108.745776,36.829538],[-108.745664,36.829536],[-108.745661,36.829626],[-108.745885,36.82963],[-108.745883,36.82972],[-108.745995,36.829722],[-108.745992,36.829812],[-108.746104,36.829814],[-108.746102,36.829904],[-108.746438,36.829911],[-108.746433,36.830091],[-108.746545,36.830093]],[[-108.744481,36.827801],[-108.744369,36.827799],[-108.744372,36.827709],[-108.744484,36.827711],[-108.744481,36.827801]],[[-108.743395,36.826608],[-108.743283,36.826606],[-108.743286,36.826516],[-108.743173,36.826514],[-108.743176,36.826424],[-108.743288,36.826426],[-108.743293,36.826246],[-108.743406,36.826248],[-108.743408,36.826158],[-108.743296,36.826156],[-108.743301,36.825976],[-108.743189,36.825974],[-108.743192,36.825884],[-108.742968,36.825879],[-108.74297,36.825789],[-108.742858,36.825787],[-108.742864,36.825607],[-108.742752,36.825605],[-108.742754,36.825515],[-108.742866,36.825517],[-108.742872,36.825337],[-108.742647,36.825332],[-108.742661,36.824882],[-108.742437,36.824878],[-108.742439,36.824788],[-108.742327,36.824786],[-108.74233,36.824696],[-108.742442,36.824698],[-108.742445,36.824608],[-108.742332,36.824605],[-108.742335,36.824515],[-108.742447,36.824518],[-108.742455,36.824247],[-108.742567,36.824249],[-108.74257,36.824159],[-108.742682,36.824161],[-108.74269,36.823891],[-108.743026,36.823898],[-108.743029,36.823808],[-108.743141,36.82381],[-108.743138,36.8239],[-108.74325,36.823902],[-108.743248,36.823992],[-108.743472,36.823996],[-108.743466,36.824176],[-108.743578,36.824179],[-108.743581,36.824088],[-108.743693,36.824091],[-108.743688,36.824271],[-108.743912,36.824275],[-108.743907,36.824455],[-108.744019,36.824457],[-108.744016,36.824547],[-108.743904,36.824545],[-108.743901,36.824635],[-108.744014,36.824637],[-108.744011,36.824727],[-108.743899,36.824725],[-108.743894,36.824906],[-108.744006,36.824908],[-108.744003,36.824998],[-108.744115,36.825],[-108.744107,36.82527],[-108.743883,36.825266],[-108.743878,36.825446],[-108.74399,36.825448],[-108.743976,36.825898],[-108.743864,36.825896],[-108.743859,36.826077],[-108.743747,36.826074],[-108.743744,36.826164],[-108.743632,36.826162],[-108.743624,36.826433],[-108.743512,36.82643],[-108.74351,36.826521],[-108.743398,36.826518],[-108.743395,36.826608]],[[-108.738948,36.821477],[-108.738836,36.821475],[-108.738839,36.821385],[-108.738951,36.821387],[-108.738948,36.821477]],[[-108.741048,36.818723],[-108.740936,36.818721],[-108.740938,36.818631],[-108.740826,36.818628],[-108.740832,36.818448],[-108.740719,36.818446],[-108.740727,36.818176],[-108.740615,36.818174],[-108.740621,36.817994],[-108.740509,36.817992],[-108.740514,36.817811],[-108.74085,36.817818],[-108.740847,36.817908],[-108.741072,36.817912],[-108.741069,36.818002],[-108.741181,36.818004],[-108.741178,36.818094],[-108.741066,36.818092],[-108.741053,36.818543],[-108.741165,36.818545],[-108.741162,36.818635],[-108.74105,36.818633],[-108.741048,36.818723]],[[-108.740506,36.818082],[-108.740394,36.81808],[-108.740397,36.817989],[-108.740509,36.817992],[-108.740506,36.818082]],[[-108.740404,36.817719],[-108.740292,36.817717],[-108.740306,36.817267],[-108.74053,36.817271],[-108.740538,36.817001],[-108.74065,36.817003],[-108.740652,36.816913],[-108.740764,36.816915],[-108.740757,36.817185],[-108.740869,36.817187],[-108.740866,36.817277],[-108.740754,36.817275],[-108.740751,36.817365],[-108.740639,36.817363],[-108.740637,36.817453],[-108.740524,36.817451],[-108.740522,36.817541],[-108.74041,36.817539],[-108.740404,36.817719]],[[-108.740975,36.81737],[-108.740863,36.817367],[-108.740866,36.817277],[-108.740978,36.817279],[-108.740975,36.81737]],[[-108.739198,36.81301],[-108.739086,36.813008],[-108.739088,36.812917],[-108.738864,36.812913],[-108.738867,36.812823],[-108.738979,36.812825],[-108.738981,36.812735],[-108.739093,36.812737],[-108.739091,36.812827],[-108.739203,36.812829],[-108.739198,36.81301]],[[-108.736079,36.812319],[-108.735967,36.812317],[-108.735969,36.812227],[-108.736081,36.812229],[-108.736079,36.812319]],[[-108.737098,36.811978],[-108.736874,36.811974],[-108.736876,36.811884],[-108.736764,36.811882],[-108.736762,36.811972],[-108.736649,36.81197],[-108.736657,36.8117],[-108.73677,36.811702],[-108.736767,36.811792],[-108.737103,36.811798],[-108.737098,36.811978]],[[-108.736884,36.811614],[-108.736772,36.811612],[-108.736775,36.811521],[-108.736887,36.811524],[-108.736884,36.811614]]]},"properties":{"src":"truth"}},{"type":"Feature","geometry":{"type":"Polygon","coordinates":[[[-108.718831,36.807934],[-108.718834,36.807844],[-108.719282,36.807852],[-108.719284,36.807762],[-108.719396,36.807764],[-108.719399,36.807674],[-108.718615,36.807659],[-108.718612,36.807749],[-108.718724,36.807752],[-108.718719,36.807932],[-108.718831,36.807934]]]},"properties":{"src":"truth"}},{"type":"Feature","geometry":{"type":"Polygon","coordinates":[[[-108.715087,36.813179],[-108.715095,36.812909],[-108.715432,36.812916],[-108.715434,36.812826],[-108.715546,36.812828],[-108.715544,36.812918],[-108.715656,36.81292],[-108.715664,36.81265],[-108.71544,36.812645],[-108.715442,36.812555],[-108.71533,36.812553],[-108.715336,36.812373],[-108.715448,36.812375],[-108.71545,36.812285],[-108.715562,36.812287],[-108.715565,36.812197],[-108.715677,36.812199],[-108.71568,36.812109],[-108.718145,36.812157],[-108.718148,36.812067],[-108.718484,36.812073],[-108.718481,36.812163],[-108.718593,36.812165],[-108.718596,36.812075],[-108.718708,36.812077],[-108.718705,36.812167],[-108.718817,36.81217],[-108.718812,36.81235],[-108.7187,36.812348],[-108.718697,36.812438],[-108.718809,36.81244],[-108.718807,36.81253],[-108.718694,36.812528],[-108.718692,36.812618],[-108.718804,36.81262],[-108.718801,36.81271],[-108.718913,36.812712],[-108.718921,36.812442],[-108.719033,36.812444],[-108.719036,36.812354],[-108.718924,36.812352],[-108.718927,36.812262],[-108.719039,36.812264],[-108.719041,36.812174],[-108.720946,36.81221],[-108.720952,36.81203],[-108.720727,36.812026],[-108.72073,36.811936],[-108.720506,36.811932],[-108.720509,36.811842],[-108.720397,36.811839],[-108.720402,36.811659],[-108.72029,36.811657],[-108.720287,36.811747],[-108.720063,36.811743],[-108.720074,36.811383],[-108.720186,36.811385],[-108.720183,36.811475],[-108.720407,36.811479],[-108.720405,36.811569],[-108.720517,36.811571],[-108.720519,36.811481],[-108.720631,36.811483],[-108.720634,36.811393],[-108.720522,36.811391],[-108.72053,36.811121],[-108.720642,36.811123],[-108.720645,36.811033],[-108.720533,36.811031],[-108.720535,36.810941],[-108.720423,36.810939],[-108.720426,36.810849],[-108.720314,36.810846],[-108.720317,36.810756],[-108.720989,36.810769],[-108.720994,36.810589],[-108.720434,36.810578],[-108.720437,36.810488],[-108.720549,36.81049],[-108.720551,36.8104],[-108.720439,36.810398],[-108.720442,36.810308],[-108.72033,36.810306],[-108.720335,36.810126],[-108.720672,36.810132],[-108.720674,36.810042],[-108.720786,36.810044],[-108.720794,36.809774],[-108.721018,36.809778],[-108.721029,36.809418],[-108.720917,36.809416],[-108.720938,36.808695],[-108.720826,36.808693],[-108.720829,36.808603],[-108.720941,36.808605],[-108.720949,36.808335],[-108.720837,36.808333],[-108.72084,36.808243],[-108.720728,36.808241],[-108.72073,36.808151],[-108.720506,36.808146],[-108.720501,36.808326],[-108.720613,36.808329],[-108.720608,36.808509],[-108.72072,36.808511],[-108.720717,36.808601],[-108.720605,36.808599],[-108.720602,36.808689],[-108.72049,36.808687],[-108.720493,36.808597],[-108.720269,36.808592],[-108.720266,36.808682],[-108.720042,36.808678],[-108.720037,36.808858],[-108.719925,36.808856],[-108.719922,36.808946],[-108.71981,36.808944],[-108.719813,36.808854],[-108.719588,36.80885],[-108.719591,36.80876],[-108.719479,36.808757],[-108.719487,36.808487],[-108.719375,36.808485],[-108.71938,36.808305],[-108.719492,36.808307],[-108.719495,36.808217],[-108.719383,36.808215],[-108.719388,36.808035],[-108.719276,36.808033],[-108.719279,36.807942],[-108.719167,36.80794],[-108.719162,36.808121],[-108.718601,36.80811],[-108.718604,36.80802],[-108.718492,36.808018],[-108.718495,36.807927],[-108.718383,36.807925],[-108.718388,36.807745],[-108.7185,36.807747],[-108.718503,36.807657],[-108.717943,36.807646],[-108.71794,36.807737],[-108.718164,36.807741],[-108.718159,36.807921],[-108.718271,36.807923],[-108.718263,36.808193],[-108.718151,36.808191],[-108.718145,36.808371],[-108.718257,36.808374],[-108.718252,36.808554],[-108.718364,36.808556],[-108.718353,36.808916],[-108.718129,36.808912],[-108.718132,36.808822],[-108.71802,36.80882],[-108.718022,36.80873],[-108.718134,36.808732],[-108.718137,36.808642],[-108.718025,36.808639],[-108.71803,36.808459],[-108.717582,36.808451],[-108.71758,36.808541],[-108.717804,36.808545],[-108.717796,36.808815],[-108.717684,36.808813],[-108.717681,36.808903],[-108.717905,36.808908],[-108.717886,36.809538],[-108.71811,36.809542],[-108.718108,36.809632],[-108.71822,36.809635],[-108.718214,36.809815],[-108.718102,36.809813],[-108.718105,36.809723],[-108.717993,36.80972],[-108.717985,36.809991],[-108.718209,36.809995],[-108.718206,36.810085],[-108.718431,36.810089],[-108.718428,36.810179],[-108.718092,36.810173],[-108.718089,36.810263],[-108.717977,36.810261],[-108.71798,36.810171],[-108.717868,36.810169],[-108.717865,36.810259],[-108.717753,36.810257],[-108.717756,36.810166],[-108.717644,36.810164],[-108.717641,36.810254],[-108.717417,36.81025],[-108.717419,36.81016],[-108.717307,36.810158],[-108.717305,36.810248],[-108.717081,36.810244],[-108.717078,36.810334],[-108.716966,36.810332],[-108.716969,36.810241],[-108.716856,36.810239],[-108.716854,36.810329],[-108.716742,36.810327],[-108.716744,36.810237],[-108.71652,36.810233],[-108.716518,36.810323],[-108.716182,36.810316],[-108.716179,36.810407],[-108.716291,36.810409],[-108.716288,36.810499],[-108.7164,36.810501],[-108.716398,36.810591],[-108.716173,36.810587],[-108.716165,36.810857],[-108.716278,36.810859],[-108.716275,36.810949],[-108.716387,36.810951],[-108.716384,36.811041],[-108.716496,36.811044],[-108.716491,36.811224],[-108.716715,36.811228],[-108.716723,36.810958],[-108.716835,36.81096],[-108.716838,36.81087],[-108.716726,36.810868],[-108.716734,36.810597],[-108.716622,36.810595],[-108.716627,36.810415],[-108.717411,36.81043],[-108.717414,36.81034],[-108.718198,36.810355],[-108.718201,36.810265],[-108.718313,36.810267],[-108.71831,36.810357],[-108.718423,36.810359],[-108.71842,36.81045],[-108.718532,36.810452],[-108.718535,36.810362],[-108.718759,36.810366],[-108.718745,36.810816],[-108.718857,36.810818],[-108.718852,36.810999],[-108.71874,36.810996],[-108.718735,36.811177],[-108.718847,36.811179],[-108.718844,36.811269],[-108.718732,36.811267],[-108.718727,36.811447],[-108.718839,36.811449],[-108.718828,36.811809],[-108.718716,36.811807],[-108.718713,36.811897],[-108.718377,36.811891],[-108.71838,36.811801],[-108.718156,36.811796],[-108.718153,36.811886],[-108.71692,36.811863],[-108.716918,36.811953],[-108.716582,36.811946],[-108.716579,36.812036],[-108.716355,36.812032],[-108.716357,36.811942],[-108.716021,36.811936],[-108.716024,36.811846],[-108.715912,36.811843],[-108.715915,36.811753],[-108.715803,36.811751],[-108.715805,36.811661],[-108.715693,36.811659],[-108.715704,36.811299],[-108.715816,36.811301],[-108.715813,36.811391],[-108.715925,36.811393],[-108.715931,36.811213],[-108.715819,36.811211],[-108.715824,36.811031],[-108.715712,36.811028],[-108.715715,36.810938],[-108.715603,36.810936],[-108.7156,36.811026],[-108.715376,36.811022],[-108.715373,36.811112],[-108.715261,36.81111],[-108.715258,36.8112],[-108.715146,36.811198],[-108.715144,36.811288],[-108.715032,36.811286],[-108.715029,36.811376],[-108.715253,36.81138],[-108.71525,36.81147],[-108.715474,36.811475],[-108.715464,36.811835],[-108.715016,36.811826],[-108.715013,36.811916],[-108.714901,36.811914],[-108.714895,36.812094],[-108.714783,36.812092],[-108.714781,36.812182],[-108.714669,36.81218],[-108.714666,36.81227],[-108.714554,36.812268],[-108.714551,36.812358],[-108.714663,36.81236],[-108.714661,36.81245],[-108.714549,36.812448],[-108.714546,36.812538],[-108.714434,36.812536],[-108.714428,36.812716],[-108.714541,36.812718],[-108.714538,36.812808],[-108.71465,36.812811],[-108.714647,36.812901],[-108.714759,36.812903],[-108.714757,36.812993],[-108.714869,36.812995],[-108.714866,36.813085],[-108.714978,36.813087],[-108.714975,36.813177],[-108.715087,36.813179]],[[-108.719052,36.811814],[-108.71894,36.811811],[-108.718948,36.811541],[-108.71906,36.811543],[-108.719063,36.811453],[-108.719287,36.811458],[-108.719284,36.811548],[-108.719172,36.811546],[-108.719167,36.811726],[-108.719055,36.811724],[-108.719052,36.811814]],[[-108.719177,36.811365],[-108.719065,36.811363],[-108.719068,36.811273],[-108.718956,36.811271],[-108.718964,36.811001],[-108.719188,36.811005],[-108.719191,36.810915],[-108.719079,36.810913],[-108.719084,36.810733],[-108.718972,36.810731],[-108.718977,36.81055],[-108.718865,36.810548],[-108.718873,36.810278],[-108.718985,36.81028],[-108.718988,36.81019],[-108.7191,36.810192],[-108.719097,36.810282],[-108.71921,36.810284],[-108.719207,36.810375],[-108.719319,36.810377],[-108.719311,36.810647],[-108.719199,36.810645],[-108.719196,36.810735],[-108.719308,36.810737],[-108.719306,36.810827],[-108.719418,36.810829],[-108.719415,36.810919],[-108.719303,36.810917],[-108.719298,36.811097],[-108.71941,36.811099],[-108.719407,36.81119],[-108.719295,36.811187],[-108.719292,36.811277],[-108.71918,36.811275],[-108.719177,36.811365]],[[-108.720205,36.810754],[-108.720093,36.810752],[-108.720095,36.810662],[-108.720207,36.810664],[-108.720205,36.810754]]]},"properties":{"src":"truth"}},{"type":"Feature","geometry":{"type":"Polygon","coordinates":[[[-108.707964,36.815205],[-108.70798,36.814665],[-108.707868,36.814663],[-108.707873,36.814483],[-108.707985,36.814485],[-108.707988,36.814395],[-108.707876,36.814393],[-108.707881,36.814212],[-108.707769,36.81421],[-108.707772,36.81412],[-108.708108,36.814127],[-108.708111,36.814037],[-108.708223,36.814039],[-108.70822,36.814129],[-108.708556,36.814135],[-108.708559,36.814045],[-108.708671,36.814047],[-108.708668,36.814137],[-108.70878,36.81414],[-108.708783,36.81405],[-108.708895,36.814052],[-108.708892,36.814142],[-108.709004,36.814144],[-108.709002,36.814234],[-108.709226,36.814238],[-108.709228,36.814148],[-108.709116,36.814146],[-108.709119,36.814056],[-108.709679,36.814067],[-108.709669,36.814427],[-108.709781,36.814429],[-108.709778,36.814519],[-108.709666,36.814517],[-108.709663,36.814607],[-108.709775,36.814609],[-108.709767,36.81488],[-108.709655,36.814877],[-108.70965,36.815058],[-108.709762,36.81506],[-108.709759,36.81515],[-108.709871,36.815152],[-108.709887,36.814612],[-108.709999,36.814614],[-108.710005,36.814434],[-108.709893,36.814431],[-108.709901,36.814161],[-108.710013,36.814163],[-108.710015,36.814073],[-108.709903,36.814071],[-108.709906,36.813981],[-108.710915,36.814],[-108.710912,36.814091],[-108.711024,36.814093],[-108.711027,36.814003],[-108.711139,36.814005],[-108.711141,36.813915],[-108.711029,36.813913],[-108.711032,36.813822],[-108.710584,36.813814],[-108.710581,36.813904],[-108.710021,36.813893],[-108.710024,36.813803],[-108.709911,36.813801],[-108.709914,36.813711],[-108.710026,36.813713],[-108.710032,36.813533],[-108.710144,36.813535],[-108.710152,36.813265],[-108.710264,36.813267],[-108.710269,36.813087],[-108.710045,36.813082],[-108.71005,36.812902],[-108.710162,36.812904],[-108.71016,36.812995],[-108.710272,36.812997],[-108.710274,36.812907],[-108.710611,36.812913],[-108.710608,36.813003],[-108.710832,36.813007],[-108.71084,36.812737],[-108.710504,36.812731],[-108.710507,36.812641],[-108.710283,36.812636],[-108.71028,36.812726],[-108.709944,36.81272],[-108.709946,36.81263],[-108.710058,36.812632],[-108.710061,36.812542],[-108.709949,36.81254],[-108.70996,36.81218],[-108.710072,36.812182],[-108.710075,36.812092],[-108.710187,36.812094],[-108.710184,36.812184],[-108.710408,36.812188],[-108.710405,36.812278],[-108.710629,36.812283],[-108.710632,36.812192],[-108.710744,36.812195],[-108.710747,36.812105],[-108.710859,36.812107],[-108.710856,36.812197],[-108.710968,36.812199],[-108.710971,36.812109],[-108.711083,36.812111],[-108.71108,36.812201],[-108.711192,36.812203],[-108.711195,36.812113],[-108.711307,36.812115],[-108.711304,36.812205],[-108.711416,36.812208],[-108.711419,36.812118],[-108.712091,36.81213],[-108.712089,36.812221],[-108.711977,36.812218],[-108.711963,36.812669],[-108.711851,36.812667],[-108.711849,36.812757],[-108.711961,36.812759],[-108.711942,36.813389],[-108.71127,36.813376],[-108.711267,36.813466],[-108.711379,36.813469],[-108.711376,36.813559],[-108.711488,36.813561],[-108.711491,36.813471],[-108.711603,36.813473],[-108.7116,36.813563],[-108.711824,36.813567],[-108.711822,36.813657],[-108.711598,36.813653],[-108.711592,36.813833],[-108.711704,36.813835],[-108.711707,36.813745],[-108.711931,36.81375],[-108.711926,36.81393],[-108.712038,36.813932],[-108.712041,36.813842],[-108.712153,36.813844],[-108.712163,36.813484],[-108.712275,36.813486],[-108.712278,36.813396],[-108.712166,36.813394],[-108.712171,36.813214],[-108.712283,36.813216],[-108.712286,36.813126],[-108.712174,36.813123],[-108.712204,36.812133],[-108.712876,36.812146],[-108.712879,36.812055],[-108.713215,36.812062],[-108.713212,36.812152],[-108.713324,36.812154],[-108.713321,36.812244],[-108.713433,36.812246],[-108.713431,36.812336],[-108.713543,36.812339],[-108.71354,36.812429],[-108.713652,36.812431],[-108.713649,36.812521],[-108.713762,36.812523],[-108.713759,36.812613],[-108.713983,36.812617],[-108.71398,36.812708],[-108.714092,36.81271],[-108.714087,36.81289],[-108.713975,36.812888],[-108.713972,36.812978],[-108.714308,36.812984],[-108.7143,36.813254],[-108.714188,36.813252],[-108.714186,36.813342],[-108.714298,36.813345],[-108.714279,36.813975],[-108.714391,36.813977],[-108.714394,36.813887],[-108.714506,36.813889],[-108.714511,36.813709],[-108.714399,36.813707],[-108.714402,36.813617],[-108.714514,36.813619],[-108.714516,36.813529],[-108.714404,36.813527],[-108.714415,36.813167],[-108.714639,36.813171],[-108.714636,36.813261],[-108.714749,36.813263],[-108.714754,36.813083],[-108.714642,36.813081],[-108.714645,36.812991],[-108.714532,36.812989],[-108.714538,36.812808],[-108.714426,36.812806],[-108.714428,36.812716],[-108.714316,36.812714],[-108.714319,36.812624],[-108.714207,36.812622],[-108.71421,36.812532],[-108.714098,36.81253],[-108.7141,36.812439],[-108.713988,36.812437],[-108.713991,36.812347],[-108.713879,36.812345],[-108.713882,36.812255],[-108.71377,36.812253],[-108.713772,36.812163],[-108.71366,36.812161],[-108.713663,36.812071],[-108.713551,36.812068],[-108.713553,36.811978],[-108.713441,36.811976],[-108.713444,36.811886],[-108.713332,36.811884],[-108.713335,36.811794],[-108.713223,36.811792],[-108.713225,36.811702],[-108.713113,36.811699],[-108.713116,36.811609],[-108.71278,36.811603],[-108.712774,36.811783],[-108.712999,36.811787],[-108.712993,36.811968],[-108.712769,36.811963],[-108.712766,36.812053],[-108.712654,36.812051],[-108.712657,36.811961],[-108.712545,36.811959],[-108.71255,36.811779],[-108.712662,36.811781],[-108.712668,36.811601],[-108.712556,36.811599],[-108.712553,36.811689],[-108.712441,36.811687],[-108.712438,36.811777],[-108.712214,36.811772],[-108.712212,36.811862],[-108.7121,36.81186],[-108.712097,36.81195],[-108.711649,36.811942],[-108.711651,36.811852],[-108.711539,36.811849],[-108.711537,36.81194],[-108.711088,36.811931],[-108.711091,36.811841],[-108.710979,36.811839],[-108.710984,36.811659],[-108.710872,36.811656],[-108.710875,36.811566],[-108.711211,36.811573],[-108.711214,36.811483],[-108.711102,36.811481],[-108.711104,36.81139],[-108.711217,36.811393],[-108.711219,36.811303],[-108.711107,36.8113],[-108.711123,36.81076],[-108.711235,36.810762],[-108.711238,36.810672],[-108.71135,36.810674],[-108.711355,36.810494],[-108.711131,36.81049],[-108.711137,36.81031],[-108.710913,36.810305],[-108.710915,36.810215],[-108.710691,36.810211],[-108.710688,36.810301],[-108.710352,36.810294],[-108.71035,36.810385],[-108.710238,36.810382],[-108.71023,36.810653],[-108.710342,36.810655],[-108.710336,36.810835],[-108.71,36.810828],[-108.710008,36.810558],[-108.709896,36.810556],[-108.709899,36.810466],[-108.710011,36.810468],[-108.710014,36.810378],[-108.709901,36.810376],[-108.70991,36.810106],[-108.709797,36.810103],[-108.709795,36.810194],[-108.709683,36.810191],[-108.70968,36.810281],[-108.709568,36.810279],[-108.709571,36.810189],[-108.709347,36.810185],[-108.709341,36.810365],[-108.709565,36.810369],[-108.709563,36.810459],[-108.709451,36.810457],[-108.709448,36.810547],[-108.70956,36.81055],[-108.709557,36.81064],[-108.709445,36.810637],[-108.70944,36.810818],[-108.709664,36.810822],[-108.709659,36.811002],[-108.709771,36.811004],[-108.709763,36.811274],[-108.709651,36.811272],[-108.709645,36.811452],[-108.709757,36.811455],[-108.709755,36.811545],[-108.709642,36.811543],[-108.70964,36.811633],[-108.709752,36.811635],[-108.709746,36.811815],[-108.709522,36.811811],[-108.70952,36.811901],[-108.708175,36.811875],[-108.708172,36.811965],[-108.707948,36.811961],[-108.707951,36.81187],[-108.707839,36.811868],[-108.707842,36.811778],[-108.707617,36.811774],[-108.707626,36.811504],[-108.707401,36.811499],[-108.707393,36.81177],[-108.705825,36.811739],[-108.705827,36.811649],[-108.705715,36.811647],[-108.705713,36.811737],[-108.705601,36.811735],[-108.705603,36.811645],[-108.705491,36.811643],[-108.705494,36.811553],[-108.705382,36.81155],[-108.705385,36.81146],[-108.705497,36.811463],[-108.705499,36.811372],[-108.705387,36.81137],[-108.70539,36.81128],[-108.705278,36.811278],[-108.705281,36.811188],[-108.705169,36.811186],[-108.705171,36.811096],[-108.704947,36.811091],[-108.70495,36.811001],[-108.704838,36.810999],[-108.704851,36.810549],[-108.704739,36.810547],[-108.704742,36.810457],[-108.70463,36.810454],[-108.704638,36.810184],[-108.70475,36.810186],[-108.704747,36.810276],[-108.704971,36.810281],[-108.704969,36.810371],[-108.705305,36.810377],[-108.705307,36.810287],[-108.70598,36.8103],[-108.705982,36.81021],[-108.70587,36.810208],[-108.705873,36.810118],[-108.705537,36.810111],[-108.70554,36.810021],[-108.705316,36.810017],[-108.705321,36.809837],[-108.705433,36.809839],[-108.705436,36.809749],[-108.705548,36.809751],[-108.705553,36.809571],[-108.704769,36.809556],[-108.704774,36.809376],[-108.704662,36.809374],[-108.704665,36.809283],[-108.704777,36.809286],[-108.704782,36.809105],[-108.704894,36.809108],[-108.704897,36.809018],[-108.704785,36.809015],[-108.70479,36.808835],[-108.704902,36.808837],[-108.704905,36.808747],[-108.705017,36.80875],[-108.705022,36.808569],[-108.705919,36.808587],[-108.705916,36.808677],[-108.706028,36.808679],[-108.706031,36.808589],[-108.706591,36.8086],[-108.706594,36.80851],[-108.706706,36.808512],[-108.7067,36.808692],[-108.706812,36.808694],[-108.70681,36.808784],[-108.706922,36.808786],[-108.706927,36.808606],[-108.707039,36.808608],[-108.707042,36.808518],[-108.707154,36.80852],[-108.707157,36.80843],[-108.706933,36.808426],[-108.706935,36.808336],[-108.706823,36.808334],[-108.706821,36.808424],[-108.706709,36.808422],[-108.706711,36.808332],[-108.706487,36.808327],[-108.706484,36.808417],[-108.706372,36.808415],[-108.706375,36.808325],[-108.706039,36.808319],[-108.706036,36.808409],[-108.705252,36.808394],[-108.705255,36.808303],[-108.705367,36.808306],[-108.705372,36.808125],[-108.705484,36.808128],[-108.705492,36.807857],[-108.705604,36.80786],[-108.705615,36.807499],[-108.705727,36.807501],[-108.70573,36.807411],[-108.704609,36.80739],[-108.704607,36.80748],[-108.704719,36.807482],[-108.704713,36.807662],[-108.704601,36.80766],[-108.704598,36.80775],[-108.704711,36.807752],[-108.704705,36.807932],[-108.704593,36.80793],[-108.704588,36.80811],[-108.704476,36.808108],[-108.704473,36.808198],[-108.704361,36.808196],[-108.704358,36.808286],[-108.70447,36.808288],[-108.704468,36.808378],[-108.704356,36.808376],[-108.704353,36.808466],[-108.704129,36.808462],[-108.704126,36.808552],[-108.70379,36.808546],[-108.703787,36.808636],[-108.703227,36.808625],[-108.703224,36.808715],[-108.703,36.808711],[-108.702998,36.808801],[-108.702773,36.808796],[-108.702776,36.808706],[-108.702664,36.808704],[-108.702667,36.808614],[-108.702555,36.808612],[-108.70256,36.808432],[-108.702448,36.80843],[-108.702432,36.80897],[-108.702096,36.808963],[-108.702093,36.809054],[-108.702429,36.80906],[-108.702424,36.80924],[-108.702872,36.809249],[-108.702877,36.809069],[-108.702765,36.809067],[-108.702763,36.809157],[-108.702651,36.809154],[-108.702656,36.808974],[-108.703104,36.808983],[-108.703096,36.809253],[-108.703208,36.809255],[-108.703203,36.809435],[-108.703763,36.809446],[-108.703752,36.809807],[-108.70364,36.809804],[-108.703635,36.809985],[-108.703859,36.809989],[-108.703854,36.810169],[-108.703742,36.810167],[-108.703739,36.810257],[-108.703851,36.810259],[-108.703843,36.810529],[-108.703955,36.810532],[-108.703941,36.810982],[-108.704053,36.810984],[-108.704051,36.811074],[-108.703715,36.811068],[-108.703712,36.811158],[-108.7036,36.811156],[-108.703597,36.811246],[-108.703709,36.811248],[-108.703707,36.811338],[-108.703931,36.811342],[-108.703928,36.811432],[-108.704152,36.811437],[-108.704149,36.811527],[-108.704261,36.811529],[-108.704253,36.811799],[-108.704365,36.811801],[-108.704355,36.812162],[-108.704467,36.812164],[-108.704464,36.812254],[-108.703792,36.812241],[-108.703789,36.812331],[-108.703677,36.812329],[-108.70368,36.812239],[-108.703456,36.812234],[-108.703453,36.812324],[-108.703229,36.81232],[-108.703226,36.81241],[-108.702218,36.812391],[-108.702215,36.812481],[-108.701991,36.812476],[-108.701988,36.812566],[-108.701652,36.81256],[-108.701649,36.81265],[-108.701201,36.812641],[-108.701198,36.812731],[-108.700974,36.812727],[-108.700972,36.812817],[-108.701084,36.812819],[-108.701073,36.81318],[-108.701297,36.813184],[-108.701294,36.813274],[-108.701406,36.813276],[-108.701414,36.813006],[-108.701302,36.813004],[-108.701305,36.812914],[-108.701417,36.812916],[-108.701422,36.812736],[-108.701759,36.812742],[-108.701761,36.812652],[-108.702209,36.812661],[-108.702212,36.812571],[-108.702772,36.812582],[-108.702775,36.812492],[-108.702887,36.812494],[-108.702884,36.812584],[-108.702997,36.812586],[-108.702999,36.812496],[-108.703223,36.8125],[-108.703221,36.81259],[-108.703445,36.812595],[-108.703447,36.812505],[-108.703672,36.812509],[-108.703674,36.812419],[-108.70401,36.812425],[-108.704013,36.812335],[-108.704349,36.812342],[-108.704347,36.812432],[-108.704683,36.812438],[-108.70468,36.812528],[-108.704792,36.81253],[-108.704789,36.812621],[-108.705125,36.812627],[-108.705123,36.812717],[-108.705235,36.812719],[-108.705232,36.812809],[-108.705344,36.812812],[-108.705342,36.812902],[-108.705454,36.812904],[-108.705446,36.813174],[-108.705558,36.813176],[-108.705549,36.813446],[-108.705662,36.813449],[-108.705659,36.813539],[-108.705771,36.813541],[-108.705763,36.813811],[-108.705875,36.813813],[-108.70587,36.813993],[-108.705982,36.813995],[-108.705976,36.814176],[-108.706088,36.814178],[-108.706083,36.814358],[-108.706195,36.81436],[-108.70619,36.81454],[-108.706302,36.814542],[-108.706299,36.814632],[-108.706411,36.814635],[-108.706408,36.814725],[-108.70652,36.814727],[-108.706518,36.814817],[-108.70663,36.814819],[-108.706627,36.814909],[-108.706739,36.814911],[-108.706736,36.815001],[-108.706848,36.815004],[-108.706846,36.815094],[-108.706958,36.815096],[-108.706963,36.814916],[-108.706851,36.814914],[-108.706854,36.814823],[-108.706742,36.814821],[-108.706747,36.814641],[-108.706635,36.814639],[-108.706638,36.814549],[-108.70675,36.814551],[-108.706753,36.814461],[-108.70664,36.814459],[-108.706643,36.814369],[-108.706979,36.814375],[-108.706982,36.814285],[-108.707318,36.814292],[-108.707321,36.814202],[-108.707097,36.814197],[-108.707099,36.814107],[-108.706987,36.814105],[-108.706985,36.814195],[-108.706649,36.814189],[-108.706646,36.814279],[-108.706534,36.814277],[-108.706536,36.814186],[-108.706312,36.814182],[-108.706323,36.813822],[-108.706211,36.81382],[-108.706216,36.813639],[-108.706328,36.813642],[-108.706331,36.813552],[-108.706219,36.813549],[-108.706222,36.813459],[-108.70611,36.813457],[-108.706115,36.813277],[-108.706003,36.813275],[-108.706006,36.813185],[-108.705894,36.813183],[-108.705896,36.813093],[-108.705784,36.81309],[-108.705792,36.81282],[-108.70568,36.812818],[-108.705683,36.812728],[-108.705571,36.812726],[-108.705574,36.812636],[-108.705462,36.812634],[-108.705464,36.812543],[-108.705352,36.812541],[-108.705355,36.812451],[-108.705131,36.812447],[-108.705134,36.812357],[-108.704797,36.81235],[-108.7048,36.81226],[-108.704576,36.812256],[-108.704581,36.812076],[-108.704469,36.812074],[-108.704477,36.811803],[-108.704589,36.811806],[-108.704592,36.811715],[-108.70448,36.811713],[-108.704483,36.811623],[-108.704595,36.811625],[-108.704598,36.811535],[-108.704485,36.811533],[-108.704499,36.811083],[-108.704611,36.811085],[-108.704608,36.811175],[-108.70472,36.811177],[-108.704718,36.811267],[-108.70483,36.811269],[-108.704827,36.81136],[-108.704939,36.811362],[-108.704936,36.811452],[-108.705048,36.811454],[-108.705043,36.811634],[-108.705267,36.811638],[-108.705264,36.811728],[-108.705376,36.811731],[-108.705374,36.811821],[-108.705486,36.811823],[-108.705483,36.811913],[-108.705595,36.811915],[-108.705593,36.812005],[-108.705705,36.812007],[-108.705699,36.812187],[-108.705587,36.812185],[-108.705584,36.812275],[-108.705697,36.812278],[-108.705691,36.812458],[-108.705915,36.812462],[-108.705913,36.812552],[-108.706025,36.812554],[-108.706022,36.812644],[-108.706134,36.812647],[-108.706131,36.812737],[-108.706243,36.812739],[-108.706241,36.812829],[-108.706353,36.812831],[-108.706347,36.813011],[-108.706459,36.813013],[-108.706457,36.813103],[-108.706569,36.813106],[-108.706566,36.813196],[-108.706678,36.813198],[-108.706675,36.813288],[-108.7069,36.813292],[-108.706897,36.813382],[-108.706785,36.81338],[-108.706779,36.81356],[-108.707003,36.813565],[-108.707001,36.813655],[-108.706889,36.813652],[-108.706886,36.813743],[-108.70711,36.813747],[-108.707105,36.813927],[-108.707329,36.813931],[-108.707332,36.813841],[-108.70722,36.813839],[-108.707228,36.813569],[-108.707116,36.813567],[-108.707124,36.813296],[-108.707012,36.813294],[-108.70702,36.813024],[-108.706796,36.81302],[-108.706801,36.81284],[-108.706689,36.812837],[-108.706692,36.812747],[-108.706579,36.812745],[-108.706582,36.812655],[-108.70647,36.812653],[-108.706473,36.812563],[-108.706249,36.812559],[-108.706251,36.812469],[-108.706139,36.812466],[-108.706142,36.812376],[-108.70603,36.812374],[-108.706033,36.812284],[-108.705921,36.812282],[-108.705923,36.812192],[-108.705811,36.81219],[-108.705814,36.8121],[-108.706822,36.812119],[-108.70682,36.812209],[-108.707044,36.812213],[-108.707046,36.812123],[-108.707607,36.812134],[-108.707601,36.812314],[-108.707489,36.812312],[-108.707476,36.812763],[-108.707364,36.81276],[-108.707353,36.813121],[-108.707465,36.813123],[-108.707462,36.813213],[-108.70735,36.813211],[-108.707348,36.813301],[-108.70746,36.813303],[-108.707441,36.813934],[-108.707553,36.813936],[-108.707545,36.814206],[-108.707657,36.814208],[-108.707654,36.814298],[-108.707542,36.814296],[-108.70754,36.814386],[-108.707652,36.814388],[-108.707649,36.814478],[-108.707761,36.81448],[-108.70775,36.814841],[-108.707638,36.814839],[-108.707636,36.814929],[-108.707748,36.814931],[-108.707745,36.815021],[-108.707857,36.815023],[-108.707852,36.815203],[-108.707964,36.815205]],[[-108.708225,36.813949],[-108.708113,36.813946],[-108.708116,36.813856],[-108.70778,36.81385],[-108.707785,36.81367],[-108.707897,36.813672],[-108.707903,36.813492],[-108.707791,36.81349],[-108.707793,36.8134],[-108.707905,36.813402],[-108.707927,36.812681],[-108.707815,36.812679],[-108.707828,36.812229],[-108.70794,36.812231],[-108.707938,36.812321],[-108.70805,36.812323],[-108.708052,36.812233],[-108.708276,36.812237],[-108.708274,36.812327],[-108.708386,36.812329],[-108.708388,36.812239],[-108.709621,36.812263],[-108.709624,36.812173],[-108.709736,36.812175],[-108.709717,36.812806],[-108.709605,36.812804],[-108.709602,36.812894],[-108.709714,36.812896],[-108.709687,36.813797],[-108.709463,36.813792],[-108.709461,36.813882],[-108.708228,36.813859],[-108.708225,36.813949]],[[-108.712051,36.813482],[-108.711939,36.813479],[-108.711942,36.813389],[-108.712054,36.813392],[-108.712051,36.813482]],[[-108.710875,36.811566],[-108.710763,36.811564],[-108.710766,36.811474],[-108.710878,36.811476],[-108.710875,36.811566]],[[-108.704499,36.811083],[-108.704387,36.811081],[-108.704392,36.8109],[-108.70428,36.810898],[-108.704288,36.810628],[-108.704176,36.810626],[-108.704187,36.810266],[-108.704411,36.81027],[-108.7044,36.81063],[-108.704512,36.810632],[-108.70451,36.810722],[-108.704398,36.81072],[-108.704395,36.81081],[-108.704507,36.810813],[-108.704499,36.811083]],[[-108.704187,36.810266],[-108.704075,36.810263],[-108.704083,36.809993],[-108.704195,36.809995],[-108.704187,36.810266]],[[-108.704198,36.809905],[-108.704086,36.809903],[-108.704088,36.809813],[-108.703976,36.809811],[-108.70399,36.809361],[-108.704102,36.809363],[-108.70411,36.809092],[-108.704334,36.809097],[-108.704329,36.809277],[-108.704217,36.809275],[-108.704198,36.809905]],[[-108.704446,36.809099],[-108.704334,36.809097],[-108.704342,36.808827],[-108.704454,36.808829],[-108.704446,36.809099]]]},"properties":{"src":"truth"}},{"type":"Feature","geometry":{"type":"Polygon","coordinates":[[[-108.704495,36.807478],[-108.704497,36.807388],[-108.704273,36.807383],[-108.70427,36.807473],[-108.704495,36.807478]]]},"properties":{"src":"truth"}}]}